Step,Time_fs,Kinetic_au,Temperature_K,Potential_au,Conserved_au
0,0.0,1.163595629,298.0,-3450.089844869,-3448.92624924
1,0.5,1.18780579,304.200288,-3450.121699884,-3448.927625254
2,1.0,1.250546834,320.268439808,-3450.18625939,-3448.930963307
3,1.5,1.312110827,336.03514563,-3450.243657593,-3448.931726143
4,2.0,1.349424108,345.59117804,-3450.280392541,-3448.930423417
5,2.5,1.386052164,354.971722793,-3450.31351957,-3448.928657426
6,3.0,1.438850146,368.493429235,-3450.366901813,-3448.928693389
7,3.5,1.509523011,386.592941833,-3450.440743039,-3448.929922235
8,4.0,1.580032323,404.650568104,-3450.518322356,-3448.930588298
9,4.5,1.641391644,420.364856939,-3450.589374099,-3448.930829892
10,5.0,1.700295401,435.450268943,-3450.652805803,-3448.931616616
11,5.5,1.739070885,445.38077569,-3450.700786836,-3448.934764499
12,6.0,1.746673822,447.327908351,-3450.706158622,-3448.932776208
13,6.5,1.785121524,457.174469231,-3450.743560892,-3448.924864499
14,7.0,1.902841068,487.322764325,-3450.877682733,-3448.940659193
15,7.5,1.923226438,492.543512938,-3450.906115015,-3448.942975476
16,8.0,1.849006019,473.535461987,-3450.81654768,-3448.92568441
17,8.5,1.893280979,484.87439935,-3450.87665852,-3448.935295746
18,9.0,2.025527104,518.742991255,-3451.024133364,-3448.942119866
19,9.5,2.080811186,532.901394642,-3451.105796219,-3448.942736925
20,10.0,2.064516065,528.728170049,-3451.099120606,-3448.941954121
21,10.5,1.971426981,504.887802698,-3451.020276325,-3448.942474063
22,11.0,1.883044772,482.252878926,-3450.922417086,-3448.923399599
23,11.5,1.935326222,495.642300381,-3451.009390943,-3448.94759749
24,12.0,1.954250049,500.488743708,-3451.035955904,-3448.944032448
25,12.5,1.884788341,482.699411779,-3450.96811226,-3448.93856178
26,13.0,1.792854006,459.154778924,-3450.878668076,-3448.935455205
27,13.5,1.716655393,439.640107397,-3450.815048371,-3448.933616461
28,14.0,1.694168908,433.881257385,-3450.803449725,-3448.933536065
29,14.5,1.728109687,442.573583115,-3450.843594358,-3448.935090095
30,15.0,1.783865518,456.852802815,-3450.911013183,-3448.936784597
31,15.5,1.852650861,474.468915799,-3450.978187887,-3448.937581842
32,16.0,1.900523701,486.729280272,-3451.030344722,-3448.93755955
33,16.5,1.925283663,493.070373777,-3451.066453481,-3448.937118045
34,17.0,1.941916331,497.330045266,-3451.092701963,-3448.936916854
35,17.5,1.946184212,498.423061119,-3451.113203003,-3448.938012169
36,18.0,1.928407778,493.870468148,-3451.117701955,-3448.942285632
37,18.5,1.878773547,481.159006598,-3451.070118827,-3448.943486011
38,19.0,1.815643718,464.991286077,-3451.003737428,-3448.931968416
39,19.5,1.83857447,470.86391389,-3451.04362929,-3448.942932647
40,20.0,1.894318015,485.139987081,-3451.087483003,-3448.937866945
41,20.5,1.952708267,500.093889166,-3451.159749331,-3448.939026422
42,21.0,2.028942588,519.617705797,-3451.242068723,-3448.946420227
43,21.5,2.030430778,519.998835447,-3451.242613945,-3448.943578669
44,22.0,2.033342593,520.744559102,-3451.234453165,-3448.935785308
45,22.5,2.052447521,525.637383045,-3451.281740744,-3448.947109406
46,23.0,2.014728092,515.977334724,-3451.24442667,-3448.937954131
47,23.5,1.976123694,506.090643641,-3451.207645857,-3448.937049064
48,24.0,1.941750058,497.28746222,-3451.185941008,-3448.940844276
49,24.5,1.88229435,482.060693883,-3451.128667932,-3448.939516579
50,25.0,1.800749115,461.17673795,-3451.04994887,-3448.935700264
51,25.5,1.748642299,447.832040679,-3450.999622042,-3448.93523689
52,26.0,1.72867657,442.71876346,-3450.986360776,-3448.93703973
53,26.5,1.722937053,441.248857592,-3450.987441179,-3448.93723707
54,27.0,1.7290859,442.823593918,-3450.994619692,-3448.937410817
55,27.5,1.731199563,443.364908783,-3451.003507395,-3448.937582223
56,28.0,1.73154574,443.453565558,-3451.010664807,-3448.937481738
57,28.5,1.729717856,442.985439619,-3451.017165433,-3448.937243967
58,29.0,1.735030069,444.345911759,-3451.024882765,-3448.937667016
59,29.5,1.72696733,442.281022329,-3451.031418553,-3448.93847947
60,30.0,1.721273885,440.822915537,-3451.033536027,-3448.937834468
61,30.5,1.730831924,443.270755494,-3451.047412125,-3448.935414849
62,31.0,1.778825044,455.561923717,-3451.106027564,-3448.937212284
63,31.5,1.85852155,475.972415202,-3451.188147806,-3448.941159716
64,32.0,1.916091062,490.716123768,-3451.241373863,-3448.940452009
65,32.5,1.964424911,503.094553555,-3451.284573916,-3448.933090953
66,33.0,2.064584407,528.745672478,-3451.392447381,-3448.939011047
67,33.5,2.174694059,556.945053272,-3451.503348655,-3448.941043177
68,34.0,2.241867118,574.148256264,-3451.572976927,-3448.94108432
69,34.5,2.250095269,576.255508032,-3451.593674106,-3448.944953115
70,35.0,2.163045797,553.961901783,-3451.528509178,-3448.960217784
71,35.5,1.978969056,506.819348637,-3451.341487615,-3448.945128927
72,36.0,1.90680274,488.337359161,-3451.273368761,-3448.938605895
73,36.5,2.013558487,515.67779572,-3451.410775011,-3448.960712582
74,37.0,2.109722417,540.305639371,-3451.502418955,-3448.955123382
75,37.5,2.139002075,547.804239328,-3451.533115736,-3448.953788704
76,38.0,2.111722268,540.817806725,-3451.516110255,-3448.952281868
77,38.5,2.054558207,526.177935485,-3451.462780158,-3448.948859633
78,39.0,1.995454236,511.041248099,-3451.415085163,-3448.946827083
79,39.5,1.971272394,504.848212696,-3451.399193392,-3448.947740281
80,40.0,1.963051406,502.742795177,-3451.40433982,-3448.951402868
81,40.5,1.939886509,496.810202296,-3451.395372604,-3448.952572709
82,41.0,1.895430103,485.424795968,-3451.359377177,-3448.950803556
83,41.5,1.864936162,477.615214924,-3451.330497901,-3448.947992125
84,42.0,1.883803644,482.447228289,-3451.36254848,-3448.949942887
85,42.5,1.94908055,499.164821035,-3451.434110769,-3448.953236341
86,43.0,1.997865777,511.658850177,-3451.491488671,-3448.95384826
87,43.5,2.017525135,516.693665045,-3451.522131114,-3448.953768005
88,44.0,2.013946897,515.77726881,-3451.528107539,-3448.954403244
89,44.5,1.992222183,510.213510505,-3451.512314101,-3448.950823055
90,45.0,2.001267323,512.529995443,-3451.523786917,-3448.951581997
91,45.5,2.02076134,517.522466078,-3451.552717749,-3448.956658444
92,46.0,2.022085501,517.861587362,-3451.55234446,-3448.951492927
93,46.5,2.024240662,518.413529939,-3451.570240539,-3448.954164401
94,47.0,2.014639575,515.954665334,-3451.583186469,-3448.952953855
95,47.5,2.01639214,516.403501976,-3451.595339323,-3448.951435821
96,48.0,2.036808078,521.632079102,-3451.623214673,-3448.952537
97,48.5,2.055966106,526.538502231,-3451.652251876,-3448.953797442
98,49.0,2.055307463,526.369822059,-3451.663597232,-3448.954627679
99,49.5,2.039595896,522.346047086,-3451.649672056,-3448.953463963
100,50.0,2.019957368,517.316566581,-3451.635953476,-3448.949107367
101,50.5,2.062875879,528.308113936,-3451.682383514,-3448.949886625
102,51.0,2.146508107,549.726554509,-3451.779340826,-3448.955224179
103,51.5,2.212195442,566.549259249,-3451.854814115,-3448.957400659
104,52.0,2.226772066,570.282372361,-3451.879537059,-3448.955650418
105,52.5,2.230158844,571.149735449,-3451.884156461,-3448.952588522
106,53.0,2.247412473,575.568436725,-3451.909975795,-3448.957660794
107,53.5,2.223172384,569.360483908,-3451.898821693,-3448.965291306
108,54.0,2.115691892,541.834438196,-3451.788802436,-3448.955299689
109,54.5,2.093561121,536.166687667,-3451.771818041,-3448.945436991
110,55.0,2.191352155,561.211237005,-3451.907856735,-3448.972295951
111,55.5,2.143811008,549.035820157,-3451.862215213,-3448.958912977
112,56.0,2.053682258,525.953602625,-3451.769913868,-3448.947632047
113,56.5,2.044939058,523.714445227,-3451.77723708,-3448.953489412
114,57.0,2.060507195,527.701487415,-3451.809040808,-3448.956781951
115,57.5,2.050284153,525.083338512,-3451.803251595,-3448.953324298
116,58.0,2.034744562,521.103607292,-3451.792530493,-3448.950140146
117,58.5,2.041343011,522.793487905,-3451.807739432,-3448.95268312
118,59.0,2.050766781,525.206940884,-3451.819642224,-3448.953692139
119,59.5,2.036213744,521.479868555,-3451.813722648,-3448.953486228
120,60.0,2.006481951,513.865475758,-3451.795471639,-3448.952850208
121,60.5,1.985919083,508.59926949,-3451.777198136,-3448.951911893
122,61.0,1.970859741,504.742530929,-3451.772830435,-3448.952349507
123,61.5,1.973526349,505.425456676,-3451.778049292,-3448.955047383
124,62.0,1.954749583,500.616675792,-3451.767730255,-3448.955646121
125,62.5,1.928815003,493.974759426,-3451.740863224,-3448.95607214
126,63.0,1.893218564,484.858414851,-3451.70613851,-3448.953268001
127,63.5,1.88194866,481.972161838,-3451.701731176,-3448.952371083
128,64.0,1.918143204,491.241682663,-3451.73947267,-3448.954233358
129,64.5,1.95291197,500.146058179,-3451.783692849,-3448.955203425
130,65.0,1.969465355,504.385424997,-3451.806417321,-3448.954675757
131,65.5,1.949026941,499.151091637,-3451.806224232,-3448.953855884
132,66.0,1.924434213,492.852827338,-3451.791345937,-3448.953154932
133,66.5,1.899835864,486.553123203,-3451.768510299,-3448.952589503
134,67.0,1.86011213,476.379767142,-3451.743270134,-3448.952253936
135,67.5,1.835000163,469.94852429,-3451.721711147,-3448.952042086
136,68.0,1.815863876,465.047669052,-3451.708747037,-3448.951990152
137,68.5,1.809086609,463.311992623,-3451.710368003,-3448.950126455
138,69.0,1.830914077,468.90206648,-3451.746734095,-3448.950837592
139,69.5,1.876546853,480.588744378,-3451.808659014,-3448.95433657
140,70.0,1.909410426,489.005194556,-3451.854593477,-3448.956630001
141,70.5,1.901368459,486.9456251,-3451.852220015,-3448.95878486
142,71.0,1.860401223,476.453804673,-3451.794435233,-3448.949907429
143,71.5,1.899894121,486.568043083,-3451.837180947,-3448.94633598
144,72.0,2.034063659,520.929226154,-3452.001269525,-3448.959994103
145,72.5,2.132008504,546.013166889,-3452.094301107,-3448.955822942
146,73.0,2.168999981,555.486784563,-3452.136467511,-3448.954517327
147,73.5,2.176792603,557.482496147,-3452.143677574,-3448.957123129
148,74.0,2.108132385,539.898427895,-3452.09040192,-3448.958124319
149,74.5,2.000010612,512.208148332,-3451.979697894,-3448.951292414
150,75.0,1.944433929,497.974808933,-3451.927748976,-3448.944594628
151,75.5,2.023025048,518.102207785,-3452.021621516,-3448.954306107
152,76.0,2.115613595,541.814386041,-3452.13786899,-3448.963018589
153,76.5,2.118966421,542.673053901,-3452.150900426,-3448.960520952
154,77.0,2.092507373,535.896819899,-3452.117211965,-3448.946883806
155,77.5,2.147137205,549.887668091,-3452.192544121,-3448.959148198
156,78.0,2.210781129,566.187050029,-3452.260423001,-3448.962012151
157,78.5,2.185098964,559.60977773,-3452.250388726,-3448.960766029
158,79.0,2.096182097,536.837926742,-3452.172383111,-3448.960041297
159,79.5,1.974064642,505.563314881,-3452.054455335,-3448.954061192
160,80.0,1.900621582,486.754347913,-3451.991541809,-3448.951201778
161,80.5,1.896510626,485.701520824,-3452.010628367,-3448.96360906
162,81.0,1.857934805,475.822148407,-3451.976655719,-3448.959823944
163,81.5,1.840276138,471.299715842,-3451.942167439,-3448.951479234
164,82.0,1.886237703,483.070597467,-3451.993640865,-3448.959954465
165,82.5,1.916879999,490.918172482,-3452.023832992,-3448.957942825
166,83.0,1.917769917,491.146082924,-3452.028719027,-3448.955012446
167,83.5,1.920912615,491.950936497,-3452.041867579,-3448.954771568
168,84.0,1.936297223,495.890976225,-3452.065597479,-3448.957817916
169,84.5,1.913591733,490.076038697,-3452.058945122,-3448.964122302
170,85.0,1.821290534,466.437450949,-3451.964800709,-3448.956680499
171,85.5,1.786232641,457.459029507,-3451.929205906,-3448.954096661
172,86.0,1.845741576,472.699429301,-3451.997749357,-3448.960378282
173,86.5,1.895850603,485.532487178,-3452.058784462,-3448.961144913
174,87.0,1.914535518,490.317744603,-3452.083729145,-3448.962705084
175,87.5,1.889136312,483.812938892,-3452.061638523,-3448.95566146
176,88.0,1.883756342,482.435114018,-3452.063902365,-3448.958015856
177,88.5,1.893446113,484.916690606,-3452.074484686,-3448.956581428
178,89.0,1.910819135,489.365968711,-3452.090541724,-3448.958206053
179,89.5,1.895540543,485.453079959,-3452.086978401,-3448.957782637
180,90.0,1.865276568,477.702393721,-3452.061127153,-3448.95717924
181,90.5,1.824137414,467.166544798,-3452.023860526,-3448.960823921
182,91.0,1.751974983,448.685550278,-3451.96523902,-3448.961166904
183,91.5,1.686235898,431.849592121,-3451.895856522,-3448.95791419
184,92.0,1.65757229,424.508764266,-3451.867921283,-3448.956563219
185,92.5,1.69964942,435.28483136,-3451.90139041,-3448.959726395
186,93.0,1.760359723,450.832904969,-3451.955088989,-3448.959567542
187,93.5,1.811395639,463.9033416,-3452.018176559,-3448.958713309
188,94.0,1.890244895,484.096850033,-3452.095140326,-3448.959100665
189,94.5,1.968866903,504.232159852,-3452.176246361,-3448.960320975
190,95.0,2.021021,517.588965641,-3452.241601978,-3448.961478866
191,95.5,2.054602909,526.189383767,-3452.2768736,-3448.961816949
192,96.0,2.043563256,523.36209868,-3452.283633379,-3448.962635848
193,96.5,2.019067997,517.088796293,-3452.261002229,-3448.964557058
194,97.0,1.973955264,505.535302858,-3452.214117066,-3448.961816107
195,97.5,1.943002633,497.608250074,-3452.190825175,-3448.958516221
196,98.0,2.018201327,516.866839844,-3452.278739841,-3448.961033202
197,98.5,2.135667616,546.950275428,-3452.416995403,-3448.971715668
198,99.0,2.1368561,547.254649416,-3452.42023776,-3448.969081237
199,99.5,2.021836248,517.797753028,-3452.307284163,-3448.962826021
200,100.0,1.90363666,487.526517502,-3452.19525775,-3448.952078079
201,100.5,1.899796328,486.542997935,-3452.20801317,-3448.962890286
202,101.0,1.902364216,487.200641113,-3452.220654399,-3448.964461496
203,101.5,1.847901059,473.252478606,-3452.17985081,-3448.960762054
204,102.0,1.792768482,459.13287593,-3452.125755829,-3448.957943313
205,102.5,1.759989048,450.737974112,-3452.094524037,-3448.957033008
206,103.0,1.752521132,448.825420336,-3452.098351302,-3448.957497901
207,103.5,1.786173922,457.443991381,-3452.130225786,-3448.958669239
208,104.0,1.820388277,466.206380439,-3452.172866995,-3448.960143805
209,104.5,1.829320409,468.493923737,-3452.205186142,-3448.961763036
210,105.0,1.817984434,465.590749882,-3452.209161458,-3448.962098762
211,105.5,1.785830351,457.356001785,-3452.18950457,-3448.96151784
212,106.0,1.757989258,450.225822359,-3452.165416645,-3448.960264104
213,106.5,1.759410985,450.589930398,-3452.18007255,-3448.956150923
214,107.0,1.837201146,470.512201852,-3452.276659651,-3448.961970027
215,107.5,1.936939177,496.0553824,-3452.387971474,-3448.961993819
216,108.0,2.026389516,518.963857114,-3452.493481515,-3448.963611009
217,108.5,2.084686392,533.893845546,-3452.563728821,-3448.968294877
218,109.0,2.047989936,524.495783374,-3452.533150608,-3448.974106808
219,109.5,1.881504079,481.858303427,-3452.35763409,-3448.961903616
220,110.0,1.799897308,460.95858763,-3452.268068864,-3448.949194501
221,110.5,1.921295388,492.048965694,-3452.404889218,-3448.967371729
222,111.0,2.028622076,519.535621965,-3452.518178675,-3448.966683361
223,111.5,2.064155765,528.635896053,-3452.559837538,-3448.964351314
224,112.0,2.042300727,523.038761528,-3452.543184442,-3448.961194045
225,112.5,2.001524268,512.595799781,-3452.503192455,-3448.960304453
226,113.0,1.950390608,499.500330464,-3452.460810061,-3448.959978413
227,113.5,1.906053727,488.145534801,-3452.423751723,-3448.958688716
228,114.0,1.890289942,484.108386809,-3452.407952046,-3448.958469499
229,114.5,1.890898703,484.264292065,-3452.41921775,-3448.964413934
230,115.0,1.858543649,475.978074878,-3452.393242304,-3448.966385624
231,115.5,1.800048805,460.997386418,-3452.333647176,-3448.956460597
232,116.0,1.83063676,468.831044858,-3452.371760841,-3448.960502024
233,116.5,1.903700654,487.542906385,-3452.45946989,-3448.96802756
234,117.0,1.925802825,493.203332507,-3452.484091462,-3448.964495986
235,117.5,1.901808994,487.058447246,-3452.467648502,-3448.961652685
236,118.0,1.866125269,477.919748448,-3452.449397593,-3448.960213351
237,118.5,1.854362689,474.907319677,-3452.448473569,-3448.959052168
238,119.0,1.874082207,479.957541717,-3452.477499302,-3448.959910602
239,119.5,1.917426393,491.058105572,-3452.524298879,-3448.961713847
240,120.0,1.944926962,498.101076008,-3452.563049051,-3448.963898357
241,120.5,1.930382055,494.376085686,-3452.563693613,-3448.967229234
242,121.0,1.851939058,474.286621127,-3452.494758656,-3448.96547373
243,121.5,1.792460754,459.054066204,-3452.429587709,-3448.954428345
244,122.0,1.80783364,462.991103869,-3452.473507866,-3448.968798867
245,122.5,1.79595156,459.948070958,-3452.472052345,-3448.963144349
246,123.0,1.785631137,457.304982606,-3452.466958396,-3448.958921003
247,123.5,1.823738376,467.06435001,-3452.514259899,-3448.961116929
248,124.0,1.885461544,482.871821015,-3452.586103863,-3448.964925427
249,124.5,1.917959934,491.194746964,-3452.626684605,-3448.966021819
250,125.0,1.910699009,489.335204236,-3452.626932956,-3448.960402629
251,125.5,1.928885011,493.992688834,-3452.659061354,-3448.961864333
252,126.0,1.975799583,506.007637962,-3452.707652565,-3448.965469511
253,126.5,1.969880066,504.491633696,-3452.716460742,-3448.963956439
254,127.0,1.948904993,499.119860582,-3452.705467584,-3448.960541884
255,127.5,1.95583806,500.895437654,-3452.723745094,-3448.960227733
256,128.0,2.0009761,512.455412454,-3452.774584045,-3448.96577681
257,128.5,1.992392357,510.257092572,-3452.78310927,-3448.972808215
258,129.0,1.868952526,478.643816673,-3452.671423994,-3448.969808533
259,129.5,1.743648812,446.553195194,-3452.53729242,-3448.951681314
260,130.0,1.777818634,455.304179486,-3452.595843898,-3448.968270518
261,130.5,1.842310167,471.820636093,-3452.671140888,-3448.975850237
262,131.0,1.836789626,470.406810507,-3452.668430954,-3448.968208917
263,131.5,1.827313308,467.979899673,-3452.66813739,-3448.971159033
264,132.0,1.803528463,461.888536346,-3452.646723741,-3448.968954335
265,132.5,1.816691519,465.259630701,-3452.663528826,-3448.963965795
266,133.0,1.881111059,481.7576499,-3452.749165277,-3448.976276347
267,133.5,1.853278758,474.629722134,-3452.736063261,-3448.974042146
268,134.0,1.758146977,450.26621451,-3452.645315478,-3448.966084758
269,134.5,1.693786125,433.783225786,-3452.587262339,-3448.966413978
270,135.0,1.677785839,429.685508991,-3452.571454645,-3448.97028746
271,135.5,1.639782567,419.952767801,-3452.542594261,-3448.970809173
272,136.0,1.586844877,406.395281678,-3452.49153242,-3448.966926495
273,136.5,1.553926598,397.964820998,-3452.465963433,-3448.965620489
274,137.0,1.569230071,401.884081998,-3452.484553087,-3448.968252989
275,137.5,1.595473257,408.605033302,-3452.517740742,-3448.968769577
276,138.0,1.626238247,416.484030608,-3452.553949324,-3448.968601225
277,138.5,1.654841888,423.809500728,-3452.589434327,-3448.969664722
278,139.0,1.673212842,428.514352145,-3452.613198924,-3448.967949338
279,139.5,1.702140373,435.92277131,-3452.648053714,-3448.966598072
280,140.0,1.758732501,450.41616882,-3452.708584059,-3448.968634111
281,140.5,1.817276717,465.409501599,-3452.766458217,-3448.969153426
282,141.0,1.856439677,475.439241861,-3452.808385185,-3448.969043822
283,141.5,1.884302383,482.574956602,-3452.834273785,-3448.97028487
284,142.0,1.865650784,477.798231395,-3452.828702535,-3448.974429964
285,142.5,1.784868494,457.109667754,-3452.753923721,-3448.972246871
286,143.0,1.746309722,447.234661409,-3452.698578822,-3448.961705086
287,143.5,1.799223363,460.785988698,-3452.769886889,-3448.977199927
288,144.0,1.842837174,471.95560411,-3452.812796355,-3448.966693246
289,144.5,1.915471387,490.557423178,-3452.905819785,-3448.971511504
290,145.0,1.993403626,510.516081258,-3452.992921958,-3448.974164737
291,145.5,2.012632701,515.440699444,-3453.016022727,-3448.971098038
292,146.0,1.989074845,509.407468688,-3453.006686279,-3448.969154173
293,146.5,1.960941154,502.202353864,-3452.98840309,-3448.973269509
294,147.0,1.862435352,476.974750704,-3452.915297297,-3448.975891534
295,147.5,1.745643476,447.064034071,-3452.779698582,-3448.965144253
296,148.0,1.697245313,434.669133208,-3452.732506217,-3448.963381724
297,148.5,1.745309032,446.978381967,-3452.799526915,-3448.972899795
298,149.0,1.78923782,458.228663919,-3452.849809033,-3448.972343056
299,149.5,1.791502544,458.80866583,-3452.863747167,-3448.96996715
300,150.0,1.797224249,460.274010155,-3392.540850818,-3388.629051816
301,150.5,1.847536101,473.159011935,-3452.869860325,-3448.907730492
302,151.0,1.833695111,469.614296859,-3452.86680596,-3448.909398184
303,151.5,1.803798664,461.957735741,-3452.841430133,-3448.907639267
304,152.0,1.782335376,456.460929295,-3452.823172517,-3448.905545648
305,152.5,1.773642146,454.234569412,-3452.830778369,-3448.91216312
306,153.0,1.730949075,443.300758044,-3452.793758803,-3448.908420306
307,153.5,1.727945766,442.531602429,-3452.783805773,-3448.901777595
308,154.0,1.786900048,457.629954251,-3452.862582659,-3448.911533403
309,154.5,1.816112308,465.111293311,-3452.902328765,-3448.90949975
310,155.0,1.80938381,463.388106752,-3452.906170218,-3448.90805579
311,155.5,1.793809097,459.399380301,-3452.896721925,-3448.907529013
312,156.0,1.777759494,455.289033568,-3452.888450279,-3448.907660368
313,156.5,1.762388036,451.352361334,-3452.880673163,-3448.911765006
314,157.0,1.699179392,435.164456023,-3452.833247053,-3448.911361928
315,157.5,1.641284203,420.337340925,-3452.76979758,-3448.903910266
316,158.0,1.665608138,426.566766695,-3452.796832951,-3448.90382008
317,158.5,1.780152318,455.901842105,-3452.912603276,-3448.911160029
318,159.0,1.86693623,478.127437776,-3453.008503953,-3448.912801315
319,159.5,1.885415955,482.860145556,-3453.039678205,-3448.913218245
320,160.0,1.84835846,473.369620302,-3452.996502674,-3448.913497402
321,160.5,1.733311111,443.905681993,-3452.895042089,-3448.906180589
322,161.0,1.69970979,435.300292249,-3452.855999129,-3448.900610002
323,161.5,1.772381299,453.911663214,-3452.945911373,-3448.91104829
324,162.0,1.842079062,471.761449516,-3453.029828583,-3448.913639686
325,162.5,1.855851878,475.288705178,-3453.046830733,-3448.912486922
326,163.0,1.806054362,462.535426065,-3453.003226418,-3448.913588679
327,163.5,1.71329327,438.779058455,-3452.912397648,-3448.9044773
328,164.0,1.690081576,432.834480588,-3452.898527509,-3448.908651932
329,164.5,1.729166566,442.844252797,-3452.934395618,-3448.909284732
330,165.0,1.771899658,453.78831348,-3452.976985397,-3448.908687356
331,165.5,1.809467195,463.409461701,-3453.022675922,-3448.909896282
332,166.0,1.832223486,469.237409785,-3453.048375361,-3448.910038237
333,166.5,1.823405107,466.978998842,-3453.045795516,-3448.910315448
334,167.0,1.780381222,455.960465142,-3453.010538444,-3448.910354313
335,167.5,1.708261134,437.490314818,-3452.947947391,-3448.908371014
336,168.0,1.650827679,422.781450981,-3452.894413492,-3448.905166978
337,168.5,1.640530721,420.144372218,-3452.895246066,-3448.906952405
338,169.0,1.662189061,425.69113181,-3452.930223467,-3448.910266078
339,169.5,1.696110581,434.378525161,-3452.961779878,-3448.907931014
340,170.0,1.739720993,445.5472701,-3453.00978244,-3448.910748242
341,170.5,1.773017696,454.074646138,-3453.039896662,-3448.91317396
342,171.0,1.754672756,449.376457273,-3453.024416964,-3448.907430569
343,171.5,1.783751818,456.823683855,-3453.040934792,-3448.905732611
344,172.0,1.843843374,472.213294466,-3453.108331726,-3448.912718427
345,172.5,1.864076885,477.395151607,-3453.135701312,-3448.913650122
346,173.0,1.81800223,465.595307373,-3453.101133534,-3448.912395652
347,173.5,1.745046681,446.911193159,-3453.031616027,-3448.908889111
348,174.0,1.719411636,440.345988609,-3453.005847106,-3448.906273448
349,174.5,1.737248181,444.913976326,-3453.041837722,-3448.914278482
350,175.0,1.724805223,441.727300983,-3453.035947155,-3448.910234793
351,175.5,1.706230795,436.970339401,-3453.02295379,-3448.90905491
352,176.0,1.703594389,436.2951486,-3453.024601872,-3448.909153946
353,176.5,1.706502998,437.040051375,-3453.038973914,-3448.90939348
354,177.0,1.723622264,441.424341906,-3453.058332917,-3448.911239016
355,177.5,1.700457084,435.491676331,-3453.055861231,-3448.91364483
356,178.0,1.656054886,424.120153027,-3453.006859821,-3448.911082611
357,178.5,1.607021304,411.562519381,-3452.958685877,-3448.905430523
358,179.0,1.637722914,419.425285094,-3452.985342008,-3448.907643785
359,179.5,1.69438172,433.935759035,-3453.059491201,-3448.911200455
360,180.0,1.751550365,448.576804499,-3453.120671,-3448.912477486
361,180.5,1.770936053,453.541531692,-3453.139856328,-3448.911590647
362,181.0,1.764285435,451.838290354,-3453.124186961,-3448.909219986
363,181.5,1.755568667,449.605902421,-3453.109153322,-3448.906340345
364,182.0,1.770082252,453.322871074,-3453.131723693,-3448.907881618
365,182.5,1.815918951,465.061774089,-3453.172615428,-3448.910533319
366,183.0,1.826542393,467.782466348,-3453.191760782,-3448.913066672
367,183.5,1.788063867,457.928011387,-3453.160776253,-3448.911837523
368,184.0,1.759932473,450.723484909,-3453.130598642,-3448.904967795
369,184.5,1.770647181,453.467550782,-3453.169657874,-3448.915996888
370,185.0,1.769703511,453.225874401,-3453.167889094,-3448.908934087
371,185.5,1.7983271,460.556453134,-3453.197340171,-3448.906531454
372,186.0,1.873902518,479.911522897,-3453.284846698,-3448.913552403
373,186.5,1.921414209,492.079396005,-3453.334335077,-3448.914852071
374,187.0,1.897198557,485.877701801,-3453.322170365,-3448.911481633
375,187.5,1.856456902,475.44365331,-3453.295734291,-3448.911128936
376,188.0,1.828681701,468.33034902,-3453.272787883,-3448.910013211
377,188.5,1.807391525,462.877877078,-3453.264687295,-3448.910514257
378,189.0,1.803161051,461.79444127,-3453.260495701,-3448.913672751
379,189.5,1.759143813,450.521506927,-3453.222359757,-3448.911677685
380,190.0,1.716504748,439.601526596,-3453.178630744,-3448.907685429
381,190.5,1.702030417,435.894611282,-3453.179540453,-3448.908821469
382,191.0,1.715529401,439.351737694,-3453.209149306,-3448.910627186
383,191.5,1.722722988,441.194034781,-3453.235327784,-3448.91108812
384,192.0,1.726489914,442.15875493,-3453.2453279,-3448.910680343
385,192.5,1.716318625,439.553860007,-3453.239375807,-3448.910767978
386,193.0,1.683534707,431.157809752,-3453.214505743,-3448.912284282
387,193.5,1.623515507,415.786729542,-3453.158761182,-3448.910196312
388,194.0,1.587861327,406.65559734,-3453.130310567,-3448.902726604
389,194.5,1.640068582,420.026017166,-3453.201962277,-3448.913232482
390,195.0,1.683556954,431.16350712,-3453.249776977,-3448.912913741
391,195.5,1.692299671,433.402540835,-3453.256191093,-3448.908403053
392,196.0,1.711775261,438.390292177,-3453.285232555,-3448.906877092
393,196.5,1.782507201,456.504934054,-3453.358244982,-3448.911898618
394,197.0,1.82267106,466.791007377,-3453.410437117,-3448.91493016
395,197.5,1.814578917,464.718587578,-3453.399712267,-3448.914987551
396,198.0,1.756627628,449.877105125,-3453.342916005,-3448.909537841
397,198.5,1.742894416,446.359992322,-3453.332674657,-3448.905852767
398,199.0,1.804717835,462.193137783,-3453.417705493,-3448.915251152
399,199.5,1.848443849,473.391488835,-3453.478602764,-3448.919467412
400,200.0,1.828018655,468.160540953,-3453.457447391,-3448.910443694
401,200.5,1.818692736,465.772148018,-3453.454116061,-3448.911453024
402,201.0,1.811674266,463.974698579,-3453.462897936,-3448.914498267
403,201.5,1.785482277,457.26685929,-3453.437117358,-3448.911520881
404,202.0,1.765406187,452.125318061,-3453.408312322,-3448.909028317
405,202.5,1.758203919,450.28079757,-3453.407984377,-3448.910892423
406,203.0,1.745420254,447.006866335,-3453.410531562,-3448.914842935
407,203.5,1.70805546,437.437641219,-3453.369698683,-3448.912496518
408,204.0,1.664003343,426.155774343,-3453.33714046,-3448.907824425
409,204.5,1.676734686,429.416305791,-3453.364421853,-3448.912341296
410,205.0,1.68539431,431.634059157,-3453.383484537,-3448.912977605
411,205.5,1.670693491,427.869139283,-3453.366824073,-3448.911887169
412,206.0,1.610127204,412.357948855,-3453.320388379,-3448.90939647
413,206.5,1.564419916,400.652188348,-3453.277641996,-3448.907844674
414,207.0,1.532018335,392.35405529,-3453.259388715,-3448.909317214
415,207.5,1.510844452,386.931366472,-3453.248257267,-3448.910533426
416,208.0,1.491011142,381.852001814,-3453.228973292,-3448.90966057
417,208.5,1.478291911,378.594572328,-3453.216107213,-3448.907994877
418,209.0,1.493662008,382.530895925,-3453.235942173,-3448.907750775
419,209.5,1.536694654,393.551673398,-3453.291053359,-3448.91008505
420,210.0,1.598336878,409.338414457,-3453.3495713,-3448.910849186
421,210.5,1.636053714,418.997798344,-3453.396092116,-3448.909507432
422,211.0,1.681413992,430.61468883,-3453.445210034,-3448.908641598
423,211.5,1.738734102,445.29452464,-3453.507918589,-3448.909578363
424,212.0,1.797683833,460.391710762,-3453.570783841,-3448.912209957
425,212.5,1.812928079,464.295803688,-3453.599426197,-3448.915501345
426,213.0,1.770418373,453.408952413,-3453.559991541,-3448.916749907
427,213.5,1.680865892,430.474318994,-3453.464019441,-3448.91060169
428,214.0,1.640669218,420.179841494,-3453.424994539,-3448.907088867
429,214.5,1.701780689,435.830655094,-3453.495698636,-3448.915379481
430,215.0,1.751296441,448.511773826,-3453.556280616,-3448.917065761
431,215.5,1.75074771,448.371242234,-3453.553182172,-3448.913377624
432,216.0,1.70940369,437.782926526,-3453.516487591,-3448.911881096
433,216.5,1.646238893,421.606250468,-3453.461780789,-3448.910349184
434,217.0,1.581300264,404.975291162,-3453.406507043,-3448.909077451
435,217.5,1.548050137,396.45984354,-3453.368446787,-3448.907956708
436,218.0,1.533014767,392.609244421,-3453.362620941,-3448.907809536
437,218.5,1.547879315,396.416095374,-3453.389235615,-3448.909207144
438,219.0,1.578648238,404.296100164,-3453.427623065,-3448.910554372
439,219.5,1.602745349,410.467435808,-3453.458265442,-3448.910458789
440,220.0,1.617729145,414.304826524,-3453.482368979,-3448.909561025
441,220.5,1.633317558,418.297061454,-3453.513703521,-3448.912690316
442,221.0,1.641490956,420.390291008,-3453.534163149,-3448.914957199
443,221.5,1.627040042,416.689372556,-3453.523217658,-3448.913502952
444,222.0,1.597638025,409.159436138,-3453.502236635,-3448.913316361
445,222.5,1.57187182,402.56064114,-3453.480516604,-3448.91451527
446,223.0,1.543793773,395.369776925,-3453.45170733,-3448.911973046
447,223.5,1.555248857,398.303455178,-3453.469659449,-3448.908124793
448,224.0,1.643145012,420.813899202,-3453.562124367,-3448.916804603
449,224.5,1.684699022,431.455993928,-3453.614801229,-3448.91581169
450,225.0,1.68079029,430.454957075,-3453.614662105,-3448.91381396
451,225.5,1.649343067,422.401237882,-3453.586767268,-3448.912257477
452,226.0,1.634530054,418.607584906,-3453.556556403,-3448.910586885
453,226.5,1.620798369,415.090863211,-3453.548009612,-3448.910889387
454,227.0,1.615600115,413.759576291,-3453.558776728,-3448.912356286
455,227.5,1.621154901,415.182171897,-3453.571567542,-3448.912177245
456,228.0,1.632508228,418.089789973,-3453.589318337,-3448.911299344
457,228.5,1.663373612,425.994498466,-3453.623711046,-3448.912047522
458,229.0,1.694754261,434.031167953,-3453.664043464,-3448.915078137
459,229.5,1.690998522,433.069313059,-3453.670476499,-3448.918960173
460,230.0,1.641325538,420.347926845,-3453.608159412,-3448.915151995
461,230.5,1.584213084,405.721272466,-3453.560490223,-3448.90615045
462,231.0,1.650622962,422.729022396,-3453.636085622,-3448.915801414
463,231.5,1.726977139,442.283534544,-3453.721580273,-3448.917492177
464,232.0,1.755561721,449.604123508,-3453.756028698,-3448.918161631
465,232.5,1.726609904,442.189484491,-3453.722768885,-3448.91729247
466,233.0,1.653875975,423.562127991,-3453.654417038,-3448.908251256
467,233.5,1.630713768,417.630223731,-3453.650214694,-3448.914727661
468,234.0,1.617915835,414.352638272,-3453.645373231,-3448.913856077
469,234.5,1.597008725,408.998270829,-3453.627274001,-3448.911966888
470,235.0,1.583581038,405.559403692,-3453.616777099,-3448.912402879
471,235.5,1.574385503,403.204402196,-3453.609765802,-3448.912792017
472,236.0,1.559379052,399.361209381,-3453.601111584,-3448.912605264
473,236.5,1.547277028,396.26184821,-3453.594297691,-3448.912444066
474,237.0,1.53667811,393.547436314,-3453.591373576,-3448.913670434
475,237.5,1.513303507,387.5611371,-3453.577102259,-3448.91512965
476,238.0,1.463338688,374.765011447,-3453.535053354,-3448.914576568
477,238.5,1.415064925,362.401969622,-3453.480413705,-3448.910823385
478,239.0,1.400124862,358.575778837,-3453.467932827,-3448.909754682
479,239.5,1.43652618,367.898255239,-3453.51243398,-3448.912506029
480,240.0,1.495368884,382.968031392,-3453.575246188,-3448.91315731
481,240.5,1.554095842,398.008164828,-3453.638024337,-3448.913465884
482,241.0,1.608496628,411.940353849,-3453.690853169,-3448.914777177
483,241.5,1.626062388,416.438992779,-3453.712281919,-3448.916964604
484,242.0,1.582967811,405.4023545,-3453.676520387,-3448.916007973
485,242.5,1.534606946,393.017005755,-3453.622401178,-3448.907370336
486,243.0,1.543295167,395.242082615,-3453.64686551,-3448.916890573
487,243.5,1.536886272,393.600747313,-3453.648345459,-3448.91966064
488,244.0,1.48810636,381.108079465,-3453.591262784,-3448.910642182
489,244.5,1.480997003,379.287353832,-3453.594846809,-3448.91015223
490,245.0,1.551697344,397.393903031,-3453.668890712,-3448.915841362
491,245.5,1.61089405,412.55434028,-3453.726529374,-3448.916381038
492,246.0,1.627683391,416.854135874,-3453.743748638,-3448.916483304
493,246.5,1.592985332,407.967868763,-3453.713572941,-3448.916691502
494,247.0,1.520656471,389.444251221,-3453.645159056,-3448.912482417
495,247.5,1.478727702,378.706179698,-3453.599916558,-3448.910557066
496,248.0,1.486507774,380.698677156,-3453.608628117,-3448.912280592
497,248.5,1.518083971,388.785426984,-3453.642844462,-3448.913926225
498,249.0,1.545660152,395.847761693,-3453.673804096,-3448.91407634
499,249.5,1.565217487,400.8564485,-3453.692709961,-3448.913613367
500,250.0,1.576000924,403.618115823,-3453.701783034,-3448.91339629
501,250.5,1.579384976,404.48478066,-3453.706335413,-3448.913949362
502,251.0,1.572606438,402.7487788,-3453.70509577,-3448.917081934
503,251.5,1.529050419,391.593964046,-3453.672930578,-3448.916387247
504,252.0,1.496192248,383.178897239,-3453.644529577,-3448.908584586
505,252.5,1.543972884,395.415647794,-3453.703937051,-3448.915689251
506,253.0,1.609644413,412.234304799,-3453.769081302,-3448.916672116
507,253.5,1.637012521,419.243351629,-3453.801738793,-3448.915603452
508,254.0,1.634033215,418.480343171,-3453.810196301,-3448.914861494
509,254.5,1.626172795,416.467268181,-3453.80247598,-3448.914827777
510,255.0,1.604665612,410.959220342,-3453.780549532,-3448.914258548
511,255.5,1.588650705,406.857759137,-3453.758993713,-3448.911822645
512,256.0,1.596041324,408.750516726,-3453.76916414,-3448.91376209
513,256.5,1.596470144,408.860338621,-3453.787643383,-3448.917248301
514,257.0,1.565624734,400.960745486,-3453.765953521,-3448.918883874
515,257.5,1.488600285,381.234574948,-3453.685375328,-3448.918203285
516,258.0,1.398641667,358.195928706,-3453.579051877,-3448.909516979
517,258.5,1.386007027,354.960162871,-3453.570128296,-3448.910348998
518,259.0,1.452235407,371.921431004,-3453.650266594,-3448.918017204
519,259.5,1.514403492,387.842846228,-3453.705291646,-3448.917966534
520,260.0,1.525552178,390.698054993,-3453.712643465,-3448.916511326
521,260.5,1.492060901,382.120848085,-3453.684653653,-3448.916522217
522,261.0,1.431019476,366.487973454,-3453.629871895,-3448.9132525
523,261.5,1.423775748,364.632834879,-3453.613160628,-3448.908487186
524,262.0,1.478286786,378.593259818,-3453.682321283,-3448.916586429
525,262.5,1.526884937,391.039378177,-3453.735385056,-3448.917165511
526,263.0,1.531281353,392.16531224,-3453.742627779,-3448.916727594
527,263.5,1.493033369,382.369899724,-3453.710376136,-3448.915480905
528,264.0,1.450976663,371.599063042,-3453.665704667,-3448.912776657
529,264.5,1.432877627,366.963850846,-3453.651760139,-3448.913528359
530,265.0,1.439376682,368.628276579,-3453.664540401,-3448.914718873
531,265.5,1.46001987,373.915052988,-3453.683412232,-3448.915773994
532,266.0,1.471559894,376.870484493,-3453.692564658,-3448.916260386
533,266.5,1.474641453,377.659680187,-3453.685543388,-3448.91482868
534,267.0,1.464771275,375.131900671,-3453.681514656,-3448.913251519
535,267.5,1.475942303,377.992831296,-3453.700030345,-3448.914208737
536,268.0,1.505747639,385.626058882,-3453.729453592,-3448.914957079
537,268.5,1.534121344,392.892641631,-3453.757316565,-3448.914350593
538,269.0,1.555189136,398.288160585,-3453.787943799,-3448.914467461
539,269.5,1.575317956,403.443206033,-3453.817659624,-3448.916207405
540,270.0,1.566715272,401.240035124,-3453.822819314,-3448.918486224
541,270.5,1.521421792,389.640251958,-3453.780987609,-3448.91647531
542,271.0,1.473560455,377.382833564,-3453.737876721,-3448.913582034
543,271.5,1.443380762,369.653732266,-3453.723465043,-3448.920940962
544,272.0,1.391899071,356.469131505,-3453.665570576,-3448.913985769
545,272.5,1.376642238,352.561815075,-3453.649376163,-3448.909589019
546,273.0,1.437954899,368.26415411,-3453.72654391,-3448.917045628
547,273.5,1.500574372,384.301171194,-3453.798947279,-3448.918758445
548,274.0,1.518634744,388.926481412,-3453.823077951,-3448.917307538
549,274.5,1.503891332,385.15065368,-3453.811706957,-3448.915780607
550,275.0,1.466447663,375.561228151,-3453.786144485,-3448.915103842
551,275.5,1.432837449,366.953561214,-3453.756434943,-3448.915873664
552,276.0,1.381538077,353.815652656,-3453.715918901,-3448.915632288
553,276.5,1.335977011,342.147339968,-3453.671089845,-3448.913930017
554,277.0,1.314284908,336.591933623,-3453.647238795,-3448.912696205
555,277.5,1.326486326,339.716749847,-3453.662642073,-3448.913915393
556,278.0,1.37379467,351.832545064,-3453.705789485,-3448.915696354
557,278.5,1.418992986,363.407956742,-3453.750867021,-3448.916863366
558,279.0,1.444728973,369.999012837,-3453.778333833,-3448.917846377
559,279.5,1.433960565,367.241194163,-3453.772050924,-3448.919412748
560,280.0,1.387843777,355.430559623,-3453.722268656,-3448.915615711
561,280.5,1.371625651,351.277053644,-3453.697323866,-3448.912675926
562,281.0,1.392247371,356.558332138,-3453.735837144,-3448.91647087
563,281.5,1.427084035,365.480096273,-3453.778046318,-3448.917498774
564,282.0,1.441692988,369.221488746,-3453.796029932,-3448.916642888
565,282.5,1.433328427,367.07930201,-3453.794636082,-3448.915290363
566,283.0,1.425579195,365.094702722,-3453.792155712,-3448.915008378
567,283.5,1.411504778,361.490206167,-3453.793591674,-3448.916997784
568,284.0,1.389869585,355.949374575,-3453.774762125,-3448.919054475
569,284.5,1.322990956,338.821576116,-3453.717919761,-3448.915692095
570,285.0,1.297038096,332.174978249,-3453.686813971,-3448.90867926
571,285.5,1.366775742,350.034978617,-3453.766638764,-3448.914756376
572,286.0,1.480352155,379.122206512,-3453.885813261,-3448.918173828
573,286.5,1.564840561,400.759916615,-3453.977513452,-3448.917403184
574,287.0,1.623340968,415.742029569,-3454.037874831,-3448.916897399
575,287.5,1.654793584,423.797130088,-3454.072643211,-3448.917233346
576,288.0,1.658655042,424.7860599,-3454.079624841,-3448.918250076
577,288.5,1.60797515,411.80680192,-3454.045826777,-3448.919877787
578,289.0,1.528405697,391.428848958,-3453.964631131,-3448.916997853
579,289.5,1.473053411,377.252978172,-3453.898348134,-3448.909618419
580,290.0,1.499268217,383.966661207,-3453.935045818,-3448.91738067
581,290.5,1.525396082,390.658078429,-3453.980070097,-3448.920335736
582,291.0,1.516517065,388.384138075,-3453.968386741,-3448.917619512
583,291.5,1.482506195,379.673861833,-3453.925641939,-3448.915724524
584,292.0,1.425455135,365.062930658,-3453.873380173,-3448.915696161
585,292.5,1.361559657,348.699125035,-3453.815289329,-3448.914846133
586,293.0,1.303721765,333.886683989,-3453.76004235,-3448.914189908
587,293.5,1.260894175,322.918421959,-3453.717372963,-3448.913240707
588,294.0,1.243694867,318.513632454,-3453.698338567,-3448.913028357
589,294.5,1.249603093,320.02674517,-3453.709439752,-3448.912620825
590,295.0,1.294926325,331.634148002,-3453.753387082,-3448.913029611
591,295.5,1.357834403,347.745077523,-3453.82366063,-3448.913951047
592,296.0,1.435971752,367.756264774,-3453.906523172,-3448.915339601
593,296.5,1.512778295,387.426629019,-3453.982720751,-3448.917032661
594,297.0,1.549727641,396.889456637,-3454.031062875,-3448.918516307
595,297.5,1.551636574,397.378339691,-3454.03917125,-3448.919691286
596,298.0,1.512032025,387.235507038,-3454.002715144,-3448.921279442
597,298.5,1.455440288,372.742209633,-3453.936730044,-3448.912027312
598,299.0,1.496002687,383.1303502,-3453.973227842,-3448.913769978
599,299.5,1.606362471,411.393790469,-3454.088935831,-3448.923450859
600,300.0,1.655700644,424.029430485,-3454.134728912,-3448.921003107
601,300.5,1.622941901,415.639827548,-3454.108353835,-3448.917381575
602,301.0,1.56205264,400.045922397,-3454.052405043,-3448.915133413
603,301.5,1.498306287,383.720308464,-3453.999044776,-3448.915175287
604,302.0,1.45910057,373.679617822,-3453.956703115,-3448.915303407
605,302.5,1.420643855,363.830748542,-3453.923722806,-3448.915361454
606,303.0,1.398289904,358.105841046,-3453.897675788,-3448.91514357
607,303.5,1.38716046,355.255560239,-3453.880517616,-3448.914662394
608,304.0,1.380154751,353.46137911,-3453.877160598,-3448.91438049
609,304.5,1.387480723,355.337580619,-3453.890434774,-3448.914892825
610,305.0,1.408672913,360.764957891,-3453.914258164,-3448.916043304
611,305.5,1.427524369,365.592867044,-3453.935633415,-3448.916097306
612,306.0,1.447468533,370.700621587,-3453.957232914,-3448.914971986
613,306.5,1.472953448,377.227377589,-3453.990500722,-3448.917215513
614,307.0,1.485877432,380.537244814,-3454.008778159,-3448.918802182
615,307.5,1.457732058,373.329138085,-3453.991096691,-3448.918149422
616,308.0,1.429617333,366.128880723,-3453.965610012,-3448.91243861
617,308.5,1.448488123,370.96174139,-3453.996609701,-3448.917328766
618,309.0,1.478715707,378.703107644,-3454.030030517,-3448.918045225
619,309.5,1.484170546,380.100106757,-3454.037861825,-3448.917105552
620,310.0,1.467581437,375.851590756,-3454.028788439,-3448.917987438
621,310.5,1.423439935,364.546832263,-3453.990917709,-3448.919176072
622,311.0,1.349553644,345.624352579,-3453.917693698,-3448.915548375
623,311.5,1.297032662,332.173586576,-3453.868177552,-3448.912387234
624,312.0,1.305543212,334.353161344,-3453.881339483,-3448.916655023
625,312.5,1.32360605,338.979103394,-3453.902831139,-3448.91711156
626,313.0,1.328469745,340.224708867,-3453.910848992,-3448.916830904
627,313.5,1.317634559,337.449788391,-3453.906721777,-3448.916962626
628,314.0,1.283024209,328.585983592,-3453.890399437,-3448.915732663
629,314.5,1.272158815,325.803326858,-3453.880001096,-3448.914580074
630,315.0,1.280389463,327.911218043,-3453.890675872,-3448.915735263
631,315.5,1.294954979,331.641486149,-3453.908851307,-3448.916217594
632,316.0,1.309884443,335.464962443,-3453.920063382,-3448.917153297
633,316.5,1.291046028,330.640393383,-3453.905044235,-3448.918610944
634,317.0,1.251557733,320.527333602,-3453.859423597,-3448.913832566
635,317.5,1.245819678,319.057802167,-3453.851488252,-3448.913644692
636,318.0,1.265557509,324.112714352,-3453.884404436,-3448.917684456
637,318.5,1.277654135,327.210693027,-3453.898354976,-3448.916519706
638,319.0,1.269976983,325.244553569,-3453.897944071,-3448.915051763
639,319.5,1.277447172,327.157689389,-3453.901426837,-3448.914018608
640,320.0,1.29390085,331.371521027,-3453.921677667,-3448.913792799
641,320.5,1.342641356,343.854096942,-3453.964679523,-3448.914023674
642,321.0,1.40522917,359.883005993,-3454.02621567,-3448.91516306
643,321.5,1.464851486,375.152443031,-3454.086147987,-3448.917304736
644,322.0,1.493475195,382.483052657,-3454.116715608,-3448.918538344
645,322.5,1.484211495,380.110593986,-3454.110145997,-3448.917018813
646,323.0,1.465053023,375.204057094,-3454.091185782,-3448.918059993
647,323.5,1.432823112,366.949889403,-3454.056576711,-3448.918637754
648,324.0,1.404755389,359.76166948,-3454.019179842,-3448.912325661
649,324.5,1.419755081,363.603131178,-3454.051161802,-3448.916566542
650,325.0,1.454009554,372.375794901,-3454.100219958,-3448.919707873
651,325.5,1.444688268,369.988588091,-3454.10405627,-3448.919692106
652,326.0,1.391465277,356.358035697,-3454.054791314,-3448.917942358
653,326.5,1.332575638,341.276239212,-3453.987900736,-3448.912107058
654,327.0,1.302983983,333.697735868,-3453.969846509,-3448.91594842
655,327.5,1.287360693,329.696568931,-3453.959573801,-3448.916204868
656,328.0,1.257294461,321.996525245,-3453.938220979,-3448.914526029
657,328.5,1.24385297,318.554123096,-3453.922342752,-3448.914121017
658,329.0,1.243043952,318.346931211,-3453.916172255,-3448.914527072
659,329.5,1.242895535,318.308921374,-3453.912787279,-3448.915325891
660,330.0,1.233153654,315.813999121,-3453.90026201,-3448.916055777
661,330.5,1.20409052,308.370851477,-3453.872422407,-3448.91470187
662,331.0,1.190500714,304.890465404,-3453.85463449,-3448.911875716
663,331.5,1.212481711,310.5198584,-3453.883852082,-3448.913407446
664,332.0,1.264956109,323.958694215,-3453.942149526,-3448.914955472
665,332.5,1.325246379,339.399196145,-3454.003772491,-3448.914819014
666,333.0,1.386234227,355.018349391,-3454.067259022,-3448.91475638
667,333.5,1.451204673,371.657457235,-3454.133915184,-3448.915310456
668,334.0,1.509510706,386.589790602,-3454.196961288,-3448.916834479
669,334.5,1.535060096,393.133058631,-3454.235890955,-3448.919394148
670,335.0,1.51157478,387.118405335,-3454.220436006,-3448.921078946
671,335.5,1.424620021,364.849055619,-3454.14609383,-3448.916165656
672,336.0,1.362254979,348.877198955,-3454.093666554,-3448.913192229
673,336.5,1.380183582,353.468762812,-3454.11702764,-3448.914487895
674,337.0,1.447792744,370.783652743,-3454.187795858,-3448.918309736
675,337.5,1.498538762,383.779845742,-3454.241985305,-3448.919114197
676,338.0,1.508230931,386.262036594,-3454.25212088,-3448.918552869
677,338.5,1.472428004,377.092809845,-3454.221898121,-3448.917174705
678,339.0,1.432115548,366.76868038,-3454.174460612,-3448.914189439
679,339.5,1.413794949,362.076725338,-3454.151568415,-3448.913724319
680,340.0,1.413867616,362.095335398,-3454.157233373,-3448.916403987
681,340.5,1.398047496,358.04375972,-3454.152887212,-3448.916599057
682,341.0,1.362062764,348.827972221,-3454.127354199,-3448.915526334
683,341.5,1.331356745,340.964077317,-3454.091639067,-3448.91470832
684,342.0,1.301871685,333.412873309,-3454.057273572,-3448.914259432
685,342.5,1.28780022,329.809133105,-3454.032513539,-3448.914009735
686,343.0,1.279387386,327.654583382,-3454.022851907,-3448.914374141
687,343.5,1.277091891,327.066700801,-3454.024488199,-3448.915991693
688,344.0,1.267792812,324.685181636,-3454.018260882,-3448.917633815
689,344.5,1.255250907,321.473165523,-3453.996114467,-3448.913576042
690,345.0,1.277016151,327.047303663,-3454.019376591,-3448.913100348
691,345.5,1.347118035,345.000586637,-3454.094069643,-3448.917518386
692,346.0,1.404722161,359.753159503,-3454.153917549,-3448.917973533
693,346.5,1.426080294,365.223035515,-3454.178692921,-3448.918322032
694,347.0,1.408964174,360.839550555,-3454.164785126,-3448.9181708
695,347.5,1.365332807,349.665439018,-3454.120440314,-3448.917368755
696,348.0,1.312271278,336.076237526,-3454.070138131,-3448.914510997
697,348.5,1.306349656,334.559693978,-3454.063223423,-3448.914078181
698,349.0,1.335900811,342.127825052,-3454.097766037,-3448.918661976
699,349.5,1.335802672,342.102691349,-3454.105354495,-3448.916959817
700,350.0,1.321234304,338.371692721,-3454.087735284,-3448.914460906
701,350.5,1.306234305,334.530152353,-3454.071290861,-3448.913698766
702,351.0,1.300156346,332.973570515,-3454.065480181,-3448.91375096
703,351.5,1.296304414,331.987080252,-3454.071136204,-3448.914074529
704,352.0,1.309640086,335.402382134,-3454.086746892,-3448.914802588
705,352.5,1.317428189,337.396936307,-3454.103504781,-3448.916123255
706,353.0,1.314854531,336.737815479,-3454.102268537,-3448.917220372
707,353.5,1.289307705,330.195204082,-3454.075415616,-3448.913604443
708,354.0,1.288064189,329.876736185,-3454.077727316,-3448.913507248
709,354.5,1.319151639,337.838316557,-3454.113718293,-3448.918850648
710,355.0,1.323971804,339.072773953,-3454.119018646,-3448.917549653
711,355.5,1.312187081,336.054674452,-3454.103028943,-3448.914513143
712,356.0,1.326343059,339.680058679,-3454.104632408,-3448.914181217
713,356.5,1.358874741,348.011510753,-3454.131988928,-3448.916016972
714,357.0,1.382717403,354.117681276,-3454.157361236,-3448.915578546
715,357.5,1.405429868,359.934405366,-3454.173575318,-3448.915525249
716,358.0,1.413009624,361.8756015,-3454.18533654,-3448.915518939
717,358.5,1.412737805,361.805987786,-3454.195810338,-3448.915650642
718,359.0,1.415348729,362.474652571,-3454.20351443,-3448.915975276
719,359.5,1.410536223,361.242156781,-3454.202764995,-3448.916851211
720,360.0,1.390931024,356.221212068,-3454.182032679,-3448.917742691
721,360.5,1.343652652,344.11309245,-3454.134185633,-3448.916284481
722,361.0,1.307047423,334.738394038,-3454.090550201,-3448.91225703
723,361.5,1.317248207,337.350842488,-3454.106474487,-3448.915563531
724,362.0,1.352973993,346.500313249,-3454.141930658,-3448.920686724
725,362.5,1.34214247,343.726330757,-3454.130488148,-3448.916840444
726,363.0,1.332933623,341.367920137,-3454.122740972,-3448.914292903
727,363.5,1.349132508,345.516498416,-3454.148998257,-3448.917926242
728,364.0,1.362737013,349.000649213,-3454.162247355,-3448.915751238
729,364.5,1.375044274,352.152572088,-3454.172696088,-3448.916031172
730,365.0,1.362981146,349.063172431,-3454.171630167,-3448.916869072
731,365.5,1.33768892,342.585764649,-3454.144315379,-3448.916222371
732,366.0,1.292582446,331.03387421,-3454.099137173,-3448.915075567
733,366.5,1.24654504,319.24356946,-3454.054139315,-3448.914091285
734,367.0,1.220105979,312.472454238,-3454.023384351,-3448.913506525
735,367.5,1.207773062,309.313960532,-3454.013505399,-3448.913466728
736,368.0,1.209617587,309.786348372,-3454.023605223,-3448.913649504
737,368.5,1.236900558,316.773591483,-3454.049565157,-3448.913851051
738,369.0,1.270800828,325.455542628,-3454.086151341,-3448.914165647
739,369.5,1.306542934,334.609192921,-3454.126164014,-3448.914706604
740,370.0,1.345516977,344.590551164,-3454.162673674,-3448.915417463
741,370.5,1.364188487,349.3723756,-3454.189295336,-3448.916272572
742,371.0,1.370509155,350.991115796,-3454.196516109,-3448.91768708
743,371.5,1.354663335,346.932958302,-3454.176541738,-3448.915022722
744,372.0,1.359379445,348.140767012,-3454.178519854,-3448.912778619
745,372.5,1.407604039,360.491216291,-3454.229993925,-3448.917313251
746,373.0,1.43320846,367.048578154,-3454.266196442,-3448.918673758
747,373.5,1.421156592,363.96206209,-3454.25537791,-3448.917396559
748,374.0,1.388510233,355.601240752,-3454.217329802,-3448.913179282
749,374.5,1.376032046,352.405543241,-3454.208922686,-3448.912565443
750,375.0,1.407310904,360.416143833,-3454.238965614,-3448.916318959
751,375.5,1.415488657,362.510488441,-3454.257511952,-3448.917073162
752,376.0,1.402332923,359.141269297,-3454.244231372,-3448.915835525
753,376.5,1.368840391,350.563740832,-3454.209331603,-3448.914362821
754,377.0,1.330607426,340.772174788,-3454.171731979,-3448.913609337
755,377.5,1.302890377,333.673763229,-3454.148305308,-3448.913627637
756,378.0,1.291563305,330.772869342,-3454.141550369,-3448.913929074
757,378.5,1.29556484,331.797673185,-3454.141747757,-3448.914919647
758,379.0,1.286636545,329.511112691,-3454.139532133,-3448.915109528
759,379.5,1.264812587,323.921937933,-3454.128236691,-3448.917260317
760,380.0,1.225616115,313.883614903,-3454.08904051,-3448.917314563
761,380.5,1.176886958,301.403945602,-3454.034225986,-3448.911730427
762,381.0,1.177866885,301.654907328,-3454.040658088,-3448.912281358
763,381.5,1.229284472,314.823091085,-3454.098884226,-3448.917987983
764,382.0,1.261515529,323.077552215,-3454.127310198,-3448.916878835
765,382.5,1.259058739,322.448361733,-3454.123502402,-3448.914381125
766,383.0,1.241904625,318.055146467,-3454.110575121,-3448.913497387
767,383.5,1.232259546,315.585015612,-3454.100620127,-3448.91357055
768,384.0,1.231414977,315.368719083,-3454.097505418,-3448.913446428
769,384.5,1.237141919,316.835404512,-3454.103366448,-3448.913133226
770,385.0,1.25068757,320.304482596,-3454.119320029,-3448.913160182
771,385.5,1.270001863,325.250925493,-3454.141939609,-3448.9135152
772,386.0,1.293621865,331.300072256,-3454.16384284,-3448.913686417
773,386.5,1.305543208,334.353160421,-3454.183250867,-3448.913305892
774,387.0,1.332298338,341.205221857,-3454.208348261,-3448.914232354
775,387.5,1.354772905,346.9610195,-3454.237446815,-3448.915200146
776,388.0,1.374915085,352.119486624,-3454.259073346,-3448.916145718
777,388.5,1.373476384,351.751031199,-3454.263457932,-3448.915973096
778,389.0,1.362682853,348.986778618,-3454.254697134,-3448.916892809
779,389.5,1.332450266,341.244131067,-3454.229509823,-3448.915306823
780,390.0,1.32738311,339.946418712,-3454.217747152,-3448.913296548
781,390.5,1.339948846,343.164537801,-3454.240672114,-3448.916073884
782,391.0,1.352128528,346.283787496,-3454.259439556,-3448.916073035
783,391.5,1.352063456,346.267122193,-3454.263538489,-3448.915496541
784,392.0,1.348132304,345.260343443,-3454.255965415,-3448.914709843
785,392.5,1.337027077,342.416264681,-3454.242978473,-3448.914474901
786,393.0,1.324760719,339.274817193,-3454.226353025,-3448.914520921
787,393.5,1.300387531,333.032777665,-3454.205435555,-3448.914345207
788,394.0,1.274634876,326.437452641,-3454.184143297,-3448.913390553
789,394.5,1.262351826,323.291730137,-3454.17653619,-3448.912138888
790,395.0,1.281691879,328.244770398,-3454.195372975,-3448.91268323
791,395.5,1.314773093,336.716959076,-3454.23098909,-3448.914565217
792,396.0,1.336156567,342.193324877,-3454.260068712,-3448.915937841
793,396.5,1.362431463,348.922397066,-3384.396571618,-3379.032925435
794,397.0,1.404652857,359.73541062,-3454.249449507,-3448.83767333
795,397.5,1.386579784,355.106847471,-3454.235221173,-3448.838738334
796,398.0,1.363233392,349.127773247,-3454.214717385,-3448.840053381
797,398.5,1.327475217,339.97000749,-3454.175798808,-3448.836855812
798,399.0,1.316484524,337.155261246,-3454.167380756,-3448.834588506
799,399.5,1.360130992,348.333240129,-3454.212956034,-3448.839037981
800,400.0,1.401186427,358.847648632,-3454.252380413,-3448.838740274
801,400.5,1.423156678,364.474289525,-3454.269620307,-3448.838875596
802,401.0,1.417353253,362.988016553,-3454.263654958,-3448.838596825
803,401.5,1.382799851,354.138796504,-3454.23448513,-3448.838685543
804,402.0,1.339058458,342.936507099,-3454.185689883,-3448.836803457
805,402.5,1.295755353,331.846464148,-3454.139414939,-3448.836031511
806,403.0,1.265252761,324.034667614,-3454.113656684,-3448.836098035
807,403.5,1.250978242,320.37892451,-3454.108779835,-3448.836663146
808,404.0,1.264318905,323.795504591,-3454.116149994,-3448.836980226
809,404.5,1.281213765,328.122323962,-3454.130101346,-3448.836992838
810,405.0,1.293248058,331.204339054,-3454.151558761,-3448.836064773
811,405.5,1.333791796,341.587700598,-3454.192438548,-3448.836727211
812,406.0,1.380942335,353.663081683,-3454.24210977,-3448.838707377
813,406.5,1.399312446,358.36771689,-3454.267671218,-3448.839489553
814,407.0,1.385174447,354.746937021,-3454.25196493,-3448.840360933
815,407.5,1.329218862,340.416559674,-3454.19796004,-3448.836976771
816,408.0,1.300073896,332.952454796,-3454.161736371,-3448.834706196
817,408.5,1.30678386,334.670894863,-3454.170894357,-3448.838728498
818,409.0,1.305011712,334.217042989,-3454.1721694,-3448.83786434
819,409.5,1.29461985,331.555658897,-3454.160582756,-3448.836910744
820,410.0,1.290541993,330.511308608,-3454.150797363,-3448.836879814
821,410.5,1.286395358,329.449343959,-3454.148867426,-3448.836159399
822,411.0,1.291430932,330.738968276,-3454.15493664,-3448.837750284
823,411.5,1.28757752,329.752098852,-3454.153191774,-3448.838177458
824,412.0,1.276269109,326.855984255,-3454.13704498,-3448.8378426
825,412.5,1.250543013,320.267461088,-3454.110833452,-3448.837241636
826,413.0,1.22144146,312.814474329,-3454.086027624,-3448.835775639
827,413.5,1.227998793,314.493825158,-3454.086406296,-3448.834806939
828,414.0,1.267493821,324.60860911,-3454.123542604,-3448.836737373
829,414.5,1.31409803,336.544073568,-3454.171367619,-3448.837829966
830,415.0,1.354126589,346.795496169,-3454.209708063,-3448.838138922
831,415.5,1.373327622,351.712933001,-3454.229935977,-3448.839114259
832,416.0,1.365653954,349.74768571,-3454.219012241,-3448.839634945
833,416.5,1.325589266,339.487010331,-3454.178784494,-3448.835743624
834,417.0,1.310657951,335.663059995,-3454.168153433,-3448.834647991
835,417.5,1.335167319,341.939975819,-3454.200185027,-3448.838973472
836,418.0,1.357954168,347.77574967,-3454.216833964,-3448.837158922
837,418.5,1.3727325,351.560520669,-3454.22266338,-3448.836346699
838,419.0,1.381043943,353.689103612,-3454.231877965,-3448.83676765
839,419.5,1.380936353,353.661549686,-3454.238718096,-3448.837545093
840,420.0,1.378276223,352.980283167,-3454.231337917,-3448.837774825
841,420.5,1.355292694,347.094138922,-3454.205259755,-3448.837501739
842,421.0,1.315950889,337.018595726,-3454.16696438,-3448.835405687
843,421.5,1.293578574,331.288985109,-3454.146216311,-3448.833635242
844,422.0,1.325103924,339.362712962,-3454.172031085,-3448.834513114
845,422.5,1.376920794,352.633154078,-3454.228608944,-3448.83702062
846,423.0,1.420981711,363.917274433,-3454.281686737,-3448.837368022
847,423.5,1.463832715,374.891533034,-3454.322105575,-3448.837277411
848,424.0,1.487890409,381.052773682,-3454.348404005,-3448.837478064
849,424.5,1.483978228,380.050853575,-3454.352379357,-3448.838907986
850,425.0,1.440833613,369.001400421,-3454.317991975,-3448.839467411
851,425.5,1.379753714,353.358672582,-3454.252312031,-3448.834410584
852,426.0,1.357033651,347.540002705,-3454.227756942,-3448.833469596
853,426.5,1.382145199,353.971138211,-3454.258431698,-3448.837511217
854,427.0,1.411853984,361.57963879,-3454.285601429,-3448.83815806
855,427.5,1.402851217,359.274005806,-3454.28697257,-3448.837834227
856,428.0,1.366609843,349.992491543,-3454.262270662,-3448.837279809
857,428.5,1.321554932,338.453806537,-3454.218409845,-3448.836910551
858,429.0,1.263886028,323.684643455,-3454.163673125,-3448.836024137
859,429.5,1.209112495,309.656993067,-3454.11653335,-3448.833912485
860,430.0,1.196620337,306.457717413,-3454.106913145,-3448.833862788
861,430.5,1.222719801,313.141860909,-3454.135347068,-3448.835543572
862,431.0,1.267959928,324.727980465,-3454.177960711,-3448.83593105
863,431.5,1.315717428,336.958805705,-3454.22355336,-3448.836148261
864,432.0,1.359692585,348.220962975,-3454.265599794,-3448.836783364
865,432.5,1.384200727,354.497564615,-3454.294198709,-3448.837574311
866,433.0,1.391669096,356.410234176,-3454.300075156,-3448.837967703
867,433.5,1.373951268,351.87265043,-3454.279209799,-3448.837847027
868,434.0,1.339042024,342.932298292,-3454.239220981,-3448.835987381
869,434.5,1.323784124,339.02470864,-3454.221721865,-3448.831276796
870,435.0,1.387802927,355.420097751,-3454.285771418,-3448.835468846
871,435.5,1.472421543,377.091155199,-3454.377285414,-3448.838711806
872,436.0,1.528077789,391.344870868,-3454.436651178,-3448.838632107
873,436.5,1.545751043,395.871039105,-3454.461040038,-3448.83777721
874,437.0,1.539536291,394.279424241,-3454.459765258,-3448.837188785
875,437.5,1.516430346,388.361929203,-3454.441254159,-3448.837049486
876,438.0,1.477811211,378.471463779,-3454.408580319,-3448.841394508
877,438.5,1.37362059,351.787962882,-3454.309953906,-3448.846048425
878,439.0,1.289531701,330.252569908,-3454.201585369,-3448.815888934
879,439.5,1.390137251,356.017924517,-3454.333669417,-3448.842645565
880,440.0,1.436138713,367.799023999,-3454.375815377,-3448.83487191
881,440.5,1.427744397,365.649216856,-3454.367953247,-3448.831725059
882,441.0,1.416788501,362.843382101,-3454.350974069,-3448.831397359
883,441.5,1.388148041,355.508482427,-3454.328668871,-3448.831904744
884,442.0,1.348794053,345.42981934,-3454.297021738,-3448.832484586
885,442.5,1.303445341,333.81589107,-3454.251413907,-3448.833501837
886,443.0,1.235879093,316.511991462,-3454.18430338,-3448.831687615
887,443.5,1.193772633,305.728412711,-3454.142545236,-3448.835839426
888,444.0,1.209834325,309.841855627,-3454.159287065,-3448.840143563
889,444.5,1.234442498,316.144075489,-3454.189545541,-3448.842219232
890,445.0,1.249752581,320.065029391,-3454.196032901,-3448.841451864
891,445.5,1.240195543,317.617445984,-3454.184113858,-3448.839535744
892,446.0,1.231927341,315.49993714,-3454.180632,-3448.838338901
893,446.5,1.248805658,319.822519793,-3454.201399262,-3448.840473611
894,447.0,1.266798802,324.430612852,-3454.220369214,-3448.841357685
895,447.5,1.261610497,323.101873965,-3454.217449395,-3448.840765359
896,448.0,1.240211787,317.621606232,-3454.197100747,-3448.839928316
897,448.5,1.223724483,313.399162749,-3454.174442061,-3448.838899115
898,449.0,1.220096213,312.469953066,-3454.164975786,-3448.838135422
899,449.5,1.226406161,314.085947715,-3454.177453041,-3448.837971921
900,450.0,1.25752436,322.055403051,-3454.213965568,-3448.83874787
901,450.5,1.306432659,334.580951205,-3454.266491503,-3448.840260148
902,451.0,1.354223666,346.820357951,-3454.309644038,-3448.842285052
903,451.5,1.357548379,347.671825855,-3454.311896553,-3448.843110574
904,452.0,1.321531214,338.447732295,-3454.268678897,-3448.839318839
905,452.5,1.291640302,330.792588586,-3454.237983997,-3448.838143285
906,453.0,1.280719809,327.995820574,-3454.235549323,-3448.842180222
907,453.5,1.256411336,321.770354616,-3454.212446478,-3448.840506986
908,454.0,1.222740081,313.147054802,-3454.184586785,-3448.837650507
909,454.5,1.223257505,313.279568561,-3454.188644888,-3448.838241198
910,455.0,1.247753755,319.553124732,-3454.218175978,-3448.839370851
911,455.5,1.280098541,327.836712159,-3454.250214911,-3448.840775752
912,456.0,1.29613411,331.943464923,-3454.269976675,-3448.84060926
913,456.5,1.29725742,332.231147619,-3454.274763636,-3448.840618912
914,457.0,1.286620798,329.507079874,-3454.265922358,-3448.84029124
915,457.5,1.277051928,327.056466178,-3454.25402667,-3448.838813388
916,458.0,1.281458217,328.184928887,-3454.261215993,-3448.837820008
917,458.5,1.320029366,338.063104872,-3454.301097581,-3448.838770395
918,459.0,1.381733599,353.86572646,-3454.359672912,-3448.840482766
919,459.5,1.425443905,365.060054622,-3454.411587011,-3448.841502676
920,460.0,1.455283722,372.702112604,-3454.439318239,-3448.842403855
921,460.5,1.430208575,366.280299318,-3454.430603852,-3448.842464925
922,461.0,1.40551019,359.954976056,-3454.403482278,-3448.83825228
923,461.5,1.417723833,363.082923013,-3454.411738832,-3448.841217468
924,462.0,1.41846544,363.272850561,-3454.426827158,-3448.842716051
925,462.5,1.412515519,361.749059676,-3454.416119048,-3448.847024602
926,463.0,1.332086862,341.151062203,-3454.328430715,-3448.844838781
927,463.5,1.309424546,335.347181526,-3454.290019957,-3448.831622021
928,464.0,1.398312508,358.11163003,-3454.397259023,-3448.847422569
929,464.5,1.399509563,358.41819904,-3454.397303335,-3448.840758847
930,465.0,1.337691568,342.586442633,-3454.343371739,-3448.837817155
931,465.5,1.2683098,324.817583448,-3454.279852731,-3448.836388273
932,466.0,1.209774546,309.826545998,-3454.231167471,-3448.835246581
933,466.5,1.196003188,306.299663788,-3454.21394187,-3448.835284119
934,467.0,1.207327681,309.199897245,-3454.230849222,-3448.835879117
935,467.5,1.244264355,318.659479799,-3454.272799648,-3448.836744066
936,468.0,1.286046749,329.36006439,-3454.323208961,-3448.83801565
937,468.5,1.317336583,337.373475843,-3454.361764252,-3448.839566668
938,469.0,1.32349969,338.951864257,-3454.367037903,-3448.840865374
939,469.5,1.286005089,329.349395227,-3454.331386921,-3448.837894317
940,470.0,1.258784829,322.378212605,-3454.306829246,-3448.834989384
941,470.5,1.282103613,328.35021659,-3454.331868337,-3448.83801374
942,471.0,1.304249743,334.021900436,-3454.364291123,-3448.839124119
943,471.5,1.305117027,334.244014349,-3454.377482542,-3448.838604238
944,472.0,1.296337651,331.995592395,-3454.372483874,-3448.837691974
945,472.5,1.288109701,329.888391963,-3454.359240742,-3448.837224048
946,473.0,1.271857372,325.726126342,-3454.343712143,-3448.836985807
947,473.5,1.265760837,324.164787214,-3454.329980568,-3448.836398446
948,474.0,1.257471139,322.04177317,-3454.326139719,-3448.836272645
949,474.5,1.265886855,324.197060708,-3454.333162919,-3448.837009865
950,475.0,1.265397672,324.071779586,-3454.34040333,-3448.837280207
951,475.5,1.271912743,325.740307055,-3454.342498314,-3448.836964832
952,476.0,1.280038022,327.821213179,-3454.342857161,-3448.83666916
953,476.5,1.269889026,325.222027594,-3454.345014952,-3448.837073821
954,477.0,1.269004236,324.995430597,-3454.343472771,-3448.838314672
955,477.5,1.243538065,318.473475054,-3454.322389197,-3448.83960138
956,478.0,1.193811943,305.738479997,-3454.271855577,-3448.83759992
957,478.5,1.156780194,296.254548673,-3454.235611684,-3448.832355194
958,479.0,1.187732194,304.181439969,-3454.27856149,-3448.837385533
959,479.5,1.24942604,319.981401365,-3454.340043576,-3448.8405209
960,480.0,1.272847288,325.979646594,-3454.362562109,-3448.83958133
961,480.5,1.256238014,321.725966291,-3454.350020359,-3448.838239262
962,481.0,1.223554783,313.355702062,-3454.320729974,-3448.836882799
963,481.5,1.187815726,304.202832731,-3454.294732615,-3448.835833259
964,482.0,1.178133702,301.723239914,-3454.286886107,-3448.83615116
965,482.5,1.184320553,303.307709436,-3454.292888693,-3448.836950009
966,483.0,1.192764653,305.470266305,-3454.30042627,-3448.836978284
967,483.5,1.193736117,305.719060779,-3454.306805564,-3448.836619221
968,484.0,1.199339397,307.154075985,-3454.315989138,-3448.836328593
969,484.5,1.216558504,311.563936009,-3454.331893955,-3448.836223514
970,485.0,1.236492689,316.669134985,-3454.355810394,-3448.836382375
971,485.5,1.265380344,324.06734193,-3454.3854172,-3448.837538409
972,486.0,1.29059479,330.52482992,-3454.409318364,-3448.838376411
973,486.5,1.303164187,333.743886658,-3454.419451787,-3448.837973401
974,487.0,1.310270914,335.563938689,-3454.430125318,-3448.836066969
975,487.5,1.339041405,342.932139571,-3454.468687203,-3448.84061289
976,488.0,1.33428737,341.714618269,-3454.472224529,-3448.849921038
977,488.5,1.250440755,320.241272503,-3454.363026792,-3448.826483623
978,489.0,1.286659516,329.516995675,-3454.421493462,-3448.847117416
979,489.5,1.347729591,345.157207636,-3454.482936996,-3448.84514513
980,490.0,1.347537357,345.107975943,-3454.478298997,-3448.840674934
981,490.5,1.324772071,339.27772435,-3454.459293777,-3448.839613122
982,491.0,1.313347721,336.351917309,-3454.439236142,-3448.839591619
983,491.5,1.296603177,332.063594241,-3454.417116028,-3448.839719054
984,492.0,1.268079342,324.758562687,-3454.390794145,-3448.839565812
985,492.5,1.238451414,317.170769826,-3454.365474439,-3448.839933785
986,493.0,1.219130333,312.222588575,-3454.34654394,-3448.839862375
987,493.5,1.201004987,307.580638221,-3454.336476029,-3448.84049603
988,494.0,1.187395718,304.095267448,-3454.328835728,-3448.841173799
989,494.5,1.180480016,302.324137442,-3454.318036489,-3448.840786575
990,495.0,1.172771584,300.349987088,-3454.310041666,-3448.84155674
991,495.5,1.159079251,296.843343344,-3454.29845961,-3448.84156393
992,496.0,1.156691518,296.231838503,-3454.292263278,-3448.838762154
993,496.5,1.18007403,302.22016334,-3454.318799631,-3448.842157103
994,497.0,1.200266968,307.391629503,-3454.336940506,-3448.841984016
995,497.5,1.196926378,306.53609537,-3454.337309998,-3448.840346841
996,498.0,1.192682053,305.449112217,-3454.336959063,-3448.84028501
997,498.5,1.192819687,305.484360536,-3454.336244311,-3448.840441965
998,499.0,1.190758037,304.956366497,-3454.331192338,-3448.840110693
999,499.5,1.183858869,303.189470776,-3454.32481546,-3448.839614931
1000,500.0,1.189857062,304.725624293,-3454.323261546,-3448.839345363
1001,500.5,1.200444774,307.437166215,-3454.330131829,-3448.839517678
1002,501.0,1.206781396,309.059992318,-3454.343975245,-3448.840051283
1003,501.5,1.213028878,310.659989406,-3454.359549962,-3448.840573949
1004,502.0,1.228181901,314.540719668,-3454.372796527,-3448.840542557
1005,502.5,1.243288667,318.409603538,-3454.387775061,-3448.8397065
1006,503.0,1.269309139,325.073517067,-3454.417721549,-3448.840212206
1007,503.5,1.302617662,333.603920231,-3454.454829161,-3448.84331343
1008,504.0,1.300616896,333.091518576,-3454.459609784,-3448.844361043
1009,504.5,1.269183533,325.041349038,-3454.425959331,-3448.839808069
1010,505.0,1.264219555,323.770060718,-3454.416349164,-3448.839027647
1011,505.5,1.291319692,330.710479396,-3454.443022895,-3448.841748552
1012,506.0,1.309131313,335.272083866,-3454.463995127,-3448.841750921
1013,506.5,1.307518231,334.858969112,-3454.470498162,-3448.84087421
1014,507.0,1.310439047,335.60699801,-3454.473137309,-3448.840857096
1015,507.5,1.315870431,336.997990321,-3454.477840355,-3448.840753704
1016,508.0,1.320819355,338.265423239,-3454.484433363,-3448.840935468
1017,508.5,1.324193402,339.1295257,-3454.48868966,-3448.841788561
1018,509.0,1.312310644,336.086319207,-3454.476573493,-3448.84536539
1019,509.5,1.227872348,314.461442249,-3454.401492187,-3448.849659924
1020,510.0,1.13662176,291.091919047,-3454.285849731,-3448.823674865
1021,510.5,1.202535552,307.972620097,-3454.382892404,-3448.848803039
1022,511.0,1.265863423,324.191059655,-3454.446454848,-3448.843365326
1023,511.5,1.294610457,331.55325321,-3454.473616452,-3448.841529147
1024,512.0,1.295630971,331.814609747,-3454.487911673,-3448.842654257
1025,512.5,1.287688898,329.780623135,-3454.475030746,-3448.843096016
1026,513.0,1.248747553,319.807638865,-3454.434583921,-3448.840551166
1027,513.5,1.222658517,313.126166129,-3454.410017905,-3448.838054566
1028,514.0,1.23485497,316.249710849,-3454.433044911,-3448.843164256
1029,514.5,1.252074256,320.659616647,-3454.449238986,-3448.843487349
1030,515.0,1.25410584,321.179910864,-3454.439886738,-3448.842023415
1031,515.5,1.236305614,316.621224648,-3454.420505896,-3448.8413829
1032,516.0,1.219024651,312.195522972,-3454.403485408,-3448.841269834
1033,516.5,1.20261386,307.992674959,-3454.391920324,-3448.840840867
1034,517.0,1.192687995,305.450633956,-3454.3865109,-3448.841380981
1035,517.5,1.189571558,304.652505867,-3454.382931135,-3448.841865177
1036,518.0,1.186719523,303.922092177,-3454.375124422,-3448.842192973
1037,518.5,1.168767203,299.324454073,-3454.359142655,-3448.841505828
1038,519.0,1.158780771,296.766901737,-3454.345428205,-3448.839969852
1039,519.5,1.172064806,300.168979267,-3454.353322819,-3448.840593449
1040,520.0,1.189918147,304.741268276,-3454.374576344,-3448.842140748
1041,520.5,1.202568485,307.981054274,-3454.386034427,-3448.842272018
1042,521.0,1.190977738,305.012632602,-3454.380943311,-3448.842512639
1043,521.5,1.163925088,298.084375424,-3454.355945021,-3448.842438649
1044,522.0,1.120957992,287.08038534,-3454.322719176,-3448.838794622
1045,522.5,1.127311385,288.707506553,-3454.330206479,-3448.84042564
1046,523.0,1.169614187,299.541369027,-3454.362592396,-3448.842656353
1047,523.5,1.182308625,302.792449029,-3454.382229616,-3448.841868868
1048,524.0,1.187701394,304.173551933,-3454.390180362,-3448.84132108
1049,524.5,1.1839396,303.210146211,-3454.393516171,-3448.841152244
1050,525.0,1.188556559,304.392562078,-3454.39705834,-3448.84091844
1051,525.5,1.19641007,306.403867501,-3454.40512939,-3448.841221295
1052,526.0,1.2060345,308.868710109,-3454.417573704,-3448.841335435
1053,526.5,1.225847213,313.942799857,-3454.433864458,-3448.841167001
1054,527.0,1.241902346,318.054562931,-3454.458288447,-3448.840923026
1055,527.5,1.286270145,329.417276589,-3454.495285108,-3448.84319651
1056,528.0,1.290219485,330.428713446,-3454.512928748,-3448.849716918
1057,528.5,1.225197584,313.77642788,-3454.443043212,-3448.842906055
1058,529.0,1.239758874,317.505613926,-3454.45383467,-3448.837565281
1059,529.5,1.347904762,345.202069507,-3454.58303053,-3448.849789762
1060,530.0,1.366672535,350.008546954,-3454.601737969,-3448.845945012
1061,530.5,1.323696914,339.002373785,-3454.549742388,-3448.840342593
1062,531.0,1.283225205,328.637459338,-3454.508439052,-3448.838307176
1063,531.5,1.280534085,327.948256176,-3454.503807638,-3448.841341539
1064,532.0,1.275081187,326.551754068,-3454.494362253,-3448.841181087
1065,532.5,1.253668955,321.06802336,-3454.472731388,-3448.840135109
1066,533.0,1.221056829,312.71596926,-3454.448169003,-3448.839786537
1067,533.5,1.203928714,308.329412534,-3454.425375366,-3448.839567895
1068,534.0,1.185130935,303.515250274,-3454.407479571,-3448.839803247
1069,534.5,1.177084723,301.454593735,-3454.392556971,-3448.840082899
1070,535.0,1.174205979,300.717339369,-3454.378139539,-3448.839574968
1071,535.5,1.168820814,299.338184083,-3454.373930372,-3448.838991918
1072,536.0,1.181458929,302.574839785,-3454.387921757,-3448.839658411
1073,536.5,1.212986702,310.649188064,-3454.41244447,-3448.839434533
1074,537.0,1.237149174,316.83726254,-3454.446710749,-3448.839518192
1075,537.5,1.27472883,326.461514641,-3454.486347671,-3448.840561595
1076,538.0,1.309413055,335.344238801,-3454.515682007,-3448.841789512
1077,538.5,1.30462056,334.116867832,-3454.515652386,-3448.842817195
1078,539.0,1.267873725,324.705903657,-3454.475496571,-3448.840977532
1079,539.5,1.218034991,311.942068526,-3454.430339641,-3448.837052099
1080,540.0,1.211656323,310.308474282,-3454.430545285,-3448.839355746
1081,540.5,1.230149376,315.044595421,-3454.450389512,-3448.839972667
1082,541.0,1.253188584,320.944999174,-3454.471510414,-3448.83960707
1083,541.5,1.277328567,327.1273143,-3454.49413955,-3448.839863834
1084,542.0,1.290676042,330.545638855,-3454.511903609,-3448.84048345
1085,542.5,1.292312997,330.964867362,-3454.515176012,-3448.840660038
1086,543.0,1.276184724,326.834372909,-3454.50293577,-3448.839567323
1087,543.5,1.257273507,321.991159078,-3454.492546897,-3448.838808363
1088,544.0,1.25569858,321.587815838,-3454.499062659,-3448.839356321
1089,544.5,1.278637487,327.462532268,-3454.516418258,-3448.839497821
1090,545.0,1.306095628,334.49463673,-3454.539443938,-3448.839870614
1091,545.5,1.328723734,340.289755971,-3454.558743725,-3448.842417164
1092,546.0,1.306097529,334.495123612,-3454.536317076,-3448.848586934
1093,546.5,1.198258838,306.877341952,-3454.421703023,-3448.835507955
1094,547.0,1.216158731,311.461553068,-3454.444014501,-3448.845268085
1095,547.5,1.298390534,332.521341167,-3454.523757764,-3448.849943349
1096,548.0,1.29063394,330.534856504,-3454.514150662,-3448.840695851
1097,548.5,1.290849607,330.590089295,-3454.517799427,-3448.841006135
1098,549.0,1.310608708,335.650448785,-3454.534478343,-3448.842726713
1099,549.5,1.302037061,333.455226696,-3454.529706319,-3448.842012356
1100,550.0,1.263240794,323.519397271,-3454.503770488,-3448.841560879
1101,550.5,1.22536964,313.82049187,-3454.461427378,-3448.841417576
1102,551.0,1.170114983,299.669624355,-3454.410254335,-3448.842743468
1103,551.5,1.118439163,286.435306556,-3454.363677897,-3448.840976984
1104,552.0,1.100735205,281.901274872,-3454.350309538,-3448.841006995
1105,552.5,1.123442713,287.716729201,-3454.372994009,-3448.842069018
1106,553.0,1.161622328,297.494632422,-3454.413094273,-3448.843136823
1107,553.5,1.199608009,307.222868229,-3454.4491328,-3448.843649184
1108,554.0,1.216952569,311.664857252,-3454.469312832,-3448.843500062
1109,554.5,1.222029658,312.965113489,-3454.474878875,-3448.843166399
1110,555.0,1.211668813,310.311672872,-3454.470215102,-3448.843032187
1111,555.5,1.197921801,306.791025908,-3454.454496462,-3448.843434365
1112,556.0,1.162444074,297.705083698,-3454.421962823,-3448.8435252
1113,556.5,1.128280909,288.955804405,-3454.38204309,-3448.840235139
1114,557.0,1.13336505,290.257866669,-3454.382205369,-3448.840365818
1115,557.5,1.169550024,299.524936755,-3454.419449059,-3448.844098368
1116,558.0,1.19218738,305.322425068,-3454.442368609,-3448.843953775
1117,558.5,1.19311333,305.559563442,-3454.442330956,-3448.843124937
1118,559.0,1.172510693,300.283172239,-3454.429622594,-3448.842309677
1119,559.5,1.156400297,296.157256085,-3454.419024632,-3448.8409429
1120,560.0,1.175872565,301.144156593,-3454.430583902,-3448.840725675
1121,560.5,1.21527575,311.235419463,-3454.468675558,-3448.841719295
1122,561.0,1.261780899,323.14551423,-3454.51743977,-3448.84285392
1123,561.5,1.311788804,335.95267464,-3454.557686862,-3448.84398453
1124,562.0,1.313763138,336.45830693,-3454.570907626,-3448.84639131
1125,562.5,1.256185579,321.712537528,-3454.522858654,-3448.851247905
1126,563.0,1.13968651,291.876809817,-3454.393995396,-3448.83281084
1127,563.5,1.16766002,299.040901686,-3454.439830118,-3448.848752017
1128,564.0,1.254891945,321.381234364,-3454.526270781,-3448.851234869
1129,564.5,1.258742352,322.367334049,-3454.529663515,-3448.847593914
1130,565.0,1.223626447,313.374055509,-3454.492935121,-3448.843975096
1131,565.5,1.210586921,310.034597528,-3454.471759484,-3448.841934146
1132,566.0,1.21903226,312.197471885,-3454.487670171,-3448.845696759
1133,566.5,1.218601599,312.087178346,-3454.489218644,-3448.84645285
1134,567.0,1.187665865,304.164452829,-3454.457656861,-3448.845175777
1135,567.5,1.134522998,290.554420376,-3454.408674545,-3448.843128197
1136,568.0,1.103735794,282.669733649,-3454.371963831,-3448.841699681
1137,568.5,1.103346901,282.570137155,-3454.366752896,-3448.84296186
1138,569.0,1.109283903,284.090619664,-3454.37735551,-3448.844380878
1139,569.5,1.10740356,283.609058662,-3454.381454424,-3448.844247348
1140,570.0,1.106784033,283.450395944,-3454.377063639,-3448.843225788
1141,570.5,1.109416874,284.124673799,-3454.37733497,-3448.842557954
1142,571.0,1.130966498,289.643590948,-3454.392738157,-3448.842587335
1143,571.5,1.162740657,297.781039408,-3454.42223081,-3448.843179108
1144,572.0,1.194490519,305.9122652,-3454.456870689,-3448.843770173
1145,572.5,1.221242431,312.763502612,-3454.486812198,-3448.844467071
1146,573.0,1.235876676,316.511372443,-3454.50036322,-3448.845390839
1147,573.5,1.228447022,314.608617908,-3454.489155069,-3448.844089026
1148,574.0,1.226639919,314.145813889,-3454.479826402,-3448.841251216
1149,574.5,1.247461651,319.478315979,-3454.505442684,-3448.844659198
1150,575.0,1.270440242,325.363195653,-3454.523895134,-3448.845931081
1151,575.5,1.256766428,321.861294763,-3454.512611122,-3448.844016318
1152,576.0,1.24491841,318.826984943,-3454.498394015,-3448.841593522
1153,576.5,1.255349825,321.4984987,-3454.515475437,-3448.842200056
1154,577.0,1.285824266,329.303085731,-3454.555494184,-3448.845237919
1155,577.5,1.300926756,333.17087457,-3454.571404112,-3448.849750817
1156,578.0,1.22899708,314.749489227,-3454.501739115,-3448.850066555
1157,578.5,1.167159644,298.912753935,-3454.427719344,-3448.829309171
1158,579.0,1.24458976,318.742816854,-3454.535689316,-3448.850177392
1159,579.5,1.283462415,328.698209514,-3454.571903918,-3448.844480289
1160,580.0,1.269040412,325.004695331,-3454.557220729,-3448.841673058
1161,580.5,1.247047306,319.372201218,-3454.53159865,-3448.840343869
1162,581.0,1.226428204,314.091593219,-3454.509534533,-3448.84109124
1163,581.5,1.206832446,309.073066386,-3454.487262115,-3448.841566113
1164,582.0,1.179949,302.188142857,-3454.457365292,-3448.841808429
1165,582.5,1.153816455,295.495526933,-3454.430111165,-3448.839124935
1166,583.0,1.151889704,295.002080985,-3454.438304466,-3448.842341228
1167,583.5,1.166875953,298.840100026,-3454.44547534,-3448.843581501
1168,584.0,1.152223819,295.087648668,-3454.429785868,-3448.840728723
1169,584.5,1.235110776,316.315223377,-3301.245142324,-3295.567774832
1170,585.0,1.488845283,381.297319456,-3454.406962417,-3448.478695424
1171,585.5,1.437069052,368.037286223,-3454.347686586,-3448.477105072
1172,586.0,1.358341563,347.874962465,-3454.261891325,-3448.474973904
1173,586.5,1.281734503,328.25568652,-3454.178592128,-3448.473122138
1174,587.0,1.22524382,313.788269117,-3454.124219087,-3448.472064469
1175,587.5,1.212115547,310.426082706,-3454.113848137,-3448.471990655
1176,588.0,1.240899002,317.797603842,-3454.147906725,-3448.472759039
1177,588.5,1.303484085,333.82581351,-3454.213841916,-3448.474060452
1178,589.0,1.371041371,351.127417725,-3454.291251086,-3448.475496844
1179,589.5,1.432820637,366.949255487,-3454.358391203,-3448.476811378
1180,590.0,1.473285657,377.312457079,-3454.396286291,-3448.478050948
1181,590.5,1.454528864,372.508791587,-3454.388280797,-3448.479491732
1182,591.0,1.387122044,355.245721727,-3454.324440245,-3448.477645626
1183,591.5,1.313552593,336.404385589,-3454.246939493,-3448.472640827
1184,592.0,1.290986506,330.625149663,-3454.224553359,-3448.474677198
1185,592.5,1.307689125,334.902735513,-3454.242427751,-3448.475339324
1186,593.0,1.349887156,345.70976591,-3454.280808996,-3448.475600409
1187,593.5,1.400951062,358.787370845,-3454.327814332,-3448.475402573
1188,594.0,1.445435593,370.17998007,-3454.377958439,-3448.475496751
1189,594.5,1.488164874,381.123064884,-3454.42418785,-3448.476222163
1190,595.0,1.511493143,387.097497959,-3454.451597558,-3448.47813247
1191,595.5,1.481724171,379.473583511,-3454.429455084,-3448.483117646
1192,596.0,1.366692376,350.013628349,-3454.310817478,-3448.475556286
1193,596.5,1.341356752,343.525106217,-3454.278476467,-3448.470333076
1194,597.0,1.426207433,365.255596103,-3454.377146536,-3448.481396498
1195,597.5,1.443227839,369.614568323,-3454.398066818,-3448.475587256
1196,598.0,1.431938601,366.723363745,-3454.390605735,-3448.473541034
1197,598.5,1.417414637,363.003737156,-3454.383517287,-3448.473947485
1198,599.0,1.406787324,360.282053407,-3454.372127635,-3448.475585145
1199,599.5,1.365263005,349.647562557,-3454.337910392,-3448.476196135
1200,600.0,1.314245249,336.581776844,-3454.28645804,-3448.471624863
1201,600.5,1.321483996,338.435639451,-3454.286788263,-3448.470837351
1202,601.0,1.378989681,353.16300149,-3454.34762595,-3448.476044683
1203,601.5,1.417040584,362.907941189,-3454.395257027,-3448.477646495
1204,602.0,1.428350325,365.804396531,-3454.40490797,-3448.47667996
1205,602.5,1.401595449,358.952400245,-3454.384551477,-3448.475966883
1206,603.0,1.355721762,347.204024352,-3454.342919367,-3448.47523671
1207,603.5,1.300333402,333.018915073,-3454.29162608,-3448.474650391
1208,604.0,1.259135929,322.468130221,-3454.244656602,-3448.47374624
1209,604.5,1.230351642,315.096396277,-3454.215859861,-3448.473554605
1210,605.0,1.225268127,313.794494144,-3454.210301179,-3448.473618362
1211,605.5,1.23995989,317.557094661,-3454.226581735,-3448.47353052
1212,606.0,1.272428267,325.872334162,-3454.261803343,-3448.473987264
1213,606.5,1.306852291,334.688420057,-3454.30786173,-3448.475459701
1214,607.0,1.332550147,341.269710883,-3454.346895809,-3448.476746322
1215,607.5,1.338225987,342.72330896,-3454.36109871,-3448.477158441
1216,608.0,1.317199427,337.338349708,-3454.342797629,-3448.477518966
1217,608.5,1.270006455,325.252101584,-3454.294114759,-3448.475873388
1218,609.0,1.236984762,316.795156346,-3454.252018549,-3448.472031467
1219,609.5,1.239324052,317.394254845,-3454.26377162,-3448.475430527
1220,610.0,1.265136685,324.004940262,-3454.289714314,-3448.475960767
1221,610.5,1.285902893,329.323222319,-3454.308757029,-3448.47463022
1222,611.0,1.305411675,334.319474373,-3454.332307639,-3448.474335527
1223,611.5,1.334053236,341.654656085,-3454.362549554,-3448.474651738
1224,612.0,1.366252679,349.901020763,-3454.393662522,-3448.474974827
1225,612.5,1.388826318,355.682191133,-3454.41967255,-3448.475185803
1226,613.0,1.409501542,360.977171965,-3454.437668252,-3448.475176263
1227,613.5,1.422346894,364.266901511,-3454.448340837,-3448.475074101
1228,614.0,1.434755214,367.444706112,-3454.453832461,-3448.475109228
1229,614.5,1.430043708,366.238076463,-3454.454948151,-3448.475472362
1230,615.0,1.419886329,363.636744189,-3454.449022408,-3448.476242115
1231,615.5,1.396895846,357.748818985,-3454.429121457,-3448.477423687
1232,616.0,1.359721388,348.228339504,-3454.391870271,-3448.473330047
1233,616.5,1.367157695,350.132797817,-3454.399573949,-3448.472060426
1234,617.0,1.411670692,361.532697204,-3454.458028055,-3448.480437141
1235,617.5,1.425216682,365.001862048,-3454.47164756,-3448.477437883
1236,618.0,1.428451895,365.83040887,-3454.467444708,-3448.47572465
1237,618.5,1.414877377,362.353938084,-3454.462060054,-3448.477682481
1238,619.0,1.371672707,351.289104647,-3454.424824117,-3448.475977932
1239,619.5,1.323288968,338.897897752,-3454.367635863,-3448.474338164
1240,620.0,1.268968134,324.986184781,-3454.310674665,-3448.473499258
1241,620.5,1.226537173,314.119500251,-3454.266251768,-3448.472862718
1242,621.0,1.20123652,307.639934502,-3454.243814414,-3448.472385234
1243,621.5,1.204561906,308.49157474,-3454.253770346,-3448.474988777
1244,622.0,1.244386505,318.690762748,-3454.289157087,-3448.47579828
1245,622.5,1.288900092,330.090813296,-3454.338639115,-3448.476927017
1246,623.0,1.330164607,340.658767585,-3454.384892853,-3448.477495174
1247,623.5,1.360377188,348.39629152,-3454.419618373,-3448.477500241
1248,624.0,1.375303312,352.218912556,-3454.44227379,-3448.477813573
1249,624.5,1.376355584,352.488402155,-3454.451199474,-3448.477409233
1250,625.0,1.376614766,352.554779461,-3454.453489125,-3448.477349155
1251,625.5,1.372084109,351.394465875,-3454.451209081,-3448.47883435
1252,626.0,1.355410609,347.124337192,-3454.433330225,-3448.477248105
1253,626.5,1.367421673,350.200403382,-3454.430520701,-3448.473553467
1254,627.0,1.409889293,361.076476175,-3454.485187113,-3448.477886519
1255,627.5,1.46877564,376.157429625,-3454.544086709,-3448.480515681
1256,628.0,1.47747047,378.384199092,-3454.560333354,-3448.481548755
1257,628.5,1.430609847,366.383066348,-3454.522419763,-3448.478536263
1258,629.0,1.401472858,358.92100422,-3454.488695588,-3448.47197892
1259,629.5,1.415497435,362.512736405,-3454.519228066,-3448.480611987
1260,630.0,1.416182411,362.688160714,-3454.521972895,-3448.47997412
1261,630.5,1.381609402,353.833919254,-3454.485228367,-3448.47809369
1262,631.0,1.333478837,341.507551003,-3454.431762696,-3448.476957435
1263,631.5,1.277495354,327.17002875,-3454.378409545,-3448.476214823
1264,632.0,1.23686426,316.764295505,-3454.336510464,-3448.476114274
1265,632.5,1.212103005,310.422870742,-3454.310492634,-3448.475308615
1266,633.0,1.21817955,311.979090345,-3454.312517888,-3448.47490243
1267,633.5,1.24130345,317.901183931,-3454.345900491,-3448.476913424
1268,634.0,1.275600533,326.68476015,-3454.381768133,-3448.479036579
1269,634.5,1.281517884,328.200209829,-3454.38911745,-3448.479349397
1270,635.0,1.26258454,323.351328896,-3454.371082081,-3448.475584061
1271,635.5,1.260736012,322.877915788,-3454.37697554,-3448.476728215
1272,636.0,1.272207286,325.8157403,-3454.39487367,-3448.479050798
1273,636.5,1.263594484,323.609978455,-3454.388609225,-3448.477717753
1274,637.0,1.245602642,319.002218704,-3454.370595647,-3448.476196051
1275,637.5,1.231630519,315.423920021,-3454.361927386,-3448.475671256
1276,638.0,1.235888568,316.514418,-3454.370871685,-3448.476138646
1277,638.5,1.258025819,322.183827974,-3454.391967258,-3448.476729166
1278,639.0,1.286854531,329.566939451,-3454.417673281,-3448.476717966
1279,639.5,1.319806492,338.00602621,-3454.44831092,-3448.4766484
1280,640.0,1.345115078,344.487623745,-3454.483397709,-3448.477719654
1281,640.5,1.380141815,353.458066221,-3454.511956428,-3448.477940667
1282,641.0,1.389340833,355.813959776,-3454.531442417,-3448.478070012
1283,641.5,1.399767982,358.484380888,-3454.53628438,-3448.48062568
1284,642.0,1.366402009,349.939264559,-3454.498830474,-3448.478132931
1285,642.5,1.33964259,343.08610489,-3454.462138415,-3448.474026532
1286,643.0,1.320277924,338.126761137,-3454.46312864,-3448.481125967
1287,643.5,1.289924277,330.353109793,-3454.432763061,-3448.476420585
1288,644.0,1.277327123,327.126944462,-3454.42354308,-3448.473188019
1289,644.5,1.322538098,338.705597875,-3454.472865687,-3448.477063118
1290,645.0,1.363849623,349.285591584,-3454.528470291,-3448.478391749
1291,645.5,1.397847544,357.992551415,-3454.560754441,-3448.478563428
1292,646.0,1.398674998,358.204464708,-3454.562086266,-3448.478421572
1293,646.5,1.362988141,349.064963644,-3454.533996179,-3448.477716972
1294,647.0,1.319219542,337.855706716,-3454.490033742,-3448.476522864
1295,647.5,1.273811811,326.226663554,-3454.450605741,-3448.475929514
1296,648.0,1.249388162,319.971700731,-3454.424525711,-3448.476716865
1297,648.5,1.231478211,315.384913496,-3454.404348762,-3448.476368927
1298,649.0,1.23170161,315.44212671,-3454.39738068,-3448.474709519
1299,649.5,1.259925244,322.67027611,-3454.422947864,-3448.475104662
1300,650.0,1.314938381,336.759289861,-3454.473319444,-3448.47660438
1301,650.5,1.364357603,349.415686755,-3454.525523342,-3448.47762734
1302,651.0,1.391285953,356.31211023,-3454.56308558,-3448.478453195
1303,651.5,1.403830216,359.524730189,-3454.573949012,-3448.479081992
1304,652.0,1.387705175,355.39506317,-3454.554448263,-3448.477460078
1305,652.5,1.368714488,350.531496862,-3454.537723257,-3448.475445491
1306,653.0,1.366071701,349.854671847,-3454.547827058,-3448.480588892
1307,653.5,1.344696772,344.380494408,-3454.530065238,-3448.47739244
1308,654.0,1.339872982,343.145108897,-3454.521722815,-3448.473926969
1309,654.5,1.361456716,348.672761597,-3454.553042875,-3448.479836433
1310,655.0,1.361691081,348.732783288,-3454.55690673,-3448.47815393
1311,655.5,1.341224642,343.491272491,-3454.542577021,-3448.476690559
1312,656.0,1.333946944,341.627434386,-3454.527835831,-3448.477309639
1313,656.5,1.317468009,337.407134482,-3454.506982218,-3448.477190476
1314,657.0,1.290704469,330.552919192,-3454.481229071,-3448.4758554
1315,657.5,1.269799628,325.199132526,-3454.464092343,-3448.475975062
1316,658.0,1.252636779,320.803680352,-3454.45197325,-3448.476227949
1317,658.5,1.235850089,316.504563557,-3454.437539567,-3448.47558997
1318,659.0,1.22476973,313.666853381,-3454.425926668,-3448.475199393
1319,659.5,1.213441662,310.765704364,-3454.424500478,-3448.475945283
1320,660.0,1.218517374,312.065608026,-3454.430574713,-3448.476673354
1321,660.5,1.221135842,312.736204931,-3454.436103855,-3448.475868864
1322,661.0,1.236709339,316.724619719,-3454.457092819,-3448.473233994
1323,661.5,1.299550218,332.818339343,-3454.527181672,-3448.476445233
1324,662.0,1.368680183,350.522711076,-3454.605182309,-3448.478699405
1325,662.5,1.40435993,359.660391381,-3454.648061841,-3448.478422183
1326,663.0,1.41493948,362.369842799,-3454.655741014,-3448.47765194
1327,663.5,1.40182277,359.010617711,-3454.642468613,-3448.476967886
1328,664.0,1.375993583,352.395692713,-3454.616699673,-3448.478040933
1329,664.5,1.318463119,337.661984837,-3454.565445188,-3448.479249237
1330,665.0,1.252919431,320.876068148,-3454.494524419,-3448.471827959
1331,665.5,1.249625165,320.03239789,-3454.4981187,-3448.47240006
1332,666.0,1.309792048,335.441299859,-3454.56348328,-3448.479163809
1333,666.5,1.345280964,344.530107683,-3454.604335478,-3448.478330817
1334,667.0,1.356818573,347.48492052,-3454.619142461,-3448.477457564
1335,667.5,1.360830095,348.512282235,-3454.617440582,-3448.477132697
1336,668.0,1.350897765,345.968585653,-3454.602945187,-3448.476834313
1337,668.5,1.316433044,337.142077044,-3454.575646878,-3448.47736671
1338,669.0,1.272743739,325.953127426,-3454.530208257,-3448.477041267
1339,669.5,1.23031096,315.085977572,-3454.480417738,-3448.473492039
1340,670.0,1.222598805,313.110873541,-3454.472353145,-3448.475061683
1341,670.5,1.240699047,317.746394797,-3454.488325603,-3448.477439585
1342,671.0,1.24584922,319.065368118,-3454.491815443,-3448.476267447
1343,671.5,1.248826721,319.827914174,-3454.492026654,-3448.475487311
1344,672.0,1.251449815,320.499695551,-3454.49908931,-3448.476187499
1345,672.5,1.255162964,321.450643267,-3454.506112392,-3448.476265722
1346,673.0,1.255544779,321.548427056,-3454.513129753,-3448.475281161
1347,673.5,1.277148938,327.081310727,-3454.531660552,-3448.47577321
1348,674.0,1.288892922,330.088976974,-3454.555244579,-3448.476803714
1349,674.5,1.301641742,333.353984418,-3454.568922355,-3448.476803676
1350,675.0,1.29981499,332.88614825,-3454.570480491,-3448.476951157
1351,675.5,1.281522434,328.201374873,-3454.56077922,-3448.475692552
1352,676.0,1.302692515,333.623090204,-3454.563945243,-3448.471802469
1353,676.5,1.352054785,346.264901681,-3454.615185376,-3448.477046116
1354,677.0,1.396301797,357.596681457,-3454.657260382,-3448.479558688
1355,677.5,1.385905109,354.934061601,-3454.649547572,-3448.478689039
1356,678.0,1.347262725,345.037642043,-3454.609273155,-3448.474659411
1357,678.5,1.327870789,340.071314467,-3454.594689339,-3448.474601081
1358,679.0,1.335582787,342.046378278,-3454.61023727,-3448.477053029
1359,679.5,1.333248997,341.448688262,-3454.619871987,-3448.477145276
1360,680.0,1.318577428,337.691259688,-3454.614472405,-3448.477666817
1361,680.5,1.284278418,328.907190028,-3454.588075382,-3448.477343716
1362,681.0,1.246025362,319.110478488,-3454.54848788,-3448.475817932
1363,681.5,1.221903476,312.932798035,-3454.517726525,-3448.475653178
1364,682.0,1.199338504,307.153847348,-3454.500630734,-3448.476403961
1365,682.5,1.189824465,304.717276162,-3454.488219681,-3448.476113406
1366,683.0,1.180753948,302.394292197,-3454.481886821,-3448.475498629
1367,683.5,1.191978466,305.268921586,-3454.490299814,-3448.47512267
1368,684.0,1.215559305,311.308038549,-3454.519823029,-3448.475231664
1369,684.5,1.256457378,321.782146124,-3454.567908019,-3448.476149967
1370,685.0,1.312901858,336.237730782,-3454.620623982,-3448.477409364
1371,685.5,1.340945487,343.419780193,-3454.657760587,-3448.478550418
1372,686.0,1.346318285,344.795768349,-3454.661907047,-3448.478740983
1373,686.5,1.321571678,338.458095034,-3454.637094354,-3448.475566293
1374,687.0,1.311721007,335.935311648,-3454.629884764,-3448.475767045
1375,687.5,1.306380021,334.567470536,-3454.638141242,-3448.481735542
1376,688.0,1.271628753,325.667576438,-3454.601785696,-3448.475146159
1377,688.5,1.26956975,325.140260102,-3454.609761845,-3448.475175857
1378,689.0,1.322346731,338.656588378,-3454.666603143,-3448.479688278
1379,689.5,1.351558524,346.137807815,-3454.695386267,-3448.477205293
1380,690.0,1.351736383,346.183357883,-3454.70880117,-3448.477487698
1381,690.5,1.343009352,343.948341739,-3454.703318022,-3448.477816276
1382,691.0,1.314855833,336.738149106,-3454.67634484,-3448.477165452
1383,691.5,1.274982164,326.526393983,-3454.636728412,-3448.476059607
1384,692.0,1.22755858,314.381085424,-3454.598112426,-3448.475623408
1385,692.5,1.200283927,307.395972681,-3454.570229886,-3448.475250447
1386,693.0,1.191441431,305.131385541,-3454.559165114,-3448.47477966
1387,693.5,1.19464423,305.951631123,-3454.566313427,-3448.475655934
1388,694.0,1.207483211,309.239728955,-3454.580288049,-3448.477646472
1389,694.5,1.206711309,309.042042847,-3454.580739676,-3448.478382514
1390,695.0,1.195475842,306.164609059,-3454.566071759,-3448.475251445
1391,695.5,1.209011381,309.631097479,-3454.580453646,-3448.474481518
1392,696.0,1.256780307,321.864849131,-3454.632123519,-3448.478563357
1393,696.5,1.297319747,332.247109864,-3454.666596319,-3448.478335862
1394,697.0,1.304940937,334.198917082,-3454.67564555,-3448.475863808
1395,697.5,1.307477478,334.848532275,-3454.683470894,-3448.475569732
1396,698.0,1.303141215,333.738003565,-3454.690394893,-3448.478553297
1397,698.5,1.281468583,328.187583713,-3454.661608138,-3448.480647557
1398,699.0,1.22918123,314.79665056,-3454.599279,-3448.469546795
1399,699.5,1.267934338,324.721426775,-3454.63764787,-3448.476304955
1400,700.0,1.345393469,344.558920475,-3454.71517288,-3448.480000584
1401,700.5,1.38709565,355.23896236,-3454.752448556,-3448.477950353
1402,701.0,1.389154146,355.766148806,-3454.762930553,-3448.47704237
1403,701.5,1.373164997,351.671284263,-3454.754856244,-3448.477066004
1404,702.0,1.34613782,344.749550682,-3454.729218287,-3448.477045965
1405,702.5,1.313616006,336.420625905,-3454.689843475,-3448.476510586
1406,703.0,1.260346195,322.778082769,-3454.646208758,-3448.476323373
1407,703.5,1.214308528,310.98771107,-3454.60822773,-3448.475041227
1408,704.0,1.202874701,308.05947701,-3454.59989998,-3448.47440651
1409,704.5,1.224522449,313.603523965,-3454.624627715,-3448.477785497
1410,705.0,1.241534847,317.960445352,-3454.638131222,-3448.477268366
1411,705.5,1.235193805,316.336487268,-3454.638876732,-3448.475944707
1412,706.0,1.239740611,317.50093674,-3454.643072797,-3448.475954519
1413,706.5,1.249317546,319.953615682,-3454.650420821,-3448.475638612
1414,707.0,1.260894979,322.91862764,-3454.660761765,-3448.47529131
1415,707.5,1.277617576,327.201330296,-3454.674660567,-3448.475518186
1416,708.0,1.287803272,329.809914549,-3454.68621361,-3448.476336944
1417,708.5,1.284515798,328.967983776,-3454.682143349,-3448.477978884
1418,709.0,1.251705022,320.565054711,-3454.641980728,-3448.478709187
1419,709.5,1.206516668,308.992194719,-3454.585111917,-3448.467757134
1420,710.0,1.243954051,318.580010122,-3454.636694144,-3448.477486117
1421,710.5,1.30577549,334.412648546,-3454.70455998,-3448.480121031
1422,711.0,1.337043831,342.420555615,-3454.722496665,-3448.47804957
1423,711.5,1.328696607,340.282808876,-3454.708799626,-3448.47802629
1424,712.0,1.295520794,331.786393018,-3454.668261141,-3448.476595503
1425,712.5,1.25888282,322.403308381,-3454.62531219,-3448.47437001
1426,713.0,1.234474735,316.152331556,-3454.606006508,-3448.476434965
1427,713.5,1.207133002,309.150039354,-3454.586871338,-3448.475899113
1428,714.0,1.186838406,303.952538226,-3454.566239228,-3448.475200666
1429,714.5,1.160425014,297.187996966,-3454.550505959,-3448.47460589
1430,715.0,1.155132718,295.832625511,-3454.54434695,-3448.47396705
1431,715.5,1.155226811,295.856723025,-3454.552970821,-3448.473799665
1432,716.0,1.184874776,303.449647482,-3454.577115241,-3448.474298958
1433,716.5,1.22461887,313.628217813,-3454.611322629,-3448.475061089
1434,717.0,1.258655927,322.345200508,-3454.646054412,-3448.475470247
1435,717.5,1.285493256,329.218313229,-3454.673303707,-3448.475741527
1436,718.0,1.305675808,334.387119771,-3454.690116783,-3448.475355246
1437,718.5,1.322114045,338.596996913,-3454.703194964,-3448.47385076
1438,719.0,1.347375318,345.066477524,-3454.728434969,-3448.47511342
1439,719.5,1.36549638,349.707330633,-3454.756475896,-3448.479011794
1440,720.0,1.341834895,343.647560021,-3454.737996933,-3448.482015445
1441,720.5,1.286599108,329.501524871,-3454.672656446,-3448.468354335
1442,721.0,1.305403937,334.317492816,-3454.70377349,-3448.477777231
1443,721.5,1.357221923,347.588219579,-3454.752613849,-3448.479050609
1444,722.0,1.365542562,349.719157855,-3454.765984695,-3448.477688477
1445,722.5,1.348094218,345.250589652,-3454.750987488,-3448.476445655
1446,723.0,1.324908558,339.31267921,-3454.720553888,-3448.475415598
1447,723.5,1.288331052,329.945080542,-3454.685718357,-3448.474803712
1448,724.0,1.260442092,322.802642269,-3454.653391183,-3448.474542725
1449,724.5,1.235606048,316.442063747,-3454.62628441,-3448.474256946
1450,725.0,1.222796655,313.161543471,-3454.605684199,-3448.474288021
1451,725.5,1.210324213,309.967317365,-3454.59233341,-3448.47418191
1452,726.0,1.206972508,309.108936561,-3454.58908509,-3448.473755791
1453,726.5,1.228503689,314.623130387,-3454.601984478,-3448.473201958
1454,727.0,1.25976545,322.629352291,-3454.63659394,-3448.473883393
1455,727.5,1.300927425,333.171045797,-3454.683521085,-3448.475666099
1456,728.0,1.336058973,342.168330738,-3454.719855924,-3448.477236647
1457,728.5,1.330660209,340.785692579,-3454.726253148,-3448.477957077
1458,729.0,1.303777585,333.900979486,-3454.699275427,-3448.476069015
1459,729.5,1.280719878,327.995838328,-3454.674610874,-3448.47287943
1460,730.0,1.2945593,331.540151715,-3454.694236616,-3448.477077025
1461,730.5,1.312139886,336.04258748,-3454.707867559,-3448.481623607
1462,731.0,1.263019727,323.462781508,-3454.662723286,-3448.474075022
1463,731.5,1.275643133,326.69567006,-3454.663273517,-3448.473888828
1464,732.0,1.320677976,338.229215513,-3454.711409584,-3448.479929538
1465,732.5,1.319880799,338.025056537,-3454.710091429,-3448.476506243
1466,733.0,1.295820543,331.863159542,-3454.68555615,-3448.474748079
1467,733.5,1.274448386,326.389692087,-3454.661223434,-3448.474590994
1468,734.0,1.251041555,320.395139156,-3454.64097733,-3448.474415025
1469,734.5,1.23549199,316.412853205,-3454.626608415,-3448.473868901
1470,735.0,1.228020746,314.499447532,-3454.623548427,-3448.47421694
1471,735.5,1.229519418,314.88326134,-3454.628842562,-3448.474688103
1472,736.0,1.242314033,318.159996938,-3454.63460604,-3448.475165404
1473,736.5,1.23505761,316.301607519,-3454.634096257,-3448.475664028
1474,737.0,1.221328267,312.785485369,-3454.620710253,-3448.476231717
1475,737.5,1.196095972,306.323426067,-3454.59276154,-3448.474366507
1476,738.0,1.187716861,304.177512958,-3454.585212093,-3448.470947955
1477,738.5,1.242490688,318.205238826,-3454.639722104,-3448.47448344
1478,739.0,1.305969148,334.462244913,-3454.711352464,-3448.476824979
1479,739.5,1.343093394,343.969865107,-3454.756340077,-3448.476650537
1480,740.0,1.355067574,347.036485017,-3454.771398216,-3448.476001555
1481,740.5,1.346183095,344.761145862,-3454.764595558,-3448.475799176
1482,741.0,1.315400568,336.877657077,-3454.740374375,-3448.476954511
1483,741.5,1.263469946,323.578083797,-3454.687429432,-3448.478910484
1484,742.0,1.191112743,305.04720767,-3454.605163963,-3448.469414442
1485,742.5,1.200367533,307.417384548,-3454.622042944,-3448.473067029
1486,743.0,1.279629504,327.716590424,-3454.704669595,-3448.478966241
1487,743.5,1.314295341,336.594605586,-3454.748211462,-3448.477497534
1488,744.0,1.328810442,340.311962225,-3454.75690647,-3448.476679346
1489,744.5,1.313119205,336.293393769,-3454.741955242,-3448.476347191
1490,745.0,1.276049546,326.799753426,-3454.710022293,-3448.476204465
1491,745.5,1.229878437,314.975207027,-3454.665317575,-3448.475756804
1492,746.0,1.187901502,304.224800177,-3454.618832306,-3448.473682065
1493,746.5,1.181431328,302.567770964,-3454.605410817,-3448.471747533
1494,747.0,1.216772615,311.618770604,-3454.648330291,-3448.475649892
1495,747.5,1.267334462,324.567796821,-3454.69852305,-3448.477294252
1496,748.0,1.289479727,330.239259272,-3454.723200143,-3448.476542464
1497,748.5,1.296025953,331.915765585,-3454.72591344,-3448.475826315
1498,749.0,1.288926827,330.097660075,-3454.714372573,-3448.475276451
1499,749.5,1.266382968,324.324116627,-3454.695937239,-3448.474656465
1500,750.0,1.24952404,320.006499483,-3454.681005595,-3448.473853778
1501,750.5,1.247253062,319.424895837,-3454.688333581,-3448.479843099
1502,751.0,1.261683907,323.120674292,-3454.710509125,-3448.480572956
1503,751.5,1.28454262,328.974852789,-3454.743170219,-3448.482059291
1504,752.0,1.300747211,333.124892532,-3454.763171541,-3448.484516198
1505,752.5,1.271233402,325.56632605,-3454.737601903,-3448.485822896
1506,753.0,1.227066476,314.255056284,-3454.677296256,-3448.475382666
1507,753.5,1.234035925,316.039951127,-3454.698464387,-3448.484141412
1508,754.0,1.254786637,321.354264668,-3454.720463897,-3448.485717053
1509,754.5,1.233114414,315.803949714,-3454.698091491,-3448.48209761
1510,755.0,1.217234394,311.737033358,-3454.68059859,-3448.479014288
1511,755.5,1.231996437,315.517632731,-3454.706247223,-3448.481466911
1512,756.0,1.266128126,324.258850829,-3454.742948686,-3448.482653018
1513,756.5,1.286290635,329.422524274,-3454.763645311,-3448.482355021
1514,757.0,1.28958541,330.266324997,-3454.7667357,-3448.482284697
1515,757.5,1.273973352,326.268034649,-3454.753451759,-3448.481799832
1516,758.0,1.24694298,319.345483008,-3454.73013181,-3448.480717697
1517,758.5,1.226953168,314.226037798,-3454.710585101,-3448.480125985
1518,759.0,1.213576936,310.800348563,-3454.702863936,-3448.480312459
1519,759.5,1.224930701,313.708078594,-3454.704135299,-3448.480393767
1520,760.0,1.235515233,316.418805961,-3454.712152285,-3448.480316228
1521,760.5,1.248584255,319.765818042,-3454.727241058,-3448.480276911
1522,761.0,1.264040032,323.724084278,-3454.748152729,-3448.480402474
1523,761.5,1.286901794,329.579043781,-3454.771548186,-3448.480651148
1524,762.0,1.299286316,332.750753306,-3454.793860557,-3448.481171602
1525,762.5,1.30393181,333.940477007,-3454.80721162,-3448.483512181
1526,763.0,1.279710219,327.737261911,-3454.783986833,-3448.485655243
1527,763.5,1.213075055,310.671815335,-3454.713023477,-3448.480924984
1528,764.0,1.191545101,305.157935624,-3454.686929585,-3448.474991829
1529,764.5,1.255438104,321.521107282,-3454.759695733,-3448.486176055
1530,765.0,1.288714535,330.043291586,-3454.794898558,-3448.483914327
1531,765.5,1.286178656,329.393846176,-3454.791350447,-3448.481184925
1532,766.0,1.282784312,328.524545361,-3454.783498035,-3448.480256053
1533,766.5,1.291859048,330.848609947,-3454.783656913,-3448.480605111
1534,767.0,1.289666922,330.28720058,-3454.784702311,-3448.481366801
1535,767.5,1.277830195,327.255782577,-3454.776175868,-3448.48125643
1536,768.0,1.259044165,322.444629279,-3454.760627242,-3448.480584375
1537,768.5,1.248793649,319.819444238,-3454.747201109,-3448.480458117
1538,769.0,1.234081635,316.051657616,-3454.739424384,-3448.480712478
1539,769.5,1.237158575,316.839670256,-3454.736474906,-3448.480436744
1540,770.0,1.25297056,320.889162555,-3454.744160441,-3448.47963777
1541,770.5,1.272741409,325.952530738,-3454.771533294,-3448.480525809
1542,771.0,1.297522012,332.298910359,-3454.805309834,-3448.482436809
1543,771.5,1.310785424,335.695706142,-3454.821982867,-3448.481708052
1544,772.0,1.330123299,340.648188484,-3454.834678802,-3448.479618525
1545,772.5,1.348939983,345.46719236,-3454.865314986,-3448.482727057
1546,773.0,1.353379176,346.604081811,-3454.87569046,-3448.484625916
1547,773.5,1.319943917,338.041221044,-3454.83379802,-3448.485313047
1548,774.0,1.241381265,317.921112753,-3454.7440541,-3448.477944039
1549,774.5,1.22219324,313.007007213,-3454.724485325,-3448.476641231
1550,775.0,1.273710836,326.200803448,-3454.786968765,-3448.484971212
1551,775.5,1.298643737,332.586187068,-3454.810175258,-3448.482931307
1552,776.0,1.290927343,330.609997654,-3454.801228439,-3448.481001398
1553,776.5,1.268998621,324.993992409,-3454.785112077,-3448.480149977
1554,777.0,1.259849778,322.650948978,-3454.774058755,-3448.480006142
1555,777.5,1.248842317,319.831908389,-3454.771721484,-3448.47988218
1556,778.0,1.253394561,320.997750314,-3454.780812738,-3448.479967255
1557,778.5,1.264147348,323.751568178,-3454.79873853,-3448.48127617
1558,779.0,1.257862941,322.142114574,-3454.807109896,-3448.48247307
1559,779.5,1.236861338,316.763547109,-3454.788439314,-3448.482663632
1560,780.0,1.196764009,306.494512308,-3454.74375735,-3448.480408032
1561,780.5,1.157460534,296.428785527,-3454.710389949,-3448.477501932
1562,781.0,1.16515752,298.400004503,-3454.725221261,-3448.479949067
1563,781.5,1.193353588,305.621094165,-3454.759699303,-3448.480870683
1564,782.0,1.232129011,315.551585129,-3454.793824129,-3448.480360061
1565,782.5,1.268109701,324.766337549,-3454.828737403,-3448.480612829
1566,783.0,1.2947252,331.582639203,-3454.858419087,-3448.481381398
1567,783.5,1.300005153,332.93484947,-3454.870204093,-3448.482892303
1568,784.0,1.271750801,325.698833266,-3454.843008158,-3448.485029544
1569,784.5,1.195413895,306.148744359,-3454.765676245,-3448.478180787
1570,785.0,1.181242519,302.519416415,-3454.741476179,-3448.478011966
1571,785.5,1.211229013,310.199039033,-3454.776705985,-3448.483160635
1572,786.0,1.220951345,312.688954742,-3454.790965015,-3448.480220975
1573,786.5,1.235317273,316.36810775,-3454.806438277,-3448.479584936
1574,787.0,1.25409088,321.17607946,-3454.830238725,-3448.480066284
1575,787.5,1.274585577,326.424827076,-3454.85302213,-3448.480799217
1576,788.0,1.282243109,328.385941886,-3454.861374997,-3448.481740922
1577,788.5,1.269927189,325.231801312,-3454.844677288,-3448.4808562
1578,789.0,1.249729249,320.05905401,-3454.822356213,-3448.478922595
1579,789.5,1.241837448,318.037942401,-3454.818211876,-3448.480882431
1580,790.0,1.235515135,316.418780743,-3454.809764362,-3448.480784828
1581,790.5,1.22261723,313.115592214,-3454.791728914,-3448.479791135
1582,791.0,1.211405878,310.244334672,-3454.774599232,-3448.479269218
1583,791.5,1.206656618,309.028036131,-3454.766080623,-3448.478935513
1584,792.0,1.216289613,311.495072376,-3454.770737874,-3448.478759707
1585,792.5,1.240950584,317.81081393,-3454.789044871,-3448.479082473
1586,793.0,1.271140813,325.542613664,-3454.815483155,-3448.479562811
1587,793.5,1.300445932,333.047734259,-3454.843346152,-3448.480187582
1588,794.0,1.315439306,336.887577944,-3454.86313758,-3448.482381762
1589,794.5,1.291230693,330.687686397,-3454.845321161,-3448.484647802
1590,795.0,1.235351676,316.376918504,-3454.784702666,-3448.474772981
1591,795.5,1.249665553,320.042741183,-3454.803834602,-3448.480257198
1592,796.0,1.29772118,332.349917903,-3454.850950407,-3448.484344066
1593,796.5,1.285054297,329.105894772,-3454.843476548,-3448.482402455
1594,797.0,1.242378519,318.176512163,-3454.79970318,-3448.479168274
1595,797.5,1.213239598,310.713955316,-3454.768894433,-3448.476658848
1596,798.0,1.218732806,312.120780839,-3454.783564164,-3448.479804547
1597,798.5,1.236508599,316.673209584,-3454.803635255,-3448.480953872
1598,799.0,1.239977816,317.561685515,-3454.803004809,-3448.480288688
1599,799.5,1.226721996,314.166834158,-3454.789038501,-3448.479200573
1600,800.0,1.214122391,310.94004108,-3454.776100738,-3448.478852427
1601,800.5,1.207767745,309.312598921,-3454.768314394,-3448.479158986
1602,801.0,1.195078961,306.062966903,-3454.762037617,-3448.479187835
1603,801.5,1.190795655,304.966000617,-3454.760580371,-3448.478380576
1604,802.0,1.19698734,306.55170793,-3454.774768102,-3448.478613848
1605,802.5,1.217155505,311.71682959,-3454.80089365,-3448.47924371
1606,803.0,1.238732427,317.24273815,-3454.827924636,-3448.479434659
1607,803.5,1.257693165,322.098634581,-3454.852656871,-3448.479336707
1608,804.0,1.29018847,330.420770404,-3454.874440295,-3448.480445739
1609,804.5,1.288133136,329.894393682,-3454.876297292,-3448.483831115
1610,805.0,1.227903048,314.469304701,-3454.822028587,-3448.483578374
1611,805.5,1.168368548,299.22235758,-3454.751947824,-3448.471702827
1612,806.0,1.205181688,308.650302615,-3454.79881805,-3448.48038758
1613,806.5,1.280878694,328.036511551,-3454.869192145,-3448.483488335
1614,807.0,1.308930853,335.220745455,-3454.889942781,-3448.481686511
1615,807.5,1.280477013,327.933639912,-3454.869182406,-3448.479847983
1616,808.0,1.250663839,320.298405143,-3454.8292644,-3448.478798903
1617,808.5,1.198143823,306.847886264,-3454.784668475,-3448.478189076
1618,809.0,1.165076983,298.379378808,-3454.746919871,-3448.477135967
1619,809.5,1.157096105,296.335454252,-3454.731847992,-3448.476565651
1620,810.0,1.172485298,300.27666849,-3454.747777423,-3448.47756186
1621,810.5,1.206322864,308.942560899,-3454.781324703,-3448.478618797
1622,811.0,1.240452641,317.683289408,-3454.815920775,-3448.478786855
1623,811.5,1.27600314,326.787868814,-3454.845948849,-3448.47898259
1624,812.0,1.291053903,330.642410142,-3454.867883396,-3448.479413557
1625,812.5,1.299566758,332.82257543,-3454.877188666,-3448.47954898
1626,813.0,1.293192961,331.190228731,-3454.873623633,-3448.47926431
1627,813.5,1.284459278,328.953508809,-3454.862424826,-3448.479062127
1628,814.0,1.270581425,325.39935292,-3454.851611406,-3448.477762795
1629,814.5,1.288162165,329.901828106,-3454.865114523,-3448.477727015
1630,815.0,1.326463615,339.710933442,-3454.898859071,-3448.483179299
1631,815.5,1.311161656,335.792060152,-3454.885457399,-3448.482425851
1632,816.0,1.28533249,329.177140748,-3454.858896873,-3448.473375401
1633,816.5,1.316088692,337.053887657,-3454.904177261,-3448.483623678
1634,817.0,1.316731771,337.218581816,-3454.905629713,-3448.481244822
1635,817.5,1.284074827,328.855049801,-3454.865544674,-3448.477964923
1636,818.0,1.240107566,317.594914896,-3454.824672669,-3448.477135954
1637,818.5,1.213648731,310.818735311,-3454.795381199,-3448.47689567
1638,819.0,1.196140627,306.334862483,-3454.779474726,-3448.476713342
1639,819.5,1.19498518,306.038949378,-3454.777813365,-3448.476933795
1640,820.0,1.206923886,309.096484403,-3454.786192036,-3448.477513121
1641,820.5,1.22135491,312.792308626,-3454.796513102,-3448.477833912
1642,821.0,1.230462736,315.124847723,-3454.804650805,-3448.47771541
1643,821.5,1.238165722,317.097603267,-3454.812031879,-3448.478162149
1644,822.0,1.239703984,317.491556479,-3454.814383845,-3448.478698979
1645,822.5,1.236022697,316.548768766,-3454.8104587,-3448.476728066
1646,823.0,1.263226432,323.515719286,-3454.830441666,-3448.475980835
1647,823.5,1.310617528,335.652707541,-3454.881299559,-3448.479110745
1648,824.0,1.342547898,343.830161991,-3454.920259635,-3448.479565201
1649,824.5,1.357602995,347.685813154,-3454.933503194,-3448.47902334
1650,825.0,1.349004302,345.483664625,-3454.927521557,-3448.479131386
1651,825.5,1.31923653,337.860057304,-3454.902342366,-3448.481165832
1652,826.0,1.257899688,322.151525694,-3454.845477414,-3448.477497839
1653,826.5,1.255747293,321.60029145,-3454.833367291,-3448.47296171
1654,827.0,1.32534724,339.42502672,-3454.903558542,-3448.482345427
1655,827.5,1.353381079,346.604569048,-3454.929753199,-3448.480317398
1656,828.0,1.332856126,341.348072844,-3454.912917879,-3448.478145985
1657,828.5,1.294775432,331.595503655,-3454.881018172,-3448.47672352
1658,829.0,1.272269165,325.831587561,-3454.854198913,-3448.475900171
1659,829.5,1.268512965,324.869614548,-3454.842916415,-3448.476457475
1660,830.0,1.264487975,323.838803747,-3454.838848841,-3448.477754341
1661,830.5,1.247934343,319.599373685,-3454.824205351,-3448.478107583
1662,831.0,1.221255717,312.766905196,-3454.799288458,-3448.475544428
1663,831.5,1.20895213,309.615922979,-3454.8005381,-3448.475171116
1664,832.0,1.22618519,314.029356649,-3454.831813027,-3448.47832127
1665,832.5,1.246783848,319.304728837,-3454.850811042,-3448.478330258
1666,833.0,1.250196135,320.178624695,-3454.851785901,-3448.476568829
1667,833.5,1.258905709,322.409170342,-3454.857420551,-3448.475510408
1668,834.0,1.276576292,326.934654641,-3454.881827912,-3448.475945458
1669,834.5,1.305280248,334.285815622,-3454.919490061,-3448.476671629
1670,835.0,1.341774884,343.632190968,-3454.958293791,-3448.477961856
1671,835.5,1.356935411,347.514843083,-3454.978803774,-3448.480399768
1672,836.0,1.326959304,339.837880785,-3454.949470162,-3448.481984948
1673,836.5,1.272262587,325.829903121,-3454.878651342,-3448.471029312
1674,837.0,1.290500198,330.500604657,-3454.902232286,-3448.477184576
1675,837.5,1.349051181,345.495670453,-3454.965516925,-3448.480369327
1676,838.0,1.378655589,353.077439611,-3454.995111571,-3448.479099767
1677,838.5,1.375486027,352.265706253,-3454.995841346,-3448.479227733
1678,839.0,1.342469449,343.810071149,-3454.965408627,-3448.479127237
1679,839.5,1.28565617,329.260035981,-3454.910728273,-3448.476270407
1680,840.0,1.238171403,317.099058284,-3454.872080929,-3448.47583514
1681,840.5,1.220407529,312.549681826,-3454.856081748,-3448.477677179
1682,841.0,1.194909947,306.019681872,-3454.837951323,-3448.476666842
1683,841.5,1.182008297,302.71553419,-3454.825575762,-3448.475887895
1684,842.0,1.18366935,303.140934567,-3454.827728961,-3448.476140204
1685,842.5,1.20022466,307.380794366,-3454.839731529,-3448.476315506
1686,843.0,1.218043736,311.944308018,-3454.856890149,-3448.47644482
1687,843.5,1.237289734,316.873260371,-3454.876264941,-3448.476649046
1688,844.0,1.258254583,322.242415304,-3454.895141561,-3448.476631393
1689,844.5,1.281287078,328.141099757,-3454.914796113,-3448.476157003
1690,845.0,1.293382121,331.238673068,-3454.942340977,-3448.476277458
1691,845.5,1.326746083,339.783274423,-3454.975991966,-3448.478133081
1692,846.0,1.342558664,343.832919287,-3454.990218315,-3448.481291648
1693,846.5,1.298638536,332.584855072,-3454.951183637,-3448.479069968
1694,847.0,1.267026991,324.489052789,-3454.916252267,-3448.472912034
1695,847.5,1.286475333,329.469825783,-3454.945253878,-3448.482001279
1696,848.0,1.288165442,329.902667347,-3454.936921142,-3448.47770673
1697,848.5,1.276338932,326.873865988,-3454.924562362,-3448.475799238
1698,849.0,1.275350084,326.620619448,-3454.933231091,-3448.476904989
1699,849.5,1.27717188,327.087186244,-3454.943225418,-3448.477260057
1700,850.0,1.276804908,326.993203782,-3454.941087953,-3448.477555951
1701,850.5,1.257277639,321.992217144,-3454.91925498,-3448.476972824
1702,851.0,1.218935103,312.172589688,-3454.882547735,-3448.476097822
1703,851.5,1.177557926,301.575782282,-3454.842149948,-3448.475378214
1704,852.0,1.135597123,290.829506635,-3454.80856184,-3448.474647806
1705,852.5,1.116780162,286.010431708,-3454.792158467,-3448.47397003
1706,853.0,1.125501315,288.243942687,-3454.802017992,-3448.474142107
1707,853.5,1.165537435,298.497301855,-3454.835782897,-3448.474925617
1708,854.0,1.20652046,308.993165917,-3454.880977592,-3448.475409833
1709,854.5,1.245984756,319.100079086,-3454.926883292,-3448.476015375
1710,855.0,1.279587829,327.705917362,-3454.964225017,-3448.477025832
1711,855.5,1.288874656,330.084298965,-3454.978944258,-3448.478674602
1712,856.0,1.259461269,322.551450804,-3454.951842603,-3448.479792052
1713,856.5,1.197612096,306.711709594,-3454.879180454,-3448.477579696
1714,857.0,1.151350767,294.864057597,-3454.815141786,-3448.469104171
1715,857.5,1.199699388,307.246270818,-3454.868072413,-3448.477207583
1716,858.0,1.274856686,326.494258756,-3454.945952545,-3448.480969605
1717,858.5,1.303462249,333.820221156,-3454.964530393,-3448.478221881
1718,859.0,1.289621998,330.275695299,-3454.946060137,-3448.476570094
1719,859.5,1.255933914,321.648085524,-3454.912059999,-3448.475678498
1720,860.0,1.21654779,311.561192346,-3454.876212472,-3448.474743554
1721,860.5,1.184313948,303.30601777,-3454.852654531,-3448.474061467
1722,861.0,1.187222988,304.051030733,-3454.849497582,-3448.47451176
1723,861.5,1.196175609,306.343821464,-3454.859715772,-3448.475230544
1724,862.0,1.207222161,309.172873352,-3454.871766489,-3448.475249734
1725,862.5,1.221561369,312.845183435,-3454.881166249,-3448.474956849
1726,863.0,1.222878587,313.182526477,-3454.887970497,-3448.475258986
1727,863.5,1.225132134,313.75966615,-3454.889811907,-3448.475660287
1728,864.0,1.216796417,311.624866278,-3454.881696839,-3448.475934677
1729,864.5,1.201077831,307.599293765,-3454.863070054,-3448.474477095
1730,865.0,1.206140863,308.895949877,-3454.863244603,-3448.471344733
1731,865.5,1.258856259,322.396506072,-3454.921901937,-3448.4744473
1732,866.0,1.32834704,340.193283715,-3454.999520176,-3448.478487507
1733,866.5,1.367222296,350.149342394,-3455.033029455,-3448.481203431
1734,867.0,1.332613295,341.285883338,-3454.99325098,-3448.47594554
1735,867.5,1.312517441,336.139280495,-3454.974670883,-3448.472621786
1736,868.0,1.345322319,344.54069886,-3455.011823781,-3448.479820372
1737,868.5,1.336028748,342.160589974,-3455.003361643,-3448.47652886
1738,869.0,1.310585356,335.644468199,-3454.970490782,-3448.474769054
1739,869.5,1.278122906,327.33074674,-3454.93630114,-3448.47450983
1740,870.0,1.247141741,319.396386122,-3454.906343155,-3448.474021009
1741,870.5,1.229961673,314.996524061,-3454.887040999,-3448.473378343
1742,871.0,1.231677721,315.436008692,-3454.885951541,-3448.473359428
1743,871.5,1.242760125,318.274242507,-3454.902241047,-3448.474422357
1744,872.0,1.2536759,321.06980204,-3454.920447935,-3448.475970732
1745,872.5,1.242966373,318.327063142,-3454.918867939,-3448.476604726
1746,873.0,1.224245426,313.53257771,-3454.891750175,-3448.474704623
1747,873.5,1.207111631,309.144566384,-3454.871298977,-3448.472209193
1748,874.0,1.212252034,310.461037524,-3454.887086053,-3448.474622693
1749,874.5,1.228471006,314.614760277,-3454.908078403,-3448.475552668
1750,875.0,1.235557804,316.4297084,-3454.91687725,-3448.474508809
1751,875.5,1.252034881,320.649532526,-3454.924010987,-3448.473780393
1752,876.0,1.268234036,324.798180181,-3454.93691903,-3448.474857635
1753,876.5,1.266789267,324.428171005,-3454.941700105,-3448.47799707
1754,877.0,1.222509756,313.088067974,-3454.905859197,-3448.476096937
1755,877.5,1.218322171,312.015616146,-3454.886602889,-3448.469270689
1756,878.0,1.267598384,324.635388063,-3454.949168358,-3448.478766817
1757,878.5,1.292149441,330.922980415,-3454.974404983,-3448.476520381
1758,879.0,1.285647369,329.257782041,-3454.964580658,-3448.474239167
1759,879.5,1.265874964,324.194015559,-3454.947769755,-3448.473798319
1760,880.0,1.245143816,318.884712177,-3454.931000436,-3448.474184608
1761,880.5,1.229482795,314.873882255,-3454.910732263,-3448.474426263
1762,881.0,1.216310508,311.500423605,-3454.886333426,-3448.474188278
1763,881.5,1.198074247,306.830067712,-3454.866404886,-3448.472866491
1764,882.0,1.200206347,307.376104374,-3454.874111374,-3448.472140323
1765,882.5,1.244096789,318.61656559,-3454.913641418,-3448.475713029
1766,883.0,1.262439355,323.31414668,-3454.936183038,-3448.476509283
1767,883.5,1.24685213,319.322215937,-3454.922449341,-3448.474800486
1768,884.0,1.224296127,313.545562521,-3454.893025093,-3448.472788622
1769,884.5,1.219597069,312.342120848,-3454.875530423,-3448.471921654
1770,885.0,1.216066251,311.437868738,-3454.881578458,-3448.472297055
1771,885.5,1.236655859,316.710923319,-3454.904521988,-3448.473105319
1772,886.0,1.264663484,323.883752142,-3454.929982841,-3448.474445818
1773,886.5,1.270572813,325.397147314,-3454.93580796,-3448.477147419
1774,887.0,1.231213005,315.31699361,-3454.891522388,-3448.476366887
1775,887.5,1.190310492,304.841749106,-3454.843142664,-3448.466280432
1776,888.0,1.226083664,314.003355391,-3454.897402009,-3448.476834996
1777,888.5,1.267334253,324.567743406,-3454.937759532,-3448.475711647
1778,889.0,1.273775405,326.217339794,-3454.945462701,-3448.473732211
1779,889.5,1.27401488,326.278669954,-3454.942546511,-3448.474218815
1780,890.0,1.256666901,321.835805628,-3454.927673569,-3448.473011318
1781,890.5,1.246514666,319.235790456,-3454.921199173,-3448.471818038
1782,891.0,1.258580757,322.325949283,-3454.93580283,-3448.474320486
1783,891.5,1.257775064,322.119608971,-3454.93923625,-3448.474384556
1784,892.0,1.243613989,318.492919383,-3454.924911495,-3448.473241967
1785,892.5,1.218692912,312.110563714,-3454.906529435,-3448.472693961
1786,893.0,1.209684458,309.803474198,-3454.892390855,-3448.47231917
1787,893.5,1.204525409,308.482227793,-3454.887255426,-3448.471955631
1788,894.0,1.209682458,309.802962136,-3454.895323443,-3448.471899229
1789,894.5,1.227109707,314.266127976,-3454.91583014,-3448.472300249
1790,895.0,1.253529448,321.032295356,-3454.941459211,-3448.472879122
1791,895.5,1.267204532,324.534521418,-3454.962288281,-3448.473437131
1792,896.0,1.2748359,326.488935422,-3454.9696285,-3448.474141078
1793,896.5,1.255683226,321.583883773,-3454.954604179,-3448.475574058
1794,897.0,1.203262605,308.15882031,-3454.903778723,-3448.475567515
1795,897.5,1.164764364,298.299316131,-3454.851662141,-3448.466409475
1796,898.0,1.204472244,308.468612051,-3454.897034911,-3448.477253158
1797,898.5,1.23574763,316.478323333,-3454.925208465,-3448.475425997
1798,899.0,1.235866622,316.508797463,-3454.925617576,-3448.4724179
1799,899.5,1.241685302,317.998977219,-3454.930673928,-3448.473414377
1800,900.0,1.244095538,318.616245256,-3454.926325773,-3448.472766068
1801,900.5,1.23240773,315.622965936,-3454.914781034,-3448.472228798
1802,901.0,1.224708067,313.651061403,-3454.901285325,-3448.472076736
1803,901.5,1.207675578,309.288994702,-3454.88681566,-3448.471903719
1804,902.0,1.193882372,305.75651721,-3454.873599726,-3448.471616364
1805,902.5,1.182376858,302.809923888,-3454.866195623,-3448.471242847
1806,903.0,1.18270124,302.892998942,-3454.870043845,-3448.471133548
1807,903.5,1.199816942,307.276376629,-3454.887082074,-3448.471434773
1808,904.0,1.230968442,315.254360449,-3454.9132776,-3448.471804146
1809,904.5,1.25690732,321.897377461,-3454.943980901,-3448.471758939
1810,905.0,1.293318506,331.222380967,-3454.979636374,-3448.472129734
1811,905.5,1.321004547,338.312851409,-3455.013583306,-3448.473429876
1812,906.0,1.323657392,338.992252124,-3455.027034283,-3448.474948335
1813,906.5,1.287407004,329.708429276,-3454.999679773,-3448.476556221
1814,907.0,1.2105375,310.021940697,-3454.919383175,-3448.474763576
1815,907.5,1.148950857,294.249434156,-3454.843066742,-3448.464322272
1816,908.0,1.189552456,304.647614011,-3454.896106134,-3448.474647558
1817,908.5,1.247556933,319.502718,-3454.962783365,-3448.477083081
1818,909.0,1.248538722,319.754156882,-3454.969448473,-3448.474005425
1819,909.5,1.223417108,313.320443195,-3454.944775206,-3448.472045041
1820,910.0,1.195625165,306.202851198,-3454.914786366,-3448.471162373
1821,910.5,1.169544429,299.52350391,-3454.891677003,-3448.470963936
1822,911.0,1.151460835,294.892246257,-3454.878045946,-3448.471188525
1823,911.5,1.143331876,292.810397825,-3454.870828561,-3448.471443018
1824,912.0,1.134981839,290.671930647,-3454.86709057,-3448.471279305
1825,912.5,1.13762275,291.348275189,-3454.870292775,-3448.470807763
1826,913.0,1.153027911,295.29357886,-3454.88719195,-3448.471089471
1827,913.5,1.190573893,304.909206718,-3454.912737029,-3448.472160418
1828,914.0,1.215675395,311.337769535,-3454.931181861,-3448.472888037
1829,914.5,1.212087825,310.418983088,-3454.931046043,-3448.473239814
1830,915.0,1.200892302,307.55177925,-3454.910349792,-3448.471958991
1831,915.5,1.189477672,304.628461441,-3454.894973397,-3448.468645155
1832,916.0,1.210485044,310.008506628,-3454.928034059,-3448.471181548
1833,916.5,1.253339233,320.98358068,-3454.976517918,-3448.476021943
1834,917.0,1.242682303,318.254311931,-3454.970726884,-3448.47757703
1835,917.5,1.191833621,305.231826563,-3454.908184036,-3448.467445046
1836,918.0,1.200575019,307.470522308,-3454.91635339,-3448.472524845
1837,918.5,1.231725001,315.448117126,-3454.9481184,-3448.475146169
1838,919.0,1.228072362,314.512666548,-3454.938541944,-3448.472400204
1839,919.5,1.197950875,306.798471704,-3454.912356826,-3448.47098739
1840,920.0,1.175068005,300.938106714,-3454.889384787,-3448.470194533
1841,920.5,1.170352206,299.730377697,-3454.881529464,-3448.469557108
1842,921.0,1.182123494,302.745036454,-3454.896010856,-3448.470099256
1843,921.5,1.214269353,310.977678321,-3454.923698496,-3448.47133106
1844,922.0,1.239827304,317.523139086,-3454.945469934,-3448.472188631
1845,922.5,1.234081257,316.0515607,-3454.946525767,-3448.472624492
1846,923.0,1.203949344,308.334696147,-3454.921240994,-3448.472312795
1847,923.5,1.169361877,299.476751855,-3454.879049887,-3448.470179039
1848,924.0,1.151883609,295.000519964,-3454.857129549,-3448.467457739
1849,924.5,1.17407134,300.682858123,-3454.890206854,-3448.46986759
1850,925.0,1.230284173,315.079117215,-3454.947973777,-3448.471395461
1851,925.5,1.271049319,325.51918184,-3455.001004864,-3448.471373655
1852,926.0,1.308926909,335.21973543,-3455.042889378,-3448.472218325
1853,926.5,1.327061452,339.864041255,-3455.059921624,-3448.474625318
1854,927.0,1.293049713,331.153542517,-3455.021769035,-3448.476013857
1855,927.5,1.228231469,314.553414251,-3454.940354672,-3448.465623108
1856,928.0,1.214001777,310.909151283,-3454.942448074,-3448.472586293
1857,928.5,1.232837326,315.732986627,-3454.963472219,-3448.473120329
1858,929.0,1.235772443,316.484678177,-3454.962717933,-3448.470706725
1859,929.5,1.234849467,316.248301502,-3454.963762904,-3448.470378085
1860,930.0,1.240372283,317.662709492,-3454.969278336,-3448.47052778
1861,930.5,1.241585693,317.973467306,-3454.974385042,-3448.470626823
1862,931.0,1.243482292,318.459191254,-3454.975527772,-3448.470823012
1863,931.5,1.229270816,314.819593804,-3454.9690412,-3448.47139973
1864,932.0,1.210558374,310.027286602,-3454.950317859,-3448.470534916
1865,932.5,1.203700789,308.271040406,-3454.936143784,-3448.468951343
1866,933.0,1.204974351,308.597202996,-3454.943835873,-3448.47092935
1867,933.5,1.211574948,310.287633821,-3454.948407068,-3448.470726019
1868,934.0,1.19996266,307.313695462,-3454.946257789,-3448.469355162
1869,934.5,1.211718122,310.324301231,-3454.953729318,-3448.468846648
1870,935.0,1.229943283,314.991814436,-3454.97713316,-3448.469459799
1871,935.5,1.254445244,321.266833177,-3455.007893566,-3448.470505048
1872,936.0,1.271594092,325.658699776,-3455.032181037,-3448.47158251
1873,936.5,1.270049806,325.263203878,-3455.035369972,-3448.473711036
1874,937.0,1.227026778,314.244889528,-3454.997362439,-3448.472761521
1875,937.5,1.2035374,308.229196055,-3454.965224983,-3448.464853
1876,938.0,1.245091015,318.871189746,-3455.017667137,-3448.474859558
1877,938.5,1.265179731,324.015964345,-3455.037249169,-3448.473534594
1878,939.0,1.237317699,316.880422298,-3455.012490253,-3448.470777811
1879,939.5,1.203331372,308.176431704,-3454.978232799,-3448.470098405
1880,940.0,1.17302901,300.415914475,-3454.946056051,-3448.470306293
1881,940.5,1.150513421,294.649610924,-3454.918488589,-3448.468336918
1882,941.0,1.154189045,295.590948427,-3454.922071847,-3448.468132925
1883,941.5,1.184960749,303.471665268,-3454.956314723,-3448.471025017
1884,942.0,1.204997248,308.603067209,-3454.979891279,-3448.471423582
1885,942.5,1.207118242,309.146259295,-3454.979309401,-3448.470685775
1886,943.0,1.194540386,305.925036249,-3454.962047173,-3448.469834302
1887,943.5,1.172869707,300.375116506,-3454.940342549,-3448.468879788
1888,944.0,1.154741113,295.732334401,-3454.929217078,-3448.467771005
1889,944.5,1.165241977,298.421634193,-3454.943918811,-3448.467732677
1890,945.0,1.200682057,307.497934878,-3454.984514592,-3448.469013146
1891,945.5,1.246702222,319.28382427,-3455.031863107,-3448.470462771
1892,946.0,1.271286982,325.580048068,-3455.06317184,-3448.472041091
1893,946.5,1.265515319,324.101909438,-3455.056839454,-3448.473732241
1894,947.0,1.223210819,313.267612011,-3455.005440785,-3448.46822042
1895,947.5,1.214920666,311.144481278,-3455.003377161,-3448.46641619
1896,948.0,1.272407113,325.866916662,-3455.065503618,-3448.474983008
1897,948.5,1.27754861,327.183667996,-3455.070492855,-3448.472943374
1898,949.0,1.234965304,316.27796753,-3455.030360242,-3448.468245582
1899,949.5,1.209063134,309.644351598,-3455.006310338,-3448.468101758
1900,950.0,1.20595995,308.849617692,-3455.00277306,-3448.469958326
1901,950.5,1.188068329,304.267524965,-3454.99105062,-3448.469868388
1902,951.0,1.162975117,297.841085282,-3454.966705543,-3448.469255513
1903,951.5,1.123998442,287.85905289,-3454.93720879,-3448.468544814
1904,952.0,1.105491329,283.119331093,-3454.9136886,-3448.467640707
1905,952.5,1.104660499,282.906553326,-3454.908190694,-3448.467530719
1906,953.0,1.106945563,283.491764215,-3454.920969244,-3448.468372932
1907,953.5,1.121097295,287.116061258,-3454.939327528,-3448.468784383
1908,954.0,1.136735505,291.121049461,-3454.955442926,-3448.468505387
1909,954.5,1.156059438,296.069960934,-3454.972625462,-3448.467778994
1910,955.0,1.18518169,303.528248844,-3455.000714426,-3448.467480859
1911,955.5,1.220615427,312.602925066,-3455.042525192,-3448.468604612
1912,956.0,1.25385637,321.116020846,-3455.080883903,-3448.471038755
1913,956.5,1.244457673,318.708989036,-3455.082231359,-3448.473914181
1914,957.0,1.196916715,306.533620549,-3455.023750102,-3448.468561279
1915,957.5,1.179716733,302.128658494,-3455.004371604,-3448.463071312
1916,958.0,1.251512443,320.515734755,-3455.083385213,-3448.472636273
1917,958.5,1.301292799,333.264619039,-3455.131797597,-3448.472169371
1918,959.0,1.30059024,333.084691988,-3455.128268599,-3448.469657851
1919,959.5,1.267667333,324.653046108,-3455.102162949,-3448.468141913
1920,960.0,1.241384664,317.921983185,-3455.076134786,-3448.467427023
1921,960.5,1.224196724,313.520104951,-3455.060104962,-3448.467775674
1922,961.0,1.213761263,310.847555177,-3455.048201116,-3448.468543522
1923,961.5,1.20192378,307.815943554,-3455.028759062,-3448.468550858
1924,962.0,1.176354048,301.26746577,-3455.001109938,-3448.467716291
1925,962.5,1.152607339,295.185869183,-3454.976583961,-3448.46685707
1926,963.0,1.146907939,293.726237306,-3454.968364986,-3448.466529435
1927,963.5,1.163334667,297.933167022,-3454.980281513,-3448.467076524
1928,964.0,1.183347574,303.058526885,-3455.004297891,-3448.467599545
1929,964.5,1.198707488,306.992242566,-3455.030696214,-3448.468261932
1930,965.0,1.217290334,311.75135972,-3455.04931483,-3448.468957291
1931,965.5,1.223609444,313.369701117,-3455.053847399,-3448.46820667
1932,966.0,1.225472932,313.846945302,-3455.05779064,-3448.468706858
1933,966.5,1.221645025,312.866607974,-3455.053288723,-3448.472839131
1934,967.0,1.187483035,304.117629513,-3455.007736821,-3448.46583552
1935,967.5,1.193390687,305.630595404,-3455.013104218,-3448.468236053
1936,968.0,1.22795281,314.482048834,-3455.048503614,-3448.471220856
1937,968.5,1.227012981,314.241356106,-3455.051090839,-3448.468675395
1938,969.0,1.216658524,311.589551622,-3455.041769527,-3448.46779415
1939,969.5,1.207960108,309.361863529,-3455.031315843,-3448.467657414
1940,970.0,1.198028417,306.818330645,-3455.020926525,-3448.467452482
1941,970.5,1.190779794,304.961938499,-3455.013340678,-3448.467051473
1942,971.0,1.194448438,305.901488248,-3455.013077695,-3448.467168054
1943,971.5,1.194582907,305.935925985,-3455.018220986,-3448.467617413
1944,972.0,1.202326383,307.919051319,-3455.021909837,-3448.467827865
1945,972.5,1.201082587,307.600511879,-3455.019595794,-3448.46800023
1946,973.0,1.192302016,305.351783694,-3455.008205944,-3448.468242039
1947,973.5,1.173468074,300.528359986,-3454.985919557,-3448.467772739
1948,974.0,1.156320673,296.136863987,-3454.964501127,-3448.465285752
1949,974.5,1.174605801,300.819735111,-3454.97898898,-3448.465486727
1950,975.0,1.218876461,312.157571178,-3455.025977941,-3448.46836497
1951,975.5,1.264005648,323.715278458,-3455.063930159,-3448.468908198
1952,976.0,1.276647772,326.952960845,-3455.077963044,-3448.469285284
1953,976.5,1.260234981,322.749600414,-3455.060875806,-3448.470948841
1954,977.0,1.213026253,310.659317143,-3455.007847177,-3448.465410119
1955,977.5,1.208786337,309.573462959,-3455.002147773,-3448.466006867
1956,978.0,1.242453886,318.195813877,-3455.037964597,-3448.470874882
1957,978.5,1.242131641,318.113285995,-3455.038548056,-3448.46841754
1958,979.0,1.224011692,313.472717905,-3455.021816842,-3448.466968314
1959,979.5,1.210715965,310.067646083,-3455.006551018,-3448.46664907
1960,980.0,1.208931568,309.610657073,-3454.997054896,-3448.46648998
1961,980.5,1.202578329,307.983575321,-3454.99448314,-3448.466461186
1962,981.0,1.199476489,307.189185695,-3454.997675991,-3448.466782791
1963,981.5,1.205156514,308.643855411,-3455.001048972,-3448.467685243
1964,982.0,1.19232357,305.357303748,-3454.995858882,-3448.467583691
1965,982.5,1.185680749,303.656059247,-3454.989614355,-3448.465682366
1966,983.0,1.207197474,309.166550863,-3455.00635857,-3448.467081393
1967,983.5,1.226647372,314.147722578,-3455.028633707,-3448.46843091
1968,984.0,1.227847405,314.455054298,-3455.034695674,-3448.467237564
1969,984.5,1.232235123,315.578760818,-3455.035073678,-3448.466690502
1970,985.0,1.226196883,314.032351211,-3455.036068676,-3448.466871727
1971,985.5,1.21951916,312.322168215,-3455.034815647,-3448.466865798
1972,986.0,1.217269018,311.745900652,-3455.03046077,-3448.467061915
1973,986.5,1.203732089,308.279056501,-3455.019187577,-3448.46873326
1974,987.0,1.176096127,301.201411531,-3454.983984242,-3448.468583548
1975,987.5,1.146259507,293.560172042,-3454.951659016,-3448.46146858
1976,988.0,1.190651717,304.929137719,-3454.998391775,-3448.469132016
1977,988.5,1.226142319,314.018377182,-3455.037264798,-3448.469795495
1978,989.0,1.219954204,312.433584123,-3455.033292208,-3448.467822106
1979,989.5,1.198236477,306.871615298,-3455.007747443,-3448.46699996
1980,990.0,1.167112954,298.900796577,-3454.972755822,-3448.467054008
1981,990.5,1.137922639,291.425077687,-3454.931528906,-3448.465966705
1982,991.0,1.107298041,283.582034797,-3454.905364079,-3448.463947454
1983,991.5,1.125481752,288.238932533,-3454.920165117,-3448.465701701
1984,992.0,1.167847956,299.089032426,-3454.95492127,-3448.466828038
1985,992.5,1.196087882,306.321354378,-3454.986617956,-3448.467463735
1986,993.0,1.207501364,309.244378002,-3455.001585332,-3448.46795709
1987,993.5,1.200930782,307.56163402,-3454.991644074,-3448.467291872
1988,994.0,1.177667464,301.603835142,-3454.965842498,-3448.465877598
1989,994.5,1.142411835,292.57477293,-3454.944407801,-3448.465106992
1990,995.0,1.1364327,291.043500123,-3454.939650837,-3448.465158543
1991,995.5,1.14638939,293.593435483,-3454.951539169,-3448.465443444
1992,996.0,1.166444913,298.729709315,-3454.975314206,-3448.466100712
1993,996.5,1.191369372,305.11293096,-3455.000864897,-3448.467658606
1994,997.0,1.196878854,306.523924364,-3455.007130544,-3448.469620517
1995,997.5,1.176474626,301.298346067,-3454.981473766,-3448.465221542
1996,998.0,1.191216716,305.0738353,-3454.994726434,-3448.465269686
1997,998.5,1.23000387,315.007330888,-3455.043723561,-3448.471717466
1998,999.0,1.224030854,313.477625266,-3455.039594223,-3448.468599614
1999,999.5,1.205639059,308.767436533,-3455.01407131,-3448.465239107
2000,1000.0,1.189925869,304.74324609,-3455.009994734,-3448.466576399
2001,1000.5,1.181827479,302.66922625,-3455.01050785,-3448.467523709
2002,1001.0,1.166362693,298.708652581,-3454.996857161,-3448.467074706
2003,1001.5,1.13944039,291.813777813,-3454.971759498,-3448.465896699
2004,1002.0,1.124524998,287.993905471,-3454.950214639,-3448.465131053
2005,1002.5,1.11783648,286.280957615,-3454.942161167,-3448.465490769
2006,1003.0,1.117114447,286.096043211,-3454.942149053,-3448.466040235
2007,1003.5,1.117403834,286.170155807,-3454.940966528,-3448.465983491
2008,1004.0,1.111063059,284.546266301,-3454.937865342,-3448.465478558
2009,1004.5,1.113556786,285.184916383,-3454.940090318,-3448.464939383
2010,1005.0,1.125720695,288.300126501,-3454.955855578,-3448.464759767
2011,1005.5,1.157858038,296.530587351,-3454.987589087,-3448.465319378
2012,1006.0,1.195560437,306.186274164,-3455.027426673,-3448.466564703
2013,1006.5,1.222749571,313.149485303,-3455.056522624,-3448.46863301
2014,1007.0,1.209096337,309.652854818,-3455.047601796,-3448.470346836
2015,1007.5,1.152916108,295.264945617,-3454.991448271,-3448.466242999
2016,1008.0,1.129096081,289.164572191,-3454.967810182,-3448.459522022
2017,1008.5,1.201036298,307.58865713,-3455.051010356,-3448.469359235
2018,1009.0,1.273846829,326.235631627,-3455.121133259,-3448.470698151
2019,1009.5,1.289369923,330.211138141,-3455.130366157,-3448.467943571
2020,1010.0,1.266156836,324.266203745,-3455.105954963,-3448.466244826
2021,1010.5,1.229409404,314.855086395,-3455.070172119,-3448.465831015
2022,1011.0,1.180608065,302.356931161,-3455.029712636,-3448.465446616
2023,1011.5,1.133538997,290.302414874,-3454.98989201,-3448.464745947
2024,1012.0,1.10475087,282.929697496,-3454.960201844,-3448.464175897
2025,1012.5,1.091433538,279.51909254,-3454.949083256,-3448.463927954
2026,1013.0,1.097504382,281.073852203,-3454.960062611,-3448.4640758
2027,1013.5,1.129097976,289.165057478,-3454.990549221,-3448.46453123
2028,1014.0,1.162434257,297.702569408,-3455.032848958,-3448.465293277
2029,1014.5,1.199927877,307.304787426,-3455.074824283,-3448.466422851
2030,1015.0,1.214462834,311.027229234,-3455.101631487,-3448.467362952
2031,1015.5,1.224824226,313.680810107,-3455.103780943,-3448.466806156
2032,1016.0,1.21543177,311.275376477,-3455.094188806,-3448.465180767
2033,1016.5,1.206020019,308.865001605,-3455.093892599,-3448.467688642
2034,1017.0,1.183522347,303.103286713,-3455.072136595,-3448.470338031
2035,1017.5,1.117060428,286.082208666,-3455.002293945,-3448.465141487
2036,1018.0,1.088585152,278.789613275,-3454.966908532,-3448.46129357
2037,1018.5,1.118467208,286.44248895,-3455.007662857,-3448.468002863
2038,1019.0,1.151334621,294.859922571,-3455.033832368,-3448.467281334
2039,1019.5,1.154769403,295.739579703,-3455.03417988,-3448.465766026
2040,1020.0,1.1446406,293.145565529,-3455.024589149,-3448.465074769
2041,1020.5,1.131828602,289.864378278,-3455.013403963,-3448.464858401
2042,1021.0,1.128733474,289.071707531,-3455.00268706,-3448.464763734
2043,1021.5,1.124065493,287.876224817,-3454.992731842,-3448.464648022
2044,1022.0,1.118179521,286.368811463,-3454.984388068,-3448.464592322
2045,1022.5,1.109786571,284.219354056,-3454.978504345,-3448.46459816
2046,1023.0,1.105771293,283.191030578,-3454.976072124,-3448.464556211
2047,1023.5,1.101326415,282.052685296,-3454.980046073,-3448.464650211
2048,1024.0,1.10388052,282.706798448,-3454.992706688,-3448.464395368
2049,1024.5,1.135521101,290.810037286,-3455.022745029,-3448.463510239
2050,1025.0,1.190632375,304.924184114,-3455.078501047,-3448.465641014
2051,1025.5,1.243548456,318.476136234,-3455.131152518,-3448.466848389
2052,1026.0,1.274531783,326.411050324,-3455.156832377,-3448.467623815
2053,1026.5,1.259892199,322.661813165,-3455.141085053,-3448.469071031
2054,1027.0,1.189642492,304.670672424,-3455.071216138,-3448.466705793
2055,1027.5,1.127000599,288.627913566,-3455.002732087,-3448.459804429
2056,1028.0,1.139968543,291.949039201,-3455.014014158,-3448.466374749
2057,1028.5,1.159406921,296.92726048,-3455.029763345,-3448.466042724
2058,1029.0,1.146444572,293.607567672,-3455.031488279,-3448.464381033
2059,1029.5,1.156824481,296.265890555,-3455.03684011,-3448.464068509
2060,1030.0,1.174006301,300.666201325,-3455.048725716,-3448.464496718
2061,1030.5,1.180365036,302.294690773,-3455.059897095,-3448.464847762
2062,1031.0,1.188602359,304.404291559,-3455.065255619,-3448.464844201
2063,1031.5,1.185050152,303.494561596,-3455.06455932,-3448.46534741
2064,1032.0,1.170157938,299.680625219,-3455.051069801,-3448.466194352
2065,1032.5,1.140814722,292.165747841,-3455.018446729,-3448.464281289
2066,1033.0,1.122617192,287.505310978,-3454.995170671,-3448.462634258
2067,1033.5,1.127089091,288.650576554,-3455.002047171,-3448.464321466
2068,1034.0,1.143998195,292.981043879,-3455.016341435,-3448.464710753
2069,1034.5,1.149980194,294.513050149,-3455.026586596,-3448.46413032
2070,1035.0,1.15888973,296.794806479,-3455.037409424,-3448.463833556
2071,1035.5,1.168917124,299.362849479,-3455.0517056,-3448.464564057
2072,1036.0,1.180483311,302.324981163,-3455.059223833,-3448.466488617
2073,1036.5,1.164226027,298.161446723,-3455.037264248,-3448.466852817
2074,1037.0,1.13875407,291.638009455,-3455.000605967,-3448.460101059
2075,1037.5,1.163997154,298.102831792,-3455.029144623,-3448.46541816
2076,1038.0,1.203004707,308.092771848,-3455.066510477,-3448.467278537
2077,1038.5,1.198498304,306.938669757,-3455.06795329,-3448.465136787
2078,1039.0,1.18274307,302.903711585,-3455.055616932,-3448.463639628
2079,1039.5,1.178711199,301.871138672,-3455.049676741,-3448.463902799
2080,1040.0,1.170627649,299.800919562,-3455.046548364,-3448.465194662
2081,1040.5,1.150113961,294.547308358,-3455.030333417,-3448.464874007
2082,1041.0,1.139648177,291.866992636,-3455.010183631,-3448.46219986
2083,1041.5,1.149922936,294.498386354,-3455.020608028,-3448.463092692
2084,1042.0,1.186099974,303.76342386,-3455.04918962,-3448.465414464
2085,1042.5,1.197764237,306.750673363,-3455.059591691,-3448.465155414
2086,1043.0,1.19147843,305.140861208,-3455.048490559,-3448.464068674
2087,1043.5,1.178107216,301.716456896,-3455.029481337,-3448.463193742
2088,1044.0,1.165450912,298.475143138,-3455.015138832,-3448.462731943
2089,1044.5,1.157564316,296.455364339,-3455.01236686,-3448.462737693
2090,1045.0,1.159997639,297.078545028,-3455.021045372,-3448.463457869
2091,1045.5,1.167593964,299.023984418,-3455.030634741,-3448.465302279
2092,1046.0,1.152111577,295.058903153,-3455.01809961,-3448.466776873
2093,1046.5,1.12284307,287.563159092,-3454.981063645,-3448.460821458
2094,1047.0,1.140645014,292.122285333,-3455.001960518,-3448.462575055
2095,1047.5,1.198698345,306.989901029,-3455.063407802,-3448.467269552
2096,1048.0,1.23433272,316.115961089,-3455.088540785,-3448.466944072
2097,1048.5,1.219437253,312.301191531,-3455.068876075,-3448.465956634
2098,1049.0,1.174248576,300.728248571,-3455.019310138,-3448.463643053
2099,1049.5,1.131944811,289.894139551,-3454.976847397,-3448.461418084
2100,1050.0,1.119544748,286.718449801,-3454.969408139,-3448.463425352
2101,1050.5,1.124421827,287.967483023,-3454.971412297,-3448.464181063
2102,1051.0,1.115694395,285.732364032,-3454.965370309,-3448.463365635
2103,1051.5,1.106961312,283.495797647,-3454.958263447,-3448.462743339
2104,1052.0,1.116219476,285.866838646,-3454.958028063,-3448.462461866
2105,1052.5,1.128689283,289.060389979,-3454.967899477,-3448.462359491
2106,1053.0,1.152831794,295.243352618,-3454.988029906,-3448.46250537
2107,1053.5,1.183846316,303.186256001,-3455.015532391,-3448.462953971
2108,1054.0,1.206192377,308.909142778,-3455.043733131,-3448.463558574
2109,1054.5,1.227530092,314.37378949,-3455.064707177,-3448.464077265
2110,1055.0,1.228402435,314.597199054,-3455.072437336,-3448.465066159
2111,1055.5,1.207917458,309.350940829,-3455.056140382,-3448.466458917
2112,1056.0,1.172851063,300.370341809,-3455.016138625,-3448.461073773
2113,1056.5,1.17995627,302.190004579,-3455.028035211,-3448.46398944
2114,1057.0,1.208387187,309.471239684,-3455.063130403,-3448.467917605
2115,1057.5,1.21035052,309.974054697,-3455.058767968,-3448.464541766
2116,1058.0,1.196320736,306.380988901,-3455.050683868,-3448.462769803
2117,1058.5,1.205713945,308.786615253,-3455.05977231,-3448.464475969
2118,1059.0,1.205064561,308.620305996,-3455.060296662,-3448.464854461
2119,1059.5,1.188022157,304.255700273,-3455.041642317,-3448.464221843
2120,1060.0,1.157195026,296.360788223,-3455.010299931,-3448.463483205
2121,1060.5,1.125825311,288.326919033,-3454.976316339,-3448.462757875
2122,1061.0,1.101976819,282.219255425,-3454.950039354,-3448.462238243
2123,1061.5,1.087720737,278.568234133,-3454.939183225,-3448.462107928
2124,1062.0,1.094632463,280.33834593,-3454.945853901,-3448.462232935
2125,1062.5,1.123240721,287.664998499,-3454.968780016,-3448.462165927
2126,1063.0,1.160830274,297.291785062,-3455.009138482,-3448.462209596
2127,1063.5,1.21469144,311.085776025,-3455.06450248,-3448.46348783
2128,1064.0,1.275570951,326.677184112,-3455.116120624,-3448.465302537
2129,1064.5,1.287728084,329.790658814,-3455.140084656,-3448.470701321
2130,1065.0,1.239948957,317.554294754,-3455.105137372,-3448.471509615
2131,1065.5,1.173304677,300.486513626,-3455.027515458,-3448.463997789
2132,1066.0,1.152051804,295.043595148,-3455.006537623,-3448.465922812
2133,1066.5,1.167892067,299.100329478,-3455.029667059,-3448.468857779
2134,1067.0,1.177734714,301.621058121,-3455.039350914,-3448.4685393
2135,1067.5,1.163088425,297.870103634,-3455.02649095,-3448.466969192
2136,1068.0,1.142597288,292.622267948,-3455.0057397,-3448.4660119
2137,1068.5,1.127353487,288.718289136,-3454.987893045,-3448.46583155
2138,1069.0,1.113906618,285.274509295,-3454.974363228,-3448.465982305
2139,1069.5,1.111875208,284.754259877,-3454.961977333,-3448.46612939
2140,1070.0,1.095608025,280.588190114,-3454.948319442,-3448.465984298
2141,1070.5,1.085047488,277.883607755,-3454.936294924,-3448.46528537
2142,1071.0,1.086259351,278.193969187,-3454.936326619,-3448.46477568
2143,1071.5,1.104892175,282.965886027,-3454.955550021,-3448.465323087
2144,1072.0,1.138993435,291.699311229,-3454.987702663,-3448.465631245
2145,1072.5,1.189293268,304.581235206,-3455.027403653,-3448.465651409
2146,1073.0,1.232249422,315.582422868,-3455.071250544,-3448.466820164
2147,1073.5,1.254202167,321.204580439,-3455.102092653,-3448.46885355
2148,1074.0,1.246826144,319.315560915,-3455.095577164,-3448.46963184
2149,1074.5,1.206568071,309.005359133,-3455.051697649,-3448.46642894
2150,1075.0,1.196768954,306.495778766,-3455.032416815,-3448.461749465
2151,1075.5,1.24664383,319.268869701,-3455.087588142,-3448.469382174
2152,1076.0,1.281504029,328.196661373,-3455.121774832,-3448.469079102
2153,1076.5,1.274726564,326.460934226,-3455.11178839,-3448.466656146
2154,1077.0,1.247644699,319.525195006,-3455.084335557,-3448.465593264
2155,1077.5,1.220841407,312.66079922,-3455.054827245,-3448.46536331
2156,1078.0,1.194530927,305.922613886,-3455.026798176,-3448.465187584
2157,1078.5,1.17755738,301.575642492,-3455.003274155,-3448.464667922
2158,1079.0,1.160191083,297.128086665,-3454.992438405,-3448.46443843
2159,1079.5,1.163029528,297.855019994,-3454.998106612,-3448.464934449
2160,1080.0,1.178337083,301.775326368,-3455.014100473,-3448.46490678
2161,1080.5,1.191804672,305.224412495,-3455.038437894,-3448.464896956
2162,1081.0,1.221503772,312.830432572,-3455.069679681,-3448.465736169
2163,1081.5,1.248925786,319.85328497,-3455.096347274,-3448.466688819
2164,1082.0,1.256957291,321.910175127,-3455.104367372,-3448.466961485
2165,1082.5,1.251322518,320.467094577,-3455.092277444,-3448.465463578
2166,1083.0,1.239780481,317.51114744,-3455.083563712,-3448.465402795
2167,1083.5,1.228747443,314.685556464,-3455.077883858,-3448.469081234
2168,1084.0,1.202060565,307.850974688,-3455.03611986,-3448.466258203
2169,1084.5,1.181293841,302.532560084,-3455.010457111,-3448.461300252
2170,1085.0,1.216540519,311.559330135,-3455.05258335,-3448.467981363
2171,1085.5,1.235935275,316.526379851,-3455.076761207,-3448.467369461
2172,1086.0,1.225570153,313.871843954,-3455.0705276,-3448.465896288
2173,1086.5,1.202923484,308.071970396,-3455.05256537,-3448.46496262
2174,1087.0,1.175334766,301.006424878,-3455.035936358,-3448.464745587
2175,1087.5,1.164540441,298.241969065,-3455.022901635,-3448.465127372
2176,1088.0,1.148818982,294.215660657,-3455.009036208,-3448.464827599
2177,1088.5,1.132281945,289.980480533,-3454.998203173,-3448.464287485
2178,1089.0,1.13670144,291.112325288,-3454.996781386,-3448.464148748
2179,1089.5,1.145320115,293.319591371,-3455.004900075,-3448.464361657
2180,1090.0,1.158239949,296.628395857,-3455.01816871,-3448.464978545
2181,1090.5,1.165390916,298.459778,-3455.029625957,-3448.465027257
2182,1091.0,1.177109158,301.460851538,-3455.043230022,-3448.463256785
2183,1091.5,1.210680988,310.058688402,-3455.081493454,-3448.464093679
2184,1092.0,1.263243787,323.520163816,-3455.132109374,-3448.466828214
2185,1092.5,1.286415385,329.454472923,-3455.155708069,-3448.467904464
2186,1093.0,1.266692484,324.403384632,-3455.134240216,-3448.468282801
2187,1093.5,1.209772396,309.825995352,-3455.075645842,-3448.462774119
2188,1094.0,1.202821041,308.045734662,-3455.064713768,-3448.462331145
2189,1094.5,1.242815902,318.288527012,-3455.108808036,-3448.467322845
2190,1095.0,1.275920381,326.766674101,-3455.133770391,-3448.466027163
2191,1095.5,1.28197405,328.317034993,-3455.140687614,-3448.465165175
2192,1096.0,1.283367582,328.673922368,-3455.139145153,-3448.464764165
2193,1096.5,1.271722077,325.691477022,-3455.133280909,-3448.464869886
2194,1097.0,1.255816845,321.618103791,-3455.120523307,-3448.465090669
2195,1097.5,1.23047041,315.126813098,-3455.09609917,-3448.464952458
2196,1098.0,1.19876169,307.006123809,-3455.060952346,-3448.464640091
2197,1098.5,1.165634027,298.522039308,-3455.020086222,-3448.464381589
2198,1099.0,1.133414797,290.270607037,-3454.979686488,-3448.463412285
2199,1099.5,1.115282871,285.626971545,-3454.958396461,-3448.461112942
2200,1100.0,1.143672345,292.897592959,-3454.986163098,-3448.462375283
2201,1100.5,1.197399474,306.657256474,-3455.046179872,-3448.464916995
2202,1101.0,1.248425946,319.725274439,-3455.099059381,-3448.465718884
2203,1101.5,1.280751414,328.003914592,-3455.127420049,-3448.466204718
2204,1102.0,1.275726554,326.717034356,-3455.123093336,-3448.466808982
2205,1102.5,1.224427171,313.579123214,-3455.080821958,-3448.467059683
2206,1103.0,1.157727303,296.497105857,-3455.010185167,-3448.462853522
2207,1103.5,1.143602347,292.879666338,-3454.984537277,-3448.459891375
2208,1104.0,1.186343211,303.825717454,-3455.035629663,-3448.466036912
2209,1104.5,1.229622099,314.909558207,-3455.081145116,-3448.465893591
2210,1105.0,1.245085452,318.869764934,-3455.104523923,-3448.464910983
2211,1105.5,1.256006208,321.666600204,-3455.11505257,-3448.464452147
2212,1106.0,1.256180536,321.711246178,-3455.117817561,-3448.464511668
2213,1106.5,1.253001684,320.897133601,-3455.110894487,-3448.465033467
2214,1107.0,1.224867364,313.691857719,-3455.087888455,-3448.465499275
2215,1107.5,1.183891796,303.197903456,-3455.046977169,-3448.464349373
2216,1108.0,1.143893285,292.954176185,-3455.010906366,-3448.461606579
2217,1108.5,1.152112381,295.059109104,-3455.015222012,-3448.462880295
2218,1109.0,1.178248759,301.752706406,-3455.044937641,-3448.464845459
2219,1109.5,1.20264369,308.000314398,-3455.069632136,-3448.465049242
2220,1110.0,1.218934213,312.172361542,-3455.081990016,-3448.464634804
2221,1110.5,1.224036332,313.479028084,-3455.08710971,-3448.463989765
2222,1111.0,1.227108039,314.265700761,-3455.09361327,-3448.46401797
2223,1111.5,1.23303657,315.784013642,-3455.101402225,-3448.464625573
2224,1112.0,1.225447782,313.840504336,-3455.101723278,-3448.465981629
2225,1112.5,1.201528009,307.714585663,-3455.078604122,-3448.466258064
2226,1113.0,1.174938402,300.904914903,-3455.04536974,-3448.460109864
2227,1113.5,1.192404117,305.377932134,-3455.074653245,-3448.464524048
2228,1114.0,1.237588637,316.949810343,-3455.11831321,-3448.466743578
2229,1114.5,1.255483394,321.532706277,-3455.128826189,-3448.465117259
2230,1115.0,1.244535254,318.728857892,-3455.118533583,-3448.464350989
2231,1115.5,1.227052053,314.25136258,-3455.097039684,-3448.464419639
2232,1116.0,1.200998562,307.578992696,-3455.067047617,-3448.463323072
2233,1116.5,1.186100518,303.763563331,-3455.048644074,-3448.46168565
2234,1117.0,1.195699364,306.221853831,-3455.061456826,-3448.463892668
2235,1117.5,1.211633462,310.302619626,-3455.077434852,-3448.465002557
2236,1118.0,1.209657102,309.796468427,-3455.076769987,-3448.464460911
2237,1118.5,1.199252325,307.131776738,-3455.067911535,-3448.463486177
2238,1119.0,1.187440578,304.106756237,-3455.064830193,-3448.46329281
2239,1119.5,1.197033338,306.563488014,-3455.071538966,-3448.463225794
2240,1120.0,1.214203957,310.960930347,-3455.087808577,-3448.463422811
2241,1120.5,1.233176405,315.819825801,-3455.109199097,-3448.463959494
2242,1121.0,1.248676684,319.789489211,-3455.127069139,-3448.464519083
2243,1121.5,1.250666018,320.298963147,-3455.132395294,-3448.465524106
2244,1122.0,1.233512694,315.905950291,-3455.112902362,-3448.466448048
2245,1122.5,1.190062647,304.778275261,-3455.070595016,-3448.461418718
2246,1123.0,1.198268771,306.879885777,-3455.081906214,-3448.461514122
2247,1123.5,1.25529478,321.484401487,-3455.143795219,-3448.467594769
2248,1124.0,1.281795257,328.27124584,-3455.166751227,-3448.466989813
2249,1124.5,1.266009687,324.228518253,-3455.147478624,-3448.464253925
2250,1125.0,1.252642041,320.805027888,-3455.12379329,-3448.46317093
2251,1125.5,1.233599403,315.9281567,-3455.108827988,-3448.465146085
2252,1126.0,1.213530919,310.78856348,-3455.077496139,-3448.464486208
2253,1126.5,1.181066704,302.474389734,-3455.034185813,-3448.462794236
2254,1127.0,1.144722921,293.166648175,-3455.00129012,-3448.462167059
2255,1127.5,1.122151114,287.385947136,-3454.988715528,-3448.46227577
2256,1128.0,1.124622189,288.018796169,-3454.994209534,-3448.462909332
2257,1128.5,1.144458648,293.098967331,-3455.00779199,-3448.463345757
2258,1129.0,1.165597042,298.512567315,-3455.021246076,-3448.463273322
2259,1129.5,1.173982176,300.660022842,-3455.033970172,-3448.462988662
2260,1130.0,1.183727314,303.155779166,-3455.049202869,-3448.462866914
2261,1130.5,1.204490716,308.473342872,-3455.068498548,-3448.463222514
2262,1131.0,1.220840545,312.660578584,-3455.086299928,-3448.464564965
2263,1131.5,1.221183411,312.748387289,-3455.084287285,-3448.466562707
2264,1132.0,1.199202968,307.119136308,-3455.048531449,-3448.462885292
2265,1132.5,1.188410123,304.355059352,-3455.042122171,-3448.46177418
2266,1133.0,1.226728515,314.168503621,-3455.080936966,-3448.465761484
2267,1133.5,1.255109208,321.436876115,-3455.106028168,-3448.465139947
2268,1134.0,1.247756639,319.553863245,-3455.110146134,-3448.464862115
2269,1134.5,1.228354965,314.585041882,-3455.093098144,-3448.463598135
2270,1135.0,1.204118444,308.378003077,-3455.068453783,-3448.462888628
2271,1135.5,1.179495122,302.071903412,-3455.045105051,-3448.462657365
2272,1136.0,1.156691356,296.231796969,-3455.024872999,-3448.462795129
2273,1136.5,1.136212021,290.986983793,-3455.004904867,-3448.462787938
2274,1137.0,1.114724971,285.484091741,-3454.984523487,-3448.462506444
2275,1137.5,1.100901242,281.943797405,-3454.96749185,-3448.462009457
2276,1138.0,1.087005912,278.385165511,-3454.960900194,-3448.461484381
2277,1138.5,1.0872882,278.457460251,-3454.972490155,-3448.461226367
2278,1139.0,1.11651798,285.9432864,-3455.005604082,-3448.461555626
2279,1139.5,1.165458705,298.47713881,-3455.054615521,-3448.462591805
2280,1140.0,1.214289338,310.98279651,-3455.10394115,-3448.464346204
2281,1140.5,1.229130606,314.783685632,-3455.128517292,-3448.466638863
2282,1141.0,1.200510679,307.454044645,-3455.101150194,-3448.467173041
2283,1141.5,1.150929405,294.756145642,-3455.036017576,-3448.459837975
2284,1142.0,1.16357995,297.995984486,-3455.041663487,-3448.460306049
2285,1142.5,1.220365134,312.538824521,-3455.112062954,-3448.46725177
2286,1143.0,1.249449846,319.987498164,-3455.142597094,-3448.465991704
2287,1143.5,1.24441199,318.697289536,-3455.129699376,-3448.464152735
2288,1144.0,1.215617314,311.322894874,-3455.094446265,-3448.462945841
2289,1144.5,1.178055228,301.703142606,-3455.052078098,-3448.461927067
2290,1145.0,1.146307244,293.572397661,-3455.015858775,-3448.461275013
2291,1145.5,1.128698254,289.062687524,-3454.994569509,-3448.461026544
2292,1146.0,1.119953055,286.823018426,-3454.990617326,-3448.461234444
2293,1146.5,1.125607446,288.271123252,-3455.000143782,-3448.46158391
2294,1147.0,1.143205365,292.777998108,-3455.016875362,-3448.461826204
2295,1147.5,1.156806618,296.261315884,-3455.036118008,-3448.461942739
2296,1148.0,1.167562908,299.016031091,-3455.055485985,-3448.462233118
2297,1148.5,1.182893228,302.942167649,-3455.070654192,-3448.463034262
2298,1149.0,1.18643584,303.849440201,-3455.071776114,-3448.46370852
2299,1149.5,1.170088329,299.662798083,-3455.055350735,-3448.46218502
2300,1150.0,1.161884722,297.561832184,-3455.047645344,-3448.461434304
2301,1150.5,1.169944832,299.626048052,-3455.059155458,-3448.465177966
2302,1151.0,1.162634539,297.753862376,-3455.051517824,-3448.462911451
2303,1151.5,1.182193381,302.762934726,-3455.060444528,-3448.460266371
2304,1152.0,1.216368033,311.51515588,-3455.108138687,-3448.465909191
2305,1152.5,1.229188273,314.798454318,-3455.118866812,-3448.464720489
2306,1153.0,1.201926778,307.81671134,-3455.091616852,-3448.462491393
2307,1153.5,1.161006873,297.337012512,-3455.054305137,-3448.461254605
2308,1154.0,1.135326649,290.760237441,-3455.024804578,-3448.460749251
2309,1154.5,1.117822196,286.277299671,-3455.009982643,-3448.460654754
2310,1155.0,1.112942728,285.02765463,-3455.010946645,-3448.460753793
2311,1155.5,1.123569758,287.749265789,-3455.025835745,-3448.461061831
2312,1156.0,1.149106007,294.289168466,-3455.049108088,-3448.461696333
2313,1156.5,1.170930198,299.878402989,-3455.07054687,-3448.462637176
2314,1157.0,1.176701958,301.356566383,-3455.076816158,-3448.463433351
2315,1157.5,1.164337046,298.189879065,-3455.059435704,-3448.462729316
2316,1158.0,1.143011518,292.728353391,-3455.034830513,-3448.459786952
2317,1158.5,1.157651975,296.477814087,-3455.04570372,-3448.45972085
2318,1159.0,1.199342995,307.154997575,-3455.092397767,-3448.462982702
2319,1159.5,1.241752577,318.016206638,-3455.127805495,-3448.464329968
2320,1160.0,1.232743643,315.708994184,-3455.124871916,-3448.464799521
2321,1160.5,1.188648681,304.416154673,-3455.079348524,-3448.462700255
2322,1161.0,1.1468556,293.712833138,-3455.035819107,-3448.456941036
2323,1161.5,1.163354784,297.938319088,-3455.060621056,-3448.462265936
2324,1162.0,1.207536711,309.253430576,-3455.092996484,-3448.463708519
2325,1162.5,1.211272373,310.210143655,-3455.095693817,-3448.462201472
2326,1163.0,1.194506557,305.916372531,-3455.082388704,-3448.461058712
2327,1163.5,1.175403711,301.024081838,-3455.068808573,-3448.460568139
2328,1164.0,1.164516907,298.235941738,-3455.062079703,-3448.460766913
2329,1164.5,1.160960369,297.325102718,-3455.059718371,-3448.461430228
2330,1165.0,1.149748567,294.453729916,-3455.053147945,-3448.462071667
2331,1165.5,1.135775778,290.875260729,-3455.035596879,-3448.462082154
2332,1166.0,1.11338826,285.141756586,-3455.010365037,-3448.461176145
2333,1166.5,1.113815631,285.251207492,-3454.99569628,-3448.459431386
2334,1167.0,1.126962914,288.618262168,-3455.014659301,-3448.46080713
2335,1167.5,1.150763998,294.713784524,-3455.047898723,-3448.462605355
2336,1168.0,1.174034428,300.673404796,-3455.066153226,-3448.461949165
2337,1168.5,1.181505801,302.586843652,-3455.07238774,-3448.461227791
2338,1169.0,1.185062267,303.497664246,-3455.075156336,-3448.461361399
2339,1169.5,1.185468138,303.601609019,-3455.072013147,-3448.462474101
2340,1170.0,1.160570585,297.225278025,-3455.049755995,-3448.463380578
2341,1170.5,1.121615347,287.248735824,-3455.009551136,-3448.458848401
2342,1171.0,1.125272633,288.185376586,-3455.017066784,-3448.459118989
2343,1171.5,1.172823141,300.363190929,-3455.068727757,-3448.463741888
2344,1172.0,1.205078459,308.623865466,-3455.09639859,-3448.462888101
2345,1172.5,1.211363236,310.233414013,-3455.098060733,-3448.461855196
2346,1173.0,1.200906591,307.555438638,-3455.086402843,-3448.461385153
2347,1173.5,1.183009794,302.972020404,-3455.070028608,-3448.460950667
2348,1174.0,1.171803166,300.10197257,-3455.056453035,-3448.461227296
2349,1174.5,1.153154211,295.325924432,-3455.044646057,-3448.461501857
2350,1175.0,1.144047107,292.993570473,-3455.036170955,-3448.460211999
2351,1175.5,1.149356343,294.353280184,-3455.044231842,-3448.461593623
2352,1176.0,1.159432641,296.933847459,-3455.050072976,-3448.462266043
2353,1176.5,1.145751128,293.429974858,-3455.038727106,-3448.461232638
2354,1177.0,1.128648464,289.049936093,-3455.020019998,-3448.460218953
2355,1177.5,1.113304561,285.120320981,-3455.007586512,-3448.459612666
2356,1178.0,1.120534472,286.971920766,-3455.010247578,-3448.459447537
2357,1178.5,1.138279506,291.516472154,-3455.0300251,-3448.45995577
2358,1179.0,1.162767554,297.787927681,-3455.058556478,-3448.461504187
2359,1179.5,1.176119305,301.207347359,-3455.074697175,-3448.463303752
2360,1180.0,1.168324785,299.211149783,-3455.063129938,-3448.460371221
2361,1180.5,1.1821042,302.740095217,-3455.072601918,-3448.459206248
2362,1181.0,1.219914298,312.423364008,-3455.113764805,-3448.464083619
2363,1181.5,1.229545595,314.88996551,-3455.121568697,-3448.462151388
2364,1182.0,1.215908396,311.397441739,-3455.107621664,-3448.46074235
2365,1182.5,1.197922797,306.791280906,-3455.089837151,-3448.461352582
2366,1183.0,1.175200113,300.971939941,-3455.064254973,-3448.460131078
2367,1183.5,1.156380276,296.15212846,-3455.049591272,-3448.458726623
2368,1184.0,1.174091116,300.687922734,-3455.060967076,-3448.460900449
2369,1184.5,1.180082416,302.222310857,-3455.069254561,-3448.461466252
2370,1185.0,1.162897392,297.821179612,-3455.059933497,-3448.460712238
2371,1185.5,1.138857329,291.664454151,-3455.04119917,-3448.459876509
2372,1186.0,1.130006913,289.397838666,-3455.024356602,-3448.459315397
2373,1186.5,1.110763815,284.469629022,-3455.017020388,-3448.459078352
2374,1187.0,1.115838063,285.769157606,-3455.022387965,-3448.459150503
2375,1187.5,1.126624201,288.531516909,-3455.039328428,-3448.459582091
2376,1188.0,1.15948509,296.947279863,-3455.061443666,-3448.460574171
2377,1188.5,1.172407752,300.256808656,-3455.074964317,-3448.462244381
2378,1189.0,1.156960141,296.300633533,-3455.060784142,-3448.462701792
2379,1189.5,1.133632399,290.326335373,-3455.030393708,-3448.456734659
2380,1190.0,1.169111359,299.412593342,-3455.065027699,-3448.459379658
2381,1190.5,1.240209819,317.621102175,-3455.133249887,-3448.465029886
2382,1191.0,1.255782545,321.60931954,-3455.14711316,-3448.464007036
2383,1191.5,1.222941981,313.198762025,-3455.111639038,-3448.460241321
2384,1192.0,1.19013299,304.796290269,-3455.076906925,-3448.459298276
2385,1192.5,1.170463408,299.758856867,-3455.056976138,-3448.460520823
2386,1193.0,1.153499696,295.414404067,-3455.034377655,-3448.459858169
2387,1193.5,1.130427101,289.505450013,-3455.01358809,-3448.458904425
2388,1194.0,1.124538797,287.99743937,-3455.006420641,-3448.45856558
2389,1194.5,1.135320759,290.758729029,-3455.017061238,-3448.458821325
2390,1195.0,1.160153208,297.118386556,-3455.041454982,-3448.459302544
2391,1195.5,1.184754508,303.418846381,-3455.07214405,-3448.459753166
2392,1196.0,1.208177321,309.417492536,-3455.102193257,-3448.460158942
2393,1196.5,1.221247711,312.764854866,-3455.126137813,-3448.460494101
2394,1197.0,1.230737858,315.195307204,-3455.141252502,-3448.460358249
2395,1197.5,1.233419512,315.882086121,-3455.151861744,-3448.460469433
2396,1198.0,1.236138149,316.578336493,-3455.156998686,-3448.462563613
2397,1198.5,1.206904493,309.091517801,-3455.135559031,-3448.462038325
2398,1199.0,1.176967115,301.42447395,-3455.110146694,-3448.458436159
2399,1199.5,1.179388602,302.044623284,-3455.119980016,-3448.463038112
2400,1200.0,1.177521133,301.566359469,-3455.116139555,-3448.460621227
2401,1200.5,1.175992085,301.174766109,-3455.111802399,-3448.460327299
2402,1201.0,1.163136988,297.882540956,-3455.108453324,-3448.460882175
2403,1201.5,1.150197813,294.568782879,-3455.093936011,-3448.46028589
2404,1202.0,1.131303106,289.729797129,-3455.072402236,-3448.459698819
2405,1202.5,1.100325372,281.796315512,-3455.051035894,-3448.459345262
2406,1203.0,1.089998623,279.151607066,-3455.034463192,-3448.459162658
2407,1203.5,1.08074971,276.7829353,-3455.025119393,-3448.45917281
2408,1204.0,1.077469696,275.942914634,-3455.022733037,-3448.459412964
2409,1204.5,1.076929019,275.804445964,-3455.024591921,-3448.459547811
2410,1205.0,1.085069536,277.889254458,-3455.030576775,-3448.458969053
2411,1205.5,1.109676473,284.191157756,-3455.050280398,-3448.458404018
2412,1206.0,1.151529433,294.909814437,-3455.090628238,-3448.459589488
2413,1206.5,1.192566256,305.419456383,-3455.134121681,-3448.461665899
2414,1207.0,1.205328647,308.687939148,-3455.149497972,-3448.463728424
2415,1207.5,1.167366006,298.965603847,-3455.111235001,-3448.463530151
2416,1208.0,1.10881807,283.971318354,-3455.043486519,-3448.455687968
2417,1208.5,1.111857472,284.749717553,-3455.049604629,-3448.458267349
2418,1209.0,1.156626665,296.215229459,-3455.103447908,-3448.462672387
2419,1209.5,1.191231436,305.077605372,-3455.130603393,-3448.461631152
2420,1210.0,1.19969834,307.246002406,-3455.129790874,-3448.460047177
2421,1210.5,1.187981436,304.245271378,-3455.118540292,-3448.459270042
2422,1211.0,1.171507615,300.026281222,-3455.107067117,-3448.459059011
2423,1211.5,1.158358127,296.658661599,-3455.098552635,-3448.459183082
2424,1212.0,1.147042727,293.760757003,-3455.091631873,-3448.459478041
2425,1212.5,1.137525879,291.323466177,-3455.082804666,-3448.459501722
2426,1213.0,1.134778577,290.619874676,-3455.073161838,-3448.458753673
2427,1213.5,1.135604256,290.831333399,-3455.07426292,-3448.45814765
2428,1214.0,1.159835807,297.037099393,-3455.094417188,-3448.459072867
2429,1214.5,1.182066091,302.730335577,-3455.120631652,-3448.460224384
2430,1215.0,1.193614395,305.687887404,-3455.134769409,-3448.460699357
2431,1215.5,1.187305488,304.072159274,-3455.128374121,-3448.46111504
2432,1216.0,1.168580425,299.276619897,-3455.097306831,-3448.461191232
2433,1216.5,1.118728593,286.509430245,-3455.047639503,-3448.459925211
2434,1217.0,1.081528929,276.982495294,-3455.005624347,-3448.457948672
2435,1217.5,1.090990768,279.405698039,-3455.012484839,-3448.456880542
2436,1218.0,1.148764105,294.201606506,-3455.068728238,-3448.462398002
2437,1218.5,1.174672258,300.836754872,-3455.096282206,-3448.461580148
2438,1219.0,1.167376424,298.968271865,-3455.088013099,-3448.45979574
2439,1219.5,1.151510235,294.904897711,-3455.064537719,-3448.458994848
2440,1220.0,1.123235102,287.663559604,-3455.036779151,-3448.458826333
2441,1220.5,1.090084477,279.17359443,-3455.008703343,-3448.458463754
2442,1221.0,1.073699842,274.977444872,-3454.987656623,-3448.457525277
2443,1221.5,1.089462722,279.014361301,-3454.987428037,-3448.457107747
2444,1222.0,1.110082626,284.295174796,-3455.013048251,-3448.458048603
2445,1222.5,1.153633609,295.448699647,-3455.050627162,-3448.458956926
2446,1223.0,1.183384996,303.068110617,-3455.084617313,-3448.459245959
2447,1223.5,1.208653739,309.539504299,-3455.107865637,-3448.459649668
2448,1224.0,1.220392202,312.545756719,-3455.113993962,-3448.460173801
2449,1224.5,1.20762085,309.274978723,-3455.099379101,-3448.459083177
2450,1225.0,1.19467902,305.960540772,-3455.084515246,-3448.457649547
2451,1225.5,1.188009926,304.252567872,-3455.087268565,-3448.460634789
2452,1226.0,1.160235688,297.139509982,-3455.07252398,-3448.461742375
2453,1226.5,1.128807809,289.090744829,-3455.035783869,-3448.45587427
2454,1227.0,1.138199311,291.495934049,-3455.052393594,-3448.458041261
2455,1227.5,1.182664228,302.883520047,-3455.098073652,-3448.462003034
2456,1228.0,1.192189938,305.323080315,-3455.106938215,-3448.46118565
2457,1228.5,1.159062813,296.839133481,-3455.080403406,-3448.459643662
2458,1229.0,1.112570088,284.932220504,-3455.040899114,-3448.45807827
2459,1229.5,1.076595782,275.719102938,-3455.0122267,-3448.4573614
2460,1230.0,1.068613995,273.674945776,-3455.00508391,-3448.457870598
2461,1230.5,1.072202626,274.594003797,-3455.012335397,-3448.458498378
2462,1231.0,1.089051917,278.909153108,-3455.023404115,-3448.458718039
2463,1231.5,1.095758688,280.626775129,-3455.032773493,-3448.45897795
2464,1232.0,1.102887097,282.452380098,-3455.03531347,-3448.459482711
2465,1232.5,1.089348636,278.985143504,-3455.024769101,-3448.459383057
2466,1233.0,1.079309673,276.414137881,-3455.007873429,-3448.457122635
2467,1233.5,1.089522111,279.029571039,-3455.016787565,-3448.457029414
2468,1234.0,1.120253973,286.900084159,-3455.052274929,-3448.45958168
2469,1234.5,1.138943744,291.686585323,-3455.07775163,-3448.460715891
2470,1235.0,1.13021494,289.451114968,-3455.072764167,-3448.461420253
2471,1235.5,1.100321992,281.7954498,-3455.03707808,-3448.457667298
2472,1236.0,1.09775196,281.137257717,-3455.031534729,-3448.455996574
2473,1236.5,1.140125416,291.989214787,-3455.074007157,-3448.460996678
2474,1237.0,1.16401743,298.108024516,-3455.096284635,-3448.460131842
2475,1237.5,1.161226142,297.393168091,-3455.095518268,-3448.458668318
2476,1238.0,1.154755665,295.736061304,-3455.08828126,-3448.458288809
2477,1238.5,1.145792128,293.440475211,-3455.079392982,-3448.458143952
2478,1239.0,1.137056103,291.203155434,-3455.070436456,-3448.457724512
2479,1239.5,1.138336391,291.531040726,-3455.066066607,-3448.457591818
2480,1240.0,1.137763478,291.384316021,-3455.067400137,-3448.458141517
2481,1240.5,1.130444124,289.509809597,-3455.067044854,-3448.458985193
2482,1241.0,1.119397846,286.680827751,-3455.056282454,-3448.458392007
2483,1241.5,1.113581,285.1911178,-3455.049288952,-3448.456193712
2484,1242.0,1.139272385,291.770751273,-3455.074012134,-3448.457707041
2485,1242.5,1.172785302,300.35350026,-3455.11161039,-3448.459213243
2486,1243.0,1.200616234,307.481077624,-3455.136140254,-3448.459282663
2487,1243.5,1.211425267,310.24930009,-3455.141919361,-3448.459860915
2488,1244.0,1.197976257,306.804972295,-3455.120939916,-3448.460913947
2489,1244.5,1.13953492,291.837987091,-3455.068745004,-3448.458210742
2490,1245.0,1.114965236,285.545624242,-3455.038960883,-3448.453958628
2491,1245.5,1.152545237,295.16996476,-3455.079578005,-3448.459304324
2492,1246.0,1.190434372,304.873475115,-3455.122792696,-3448.459858453
2493,1246.5,1.204847951,308.564831618,-3455.142230855,-3448.45918853
2494,1247.0,1.201288072,307.653137054,-3455.141564288,-3448.458612225
2495,1247.5,1.191042002,305.029090716,-3455.127090616,-3448.458112374
2496,1248.0,1.168326187,299.21150878,-3455.105111793,-3448.457797075
2497,1248.5,1.143312754,292.805500585,-3455.080227211,-3448.457823979
2498,1249.0,1.118564292,286.467352284,-3455.053774302,-3448.457822638
2499,1249.5,1.098085132,281.222583968,-3455.031254298,-3448.456207434
2500,1250.0,1.10731885,283.587364075,-3455.038882292,-3448.455521704
2501,1250.5,1.148775782,294.20459696,-3455.083684285,-3448.458490701
2502,1251.0,1.194138661,305.822153426,-3455.125509172,-3448.459451895
2503,1251.5,1.199759085,307.26155932,-3455.144609599,-3448.458801869
2504,1252.0,1.204975506,308.597499008,-3455.148380582,-3448.458020922
2505,1252.5,1.206947732,309.102591298,-3455.147822612,-3448.458388568
2506,1253.0,1.195540083,306.181061542,-3455.139524838,-3448.459831067
2507,1253.5,1.169039482,299.394185549,-3455.110132496,-3448.45909334
2508,1254.0,1.157233311,296.370593009,-3455.085419609,-3448.454297807
2509,1254.5,1.183307525,303.048270025,-3455.119333015,-3448.459617345
2510,1255.0,1.213711949,310.834925789,-3455.149107735,-3448.460734988
2511,1255.5,1.205918799,308.839078682,-3455.141527271,-3448.458871672
2512,1256.0,1.180024543,302.207489423,-3455.115494804,-3448.45773859
2513,1256.5,1.157227534,296.369113654,-3455.086454773,-3448.457533575
2514,1257.0,1.127816975,288.836989524,-3455.058496493,-3448.457826074
2515,1257.5,1.096138357,280.724009551,-3455.029856087,-3448.457559071
2516,1258.0,1.084382607,277.713330097,-3455.010329044,-3448.455522962
2517,1258.5,1.104830844,282.950179025,-3455.026611757,-3448.456683404
2518,1259.0,1.139046998,291.713028878,-3455.062887655,-3448.459095901
2519,1259.5,1.160964912,297.326266244,-3455.082948395,-3448.458793214
2520,1260.0,1.161349549,297.42477277,-3455.085768731,-3448.457704779
2521,1260.5,1.16223621,297.65184908,-3455.085435849,-3448.457220439
2522,1261.0,1.167502174,299.000476943,-3455.090053107,-3448.456931776
2523,1261.5,1.179011799,301.948123005,-3455.103717399,-3448.457289279
2524,1262.0,1.197935131,306.79443972,-3455.119521712,-3448.459292807
2525,1262.5,1.185847307,303.698715312,-3455.111372441,-3448.460274004
2526,1263.0,1.167383395,298.97005732,-3455.079318996,-3448.454787395
2527,1263.5,1.185379477,303.578902718,-3455.094202308,-3448.456896409
2528,1264.0,1.218495147,312.059915575,-3455.133290029,-3448.459856457
2529,1264.5,1.232966077,315.765960177,-3455.143233838,-3448.458590853
2530,1265.0,1.215307301,311.243499621,-3455.131042413,-3448.458033144
2531,1265.5,1.195227495,306.101006824,-3455.103770963,-3448.458265412
2532,1266.0,1.155168976,295.841911373,-3455.062034212,-3448.457151414
2533,1266.5,1.125995226,288.370434723,-3455.026782353,-3448.455192427
2534,1267.0,1.125486759,288.240215017,-3455.022431008,-3448.456981724
2535,1267.5,1.131693919,289.829885606,-3455.027084157,-3448.457686853
2536,1268.0,1.127484428,288.751823428,-3455.0255388,-3448.457271633
2537,1268.5,1.132565267,290.05304012,-3455.020329532,-3448.45720567
2538,1269.0,1.124851487,288.077519982,-3455.013199127,-3448.456635023
2539,1269.5,1.123700721,287.782805889,-3455.012245022,-3448.456221268
2540,1270.0,1.12951712,289.272401429,-3455.023096111,-3448.456614464
2541,1270.5,1.148077555,294.025779229,-3455.040049923,-3448.457198701
2542,1271.0,1.155809294,296.005898607,-3455.052733102,-3448.458358577
2543,1271.5,1.142503799,292.598324986,-3455.044934259,-3448.459734658
2544,1272.0,1.109387717,284.1172065,-3455.008455055,-3448.456285791
2545,1272.5,1.113432952,285.153202305,-3455.000978469,-3448.454211733
2546,1273.0,1.151090581,294.797423219,-3455.044464888,-3448.459516013
2547,1273.5,1.173293505,300.48365231,-3455.066615273,-3448.459321454
2548,1274.0,1.169397322,299.485829408,-3455.055550928,-3448.458244791
2549,1274.5,1.148677012,294.179301779,-3455.029105644,-3448.455853817
2550,1275.0,1.147450828,293.865272779,-3455.022374351,-3448.455262103
2551,1275.5,1.167286387,298.945213162,-3455.042805328,-3448.457342762
2552,1276.0,1.185197428,303.532279493,-3455.061309072,-3448.457624846
2553,1276.5,1.188607968,304.40572803,-3455.067525023,-3448.457266002
2554,1277.0,1.184499551,303.353551195,-3455.065268651,-3448.456597399
2555,1277.5,1.179077177,301.964866462,-3455.062992857,-3448.456507102
2556,1278.0,1.178637521,301.852269402,-3455.061664281,-3448.456574948
2557,1278.5,1.175863476,301.141828963,-3455.059890331,-3448.456102489
2558,1279.0,1.1823792,302.810523589,-3455.063048293,-3448.455723229
2559,1279.5,1.19829692,306.887094805,-3455.075737346,-3448.455956582
2560,1280.0,1.221557794,312.844268001,-3455.094126334,-3448.456953659
2561,1280.5,1.227674759,314.410839176,-3455.103606906,-3448.45870895
2562,1281.0,1.212183669,310.443529045,-3455.083629733,-3448.458552673
2563,1281.5,1.179812275,302.153127058,-3455.053419849,-3448.453544848
2564,1282.0,1.194512024,305.917772681,-3455.070612072,-3448.459240798
2565,1282.5,1.198791758,307.01382429,-3455.072416443,-3448.4599287
2566,1283.0,1.176991424,301.43069941,-3455.038595115,-3448.455514851
2567,1283.5,1.156557506,296.197517577,-3455.021396571,-3448.455520591
2568,1284.0,1.156034584,296.063595775,-3455.022867687,-3448.457110264
2569,1284.5,1.151757676,294.968268049,-3455.01805183,-3448.45672042
2570,1285.0,1.138653311,291.612204635,-3455.00797114,-3448.455648147
2571,1285.5,1.139679792,291.875089122,-3455.004595705,-3448.455735743
2572,1286.0,1.140748767,292.148856679,-3455.005750611,-3448.456296863
2573,1286.5,1.132628668,290.06927737,-3455.002670598,-3448.456243323
2574,1287.0,1.13138446,289.750632139,-3454.994866622,-3448.455698174
2575,1287.5,1.119410319,286.684022298,-3454.989679317,-3448.455085994
2576,1288.0,1.127605238,288.782763234,-3454.996175297,-3448.454783043
2577,1288.5,1.147723142,293.935012948,-3455.019170868,-3448.455017274
2578,1289.0,1.184224112,303.283010516,-3455.055381435,-3448.455934298
2579,1289.5,1.220081505,312.46618614,-3455.090945651,-3448.457853763
2580,1290.0,1.228975987,314.744087282,-3455.099236494,-3448.460131141
2581,1290.5,1.196658175,306.467407781,-3455.060830512,-3448.456734604
2582,1291.0,1.174054551,300.678558474,-3455.0356092,-3448.453723825
2583,1291.5,1.201247944,307.642860069,-3455.065279701,-3448.457055186
2584,1292.0,1.231730502,315.449525951,-3455.099358235,-3448.458630283
2585,1292.5,1.237193474,316.848608036,-3455.10418607,-3448.457577984
2586,1293.0,1.216931931,311.659571851,-3455.085186885,-3448.455631604
2587,1293.5,1.193975867,305.780461563,-3455.064344249,-3448.455218206
2588,1294.0,1.168773251,299.326003033,-3455.047026119,-3448.455393505
2589,1294.5,1.148176527,294.051126238,-3455.029674692,-3448.455306132
2590,1295.0,1.124928745,288.097305946,-3455.012332779,-3448.455051148
2591,1295.5,1.111951549,284.773810934,-3454.997920287,-3448.454716954
2592,1296.0,1.111076188,284.549628541,-3454.991489665,-3448.45443409
2593,1296.5,1.112914553,285.02043888,-3454.997567242,-3448.454373593
2594,1297.0,1.133631119,290.32600757,-3455.016754687,-3448.454647463
2595,1297.5,1.158572265,296.713502803,-3455.044474083,-3448.455259518
2596,1298.0,1.183773078,303.16749946,-3455.071434879,-3448.456283922
2597,1298.5,1.187276111,304.064635856,-3455.083102117,-3448.457817252
2598,1299.0,1.164890985,298.331744208,-3455.06074723,-3448.459023283
2599,1299.5,1.120632232,286.996957298,-3455.001147952,-3448.455362164
2600,1300.0,1.094464201,280.295253718,-3454.974073755,-3448.450691692
2601,1300.5,1.150759719,294.712688573,-3455.031889879,-3448.458378192
2602,1301.0,1.195411894,306.148231882,-3455.078424047,-3448.458498093
2603,1301.5,1.21558043,311.313448741,-3455.086313325,-3448.456836416
2604,1302.0,1.19694514,306.540900318,-3455.071549767,-3448.455747378
2605,1302.5,1.173620562,300.567412502,-3455.047769238,-3448.454839911
2606,1303.0,1.155071611,295.816975873,-3455.026857271,-3448.454289007
2607,1303.5,1.1425704,292.61538182,-3455.016241813,-3448.454220725
2608,1304.0,1.141668676,292.384447939,-3455.016971758,-3448.45450258
2609,1304.5,1.144787579,293.183207431,-3455.024960318,-3448.454811065
2610,1305.0,1.154043275,295.55361613,-3455.035513977,-3448.454901267
2611,1305.5,1.162140284,297.627282356,-3455.047002925,-3448.454900158
2612,1306.0,1.173427811,300.518048518,-3455.059379371,-3448.455066755
2613,1306.5,1.196483512,306.422676265,-3455.07045485,-3448.455466024
2614,1307.0,1.20834627,309.460760632,-3455.075163667,-3448.456101083
2615,1307.5,1.195791043,306.24533292,-3455.067129269,-3448.45628128
2616,1308.0,1.187408504,304.098541901,-3455.050471591,-3448.455661079
2617,1308.5,1.169738744,299.573268492,-3455.035486341,-3448.457237625
2618,1309.0,1.164655108,298.271335569,-3455.019917368,-3448.452572535
2619,1309.5,1.198032261,306.819314913,-3455.055865974,-3448.456275983
2620,1310.0,1.238666713,317.225908553,-3455.09841776,-3448.458603095
2621,1310.5,1.242599335,318.233063545,-3455.097974367,-3448.456440778
2622,1311.0,1.226530537,314.117800743,-3455.073777676,-3448.454834204
2623,1311.5,1.199885999,307.294062281,-3455.047391383,-3448.454104489
2624,1312.0,1.18575911,303.676127783,-3455.02925219,-3448.453923657
2625,1312.5,1.169718073,299.567974579,-3455.022253236,-3448.454014684
2626,1313.0,1.183389763,303.06933141,-3455.025336596,-3448.454189097
2627,1313.5,1.194055386,305.80082654,-3455.035703408,-3448.454353296
2628,1314.0,1.213223784,310.709905274,-3455.050327208,-3448.454447867
2629,1314.5,1.225618995,313.884352582,-3455.067794101,-3448.454489274
2630,1315.0,1.246317483,319.185291517,-3455.087245639,-3448.455146108
2631,1315.5,1.26288075,323.427189157,-3455.099917458,-3448.456313033
2632,1316.0,1.267606971,324.637587246,-3455.094583125,-3448.45498683
2633,1316.5,1.266432423,324.33678218,-3455.093975953,-3448.453051724
2634,1317.0,1.2833912,328.679971067,-3455.120577659,-3448.456423474
2635,1317.5,1.289745634,330.307358955,-3455.130453654,-3448.459179943
2636,1318.0,1.245564305,318.992400612,-3455.088278569,-3448.456064781
2637,1318.5,1.212983011,310.648242554,-3455.049972746,-3448.451084598
2638,1319.0,1.225358609,313.817666806,-3455.071488105,-3448.456594154
2639,1319.5,1.230855896,315.225536967,-3455.084637136,-3448.456206681
2640,1320.0,1.223958069,313.458984853,-3455.076531371,-3448.454748169
2641,1320.5,1.208192508,309.421381764,-3455.062550017,-3448.454172942
2642,1321.0,1.193394744,305.631634257,-3455.049468114,-3448.454228794
2643,1321.5,1.177472145,301.553813425,-3455.036871445,-3448.454445372
2644,1322.0,1.16489578,298.332972221,-3455.022410524,-3448.454400687
2645,1322.5,1.148319573,294.087760591,-3455.008187726,-3448.454005754
2646,1323.0,1.142034553,292.478149809,-3455.000698394,-3448.454165434
2647,1323.5,1.14183637,292.427394792,-3454.998626335,-3448.455149452
2648,1324.0,1.133286292,290.237696536,-3454.991193065,-3448.455140147
2649,1324.5,1.126014303,288.375320313,-3454.984855446,-3448.452610271
2650,1325.0,1.157957673,296.55610428,-3455.015099767,-3448.453012787
2651,1325.5,1.21442981,311.018771826,-3455.075002221,-3448.456423076
2652,1326.0,1.244094632,318.616013307,-3455.115412788,-3448.457188446
2653,1326.5,1.245461745,318.966134646,-3455.117470373,-3448.457438977
2654,1327.0,1.201109055,307.60729017,-3455.078481205,-3448.457181384
2655,1327.5,1.144720231,293.165959273,-3455.018749451,-3448.451135911
2656,1328.0,1.139918779,291.936294391,-3455.019851886,-3448.453237435
2657,1328.5,1.174791901,300.867395707,-3455.059494793,-3448.456891216
2658,1329.0,1.196003325,306.299698902,-3455.074789997,-3448.455794789
2659,1329.5,1.191612765,305.175264664,-3455.069030089,-3448.45479342
2660,1330.0,1.169490124,299.509596315,-3455.055672514,-3448.454035665
2661,1330.5,1.156014174,296.058368946,-3455.046418828,-3448.453545538
2662,1331.0,1.153743867,295.476936954,-3455.048310301,-3448.454098069
2663,1331.5,1.160363369,297.172209358,-3455.054093842,-3448.455230946
2664,1332.0,1.151134851,294.808760973,-3455.049215691,-3448.45567601
2665,1332.5,1.136662943,291.102466027,-3455.030498291,-3448.454640052
2666,1333.0,1.129910109,289.37304695,-3455.017897199,-3448.452701221
2667,1333.5,1.155176387,295.843809336,-3455.036602991,-3448.454411245
2668,1334.0,1.184324962,303.308838389,-3455.064482959,-3448.455799259
2669,1334.5,1.194847131,306.003594533,-3455.077022153,-3448.455114482
2670,1335.0,1.204000718,308.347852985,-3455.078861151,-3448.454703819
2671,1335.5,1.198914315,307.045211309,-3455.07460462,-3448.455402777
2672,1336.0,1.180803164,302.406896556,-3455.05525893,-3448.456757822
2673,1336.5,1.141378742,292.310194829,-3455.011071878,-3448.454104199
2674,1337.0,1.128222337,288.940803994,-3454.992308209,-3448.450844852
2675,1337.5,1.162943376,297.832956152,-3455.032584177,-3448.456830308
2676,1338.0,1.179867278,302.167213558,-3455.05526519,-3448.456179106
2677,1338.5,1.175914239,301.154829523,-3455.051514473,-3448.454397181
2678,1339.0,1.166098541,298.641002539,-3455.04196062,-3448.454013207
2679,1339.5,1.154205697,295.595212921,-3455.032331284,-3448.454084799
2680,1340.0,1.14862528,294.166052995,-3455.021919683,-3448.453892342
2681,1340.5,1.132902574,290.139425326,-3455.013782311,-3448.453937009
2682,1341.0,1.130669402,289.567503863,-3455.01103399,-3448.453356312
2683,1341.5,1.145345712,293.326146829,-3455.02641231,-3448.452382044
2684,1342.0,1.180907467,302.433608836,-3455.06854418,-3448.454699099
2685,1342.5,1.221047999,312.713707885,-3455.106065748,-3448.455383312
2686,1343.0,1.229722646,314.935308689,-3455.122970932,-3448.454599345
2687,1343.5,1.234850116,316.248467737,-3455.126798459,-3448.453934463
2688,1344.0,1.230330196,315.090903924,-3455.12650724,-3448.453828232
2689,1344.5,1.228771321,314.691671836,-3455.124117985,-3448.454521373
2690,1345.0,1.220548821,312.585867124,-3455.110504164,-3448.456053717
2691,1345.5,1.180790038,302.403534751,-3455.070868344,-3448.455326373
2692,1346.0,1.15077696,294.717103982,-3455.034352617,-3448.449226477
2693,1346.5,1.179323399,302.027924613,-3455.073133271,-3448.454779712
2694,1347.0,1.221468879,312.821496524,-3455.123563095,-3448.457225323
2695,1347.5,1.234334118,316.116319138,-3455.133672799,-3448.455920264
2696,1348.0,1.208611154,309.528598186,-3455.113495191,-3448.4544226
2697,1348.5,1.182807528,302.920219663,-3455.082728457,-3448.454125115
2698,1349.0,1.140580336,292.105721055,-3455.046953269,-3448.454436106
2699,1349.5,1.095211644,280.486675719,-3455.007690073,-3448.45243792
2700,1350.0,1.087377483,278.480325976,-3454.992731291,-3448.451834853
2701,1350.5,1.099721977,281.641784364,-3455.008397098,-3448.45390369
2702,1351.0,1.123789936,287.805654075,-3455.025277926,-3448.454046836
2703,1351.5,1.136976107,291.182668242,-3455.034865337,-3448.453373111
2704,1352.0,1.141540546,292.351633386,-3455.042674019,-3448.45295531
2705,1352.5,1.152107165,295.05777324,-3455.053461456,-3448.452952621
2706,1353.0,1.164406204,298.207590464,-3455.067708446,-3448.453198125
2707,1353.5,1.171957346,300.141458377,-3455.082969206,-3448.453678635
2708,1354.0,1.183168827,303.012749131,-3455.093868454,-3448.454902827
2709,1354.5,1.176842203,301.392483488,-3455.086177529,-3448.456261675
2710,1355.0,1.156261286,296.121654906,-3455.056225698,-3448.451723168
2711,1355.5,1.164624875,298.263592752,-3455.067140632,-3448.452932564
2712,1356.0,1.208417159,309.478915492,-3455.107262901,-3448.456008659
2713,1356.5,1.221071595,312.719750957,-3455.124996918,-3448.454899753
2714,1357.0,1.226290412,314.056304116,-3455.123818153,-3448.454815299
2715,1357.5,1.207185647,309.163521942,-3455.106440791,-3448.454202414
2716,1358.0,1.195415082,306.149048419,-3455.088006608,-3448.451820721
2717,1358.5,1.203941091,308.332582371,-3455.098508687,-3448.453105357
2718,1359.0,1.227045243,314.249618434,-3455.120932628,-3448.454943932
2719,1359.5,1.238209453,317.108802987,-3455.124755077,-3448.454704907
2720,1360.0,1.226866915,314.203948069,-3455.107831482,-3448.454006692
2721,1360.5,1.195942479,306.284116094,-3455.078863714,-3448.453397298
2722,1361.0,1.164879014,298.32867849,-3455.047527472,-3448.452650963
2723,1361.5,1.140481719,292.080464983,-3455.025772278,-3448.451801425
2724,1362.0,1.138244691,291.507555881,-3455.026511446,-3448.451675162
2725,1362.5,1.167138715,298.907393995,-3455.051605202,-3448.452922196
2726,1363.0,1.186175166,303.78268089,-3455.083319009,-3448.45488773
2727,1363.5,1.19671946,306.483103007,-3455.094890284,-3448.456397959
2728,1364.0,1.182658042,302.881935845,-3455.074915374,-3448.453383605
2729,1364.5,1.185854849,303.700646692,-3455.078102872,-3448.45073214
2730,1365.0,1.228499636,314.622092422,-3455.13073363,-3448.457581
2731,1365.5,1.245568801,318.993551854,-3455.144825276,-3448.457503398
2732,1366.0,1.215832802,311.378081818,-3455.106839477,-3448.454088455
2733,1366.5,1.178400712,301.791621911,-3455.064743455,-3448.450889468
2734,1367.0,1.171733136,300.084037736,-3455.060463817,-3448.452482251
2735,1367.5,1.189524372,304.64042146,-3455.075095058,-3448.453510118
2736,1368.0,1.198342568,306.898785412,-3455.087838364,-3448.453494458
2737,1368.5,1.199687822,307.243308711,-3455.095072716,-3448.453532799
2738,1369.0,1.204633507,308.509911979,-3455.095692919,-3448.453407892
2739,1369.5,1.20777419,309.314249594,-3455.091879172,-3448.452968061
2740,1370.0,1.206678973,309.033761399,-3455.089621789,-3448.452909471
2741,1370.5,1.206260428,308.926570839,-3455.089334035,-3448.4532487
2742,1371.0,1.201818544,307.788992409,-3455.086508904,-3448.453133713
2743,1371.5,1.196494705,306.425542776,-3455.083444657,-3448.452397667
2744,1372.0,1.200814876,307.531950367,-3455.091068752,-3448.452365316
2745,1372.5,1.220171623,312.489265737,-3455.1097179,-3448.45454213
2746,1373.0,1.226711755,314.164211361,-3455.113620405,-3448.455772673
2747,1373.5,1.219523187,312.323199445,-3455.102367101,-3448.450889125
2748,1374.0,1.251872825,320.608029602,-3455.132579187,-3448.455604545
2749,1374.5,1.274088595,326.297548566,-3455.1553974,-3448.45575355
2750,1375.0,1.278763449,327.494791553,-3455.154410743,-3448.453059243
2751,1375.5,1.282174226,328.368300697,-3455.156228146,-3448.454107113
2752,1376.0,1.267447677,324.596791403,-3455.147122149,-3448.453956062
2753,1376.5,1.236643479,316.70775282,-3455.124214226,-3448.453175307
2754,1377.0,1.207980433,309.367068835,-3455.097056322,-3448.452424941
2755,1377.5,1.179738663,302.134274994,-3455.076705995,-3448.451938338
2756,1378.0,1.171203027,299.94827524,-3455.070200137,-3448.452170134
2757,1378.5,1.17964826,302.111122332,-3455.074545895,-3448.452593612
2758,1379.0,1.18841163,304.355445189,-3455.083690629,-3448.452599297
2759,1379.5,1.218823118,312.143910039,-3455.097904206,-3448.452092467
2760,1380.0,1.246279851,319.175653757,-3455.124241787,-3448.451913221
2761,1380.5,1.280149437,327.849746654,-3455.164274058,-3448.452840289
2762,1381.0,1.321114922,338.341118571,-3455.204173102,-3448.454068947
2763,1381.5,1.342451586,343.805496282,-3455.224125963,-3448.455731318
2764,1382.0,1.319151998,337.838408399,-3455.200999889,-3448.457157304
2765,1382.5,1.245477965,318.970288639,-3455.131446529,-3448.451756016
2766,1383.0,1.216675344,311.59385908,-3455.101303253,-3448.449758007
2767,1383.5,1.246214593,319.158940968,-3455.139486426,-3448.454796052
2768,1384.0,1.277592727,327.194966444,-3455.170938834,-3448.455583643
2769,1384.5,1.279205217,327.607929349,-3455.169316257,-3448.454002436
2770,1385.0,1.263577163,323.605542308,-3455.149478635,-3448.452410617
2771,1385.5,1.240948344,317.810240329,-3455.131592182,-3448.451907942
2772,1386.0,1.229519836,314.883368494,-3455.121725848,-3448.45262579
2773,1386.5,1.211502274,310.269021963,-3455.109449109,-3448.453328892
2774,1387.0,1.18358098,303.118302742,-3455.084520086,-3448.453129305
2775,1387.5,1.144428076,293.091137677,-3455.051281311,-3448.4519104
2776,1388.0,1.124172792,287.903704559,-3455.02783441,-3448.450940172
2777,1388.5,1.124598652,288.01276847,-3455.027835794,-3448.451073822
2778,1389.0,1.143382783,292.823435182,-3455.049765211,-3448.451398201
2779,1389.5,1.178163047,301.730755288,-3455.087628706,-3448.451881462
2780,1390.0,1.217573582,311.823900323,-3455.133228197,-3448.453064423
2781,1390.5,1.248027731,319.623290666,-3455.169297976,-3448.455141079
2782,1391.0,1.244735109,318.780041168,-3455.170705268,-3448.456246709
2783,1391.5,1.219112382,312.217991308,-3455.135559124,-3448.452340774
2784,1392.0,1.216866143,311.642723438,-3455.130132343,-3448.450008088
2785,1392.5,1.250181099,320.174774006,-3455.177680684,-3448.456455905
2786,1393.0,1.266815997,324.435016501,-3455.194231103,-3448.454931542
2787,1393.5,1.257456195,322.037945759,-3455.179778702,-3448.452555054
2788,1394.0,1.238791511,317.257869574,-3455.163043662,-3448.452074058
2789,1394.5,1.225074295,313.74485329,-3455.150830839,-3448.452364498
2790,1395.0,1.210479287,310.007032199,-3455.138994927,-3448.452451346
2791,1395.5,1.195003671,306.043684862,-3455.127343159,-3448.451914903
2792,1396.0,1.187329818,304.078390215,-3455.122928894,-3448.451788316
2793,1396.5,1.188428534,304.359774369,-3455.126423629,-3448.452411693
2794,1397.0,1.182965157,302.960588773,-3455.128700213,-3448.45261546
2795,1397.5,1.186681598,303.912379299,-3455.125585476,-3448.452371686
2796,1398.0,1.174956362,300.909514501,-3455.119938049,-3448.452193207
2797,1398.5,1.16427314,298.173512361,-3455.114513301,-3448.452492158
2798,1399.0,1.155749576,295.990604503,-3455.107038646,-3448.452960114
2799,1399.5,1.145410575,293.342758251,-3455.095943798,-3448.45224597
2800,1400.0,1.144648836,293.1476749,-3455.094001785,-3448.453019734
2801,1400.5,1.142666847,292.640082035,-3455.094068481,-3448.454651274
2802,1401.0,1.149424426,294.370716352,-3455.092870911,-3448.449349264
2803,1401.5,1.201353744,307.669955732,-3455.145084958,-3448.454370237
2804,1402.0,1.234902356,316.261846448,-3455.191163076,-3448.456219095
2805,1402.5,1.229697252,314.928805048,-3455.187659925,-3448.454621065
2806,1403.0,1.186928237,303.975544364,-3455.151007482,-3448.452757156
2807,1403.5,1.143955563,292.97012592,-3455.108776929,-3448.451084814
2808,1404.0,1.123692172,287.78061628,-3455.084813651,-3448.450801552
2809,1404.5,1.117741701,286.256684575,-3455.083763914,-3448.45148444
2810,1405.0,1.13897248,291.693944662,-3455.095716348,-3448.451881792
2811,1405.5,1.157453034,296.426864791,-3455.113220077,-3448.45192754
2812,1406.0,1.187245541,304.056806743,-3455.133687889,-3448.452001637
2813,1406.5,1.207758439,309.310215691,-3455.154109032,-3448.452353448
2814,1407.0,1.214901579,311.139593227,-3455.168552582,-3448.452982371
2815,1407.5,1.217845584,311.893560819,-3455.170123101,-3448.452810152
2816,1408.0,1.215805496,311.371088641,-3455.166923727,-3448.450817572
2817,1408.5,1.234821995,316.241265807,-3455.185667555,-3448.451793663
2818,1409.0,1.262295013,323.277180332,-3455.213048148,-3448.454811524
2819,1409.5,1.252626909,320.80115261,-3455.206674344,-3448.455506373
2820,1410.0,1.211858071,310.360142541,-3455.167638499,-3448.449899199
2821,1410.5,1.199527622,307.20228101,-3455.167958227,-3448.452153272
2822,1411.0,1.217177151,311.72237324,-3455.186003983,-3448.454243834
2823,1411.5,1.219226274,312.247159282,-3455.181967153,-3448.452046576
2824,1412.0,1.221708043,312.882747021,-3455.175283026,-3448.451363999
2825,1412.5,1.220336653,312.531530461,-3455.17420049,-3448.451670203
2826,1413.0,1.213104822,310.679438827,-3455.173152194,-3448.451761801
2827,1413.5,1.202683484,308.010505756,-3455.16938787,-3448.451659293
2828,1414.0,1.188185664,304.297574828,-3455.163433107,-3448.451570436
2829,1414.5,1.177881801,301.658727515,-3455.156631514,-3448.45159183
2830,1415.0,1.168882617,299.354012136,-3455.149286019,-3448.451876708
2831,1415.5,1.150439413,294.630657389,-3455.138652324,-3448.452218108
2832,1416.0,1.143553376,292.86712453,-3455.124412841,-3448.451009224
2833,1416.5,1.14513748,293.272818071,-3455.128630669,-3448.449143382
2834,1417.0,1.186704843,303.918332517,-3455.173815412,-3448.451454413
2835,1417.5,1.235192994,316.336279673,-3455.228618228,-3448.453916308
2836,1418.0,1.25862404,322.337034168,-3455.252740665,-3448.455245638
2837,1418.5,1.226360329,314.074210024,-3455.22479558,-3448.455422477
2838,1419.0,1.157804692,296.516925329,-3455.156285972,-3448.449653936
2839,1419.5,1.138680926,291.619276921,-3455.131929458,-3448.449017532
2840,1420.0,1.159336015,296.909101222,-3455.161771606,-3448.45357197
2841,1420.5,1.173077199,300.428255796,-3455.178687783,-3448.452729357
2842,1421.0,1.183673721,303.142054025,-3455.180457117,-3448.451341469
2843,1421.5,1.185002012,303.482232949,-3455.183119565,-3448.450809454
2844,1422.0,1.196376706,306.395322908,-3455.193704233,-3448.4510157
2845,1422.5,1.211034873,310.149319309,-3455.208956701,-3448.451638972
2846,1423.0,1.216156422,311.460961729,-3455.219946974,-3448.452360462
2847,1423.5,1.207807902,309.322883268,-3455.216377978,-3448.452868453
2848,1424.0,1.182694544,302.891284073,-3455.193079279,-3448.452354108
2849,1424.5,1.147487733,293.874724169,-3455.16350915,-3448.449915616
2850,1425.0,1.149549054,294.402633929,-3455.163430289,-3448.449675275
2851,1425.5,1.181854747,302.67620968,-3455.195193732,-3448.452381554
2852,1426.0,1.197745139,306.74578232,-3455.220624323,-3448.453055008
2853,1426.5,1.203744386,308.282205777,-3455.224232501,-3448.452530506
2854,1427.0,1.190955027,305.006816194,-3455.211715489,-3448.452303176
2855,1427.5,1.153225811,295.34426142,-3455.187034825,-3448.45335902
2856,1428.0,1.110142302,284.310457963,-3455.144923325,-3448.451556671
2857,1428.5,1.098347831,281.289861888,-3455.122801221,-3448.44839449
2858,1429.0,1.132631884,290.070100888,-3455.152403802,-3448.45329089
2859,1429.5,1.148368325,294.100246138,-3455.171151962,-3448.452704257
2860,1430.0,1.15012625,294.550455628,-3455.171548703,-3448.451091595
2861,1430.5,1.149505843,294.391567483,-3455.172568951,-3448.450630708
2862,1431.0,1.155758888,295.99298936,-3455.180273729,-3448.451080954
2863,1431.5,1.152027646,295.037408255,-3455.188455411,-3448.451843473
2864,1432.0,1.158594703,296.719249267,-3455.187113615,-3448.452293321
2865,1432.5,1.147576438,293.897441633,-3455.172636204,-3448.451481053
2866,1433.0,1.13648009,291.055636834,-3455.161264588,-3448.449861107
2867,1433.5,1.152917937,295.265414207,-3455.174322514,-3448.451432622
2868,1434.0,1.166502086,298.744351483,-3455.192508449,-3448.452683906
2869,1434.5,1.170013492,299.643632093,-3455.195807718,-3448.451798374
2870,1435.0,1.165377847,298.45643092,-3455.193459188,-3448.45069409
2871,1435.5,1.173186146,300.456157539,-3455.199856806,-3448.451023619
2872,1436.0,1.182423035,302.821749929,-3455.210336311,-3448.452450842
2873,1436.5,1.180313692,302.281541377,-3455.204578085,-3448.45389146
2874,1437.0,1.142226925,292.527416858,-3455.166313499,-3448.452692109
2875,1437.5,1.111469888,284.650456244,-3455.127549874,-3448.447010468
2876,1438.0,1.139931874,291.939648192,-3455.155348472,-3448.451654255
2877,1438.5,1.182314645,302.79399091,-3455.197513062,-3448.453215205
2878,1439.0,1.201106095,307.606532183,-3455.216074603,-3448.452124809
2879,1439.5,1.209613038,309.785183424,-3455.218605614,-3448.451559443
2880,1440.0,1.201327885,307.663333237,-3455.21247828,-3448.451570115
2881,1440.5,1.188545781,304.389801643,-3455.198393244,-3448.451886451
2882,1441.0,1.163962981,298.094079976,-3455.175876468,-3448.450955409
2883,1441.5,1.151736314,294.962797174,-3455.160181983,-3448.450389952
2884,1442.0,1.149834002,294.475609961,-3455.157384368,-3448.451988122
2885,1442.5,1.146248601,293.557379177,-3455.147005163,-3448.451447516
2886,1443.0,1.13414217,290.456889332,-3455.132222812,-3448.450058738
2887,1443.5,1.132329826,289.992743101,-3455.129242159,-3448.449957221
2888,1444.0,1.136250391,290.99681022,-3455.138732576,-3448.450380358
2889,1444.5,1.151313005,294.85438676,-3455.153030442,-3448.450597815
2890,1445.0,1.162232141,297.650806978,-3455.166405286,-3448.451150088
2891,1445.5,1.159096117,296.847662704,-3455.16962549,-3448.452497098
2892,1446.0,1.142457223,292.586396946,-3455.146283264,-3448.453146109
2893,1446.5,1.10007513,281.732227889,-3455.10163838,-3448.448032687
2894,1447.0,1.105510677,283.124286105,-3455.105675601,-3448.449492206
2895,1447.5,1.138559983,291.588303103,-3455.144028324,-3448.452876234
2896,1448.0,1.165521276,298.493163463,-3455.161270469,-3448.451753984
2897,1448.5,1.161425446,297.4442104,-3455.161770778,-3448.451385315
2898,1449.0,1.157314807,296.391464433,-3455.151686054,-3448.451059168
2899,1449.5,1.149073766,294.280911501,-3455.140363862,-3448.44943426
2900,1450.0,1.15972792,297.009469241,-3455.149189063,-3448.450542816
2901,1450.5,1.173580732,300.557212004,-3455.165291708,-3448.451789559
2902,1451.0,1.176430507,301.287047038,-3455.169236647,-3448.451130802
2903,1451.5,1.173328105,300.492513494,-3455.165253543,-3448.450804853
2904,1452.0,1.163047131,297.859528227,-3455.156934874,-3448.450567455
2905,1452.5,1.157242108,296.372846056,-3455.146833943,-3448.450119887
2906,1453.0,1.149899439,294.492368584,-3455.140585871,-3448.44969693
2907,1453.5,1.156750824,296.24702685,-3455.143634204,-3448.449558371
2908,1454.0,1.1743595,300.756656723,-3455.156900101,-3448.45012055
2909,1454.5,1.188439024,304.36246104,-3455.171763196,-3448.451737384
2910,1455.0,1.179626669,302.10559284,-3455.167703264,-3448.4534298
2911,1455.5,1.141619228,292.371783989,-3455.133878948,-3448.449849999
2912,1456.0,1.140779106,292.156626638,-3455.129730754,-3448.447945599
2913,1456.5,1.179077791,301.965023827,-3455.174547163,-3448.453775582
2914,1457.0,1.196939365,306.539421238,-3455.189457134,-3448.453690391
2915,1457.5,1.173450231,300.523790403,-3455.163593358,-3448.451005793
2916,1458.0,1.144710274,293.163409471,-3455.134550797,-3448.448740822
2917,1458.5,1.143509935,292.855999267,-3455.132675219,-3448.449945011
2918,1459.0,1.15807816,296.586961293,-3455.143481112,-3448.450771627
2919,1459.5,1.165081791,298.380610231,-3455.149924934,-3448.450857159
2920,1460.0,1.159843781,297.039141705,-3455.147317671,-3448.450350697
2921,1460.5,1.162873734,297.815120832,-3455.141364795,-3448.449704828
2922,1461.0,1.16026971,297.148223202,-3455.140368867,-3448.449432752
2923,1461.5,1.166683116,298.790713962,-3455.148112124,-3448.449603144
2924,1462.0,1.188499658,304.377989579,-3455.163173777,-3448.45007169
2925,1462.5,1.203798246,308.295999466,-3455.181572123,-3448.450533908
2926,1463.0,1.211550773,310.281442632,-3455.199633279,-3448.450790517
2927,1463.5,1.22318483,313.260956293,-3455.214676446,-3448.451373346
2928,1464.0,1.223358512,313.305436727,-3455.218621601,-3448.452921529
2929,1464.5,1.201256402,307.645026379,-3455.194914086,-3448.452367154
2930,1465.0,1.178104369,301.715727682,-3455.167230886,-3448.448383554
2931,1465.5,1.180918425,302.436415196,-3455.178809187,-3448.453735274
2932,1466.0,1.176975727,301.426679358,-3455.172468015,-3448.452102121
2933,1466.5,1.155757102,295.992531902,-3455.157017975,-3448.449665206
2934,1467.0,1.156675896,296.227837711,-3455.16042656,-3448.45085155
2935,1467.5,1.155312041,295.878550771,-3455.16565745,-3448.451327193
2936,1468.0,1.152720817,295.214931128,-3455.160222315,-3448.450851027
2937,1468.5,1.138868874,291.667411038,-3455.147287764,-3448.450240568
2938,1469.0,1.129302322,289.217390943,-3455.134371795,-3448.449816681
2939,1469.5,1.124687333,288.035479801,-3455.127358538,-3448.449691167
2940,1470.0,1.124385954,287.958295933,-3455.128021204,-3448.449818231
2941,1470.5,1.128981069,289.135117179,-3455.135022346,-3448.449844569
2942,1471.0,1.148591183,294.15732063,-3455.14823821,-3448.449517729
2943,1471.5,1.174240474,300.726173762,-3455.172338434,-3448.449299269
2944,1472.0,1.209250808,309.692415393,-3455.209994472,-3448.449978069
2945,1472.5,1.246003778,319.104950701,-3455.25119201,-3448.451496335
2946,1473.0,1.260482239,322.812923817,-3455.273836256,-3448.453674684
2947,1473.5,1.240217821,317.623151452,-3455.251558979,-3448.454071373
2948,1474.0,1.198735403,306.999391471,-3455.197615793,-3448.447697841
2949,1474.5,1.196784888,306.499859287,-3455.198005805,-3448.448957953
2950,1475.0,1.238816938,317.26438156,-3455.24400351,-3448.452525644
2951,1475.5,1.266252588,324.290726101,-3455.27353628,-3448.453042809
2952,1476.0,1.266056505,324.240508653,-3455.266709013,-3448.451550047
2953,1476.5,1.237361429,316.891621822,-3455.237824634,-3448.450141187
2954,1477.0,1.20527579,308.674402541,-3455.205275859,-3448.449432752
2955,1477.5,1.178466123,301.808373825,-3455.179016119,-3448.449311796
2956,1478.0,1.15822465,296.62447782,-3455.160888068,-3448.449488932
2957,1478.5,1.146282243,293.565994909,-3455.149050838,-3448.449526998
2958,1479.0,1.148091701,294.029401941,-3455.144118087,-3448.449124206
2959,1479.5,1.154814419,295.751108352,-3455.151409716,-3448.44888874
2960,1480.0,1.180511343,302.332160239,-3455.173654771,-3448.449277076
2961,1480.5,1.214451191,311.024247487,-3455.205022954,-3448.449896245
2962,1481.0,1.246768719,319.300854236,-3455.235654245,-3448.450760977
2963,1481.5,1.262171812,323.245628129,-3455.252848062,-3448.451925742
2964,1482.0,1.25604716,321.677088239,-3455.242146213,-3448.452888543
2965,1482.5,1.205165308,308.646107601,-3455.197340633,-3448.451806105
2966,1483.0,1.159398865,296.925197364,-3455.151461313,-3448.446312408
2967,1483.5,1.182302684,302.790927649,-3455.180181434,-3448.449674025
2968,1484.0,1.244187103,318.639695444,-3455.240517279,-3448.454244531
2969,1484.5,1.262736051,323.390131417,-3455.255442073,-3448.452376886
2970,1485.0,1.242031564,318.087656023,-3455.234992009,-3448.450549111
2971,1485.5,1.20247801,307.957883402,-3455.202727895,-3448.449784318
2972,1486.0,1.167736495,299.060487162,-3455.170307055,-3448.449449928
2973,1486.5,1.139647299,291.866767758,-3455.143418076,-3448.449001987
2974,1487.0,1.124687229,288.035453223,-3455.129095528,-3448.448569465
2975,1487.5,1.133481538,290.287699575,-3455.133170691,-3448.448836002
2976,1488.0,1.158366018,296.660682537,-3455.151445578,-3448.449537818
2977,1488.5,1.180398088,302.30315539,-3455.173230128,-3448.449926392
2978,1489.0,1.195091173,306.066094327,-3455.192003492,-3448.450052208
2979,1489.5,1.202814292,308.044006231,-3455.205999334,-3448.450153591
2980,1490.0,1.210088927,309.9070599,-3455.215199556,-3448.450359774
2981,1490.5,1.213153437,310.691889341,-3455.218689833,-3448.450915996
2982,1491.0,1.209304851,309.706255946,-3455.213424827,-3448.450759707
2983,1491.5,1.196186089,306.346505362,-3455.202887168,-3448.452039036
2984,1492.0,1.169813233,299.592345396,-3455.176804006,-3448.450874992
2985,1492.5,1.162924886,297.828220984,-3455.161658467,-3448.447535723
2986,1493.0,1.185350541,303.57149216,-3455.189211953,-3448.452211443
2987,1493.5,1.201639647,307.743176385,-3455.199587759,-3448.451833013
2988,1494.0,1.190387441,304.861455814,-3455.18259407,-3448.450293995
2989,1494.5,1.166359883,298.707932878,-3455.15627631,-3448.449217215
2990,1495.0,1.144817623,293.190901629,-3455.136211133,-3448.448604888
2991,1495.5,1.138962657,291.691428961,-3455.131338443,-3448.448733914
2992,1496.0,1.147815546,293.958678054,-3455.140096315,-3448.449194399
2993,1496.5,1.163826873,298.059222361,-3455.155264595,-3448.449627219
2994,1497.0,1.177369395,301.527498899,-3455.169782361,-3448.449935422
2995,1497.5,1.18697591,303.987753533,-3455.179379131,-3448.449767909
2996,1498.0,1.198659988,306.980077652,-3455.186981759,-3448.449406709
2997,1498.5,1.204825983,308.559205554,-3455.197324351,-3448.44996995
2998,1499.0,1.220964907,312.692427973,-3455.20475788,-3448.4499646
2999,1499.5,1.241439504,317.936027831,-3455.212992005,-3448.448360839
3000,1500.0,1.267383561,324.580371217,-3455.240176585,-3448.450107759
3001,1500.5,1.288475521,329.982079504,-3455.26278248,-3448.452877369
3002,1501.0,1.268727409,324.924534297,-3455.242657101,-3448.452876501
3003,1501.5,1.219067001,312.206369155,-3455.191745698,-3448.447021921
3004,1502.0,1.215815803,311.373728467,-3455.186042088,-3448.449026896
3005,1502.5,1.232062912,315.534657051,-3455.207076827,-3448.45142616
3006,1503.0,1.239590209,317.462418313,-3455.212101469,-3448.450029053
3007,1503.5,1.232190214,315.567259398,-3455.21108961,-3448.449491668
3008,1504.0,1.229107185,314.777687474,-3455.210504253,-3448.449588506
3009,1504.5,1.225768108,313.922540746,-3455.20849379,-3448.44981104
3010,1505.0,1.215190328,311.213542531,-3455.202019444,-3448.449955226
3011,1505.5,1.198366963,306.905033032,-3455.190647845,-3448.449584483
3012,1506.0,1.186200921,303.789276787,-3455.180679821,-3448.449244219
3013,1506.5,1.178756087,301.882634449,-3455.176780825,-3448.449986913
3014,1507.0,1.165129203,298.392752409,-3455.170198692,-3448.450642423
3015,1507.5,1.139198896,291.751930557,-3455.155107464,-3448.449356451
3016,1508.0,1.132291919,289.983034974,-3455.152647724,-3448.447770511
3017,1508.5,1.163830596,298.060175852,-3455.181621116,-3448.449827717
3018,1509.0,1.19623075,306.357943057,-3455.214548249,-3448.451392261
3019,1509.5,1.201868682,307.801832783,-3455.224274562,-3448.452043334
3020,1510.0,1.165565575,298.50450867,-3455.199584096,-3448.452599016
3021,1510.5,1.119203223,286.630984333,-3455.142733711,-3448.449298657
3022,1511.0,1.09425748,280.242311862,-3455.112130284,-3448.445671383
3023,1511.5,1.122587601,287.497732771,-3455.147745682,-3448.451369524
3024,1512.0,1.151045773,294.785947814,-3455.177049841,-3448.451495803
3025,1512.5,1.168253018,299.192769944,-3455.18057278,-3448.450257577
3026,1513.0,1.154991121,295.796362179,-3455.170536288,-3448.449511797
3027,1513.5,1.139580703,291.849712177,-3455.157834749,-3448.448748755
3028,1514.0,1.136916712,291.167457023,-3455.153487986,-3448.448500499
3029,1514.5,1.1405175,292.089628473,-3455.160396044,-3448.449336342
3030,1515.0,1.147875953,293.974148296,-3455.167127087,-3448.450220873
3031,1515.5,1.147729851,293.936731254,-3455.161286678,-3448.450268429
3032,1516.0,1.137590908,291.340120498,-3455.145256979,-3448.448498392
3033,1516.5,1.134832621,290.633715668,-3455.144679589,-3448.447951304
3034,1517.0,1.154682013,295.717198676,-3455.166223997,-3448.44985146
3035,1517.5,1.172776612,300.351274819,-3455.184744296,-3448.450044473
3036,1518.0,1.179907198,302.177437029,-3455.193237683,-3448.449363549
3037,1518.5,1.181773743,302.655464327,-3455.199355349,-3448.449565861
3038,1519.0,1.17841635,301.795626824,-3455.200439018,-3448.451327337
3039,1519.5,1.156826265,296.266347631,-3455.177663993,-3448.45129008
3040,1520.0,1.140681571,292.131647513,-3455.147430256,-3448.44612111
3041,1520.5,1.159406249,296.927088341,-3455.168978373,-3448.450898843
3042,1521.0,1.175241335,300.982496859,-3455.188476704,-3448.452009898
3043,1521.5,1.159264062,296.890674073,-3455.176031946,-3448.449492775
3044,1522.0,1.143812802,292.933564396,-3455.159583487,-3448.448259228
3045,1522.5,1.136385954,291.031528307,-3455.15537232,-3448.448744873
3046,1523.0,1.141791008,292.415777318,-3455.156201728,-3448.449471355
3047,1523.5,1.135933696,290.915703965,-3455.149783919,-3448.449955847
3048,1524.0,1.121601803,287.245267302,-3455.129696753,-3448.449458818
3049,1524.5,1.101094478,281.993285597,-3455.106989091,-3448.447370558
3050,1525.0,1.109925264,284.254873888,-3455.10992337,-3448.44776639
3051,1525.5,1.132307465,289.987016376,-3455.134010573,-3448.449298843
3052,1526.0,1.160124245,297.110969215,-3455.156862043,-3448.448851094
3053,1526.5,1.181503659,302.586295227,-3455.179720043,-3448.448419593
3054,1527.0,1.201097191,307.604251899,-3455.206603116,-3448.448909941
3055,1527.5,1.216364153,311.51416228,-3455.230109673,-3448.44990233
3056,1528.0,1.223700812,313.393100682,-3455.235557808,-3448.451379434
3057,1528.5,1.202943418,308.077075714,-3455.2052548,-3448.451517587
3058,1529.0,1.1587731,296.764937232,-3455.153409363,-3448.445472386
3059,1529.5,1.161329282,297.419582456,-3455.160472566,-3448.447419057
3060,1530.0,1.21420003,310.959924526,-3455.208451786,-3448.450421718
3061,1530.5,1.239798543,317.515773314,-3455.243216442,-3448.449997214
3062,1531.0,1.253222298,320.953633263,-3455.259626862,-3448.449621599
3063,1531.5,1.246705169,319.284579016,-3455.259689948,-3448.449816007
3064,1532.0,1.221919555,312.936915734,-3455.240099077,-3448.450182041
3065,1532.5,1.185149392,303.519977197,-3455.198391416,-3448.449311693
3066,1533.0,1.13820989,291.498643448,-3455.151277881,-3448.447055967
3067,1533.5,1.116504388,285.939805319,-3455.129729935,-3448.447524302
3068,1534.0,1.121648558,287.257241227,-3455.130694215,-3448.448385106
3069,1534.5,1.139128069,291.733791545,-3455.140121241,-3448.448350449
3070,1535.0,1.149906926,294.494285907,-3455.15533527,-3448.448354747
3071,1535.5,1.169740279,299.573661485,-3455.174637333,-3448.448565592
3072,1536.0,1.184200586,303.276985471,-3455.194032234,-3448.448991733
3073,1536.5,1.196500419,306.427006139,-3455.206177395,-3448.449808261
3074,1537.0,1.18825998,304.316607197,-3455.200448146,-3448.450628769
3075,1537.5,1.159861748,297.043743025,-3455.169324236,-3448.450275009
3076,1538.0,1.135693157,290.854101277,-3455.131639257,-3448.445450196
3077,1538.5,1.157147435,296.348600004,-3455.153661733,-3448.44778639
3078,1539.0,1.205184264,308.650962476,-3455.207659498,-3448.451518258
3079,1539.5,1.231408648,315.367098408,-3455.231939339,-3448.450397232
3080,1540.0,1.226043867,313.993163337,-3455.229709791,-3448.449715195
3081,1540.5,1.205378042,308.700589414,-3455.209386592,-3448.449798639
3082,1541.0,1.170425131,299.749053976,-3455.173556128,-3448.448656593
3083,1541.5,1.14022022,292.013494268,-3455.142908198,-3448.446836321
3084,1542.0,1.137844051,291.404951,-3455.141086208,-3448.448263876
3085,1542.5,1.146755987,293.687322083,-3455.150079302,-3448.449433812
3086,1543.0,1.144525802,293.11616555,-3455.149463938,-3448.449017342
3087,1543.5,1.137000644,291.188952166,-3455.140923191,-3448.448264267
3088,1544.0,1.132596633,290.061072874,-3455.133796582,-3448.447900448
3089,1544.5,1.135621928,290.83585931,-3455.133706356,-3448.447811395
3090,1545.0,1.148788707,294.207907219,-3455.142830401,-3448.44770771
3091,1545.5,1.173129221,300.441578833,-3455.163089002,-3448.448090517
3092,1546.0,1.176585464,301.326731981,-3455.187754682,-3448.450120493
3093,1546.5,1.180154951,302.240887429,-3455.191157918,-3448.45156608
3094,1547.0,1.156730086,296.241715845,-3455.165286851,-3448.447019084
3095,1547.5,1.165348413,298.448892688,-3455.173367858,-3448.447542465
3096,1548.0,1.197269047,306.623853893,-3455.210036114,-3448.451505894
3097,1548.5,1.198453998,306.927323053,-3455.215035318,-3448.450908189
3098,1549.0,1.178223116,301.746139147,-3455.188133538,-3448.449626561
3099,1549.5,1.143507414,292.855353637,-3455.151302671,-3448.44716648
3100,1550.0,1.137892166,291.41727329,-3455.141278999,-3448.446468068
3101,1550.5,1.166742681,298.805968591,-3455.166480443,-3448.448824639
3102,1551.0,1.194868932,306.009177869,-3455.193530821,-3448.449537583
3103,1551.5,1.211946873,310.382884951,-3455.205383887,-3448.44926647
3104,1552.0,1.202780529,308.035359446,-3455.20235025,-3448.448981373
3105,1552.5,1.192494391,305.401051541,-3455.188243882,-3448.448454193
3106,1553.0,1.1821498,302.751773716,-3455.172171665,-3448.447368854
3107,1553.5,1.173894014,300.637444443,-3455.170710866,-3448.446694
3108,1554.0,1.196029529,306.306409779,-3455.193319035,-3448.447400012
3109,1554.5,1.233549273,315.915318137,-3455.229858836,-3448.448629019
3110,1555.0,1.266052483,324.239478599,-3455.26086823,-3448.450157548
3111,1555.5,1.2690825,325.01547402,-3455.264050459,-3448.451390073
3112,1556.0,1.23331432,315.855146096,-3455.232431725,-3448.44776244
3113,1556.5,1.217706525,311.857947321,-3455.221806534,-3448.447409399
3114,1557.0,1.226197758,314.032575379,-3455.236935701,-3448.451690465
3115,1557.5,1.209912909,309.861981177,-3455.219755821,-3448.449906666
3116,1558.0,1.184955116,303.470222726,-3455.187305725,-3448.446810228
3117,1558.5,1.183302604,303.047009967,-3455.179675934,-3448.447183152
3118,1559.0,1.191490415,305.143930427,-3455.191602384,-3448.448790924
3119,1559.5,1.193349803,305.620124832,-3455.19685325,-3448.448797721
3120,1560.0,1.189805197,304.71234158,-3455.189593053,-3448.448473113
3121,1560.5,1.168236619,299.188570299,-3455.173163903,-3448.4480188
3122,1561.0,1.157361897,296.403524259,-3455.155252542,-3448.447146168
3123,1561.5,1.152463008,295.148905487,-3455.148718204,-3448.446755658
3124,1562.0,1.156241862,296.116680242,-3455.159200711,-3448.447178193
3125,1562.5,1.176329811,301.261258711,-3455.181230483,-3448.447451009
3126,1563.0,1.200722416,307.508270938,-3455.210031511,-3448.447693738
3127,1563.5,1.221169963,312.74494319,-3455.241485356,-3448.448463726
3128,1564.0,1.239790811,317.513793119,-3455.264519953,-3448.449992901
3129,1564.5,1.22416734,313.512579818,-3455.259718262,-3448.451489906
3130,1565.0,1.186779133,303.937358376,-3455.216877374,-3448.448794834
3131,1565.5,1.155753125,295.991513501,-3455.185429975,-3448.446051384
3132,1566.0,1.164573089,298.250330082,-3455.199467981,-3448.449940519
3133,1566.5,1.178947742,301.931717979,-3455.214753609,-3448.448307905
3134,1567.0,1.196013149,306.302215026,-3455.236647843,-3448.448816612
3135,1567.5,1.216998827,311.676704096,-3455.255502663,-3448.449564397
3136,1568.0,1.201414271,307.685456969,-3455.255910619,-3448.449105273
3137,1568.5,1.177895474,301.662229152,-3455.241340649,-3448.448121543
3138,1569.0,1.164971571,298.352382407,-3455.225269721,-3448.447124085
3139,1569.5,1.159501177,296.951399717,-3455.220869368,-3448.447180559
3140,1570.0,1.160403098,297.182384275,-3455.227163942,-3448.447814498
3141,1570.5,1.166286449,298.689126316,-3455.234470243,-3448.447976479
3142,1571.0,1.170656887,299.808407276,-3455.239184324,-3448.447773002
3143,1571.5,1.173289882,300.482724584,-3455.24363451,-3448.447587523
3144,1572.0,1.19158809,305.1689453,-3455.251151251,-3448.447502423
3145,1572.5,1.202890095,308.063419498,-3455.264231097,-3448.447611481
3146,1573.0,1.224514539,313.601498317,-3455.281903251,-3448.448682826
3147,1573.5,1.2242622,313.536873476,-3455.289701282,-3448.451064391
3148,1574.0,1.197032907,306.563377711,-3455.264101672,-3448.44979678
3149,1574.5,1.179280605,302.016964903,-3455.239638952,-3448.445144977
3150,1575.0,1.198956067,307.05590421,-3455.272576521,-3448.449563632
3151,1575.5,1.228534677,314.631066656,-3455.308278634,-3448.451472957
3152,1576.0,1.227411267,314.343358303,-3455.307370613,-3448.450231797
3153,1576.5,1.192468138,305.394328094,-3455.280175034,-3448.448375879
3154,1577.0,1.165340712,298.446920559,-3455.25198624,-3448.447111936
3155,1577.5,1.156051377,296.067896623,-3455.239955656,-3448.447252104
3156,1578.0,1.161515713,297.467327809,-3455.24198719,-3448.447826265
3157,1578.5,1.166661207,298.785102969,-3455.248482035,-3448.447991693
3158,1579.0,1.173439023,300.520920011,-3455.25462679,-3448.448017933
3159,1579.5,1.177851757,301.651033234,-3455.259095659,-3448.448068139
3160,1580.0,1.176921816,301.412872676,-3455.261828221,-3448.44790095
3161,1580.5,1.184513196,303.357045803,-3455.266196431,-3448.447476764
3162,1581.0,1.203718712,308.275630648,-3455.278737958,-3448.447587275
3163,1581.5,1.220450319,312.560640517,-3455.298330644,-3448.448743401
3164,1582.0,1.23280739,315.725319847,-3455.309892426,-3448.45043693
3165,1582.5,1.210997296,310.139695783,-3455.292688841,-3448.451161867
3166,1583.0,1.16618519,298.663193656,-3455.249349728,-3448.447267897
3167,1583.5,1.163038566,297.857334805,-3455.24473835,-3448.445372459
3168,1584.0,1.209826024,309.83972984,-3455.298409278,-3448.451750658
3169,1584.5,1.2370148,316.802849133,-3455.327389272,-3448.451206843
3170,1585.0,1.227252393,314.302670032,-3455.322033484,-3448.449037955
3171,1585.5,1.204768761,308.544550937,-3455.307882355,-3448.448447737
3172,1586.0,1.185025768,303.488316851,-3455.292928862,-3448.448425392
3173,1586.5,1.171876164,300.120667535,-3455.275821237,-3448.448332542
3174,1587.0,1.152919485,295.265810572,-3455.256042007,-3448.448207245
3175,1587.5,1.130392893,289.49668922,-3455.234815504,-3448.447926358
3176,1588.0,1.116568272,285.956166206,-3455.216955207,-3448.447254722
3177,1588.5,1.114750193,285.490551366,-3455.212618168,-3448.446609417
3178,1589.0,1.133169389,290.207757364,-3455.230648586,-3448.446910565
3179,1589.5,1.158877718,296.791730142,-3455.266625904,-3448.448042727
3180,1590.0,1.187625267,304.154055651,-3455.304231635,-3448.44932423
3181,1590.5,1.203344902,308.179896854,-3455.325998968,-3448.450182875
3182,1591.0,1.201892607,307.807960183,-3455.323357516,-3448.449866248
3183,1591.5,1.178445617,301.803122338,-3455.304137771,-3448.450277956
3184,1592.0,1.151626401,294.934648186,-3455.274051121,-3448.448475605
3185,1592.5,1.150246344,294.581211794,-3455.269256965,-3448.446645887
3186,1593.0,1.189527275,304.641165069,-3455.306927441,-3448.450456539
3187,1593.5,1.21518331,311.211745161,-3455.333457949,-3448.450221871
3188,1594.0,1.214507784,311.038741189,-3455.338987943,-3448.449181276
3189,1594.5,1.201470124,307.699761087,-3455.334151016,-3448.448669571
3190,1595.0,1.19564429,306.207749269,-3455.325516671,-3448.448657016
3191,1595.5,1.182294852,302.78892176,-3455.313974536,-3448.448699387
3192,1596.0,1.17007134,299.658447104,-3455.299948222,-3448.448372803
3193,1596.5,1.163222377,297.904409312,-3455.28883817,-3448.447906427
3194,1597.0,1.153135766,295.321200728,-3455.286836245,-3448.447980119
3195,1597.5,1.160809034,297.286345617,-3455.293018169,-3448.448399411
3196,1598.0,1.180505747,302.330727118,-3455.300782601,-3448.448777465
3197,1598.5,1.181697127,302.635842843,-3455.303396151,-3448.449091573
3198,1599.0,1.180160445,302.242294474,-3455.298500794,-3448.448557217
3199,1599.5,1.185354942,303.57261911,-3455.297209745,-3448.447693089
3200,1600.0,1.197180167,306.601091382,-3455.310165778,-3448.449933742
3201,1600.5,1.191599961,305.171985548,-3455.311141951,-3448.451095595
3202,1601.0,1.177069779,301.450766443,-3455.293061507,-3448.446826956
3203,1601.5,1.200237464,307.38407354,-3455.310240847,-3448.44845054
3204,1602.0,1.226338054,314.068505494,-3455.34289249,-3448.451559475
3205,1602.5,1.224090094,313.49279691,-3455.340501764,-3448.450265865
3206,1603.0,1.192333345,305.35980726,-3455.311125513,-3448.448804682
3207,1603.5,1.158287025,296.640452266,-3455.274319181,-3448.447904111
3208,1604.0,1.124200311,287.910752254,-3455.243806391,-3448.447282729
3209,1604.5,1.114725555,285.484241411,-3455.228891672,-3448.446969006
3210,1605.0,1.12465395,288.026930219,-3455.233450671,-3448.447318537
3211,1605.5,1.138904133,291.676440961,-3455.251666048,-3448.448015287
3212,1606.0,1.156792305,296.257650248,-3455.272582186,-3448.448686937
3213,1606.5,1.171010194,299.898890314,-3455.285451705,-3448.449424423
3214,1607.0,1.164509958,298.234162204,-3455.28097552,-3448.449570788
3215,1607.5,1.141122968,292.244690574,-3455.262736437,-3448.447834871
3216,1608.0,1.133904362,290.395985916,-3455.257981,-3448.447174379
3217,1608.5,1.152233316,295.090080764,-3455.277164628,-3448.448951869
3218,1609.0,1.169850735,299.60194957,-3455.295761447,-3448.450716914
3219,1609.5,1.160903261,297.310477402,-3455.287997204,-3448.450747787
3220,1610.0,1.136561312,291.07643798,-3455.263749443,-3448.446178255
3221,1610.5,1.150342944,294.605951448,-3455.280309507,-3448.448791785
3222,1611.0,1.168658751,299.296679294,-3455.307788225,-3448.45147615
3223,1611.5,1.154320715,295.624669295,-3455.300223549,-3448.450118115
3224,1612.0,1.120193107,286.88449622,-3455.268952821,-3448.448434327
3225,1612.5,1.085866571,278.09337717,-3455.237631102,-3448.447456505
3226,1613.0,1.068291842,273.592441337,-3455.220538319,-3448.447482236
3227,1613.5,1.060702374,271.648757994,-3455.217402544,-3448.447945741
3228,1614.0,1.069275348,273.844320078,-3455.220916129,-3448.448319875
3229,1614.5,1.076605707,275.721644928,-3455.224466618,-3448.448778321
3230,1615.0,1.075235599,275.370756518,-3455.221423412,-3448.449097079
3231,1615.5,1.062514125,272.112752439,-3455.211382202,-3448.447828956
3232,1616.0,1.072555039,274.684257743,-3455.217056675,-3448.446169348
3233,1616.5,1.118985628,286.57525763,-3455.260123504,-3448.448112284
3234,1617.0,1.177999774,301.688940585,-3455.314825712,-3448.450079067
3235,1617.5,1.202573267,307.982278844,-3455.348726259,-3448.450739531
3236,1618.0,1.191772036,305.216054381,-3455.348383264,-3448.451261817
3237,1618.5,1.160066405,297.09615625,-3455.31042791,-3448.450038116
3238,1619.0,1.124938625,288.09983638,-3455.264886985,-3448.445300748
3239,1619.5,1.128002004,288.884375904,-3455.271363325,-3448.448239043
3240,1620.0,1.157581426,296.459746416,-3455.298375472,-3448.449707598
3241,1620.5,1.178452106,301.80478424,-3455.314984314,-3448.448665169
3242,1621.0,1.189057398,304.520828094,-3455.328031412,-3448.448499105
3243,1621.5,1.204345329,308.436108893,-3455.337781179,-3448.448832617
3244,1622.0,1.205378646,308.700744085,-3455.337112114,-3448.449033094
3245,1622.5,1.192186579,305.322219961,-3455.321133219,-3448.449083101
3246,1623.0,1.165569454,298.505501867,-3455.28790047,-3448.448896079
3247,1623.5,1.120082158,286.856082019,-3455.242363417,-3448.447472849
3248,1624.0,1.097980549,281.195799828,-3455.210021322,-3448.444882137
3249,1624.5,1.118853573,286.541438026,-3455.226007365,-3448.445913854
3250,1625.0,1.161118821,297.365682694,-3455.276518237,-3448.448505874
3251,1625.5,1.207952836,309.360001303,-3455.322420266,-3448.449038944
3252,1626.0,1.237501802,316.927571641,-3455.349494024,-3448.448952591
3253,1626.5,1.239691894,317.488460144,-3455.356301579,-3448.449345607
3254,1627.0,1.220068219,312.462783678,-3455.337968738,-3448.450236193
3255,1627.5,1.171382312,299.994190704,-3455.287782557,-3448.449132464
3256,1628.0,1.12716447,288.669881311,-3455.235777116,-3448.444361885
3257,1628.5,1.138499258,291.572751313,-3455.241689926,-3448.447726087
3258,1629.0,1.162787853,297.79312645,-3455.267934132,-3448.449445924
3259,1629.5,1.168164676,299.17014542,-3455.279043422,-3448.448338776
3260,1630.0,1.178318274,301.770509517,-3455.283070557,-3448.447688949
3261,1630.5,1.180884049,302.427611387,-3455.28752231,-3448.448041799
3262,1631.0,1.182084837,302.735136486,-3455.287918142,-3448.448745485
3263,1631.5,1.17719317,301.482367116,-3455.276416839,-3448.448601391
3264,1632.0,1.165239069,298.420889368,-3455.258059354,-3448.446911947
3265,1632.5,1.162750748,297.783623823,-3455.257627436,-3448.446251113
3266,1633.0,1.175012761,300.923958581,-3455.282039679,-3448.448184991
3267,1633.5,1.188609238,304.406053288,-3455.304158495,-3448.448662785
3268,1634.0,1.195322917,306.125444681,-3455.31177625,-3448.448045633
3269,1634.5,1.187964482,304.240929588,-3455.310529989,-3448.447608592
3270,1635.0,1.178343423,301.77695013,-3455.306341607,-3448.447655345
3271,1635.5,1.168548571,299.268461956,-3455.299695278,-3448.448207154
3272,1636.0,1.158656751,296.735140091,-3455.283794538,-3448.449099022
3273,1636.5,1.134182625,290.467249783,-3455.251535969,-3448.447915581
3274,1637.0,1.115746053,285.745593667,-3455.231573214,-3448.444233015
3275,1637.5,1.145529033,293.373095623,-3455.266065874,-3448.448690278
3276,1638.0,1.170318481,299.721740762,-3455.301824648,-3448.449860416
3277,1638.5,1.175231336,300.979936193,-3455.30988499,-3448.448787607
3278,1639.0,1.168027626,299.135046417,-3455.300275259,-3448.448252847
3279,1639.5,1.151205348,294.826815433,-3455.281370364,-3448.448064086
3280,1640.0,1.126240442,288.433235111,-3455.258859565,-3448.447531039
3281,1640.5,1.107942187,283.747002335,-3455.244523918,-3448.446309937
3282,1641.0,1.107361034,283.598167496,-3455.253990322,-3448.447288262
3283,1641.5,1.124110166,287.887665815,-3455.274233988,-3448.448341981
3284,1642.0,1.142188497,292.517575501,-3455.287455853,-3448.44789152
3285,1642.5,1.153079963,295.306909326,-3455.296234918,-3448.447403166
3286,1643.0,1.16137704,297.431813384,-3455.306642865,-3448.447393317
3287,1643.5,1.181935777,302.696961687,-3455.318930334,-3448.447587956
3288,1644.0,1.190357562,304.853803867,-3455.329567329,-3448.447791501
3289,1644.5,1.201282963,307.651828723,-3455.335049476,-3448.44849303
3290,1645.0,1.1904381,304.874429869,-3455.325938124,-3448.449553849
3291,1645.5,1.159221811,296.879853378,-3455.296234721,-3448.446997001
3292,1646.0,1.161871464,297.558436817,-3455.289953445,-3448.44482445
3293,1646.5,1.191051286,305.03146823,-3455.330987268,-3448.449450422
3294,1647.0,1.222154939,312.997198321,-3455.360393032,-3448.449253119
3295,1647.5,1.231554774,315.404521647,-3455.368060099,-3448.448061767
3296,1648.0,1.229257146,314.81609291,-3455.367852956,-3448.448089813
3297,1648.5,1.221692011,312.87864124,-3455.363699809,-3448.4474192
3298,1649.0,1.219328752,312.27340411,-3455.365673768,-3448.447350141
3299,1649.5,1.230046694,315.018298273,-3455.372413671,-3448.44875856
3300,1650.0,1.216815467,311.629745166,-3455.363710157,-3448.448511161
3301,1650.5,1.195433911,306.153870532,-3455.338875115,-3448.447536704
3302,1651.0,1.173939105,300.64899238,-3455.309639985,-3448.446800664
3303,1651.5,1.141320679,292.295324921,-3455.287132226,-3448.446213379
3304,1652.0,1.132746347,290.099415222,-3455.281036578,-3448.445759631
3305,1652.5,1.149078057,294.282010442,-3455.297536055,-3448.446177712
3306,1653.0,1.181007203,302.459151319,-3455.330096387,-3448.447663596
3307,1653.5,1.199360414,307.159458671,-3455.357481611,-3448.449577476
3308,1654.0,1.198903607,307.042469106,-3455.355357993,-3448.450417435
3309,1654.5,1.16915132,299.422827482,-3455.323972318,-3448.446471374
3310,1655.0,1.160227996,297.137540102,-3455.319751711,-3448.446652112
3311,1655.5,1.184607453,303.381185105,-3455.343310589,-3448.44974227
3312,1656.0,1.189537618,304.643813748,-3455.348121559,-3448.449332323
3313,1656.5,1.182937977,302.953627767,-3455.332874513,-3448.447575036
3314,1657.0,1.171239189,299.957536602,-3455.322954268,-3448.445741106
3315,1657.5,1.184320488,303.307692603,-3455.341086133,-3448.447183526
3316,1658.0,1.204771615,308.545281888,-3455.368253055,-3448.448466783
3317,1658.5,1.217503626,311.805984355,-3455.382216124,-3448.448433157
3318,1659.0,1.208301349,309.449256319,-3455.380604719,-3448.447975728
3319,1659.5,1.197807212,306.761679227,-3455.370331372,-3448.447279665
3320,1660.0,1.191036152,305.027592568,-3455.362108687,-3448.446732436
3321,1660.5,1.199066025,307.084064722,-3455.364167571,-3448.446793148
3322,1661.0,1.209590036,309.779292547,-3455.376209763,-3448.447108469
3323,1661.5,1.224417085,313.576540167,-3455.393478523,-3448.447491303
3324,1662.0,1.240657967,317.735874144,-3455.409705257,-3448.448316125
3325,1662.5,1.248526932,319.751137387,-3455.413968532,-3448.449505596
3326,1663.0,1.217609567,311.833116303,-3455.395831093,-3448.448665485
3327,1663.5,1.1965748,306.446055222,-3455.380548615,-3448.444849595
3328,1664.0,1.229161005,314.791470896,-3455.414320703,-3448.44944881
3329,1664.5,1.256690126,321.841753605,-3455.443472328,-3448.45130837
3330,1665.0,1.243072719,318.35429857,-3455.434163928,-3448.448307558
3331,1665.5,1.227787465,314.439703484,-3455.420115961,-3448.447453627
3332,1666.0,1.215902959,311.396049397,-3455.412313915,-3448.448662525
3333,1666.5,1.192885131,305.501120975,-3455.393075727,-3448.448590101
3334,1667.0,1.163386013,297.946316785,-3455.360184043,-3448.44762996
3335,1667.5,1.124754439,288.052665912,-3455.326364585,-3448.446489751
3336,1668.0,1.105486707,283.118147451,-3455.307797,-3448.445981824
3337,1668.5,1.108046115,283.773618776,-3455.312007757,-3448.446344303
3338,1669.0,1.130987298,289.648917804,-3455.333903751,-3448.44699074
3339,1669.5,1.156510589,296.185501995,-3455.363774066,-3448.447542566
3340,1670.0,1.187059573,304.009179816,-3455.393250078,-3448.4479281
3341,1670.5,1.202815287,308.044261006,-3455.41664434,-3448.448202338
3342,1671.0,1.222525302,313.0920492,-3455.430906449,-3448.44877581
3343,1671.5,1.214285231,310.981744812,-3455.429588866,-3448.450033099
3344,1672.0,1.199749306,307.259054887,-3455.404433197,-3448.448454357
3345,1672.5,1.186431571,303.848346765,-3455.387007052,-3448.44670374
3346,1673.0,1.200263956,307.390858144,-3455.399729499,-3448.449100069
3347,1673.5,1.212131416,310.430146773,-3455.414727803,-3448.448006872
3348,1674.0,1.232711838,315.700848823,-3455.434781917,-3448.448747757
3349,1674.5,1.241147483,317.861240445,-3455.448375806,-3448.449181297
3350,1675.0,1.24232152,318.161914407,-3455.445401775,-3448.448921097
3351,1675.5,1.224442034,313.582929464,-3455.427576613,-3448.448443672
3352,1676.0,1.196628126,306.459712107,-3455.401411065,-3448.448050441
3353,1676.5,1.174168136,300.707647824,-3455.372725208,-3448.447652075
3354,1677.0,1.147120218,293.780602547,-3455.346972187,-3448.447110678
3355,1677.5,1.129841152,289.355386792,-3455.331286095,-3448.446776559
3356,1678.0,1.126099568,288.397157129,-3455.330362871,-3448.446811929
3357,1678.5,1.14236819,292.563595374,-3455.344236874,-3448.446911151
3358,1679.0,1.181430936,302.567670678,-3455.371641376,-3448.447140283
3359,1679.5,1.214322421,310.991269167,-3455.407542174,-3448.448441278
3360,1680.0,1.233056439,315.789102076,-3455.432638904,-3448.450589779
3361,1680.5,1.221479827,312.824300322,-3455.418900438,-3448.45124743
3362,1681.0,1.180634229,302.363631767,-3455.369288253,-3448.44626667
3363,1681.5,1.163005796,297.848942142,-3455.354032302,-3448.446067863
3364,1682.0,1.181521087,302.590758435,-3455.378679055,-3448.450003331
3365,1682.5,1.189999446,304.76208926,-3455.385061934,-3448.449825238
3366,1683.0,1.175368931,301.01517477,-3455.36470244,-3448.447758232
3367,1683.5,1.152055617,295.044571591,-3455.342174774,-3448.446410941
3368,1684.0,1.144614765,293.138949228,-3455.336048872,-3448.446608386
3369,1684.5,1.152320718,295.112464776,-3455.344027578,-3448.447482997
3370,1685.0,1.161550508,297.476238881,-3455.353622259,-3448.448039352
3371,1685.5,1.165988309,298.612771999,-3455.356288511,-3448.448088906
3372,1686.0,1.159702324,297.002914186,-3455.350764813,-3448.447724206
3373,1686.5,1.142023401,292.475293912,-3455.343105237,-3448.447037742
3374,1687.0,1.144243012,293.043742218,-3455.344970736,-3448.446612823
3375,1687.5,1.167175817,298.916896033,-3455.36308314,-3448.447234078
3376,1688.0,1.198586144,306.961165849,-3455.389320707,-3448.448350207
3377,1688.5,1.216347718,311.50995323,-3455.406806272,-3448.449704231
3378,1689.0,1.205993264,308.858149549,-3455.39718142,-3448.450694466
3379,1689.5,1.171472817,300.017369252,-3455.356738992,-3448.447707218
3380,1690.0,1.149177701,294.307529487,-3455.337691765,-3448.444714684
3381,1690.5,1.181987786,302.7102815,-3455.373979094,-3448.450311497
3382,1691.0,1.197016083,306.559069173,-3455.395168725,-3448.450594121
3383,1691.5,1.190669172,304.933607928,-3455.38122386,-3448.448559117
3384,1692.0,1.164567568,298.248916381,-3455.355280098,-3448.447416463
3385,1692.5,1.145584115,293.387202317,-3455.333080033,-3448.446988
3386,1693.0,1.135230927,290.735722798,-3455.320063184,-3448.447094297
3387,1693.5,1.134067114,290.437667061,-3455.314292853,-3448.447448118
3388,1694.0,1.122906561,287.579419356,-3455.31078158,-3448.447455362
3389,1694.5,1.118352949,286.413226755,-3455.309503587,-3448.446818489
3390,1695.0,1.128496829,289.011102163,-3455.319255036,-3448.446347522
3391,1695.5,1.152953356,295.274485052,-3455.345503021,-3448.446758152
3392,1696.0,1.192177087,305.319789016,-3455.381633857,-3448.447551682
3393,1696.5,1.219676177,312.362380615,-3455.415088148,-3448.448582016
3394,1697.0,1.237349018,316.888443109,-3455.431244248,-3448.449611704
3395,1697.5,1.226199602,314.033047615,-3455.418704622,-3448.449363497
3396,1698.0,1.192113325,305.303459528,-3455.384676634,-3448.448513174
3397,1698.5,1.164914553,298.33777999,-3455.348823793,-3448.446242273
3398,1699.0,1.164546783,298.243593234,-3455.348194746,-3448.446043643
3399,1699.5,1.197402828,306.658115506,-3455.379945424,-3448.449643678
3400,1700.0,1.205624404,308.763683543,-3455.390818498,-3448.449154839
3401,1700.5,1.189965877,304.753492138,-3455.376206616,-3448.447778591
3402,1701.0,1.172299379,300.229054097,-3455.351298391,-3448.446906846
3403,1701.5,1.149865199,294.483599661,-3455.327279147,-3448.446598632
3404,1702.0,1.130984825,289.648284545,-3455.309123265,-3448.446373665
3405,1702.5,1.124677006,288.032834939,-3455.300457722,-3448.445973377
3406,1703.0,1.129303941,289.217805738,-3455.306243116,-3448.446018191
3407,1703.5,1.14386386,292.946640449,-3455.324739549,-3448.446547942
3408,1704.0,1.170120771,299.671106513,-3455.347919316,-3448.446971088
3409,1704.5,1.196480519,306.421909742,-3455.369289362,-3448.447400038
3410,1705.0,1.201898325,307.809424578,-3455.382581222,-3448.447951389
3411,1705.5,1.200867279,307.545370707,-3455.382439855,-3448.447684148
3412,1706.0,1.194080483,305.807253967,-3455.376869951,-3448.446429462
3413,1706.5,1.202683554,308.010523829,-3455.383105123,-3448.448044743
3414,1707.0,1.197023281,306.560912535,-3455.383704246,-3448.449432105
3415,1707.5,1.184879415,303.450835488,-3455.369254488,-3448.445601827
3416,1708.0,1.200393841,307.424122165,-3455.385632648,-3448.447185945
3417,1708.5,1.22197692,312.95160709,-3455.413742686,-3448.449627119
3418,1709.0,1.223268453,313.282372402,-3455.41230059,-3448.448680194
3419,1709.5,1.192900031,305.504936995,-3455.386622705,-3448.447482412
3420,1710.0,1.16181397,297.543712262,-3455.354106872,-3448.446283093
3421,1710.5,1.142452991,292.58531297,-3455.333589396,-3448.445378333
3422,1711.0,1.134430275,290.530673809,-3455.338002905,-3448.445767781
3423,1711.5,1.153773417,295.484504986,-3455.362394077,-3448.446815447
3424,1712.0,1.180372125,302.296506303,-3455.391317165,-3448.447572472
3425,1712.5,1.198368106,306.905325891,-3455.41230623,-3448.448085023
3426,1713.0,1.203267984,308.160197798,-3455.417615049,-3448.448496372
3427,1713.5,1.192351384,305.364426921,-3455.403240661,-3448.448154056
3428,1714.0,1.175080279,300.941250136,-3455.378384286,-3448.446079598
3429,1714.5,1.167758796,299.06619843,-3455.373573322,-3448.445506602
3430,1715.0,1.1871325,304.027856514,-3455.395694319,-3448.448289307
3431,1715.5,1.189675992,304.679251736,-3455.407895842,-3448.450057877
3432,1716.0,1.170905267,299.872018091,-3455.387720243,-3448.448131338
3433,1716.5,1.157141196,296.347002173,-3455.369211113,-3448.444587382
3434,1717.0,1.18109793,302.482386935,-3455.39308308,-3448.448503466
3435,1717.5,1.203911265,308.324943929,-3455.411733625,-3448.449329364
3436,1718.0,1.199683664,307.242243755,-3455.402853888,-3448.447786361
3437,1718.5,1.187067895,304.01131118,-3455.383927611,-3448.446580196
3438,1719.0,1.177900511,301.663519226,-3455.371558802,-3448.446429494
3439,1719.5,1.186358257,303.829570785,-3455.368382849,-3448.446573079
3440,1720.0,1.188611361,304.406597032,-3455.370406029,-3448.4467882
3441,1720.5,1.189107041,304.533542025,-3455.37292737,-3448.447189672
3442,1721.0,1.18927104,304.57554251,-3455.370279046,-3448.447545769
3443,1721.5,1.178929621,301.927076914,-3455.357867161,-3448.447462013
3444,1722.0,1.163369815,297.942168541,-3455.34017699,-3448.446091613
3445,1722.5,1.161887697,297.562593937,-3455.340520354,-3448.444840494
3446,1723.0,1.190705846,304.943000332,-3455.374595147,-3448.447035123
3447,1723.5,1.228224964,314.551748248,-3455.412872748,-3448.448918679
3448,1724.0,1.242608948,318.23552548,-3455.424030913,-3448.449545743
3449,1724.5,1.218151305,311.971856733,-3455.396762475,-3448.449419138
3450,1725.0,1.179745814,302.136106293,-3455.341856167,-3448.445457765
3451,1725.5,1.151792429,294.977168444,-3455.318766032,-3448.444588539
3452,1726.0,1.169983466,299.635942454,-3455.340093834,-3448.447723044
3453,1726.5,1.189923729,304.742697883,-3455.361444164,-3448.44743183
3454,1727.0,1.203972494,308.340624685,-3455.375871272,-3448.447138896
3455,1727.5,1.21507798,311.184770014,-3455.384348572,-3448.446953579
3456,1728.0,1.216424308,311.529568254,-3455.387810043,-3448.446739541
3457,1728.5,1.21910784,312.216828082,-3455.388113266,-3448.446841423
3458,1729.0,1.202849881,308.053120449,-3455.383751989,-3448.447341897
3459,1729.5,1.18908882,304.528875403,-3455.369115471,-3448.447705981
3460,1730.0,1.167083694,298.893303053,-3455.341730197,-3448.447087447
3461,1730.5,1.138119344,291.475454254,-3455.31403819,-3448.445228253
3462,1731.0,1.128572042,289.030364221,-3455.311910645,-3448.445426198
3463,1731.5,1.150257024,294.583947053,-3455.332805576,-3448.446992551
3464,1732.0,1.166293563,298.69094817,-3455.353796797,-3448.447435651
3465,1732.5,1.177864172,301.654212771,-3455.364897321,-3448.448014861
3466,1733.0,1.167989201,299.125205814,-3455.357299912,-3448.44906869
3467,1733.5,1.13595524,290.921221365,-3455.321762179,-3448.448022851
3468,1734.0,1.107368711,283.600133764,-3455.286154905,-3448.443120538
3469,1734.5,1.129394292,289.240944677,-3455.312295037,-3448.44615745
3470,1735.0,1.180138228,302.236604438,-3455.364834666,-3448.448900488
3471,1735.5,1.211161117,310.181650606,-3455.394885485,-3448.44828142
3472,1736.0,1.216822589,311.631568935,-3455.401058322,-3448.447436725
3473,1736.5,1.214005369,310.910071237,-3455.392837703,-3448.446832691
3474,1737.0,1.193350109,305.620203082,-3455.379004683,-3448.446289419
3475,1737.5,1.186975042,303.987531088,-3455.368335463,-3448.44606463
3476,1738.0,1.188315549,304.330838587,-3455.365084747,-3448.446442064
3477,1738.5,1.187933955,304.233111312,-3455.367340476,-3448.445989564
3478,1739.0,1.21083033,310.096935123,-3455.3834016,-3448.445499116
3479,1739.5,1.246417325,319.210861191,-3455.416920723,-3448.447223775
3480,1740.0,1.26704899,324.494686677,-3455.443528959,-3448.447779983
3481,1740.5,1.276979136,327.037823958,-3455.450937213,-3448.447339635
3482,1741.0,1.268527403,324.87331226,-3455.443465201,-3448.447002777
3483,1741.5,1.252674448,320.813327497,-3455.427113887,-3448.447063279
3484,1742.0,1.237653095,316.966318199,-3455.40301904,-3448.447845705
3485,1742.5,1.20122374,307.636661484,-3455.367033807,-3448.446690388
3486,1743.0,1.182798359,302.917871307,-3455.346940338,-3448.443841803
3487,1743.5,1.206062578,308.87590104,-3455.374151894,-3448.447768309
3488,1744.0,1.221893447,312.930229521,-3455.399565121,-3448.448283806
3489,1744.5,1.231285667,315.335602473,-3455.402491078,-3448.447271771
3490,1745.0,1.214832547,311.121913921,-3455.391996384,-3448.446772912
3491,1745.5,1.196799124,306.503505304,-3455.375465777,-3448.446767232
3492,1746.0,1.177467122,301.552526985,-3455.353319574,-3448.447102077
3493,1746.5,1.13921927,291.757148394,-3455.322977607,-3448.446469728
3494,1747.0,1.115617935,285.7127823,-3455.297228634,-3448.444652064
3495,1747.5,1.112890048,285.014163185,-3455.299489973,-3448.44559047
3496,1748.0,1.130277774,289.467207028,-3455.317382088,-3448.447171112
3497,1748.5,1.139595951,291.853617275,-3455.326576369,-3448.447059985
3498,1749.0,1.132152364,289.947294379,-3455.325950395,-3448.446047971
3499,1749.5,1.144899087,293.211764784,-3455.328957049,-3448.445099389
3500,1750.0,1.155634353,295.961095705,-3455.347758923,-3448.445650212
3501,1750.5,1.166021398,298.621246067,-3455.374049268,-3448.447602291
3502,1751.0,1.171530936,300.032253697,-3455.381566905,-3448.449075017
3503,1751.5,1.148698944,294.184918636,-3455.357495845,-3448.446373594
3504,1752.0,1.129740476,289.329603381,-3455.344967531,-3448.444737274
3505,1752.5,1.152021355,295.035797079,-3455.363533268,-3448.447956492
3506,1753.0,1.15801477,296.570726919,-3455.371001584,-3448.447194794
3507,1753.5,1.156934132,296.293972485,-3455.367409071,-3448.446238354
3508,1754.0,1.153223412,295.343647142,-3455.362686652,-3448.446637036
3509,1754.5,1.146534113,293.630499469,-3455.351800734,-3448.44690732
3510,1755.0,1.136822335,291.143286845,-3455.333927768,-3448.4455098
3511,1755.5,1.12594962,288.358755037,-3455.329052819,-3448.44531139
3512,1756.0,1.141516073,292.34536585,-3455.339260857,-3448.447165695
3513,1756.5,1.144062831,292.99759756,-3455.339852331,-3448.447280588
3514,1757.0,1.128961953,289.130221467,-3455.326708597,-3448.446011318
3515,1757.5,1.117867849,286.288991339,-3455.315858644,-3448.444949131
3516,1758.0,1.126230662,288.43073045,-3455.321183431,-3448.445166269
3517,1758.5,1.14649283,293.619926766,-3455.33977792,-3448.445944052
3518,1759.0,1.166469656,298.736046275,-3455.359675949,-3448.446780625
3519,1759.5,1.173815255,300.617274063,-3455.368097184,-3448.447952564
3520,1760.0,1.156286504,296.128113405,-3455.351783925,-3448.448099196
3521,1760.5,1.122364321,287.440550214,-3455.320833895,-3448.443969028
3522,1761.0,1.131696096,289.830443065,-3455.332418821,-3448.444933229
3523,1761.5,1.165549499,298.500391346,-3455.376160259,-3448.448350622
3524,1762.0,1.189464074,304.62497909,-3455.398809625,-3448.448383955
3525,1762.5,1.183459179,303.087109097,-3455.390956669,-3448.447764053
3526,1763.0,1.155866904,296.020652613,-3455.361471492,-3448.446270419
3527,1763.5,1.132299712,289.985030718,-3455.334041067,-3448.44465508
3528,1764.0,1.123126339,287.635705077,-3455.33008159,-3448.445969939
3529,1764.5,1.124619262,288.018046597,-3455.33413357,-3448.446797168
3530,1765.0,1.13058053,289.544743496,-3455.332571799,-3448.446042885
3531,1765.5,1.126038579,288.381537597,-3455.333083064,-3448.445347055
3532,1766.0,1.137346034,291.277407479,-3455.343545692,-3448.4457209
3533,1766.5,1.160084564,297.100806687,-3455.358029856,-3448.446329795
3534,1767.0,1.16700248,298.872503932,-3455.366416957,-3448.446506853
3535,1767.5,1.173053753,300.422251256,-3455.364545613,-3448.446402085
3536,1768.0,1.162088278,297.613963256,-3455.353471925,-3448.446401564
3537,1768.5,1.143011906,292.728452813,-3455.334014279,-3448.446810082
3538,1769.0,1.113079033,285.062562577,-3455.305966899,-3448.445819246
3539,1769.5,1.106994791,283.504371843,-3455.294846758,-3448.442777171
3540,1770.0,1.152963228,295.277013335,-3455.334775435,-3448.447166499
3541,1770.5,1.18382479,303.180743028,-3455.370997139,-3448.448970583
3542,1771.0,1.17324996,300.472500409,-3455.367615935,-3448.447541739
3543,1771.5,1.160997974,297.334733641,-3455.343302652,-3448.445023504
3544,1772.0,1.150044922,294.52962717,-3455.332751204,-3448.445081416
3545,1772.5,1.161461649,297.453481932,-3455.336693914,-3448.446567661
3546,1773.0,1.169476031,299.505986869,-3455.334580109,-3448.446093555
3547,1773.5,1.169915169,299.618451314,-3455.328950562,-3448.445321102
3548,1774.0,1.165996681,298.614915964,-3455.328642454,-3448.445585617
3549,1774.5,1.173674546,300.581238057,-3455.330065952,-3448.445889255
3550,1775.0,1.170874551,299.864151716,-3455.328207409,-3448.445668869
3551,1775.5,1.172102401,300.178607385,-3455.325845492,-3448.445217621
3552,1776.0,1.185914066,303.715812347,-3455.329935883,-3448.444834241
3553,1776.5,1.200505964,307.452837067,-3455.346022365,-3448.445140046
3554,1777.0,1.222326306,313.041085829,-3455.369149802,-3448.446642972
3555,1777.5,1.225030141,313.733545257,-3455.378977021,-3448.448281092
3556,1778.0,1.208118951,309.402543637,-3455.359597681,-3448.446284201
3557,1778.5,1.202797382,308.039675427,-3455.345087403,-3448.444673226
3558,1779.0,1.203260235,308.158213248,-3455.353352735,-3448.448581759
3559,1779.5,1.189051629,304.519350847,-3455.337596729,-3448.44690147
3560,1780.0,1.165554028,298.501551418,-3455.312667722,-3448.444440909
3561,1780.5,1.155012457,295.801826381,-3455.30883871,-3448.445521059
3562,1781.0,1.157759556,296.505365926,-3455.314151166,-3448.44582958
3563,1781.5,1.160145866,297.11650636,-3455.320453201,-3448.445483761
3564,1782.0,1.161267271,297.403701176,-3455.329471333,-3448.445771417
3565,1782.5,1.175121392,300.951779331,-3455.336556021,-3448.446055897
3566,1783.0,1.170047392,299.652314172,-3455.336875534,-3448.446072077
3567,1783.5,1.165600993,298.513579222,-3455.330662104,-3448.445674201
3568,1784.0,1.153259321,295.352843615,-3455.32476264,-3448.44505765
3569,1784.5,1.151831634,294.987208911,-3455.328867987,-3448.444949591
3570,1785.0,1.167070823,298.890006742,-3455.349825847,-3448.449649763
3571,1785.5,1.192959098,305.520064236,-3455.37368129,-3448.450324467
3572,1786.0,1.208470305,309.492526473,-3455.394325441,-3448.451595489
3573,1786.5,1.20690281,309.091086599,-3455.395398166,-3448.452469085
3574,1787.0,1.192564821,305.419088701,-3455.375504577,-3448.449468788
3575,1787.5,1.189759788,304.700712269,-3455.37814347,-3448.45029456
3576,1788.0,1.217485566,311.801359288,-3455.398925831,-3448.451843901
3577,1788.5,1.233533591,315.911301941,-3455.410886455,-3448.451402477
3578,1789.0,1.230212261,315.060700284,-3455.412138621,-3448.451054108
3579,1789.5,1.218910762,312.166355903,-3455.403974245,-3448.45042919
3580,1790.0,1.203769536,308.288646706,-3455.391324986,-3448.450385892
3581,1790.5,1.183766467,303.165806442,-3455.373856451,-3448.450196805
3582,1791.0,1.163210053,297.901253005,-3455.353776592,-3448.449597737
3583,1791.5,1.147457868,293.867075643,-3455.339859683,-3448.448936065
3584,1792.0,1.152098875,295.055650052,-3455.342060837,-3448.448908004
3585,1792.5,1.171949723,300.139506105,-3455.36086753,-3448.449481012
3586,1793.0,1.202287142,307.909001526,-3455.387965504,-3448.449884189
3587,1793.5,1.232718858,315.702646755,-3455.416578604,-3448.44999998
3588,1794.0,1.254959027,321.398414453,-3455.443321708,-3448.450297392
3589,1794.5,1.27738751,327.142409698,-3455.463040901,-3448.451256969
3590,1795.0,1.284599417,328.98939863,-3455.46265077,-3448.452886753
3591,1795.5,1.245771316,319.045416598,-3455.425072339,-3448.452351263
3592,1796.0,1.1999931,307.321491083,-3455.374370661,-3448.446951412
3593,1796.5,1.207450316,309.23130434,-3455.381481944,-3448.449277029
3594,1797.0,1.248176378,319.661359464,-3455.421560271,-3448.452219742
3595,1797.5,1.272573349,325.909489945,-3455.443725779,-3448.451945538
3596,1798.0,1.265688437,324.146245405,-3455.441589217,-3448.451260588
3597,1798.5,1.240863863,317.788604539,-3455.422159946,-3448.450564925
3598,1799.0,1.209661781,309.797666572,-3455.395078903,-3448.449850648
3599,1799.5,1.187985344,304.246272177,-3455.370643715,-3448.449443825
3600,1800.0,1.17150017,300.024374377,-3455.355066577,-3448.449559595
3601,1800.5,1.160972543,297.32822056,-3455.346898529,-3448.449711345
3602,1801.0,1.156849493,296.272296242,-3455.343684502,-3448.449623463
3603,1801.5,1.163296503,297.923393143,-3455.346728136,-3448.449404929
3604,1802.0,1.165775972,298.558391925,-3455.359261933,-3448.449297574
3605,1802.5,1.191475542,305.140121542,-3455.38289032,-3448.449602617
3606,1803.0,1.223639769,313.377467239,-3455.413137169,-3448.450689471
3607,1803.5,1.239372303,317.406612032,-3455.434946816,-3448.452461501
3608,1804.0,1.235208008,316.34012481,-3455.427199034,-3448.45298205
3609,1804.5,1.208781763,309.572291643,-3455.393459983,-3448.449208192
3610,1805.0,1.210373856,309.980031105,-3455.393541787,-3448.447470828
3611,1805.5,1.261262706,323.01280376,-3455.445567094,-3448.453072647
3612,1806.0,1.29180687,330.835246969,-3455.474214236,-3448.453389673
3613,1806.5,1.273075149,326.038002359,-3455.459630726,-3448.451149946
3614,1807.0,1.237372922,316.894564973,-3455.428269332,-3448.449429709
3615,1807.5,1.210066293,309.901263352,-3455.404420006,-3448.449086508
3616,1808.0,1.209985662,309.88061351,-3455.393651283,-3448.449546299
3617,1808.5,1.207850367,309.333758725,-3455.389669302,-3448.449840364
3618,1809.0,1.207397398,309.217752141,-3455.388112581,-3448.449782988
3619,1809.5,1.208948697,309.615043778,-3455.389454084,-3448.449662954
3620,1810.0,1.214633428,311.070918839,-3455.395325874,-3448.449738293
3621,1810.5,1.22808806,314.516686674,-3455.405015903,-3448.450068193
3622,1811.0,1.232099679,315.544073365,-3455.414196906,-3448.450632491
3623,1811.5,1.226634082,314.144319001,-3455.415609788,-3448.451328294
3624,1812.0,1.219882971,312.415341089,-3455.402117796,-3448.451392786
3625,1812.5,1.19946698,307.186750486,-3455.378200346,-3448.450240114
3626,1813.0,1.187620838,304.152921409,-3455.362243417,-3448.450936617
3627,1813.5,1.175573092,301.067460866,-3455.35499559,-3448.44976874
3628,1814.0,1.194031335,305.794666893,-3455.374480235,-3448.450046018
3629,1814.5,1.235627609,316.447585701,-3455.411438703,-3448.452711694
3630,1815.0,1.241972051,318.072414579,-3455.424000446,-3448.451579815
3631,1815.5,1.2306552,315.174138352,-3455.417054121,-3448.45062771
3632,1816.0,1.207571742,309.262402059,-3455.402534446,-3448.450233673
3633,1816.5,1.200218732,307.379276117,-3455.386394304,-3448.449875554
3634,1817.0,1.184786979,303.427162357,-3455.374115287,-3448.44948157
3635,1817.5,1.189848599,304.723456855,-3455.371434144,-3448.449249908
3636,1818.0,1.198229539,306.869838499,-3455.381898588,-3448.449340577
3637,1818.5,1.212418755,310.50373526,-3455.404475717,-3448.449891856
3638,1819.0,1.229549874,314.891061143,-3455.431485713,-3448.450897712
3639,1819.5,1.25703302,321.929569637,-3455.449281895,-3448.45191773
3640,1820.0,1.248526948,319.751141572,-3455.44550364,-3448.451893498
3641,1820.5,1.228796966,314.698239486,-3455.424991943,-3448.449956564
3642,1821.0,1.219240085,312.250696436,-3455.417453472,-3448.449561808
3643,1821.5,1.222732652,313.145152122,-3455.427976685,-3448.453071182
3644,1822.0,1.209073003,309.646879069,-3455.413454294,-3448.453485511
3645,1822.5,1.176503589,301.305763643,-3455.375011453,-3448.448568148
3646,1823.0,1.162167907,297.634356458,-3455.371751255,-3448.45057512
3647,1823.5,1.173373939,300.504251886,-3455.381302839,-3448.45239307
3648,1824.0,1.16174642,297.526412466,-3455.36833114,-3448.451137903
3649,1824.5,1.138644305,291.609898166,-3455.3421027,-3448.449918981
3650,1825.0,1.121892687,287.319763301,-3455.318488353,-3448.449234713
3651,1825.5,1.112859134,285.00624593,-3455.307475993,-3448.448982289
3652,1826.0,1.122096214,287.371887142,-3455.312847016,-3448.4491821
3653,1826.5,1.142332984,292.554578815,-3455.331699158,-3448.449804474
3654,1827.0,1.16607356,298.634604916,-3455.355384788,-3448.450573723
3655,1827.5,1.185610372,303.638035556,-3455.37326776,-3448.451217117
3656,1828.0,1.185151917,303.520623995,-3455.377343659,-3448.451304794
3657,1828.5,1.167287977,298.945620269,-3455.371053411,-3448.450125401
3658,1829.0,1.175435863,301.032316066,-3455.376316355,-3448.448938882
3659,1829.5,1.215793935,311.368127921,-3455.409219911,-3448.450798261
3660,1830.0,1.244619865,318.75052683,-3455.445737284,-3448.4525881
3661,1830.5,1.264591412,323.865294366,-3455.458173446,-3448.453275934
3662,1831.0,1.244750301,318.783931967,-3455.439154739,-3448.451405409
3663,1831.5,1.228551541,314.635385501,-3455.423745885,-3448.448193618
3664,1832.0,1.241285607,317.896614329,-3455.448106758,-3448.452163658
3665,1832.5,1.254762166,321.347997604,-3455.463221331,-3448.452587323
3666,1833.0,1.24071298,317.749962987,-3455.450422932,-3448.451214916
3667,1833.5,1.20467358,308.520174884,-3455.424202749,-3448.450263255
3668,1834.0,1.17944316,302.058595661,-3455.397586028,-3448.449783455
3669,1834.5,1.159614702,296.980473828,-3455.377273455,-3448.449638487
3670,1835.0,1.147465084,293.868923741,-3455.365719672,-3448.449805767
3671,1835.5,1.144411392,293.086864927,-3455.36090712,-3448.450203282
3672,1836.0,1.143540924,292.863935648,-3455.358829155,-3448.450469008
3673,1836.5,1.136019256,290.93761605,-3455.358835549,-3448.450332442
3674,1837.0,1.146050801,293.5067219,-3455.366678577,-3448.449586952
3675,1837.5,1.172294442,300.227789695,-3455.392841405,-3448.450362807
3676,1838.0,1.205864577,308.825192321,-3455.426393376,-3448.451675553
3677,1838.5,1.22747862,314.360607376,-3455.446632398,-3448.45188144
3678,1839.0,1.225442353,313.839114086,-3455.447053793,-3448.45228887
3679,1839.5,1.189906584,304.738307016,-3455.423035688,-3448.452457878
3680,1840.0,1.149197657,294.312640287,-3455.381928875,-3448.448928009
3681,1840.5,1.146859423,293.71381225,-3455.376543739,-3448.448094813
3682,1841.0,1.178713984,301.87185184,-3455.416561664,-3448.451645902
3683,1841.5,1.211689367,310.316937003,-3455.451006426,-3448.451519649
3684,1842.0,1.226369405,314.076534472,-3455.469658204,-3448.451057191
3685,1842.5,1.230605606,315.161437186,-3455.4755473,-3448.451170795
3686,1843.0,1.216725549,311.606716785,-3455.466113868,-3448.451368176
3687,1843.5,1.191842302,305.234049749,-3455.439282671,-3448.451121953
3688,1844.0,1.159346961,296.911904525,-3455.400597716,-3448.450510009
3689,1844.5,1.128421886,288.991909016,-3455.36096538,-3448.450115374
3690,1845.0,1.09340551,280.024119905,-3455.330968075,-3448.448903918
3691,1845.5,1.09654193,280.827365664,-3455.330054705,-3448.448377634
3692,1846.0,1.123932361,287.842129398,-3455.363751379,-3448.450319389
3693,1846.5,1.167706018,299.052681806,-3455.404941882,-3448.451465594
3694,1847.0,1.189743525,304.696547134,-3455.432845578,-3448.451602725
3695,1847.5,1.201190307,307.628099033,-3455.442607387,-3448.451691821
3696,1848.0,1.191129429,305.051481001,-3455.43269896,-3448.452226167
3697,1848.5,1.159987276,297.07589106,-3455.399407837,-3448.451716338
3698,1849.0,1.123822463,287.813984269,-3455.361572444,-3448.447559805
3699,1849.5,1.129722353,289.324962047,-3455.373454785,-3448.449366766
3700,1850.0,1.167568598,299.017488138,-3455.414847913,-3448.451914672
3701,1850.5,1.200248815,307.386980417,-3455.442789372,-3448.451457414
3702,1851.0,1.212196349,310.446776294,-3455.455166977,-3448.4510266
3703,1851.5,1.211361502,310.232969902,-3455.456250967,-3448.450858406
3704,1852.0,1.20209814,307.860597642,-3455.448563544,-3448.450983801
3705,1852.5,1.17947456,302.066637316,-3455.430540722,-3448.451501886
3706,1853.0,1.149969734,294.510371385,-3455.398633484,-3448.450452209
3707,1853.5,1.119016651,286.583202616,-3455.371713841,-3448.448395014
3708,1854.0,1.122021083,287.352645948,-3455.376075515,-3448.449490079
3709,1854.5,1.140356261,292.048334712,-3455.397551857,-3448.450793011
3710,1855.0,1.150020765,294.523440479,-3455.41397211,-3448.450748255
3711,1855.5,1.156849512,296.2723012,-3455.421245184,-3448.450373952
3712,1856.0,1.162025149,297.597795726,-3455.423084057,-3448.450195005
3713,1856.5,1.158053399,296.58061985,-3455.421834154,-3448.450497796
3714,1857.0,1.151517062,294.906646338,-3455.41364542,-3448.451338733
3715,1857.5,1.135123164,290.708124343,-3455.390199538,-3448.450989052
3716,1858.0,1.12023743,286.895847482,-3455.366327483,-3448.447305479
3717,1858.5,1.141684984,292.388624468,-3455.388465495,-3448.449512647
3718,1859.0,1.181955655,302.702052553,-3455.432181374,-3448.45174927
3719,1859.5,1.215967916,311.412685015,-3455.460647709,-3448.45092272
3720,1860.0,1.232335984,315.604591477,-3455.47812673,-3448.450884797
3721,1860.5,1.234538129,316.168566911,-3455.484240465,-3448.451825995
3722,1861.0,1.219003921,312.190214023,-3455.468694627,-3448.451341615
3723,1861.5,1.205050444,308.616690606,-3455.440414955,-3448.449183518
3724,1862.0,1.188277029,304.320973508,-3455.427712982,-3448.449298113
3725,1862.5,1.190945745,305.004438951,-3455.430243056,-3448.450457975
3726,1863.0,1.195891025,306.27093866,-3455.429976131,-3448.450174391
3727,1863.5,1.195030402,306.050530672,-3455.426613317,-3448.449508732
3728,1864.0,1.201867914,307.801636115,-3455.427141041,-3448.449208031
3729,1864.5,1.212472438,310.517483656,-3455.434598644,-3448.449371745
3730,1865.0,1.22088959,312.67313914,-3455.4467716,-3448.449831345
3731,1865.5,1.231791406,315.465123818,-3455.45751205,-3448.450588791
3732,1866.0,1.229577513,314.898139784,-3455.45658699,-3448.451713451
3733,1866.5,1.205458866,308.7212887,-3455.431187585,-3448.451974651
3734,1867.0,1.173269917,300.477611493,-3455.388858853,-3448.448044355
3735,1867.5,1.166572084,298.762278295,-3455.384725928,-3448.448099098
3736,1868.0,1.195903766,306.27420155,-3455.419643557,-3448.451642725
3737,1868.5,1.225214973,313.780881268,-3455.442623289,-3448.451903058
3738,1869.0,1.23203768,315.528195073,-3455.441559059,-3448.451049595
3739,1869.5,1.216627039,311.581488068,-3455.427802258,-3448.449536738
3740,1870.0,1.208333567,309.457507459,-3455.423778086,-3448.449200098
3741,1870.5,1.215320766,311.246948194,-3455.43326233,-3448.450855753
3742,1871.0,1.214932022,311.147389616,-3455.434079336,-3448.450868092
3743,1871.5,1.204533388,308.484271287,-3455.422664445,-3448.449799173
3744,1872.0,1.188868596,304.472475601,-3455.411581291,-3448.449120941
3745,1872.5,1.187518169,304.126627452,-3455.410068763,-3448.449077317
3746,1873.0,1.195424204,306.151384426,-3455.419107201,-3448.449282148
3747,1873.5,1.213709367,310.834264372,-3455.435410956,-3448.4496161
3748,1874.0,1.224353635,313.560290417,-3455.45349227,-3448.450188814
3749,1874.5,1.235171018,316.330651624,-3455.465169862,-3448.450960132
3750,1875.0,1.222755272,313.150945227,-3455.460722532,-3448.451642032
3751,1875.5,1.194522799,305.920532136,-3455.435534542,-3448.450910177
3752,1876.0,1.172329635,300.236802804,-3455.411544634,-3448.447530117
3753,1876.5,1.185387314,303.580909789,-3455.431089784,-3448.450690487
3754,1877.0,1.213324268,310.735639533,-3455.457096557,-3448.452871791
3755,1877.5,1.203083775,308.113021448,-3455.452670304,-3448.451227479
3756,1878.0,1.188677509,304.423537623,-3455.436766897,-3448.449100143
3757,1878.5,1.183226654,303.027558829,-3455.436292111,-3448.449969317
3758,1879.0,1.181116009,302.487016846,-3455.441341609,-3448.450973084
3759,1879.5,1.173918219,300.643643427,-3455.435894981,-3448.450557908
3760,1880.0,1.157929834,296.548974441,-3455.423005633,-3448.449748854
3761,1880.5,1.151136832,294.809268231,-3455.413637307,-3448.449082724
3762,1881.0,1.157884473,296.537357434,-3455.417468038,-3448.448908801
3763,1881.5,1.171531376,300.032366458,-3455.437021684,-3448.449395458
3764,1882.0,1.196529536,306.434463104,-3455.466011979,-3448.450184822
3765,1882.5,1.224030105,313.477433525,-3455.494225138,-3448.450715723
3766,1883.0,1.247579306,319.508447648,-3455.515159657,-3448.450912545
3767,1883.5,1.258224787,322.234784324,-3455.527339611,-3448.451783148
3768,1884.0,1.244791729,318.794541793,-3455.521301311,-3448.452989571
3769,1884.5,1.219591861,312.340787052,-3455.491350836,-3448.450877118
3770,1885.0,1.204294791,308.423165947,-3455.47813866,-3448.449131562
3771,1885.5,1.224932025,313.708417704,-3455.503085497,-3448.453004091
3772,1886.0,1.248451524,319.731825114,-3455.520445788,-3448.45177009
3773,1886.5,1.260202635,322.741316651,-3455.536142601,-3448.450876909
3774,1887.0,1.274932498,326.513674429,-3455.558989994,-3448.452025459
3775,1887.5,1.286318733,329.429720182,-3455.572051281,-3448.452473935
3776,1888.0,1.273374356,326.114630085,-3455.565413263,-3448.45280128
3777,1888.5,1.247785562,319.561270513,-3455.5345395,-3448.453407631
3778,1889.0,1.189174828,304.550902394,-3455.474700423,-3448.453306709
3779,1889.5,1.116647605,285.976483515,-3455.396838897,-3448.450184989
3780,1890.0,1.073439371,274.910737617,-3455.352130465,-3448.447283021
3781,1890.5,1.092786327,279.865545436,-3455.379617169,-3448.450303491
3782,1891.0,1.146094352,293.51787544,-3455.441501716,-3448.452595321
3783,1891.5,1.194758259,305.98083413,-3455.49766698,-3448.452922862
3784,1892.0,1.228259389,314.560564602,-3455.535498533,-3448.453132077
3785,1892.5,1.238534811,317.192128149,-3455.548255663,-3448.453766356
3786,1893.0,1.213205484,310.705218736,-3455.527645426,-3448.453848732
3787,1893.5,1.167974639,299.121476438,-3455.482595507,-3448.450275795
3788,1894.0,1.150642859,294.68276035,-3455.462334835,-3448.450530848
3789,1894.5,1.156827046,296.266547507,-3455.469280892,-3448.451642748
3790,1895.0,1.170355186,299.731140978,-3455.479888675,-3448.452020864
3791,1895.5,1.170933349,299.879210151,-3455.482123521,-3448.451520682
3792,1896.0,1.165989976,298.613198746,-3455.477567984,-3448.450720787
3793,1896.5,1.16262516,297.751460277,-3455.474945848,-3448.45051786
3794,1897.0,1.159341631,296.910539611,-3455.476687559,-3448.45089397
3795,1897.5,1.159971112,297.071751269,-3455.477846354,-3448.451407794
3796,1898.0,1.164206707,298.156498805,-3455.471815778,-3448.451475729
3797,1898.5,1.153995382,295.541350603,-3455.45928055,-3448.450794681
3798,1899.0,1.154111172,295.571004724,-3455.451068352,-3448.450144307
3799,1899.5,1.160476877,297.20127929,-3455.456994895,-3448.450227271
3800,1900.0,1.178913915,301.923054684,-3455.476928041,-3448.450509637
3801,1900.5,1.199649336,307.233452178,-3455.506160661,-3448.451315403
3802,1901.0,1.226288044,314.055697839,-3455.533238704,-3448.452924208
3803,1901.5,1.230639627,315.170150009,-3455.536910169,-3448.454308106
3804,1902.0,1.19885224,307.02931379,-3455.506119941,-3448.451646803
3805,1902.5,1.187336825,304.08018473,-3455.489187904,-3448.447411251
3806,1903.0,1.226643723,314.146788004,-3455.53724919,-3448.451900662
3807,1903.5,1.277344022,327.131272467,-3455.594410913,-3448.453692476
3808,1904.0,1.311155051,335.790368662,-3455.6234698,-3448.452698895
3809,1904.5,1.311978106,336.001155366,-3455.63014411,-3448.452103936
3810,1905.0,1.296682724,332.083966497,-3455.621500991,-3448.452450549
3811,1905.5,1.278472751,327.420343012,-3455.59486704,-3448.453014775
3812,1906.0,1.227863721,314.459232794,-3455.546650841,-3448.452232111
3813,1906.5,1.177210545,301.486816992,-3455.494832066,-3448.449423147
3814,1907.0,1.1667901,298.818112779,-3455.481061862,-3448.448631279
3815,1907.5,1.194194662,305.836495517,-3455.517227411,-3448.450984334
3816,1908.0,1.24964948,320.038624945,-3455.571312205,-3448.452431863
3817,1908.5,1.292597367,331.037695387,-3455.617657812,-3448.452797611
3818,1909.0,1.319041773,337.810179607,-3455.646311659,-3448.453058346
3819,1909.5,1.321332785,338.396913993,-3455.651572378,-3448.453532851
3820,1910.0,1.289374808,330.212389352,-3455.627683595,-3448.453805701
3821,1910.5,1.239706373,317.492168124,-3455.577267861,-3448.452236176
3822,1911.0,1.193186527,305.578309259,-3455.532578795,-3448.449023804
3823,1911.5,1.199372257,307.162491646,-3455.538440442,-3448.451185685
3824,1912.0,1.221318737,312.783044782,-3455.565835481,-3448.454303527
3825,1912.5,1.223344204,313.301772224,-3455.565506816,-3448.453319847
3826,1913.0,1.193550873,305.671619332,-3455.541593747,-3448.451879871
3827,1913.5,1.153570871,295.43263229,-3455.512033947,-3448.451099057
3828,1914.0,1.131635874,289.815019987,-3455.488709275,-3448.450623476
3829,1914.5,1.126280431,288.443476408,-3455.480220843,-3448.450366697
3830,1915.0,1.128863839,289.105094385,-3455.4903444,-3448.450833604
3831,1915.5,1.153349557,295.375953286,-3455.512692578,-3448.451452679
3832,1916.0,1.18199643,302.712495251,-3455.537412193,-3448.451813392
3833,1916.5,1.197390837,306.655044519,-3455.557989147,-3448.451961348
3834,1917.0,1.217491343,311.802838846,-3455.571404573,-3448.451987365
3835,1917.5,1.218641825,312.097480333,-3455.57719644,-3448.452215087
3836,1918.0,1.210803942,310.090177193,-3455.574841243,-3448.452358198
3837,1918.5,1.194938084,306.026887879,-3455.567283732,-3448.451636436
3838,1919.0,1.194091591,305.810098828,-3455.567703446,-3448.451855523
3839,1919.5,1.207007768,309.117966639,-3455.577411505,-3448.45250844
3840,1920.0,1.228795013,314.697739262,-3455.596629194,-3448.45086669
3841,1920.5,1.266054414,324.239972981,-3455.637969489,-3448.454740824
3842,1921.0,1.280504191,327.940600185,-3455.652125938,-3448.456128173
3843,1921.5,1.24078514,317.768443477,-3455.614691829,-3448.45360543
3844,1922.0,1.197709972,306.73677582,-3455.560183579,-3448.450547638
3845,1922.5,1.166372258,298.711102278,-3455.530947769,-3448.450423072
3846,1923.0,1.168343513,299.2159459,-3455.531028963,-3448.451742972
3847,1923.5,1.168607419,299.283533148,-3455.541171726,-3448.45209948
3848,1924.0,1.179730127,302.132088767,-3455.551774088,-3448.451937438
3849,1924.5,1.20237449,307.931371758,-3455.562230877,-3448.451751048
3850,1925.0,1.211488791,310.265568807,-3455.573055147,-3448.451796416
3851,1925.5,1.21830126,312.010260616,-3455.582651033,-3448.452223439
3852,1926.0,1.214507517,311.038672808,-3455.585925041,-3448.452677321
3853,1926.5,1.205273414,308.67379395,-3455.578922079,-3448.452203585
3854,1927.0,1.201615533,307.737000567,-3455.57148021,-3448.451427325
3855,1927.5,1.194639169,305.950334916,-3455.573964285,-3448.453138173
3856,1928.0,1.18404639,303.237495573,-3455.566439433,-3448.454117615
3857,1928.5,1.153717482,295.470179822,-3455.541585154,-3448.450949069
3858,1929.0,1.159375105,296.919112333,-3455.54268032,-3448.450792409
3859,1929.5,1.185097718,303.50674333,-3455.571145974,-3448.45399565
3860,1930.0,1.20504252,308.614661349,-3455.582008671,-3448.453466018
3861,1930.5,1.197634186,306.717366809,-3455.573619697,-3448.452208981
3862,1931.0,1.189839697,304.721177222,-3455.560311461,-3448.45167346
3863,1931.5,1.168283228,299.200506914,-3455.549173397,-3448.451407031
3864,1932.0,1.163697876,298.026185881,-3455.54250313,-3448.451209155
3865,1932.5,1.162226048,297.649246748,-3455.541686797,-3448.45108349
3866,1933.0,1.170387253,299.739353275,-3455.547367587,-3448.451176238
3867,1933.5,1.181372957,302.552821999,-3455.557820905,-3448.451535233
3868,1934.0,1.195645415,306.208037146,-3455.568515403,-3448.451933262
3869,1934.5,1.198537132,306.948613926,-3455.574932311,-3448.451786827
3870,1935.0,1.205062727,308.619836453,-3455.58271224,-3448.450799759
3871,1935.5,1.231812041,315.470408498,-3455.605861825,-3448.451896008
3872,1936.0,1.253833465,321.110154875,-3455.63068195,-3448.454346692
3873,1936.5,1.251421099,320.492341502,-3455.625135603,-3448.455025881
3874,1937.0,1.215474729,311.286378423,-3455.583949736,-3448.452446014
3875,1937.5,1.187091904,304.017459981,-3455.551641576,-3448.448839055
3876,1938.0,1.201796933,307.783457636,-3455.573649423,-3448.452321606
3877,1938.5,1.229529027,314.885722166,-3455.608404897,-3448.453982626
3878,1939.0,1.244291664,318.666473706,-3455.622567144,-3448.453522386
3879,1939.5,1.238742851,317.245407538,-3455.615614863,-3448.45281741
3880,1940.0,1.210787746,310.086029404,-3455.594338581,-3448.452125307
3881,1940.5,1.186188855,303.786186474,-3455.567374008,-3448.451489713
3882,1941.0,1.166695068,298.793774662,-3455.543126875,-3448.451102642
3883,1941.5,1.141442147,292.326433055,-3455.526814344,-3448.451127927
3884,1942.0,1.137079933,291.209258264,-3455.51761565,-3448.451567151
3885,1942.5,1.118482079,286.446297433,-3455.510481974,-3448.451781418
3886,1943.0,1.119653633,286.746335651,-3455.506255116,-3448.450686006
3887,1943.5,1.129886632,289.367034352,-3455.521814066,-3448.450277379
3888,1944.0,1.171095914,299.920843386,-3455.56143033,-3448.452318082
3889,1944.5,1.206248259,308.92345446,-3455.596760712,-3448.45387511
3890,1945.0,1.207586085,309.266075342,-3455.602447638,-3448.454633047
3891,1945.5,1.173383168,300.506615426,-3455.569379328,-3448.453679515
3892,1946.0,1.129917536,289.374948987,-3455.522339955,-3448.449072523
3893,1946.5,1.131090286,289.675293369,-3455.52536218,-3448.449729921
3894,1947.0,1.172020277,300.15757528,-3455.572720809,-3448.452945464
3895,1947.5,1.218870899,312.156146756,-3455.614892294,-3448.453221098
3896,1948.0,1.241356698,317.914820939,-3455.638383037,-3448.452999959
3897,1948.5,1.253309236,320.975898418,-3455.642807833,-3448.452970777
3898,1949.0,1.225927203,313.963285262,-3455.62841316,-3448.452941114
3899,1949.5,1.190707359,304.943387665,-3455.596975035,-3448.452581342
3900,1950.0,1.151661933,294.943747974,-3455.556221614,-3448.451605676
3901,1950.5,1.120454133,286.95134572,-3455.522694229,-3448.450524201
3902,1951.0,1.116260466,285.877336349,-3455.514126581,-3448.450220672
3903,1951.5,1.139974008,291.950438705,-3455.538045404,-3448.450724432
3904,1952.0,1.190650223,304.928755097,-3455.585561432,-3448.452787701
3905,1952.5,1.225014099,313.729436853,-3455.626053002,-3448.453915512
3906,1953.0,1.239822736,317.52196917,-3455.638996489,-3448.453836954
3907,1953.5,1.221115402,312.730970185,-3455.622984658,-3448.453589315
3908,1954.0,1.178278594,301.760347117,-3455.582938554,-3448.453344483
3909,1954.5,1.127299693,288.704512397,-3455.529995023,-3448.451013859
3910,1955.0,1.101277884,282.040256215,-3455.502594806,-3448.449570952
3911,1955.5,1.112548599,284.926717144,-3455.51607688,-3448.452819312
3912,1956.0,1.121384684,287.189662462,-3455.526692234,-3448.452673133
3913,1956.5,1.124095796,287.883985515,-3455.52561262,-3448.451581821
3914,1957.0,1.124408181,287.963988322,-3455.524504904,-3448.451144796
3915,1957.5,1.128405359,288.987676252,-3455.528557198,-3448.451281017
3916,1958.0,1.134291621,290.495164124,-3455.535357745,-3448.451700275
3917,1958.5,1.134837147,290.63487464,-3455.539446961,-3448.452019452
3918,1959.0,1.13830256,291.522376425,-3455.538556029,-3448.451419759
3919,1959.5,1.143346931,292.814253477,-3455.544454382,-3448.450038229
3920,1960.0,1.164193967,298.153235903,-3455.575804486,-3448.451032593
3921,1960.5,1.212847589,310.613560816,-3455.620095478,-3448.452798669
3922,1961.0,1.243834321,318.549346933,-3455.651772506,-3448.453028083
3923,1961.5,1.262006276,323.203233873,-3455.666139574,-3448.452533605
3924,1962.0,1.260886578,322.916476133,-3455.670263612,-3448.452960231
3925,1962.5,1.2439825,318.587296076,-3455.660777437,-3448.454387564
3926,1963.0,1.202228165,307.893897451,-3455.625068125,-3448.453318725
3927,1963.5,1.17341941,300.515897091,-3455.58821307,-3448.449283545
3928,1964.0,1.182635526,302.87616948,-3455.600086809,-3448.452025315
3929,1964.5,1.210526571,310.019141609,-3455.628487471,-3448.453839965
3930,1965.0,1.22412209,313.500991161,-3455.639060944,-3448.452922153
3931,1965.5,1.224446926,313.584182517,-3455.636856858,-3448.452243833
3932,1966.0,1.217719474,311.861263791,-3455.628897687,-3448.452430834
3933,1966.5,1.201124425,307.611226622,-3455.61175034,-3448.452899388
3934,1967.0,1.169905789,299.61604924,-3455.57998535,-3448.452489565
3935,1967.5,1.137126992,291.22131014,-3455.542544417,-3448.450737203
3936,1968.0,1.129906,289.371994628,-3455.524316759,-3448.450645131
3937,1968.5,1.138419106,291.552224181,-3455.526925549,-3448.45204968
3938,1969.0,1.145113364,293.266641757,-3455.530841337,-3448.451959474
3939,1969.5,1.145038351,293.24743074,-3455.534730902,-3448.451062707
3940,1970.0,1.15683953,296.269744798,-3455.549837194,-3448.451154813
3941,1970.5,1.178724601,301.874570968,-3455.574653391,-3448.452376472
3942,1971.0,1.188941097,304.491043173,-3455.591644174,-3448.453779595
3943,1971.5,1.178144981,301.726128597,-3455.582026614,-3448.454179954
3944,1972.0,1.150433459,294.629132629,-3455.548524498,-3448.4508654
3945,1972.5,1.134635837,290.583318562,-3455.538901641,-3448.450252896
3946,1973.0,1.147041411,293.760419851,-3455.562253949,-3448.452801262
3947,1973.5,1.167667471,299.042809844,-3455.583014401,-3448.452257533
3948,1974.0,1.183518888,303.102400717,-3455.600793816,-3448.451623666
3949,1974.5,1.207041522,309.126611282,-3455.623530504,-3448.452007423
3950,1975.0,1.22468768,313.645840197,-3455.647219792,-3448.452780823
3951,1975.5,1.235926501,316.524132817,-3455.664086111,-3448.452710462
3952,1976.0,1.252101763,320.666661337,-3455.676337864,-3448.453213978
3953,1976.5,1.255318871,321.490571305,-3455.677196646,-3448.454604852
3954,1977.0,1.236501929,316.671501421,-3455.650834289,-3448.453256522
3955,1977.5,1.206221488,308.916598163,-3455.615666086,-3448.450858119
3956,1978.0,1.201745261,307.770224354,-3455.603664941,-3448.45086649
3957,1978.5,1.205878846,308.828846602,-3455.61572903,-3448.452206827
3958,1979.0,1.220870243,312.668184078,-3455.632165183,-3448.452964797
3959,1979.5,1.225865141,313.947391074,-3455.639214671,-3448.453501216
3960,1980.0,1.210613733,310.041464173,-3455.628021845,-3448.454034555
3961,1980.5,1.175937113,301.160687561,-3455.596708776,-3448.452175111
3962,1981.0,1.160317504,297.160463323,-3455.57742266,-3448.450331537
3963,1981.5,1.172670335,300.324057006,-3455.590771721,-3448.453705242
3964,1982.0,1.178483897,301.812925947,-3455.593973262,-3448.453993753
3965,1982.5,1.158402446,296.670011846,-3455.573519512,-3448.452908464
3966,1983.0,1.133484382,290.288427804,-3455.541622851,-3448.452152129
3967,1983.5,1.108195111,283.811776868,-3455.51198802,-3448.451048618
3968,1984.0,1.101488981,282.094318857,-3455.50267653,-3448.450544721
3969,1984.5,1.116124856,285.842606269,-3455.519354799,-3448.452320827
3970,1985.0,1.133984077,290.416401227,-3455.538779351,-3448.452778563
3971,1985.5,1.154728589,295.729126999,-3455.55180065,-3448.45200396
3972,1986.0,1.173992111,300.662567341,-3455.565923282,-3448.451932021
3973,1986.5,1.190089178,304.78506995,-3455.58085468,-3448.452092473
3974,1987.0,1.197670395,306.726640062,-3455.592962944,-3448.452059273
3975,1987.5,1.206089921,308.882903604,-3455.601141327,-3448.452279084
3976,1988.0,1.199707952,307.248463968,-3455.601988863,-3448.453048317
3977,1988.5,1.188220101,304.306394266,-3455.585758395,-3448.454020306
3978,1989.0,1.158139532,296.602678774,-3455.544366019,-3448.452825333
3979,1989.5,1.131991452,289.906084487,-3455.506673471,-3448.448438827
3980,1990.0,1.150869317,294.740757006,-3455.530300085,-3448.450615037
3981,1990.5,1.20785408,309.334709571,-3455.589677881,-3448.453717088
3982,1991.0,1.249792703,320.075304698,-3455.632536461,-3448.454688341
3983,1991.5,1.252647532,320.806434277,-3455.639573127,-3448.453793038
3984,1992.0,1.245021526,318.853393298,-3455.622868356,-3448.45195507
3985,1992.5,1.22342006,313.321199308,-3455.606469144,-3448.452054845
3986,1993.0,1.212199467,310.447574873,-3455.591849534,-3448.451949269
3987,1993.5,1.208280998,309.444044302,-3455.578648596,-3448.451406355
3988,1994.0,1.196723812,306.484217674,-3455.570978433,-3448.451784007
3989,1994.5,1.190232186,304.821694646,-3455.56208214,-3448.45203029
3990,1995.0,1.181448618,302.572199056,-3455.546507467,-3448.451665181
3991,1995.5,1.171416901,300.003048925,-3455.527970345,-3448.451023281
3992,1996.0,1.160480716,297.202262432,-3455.514899495,-3448.45062465
3993,1996.5,1.149552919,294.403623947,-3455.512896976,-3448.450924171
3994,1997.0,1.1502326,294.577691959,-3455.51826746,-3448.451968826
3995,1997.5,1.155546801,295.938673373,-3455.518695668,-3448.452380603
3996,1998.0,1.155610527,295.954993673,-3455.516862467,-3448.44958572
3997,1998.5,1.188045492,304.261676218,-3455.550073166,-3448.451091318
3998,1999.0,1.233950737,316.018134282,-3455.598321779,-3448.454801071
3999,1999.5,1.254775308,321.35136352,-3455.607720948,-3448.454318108
4000,2000.0,1.237060821,316.814635156,-3455.580395036,-3448.451657993
4001,2000.5,1.215143306,311.201499963,-3455.553627915,-3448.450350653
4002,2001.0,1.210376951,309.980823694,-3455.548578627,-3448.450624589
4003,2001.5,1.221559814,312.844785161,-3455.561344689,-3448.451310284
4004,2002.0,1.239576515,317.458911296,-3455.578850156,-3448.45240322
4005,2002.5,1.238856064,317.274401792,-3455.583963105,-3448.452918729
4006,2003.0,1.219088032,312.211755141,-3455.568365014,-3448.452692583
4007,2003.5,1.18995791,304.7514517,-3455.536846369,-3448.451641223
4008,2004.0,1.154159649,295.583419854,-3455.507073854,-3448.450273757
4009,2004.5,1.147854343,293.968613842,-3455.499619185,-3448.450099017
4010,2005.0,1.16950585,299.513623779,-3455.517978264,-3448.451174016
4011,2005.5,1.19865798,306.979563426,-3455.547305686,-3448.452421258
4012,2006.0,1.222406616,313.061653514,-3455.569190067,-3448.453380246
4013,2006.5,1.229034733,314.759132233,-3455.57417674,-3448.452035495
4014,2007.0,1.246691142,319.280986616,-3455.587042222,-3448.450522371
4015,2007.5,1.272053545,325.776366699,-3455.622571104,-3448.454839479
4016,2008.0,1.270462812,325.368975844,-3455.629565043,-3448.454374243
4017,2008.5,1.240378207,317.664226808,-3455.608256669,-3448.451853116
4018,2009.0,1.219431617,312.299748266,-3455.590676982,-3448.451833362
4019,2009.5,1.212223676,310.453774844,-3455.577608878,-3448.452406672
4020,2010.0,1.196770705,306.49622714,-3455.557691691,-3448.452351235
4021,2010.5,1.177723854,301.618276872,-3455.528796402,-3448.45172095
4022,2011.0,1.149573517,294.408899004,-3455.498375089,-3448.45099958
4023,2011.5,1.129705713,289.320700529,-3455.476874583,-3448.450464545
4024,2012.0,1.125334741,288.201282853,-3455.472423045,-3448.450257698
4025,2012.5,1.144152978,293.020684336,-3455.488267064,-3448.45042124
4026,2013.0,1.176588993,301.327635725,-3455.52196202,-3448.450859615
4027,2013.5,1.218783998,312.133891284,-3455.566630319,-3448.451496642
4028,2014.0,1.268481777,324.86162742,-3455.61207899,-3448.452464654
4029,2014.5,1.303962708,333.948390007,-3455.643681155,-3448.453942268
4030,2015.0,1.303119982,333.732565798,-3455.64250531,-3448.454768081
4031,2015.5,1.269738524,325.183483675,-3455.606968075,-3448.451853824
4032,2016.0,1.244778749,318.791217429,-3455.581830528,-3448.451127956
4033,2016.5,1.244122236,318.623082751,-3455.584637365,-3448.452258057
4034,2017.0,1.261331945,323.030535956,-3455.597584558,-3448.453473483
4035,2017.5,1.268533167,324.874788353,-3455.600295792,-3448.453412555
4036,2018.0,1.260118242,322.71970328,-3455.589979,-3448.451788253
4037,2018.5,1.252107144,320.668039254,-3455.583676104,-3448.451948786
4038,2019.0,1.250156672,320.168518245,-3455.57833898,-3448.452640109
4039,2019.5,1.236943299,316.78453743,-3455.56232724,-3448.452250803
4040,2020.0,1.200955214,307.567891309,-3455.538488654,-3448.451411792
4041,2020.5,1.186879343,303.963022388,-3455.517607148,-3448.450701484
4042,2021.0,1.1861799,303.783893116,-3455.509440745,-3448.450303015
4043,2021.5,1.19658548,306.448790397,-3455.519080144,-3448.450344357
4044,2022.0,1.229502633,314.878962604,-3455.544848487,-3448.450876692
4045,2022.5,1.26015928,322.730213275,-3455.577526021,-3448.451928734
4046,2023.0,1.279394191,327.656326298,-3455.600766844,-3448.453507931
4047,2023.5,1.268638365,324.901729905,-3455.593332254,-3448.45476506
4048,2024.0,1.222988124,313.210579275,-3455.547055175,-3448.451977897
4049,2024.5,1.192378623,305.371402903,-3455.514759743,-3448.446822334
4050,2025.0,1.235461128,316.404949502,-3455.561120972,-3448.451560078
4051,2025.5,1.301262946,333.256973702,-3455.627118647,-3448.454945279
4052,2026.0,1.338982106,342.916953063,-3455.652577692,-3448.45409619
4053,2026.5,1.328870826,340.327426847,-3455.63931165,-3448.452380105
4054,2027.0,1.295452156,331.768814606,-3455.609912581,-3448.45107898
4055,2027.5,1.269619399,325.152975407,-3455.583928297,-3448.450392163
4056,2028.0,1.261560929,323.089179261,-3455.572364449,-3448.450277708
4057,2028.5,1.262142689,323.238169751,-3455.577813797,-3448.450621936
4058,2029.0,1.276159583,326.827934251,-3455.595971692,-3448.451257336
4059,2029.5,1.301679309,333.363605526,-3455.618191757,-3448.451988779
4060,2030.0,1.311809284,335.957919501,-3455.634430623,-3448.452550042
4061,2030.5,1.311933376,335.989699859,-3455.638106507,-3448.452535931
4062,2031.0,1.304784427,334.158834547,-3455.631353768,-3448.452245562
4063,2031.5,1.293287702,331.21449214,-3455.619295426,-3448.452918267
4064,2032.0,1.271162277,325.548110616,-3455.59580925,-3448.453782773
4065,2032.5,1.234623661,316.190471799,-3455.555456819,-3448.452275212
4066,2033.0,1.205731358,308.791074754,-3455.527834848,-3448.44893026
4067,2033.5,1.230275497,315.076895346,-3455.555066493,-3448.451877494
4068,2034.0,1.269811364,325.202138286,-3455.596520304,-3448.454507376
4069,2034.5,1.276097745,326.812097466,-3455.604348805,-3448.453290868
4070,2035.0,1.261874677,323.169531024,-3455.585393153,-3448.452010094
4071,2035.5,1.229114597,314.779585707,-3455.556510554,-3448.451271978
4072,2036.0,1.2024064,307.939543887,-3455.528535137,-3448.450838112
4073,2036.5,1.181657747,302.625757424,-3455.508251711,-3448.450600431
4074,2037.0,1.17450324,300.793468869,-3455.499796275,-3448.450584985
4075,2037.5,1.177139995,301.468748957,-3455.504068999,-3448.450790747
4076,2038.0,1.189480379,304.629154872,-3455.518658157,-3448.451129548
4077,2038.5,1.206113596,308.888966784,-3455.539344591,-3448.451482609
4078,2039.0,1.221716045,312.884796455,-3455.561856248,-3448.451805464
4079,2039.5,1.243907103,318.567986583,-3455.582298978,-3448.452103723
4080,2040.0,1.259215462,322.488498951,-3455.597796201,-3448.452413166
4081,2040.5,1.267633161,324.644294586,-3455.606458376,-3448.452608913
4082,2041.0,1.264577738,323.861792315,-3455.608013027,-3448.453255499
4083,2041.5,1.257564967,322.065802743,-3455.597807261,-3448.452659183
4084,2042.0,1.247540666,319.498552024,-3455.589774533,-3448.450952672
4085,2042.5,1.251188716,320.43282757,-3455.598683254,-3448.453283042
4086,2043.0,1.247364234,319.453367192,-3455.593268443,-3448.452400521
4087,2043.5,1.233560119,315.918095828,-3455.575798265,-3448.450970906
4088,2044.0,1.218188037,311.981263839,-3455.563800129,-3448.450544924
4089,2044.5,1.211767266,310.336886963,-3455.563658422,-3448.450882543
4090,2045.0,1.226426638,314.091192103,-3455.570889476,-3448.451528486
4091,2045.5,1.242491549,318.205459392,-3455.576533845,-3448.451894567
4092,2046.0,1.242706409,318.260485594,-3455.576533858,-3448.451408732
4093,2046.5,1.243128435,318.368567586,-3455.578632606,-3448.450791311
4094,2047.0,1.258974366,322.426753441,-3455.59159072,-3448.451334494
4095,2047.5,1.274075414,326.294172952,-3455.609704921,-3448.452159913
4096,2048.0,1.278884908,327.525897382,-3455.622582817,-3448.452457373
4097,2048.5,1.280899884,328.041938315,-3455.626298302,-3448.452326002
4098,2049.0,1.278590854,327.450589348,-3455.624242516,-3448.451960866
4099,2049.5,1.264600788,323.867695491,-3455.619370003,-3448.453644816
4100,2050.0,1.233560732,315.918252992,-3455.591866105,-3448.453670344
4101,2050.5,1.193444074,305.644267915,-3455.548899438,-3448.449577426
4102,2051.0,1.183440272,303.082266947,-3455.539659264,-3448.451437795
4103,2051.5,1.179896321,302.174651578,-3455.543633151,-3448.452791399
4104,2052.0,1.178588015,301.839590803,-3455.534004691,-3448.45180962
4105,2052.5,1.155850243,296.016385639,-3455.518800441,-3448.451047196
4106,2053.0,1.142144719,292.506363626,-3455.508354325,-3448.450836196
4107,2053.5,1.135672966,290.848930302,-3455.506053877,-3448.450968664
4108,2054.0,1.142926387,292.706550957,-3455.510219629,-3448.451155478
4109,2054.5,1.142501553,292.597749959,-3455.518628173,-3448.45115412
4110,2055.0,1.155546117,295.938498103,-3455.532191963,-3448.451037224
4111,2055.5,1.17454114,300.803175,-3455.553441858,-3448.451198299
4112,2056.0,1.202591798,307.987024691,-3455.581190112,-3448.451799395
4113,2056.5,1.239166223,317.353834229,-3455.608189437,-3448.452425549
4114,2057.0,1.259865458,322.654964758,-3455.628515284,-3448.451860397
4115,2057.5,1.273130671,326.052221775,-3455.649323118,-3448.45238505
4116,2058.0,1.282852407,328.541984631,-3455.663037824,-3448.454236587
4117,2058.5,1.261619758,323.104245723,-3455.646226727,-3448.453892318
4118,2059.0,1.22536685,313.819777364,-3455.609901145,-3448.450058709
4119,2059.5,1.221229905,312.76029452,-3455.60666483,-3448.450794842
4120,2060.0,1.24093682,317.807289127,-3455.629159464,-3448.4536284
4121,2060.5,1.24431818,318.673264546,-3455.634530805,-3448.45304929
4122,2061.0,1.229910961,314.983536676,-3455.622277909,-3448.45209854
4123,2061.5,1.204299963,308.424490438,-3455.603855105,-3448.451693911
4124,2062.0,1.186560215,303.881292778,-3455.584808602,-3448.451601619
4125,2062.5,1.166754879,298.809092539,-3455.566658648,-3448.451488823
4126,2063.0,1.157769406,296.507888456,-3455.550942538,-3448.451444362
4127,2063.5,1.139820245,291.911059766,-3455.538326982,-3448.451565853
4128,2064.0,1.129549045,289.280577383,-3455.527378661,-3448.451900283
4129,2064.5,1.117319437,286.148541743,-3455.513427539,-3448.452334668
4130,2065.0,1.100837341,281.927432204,-3455.493442491,-3448.451262308
4131,2065.5,1.084411753,277.720794338,-3455.483579775,-3448.450167439
4132,2066.0,1.097425249,281.05358593,-3455.497282964,-3448.451533931
4133,2066.5,1.118850334,286.540608614,-3455.516467828,-3448.452769517
4134,2067.0,1.111940694,284.771031001,-3455.521528887,-3448.453305207
4135,2067.5,1.101608592,282.124951585,-3455.509752162,-3448.451359004
4136,2068.0,1.103251801,282.545781776,-3455.514138716,-3448.449750718
4137,2068.5,1.141094505,292.237401021,-3455.553021564,-3448.453144218
4138,2069.0,1.175246932,300.983930427,-3455.583132977,-3448.453493892
4139,2069.5,1.189601724,304.660231588,-3455.591185006,-3448.452311826
4140,2070.0,1.186148757,303.775917411,-3455.591921548,-3448.451397155
4141,2070.5,1.189130535,304.539558818,-3455.599494496,-3448.451183839
4142,2071.0,1.206569117,309.005626891,-3455.618080148,-3448.451717079
4143,2071.5,1.23821864,317.111155724,-3455.641378242,-3448.452315363
4144,2072.0,1.250262615,320.195650413,-3455.660154629,-3448.45295748
4145,2072.5,1.255880507,321.634407753,-3455.664399154,-3448.453546926
4146,2073.0,1.238435413,317.166671851,-3455.647879266,-3448.452422579
4147,2073.5,1.21828201,312.005330698,-3455.628117877,-3448.450498611
4148,2074.0,1.213149639,310.690916452,-3455.629693556,-3448.451414653
4149,2074.5,1.217261352,311.743937338,-3455.641571988,-3448.452679688
4150,2075.0,1.214269766,310.977784109,-3455.644163865,-3448.452887976
4151,2075.5,1.201170906,307.623130615,-3455.632094795,-3448.453130398
4152,2076.0,1.171321449,299.978603453,-3455.603603285,-3448.452905318
4153,2076.5,1.141996895,292.468505515,-3455.569012781,-3448.450152547
4154,2077.0,1.13798339,291.440635998,-3455.566767414,-3448.450601258
4155,2077.5,1.158057971,296.581790847,-3455.591875262,-3448.453421142
4156,2078.0,1.165637835,298.523014552,-3455.605222698,-3448.453170953
4157,2078.5,1.163715301,298.030648278,-3455.604081118,-3448.452363299
4158,2079.0,1.160131733,297.112886825,-3455.598728919,-3448.451977739
4159,2079.5,1.166339796,298.702788665,-3455.595368703,-3448.451678567
4160,2080.0,1.168336868,299.214244216,-3455.597287709,-3448.452025722
4161,2080.5,1.170055809,299.654469638,-3455.598758072,-3448.452811391
4162,2081.0,1.161606274,297.490520929,-3455.589782346,-3448.452406044
4163,2081.5,1.151627275,294.93487209,-3455.577866424,-3448.450641936
4164,2082.0,1.171035472,299.905364036,-3455.585612581,-3448.450891186
4165,2082.5,1.192429919,305.384540056,-3455.609262303,-3448.452233711
4166,2083.0,1.202468261,307.955386586,-3455.628241041,-3448.452427621
4167,2083.5,1.206863366,309.080985033,-3455.636444977,-3448.452435042
4168,2084.0,1.191436135,305.130029119,-3455.633111107,-3448.452894564
4169,2084.5,1.167977256,299.122146676,-3455.613729014,-3448.453462248
4170,2085.0,1.133265238,290.232304662,-3455.575864978,-3448.452682447
4171,2085.5,1.101185171,282.016512285,-3455.540038375,-3448.449290655
4172,2086.0,1.11883729,286.537267964,-3455.553958561,-3448.450327866
4173,2086.5,1.164080546,298.12418855,-3455.60351694,-3448.454291404
4174,2087.0,1.200396251,307.42473918,-3455.631303182,-3448.454129027
4175,2087.5,1.198911194,307.044412191,-3455.62995619,-3448.452423863
4176,2088.0,1.189389989,304.606005629,-3455.619024375,-3448.451740937
4177,2088.5,1.181017136,302.461695164,-3455.607445817,-3448.452019938
4178,2089.0,1.157026744,296.317690764,-3455.591969465,-3448.451982268
4179,2089.5,1.138984449,291.697010071,-3455.575642305,-3448.450806769
4180,2090.0,1.137768489,291.385599323,-3455.574764742,-3448.45082511
4181,2090.5,1.151673059,294.946597483,-3455.58823417,-3448.452164573
4182,2091.0,1.161473291,297.456463501,-3455.596937599,-3448.452123903
4183,2091.5,1.158442212,296.680196048,-3455.597807501,-3448.451498428
4184,2092.0,1.159529256,296.958590781,-3455.598089998,-3448.451226311
4185,2092.5,1.159697757,297.001744388,-3455.601865482,-3448.451468226
4186,2093.0,1.166930526,298.854076344,-3455.60622298,-3448.452153888
4187,2093.5,1.155727834,295.985036284,-3455.60279789,-3448.452934057
4188,2094.0,1.134374546,290.516401341,-3455.586266452,-3448.451818888
4189,2094.5,1.134073697,290.439352973,-3455.580315571,-3448.449591964
4190,2095.0,1.156416367,296.161371587,-3455.611011228,-3448.452503988
4191,2095.5,1.190683454,304.937265525,-3455.642044302,-3448.453304072
4192,2096.0,1.198641715,306.975397934,-3455.651889872,-3448.45294898
4193,2096.5,1.181413244,302.563139533,-3455.641099525,-3448.452803964
4194,2097.0,1.156757495,296.248735264,-3455.611594804,-3448.452272489
4195,2097.5,1.125567511,288.260895771,-3455.573462811,-3448.450594882
4196,2098.0,1.104291157,282.811963716,-3455.552098506,-3448.449759246
4197,2098.5,1.11938805,286.678319062,-3455.55846057,-3448.451329101
4198,2099.0,1.142088948,292.492080519,-3455.571493792,-3448.452215235
4199,2099.5,1.143872182,292.948771637,-3455.575890719,-3448.451982862
4200,2100.0,1.147107206,293.77727013,-3455.574614667,-3448.451091251
4201,2100.5,1.148726211,294.191901642,-3455.581038905,-3448.450404343
4202,2101.0,1.172328343,300.236471722,-3455.604967683,-3448.450987734
4203,2101.5,1.206130966,308.893415465,-3455.638284663,-3448.452417394
4204,2102.0,1.228823288,314.704980515,-3455.659659515,-3448.453916403
4205,2102.5,1.221153782,312.740799431,-3455.649548601,-3448.453366861
4206,2103.0,1.208930569,309.610401332,-3455.623763136,-3448.449320562
4207,2103.5,1.210613254,310.041341518,-3455.633335869,-3448.450916531
4208,2104.0,1.224131817,313.50348225,-3455.659447491,-3448.453319903
4209,2104.5,1.225572414,313.872422889,-3455.661926732,-3448.453077964
4210,2105.0,1.205948481,308.846680492,-3455.636992973,-3448.452351938
4211,2105.5,1.156234427,296.114776266,-3455.59567422,-3448.450894402
4212,2106.0,1.12305147,287.616530807,-3455.56104847,-3448.449597913
4213,2106.5,1.110860736,284.494450859,-3455.550241975,-3448.450726403
4214,2107.0,1.109289898,284.09215486,-3455.549353545,-3448.451507972
4215,2107.5,1.098075268,281.220057656,-3455.545164513,-3448.451240303
4216,2108.0,1.095747879,280.624006953,-3455.539525939,-3448.450881718
4217,2108.5,1.089104706,278.922672482,-3455.537824575,-3448.450664874
4218,2109.0,1.090808126,279.358922768,-3455.544089448,-3448.450597274
4219,2109.5,1.110045879,284.285763552,-3455.559829914,-3448.450988691
4220,2110.0,1.130343967,289.484159122,-3455.57998796,-3448.451829823
4221,2110.5,1.149901514,294.492899983,-3455.593668266,-3448.452562245
4222,2111.0,1.153097553,295.311414254,-3455.592447123,-3448.45275901
4223,2111.5,1.145954276,293.482001654,-3455.579974535,-3448.450969874
4224,2112.0,1.153368729,295.380863118,-3455.583825895,-3448.45161582
4225,2112.5,1.162611364,297.747927084,-3455.594887442,-3448.454680412
4226,2113.0,1.141944519,292.455091876,-3455.574215619,-3448.452894002
4227,2113.5,1.11348886,285.16752037,-3455.541776199,-3448.450058945
4228,2114.0,1.112375426,284.882366943,-3455.537284613,-3448.449471171
4229,2114.5,1.146925161,293.730647797,-3455.568064312,-3448.451448126
4230,2115.0,1.173419745,300.5159827,-3455.604542415,-3448.452661787
4231,2115.5,1.20419277,308.397038004,-3455.62392151,-3448.452288404
4232,2116.0,1.205930496,308.842074372,-3455.626671209,-3448.451575717
4233,2116.5,1.19939821,307.169138153,-3455.621941457,-3448.450956818
4234,2117.0,1.192018326,305.27913,-3455.618919047,-3448.450659878
4235,2117.5,1.19659783,306.451953355,-3455.62204592,-3448.450902606
4236,2118.0,1.209282103,309.70043005,-3455.628432818,-3448.451189226
4237,2118.5,1.218271173,312.002555313,-3455.634472468,-3448.451045429
4238,2119.0,1.227636598,314.401066195,-3455.641865283,-3448.451271986
4239,2119.5,1.230663694,315.176313577,-3455.647290137,-3448.452488495
4240,2120.0,1.223939742,313.454291172,-3455.637589106,-3448.45220729
4241,2120.5,1.215693507,311.342408025,-3455.624467363,-3448.449339571
4242,2121.0,1.227636639,314.401076646,-3455.642194738,-3448.452045383
4243,2121.5,1.24461754,318.749931561,-3455.659815853,-3448.453323412
4244,2122.0,1.241669519,317.99493534,-3455.655436874,-3448.451155708
4245,2122.5,1.236183768,316.59001945,-3455.653008313,-3448.450853679
4246,2123.0,1.236962927,316.789564301,-3455.657122186,-3448.451738297
4247,2123.5,1.238762998,317.250567449,-3455.655010793,-3448.451661151
4248,2124.0,1.224848822,313.68710902,-3455.645279706,-3448.451277656
4249,2124.5,1.218178847,311.978910504,-3455.633443211,-3448.451099153
4250,2125.0,1.20575436,308.796965514,-3455.622855091,-3448.451474454
4251,2125.5,1.189551446,304.647355279,-3455.609990215,-3448.452063631
4252,2126.0,1.176086585,301.198967732,-3455.590130347,-3448.451488296
4253,2126.5,1.151839877,294.989320068,-3455.574447883,-3448.449883206
4254,2127.0,1.15914472,296.86011014,-3455.585951127,-3448.449877523
4255,2127.5,1.189767916,304.702793806,-3455.62421976,-3448.451920043
4256,2128.0,1.227717245,314.421720024,-3455.660009966,-3448.453734442
4257,2128.5,1.225458115,313.843150788,-3455.665708025,-3448.454335666
4258,2129.0,1.200628247,307.484154168,-3455.637807472,-3448.451745892
4259,2129.5,1.171533752,300.032974844,-3455.615533481,-3448.450587005
4260,2130.0,1.166166125,298.658311147,-3455.616253877,-3448.452291189
4261,2130.5,1.17107451,299.91536168,-3455.617804512,-3448.452099276
4262,2131.0,1.164262303,298.170737149,-3455.614025817,-3448.452336614
4263,2131.5,1.156085875,296.076731769,-3455.598921338,-3448.451691832
4264,2132.0,1.140531402,292.093188827,-3455.577953878,-3448.450771686
4265,2132.5,1.127099505,288.653243668,-3455.562501287,-3448.450370029
4266,2133.0,1.12422959,287.91825056,-3455.557533135,-3448.450732347
4267,2133.5,1.118969439,286.571111492,-3455.557761653,-3448.451196613
4268,2134.0,1.113243706,285.104735722,-3455.557067155,-3448.450994417
4269,2134.5,1.114763244,285.493893732,-3455.559002604,-3448.450361643
4270,2135.0,1.134014964,290.424311392,-3455.572208269,-3448.450366604
4271,2135.5,1.167805741,299.078221256,-3455.596680855,-3448.450967383
4272,2136.0,1.195157953,306.083196814,-3455.62401084,-3448.451518904
4273,2136.5,1.20722541,309.173705432,-3455.645491039,-3448.452379986
4274,2137.0,1.221998387,312.957105026,-3455.649455028,-3448.453664216
4275,2137.5,1.197459657,306.672669575,-3455.623446096,-3448.452853766
4276,2138.0,1.177656969,301.601147513,-3455.590685191,-3448.448530152
4277,2138.5,1.190550085,304.903109386,-3455.607636625,-3448.450656804
4278,2139.0,1.224509519,313.600212625,-3455.649870941,-3448.453971339
4279,2139.5,1.234602903,316.18515582,-3455.665573948,-3448.454154516
4280,2140.0,1.213588467,310.803301497,-3455.644999053,-3448.453250338
4281,2140.5,1.172765389,300.348400457,-3455.600745703,-3448.451914257
4282,2141.0,1.128819015,289.093614825,-3455.554608685,-3448.450334912
4283,2141.5,1.103538055,282.619092222,-3455.529265121,-3448.450115641
4284,2142.0,1.101098566,281.994332485,-3455.528369911,-3448.451013497
4285,2142.5,1.110105799,284.301109286,-3455.539167829,-3448.451171964
4286,2143.0,1.126259086,288.438010043,-3455.55499694,-3448.451193772
4287,2143.5,1.145270213,293.306811155,-3455.572129349,-3448.451268786
4288,2144.0,1.156040842,296.065198547,-3455.586895911,-3448.451211857
4289,2144.5,1.166418517,298.722949426,-3455.598142604,-3448.451344741
4290,2145.0,1.172541687,300.291109726,-3455.603062049,-3448.451982696
4291,2145.5,1.160858879,297.299110857,-3455.593434046,-3448.452921854
4292,2146.0,1.122084645,287.368924434,-3455.561111914,-3448.452505913
4293,2146.5,1.08616508,278.169826134,-3455.52144869,-3448.449218514
4294,2147.0,1.089214977,278.950912974,-3455.523491246,-3448.449136459
4295,2147.5,1.125233463,288.175345122,-3455.566544847,-3448.453068174
4296,2148.0,1.146775776,293.692390056,-3455.596022494,-3448.452826355
4297,2148.5,1.159952444,297.066970594,-3455.603537657,-3448.451709703
4298,2149.0,1.153571223,295.432722509,-3455.6010866,-3448.451298824
4299,2149.5,1.138387037,291.54401118,-3455.595003279,-3448.450893442
4300,2150.0,1.136959674,291.178459531,-3455.59185568,-3448.450205981
4301,2150.5,1.149880542,294.487528941,-3455.601225782,-3448.450104025
4302,2151.0,1.171000719,299.896463637,-3455.624274004,-3448.450814458
4303,2151.5,1.201570543,307.725478508,-3455.650724395,-3448.451382652
4304,2152.0,1.219423604,312.297696005,-3455.671447165,-3448.451659932
4305,2152.5,1.229871994,314.973557137,-3455.682015442,-3448.451877161
4306,2153.0,1.228749504,314.686084391,-3455.680304446,-3448.451891986
4307,2153.5,1.209695897,309.806403736,-3455.667661953,-3448.451539503
4308,2154.0,1.186871461,303.9610038,-3455.651666559,-3448.451043615
4309,2154.5,1.175806925,301.127346065,-3455.642882157,-3448.451280108
4310,2155.0,1.167036306,298.881166739,-3455.641784292,-3448.452149008
4311,2155.5,1.179933263,302.184112549,-3455.645935677,-3448.450249981
4312,2156.0,1.206055066,308.873977031,-3455.673263686,-3448.452464957
4313,2156.5,1.226164926,314.024166837,-3455.693511048,-3448.453839383
4314,2157.0,1.215081845,311.185759823,-3455.679203587,-3448.452848295
4315,2157.5,1.176140431,301.212757806,-3455.639779477,-3448.451321928
4316,2158.0,1.142287764,292.542997944,-3455.597148766,-3448.450000894
4317,2158.5,1.1181653,286.36516943,-3455.570040622,-3448.449798714
4318,2159.0,1.120273755,286.905150422,-3455.561821718,-3448.450212308
4319,2159.5,1.114764436,285.494198881,-3455.566246019,-3448.450486401
4320,2160.0,1.134868183,290.642823172,-3455.578226482,-3448.450664688
4321,2160.5,1.14985699,294.48149721,-3455.594362776,-3448.450894337
4322,2161.0,1.16980388,299.58995004,-3455.610771689,-3448.451290074
4323,2161.5,1.169918998,299.619432037,-3455.621708061,-3448.451860417
4324,2162.0,1.170650333,299.806728964,-3455.620732406,-3448.451918607
4325,2162.5,1.163871236,298.070583626,-3455.610359929,-3448.45107194
4326,2163.0,1.166218086,298.671618332,-3455.602497173,-3448.451837007
4327,2163.5,1.16095165,297.322869844,-3455.589342807,-3448.452538315
4328,2164.0,1.14206914,292.487007763,-3455.56857188,-3448.449335334
4329,2164.5,1.157673668,296.483369699,-3455.582174512,-3448.449860133
4330,2165.0,1.195003759,306.043707444,-3455.622850743,-3448.45293226
4331,2165.5,1.217406631,311.781143672,-3455.645541044,-3448.452343132
4332,2166.0,1.218532861,312.069574409,-3455.650302078,-3448.451438263
4333,2166.5,1.218250625,311.997292821,-3455.647917412,-3448.451517916
4334,2167.0,1.215996798,311.420081603,-3455.638061304,-3448.451370152
4335,2167.5,1.194760902,305.981510961,-3455.622819025,-3448.450536294
4336,2168.0,1.185972949,303.730892522,-3455.613231354,-3448.449980634
4337,2168.5,1.187499967,304.121965897,-3455.616753059,-3448.450362373
4338,2169.0,1.196962823,306.545428925,-3455.628264338,-3448.451153336
4339,2169.5,1.20661077,309.016294364,-3455.636361577,-3448.451794553
4340,2170.0,1.194576632,305.934318934,-3455.632747555,-3448.451720365
4341,2170.5,1.190092925,304.786029569,-3455.621622073,-3448.450348293
4342,2171.0,1.18673982,303.92729007,-3455.622950907,-3448.450119298
4343,2171.5,1.205327809,308.687724646,-3455.639555175,-3448.45207012
4344,2172.0,1.209535025,309.765203978,-3455.644825089,-3448.4535544
4345,2172.5,1.186260885,303.804633734,-3455.620174339,-3448.452168654
4346,2173.0,1.171401261,299.99904348,-3455.591336162,-3448.449008122
4347,2173.5,1.182871921,302.936710694,-3455.59658085,-3448.45128
4348,2174.0,1.191708053,305.199668226,-3455.608823127,-3448.451995629
4349,2174.5,1.190972971,305.01141165,-3455.608833359,-3448.451408743
4350,2175.0,1.185205712,303.534401066,-3455.600206723,-3448.450683471
4351,2175.5,1.181402711,302.560442209,-3455.591171622,-3448.450116526
4352,2176.0,1.184793031,303.428712149,-3455.589022919,-3448.449910467
4353,2176.5,1.195293964,306.11802983,-3455.596881792,-3448.450067637
4354,2177.0,1.215795588,311.36855116,-3455.612599525,-3448.450628315
4355,2177.5,1.22236286,313.050447384,-3455.628265067,-3448.451584507
4356,2178.0,1.231836198,315.476595115,-3455.631193661,-3448.452301844
4357,2178.5,1.221241581,312.763284935,-3455.615556525,-3448.451232478
4358,2179.0,1.200825327,307.534626664,-3455.60093804,-3448.449465986
4359,2179.5,1.212197968,310.44719092,-3455.613148154,-3448.449952126
4360,2180.0,1.237916373,317.033744335,-3455.646501975,-3448.451670591
4361,2180.5,1.265430667,324.080229872,-3455.67417803,-3448.453502215
4362,2181.0,1.264160812,323.755016373,-3455.669943163,-3448.453381309
4363,2181.5,1.239431537,317.421781928,-3455.641263171,-3448.449416732
4364,2182.0,1.240062757,317.583439021,-3455.642052117,-3448.449331841
4365,2182.5,1.275903793,326.762425672,-3455.67264129,-3448.452470823
4366,2183.0,1.28616928,329.391444971,-3455.686075796,-3448.452122577
4367,2183.5,1.278883536,327.52554593,-3455.676792121,-3448.451103511
4368,2184.0,1.258432906,322.288084118,-3455.656686099,-3448.450562407
4369,2184.5,1.234519352,316.163758192,-3455.633831402,-3448.450409302
4370,2185.0,1.21360044,310.80636791,-3455.610972773,-3448.450518471
4371,2185.5,1.194096866,305.811449709,-3455.586920371,-3448.450749066
4372,2186.0,1.173357158,300.499954032,-3455.559642759,-3448.450640595
4373,2186.5,1.152312577,295.11037982,-3455.533803641,-3448.449285864
4374,2187.0,1.155073536,295.817468817,-3455.531801041,-3448.447984413
4375,2187.5,1.186875769,303.962107225,-3455.570025366,-3448.449948257
4376,2188.0,1.235419058,316.394175278,-3455.621700001,-3448.451987609
4377,2188.5,1.272440693,325.875516452,-3455.654851751,-3448.452346445
4378,2189.0,1.282470444,328.444162914,-3455.66174325,-3448.451936416
4379,2189.5,1.268726412,324.924279131,-3455.648071775,-3448.451958076
4380,2190.0,1.230803554,315.212132207,-3455.618760175,-3448.451085274
4381,2190.5,1.21139101,310.240526942,-3455.595903465,-3448.448399993
4382,2191.0,1.227042684,314.248963088,-3455.611251352,-3448.451371871
4383,2191.5,1.247134615,319.394561141,-3455.628321946,-3448.452887593
4384,2192.0,1.238982054,317.306668093,-3455.618437082,-3448.451871984
4385,2192.5,1.211889499,310.368191237,-3455.592114251,-3448.450603501
4386,2193.0,1.185805536,303.688017488,-3455.567911331,-3448.449880017
4387,2193.5,1.180111325,302.229714631,-3455.556782933,-3448.45019493
4388,2194.0,1.188078828,304.270213706,-3455.555298452,-3448.450985903
4389,2194.5,1.17929382,302.020349423,-3455.554756667,-3448.450642117
4390,2195.0,1.186631566,303.89956618,-3455.562580996,-3448.449393585
4391,2195.5,1.206734634,309.048016228,-3455.593998688,-3448.450555543
4392,2196.0,1.243448215,318.450464229,-3455.633014811,-3448.451962256
4393,2196.5,1.27021519,325.305559238,-3455.657578245,-3448.451633442
4394,2197.0,1.282852459,328.541998039,-3455.669252118,-3448.450885818
4395,2197.5,1.280489563,327.936854049,-3455.677133882,-3448.451231158
4396,2198.0,1.277443731,327.156808184,-3455.676917769,-3448.452339684
4397,2198.5,1.247512341,319.491297883,-3455.6550749,-3448.452678746
4398,2199.0,1.210204265,309.936598168,-3455.61340485,-3448.449991454
4399,2199.5,1.193763393,305.726046232,-3455.595067445,-3448.447889708
4400,2200.0,1.215401085,311.267517991,-3455.625219501,-3448.451315852
4401,2200.5,1.247945348,319.602192084,-3455.658887806,-3448.452386476
4402,2201.0,1.255399646,321.511258138,-3455.671698062,-3448.452096992
4403,2201.5,1.256830692,321.877752762,-3455.663937507,-3448.451750999
4404,2202.0,1.230574737,315.153531387,-3455.640541779,-3448.451331936
4405,2202.5,1.199272037,307.136824953,-3455.609605411,-3448.450443989
4406,2203.0,1.181206043,302.510074781,-3455.587441346,-3448.449119015
4407,2203.5,1.184828744,303.437858541,-3455.592663393,-3448.44995965
4408,2204.0,1.209799185,309.832856127,-3455.613919389,-3448.451688494
4409,2204.5,1.21794329,311.918583592,-3455.62635688,-3448.451587886
4410,2205.0,1.219872518,312.412664186,-3455.628299729,-3448.451044577
4411,2205.5,1.216109273,311.448886771,-3455.627017188,-3448.451097186
4412,2206.0,1.210143647,309.921073758,-3455.624188767,-3448.450846754
4413,2206.5,1.209347608,309.717206042,-3455.623931793,-3448.450869954
4414,2207.0,1.210220855,309.940846989,-3455.625346615,-3448.452225073
4415,2207.5,1.200871729,307.546510348,-3455.612518186,-3448.452590586
4416,2208.0,1.177696468,301.611263218,-3455.588178962,-3448.449286749
4417,2208.5,1.183712052,303.151870659,-3455.594931497,-3448.450077501
4418,2209.0,1.212233033,310.456171296,-3455.623866556,-3448.452328389
4419,2209.5,1.216082172,311.441946176,-3455.639410425,-3448.452141532
4420,2210.0,1.214329482,310.993077581,-3455.638063601,-3448.45188997
4421,2210.5,1.202089075,307.858276039,-3455.623057861,-3448.451719539
4422,2211.0,1.179115134,301.974587392,-3455.599542264,-3448.450617451
4423,2211.5,1.156109287,296.082727495,-3455.583644405,-3448.450430117
4424,2212.0,1.146064926,293.510339518,-3455.578302602,-3448.451358753
4425,2212.5,1.14333761,292.811866431,-3455.571763956,-3448.450748565
4426,2213.0,1.136940028,291.173428235,-3455.569679016,-3448.450058008
4427,2213.5,1.137319201,291.270535531,-3455.580651646,-3448.4502984
4428,2214.0,1.159669446,296.994493934,-3455.601640525,-3448.450577267
4429,2214.5,1.184444654,303.339491946,-3455.627944209,-3448.450677146
4430,2215.0,1.211313411,310.220653568,-3455.657003645,-3448.451074003
4431,2215.5,1.231677623,315.435983482,-3455.682640045,-3448.452118182
4432,2216.0,1.238361268,317.147683093,-3455.691205461,-3448.453179656
4433,2216.5,1.222433162,313.068451922,-3455.674893085,-3448.45149138
4434,2217.0,1.219734818,312.377398831,-3455.663373975,-3448.449901878
4435,2217.5,1.224138349,313.505154917,-3455.676518083,-3448.452658771
4436,2218.0,1.220572673,312.591975781,-3455.680801688,-3448.452605323
4437,2218.5,1.213616804,310.810558749,-3455.670200697,-3448.45172941
4438,2219.0,1.207018631,309.120748679,-3455.65766053,-3448.450813084
4439,2219.5,1.206482563,308.983460281,-3455.657047504,-3448.451120978
4440,2220.0,1.20464592,308.513091119,-3455.663303305,-3448.452601959
4441,2220.5,1.198387413,306.910270324,-3455.656097344,-3448.45225369
4442,2221.0,1.18327165,303.039082479,-3455.636063763,-3448.451402695
4443,2221.5,1.168701371,299.307594425,-3455.613053833,-3448.451040945
4444,2222.0,1.144692762,293.158924473,-3455.591424979,-3448.450676954
4445,2222.5,1.120651991,287.00201767,-3455.575204054,-3448.450333728
4446,2223.0,1.109686686,284.193773357,-3455.56820501,-3448.450290601
4447,2223.5,1.117150086,286.105170358,-3455.570181063,-3448.450692997
4448,2224.0,1.125280191,288.187312304,-3455.575066884,-3448.451553939
4449,2224.5,1.120207481,286.888177496,-3455.571049138,-3448.452494642
4450,2225.0,1.101400069,282.071548161,-3455.54994132,-3448.451230396
4451,2225.5,1.089903047,279.127129733,-3455.538014849,-3448.448367787
4452,2226.0,1.123511235,287.734277911,-3455.570273188,-3448.45179891
4453,2226.5,1.154531331,295.678608691,-3455.605995069,-3448.453377617
4454,2227.0,1.154934736,295.781921911,-3455.617938306,-3448.451729786
4455,2227.5,1.162794008,297.794702734,-3455.626815228,-3448.450682234
4456,2228.0,1.181708495,302.638754178,-3455.64655238,-3448.451839786
4457,2228.5,1.190628389,304.923163178,-3455.663206499,-3448.452071579
4458,2229.0,1.197147414,306.592703321,-3455.67046051,-3448.451857221
4459,2229.5,1.190585933,304.912290273,-3455.669776395,-3448.451780956
4460,2230.0,1.187132249,304.027792419,-3455.66214533,-3448.451504048
4461,2230.5,1.174454109,300.780886226,-3455.650989933,-3448.451221775
4462,2231.0,1.15901631,296.827224077,-3455.640380869,-3448.451083913
4463,2231.5,1.148933182,294.244907591,-3455.633002424,-3448.451035412
4464,2232.0,1.150080303,294.538688334,-3455.630113526,-3448.451146864
4465,2232.5,1.152914498,295.264533457,-3455.630394941,-3448.4517235
4466,2233.0,1.152224346,295.087783712,-3455.626326177,-3448.452662905
4467,2233.5,1.140365365,292.050666424,-3455.608484756,-3448.45221449
4468,2234.0,1.121365714,287.184804076,-3455.591153171,-3448.449766839
4469,2234.5,1.128665222,289.054228001,-3455.603536967,-3448.452597711
4470,2235.0,1.144496141,293.10856941,-3455.613372028,-3448.453199271
4471,2235.5,1.143146719,292.762978594,-3455.606948568,-3448.451002014
4472,2236.0,1.147742754,293.940035808,-3455.608248285,-3448.450811546
4473,2236.5,1.1636913,298.024501635,-3455.620499054,-3448.450978899
4474,2237.0,1.181176263,302.502448114,-3455.637730127,-3448.45136644
4475,2237.5,1.190523931,304.896411419,-3455.651714746,-3448.451740286
4476,2238.0,1.202489572,307.960844336,-3455.655372975,-3448.451646979
4477,2238.5,1.196979154,306.549611448,-3455.647750558,-3448.451303795
4478,2239.0,1.183318839,303.051167661,-3455.632931156,-3448.450819566
4479,2239.5,1.165494943,298.486419629,-3455.617953574,-3448.45030364
4480,2240.0,1.156391677,296.155048327,-3455.610515724,-3448.450031752
4481,2240.5,1.169012392,299.387247802,-3455.61510097,-3448.450135184
4482,2241.0,1.177079034,301.453136778,-3455.630628479,-3448.450846696
4483,2241.5,1.194451187,305.902192206,-3455.647084016,-3448.452431045
4484,2242.0,1.189838709,304.720924004,-3455.644457656,-3448.453313011
4485,2242.5,1.170709757,299.821947607,-3455.619386158,-3448.450593713
4486,2243.0,1.155725013,295.984314035,-3455.609980826,-3448.450950737
4487,2243.5,1.158253002,296.63173886,-3455.617787298,-3448.451810983
4488,2244.0,1.166668998,298.787098302,-3455.626081245,-3448.451790683
4489,2244.5,1.16264846,297.757427448,-3455.629955886,-3448.451688078
4490,2245.0,1.162207222,297.644425198,-3455.627035958,-3448.451243585
4491,2245.5,1.155491303,295.924460193,-3455.620352269,-3448.450798391
4492,2246.0,1.154498944,295.670314386,-3455.613993561,-3448.450583582
4493,2246.5,1.145962227,293.484037844,-3455.609664134,-3448.450534562
4494,2247.0,1.147043621,293.760985844,-3455.607519911,-3448.450532217
4495,2247.5,1.14414661,293.019053411,-3455.607689067,-3448.450560586
4496,2248.0,1.1484118,294.11138024,-3455.610546692,-3448.450531721
4497,2248.5,1.148836376,294.220115216,-3455.617950392,-3448.450345719
4498,2249.0,1.17019552,299.69025006,-3455.633556774,-3448.450401965
4499,2249.5,1.189304886,304.584210438,-3455.656718755,-3448.451315669
4500,2250.0,1.209882033,309.854073733,-3455.674828501,-3448.452961223
4501,2250.5,1.199673444,307.239626317,-3455.666671722,-3448.453929057
4502,2251.0,1.165974981,298.609358427,-3455.628352272,-3448.450609207
4503,2251.5,1.155684092,295.973834003,-3455.613369962,-3448.448253425
4504,2252.0,1.194739016,305.975906123,-3455.65315178,-3448.45181973
4505,2252.5,1.232295237,315.594156292,-3455.698611156,-3448.453499098
4506,2253.0,1.251519503,320.517542932,-3455.715543035,-3448.453206416
4507,2253.5,1.233375848,315.870903537,-3455.701966311,-3448.452224753
4508,2254.0,1.205749805,308.795798873,-3455.669317981,-3448.451378088
4509,2254.5,1.171090676,299.919502034,-3455.629018448,-3448.450985598
4510,2255.0,1.142160032,292.510285421,-3455.586876253,-3448.450826955
4511,2255.5,1.100093735,281.736992473,-3455.545426898,-3448.45046138
4512,2256.0,1.069516717,273.90613523,-3455.510566079,-3448.449778467
4513,2256.5,1.049831273,268.86463963,-3455.492704134,-3448.449182233
4514,2257.0,1.051053589,269.177677954,-3455.500551677,-3448.449341518
4515,2257.5,1.072729748,274.729001214,-3455.531767327,-3448.450281562
4516,2258.0,1.10988015,284.243320063,-3455.572390287,-3448.45158375
4517,2258.5,1.135183404,290.723552002,-3455.602620589,-3448.453097151
4518,2259.0,1.132076357,289.92782892,-3455.602916692,-3448.453732987
4519,2259.5,1.102600045,282.378865357,-3455.573422235,-3448.450739446
4520,2260.0,1.094603747,280.330991624,-3455.564971887,-3448.447881561
4521,2260.5,1.138209117,291.498445436,-3455.612884315,-3448.452380402
4522,2261.0,1.181081083,302.478072405,-3455.658796708,-3448.45404623
4523,2261.5,1.181853824,302.675973303,-3455.667959586,-3448.452789394
4524,2262.0,1.164474217,298.225008908,-3455.652371864,-3448.451410223
4525,2262.5,1.138564924,291.589568477,-3455.631105411,-3448.450530548
4526,2263.0,1.123204897,287.65582383,-3455.617197115,-3448.450231033
4527,2263.5,1.117915921,286.301302737,-3455.615527049,-3448.45039811
4528,2264.0,1.131059472,289.667401915,-3455.62389751,-3448.450649323
4529,2264.5,1.151687635,294.950330347,-3455.638477854,-3448.45078339
4530,2265.0,1.170735892,299.828640751,-3455.655774279,-3448.451024962
4531,2265.5,1.179857084,302.164602839,-3455.671302845,-3448.451302202
4532,2266.0,1.194600271,305.940373074,-3455.680485952,-3448.451624874
4533,2266.5,1.186745565,303.928761473,-3455.678204011,-3448.452185849
4534,2267.0,1.168164718,299.17015625,-3455.658001966,-3448.452338725
4535,2267.5,1.136204298,290.985005726,-3455.622809687,-3448.451202565
4536,2268.0,1.110360537,284.366348388,-3455.5925637,-3448.450579075
4537,2268.5,1.09599505,280.687308097,-3455.583903363,-3448.449387477
4538,2269.0,1.126222194,288.428561929,-3455.611761598,-3448.451171335
4539,2269.5,1.157641042,296.475014175,-3455.649139715,-3448.453371244
4540,2270.0,1.172868474,300.374800834,-3455.658838495,-3448.452761146
4541,2270.5,1.158669802,296.738482359,-3455.642090818,-3448.451938476
4542,2271.0,1.128474768,289.005452227,-3455.609527462,-3448.451348611
4543,2271.5,1.094830506,280.389065382,-3455.57083163,-3448.450681667
4544,2272.0,1.060154069,271.508335545,-3455.537261725,-3448.45004834
4545,2272.5,1.043251576,267.179561195,-3455.518703307,-3448.450021305
4546,2273.0,1.034847153,265.027165828,-3455.516213557,-3448.450446799
4547,2273.5,1.048425551,268.504630254,-3455.52397895,-3448.450693777
4548,2274.0,1.061739321,271.914322892,-3455.537891518,-3448.4509244
4549,2274.5,1.08391098,277.592544951,-3455.554266909,-3448.451473426
4550,2275.0,1.098631826,281.362593726,-3455.566243696,-3448.451778575
4551,2275.5,1.097933099,281.183647809,-3455.572852079,-3448.45096031
4552,2276.0,1.110216985,284.329584293,-3455.586228038,-3448.45160877
4553,2276.5,1.128019278,288.88879994,-3455.597802872,-3448.453888658
4554,2277.0,1.119669159,286.750311917,-3455.583349341,-3448.451518794
4555,2277.5,1.113189258,285.09079151,-3455.573163313,-3448.450199225
4556,2278.0,1.121939656,287.331792129,-3455.582027806,-3448.452531657
4557,2278.5,1.117877378,286.291431813,-3455.577474396,-3448.452044139
4558,2279.0,1.098987445,281.453668628,-3455.558048174,-3448.450960561
4559,2279.5,1.082059498,277.118375398,-3455.536934183,-3448.450161341
4560,2280.0,1.071289561,274.360165378,-3455.525540598,-3448.44973582
4561,2280.5,1.075572343,275.456997399,-3455.530107836,-3448.449848505
4562,2281.0,1.099806767,281.663499372,-3455.549005032,-3448.450265208
4563,2281.5,1.125326615,288.199201517,-3455.575418869,-3448.450839191
4564,2282.0,1.150231853,294.577500619,-3455.600084842,-3448.451545692
4565,2282.5,1.159244339,296.885622961,-3455.612701938,-3448.452051832
4566,2283.0,1.160856286,297.298446863,-3455.608050271,-3448.451651457
4567,2283.5,1.156221671,296.111509456,-3455.595464583,-3448.450086335
4568,2284.0,1.159209005,296.87657367,-3455.599131242,-3448.449645217
4569,2284.5,1.19372796,305.716971752,-3455.624129058,-3448.4521768
4570,2285.0,1.204023026,308.353566197,-3455.636918744,-3448.453653894
4571,2285.5,1.180521241,302.334695241,-3455.619933914,-3448.450888953
4572,2286.0,1.175796333,301.124633524,-3455.613125102,-3448.449548801
4573,2286.5,1.194770082,305.983862195,-3455.632020216,-3448.452620053
4574,2287.0,1.196048743,306.311330679,-3455.635515685,-3448.452322082
4575,2287.5,1.179848305,302.16235455,-3455.619449769,-3448.451003748
4576,2288.0,1.158032319,296.575221278,-3455.599904873,-3448.450390923
4577,2288.5,1.144377468,293.078176873,-3455.585521983,-3448.450454182
4578,2289.0,1.138862125,291.665682425,-3455.575702932,-3448.450534459
4579,2289.5,1.140130298,291.990464997,-3455.568834556,-3448.450480937
4580,2290.0,1.131494167,289.778728473,-3455.565226969,-3448.450556949
4581,2290.5,1.12262703,287.507830669,-3455.564380058,-3448.450757656
4582,2291.0,1.129411306,289.245302183,-3455.565320883,-3448.450709495
4583,2291.5,1.140510506,292.087837286,-3455.571053513,-3448.450203483
4584,2292.0,1.162695155,297.769386162,-3455.590516755,-3448.449852591
4585,2292.5,1.196119275,306.329394161,-3455.625834161,-3448.45163414
4586,2293.0,1.227415456,314.3444311,-3455.651115569,-3448.453344976
4587,2293.5,1.219124718,312.221150494,-3455.639756252,-3448.453442093
4588,2294.0,1.174133593,300.698801189,-3455.594838272,-3448.45017114
4589,2294.5,1.140969041,292.205269434,-3455.567371721,-3448.448257346
4590,2295.0,1.145284418,293.310449056,-3455.582678552,-3448.451112571
4591,2295.5,1.165435873,298.471291571,-3455.603731342,-3448.451119977
4592,2296.0,1.187715697,304.177214933,-3455.620594635,-3448.45077218
4593,2296.5,1.198374502,306.906963897,-3455.634371832,-3448.450927018
4594,2297.0,1.200771606,307.520868775,-3455.641803171,-3448.451056822
4595,2297.5,1.198492147,306.937093024,-3455.640045684,-3448.451061754
4596,2298.0,1.182828047,302.925474564,-3455.628437476,-3448.450945597
4597,2298.5,1.152268845,295.099179955,-3455.609907393,-3448.450501034
4598,2299.0,1.136988882,291.185939947,-3455.592328131,-3448.450041952
4599,2299.5,1.127308294,288.706715004,-3455.584045287,-3448.449769046
4600,2300.0,1.142808522,292.676365423,-3455.592293968,-3448.44911194
4601,2300.5,1.175563829,301.065088589,-3455.623964298,-3448.450206092
4602,2301.0,1.215527678,311.299938839,-3455.661865359,-3448.45194623
4603,2301.5,1.230994124,315.260937669,-3455.6775841,-3448.452795678
4604,2302.0,1.21651697,311.553299244,-3455.656811408,-3448.452949159
4605,2302.5,1.164289659,298.177743072,-3455.603725546,-3448.449991439
4606,2303.0,1.125324427,288.198641266,-3455.566540929,-3448.447562829
4607,2303.5,1.133810975,290.372069368,-3455.575720346,-3448.45078184
4608,2304.0,1.141918225,292.448357894,-3455.589842023,-3448.451336632
4609,2304.5,1.150348423,294.607354646,-3455.590994684,-3448.450731098
4610,2305.0,1.141445848,292.327380907,-3455.583320456,-3448.450426544
4611,2305.5,1.129567619,289.285334194,-3455.570515292,-3448.450372147
4612,2306.0,1.12065659,287.003195564,-3455.554073049,-3448.450236137
4613,2306.5,1.101121339,282.000164742,-3455.536897329,-3448.44988975
4614,2307.0,1.090983209,279.403762227,-3455.525238394,-3448.449874941
4615,2307.5,1.093519006,280.053186504,-3455.52034216,-3448.45006845
4616,2308.0,1.092092134,279.687760803,-3455.522191921,-3448.449233143
4617,2308.5,1.099477372,281.57914039,-3455.541326866,-3448.449583519
4618,2309.0,1.130101422,289.422042653,-3455.571836993,-3448.451024898
4619,2309.5,1.147689101,293.926295071,-3455.592370039,-3448.451396058
4620,2310.0,1.146366079,293.587465381,-3455.594339127,-3448.451517289
4621,2310.5,1.125955117,288.360162779,-3455.576390149,-3448.451666901
4622,2311.0,1.105243962,283.055979638,-3455.542279003,-3448.449776868
4623,2311.5,1.099357257,281.548378457,-3455.526618165,-3448.447206399
4624,2312.0,1.123195488,287.653414219,-3455.55939167,-3448.450804425
4625,2312.5,1.158802895,296.772567728,-3455.595197911,-3448.451899051
4626,2313.0,1.179135446,301.979789283,-3455.609232373,-3448.451114819
4627,2313.5,1.173249814,300.47246313,-3455.608285224,-3448.450488816
4628,2314.0,1.169534954,299.521077337,-3455.601335223,-3448.450070398
4629,2314.5,1.165308401,298.438645482,-3455.59631455,-3448.449762888
4630,2315.0,1.16980069,299.589133061,-3455.598659173,-3448.450218617
4631,2315.5,1.173540879,300.547005516,-3455.603888354,-3448.450790083
4632,2316.0,1.182989797,302.966899228,-3455.607654628,-3448.449770572
4633,2316.5,1.198944301,307.052890829,-3455.6237315,-3448.449380164
4634,2317.0,1.223008404,313.215773092,-3455.655273672,-3448.450941213
4635,2317.5,1.238971002,317.303837839,-3455.680495521,-3448.451463306
4636,2318.0,1.244524751,318.726167876,-3455.689392075,-3448.451048505
4637,2318.5,1.244416528,318.698451723,-3455.68601495,-3448.450851424
4638,2319.0,1.222583422,313.106933983,-3455.672621075,-3448.451522049
4639,2319.5,1.189319099,304.587850493,-3455.643091396,-3448.451280071
4640,2320.0,1.155674587,295.971399614,-3455.609744887,-3448.448152445
4641,2320.5,1.159117677,296.85318447,-3455.611942947,-3448.450031482
4642,2321.0,1.181421645,302.565291046,-3455.627417997,-3448.451852333
4643,2321.5,1.170551381,299.78138711,-3455.624069504,-3448.450971782
4644,2322.0,1.152697682,295.209006346,-3455.608379277,-3448.449929918
4645,2322.5,1.139127373,291.733613253,-3455.594643946,-3448.449516832
4646,2323.0,1.135181178,290.72298202,-3455.588483831,-3448.450230131
4647,2323.5,1.125327449,288.199415216,-3455.58138297,-3448.450886381
4648,2324.0,1.106768799,283.446494539,-3455.5669994,-3448.449866017
4649,2324.5,1.096595263,280.841024467,-3455.561187134,-3448.448806937
4650,2325.0,1.107184774,283.553026995,-3455.577982584,-3448.450022481
4651,2325.5,1.128618022,289.042139801,-3455.602252853,-3448.450760873
4652,2326.0,1.146397571,293.59553074,-3455.621687388,-3448.450460365
4653,2326.5,1.169751618,299.576565457,-3455.638852932,-3448.450280882
4654,2327.0,1.180104766,302.228034886,-3455.655604614,-3448.451009499
4655,2327.5,1.183896683,303.199155076,-3455.661749381,-3448.452692156
4656,2328.0,1.15599913,296.054516076,-3455.636616051,-3448.453801763
4657,2328.5,1.101182352,282.015790315,-3455.578440583,-3448.449252923
4658,2329.0,1.079642019,276.499252565,-3455.559125836,-3448.446626756
4659,2329.5,1.126773724,288.569810094,-3455.609583608,-3448.452587265
4660,2330.0,1.17028949,299.714316073,-3455.652766981,-3448.452605791
4661,2330.5,1.193055443,305.544738346,-3455.67097572,-3448.451084991
4662,2331.0,1.194903146,306.017940193,-3455.677644747,-3448.451233041
4663,2331.5,1.182143529,302.750167559,-3455.669293447,-3448.451661769
4664,2332.0,1.155705367,295.979282452,-3455.640938093,-3448.450713605
4665,2332.5,1.125057568,288.130297885,-3455.607355544,-3448.449092476
4666,2333.0,1.110826755,284.485748089,-3455.590072825,-3448.449462256
4667,2333.5,1.098973434,281.450080436,-3455.586176015,-3448.449675207
4668,2334.0,1.116068535,285.828182301,-3455.591224025,-3448.449122532
4669,2334.5,1.139915615,291.935484147,-3455.610467546,-3448.449181375
4670,2335.0,1.169196563,299.434414539,-3455.642203363,-3448.449859474
4671,2335.5,1.205768416,308.800565402,-3455.676023775,-3448.450658142
4672,2336.0,1.235316368,316.367875937,-3455.699562355,-3448.451823418
4673,2336.5,1.23789453,317.028150329,-3455.695874034,-3448.453558848
4674,2337.0,1.195111495,306.071298848,-3455.646521572,-3448.453164332
4675,2337.5,1.134382239,290.518371463,-3455.574574997,-3448.446779803
4676,2338.0,1.130728931,289.582749429,-3455.569532374,-3448.44735738
4677,2338.5,1.180481811,302.324597064,-3455.626680333,-3448.452457274
4678,2339.0,1.215552981,311.306419082,-3455.669948707,-3448.452733097
4679,2339.5,1.215326103,311.248314899,-3455.68083087,-3448.452160586
4680,2340.0,1.195589829,306.193801424,-3455.664810987,-3448.451257788
4681,2340.5,1.170225484,299.697924025,-3455.636422104,-3448.449583667
4682,2341.0,1.157545329,296.450501873,-3455.618722213,-3448.449551636
4683,2341.5,1.147198779,293.800722111,-3455.614268413,-3448.450121465
4684,2342.0,1.15136686,294.868179125,-3455.614460121,-3448.449965066
4685,2342.5,1.157475922,296.432726523,-3455.618452254,-3448.449846971
4686,2343.0,1.169790769,299.586592114,-3455.626816908,-3448.449737974
4687,2343.5,1.174043172,300.675644222,-3455.64038033,-3448.449643924
4688,2344.0,1.197367806,306.649146363,-3455.660051835,-3448.449843131
4689,2344.5,1.216678508,311.594669412,-3455.682911175,-3448.450617333
4690,2345.0,1.228188527,314.54241662,-3455.69760978,-3448.452129369
4691,2345.5,1.211960951,310.386490335,-3455.685729652,-3448.453283628
4692,2346.0,1.172801482,300.357644081,-3455.643322884,-3448.450141144
4693,2346.5,1.160725367,297.264918211,-3455.626820079,-3448.446542504
4694,2347.0,1.221241937,312.763376043,-3455.678097582,-3448.452727222
4695,2347.5,1.257098283,321.946283585,-3455.716959078,-3448.454757528
4696,2348.0,1.247766583,319.556409979,-3455.700075062,-3448.452521101
4697,2348.5,1.210184885,309.931634954,-3455.653733329,-3448.449521213
4698,2349.0,1.171132247,299.930148481,-3455.619886509,-3448.448718234
4699,2349.5,1.164279406,298.175117063,-3455.610987391,-3448.449756046
4700,2350.0,1.157777474,296.509954803,-3455.611991024,-3448.450230495
4701,2350.5,1.157980559,296.561965264,-3455.612653525,-3448.450331365
4702,2351.0,1.15446231,295.660932313,-3455.609882176,-3448.45017401
4703,2351.5,1.140062495,291.973100548,-3455.605038016,-3448.44987504
4704,2352.0,1.12773441,288.815844467,-3455.602679395,-3448.449591242
4705,2352.5,1.132836918,290.122610551,-3455.607909835,-3448.449394785
4706,2353.0,1.154688999,295.718987983,-3455.624556923,-3448.449423488
4707,2353.5,1.179858272,302.164907125,-3455.652558593,-3448.450304334
4708,2354.0,1.207278958,309.187419132,-3455.679012624,-3448.452717319
4709,2354.5,1.205190244,308.652493775,-3455.674423149,-3448.453557155
4710,2355.0,1.180890861,302.429355851,-3455.642794984,-3448.447916847
4711,2355.5,1.188558387,304.393030192,-3455.658825898,-3448.449864239
4712,2356.0,1.224041518,313.480356374,-3455.699557989,-3448.454588493
4713,2356.5,1.225696293,313.904148645,-3455.696960506,-3448.451912288
4714,2357.0,1.206241019,308.921600261,-3455.675294863,-3448.449366582
4715,2357.5,1.201818319,307.788934724,-3455.666999805,-3448.449818876
4716,2358.0,1.201115043,307.608823956,-3455.666071012,-3448.450454592
4717,2358.5,1.190894205,304.991239397,-3455.660537212,-3448.45062533
4718,2359.0,1.176548065,301.317154166,-3455.646209314,-3448.450430856
4719,2359.5,1.159434362,296.934288184,-3455.625214833,-3448.449937273
4720,2360.0,1.139875864,291.925303917,-3455.604639177,-3448.44935654
4721,2360.5,1.128183043,288.930740488,-3455.593668623,-3448.448847843
4722,2361.0,1.136577076,291.080475146,-3455.601136388,-3448.448394459
4723,2361.5,1.168642333,299.292474541,-3455.634348094,-3448.448542359
4724,2362.0,1.219481599,312.312548807,-3455.690256135,-3448.450120421
4725,2362.5,1.265162256,324.011488932,-3455.745648505,-3448.452762925
4726,2363.0,1.277779794,327.24287472,-3455.763145705,-3448.455184434
4727,2363.5,1.231291147,315.337005939,-3455.719321157,-3448.45236871
4728,2364.0,1.187810567,304.201511402,-3455.669476271,-3448.446870342
4729,2364.5,1.189399947,304.608556045,-3455.683016293,-3448.451428926
4730,2365.0,1.215122574,311.196190447,-3455.710054079,-3448.451922358
4731,2365.5,1.224196098,313.519944623,-3455.725426522,-3448.451812056
4732,2366.0,1.227219979,314.294368835,-3455.724016683,-3448.451465388
4733,2366.5,1.208493233,309.498398362,-3455.706453258,-3448.450425682
4734,2367.0,1.181537148,302.594871776,-3455.684670003,-3448.449601191
4735,2367.5,1.164025455,298.110079622,-3455.66961358,-3448.44951763
4736,2368.0,1.155602461,295.952928003,-3455.662624944,-3448.449909007
4737,2368.5,1.158180639,296.613206294,-3455.658597543,-3448.449991217
4738,2369.0,1.154743652,295.732984618,-3455.656688843,-3448.449475985
4739,2369.5,1.168193772,299.177596946,-3455.663499425,-3448.449253795
4740,2370.0,1.179637569,302.108384522,-3455.681578955,-3448.44963562
4741,2370.5,1.196945563,306.541008627,-3455.705190286,-3448.450063293
4742,2371.0,1.220691427,312.622388875,-3455.726768131,-3448.450999645
4743,2371.5,1.220436622,312.557132708,-3455.73231869,-3448.452983419
4744,2372.0,1.186320044,303.819784482,-3455.699549717,-3448.453284541
4745,2372.5,1.134140149,290.456371553,-3455.64347125,-3448.446518524
4746,2373.0,1.143092862,292.7491858,-3455.658665478,-3448.44706865
4747,2373.5,1.2171554,311.716802771,-3455.73919082,-3448.453805906
4748,2374.0,1.266828895,324.438319642,-3455.786925425,-3448.45426016
4749,2374.5,1.262266121,323.269781013,-3455.778069757,-3448.452471121
4750,2375.0,1.208327146,309.455862958,-3455.732619971,-3448.450970603
4751,2375.5,1.154792748,295.745558302,-3455.672472997,-3448.449855509
4752,2376.0,1.103199115,282.532288855,-3455.616086208,-3448.448832335
4753,2376.5,1.075335003,275.396214049,-3455.579978607,-3448.448030713
4754,2377.0,1.068844493,273.733976919,-3455.576988385,-3448.447953757
4755,2377.5,1.095253177,280.497312574,-3455.608166828,-3448.448865804
4756,2378.0,1.148061509,294.021669647,-3455.659798119,-3448.449917027
4757,2378.5,1.201284767,307.652290513,-3455.714723224,-3448.450549968
4758,2379.0,1.241121636,317.854621023,-3455.761400503,-3448.451084595
4759,2379.5,1.26352804,323.592961819,-3455.790661439,-3448.451865076
4760,2380.0,1.268230907,324.797378823,-3455.791914674,-3448.452989543
4761,2380.5,1.219009214,312.191569595,-3455.753661033,-3448.453428724
4762,2381.0,1.1509408,294.759063994,-3455.683366277,-3448.449678781
4763,2381.5,1.123792167,287.806225245,-3455.647438704,-3448.445528007
4764,2382.0,1.167530959,299.007848638,-3455.694592459,-3448.451956092
4765,2382.5,1.207873814,309.339763485,-3455.742949639,-3448.453777243
4766,2383.0,1.21876792,312.129773516,-3455.749057373,-3448.452038032
4767,2383.5,1.187184945,304.041287824,-3455.728458607,-3448.450904698
4768,2384.0,1.157917998,296.545943387,-3455.696924664,-3448.450290105
4769,2384.5,1.118731153,286.51008602,-3455.664821576,-3448.44957371
4770,2385.0,1.096112955,280.717503936,-3455.643213601,-3448.449180202
4771,2385.5,1.09722142,281.001384861,-3455.63777508,-3448.449564077
4772,2386.0,1.102754267,282.418362033,-3455.643316776,-3448.450089652
4773,2386.5,1.111416126,284.636687576,-3455.651927118,-3448.45038555
4774,2387.0,1.129175553,289.184925089,-3455.65906053,-3448.450419687
4775,2387.5,1.130332036,289.481103447,-3455.66438692,-3448.450263887
4776,2388.0,1.141655874,292.381169242,-3455.670651756,-3448.4504033
4777,2388.5,1.149452787,294.377979838,-3455.67755812,-3448.451080085
4778,2389.0,1.1482566,294.071633041,-3455.678683673,-3448.452279318
4779,2389.5,1.125587112,288.265915537,-3455.66173956,-3448.452749267
4780,2390.0,1.105700584,283.172921742,-3455.637136563,-3448.447465086
4781,2390.5,1.132662232,290.077873061,-3455.668840433,-3448.450599413
4782,2391.0,1.174397804,300.766466447,-3455.717327237,-3448.454533585
4783,2391.5,1.172638251,300.315840154,-3455.717188408,-3448.453011651
4784,2392.0,1.143300416,292.802340946,-3455.677663654,-3448.450828444
4785,2392.5,1.097250044,281.008715449,-3455.628273714,-3448.449172658
4786,2393.0,1.063658032,272.405710024,-3455.593472333,-3448.448680059
4787,2393.5,1.045275823,267.697976533,-3455.581258435,-3448.449093101
4788,2394.0,1.051789163,269.366060527,-3455.586328306,-3448.449492624
4789,2394.5,1.059945402,271.454895411,-3455.602416226,-3448.449656434
4790,2395.0,1.094355669,280.267458217,-3455.626408018,-3448.44975014
4791,2395.5,1.129393005,289.240615098,-3455.656105864,-3448.450036248
4792,2396.0,1.16079089,297.281698639,-3455.686311044,-3448.450682061
4793,2396.5,1.177992495,301.687076444,-3455.708220479,-3448.451076945
4794,2397.0,1.193911836,305.764062867,-3455.717748802,-3448.451045363
4795,2397.5,1.188079202,304.270309512,-3455.713443934,-3448.453129143
4796,2398.0,1.141419967,292.320752839,-3455.670676921,-3448.454035248
4797,2398.5,1.067064952,273.278231516,-3455.593466668,-3448.447546218
4798,2399.0,1.041857665,266.822576874,-3455.570659572,-3448.447792426
4799,2399.5,1.075677284,275.483873185,-3455.601921815,-3448.452607103
4800,2400.0,1.09171458,279.591068126,-3455.616852018,-3448.451357983
4801,2400.5,1.097447863,281.059377516,-3455.617078825,-3448.449780658
4802,2401.0,1.100225123,281.770641406,-3455.619832799,-3448.449814411
4803,2401.5,1.100219626,281.769233708,-3455.62364154,-3448.450239562
4804,2402.0,1.095714532,280.615466737,-3455.620822608,-3448.450211042
4805,2402.5,1.081564985,276.991729355,-3455.61040761,-3448.449883181
4806,2403.0,1.073566867,274.943389607,-3455.597202608,-3448.449468255
4807,2403.5,1.068508242,273.647862053,-3455.588056999,-3448.449161539
4808,2404.0,1.065170804,272.793135122,-3455.588663223,-3448.449216256
4809,2404.5,1.077803151,276.028313357,-3455.600826466,-3448.449064358
4810,2405.0,1.107135042,283.540290529,-3455.629095674,-3448.448544949
4811,2405.5,1.153345157,295.37482633,-3455.678627548,-3448.45043582
4812,2406.0,1.187945632,304.236101984,-3455.722521964,-3448.453780977
4813,2406.5,1.186622726,303.89730211,-3455.715142582,-3448.454996196
4814,2407.0,1.118343481,286.410802182,-3455.650894862,-3448.449390749
4815,2407.5,1.088883802,278.866098338,-3455.614546834,-3448.446561329
4816,2408.0,1.109526226,284.152679176,-3455.642012634,-3448.451972452
4817,2408.5,1.132566314,290.053308202,-3455.662461487,-3448.45180652
4818,2409.0,1.137697092,291.36731432,-3455.66109858,-3448.450528536
4819,2409.5,1.128291977,288.958638885,-3455.650085632,-3448.449945182
4820,2410.0,1.107051605,283.518922076,-3455.635858955,-3448.449732848
4821,2410.5,1.091887147,279.635263063,-3455.621364086,-3448.449484934
4822,2411.0,1.081593852,276.999122409,-3455.610576787,-3448.449007676
4823,2411.5,1.083570073,277.505237964,-3455.610263768,-3448.449010476
4824,2412.0,1.092289868,279.738401028,-3455.620725398,-3448.449898373
4825,2412.5,1.106175115,283.294450378,-3455.631063327,-3448.450245694
4826,2413.0,1.111245072,284.592880331,-3455.638957967,-3448.449001804
4827,2413.5,1.133807895,290.371280471,-3455.660986002,-3448.449058489
4828,2414.0,1.17328362,300.481120967,-3455.695549385,-3448.450881832
4829,2414.5,1.198753739,307.004087452,-3455.715291331,-3448.452788151
4830,2415.0,1.174475764,300.786432148,-3455.691707506,-3448.454070883
4831,2415.5,1.106399133,283.351822015,-3455.618095897,-3448.449643055
4832,2416.0,1.065305139,272.827538675,-3455.569655561,-3448.44426193
4833,2416.5,1.102393288,282.325914244,-3455.610419864,-3448.45084766
4834,2417.0,1.155463732,295.917399179,-3455.658201967,-3448.452552016
4835,2417.5,1.169521894,299.517732604,-3455.669312841,-3448.451066718
4836,2418.0,1.151758663,294.968520779,-3455.655856792,-3448.449931983
4837,2418.5,1.126645934,288.537082704,-3455.633680186,-3448.449242032
4838,2419.0,1.099901849,281.687850136,-3455.613659978,-3448.44882282
4839,2419.5,1.084237158,277.67608007,-3455.602238759,-3448.448966937
4840,2420.0,1.075845896,275.52705507,-3455.598228324,-3448.449495283
4841,2420.5,1.069575101,273.921087519,-3455.595992923,-3448.449445014
4842,2421.0,1.078732372,276.266289423,-3455.599089222,-3448.448333232
4843,2421.5,1.106324155,283.332620086,-3455.622994379,-3448.448658813
4844,2422.0,1.142312482,292.549328377,-3455.662965508,-3448.45047726
4845,2422.5,1.165204296,298.411984094,-3455.693818557,-3448.451295059
4846,2423.0,1.175193278,300.970189381,-3455.701924643,-3448.451803185
4847,2423.5,1.144726268,293.167505385,-3455.681295429,-3448.452620423
4848,2424.0,1.100622638,281.872446036,-3455.629326548,-3448.450771607
4849,2424.5,1.067854844,273.480525011,-3455.588783411,-3448.445246125
4850,2425.0,1.095962977,280.679094345,-3455.625384777,-3448.450765172
4851,2425.5,1.13307994,290.184849347,-3455.672230241,-3448.453397216
4852,2426.0,1.136828287,291.144811012,-3455.677136323,-3448.45122888
4853,2426.5,1.130437267,289.50805346,-3455.66036531,-3448.449393594
4854,2427.0,1.116729624,285.997488923,-3455.646092815,-3448.448936114
4855,2427.5,1.107688257,283.681970358,-3455.640332532,-3448.449534795
4856,2428.0,1.098842108,281.416447459,-3455.634581842,-3448.450235891
4857,2428.5,1.08091267,276.824669787,-3455.619407502,-3448.450058002
4858,2429.0,1.053581726,269.825140753,-3455.599728384,-3448.448579195
4859,2429.5,1.048310318,268.475118925,-3455.59685219,-3448.448239948
4860,2430.0,1.073469188,274.918373833,-3455.615426973,-3448.449510918
4861,2430.5,1.094986863,280.42910874,-3455.638024318,-3448.449799222
4862,2431.0,1.118496939,286.450103091,-3455.658187779,-3448.449393448
4863,2431.5,1.148044791,294.017388115,-3455.680345205,-3448.449713516
4864,2432.0,1.158440402,296.679732475,-3455.699552558,-3448.451902779
4865,2432.5,1.155048847,295.811146004,-3455.691085965,-3448.452462766
4866,2433.0,1.140780319,292.156937319,-3455.664061166,-3448.446603946
4867,2433.5,1.167489906,298.997334967,-3455.691122272,-3448.450235455
4868,2434.0,1.202442342,307.948748604,-3455.730566221,-3448.45375964
4869,2434.5,1.198382637,306.909047326,-3455.723477418,-3448.451237125
4870,2435.0,1.176676598,301.350071593,-3455.693760465,-3448.448986318
4871,2435.5,1.158307725,296.64575346,-3455.671455512,-3448.448647564
4872,2436.0,1.148367976,294.10015678,-3455.66148131,-3448.449441623
4873,2436.5,1.144333158,293.066828986,-3455.652929013,-3448.449826414
4874,2437.0,1.134524418,290.554784004,-3455.641813332,-3448.448781213
4875,2437.5,1.131736691,289.840839531,-3455.642471736,-3448.448444969
4876,2438.0,1.137231413,291.248052634,-3455.658337677,-3448.449817293
4877,2438.5,1.15029078,294.592592181,-3455.670704546,-3448.450110415
4878,2439.0,1.159713976,297.005898289,-3455.672955515,-3448.449336282
4879,2439.5,1.162732299,297.778898829,-3455.674291964,-3448.44891142
4880,2440.0,1.162621319,297.750476599,-3455.680255696,-3448.449911796
4881,2440.5,1.154201159,295.594050795,-3455.67816848,-3448.451882896
4882,2441.0,1.126389766,288.471477411,-3455.645135013,-3448.452119113
4883,2441.5,1.084772115,277.813083998,-3455.595079268,-3448.445855173
4884,2442.0,1.106537404,283.387233641,-3455.613650642,-3448.447210274
4885,2442.5,1.176692146,301.354053679,-3455.68513435,-3448.452780181
4886,2443.0,1.225517974,313.858480676,-3455.725222132,-3448.452184365
4887,2443.5,1.223935434,313.453187956,-3455.725898627,-3448.450582661
4888,2444.0,1.197880316,306.780401491,-3455.706025258,-3448.449787439
4889,2444.5,1.183805168,303.175717752,-3455.677441339,-3448.449543502
4890,2445.0,1.159340919,296.910357213,-3455.646347306,-3448.448736115
4891,2445.5,1.142634627,292.631830614,-3455.625749503,-3448.448442618
4892,2446.0,1.138191579,291.493953847,-3455.619331717,-3448.44961815
4893,2446.5,1.13244019,290.021007616,-3455.612944824,-3448.44931122
4894,2447.0,1.133398146,290.266342769,-3455.609268812,-3448.448052923
4895,2447.5,1.148919208,294.241328731,-3455.624108736,-3448.447963528
4896,2448.0,1.184574195,303.372667872,-3455.658109655,-3448.449127243
4897,2448.5,1.22213457,312.991981767,-3455.693740278,-3448.450469836
4898,2449.0,1.239088493,317.33392753,-3455.709654821,-3448.451948111
4899,2449.5,1.214689173,311.085195514,-3455.686578317,-3448.452544905
4900,2450.0,1.161881774,297.561077084,-3455.629797328,-3448.44759331
4901,2450.5,1.141243125,292.275463132,-3455.616094834,-3448.445331385
4902,2451.0,1.187857017,304.213407341,-3455.670820148,-3448.452065788
4903,2451.5,1.217301142,311.754127642,-3455.704424114,-3448.452703002
4904,2452.0,1.207136233,309.150867033,-3455.690110529,-3448.450857345
4905,2452.5,1.164822669,298.314248441,-3455.648551026,-3448.449438528
4906,2453.0,1.118843156,286.538770289,-3455.602622408,-3448.447912022
4907,2453.5,1.098130305,281.234152744,-3455.577222306,-3448.447070253
4908,2454.0,1.107400546,283.608286579,-3455.583523958,-3448.448607378
4909,2454.5,1.124876758,288.083992034,-3455.601714437,-3448.449422198
4910,2455.0,1.143733579,292.913275162,-3455.618110501,-3448.448980846
4911,2455.5,1.161920746,297.571057951,-3455.636005129,-3448.448942813
4912,2456.0,1.174695963,300.842825656,-3455.655347575,-3448.449313947
4913,2456.5,1.193160625,305.571675762,-3455.671082282,-3448.449519047
4914,2457.0,1.205977162,308.854025649,-3455.680208413,-3448.449777869
4915,2457.5,1.210392787,309.984879183,-3455.679432155,-3448.450613242
4916,2458.0,1.188108713,304.27786743,-3455.659103043,-3448.451980935
4917,2458.5,1.147719281,293.934024328,-3455.609562184,-3448.450016259
4918,2459.0,1.122801353,287.552475204,-3455.575562954,-3448.443892408
4919,2459.5,1.170153404,299.679464113,-3455.630929966,-3448.449651135
4920,2460.0,1.243512762,318.466994827,-3455.705148955,-3448.453669294
4921,2460.5,1.267017558,324.486636955,-3455.72640832,-3448.452642259
4922,2461.0,1.234931723,316.269367333,-3455.699027935,-3448.450408339
4923,2461.5,1.191049488,305.031007927,-3455.654965011,-3448.448282932
4924,2462.0,1.163506218,297.977101642,-3455.623156222,-3448.448540494
4925,2462.5,1.141412284,292.318785059,-3455.602154153,-3448.448769849
4926,2463.0,1.134448869,290.535435783,-3455.587180314,-3448.448204992
4927,2463.5,1.136065818,290.949540599,-3455.582840772,-3448.448220714
4928,2464.0,1.137419599,291.296247691,-3455.587836804,-3448.448422587
4929,2464.5,1.141033323,292.221732224,-3455.598854487,-3448.448280836
4930,2465.0,1.161997127,297.590619226,-3455.617771084,-3448.448033654
4931,2465.5,1.188552601,304.391548251,-3455.647772027,-3448.448340189
4932,2466.0,1.209291069,309.702726372,-3455.683834487,-3448.449656143
4933,2466.5,1.228385137,314.592768951,-3455.707428845,-3448.451732419
4934,2467.0,1.210757167,310.078198097,-3455.693172453,-3448.452442642
4935,2467.5,1.174876713,300.889116354,-3455.646985893,-3448.44670664
4936,2468.0,1.175128912,300.95370504,-3455.650860795,-3448.446997902
4937,2468.5,1.221221774,312.758212302,-3455.700946962,-3448.453405115
4938,2469.0,1.22424163,313.531605502,-3455.708140184,-3448.452512171
4939,2469.5,1.195884659,306.26930819,-3455.672569265,-3448.449372025
4940,2470.0,1.15238263,295.128320451,-3455.635952788,-3448.448360104
4941,2470.5,1.129813388,289.348276277,-3455.61543403,-3448.448350626
4942,2471.0,1.123333528,287.688766771,-3455.610683369,-3448.448439495
4943,2471.5,1.131827834,289.864181386,-3455.617244331,-3448.449241207
4944,2472.0,1.132410159,290.0133164,-3455.622420621,-3448.449592637
4945,2472.5,1.1327504,290.100453169,-3455.619499661,-3448.449028368
4946,2473.0,1.129775712,289.338627509,-3455.614991633,-3448.448234739
4947,2473.5,1.137934596,291.42813977,-3455.619229055,-3448.447976577
4948,2474.0,1.15268198,295.204985007,-3455.635411351,-3448.448244862
4949,2474.5,1.169840862,299.599421288,-3455.658929751,-3448.449000208
4950,2475.0,1.19083999,304.977354893,-3455.678188305,-3448.450646515
4951,2475.5,1.18139606,302.558738853,-3455.672021198,-3448.452104299
4952,2476.0,1.144695074,293.159516671,-3455.634284798,-3448.447929259
4953,2476.5,1.148350019,294.095557877,-3455.631928341,-3448.446323429
4954,2477.0,1.187915078,304.228276921,-3455.68216911,-3448.453030779
4955,2477.5,1.214610972,311.065167988,-3455.698818972,-3448.451769063
4956,2478.0,1.202601383,307.989479667,-3455.681814078,-3448.449137724
4957,2478.5,1.188506777,304.379812558,-3455.663176126,-3448.448720699
4958,2479.0,1.178481027,301.812190818,-3455.648664933,-3448.448849966
4959,2479.5,1.162757665,297.785395297,-3455.6340672,-3448.448970618
4960,2480.0,1.146849778,293.711342032,-3455.61620217,-3448.44861747
4961,2480.5,1.137364462,291.282127041,-3455.599051041,-3448.448075687
4962,2481.0,1.124476096,287.981381472,-3455.589600674,-3448.447867731
4963,2481.5,1.127187363,288.675744294,-3455.59091634,-3448.447791704
4964,2482.0,1.12762937,288.788943391,-3455.604382801,-3448.447513388
4965,2482.5,1.148783781,294.206645673,-3455.633162905,-3448.447642219
4966,2483.0,1.192987375,305.527306048,-3455.674114105,-3448.44883043
4967,2483.5,1.226246685,314.045105506,-3455.709211253,-3448.450930631
4968,2484.0,1.226568663,314.127565157,-3455.709228422,-3448.452749839
4969,2484.5,1.181188779,302.505653612,-3455.659142395,-3448.449409542
4970,2485.0,1.148655694,294.173842175,-3455.620045797,-3448.444631032
4971,2485.5,1.169926825,299.621436422,-3455.650991449,-3448.450052692
4972,2486.0,1.208759116,309.566491782,-3455.688812188,-3448.450494689
4973,2486.5,1.231929651,315.500528674,-3455.708600943,-3448.450012582
4974,2487.0,1.233579858,315.923151135,-3455.709717809,-3448.449802985
4975,2487.5,1.224622992,313.629273384,-3455.691284434,-3448.448978006
4976,2488.0,1.195260586,306.109481492,-3455.66229926,-3448.447925744
4977,2488.5,1.173834417,300.622181338,-3455.636402515,-3448.447402434
4978,2489.0,1.156964379,296.301718962,-3455.620767385,-3448.447438936
4979,2489.5,1.156742531,296.244903102,-3455.614728464,-3448.44743225
4980,2490.0,1.152843901,295.246453211,-3455.617677833,-3448.447211022
4981,2490.5,1.163791684,298.050210372,-3455.632238401,-3448.447020484
4982,2491.0,1.192544572,305.413903058,-3455.660771982,-3448.447220499
4983,2491.5,1.234851078,316.24871394,-3455.699869257,-3448.448162067
4984,2492.0,1.271291233,325.581136663,-3455.73525476,-3448.45017414
4985,2492.5,1.274514009,326.406498267,-3455.73878478,-3448.452814314
4986,2493.0,1.222990405,313.21116335,-3455.682047056,-3448.451633812
4987,2493.5,1.140443426,292.070657878,-3455.603419485,-3448.443898185
4988,2494.0,1.139392532,291.801521266,-3455.606990471,-3448.446506325
4989,2494.5,1.192322324,305.356984516,-3455.665386902,-3448.451252613
4990,2495.0,1.230552332,315.14779353,-3455.70028021,-3448.451418563
4991,2495.5,1.223342988,313.301460895,-3455.694832726,-3448.449604718
4992,2496.0,1.202998328,308.091138263,-3455.668247897,-3448.448002251
4993,2496.5,1.176399719,301.279162163,-3455.641611478,-3448.447405417
4994,2497.0,1.156330971,296.1395015,-3455.623063817,-3448.447390401
4995,2497.5,1.14333162,292.810332434,-3455.612447293,-3448.44743887
4996,2498.0,1.136948612,291.175626653,-3455.608571003,-3448.44737104
4997,2498.5,1.147198302,293.80060002,-3455.611920857,-3448.447185583
4998,2499.0,1.154247535,295.605927726,-3455.624646494,-3448.447013329
4999,2499.5,1.177286723,301.506326279,-3455.648821877,-3448.447055857
5000,2500.0,1.202832939,308.048781771,-3455.683412846,-3448.447665569
5001,2500.5,1.240768787,317.764255253,-3455.719214505,-3448.449255501
5002,2501.0,1.254445055,321.266784824,-3455.733791313,-3448.451583354
5003,2501.5,1.225569226,313.87160654,-3455.700364147,-3448.451487238
5004,2502.0,1.170491114,299.765952357,-3455.639202144,-3448.444577516
5005,2502.5,1.181766922,302.653717441,-3455.649350115,-3448.444804931
5006,2503.0,1.258347291,322.266157901,-3455.72699397,-3448.452092103
5007,2503.5,1.299121519,332.708548437,-3455.76831287,-3448.451974734
5008,2504.0,1.285525436,329.226554692,-3455.754800088,-3448.449917955
5009,2504.5,1.240501339,317.695761253,-3455.710590442,-3448.448605358
5010,2505.0,1.181587527,302.607773997,-3455.655514547,-3448.447564168
5011,2505.5,1.134989911,290.67399792,-3455.606500671,-3448.446616243
5012,2506.0,1.106344976,283.337952481,-3455.578399483,-3448.446232739
5013,2506.5,1.101995215,282.22396684,-3455.577335097,-3448.446607414
5014,2507.0,1.119521977,286.712618023,-3455.597806098,-3448.44725053
5015,2507.5,1.150693211,294.695655857,-3455.62951932,-3448.447788465
5016,2508.0,1.179425301,302.054022029,-3455.663161634,-3448.448268342
5017,2508.5,1.205747651,308.795247231,-3455.691079087,-3448.448805482
5018,2509.0,1.216566874,311.566079638,-3455.705868957,-3448.449395551
5019,2509.5,1.215413957,311.270814413,-3455.700738704,-3448.449968225
5020,2510.0,1.185716895,303.665316314,-3455.671792273,-3448.450139647
5021,2510.5,1.142274365,292.539566371,-3455.626591218,-3448.448114218
5022,2511.0,1.129513429,289.271456142,-3455.607622644,-3448.444290617
5023,2511.5,1.173262813,300.475792104,-3455.660549841,-3448.449115925
5024,2512.0,1.236986387,316.795572547,-3455.72061689,-3448.452185579
5025,2512.5,1.251549365,320.525190655,-3455.730049639,-3448.450398225
5026,2513.0,1.212276003,310.467175929,-3455.702167526,-3448.448342405
5027,2513.5,1.178535582,301.826162509,-3455.664426876,-3448.44704639
5028,2514.0,1.150345715,294.606661145,-3455.636163018,-3448.446501486
5029,2514.5,1.14496602,293.228906502,-3455.625880473,-3448.446552109
5030,2515.0,1.155354889,295.889524084,-3455.633159453,-3448.446974031
5031,2515.5,1.174098346,300.689774504,-3455.651604799,-3448.447602667
5032,2516.0,1.200861855,307.54398161,-3455.671719038,-3448.44826776
5033,2516.5,1.206426955,308.969218946,-3455.68408896,-3448.448643709
5034,2517.0,1.208253658,309.437042448,-3455.684784444,-3448.44841699
5035,2517.5,1.205690123,308.780514305,-3455.679128754,-3448.447934504
5036,2518.0,1.201121873,307.610573059,-3455.67662656,-3448.447813877
5037,2518.5,1.203664995,308.261873513,-3455.682334791,-3448.448756178
5038,2519.0,1.197517654,306.687522757,-3455.684425357,-3448.451276653
5039,2519.5,1.177511288,301.563838203,-3455.660315195,-3448.448185851
5040,2520.0,1.178458222,301.806350426,-3455.658235361,-3448.445101552
5041,2520.5,1.221075263,312.720690257,-3455.709479624,-3448.450848108
5042,2521.0,1.246809649,319.311336524,-3455.737864119,-3448.451048668
5043,2521.5,1.243744311,318.52629517,-3455.722955245,-3448.44893087
5044,2522.0,1.212423317,310.504903447,-3455.688390653,-3448.447550197
5045,2522.5,1.178112416,301.717788549,-3455.653678059,-3448.446889681
5046,2523.0,1.143866829,292.947400735,-3455.62847894,-3448.446658986
5047,2523.5,1.126966669,288.619223972,-3455.616642565,-3448.446663038
5048,2524.0,1.128721925,289.068749687,-3455.618719125,-3448.44681296
5049,2524.5,1.137426246,291.297950009,-3455.632960567,-3448.447069672
5050,2525.0,1.164977723,298.353958018,-3455.656350425,-3448.447341044
5051,2525.5,1.191647682,305.184207023,-3455.685520168,-3448.447846435
5052,2526.0,1.224391924,313.570096177,-3455.714779077,-3448.448206672
5053,2526.5,1.252879669,320.865885086,-3455.742126867,-3448.447844746
5054,2527.0,1.273380577,326.116223369,-3455.77060961,-3448.449769753
5055,2527.5,1.268472854,324.859342194,-3455.773977846,-3448.45259718
5056,2528.0,1.216717988,311.604780514,-3455.717877597,-3448.451223595
5057,2528.5,1.144205782,293.034207498,-3455.637240036,-3448.443598071
5058,2529.0,1.134840309,290.635684531,-3455.632161411,-3448.445973398
5059,2529.5,1.174516208,300.7967901,-3455.678748143,-3448.449908971
5060,2530.0,1.20045535,307.439874634,-3455.711842309,-3448.449317778
5061,2530.5,1.215878301,311.3897343,-3455.725990821,-3448.448661215
5062,2531.0,1.217317915,311.758423398,-3455.72722681,-3448.448369033
5063,2531.5,1.202289757,307.909671339,-3455.718278261,-3448.448184023
5064,2532.0,1.184413951,303.331628724,-3455.701313201,-3448.448016683
5065,2532.5,1.167822656,299.082553196,-3455.67886217,-3448.447727412
5066,2533.0,1.141759428,292.407689723,-3455.655850926,-3448.44727191
5067,2533.5,1.118333094,286.408142041,-3455.639840556,-3448.447167941
5068,2534.0,1.117436466,286.178513177,-3455.634420169,-3448.447121227
5069,2534.5,1.125310487,288.195071314,-3455.643434101,-3448.446284975
5070,2535.0,1.152618405,295.18870306,-3455.677502866,-3448.447047627
5071,2535.5,1.190329573,304.84663567,-3455.724636598,-3448.449277001
5072,2536.0,1.213538288,310.790450523,-3455.751953045,-3448.450817052
5073,2536.5,1.194393711,305.887472412,-3455.736390671,-3448.451422114
5074,2537.0,1.138079421,291.465229769,-3455.679932364,-3448.44755743
5075,2537.5,1.107148517,283.543741381,-3455.646365668,-3448.444193866
5076,2538.0,1.136900796,291.163380703,-3455.678436799,-3448.449025801
5077,2538.5,1.175640466,301.084715489,-3455.713573079,-3448.45046882
5078,2539.0,1.180613262,302.35826198,-3455.71777474,-3448.449040071
5079,2539.5,1.168848237,299.345207083,-3455.702914593,-3448.448047896
5080,2540.0,1.148028311,294.013167716,-3455.682084895,-3448.447730396
5081,2540.5,1.124243055,287.921699006,-3455.661203474,-3448.447462404
5082,2541.0,1.10626742,283.318090108,-3455.645834975,-3448.447180597
5083,2541.5,1.107803877,283.711580798,-3455.640359121,-3448.447651281
5084,2542.0,1.110263446,284.341483185,-3455.63924531,-3448.448257918
5085,2542.5,1.111318437,284.611669266,-3455.636359206,-3448.447317778
5086,2543.0,1.115059603,285.569792015,-3455.644034375,-3448.446695429
5087,2543.5,1.137003018,291.189560066,-3455.668756126,-3448.447715616
5088,2544.0,1.165434167,298.470854497,-3455.695829462,-3448.448069857
5089,2544.5,1.180040904,302.21167966,-3455.716496138,-3448.448391267
5090,2545.0,1.191485601,305.142697713,-3455.723881142,-3448.449589316
5091,2545.5,1.169888334,299.611578943,-3455.702309641,-3448.450613467
5092,2546.0,1.11895447,286.567278089,-3455.647969384,-3448.447001699
5093,2546.5,1.093833038,280.133611079,-3455.620001577,-3448.443323828
5094,2547.0,1.128184564,288.931130131,-3455.661779675,-3448.448564815
5095,2547.5,1.171552643,300.037812864,-3455.706579869,-3448.450083405
5096,2548.0,1.187387405,304.093138482,-3455.719271835,-3448.448838906
5097,2548.5,1.183256558,303.035217337,-3455.711254985,-3448.447595521
5098,2549.0,1.175651571,301.087559428,-3455.699726223,-3448.446972392
5099,2549.5,1.164161974,298.145042465,-3455.693570072,-3448.447459744
5100,2550.0,1.160045745,297.090865176,-3455.686975779,-3448.448164831
5101,2550.5,1.139183941,291.748100405,-3455.672431632,-3448.447433632
5102,2551.0,1.12575331,288.308479499,-3455.661685475,-3448.446554266
5103,2551.5,1.125760415,288.310298915,-3455.666403741,-3448.44753347
5104,2552.0,1.138173026,291.489202308,-3455.674726244,-3448.447729
5105,2552.5,1.147258717,293.816072446,-3455.681474099,-3448.447083737
5106,2553.0,1.152756052,295.223954933,-3455.694065454,-3448.446798106
5107,2553.5,1.16875617,299.321628504,-3455.715566408,-3448.447542463
5108,2554.0,1.180021031,302.206590183,-3455.734619814,-3448.449124875
5109,2554.5,1.17906887,301.962739123,-3455.732611661,-3448.449249461
5110,2555.0,1.16649994,298.743801899,-3455.715425188,-3448.447382322
5111,2555.5,1.153715574,295.469691128,-3455.707361454,-3448.449298394
5112,2556.0,1.144250551,293.045672961,-3455.694834136,-3448.447533302
5113,2556.5,1.144938708,293.221911995,-3455.695076615,-3448.447481798
5114,2557.0,1.159789225,297.025169749,-3455.707389236,-3448.448746261
5115,2557.5,1.151767545,294.970795529,-3455.709556564,-3448.448629577
5116,2558.0,1.13984735,291.918001385,-3455.697732528,-3448.448501905
5117,2558.5,1.118088479,286.345495424,-3455.674655563,-3448.447397558
5118,2559.0,1.101503926,282.098146213,-3455.656631343,-3448.446295429
5119,2559.5,1.099736604,281.645530233,-3455.657083833,-3448.447404605
5120,2560.0,1.102957802,282.470487844,-3455.661690061,-3448.448033844
5121,2560.5,1.109267424,284.086399319,-3455.659265922,-3448.447551478
5122,2561.0,1.099052488,281.470326312,-3455.65483312,-3448.446856467
5123,2561.5,1.106178438,283.29530152,-3455.658188314,-3448.446491285
5124,2562.0,1.119034881,286.587871483,-3455.674915545,-3448.446898612
5125,2562.5,1.145882748,293.463683134,-3455.69976424,-3448.448264858
5126,2563.0,1.152369366,295.124923499,-3455.71597689,-3448.4492639
5127,2563.5,1.15476204,295.737693833,-3455.716917038,-3448.447758646
5128,2564.0,1.159724518,297.008598045,-3455.722823116,-3448.449500285
5129,2564.5,1.157455438,296.427480398,-3455.71583977,-3448.450489789
5130,2565.0,1.134854443,290.63930428,-3455.687900125,-3448.44632049
5131,2565.5,1.130116051,289.425789232,-3455.689500691,-3448.447414527
5132,2566.0,1.143116653,292.75527866,-3455.707744276,-3448.450300846
5133,2566.5,1.13491346,290.654418805,-3455.700124161,-3448.448928621
5134,2567.0,1.120581151,286.983875413,-3455.679322567,-3448.446741562
5135,2567.5,1.108351004,283.851701648,-3455.671687577,-3448.447260638
5136,2568.0,1.106342967,283.33743797,-3455.670746886,-3448.447925633
5137,2568.5,1.100862211,281.933801473,-3455.664870543,-3448.447599673
5138,2569.0,1.089782521,279.096262694,-3455.656686635,-3448.447064735
5139,2569.5,1.086865258,278.349143677,-3455.65364956,-3448.446795736
5140,2570.0,1.087058508,278.398635637,-3455.65966989,-3448.446942825
5141,2570.5,1.095930164,280.670690713,-3455.672781747,-3448.447537159
5142,2571.0,1.102601986,282.379362479,-3455.684906106,-3448.448552116
5143,2571.5,1.111779056,284.729635036,-3455.683649442,-3448.448977796
5144,2572.0,1.102413863,282.331183594,-3455.670390148,-3448.44648119
5145,2572.5,1.118958583,286.568331445,-3455.681280231,-3448.446810851
5146,2573.0,1.150441826,294.631275418,-3455.71185436,-3448.450724512
5147,2573.5,1.151612566,294.931105025,-3455.712816998,-3448.449684293
5148,2574.0,1.131198415,289.702985514,-3455.697933125,-3448.447196099
5149,2574.5,1.125580768,288.264290966,-3455.696407359,-3448.449126679
5150,2575.0,1.123225212,287.661026594,-3455.687816175,-3448.447921801
5151,2575.5,1.116234687,285.870734305,-3455.678383467,-3448.447439459
5152,2576.0,1.110052419,284.287438504,-3455.672014079,-3448.447356611
5153,2576.5,1.110754453,284.467231451,-3455.6667283,-3448.446782369
5154,2577.0,1.10960383,284.172553721,-3455.667360599,-3448.446570896
5155,2577.5,1.123436461,287.715128028,-3455.67572594,-3448.446708293
5156,2578.0,1.139107608,291.728551407,-3455.689183398,-3448.446935573
5157,2578.5,1.148529699,294.141574507,-3455.703879359,-3448.447236346
5158,2579.0,1.150546281,294.658026528,-3455.71570218,-3448.447700451
5159,2579.5,1.150824653,294.729318501,-3455.71945082,-3448.448172203
5160,2580.0,1.139605717,291.856118392,-3455.712060067,-3448.447813557
5161,2580.5,1.136799642,291.137475115,-3455.705844502,-3448.44548409
5162,2581.0,1.161918936,297.570594458,-3455.733962056,-3448.446869122
5163,2581.5,1.196894816,306.528012326,-3455.775765449,-3448.45162299
5164,2582.0,1.184972566,303.474691546,-3455.766527216,-3448.451388661
5165,2582.5,1.129723902,289.325358868,-3455.71218167,-3448.446234647
5166,2583.0,1.092884809,279.890767068,-3455.682529268,-3448.446014767
5167,2583.5,1.092193679,279.713766855,-3455.685956725,-3448.447989919
5168,2584.0,1.098920327,281.436479528,-3455.689717218,-3448.448127828
5169,2584.5,1.093783615,280.120953825,-3455.683941872,-3448.447229379
5170,2585.0,1.090498934,279.27973805,-3455.677070248,-3448.446591888
5171,2585.5,1.087702502,278.563564036,-3455.676669377,-3448.446570866
5172,2586.0,1.098270224,281.269986454,-3455.682543486,-3448.446944843
5173,2586.5,1.098701338,281.380395818,-3455.689178206,-3448.447407637
5174,2587.0,1.103235783,282.541679662,-3455.690536867,-3448.447623694
5175,2587.5,1.098339778,281.287799322,-3455.685076678,-3448.447378658
5176,2588.0,1.088769247,278.836760446,-3455.677900275,-3448.447211483
5177,2588.5,1.083371776,277.454453392,-3455.673738601,-3448.447502687
5178,2589.0,1.082047255,277.115240039,-3455.675796933,-3448.446170845
5179,2589.5,1.102835601,282.439191783,-3455.702121,-3448.447573906
5180,2590.0,1.122381329,287.444905997,-3455.731772328,-3448.451039733
5181,2590.5,1.105226214,283.051434373,-3455.716574023,-3448.450685316
5182,2591.0,1.057337151,270.786915249,-3455.665121293,-3448.445636443
5183,2591.5,1.042169329,266.902394959,-3455.648266999,-3448.444791805
5184,2592.0,1.069932896,274.012719681,-3455.676720782,-3448.448879944
5185,2592.5,1.08778845,278.585575626,-3455.692227502,-3448.448860291
5186,2593.0,1.075995129,275.56527426,-3455.682735291,-3448.447553911
5187,2593.5,1.059555466,271.355031785,-3455.662291584,-3448.446749039
5188,2594.0,1.040013044,266.350164583,-3455.641469503,-3448.446492818
5189,2594.5,1.034277192,264.88119725,-3455.624390074,-3448.446500868
5190,2595.0,1.024922392,262.485407492,-3455.612169295,-3448.446361878
5191,2595.5,1.022439255,261.849469331,-3455.608653737,-3448.445865114
5192,2596.0,1.036211187,265.376498514,-3455.62201226,-3448.445889336
5193,2596.5,1.066705982,273.186298451,-3455.651761767,-3448.447373479
5194,2597.0,1.090452559,279.267861113,-3455.67902834,-3448.448379744
5195,2597.5,1.107050577,283.518658724,-3455.695629059,-3448.446578022
5196,2598.0,1.130566246,289.541085386,-3455.723520899,-3448.448273526
5197,2598.5,1.146796056,293.697583772,-3455.741073816,-3448.451059613
5198,2599.0,1.114848976,285.515849876,-3455.710586199,-3448.449749977
5199,2599.5,1.051549367,269.304648186,-3455.651918929,-3448.446347938
5200,2600.0,1.02119182,261.529997883,-3455.619952858,-3448.444063121
5201,2600.5,1.040705935,266.52761584,-3455.642791042,-3448.447323708
5202,2601.0,1.074359775,275.14645547,-3455.677121545,-3448.448436843
5203,2601.5,1.095973779,280.681860691,-3455.696616938,-3448.44778813
5204,2602.0,1.107623723,283.665442901,-3455.704196053,-3448.447349706
5205,2602.5,1.113782849,285.242811814,-3455.704055084,-3448.447163774
5206,2603.0,1.106200304,283.300901497,-3455.698794835,-3448.446781284
5207,2603.5,1.103906422,282.71343197,-3455.694613594,-3448.446228432
5208,2604.0,1.103246632,282.544457919,-3455.6991652,-3448.446429809
5209,2604.5,1.115541411,285.693184205,-3455.709384423,-3448.447470208
5210,2605.0,1.119254516,286.644120562,-3455.710455963,-3448.44830181
5211,2605.5,1.097774692,281.143079378,-3455.692219558,-3448.447622499
5212,2606.0,1.081233835,276.906920889,-3455.671019727,-3448.444840447
5213,2606.5,1.08800488,278.641003893,-3455.683910792,-3448.446485127
5214,2607.0,1.114269319,285.36739819,-3455.713209187,-3448.448268367
5215,2607.5,1.138634163,291.607300878,-3455.731016675,-3448.448252467
5216,2608.0,1.140395817,292.05846523,-3455.732405945,-3448.448961154
5217,2608.5,1.12454871,287.999978169,-3455.715961334,-3448.446089307
5218,2609.0,1.127246163,288.690803005,-3455.716719125,-3448.446727229
5219,2609.5,1.133755426,290.357842901,-3455.726768491,-3448.448689471
5220,2610.0,1.118763518,286.518374796,-3455.714995077,-3448.447940247
5221,2610.5,1.098272152,281.270480177,-3455.686081617,-3448.446780771
5222,2611.0,1.073183829,274.845292493,-3455.656569079,-3448.445615429
5223,2611.5,1.059892362,271.441311808,-3455.643962683,-3448.444892263
5224,2612.0,1.075480786,275.433549513,-3455.65831046,-3448.445370659
5225,2612.5,1.108299358,283.8384749,-3455.691900904,-3448.446600509
5226,2613.0,1.141596949,292.366078323,-3455.725377246,-3448.447845418
5227,2613.5,1.158895883,296.796382455,-3455.739069134,-3448.448889168
5228,2614.0,1.142835409,292.683251376,-3455.720513325,-3448.448180307
5229,2614.5,1.115131154,285.588116285,-3455.687572518,-3448.445095028
5230,2615.0,1.10808611,283.783861588,-3455.682085088,-3448.445930082
5231,2615.5,1.132583354,290.057672219,-3455.69896593,-3448.446746521
5232,2616.0,1.154496354,295.669651106,-3455.719169147,-3448.448333106
5233,2616.5,1.15128327,294.846771372,-3455.717254339,-3448.449344744
5234,2617.0,1.125097507,288.140526417,-3455.682897478,-3448.446248778
5235,2617.5,1.108667489,283.932754149,-3455.659420342,-3448.444976409
5236,2618.0,1.109971717,284.266770654,-3455.662376955,-3448.447663419
5237,2618.5,1.105970949,283.242163134,-3455.655870222,-3448.446802857
5238,2619.0,1.100079027,281.733225737,-3455.643896654,-3448.44522435
5239,2619.5,1.103680211,282.655498771,-3455.646471532,-3448.444894457
5240,2620.0,1.126156353,288.411699885,-3455.667320512,-3448.445836258
5241,2620.5,1.154092043,295.566105816,-3455.692261818,-3448.446732505
5242,2621.0,1.167813319,299.080161927,-3455.706545409,-3448.447104852
5243,2621.5,1.163617234,298.005533189,-3455.703441963,-3448.447456751
5244,2622.0,1.141484409,292.337256567,-3455.678817933,-3448.447899274
5245,2622.5,1.092570663,279.810313516,-3455.632110422,-3448.446521661
5246,2623.0,1.063079253,272.257483322,-3455.593361803,-3448.44287454
5247,2623.5,1.080994655,276.845666339,-3455.612929833,-3448.444166924
5248,2624.0,1.139728146,291.887472864,-3455.675897305,-3448.446976063
5249,2624.5,1.191759157,305.212756033,-3455.735682344,-3448.448488106
5250,2625.0,1.220714091,312.628193154,-3455.76321601,-3448.449239507
5251,2625.5,1.209637876,309.791544467,-3455.748030419,-3448.447951032
5252,2626.0,1.189428526,304.615875087,-3455.715660739,-3448.444762482
5253,2626.5,1.18496943,303.473888564,-3455.705605328,-3448.44684978
5254,2627.0,1.17556573,301.065575506,-3455.695517474,-3448.446669718
5255,2627.5,1.162267901,297.659965293,-3455.679535453,-3448.445269061
5256,2628.0,1.160944053,297.320924174,-3455.672981019,-3448.444894244
5257,2628.5,1.170557754,299.783019233,-3455.680133081,-3448.444932269
5258,2629.0,1.189569327,304.651934727,-3455.698613493,-3448.445161959
5259,2629.5,1.214387979,311.008058662,-3455.72336391,-3448.445756381
5260,2630.0,1.242304508,318.157557786,-3455.744624362,-3448.446859658
5261,2630.5,1.248176011,319.661265444,-3455.74665086,-3448.44803511
5262,2631.0,1.223412317,313.319216339,-3455.718599072,-3448.446399644
5263,2631.5,1.199826525,307.278830757,-3455.693900364,-3448.442622413
5264,2632.0,1.227240462,314.299614696,-3455.720247124,-3448.445963465
5265,2632.5,1.26650129,324.354419302,-3455.756964457,-3448.448166038
5266,2633.0,1.273468639,326.138776169,-3455.764449858,-3448.447405346
5267,2633.5,1.25835172,322.26729214,-3455.746813391,-3448.4468356
5268,2634.0,1.234000931,316.030989062,-3455.712609417,-3448.446778337
5269,2634.5,1.186196033,303.788024866,-3455.670241324,-3448.444569875
5270,2635.0,1.183345038,303.057877306,-3455.657929999,-3448.442684541
5271,2635.5,1.220795175,312.648959059,-3455.696222521,-3448.446843524
5272,2636.0,1.260853373,322.907972283,-3455.730136777,-3448.447899979
5273,2636.5,1.254078039,321.172790845,-3455.733477642,-3448.446689349
5274,2637.0,1.239942144,317.552549921,-3455.718057086,-3448.445555111
5275,2637.5,1.219300243,312.266102874,-3455.699120408,-3448.44502112
5276,2638.0,1.201940649,307.820263659,-3455.684050102,-3448.445236375
5277,2638.5,1.187213886,304.048699836,-3455.669707013,-3448.446189056
5278,2639.0,1.153802178,295.491870522,-3455.644991608,-3448.446729787
5279,2639.5,1.117909913,286.299764036,-3455.610695738,-3448.444260547
5280,2640.0,1.112989413,285.039610718,-3455.607744222,-3448.442241752
5281,2640.5,1.164343499,298.191531483,-3455.659242828,-3448.446644977
5282,2641.0,1.210270325,309.953516536,-3455.707301029,-3448.448284256
5283,2641.5,1.220234542,312.50537951,-3455.718766924,-3448.447125526
5284,2642.0,1.209439131,309.740645412,-3455.706135133,-3448.445645029
5285,2642.5,1.193249721,305.594493534,-3455.691366184,-3448.444787674
5286,2643.0,1.195802099,306.248164392,-3455.68734837,-3448.445361436
5287,2643.5,1.195739165,306.232046829,-3455.68665216,-3448.446713607
5288,2644.0,1.189537001,304.643655879,-3455.673716277,-3448.445812446
5289,2644.5,1.180591641,302.352724929,-3455.664394327,-3448.443633609
5290,2645.0,1.199395438,307.168428287,-3455.684061586,-3448.445525221
5291,2645.5,1.224352043,313.55988259,-3455.710158281,-3448.446228913
5292,2646.0,1.236833044,316.756300763,-3455.727247576,-3448.445991075
5293,2646.5,1.242461708,318.197817094,-3455.735559454,-3448.446308994
5294,2647.0,1.238296703,317.131148048,-3455.73115688,-3448.446725448
5295,2647.5,1.21156554,310.285224408,-3455.711888357,-3448.446183408
5296,2648.0,1.190480418,304.885267394,-3455.689482258,-3448.445278697
5297,2648.5,1.190104605,304.789020772,-3455.682465835,-3448.44425469
5298,2649.0,1.205883975,308.830160217,-3455.701236264,-3448.446504358
5299,2649.5,1.223752702,313.40638968,-3455.715142741,-3448.447458298
5300,2650.0,1.224241072,313.53146275,-3455.7048236,-3448.446067287
5301,2650.5,1.209399929,309.73060568,-3455.685036419,-3448.444807273
5302,2651.0,1.187375182,304.090008102,-3455.672449479,-3448.444621487
5303,2651.5,1.185153534,303.521038137,-3455.669174363,-3448.444996226
5304,2652.0,1.182181097,302.759788856,-3455.669027481,-3448.445137836
5305,2652.5,1.186521175,303.871294588,-3455.668788582,-3448.445031057
5306,2653.0,1.189649545,304.672478592,-3455.669194079,-3448.444853045
5307,2653.5,1.192170142,305.318010378,-3455.672650209,-3448.444715475
5308,2654.0,1.194726985,305.972824862,-3455.681216745,-3448.444815715
5309,2654.5,1.206196894,308.910299585,-3455.693397668,-3448.445357382
5310,2655.0,1.217318051,311.758458308,-3455.702090931,-3448.445996395
5311,2655.5,1.217995329,311.931910828,-3455.700849511,-3448.445700076
5312,2656.0,1.216374602,311.51683821,-3455.69570738,-3448.445736301
5313,2656.5,1.21016547,309.926662817,-3455.687731613,-3448.446692507
5314,2657.0,1.194188377,305.834885879,-3455.671650176,-3448.444342599
5315,2657.5,1.200888559,307.550820644,-3455.677750046,-3448.444031963
5316,2658.0,1.227482932,314.361711715,-3455.708748935,-3448.446414751
5317,2658.5,1.240831731,317.780375533,-3455.730971554,-3448.446333015
5318,2659.0,1.246019049,319.108861622,-3455.737590241,-3448.446010924
5319,2659.5,1.242226606,318.137606866,-3455.73009409,-3448.445831336
5320,2660.0,1.216995194,311.675773718,-3455.709568044,-3448.445380856
5321,2660.5,1.188004731,304.251237217,-3455.681437996,-3448.444840595
5322,2661.0,1.168203845,299.180176718,-3455.653500602,-3448.444441828
5323,2661.5,1.142508671,292.599572875,-3455.631806068,-3448.444264023
5324,2662.0,1.131441544,289.765251459,-3455.619096743,-3448.444338892
5325,2662.5,1.121302766,287.16868289,-3455.614547839,-3448.444634852
5326,2663.0,1.123085197,287.625168309,-3455.614468693,-3448.444853431
5327,2663.5,1.12978869,289.341951229,-3455.617541291,-3448.444286664
5328,2664.0,1.146267554,293.562233046,-3455.63272499,-3448.444120882
5329,2664.5,1.176816046,301.385784651,-3455.659750578,-3448.446447893
5330,2665.0,1.178176465,301.734191782,-3455.667250693,-3448.447728168
5331,2665.5,1.14935197,294.352160405,-3455.639085136,-3448.445215793
5332,2666.0,1.134702983,290.600514985,-3455.611972186,-3448.442598248
5333,2666.5,1.140528412,292.092423046,-3455.618253652,-3448.444790239
5334,2667.0,1.152869603,295.25303565,-3455.630729591,-3448.445472818
5335,2667.5,1.161138505,297.370724029,-3455.63323026,-3448.444782555
5336,2668.0,1.153599426,295.439945323,-3455.631783311,-3448.444186037
5337,2668.5,1.146662766,293.66344793,-3455.634438472,-3448.444105348
5338,2669.0,1.154260206,295.609172874,-3455.642612035,-3448.444540924
5339,2669.5,1.164603166,298.25803291,-3455.650508535,-3448.445244939
5340,2670.0,1.158661322,296.736310648,-3455.649311095,-3448.445587766
5341,2670.5,1.14413895,293.017091677,-3455.636371092,-3448.444919446
5342,2671.0,1.132177625,289.953763842,-3455.622583813,-3448.444497506
5343,2671.5,1.132607851,290.063945915,-3455.616103248,-3448.444637275
5344,2672.0,1.124734146,288.047468659,-3455.619506367,-3448.443821428
5345,2672.5,1.140612247,292.113893446,-3455.641647932,-3448.444884769
5346,2673.0,1.16318348,297.894447471,-3455.667731895,-3448.446434133
5347,2673.5,1.172054131,300.16624525,-3455.673841449,-3448.446739088
5348,2674.0,1.164700243,298.282894795,-3455.656245638,-3448.44483811
5349,2674.5,1.149805486,294.468307016,-3455.644192307,-3448.442862021
5350,2675.0,1.163604013,298.002147111,-3455.659586682,-3448.445686482
5351,2675.5,1.174985295,300.916924529,-3455.666312627,-3448.446306812
5352,2676.0,1.156121825,296.085938551,-3455.64825541,-3448.444988337
5353,2676.5,1.133882601,290.390412864,-3455.620359554,-3448.443839705
5354,2677.0,1.106714018,283.432465088,-3455.599299268,-3448.44330024
5355,2677.5,1.097775919,281.143393647,-3455.593736575,-3448.44330644
5356,2678.0,1.102277355,282.296223674,-3455.60395283,-3448.443721564
5357,2678.5,1.11362319,285.201922782,-3455.623824837,-3448.444388231
5358,2679.0,1.135391966,290.776965346,-3455.643833669,-3448.445045475
5359,2679.5,1.153847743,295.503540049,-3455.656102242,-3448.44492712
5360,2680.0,1.164479436,298.226345457,-3455.665326914,-3448.443701003
5361,2680.5,1.184577174,303.373430608,-3455.688784384,-3448.444120207
5362,2681.0,1.21720308,311.729013873,-3455.722030587,-3448.44562935
5363,2681.5,1.238623803,317.214919193,-3455.743670132,-3448.446519108
5364,2682.0,1.22730311,314.31565894,-3455.739526935,-3448.447301823
5365,2682.5,1.195063692,306.059056387,-3455.705382312,-3448.445159316
5366,2683.0,1.171171285,299.940146003,-3455.681385217,-3448.441291709
5367,2683.5,1.20386968,308.314293843,-3455.712437139,-3448.445615093
5368,2684.0,1.235637608,316.450146457,-3455.743942444,-3448.44741241
5369,2684.5,1.231847582,315.47951049,-3455.738271136,-3448.445887809
5370,2685.0,1.209042412,309.639044553,-3455.709082494,-3448.444363124
5371,2685.5,1.185057576,303.49646283,-3455.676442088,-3448.443469636
5372,2686.0,1.17240561,300.256260077,-3455.652693754,-3448.443217257
5373,2686.5,1.1585455,296.706648381,-3455.641373439,-3448.44356634
5374,2687.0,1.144997436,293.236952193,-3455.637835945,-3448.444287676
5375,2687.5,1.140361034,292.049557164,-3455.633095294,-3448.444549261
5376,2688.0,1.136348685,291.021983813,-3455.626564774,-3448.443471434
5377,2688.5,1.144176121,293.026611394,-3455.633841378,-3448.443317054
5378,2689.0,1.164028221,298.110787955,-3455.657509816,-3448.444412284
5379,2689.5,1.195713139,306.225381502,-3455.683291879,-3448.444440941
5380,2690.0,1.21472052,311.093223343,-3455.707588951,-3448.444687776
5381,2690.5,1.224687996,313.645921163,-3455.725421004,-3448.445807365
5382,2691.0,1.225142073,313.762211524,-3455.723721579,-3448.445805492
5383,2691.5,1.210278372,309.955577375,-3455.707724547,-3448.444181005
5384,2692.0,1.192495581,305.401356191,-3455.698034592,-3448.445696789
5385,2692.5,1.17665785,301.345270183,-3455.685750827,-3448.444115858
5386,2693.0,1.181456637,302.574252663,-3455.688232919,-3448.444284613
5387,2693.5,1.189652723,304.673292586,-3455.701063478,-3448.445813778
5388,2694.0,1.181073697,302.476180598,-3455.69900585,-3448.44496666
5389,2694.5,1.168975363,299.377764627,-3455.687276704,-3448.444347948
5390,2695.0,1.151590342,294.925413414,-3455.673271892,-3448.444570053
5391,2695.5,1.136408282,291.037246627,-3455.654497522,-3448.444804821
5392,2696.0,1.110236556,284.334596576,-3455.630541131,-3448.443715152
5393,2696.5,1.092827306,279.876040356,-3455.617793039,-3448.443019717
5394,2697.0,1.099281402,281.528951829,-3455.625472086,-3448.443992267
5395,2697.5,1.111695132,284.708141818,-3455.641135126,-3448.444227546
5396,2698.0,1.126353211,288.46211568,-3455.657945017,-3448.444344327
5397,2698.5,1.144902449,293.212625944,-3455.672036473,-3448.44469927
5398,2699.0,1.158533613,296.703604124,-3455.677359125,-3448.445169946
5399,2699.5,1.151929693,295.012322193,-3455.667780282,-3448.445380453
5400,2700.0,1.131635108,289.814823857,-3455.645865318,-3448.443741471
5401,2700.5,1.126555088,288.513816941,-3455.636207721,-3448.444281874
5402,2701.0,1.127042041,288.638526974,-3455.635903802,-3448.445257812
5403,2701.5,1.138243702,291.507302625,-3455.638448664,-3448.44311088
5404,2702.0,1.168265169,299.195881878,-3455.661870458,-3448.445453398
5405,2702.5,1.18033444,302.286854969,-3455.675080568,-3448.445636782
5406,2703.0,1.172663197,300.322228757,-3455.666056284,-3448.444844564
5407,2703.5,1.149034096,294.270751851,-3455.643397785,-3448.44425448
5408,2704.0,1.12664659,288.537250757,-3455.61845147,-3448.44295574
5409,2704.5,1.121596129,287.243813931,-3455.61211364,-3448.442138758
5410,2705.0,1.145342904,293.325427493,-3455.63535262,-3448.443518153
5411,2705.5,1.182224687,302.770952462,-3455.669550614,-3448.444467408
5412,2706.0,1.211211014,310.194429372,-3455.696752617,-3448.444699653
5413,2706.5,1.230248932,315.070091916,-3455.710310483,-3448.444576213
5414,2707.0,1.234522664,316.164606253,-3455.710441767,-3448.444412046
5415,2707.5,1.218623981,312.092910402,-3455.699507619,-3448.44454627
5416,2708.0,1.191718184,305.202262648,-3455.678010513,-3448.4446205
5417,2708.5,1.161874544,297.559225532,-3455.652162741,-3448.442891222
5418,2709.0,1.158671121,296.738820145,-3455.650355984,-3448.442966237
5419,2709.5,1.18061688,302.359188742,-3455.672716666,-3448.445677441
5420,2710.0,1.209741481,309.818078115,-3455.691627705,-3448.443465642
5421,2710.5,1.232479838,315.641433108,-3455.724063211,-3448.445699052
5422,2711.0,1.248834056,319.829792568,-3455.74071916,-3448.447197396
5423,2711.5,1.224650454,313.636306432,-3455.714102232,-3448.446061995
5424,2712.0,1.168792918,299.331039923,-3455.658230396,-3448.443713764
5425,2712.5,1.123244124,287.665870008,-3455.610404668,-3448.441467263
5426,2713.0,1.11854756,286.463067361,-3455.602567344,-3448.442141651
5427,2713.5,1.140073987,291.97604359,-3455.626609935,-3448.443679477
5428,2714.0,1.174756675,300.858374319,-3455.657487919,-3448.444442227
5429,2714.5,1.194543198,305.925756615,-3455.680019947,-3448.444460034
5430,2715.0,1.20014263,307.359786336,-3455.691202711,-3448.44414169
5431,2715.5,1.202223924,307.892811358,-3455.69417337,-3448.444003516
5432,2716.0,1.197057693,306.569725521,-3455.690620597,-3448.44439048
5433,2716.5,1.182914703,302.94766744,-3455.67619262,-3448.444811798
5434,2717.0,1.160532232,297.215455689,-3455.650687752,-3448.443162929
5435,2717.5,1.145146708,293.275181223,-3455.641122875,-3448.442597097
5436,2718.0,1.157170041,296.354389424,-3455.654864487,-3448.44534083
5437,2718.5,1.167258123,298.937974781,-3455.664830938,-3448.443134221
5438,2719.0,1.188380136,304.347379549,-3455.690560858,-3448.444810797
5439,2719.5,1.205758555,308.798039879,-3455.709682051,-3448.446829437
5440,2720.0,1.181382319,302.555219605,-3455.690457995,-3448.445168993
5441,2720.5,1.147456761,293.866792091,-3455.65423827,-3448.442445215
5442,2721.0,1.131785412,289.853316992,-3455.63866401,-3448.442220732
5443,2721.5,1.14849418,294.13247793,-3455.647726567,-3448.443436932
5444,2722.0,1.172060715,300.167931607,-3455.66223754,-3448.443825035
5445,2722.5,1.184024662,303.231930898,-3455.672089385,-3448.443737089
5446,2723.0,1.190390013,304.862114565,-3455.676185013,-3448.44356715
5447,2723.5,1.19225318,305.33927677,-3455.676178116,-3448.443368976
5448,2724.0,1.186684477,303.913116687,-3455.67482305,-3448.443280934
5449,2724.5,1.190294451,304.837640764,-3455.673405853,-3448.443629177
5450,2725.0,1.180214313,302.256090157,-3455.668126926,-3448.444256228
5451,2725.5,1.162611112,297.747862462,-3455.655167277,-3448.443285227
5452,2726.0,1.151797374,294.978434897,-3455.65324269,-3448.442618542
5453,2726.5,1.167203532,298.923993817,-3455.6704609,-3448.44547044
5454,2727.0,1.172368218,300.246684008,-3455.679312661,-3448.443466507
5455,2727.5,1.190101111,304.788125937,-3455.69990743,-3448.444292676
5456,2728.0,1.203138119,308.126939059,-3455.721381586,-3448.446273013
5457,2728.5,1.2064634,308.978552577,-3455.715755494,-3448.444329069
5458,2729.0,1.190165331,304.8045728,-3455.703242682,-3448.443495096
5459,2729.5,1.183402815,303.072674077,-3455.693775257,-3448.444374414
5460,2730.0,1.163685609,298.023044167,-3455.674868914,-3448.443902383
5461,2730.5,1.140717161,292.140762383,-3455.649637946,-3448.442794341
5462,2731.0,1.117942136,286.308016399,-3455.632188112,-3448.442183344
5463,2731.5,1.114943182,285.539976145,-3455.631044178,-3448.442189665
5464,2732.0,1.133944073,290.406156061,-3455.645881719,-3448.442508995
5465,2732.5,1.151714007,294.957084495,-3455.671223634,-3448.44301878
5466,2733.0,1.179551001,302.086214129,-3455.698439108,-3448.443845387
5467,2733.5,1.187783237,304.194512162,-3455.71515825,-3448.444887568
5468,2734.0,1.181065254,302.474018559,-3455.709360642,-3448.444639204
5469,2734.5,1.166666271,298.786399819,-3455.690016465,-3448.443264265
5470,2735.0,1.150030657,294.525973888,-3455.675100764,-3448.44517191
5471,2735.5,1.128540838,289.022372832,-3455.651569279,-3448.443196689
5472,2736.0,1.123954739,287.847860418,-3455.643808547,-3448.442721169
5473,2736.5,1.1398825,291.927003225,-3455.659211442,-3448.443471855
5474,2737.0,1.161165547,297.377649384,-3455.683830807,-3448.442998359
5475,2737.5,1.192503061,305.403271878,-3455.714308162,-3448.444292609
5476,2738.0,1.203064413,308.108062815,-3455.729532158,-3448.444509829
5477,2738.5,1.205377253,308.700387442,-3455.721224513,-3448.443673354
5478,2739.0,1.185105923,303.508844728,-3455.698417062,-3448.442706055
5479,2739.5,1.165653702,298.52707808,-3455.674563855,-3448.441997847
5480,2740.0,1.141868145,292.435532287,-3455.660179899,-3448.441683315
5481,2740.5,1.140821825,292.167566898,-3455.660372919,-3448.441704505
5482,2741.0,1.157699023,296.489863347,-3455.67527559,-3448.441973141
5483,2741.5,1.189314045,304.586556232,-3455.701024567,-3448.442605526
5484,2742.0,1.222022514,312.963284,-3455.728514624,-3448.443725348
5485,2742.5,1.225883856,313.952184056,-3455.743262411,-3448.444568454
5486,2743.0,1.225850587,313.94366371,-3455.739522517,-3448.443527979
5487,2743.5,1.223361808,313.306280888,-3455.73453417,-3448.444108987
5488,2744.0,1.217271044,311.746419598,-3455.728835162,-3448.443894369
5489,2744.5,1.217915171,311.911382111,-3455.730691251,-3448.442795441
5490,2745.0,1.239686521,317.487084204,-3455.750765123,-3448.44421701
5491,2745.5,1.249086263,319.894383589,-3455.764579385,-3448.444927678
5492,2746.0,1.239147266,317.348979435,-3455.754434989,-3448.444441691
5493,2746.5,1.210399559,309.986613471,-3455.722047065,-3448.443203354
5494,2747.0,1.169597853,299.537185891,-3455.683035005,-3448.442122036
5495,2747.5,1.149392701,294.36259161,-3455.652950145,-3448.441484473
5496,2748.0,1.131547894,289.79248813,-3455.641030138,-3448.441361294
5497,2748.5,1.136162936,290.974412985,-3455.64887061,-3448.441654523
5498,2749.0,1.162944408,297.83322064,-3455.671741301,-3448.442220586
5499,2749.5,1.186632004,303.899678331,-3455.700947742,-3448.442853326
5500,2750.0,1.21332905,310.736864134,-3455.727073105,-3448.443376552
5501,2750.5,1.230768246,315.203089694,-3455.742655324,-3448.443905765
5502,2751.0,1.218997431,312.188551916,-3455.740886641,-3448.444693412
5503,2751.5,1.190789161,304.964337513,-3455.716293974,-3448.44412435
5504,2752.0,1.152976082,295.280305306,-3455.685161967,-3448.442877637
5505,2752.5,1.129569659,289.285856769,-3455.670466964,-3448.442577119
5506,2753.0,1.142879753,292.694607909,-3455.685795002,-3448.44186334
5507,2753.5,1.192644749,305.439558431,-3455.731038367,-3448.44528155
5508,2754.0,1.216642581,311.585468366,-3455.755911844,-3448.445543263
5509,2754.5,1.200424846,307.43206251,-3455.744719385,-3448.443933465
5510,2755.0,1.173403741,300.511884131,-3455.714994141,-3448.44273309
5511,2755.5,1.147426977,293.859164236,-3455.682941143,-3448.44222775
5512,2756.0,1.120646406,287.000587285,-3455.656214492,-3448.442097269
5513,2756.5,1.103311613,282.561099772,-3455.637160795,-3448.442042888
5514,2757.0,1.093833729,280.133788019,-3455.62704446,-3448.441915096
5515,2757.5,1.08821077,278.693732957,-3455.628420906,-3448.441674991
5516,2758.0,1.113214092,285.097151721,-3455.645001609,-3448.441530568
5517,2758.5,1.1518313,294.98712334,-3455.678207019,-3448.442051847
5518,2759.0,1.190697122,304.940765901,-3455.71930867,-3448.443638288
5519,2759.5,1.209037169,309.637701843,-3455.746181664,-3448.445390742
5520,2760.0,1.20119801,307.630071928,-3455.739121486,-3448.444927783
5521,2760.5,1.175767787,301.117322815,-3455.711611219,-3448.443066651
5522,2761.0,1.151252837,294.838977533,-3455.694725104,-3448.442325654
5523,2761.5,1.16497677,298.353713947,-3455.706279978,-3448.442230028
5524,2762.0,1.200074974,307.342459308,-3455.737768609,-3448.445434167
5525,2762.5,1.203828197,308.303669945,-3455.741229038,-3448.444861495
5526,2763.0,1.174762277,300.859808984,-3455.712494348,-3448.443034296
5527,2763.5,1.137162563,291.230419998,-3455.673497334,-3448.441825709
5528,2764.0,1.110885515,284.500796813,-3455.641906256,-3448.441324521
5529,2764.5,1.094154014,280.215813845,-3455.625381326,-3448.441418127
5530,2765.0,1.091961551,279.654318058,-3455.622886673,-3448.441741526
5531,2765.5,1.098070235,281.218768772,-3455.629962944,-3448.44182926
5532,2766.0,1.118783294,286.52343928,-3455.645172879,-3448.441643847
5533,2766.5,1.144253717,293.046483861,-3455.66999521,-3448.441796391
5534,2767.0,1.174709757,300.846358335,-3455.70141865,-3448.442671406
5535,2767.5,1.194472731,305.907709656,-3455.727132665,-3448.443849377
5536,2768.0,1.194965274,306.033851408,-3455.730912604,-3448.444943214
5537,2768.5,1.169697151,299.562616486,-3455.702587714,-3448.443859315
5538,2769.0,1.139733532,291.888852234,-3455.667149966,-3448.440927297
5539,2769.5,1.141212246,292.267554967,-3455.666176531,-3448.44188244
5540,2770.0,1.174508211,300.794741988,-3455.696801946,-3448.441972039
5541,2770.5,1.224118773,313.50014147,-3455.745436821,-3448.444558094
5542,2771.0,1.257993501,322.175551494,-3455.772424965,-3448.444599498
5543,2771.5,1.253469504,321.016943455,-3455.766284428,-3448.443485792
5544,2772.0,1.223665551,313.384070123,-3455.738017048,-3448.442697179
5545,2772.5,1.178215372,301.744155843,-3455.698145708,-3448.442095569
5546,2773.0,1.137073907,291.207715134,-3455.655756575,-3448.441431467
5547,2773.5,1.102808209,282.432176708,-3455.621785414,-3448.440659593
5548,2774.0,1.09271533,279.847363069,-3455.60840855,-3448.440196841
5549,2774.5,1.107328087,283.589729739,-3455.622925254,-3448.440513271
5550,2775.0,1.137823345,291.399648055,-3455.661225473,-3448.441408051
5551,2775.5,1.188187634,304.29807942,-3455.710788798,-3448.442437093
5552,2776.0,1.235781845,316.487085833,-3455.756032768,-3448.444041072
5553,2776.5,1.242707301,318.260714169,-3455.775289238,-3448.445412981
5554,2777.0,1.223312067,313.293542065,-3455.755767699,-3448.444090238
5555,2777.5,1.200268186,307.391941384,-3455.721143071,-3448.442160594
5556,2778.0,1.179928617,302.182922497,-3455.698477573,-3448.44343859
5557,2778.5,1.17017012,299.683745089,-3455.681103809,-3448.441787262
5558,2779.0,1.173470213,300.528907838,-3455.680793277,-3448.443033083
5559,2779.5,1.171981681,300.147690634,-3455.680048241,-3448.443168316
5560,2780.0,1.158903343,296.798292769,-3455.669193674,-3448.442109364
5561,2780.5,1.153753681,295.479450368,-3455.658450351,-3448.441764555
5562,2781.0,1.144608484,293.13734063,-3455.651950523,-3448.44189881
5563,2781.5,1.137635355,291.35150329,-3455.647748553,-3448.441954749
5564,2782.0,1.136820862,291.142909512,-3455.644871056,-3448.4419605
5565,2782.5,1.132656656,290.076444924,-3455.643186238,-3448.442050642
5566,2783.0,1.127350319,288.717477764,-3455.642404612,-3448.441800019
5567,2783.5,1.147351076,293.839725782,-3455.64639927,-3448.44154159
5568,2784.0,1.169906402,299.61620618,-3455.657946771,-3448.442140673
5569,2784.5,1.176631108,301.338421521,-3455.669675111,-3448.442691319
5570,2785.0,1.184805545,303.431917151,-3455.67671217,-3448.442423494
5571,2785.5,1.192422437,305.382623897,-3455.68350198,-3448.443350745
5572,2786.0,1.188913337,304.483933695,-3455.683176938,-3448.443219552
5573,2786.5,1.184413092,303.331408779,-3455.680327699,-3448.44286838
5574,2787.0,1.187708895,304.175472973,-3455.683924675,-3448.442196933
5575,2787.5,1.206706108,309.040710779,-3455.698144261,-3448.443578928
5576,2788.0,1.212724865,310.582130748,-3455.701272161,-3448.444064472
5577,2788.5,1.193521401,305.664071585,-3455.679818747,-3448.442676771
5578,2789.0,1.159045888,296.834799002,-3455.64878353,-3448.441597438
5579,2789.5,1.133350844,290.254228575,-3455.623854728,-3448.44124689
5580,2790.0,1.119331279,286.663779821,-3455.610942952,-3448.441465402
5581,2790.5,1.113759604,285.236858795,-3455.607950277,-3448.441616262
5582,2791.0,1.113888048,285.269753575,-3455.613632239,-3448.441332419
5583,2791.5,1.130063844,289.412418872,-3455.63143087,-3448.441523878
5584,2792.0,1.144797686,293.185795736,-3455.657918558,-3448.442377338
5585,2792.5,1.175494534,301.047341881,-3455.680925176,-3448.442714083
5586,2793.0,1.185592043,303.633341267,-3455.696477203,-3448.44189853
5587,2793.5,1.201493814,307.705828044,-3455.714614369,-3448.442610727
5588,2794.0,1.212477511,310.518782848,-3455.725224148,-3448.444870231
5589,2794.5,1.191065973,305.035229772,-3455.702326436,-3448.443613903
5590,2795.0,1.158832467,296.780141366,-3455.666543429,-3448.441111636
5591,2795.5,1.147224326,293.807264849,-3455.656453969,-3448.440828605
5592,2796.0,1.1584646,296.685929666,-3455.674236479,-3448.443185514
5593,2796.5,1.167383652,298.97012314,-3455.685572297,-3448.443407022
5594,2797.0,1.168922462,299.364216345,-3455.678852127,-3448.442049504
5595,2797.5,1.148932134,294.244639204,-3455.66917895,-3448.441406843
5596,2798.0,1.15027113,294.587559629,-3455.665860933,-3448.44153963
5597,2798.5,1.158196119,296.617170936,-3455.668212791,-3448.441581774
5598,2799.0,1.165615733,298.517354243,-3455.675884448,-3448.441607262
5599,2799.5,1.182535271,302.850493882,-3455.68778937,-3448.442234984
5600,2800.0,1.190561452,304.90602053,-3455.695315852,-3448.442865555
5601,2800.5,1.193723615,305.715858936,-3455.690517999,-3448.442667181
5602,2801.0,1.181470176,302.577720038,-3455.679275803,-3448.441186712
5603,2801.5,1.180954274,302.445596116,-3455.684296056,-3448.440906942
5604,2802.0,1.204162364,308.389251126,-3455.709266292,-3448.443380789
5605,2802.5,1.215392569,311.265337109,-3455.721628732,-3448.445173025
5606,2803.0,1.195075811,306.062160234,-3455.699417445,-3448.443867617
5607,2803.5,1.167550272,299.012794976,-3455.666356972,-3448.441582743
5608,2804.0,1.160044492,297.090544115,-3455.658927525,-3448.441598631
5609,2804.5,1.166968318,298.863754826,-3455.675480311,-3448.444030655
5610,2805.0,1.17282184,300.362857695,-3455.680117442,-3448.444097568
5611,2805.5,1.158891005,296.795133072,-3455.662455226,-3448.442812058
5612,2806.0,1.130188722,289.444400563,-3455.63657577,-3448.441884431
5613,2806.5,1.114869043,285.520989064,-3455.616120045,-3448.441149641
5614,2807.0,1.101926582,282.206389684,-3455.611539449,-3448.441179119
5615,2807.5,1.112946386,285.028591254,-3455.622256791,-3448.442006438
5616,2808.0,1.122357458,287.4387925,-3455.636588616,-3448.442762397
5617,2808.5,1.136592658,291.084465885,-3455.643970057,-3448.44292311
5618,2809.0,1.142219997,292.525642561,-3455.64424299,-3448.441843413
5619,2809.5,1.154223528,295.599779457,-3455.654622856,-3448.440997876
5620,2810.0,1.183423875,303.078067572,-3455.685852645,-3448.44272166
5621,2810.5,1.216766447,311.617190925,-3455.714688786,-3448.444448321
5622,2811.0,1.211084132,310.161934585,-3455.714461314,-3448.445248162
5623,2811.5,1.180859037,302.421205586,-3455.678139462,-3448.443597802
5624,2812.0,1.134832435,290.633668065,-3455.63672439,-3448.441007663
5625,2812.5,1.120551153,286.976192798,-3455.631851072,-3448.441101571
5626,2813.0,1.145626586,293.39807946,-3455.660486804,-3448.444084877
5627,2813.5,1.154939446,295.783128052,-3455.678360542,-3448.444587273
5628,2814.0,1.148491122,294.131694775,-3455.669386332,-3448.443020785
5629,2814.5,1.134631888,290.582307271,-3455.651819825,-3448.441569645
5630,2815.0,1.121090015,287.114196817,-3455.645674347,-3448.441344763
5631,2815.5,1.125653164,288.282831725,-3455.654278636,-3448.44210073
5632,2816.0,1.134287601,290.494134566,-3455.666830275,-3448.44292907
5633,2816.5,1.13874935,291.636800422,-3455.671566602,-3448.443347421
5634,2817.0,1.134413306,290.526327785,-3455.66454339,-3448.442554855
5635,2817.5,1.126374871,288.467662875,-3455.659903972,-3448.44113241
5636,2818.0,1.147913346,293.983724739,-3455.676979287,-3448.441912639
5637,2818.5,1.16844117,299.240956133,-3455.706547586,-3448.443106155
5638,2819.0,1.191590892,305.169662815,-3455.730059625,-3448.443895875
5639,2819.5,1.190541679,304.900956677,-3455.735097378,-3448.444776812
5640,2820.0,1.171050577,299.909232363,-3455.715160284,-3448.44364486
5641,2820.5,1.154904191,295.774099194,-3455.694570749,-3448.441255535
5642,2821.0,1.163103173,297.873880772,-3455.709789651,-3448.442076983
5643,2821.5,1.192284282,305.347241894,-3455.747740513,-3448.445466772
5644,2822.0,1.204718434,308.531662035,-3455.759067446,-3448.445329076
5645,2822.5,1.184595092,303.378019643,-3455.736121491,-3448.443296247
5646,2823.0,1.144807368,293.188275256,-3455.703587856,-3448.442313258
5647,2823.5,1.110863677,284.495203901,-3455.676289472,-3448.442203563
5648,2824.0,1.094143676,280.213166419,-3455.656525576,-3448.44223468
5649,2824.5,1.080012275,276.594076075,-3455.64382955,-3448.442364641
5650,2825.0,1.073302782,274.87575667,-3455.637601377,-3448.442085173
5651,2825.5,1.07882053,276.288867125,-3455.644268596,-3448.441206788
5652,2826.0,1.111616495,284.688002787,-3455.674438725,-3448.4422201
5653,2826.5,1.154314771,295.62314723,-3455.713350395,-3448.443826516
5654,2827.0,1.175463441,301.03937904,-3455.735950415,-3448.444157382
5655,2827.5,1.170134731,299.674681759,-3455.734431659,-3448.444233673
5656,2828.0,1.149331848,294.347006973,-3455.70874253,-3448.444502679
5657,2828.5,1.101723947,282.154494268,-3455.661344835,-3448.443307232
5658,2829.0,1.063718611,272.421224654,-3455.619181541,-3448.440276831
5659,2829.5,1.072239142,274.603355761,-3455.62701404,-3448.440951417
5660,2830.0,1.11688109,286.036279767,-3455.675400054,-3448.444262929
5661,2830.5,1.144345014,293.069865225,-3455.715218226,-3448.444378588
5662,2831.0,1.167939282,299.112421297,-3455.733537816,-3448.443641742
5663,2831.5,1.166417808,298.722767859,-3455.736253082,-3448.443287353
5664,2832.0,1.157352815,296.401198501,-3455.726559608,-3448.443155359
5665,2832.5,1.140919331,292.192538562,-3455.705100724,-3448.443173628
5666,2833.0,1.111960679,284.776149054,-3455.672500048,-3448.442662593
5667,2833.5,1.071416077,274.392566398,-3455.640097199,-3448.440963944
5668,2834.0,1.063754981,272.430539092,-3455.632735828,-3448.440728029
5669,2834.5,1.092399135,279.766384623,-3455.654019893,-3448.442063236
5670,2835.0,1.113272196,285.112032178,-3455.684662475,-3448.442544006
5671,2835.5,1.139039075,291.710999758,-3455.714173735,-3448.442777998
5672,2836.0,1.159906564,297.055220463,-3455.737318082,-3448.443659559
5673,2836.5,1.163203355,297.899537548,-3455.741305276,-3448.445192006
5674,2837.0,1.135105544,290.70361183,-3455.709122229,-3448.444771905
5675,2837.5,1.085788769,278.073451875,-3455.657599217,-3448.440428287
5676,2838.0,1.089856572,279.115227351,-3455.648907234,-3448.440073019
5677,2838.5,1.123486211,287.727869266,-3455.688106588,-3448.443843181
5678,2839.0,1.159615935,296.980789727,-3455.719907327,-3448.444426142
5679,2839.5,1.161320051,297.417218431,-3455.724635455,-3448.443432927
5680,2840.0,1.142143631,292.506085148,-3455.711136275,-3448.442701983
5681,2840.5,1.109408976,284.12265111,-3455.689357902,-3448.442536229
5682,2841.0,1.078573456,276.225590638,-3455.663677249,-3448.442289966
5683,2841.5,1.05708246,270.721688153,-3455.641501276,-3448.441118008
5684,2842.0,1.058369343,271.051262478,-3455.640455548,-3448.440957417
5685,2842.5,1.082798938,277.307747973,-3455.662318982,-3448.442421396
5686,2843.0,1.108273537,283.831862052,-3455.686774969,-3448.442758391
5687,2843.5,1.135558066,290.819504014,-3455.70533938,-3448.442355897
5688,2844.0,1.152663514,295.200255788,-3455.721208639,-3448.442488764
5689,2844.5,1.162947256,297.83394997,-3455.731496594,-3448.443547404
5690,2845.0,1.144922677,293.217806221,-3455.721705803,-3448.444839453
5691,2845.5,1.096694243,280.866373328,-3455.679811396,-3448.443720968
5692,2846.0,1.050249249,268.971684256,-3455.633587602,-3448.439131734
5693,2846.5,1.067824289,273.472699934,-3455.647340854,-3448.440025885
5694,2847.0,1.132851434,290.126328259,-3455.709177109,-3448.444391572
5695,2847.5,1.176493427,301.303161177,-3455.753540643,-3448.444695089
5696,2848.0,1.175025314,300.927173476,-3455.763326579,-3448.443785152
5697,2848.5,1.155820002,296.00864094,-3455.748145204,-3448.443370476
5698,2849.0,1.118922028,286.558969564,-3455.715260076,-3448.442873707
5699,2849.5,1.079129359,276.367958861,-3455.675615808,-3448.441286531
5700,2850.0,1.057732224,270.888094555,-3455.653618398,-3448.440427291
5701,2850.5,1.060628463,271.629829252,-3455.661518452,-3448.441571756
5702,2851.0,1.080314692,276.671525928,-3455.684503063,-3448.442032993
5703,2851.5,1.108141271,283.797988462,-3455.712786262,-3448.442030197
5704,2852.0,1.143600923,292.879301512,-3455.744024353,-3448.442467358
5705,2852.5,1.173944251,300.65031023,-3455.770957871,-3448.443212302
5706,2853.0,1.184434483,303.336887245,-3455.782798178,-3448.444006203
5707,2853.5,1.172404754,300.256040761,-3455.769617426,-3448.44459584
5708,2854.0,1.131572003,289.798662407,-3455.729346168,-3448.443248712
5709,2854.5,1.096912716,280.922325085,-3455.692660522,-3448.439378143
5710,2855.0,1.126137192,288.406792631,-3455.712627235,-3448.441248656
5711,2855.5,1.177477325,301.555140155,-3455.76409764,-3448.445074326
5712,2856.0,1.208284811,309.445021011,-3455.787347749,-3448.444802672
5713,2856.5,1.198508422,306.941261024,-3455.774338043,-3448.443628152
5714,2857.0,1.165196469,298.409979441,-3455.73882753,-3448.442705664
5715,2857.5,1.125019982,288.120672112,-3455.696466989,-3448.4412041
5716,2858.0,1.10038731,281.812177957,-3455.670372353,-3448.440469831
5717,2858.5,1.092931699,279.902775746,-3455.670535479,-3448.441760033
5718,2859.0,1.11405723,285.313081538,-3455.680153734,-3448.442210111
5719,2859.5,1.12157163,287.237539866,-3455.689442874,-3448.442001743
5720,2860.0,1.132970559,290.156836427,-3455.698474526,-3448.441973701
5721,2860.5,1.141789367,292.415357196,-3455.706450781,-3448.442054249
5722,2861.0,1.139494265,291.827575384,-3455.711305228,-3448.442145607
5723,2861.5,1.141161663,292.254600494,-3455.711906913,-3448.44255536
5724,2862.0,1.1317438,289.842660055,-3455.703173,-3448.443730768
5725,2862.5,1.104531227,282.873446395,-3455.674745455,-3448.443096892
5726,2863.0,1.083059069,277.374368449,-3455.647754656,-3448.43901611
5727,2863.5,1.109896015,284.247383043,-3455.676534716,-3448.441070993
5728,2864.0,1.165605785,298.514806387,-3455.73483012,-3448.444932017
5729,2864.5,1.200710401,307.505193843,-3455.762840023,-3448.444796799
5730,2865.0,1.193810928,305.738220169,-3455.751621413,-3448.443620665
5731,2865.5,1.16384458,298.063757005,-3455.717780293,-3448.441722958
5732,2866.0,1.138832597,291.658120236,-3455.690312552,-3448.440322133
5733,2866.5,1.138162472,291.486499375,-3455.688576887,-3448.44141533
5734,2867.0,1.147046099,293.761620445,-3455.699081495,-3448.442312279
5735,2867.5,1.159375019,296.91909047,-3455.706458514,-3448.442406312
5736,2868.0,1.155309982,295.878023312,-3455.707531288,-3448.442076883
5737,2868.5,1.161913784,297.569275012,-3455.706673554,-3448.44151505
5738,2869.0,1.171524672,300.030649366,-3455.711712085,-3448.441004097
5739,2869.5,1.183152774,303.008637922,-3455.729401287,-3448.441206156
5740,2870.0,1.206057074,308.8744914,-3455.756202027,-3448.442814173
5741,2870.5,1.219387223,312.288378855,-3455.769631394,-3448.44489562
5742,2871.0,1.19282886,305.486709996,-3455.744519197,-3448.444203595
5743,2871.5,1.153190909,295.335322875,-3455.70215106,-3448.439255865
5744,2872.0,1.143816839,292.934598328,-3455.708803833,-3448.440990147
5745,2872.5,1.171120704,299.927192148,-3455.744350709,-3448.444991686
5746,2873.0,1.171585277,300.046170493,-3455.749061079,-3448.444579519
5747,2873.5,1.143262769,292.792699306,-3455.721378754,-3448.442332388
5748,2874.0,1.119202357,286.630762599,-3455.693585389,-3448.44037579
5749,2874.5,1.117061991,286.082609087,-3455.692146882,-3448.441208151
5750,2875.0,1.133711165,290.346507637,-3455.706498731,-3448.442342059
5751,2875.5,1.140156306,291.997125692,-3455.717521779,-3448.442560392
5752,2876.0,1.134554842,290.562575594,-3455.718423558,-3448.44239254
5753,2876.5,1.127559212,288.770975809,-3455.710345883,-3448.44192607
5754,2877.0,1.113455575,285.158995961,-3455.700411215,-3448.441088928
5755,2877.5,1.120291224,286.909624329,-3455.700746686,-3448.440600491
5756,2878.0,1.134626576,290.580946957,-3455.718032808,-3448.441202292
5757,2878.5,1.15457948,295.690939672,-3455.743690004,-3448.442542917
5758,2879.0,1.165675007,298.532534393,-3455.758237763,-3448.444148188
5759,2879.5,1.153407564,295.390808804,-3455.742624952,-3448.443815247
5760,2880.0,1.137888363,291.416299526,-3455.713522898,-3448.439142211
5761,2880.5,1.152287567,295.10397462,-3455.732591038,-3448.441349744
5762,2881.0,1.19447159,305.907417506,-3455.773022045,-3448.445679273
5763,2881.5,1.192194235,305.324180769,-3455.77153089,-3448.443999988
5764,2882.0,1.171212525,299.950707685,-3455.743125738,-3448.441085586
5765,2882.5,1.158379193,296.664056673,-3455.724921976,-3448.441268439
5766,2883.0,1.141845094,292.42962896,-3455.715743425,-3448.442060613
5767,2883.5,1.123659677,287.772294366,-3455.70247916,-3448.44187599
5768,2884.0,1.110681122,284.448451001,-3455.685035168,-3448.44140967
5769,2884.5,1.100530222,281.848778142,-3455.669539891,-3448.440862377
5770,2885.0,1.091262369,279.475255766,-3455.664509353,-3448.440269531
5771,2885.5,1.103789977,282.683610134,-3455.678615652,-3448.440278058
5772,2886.0,1.131427937,289.761766709,-3455.711697119,-3448.441018072
5773,2886.5,1.183392067,303.06992164,-3455.75287628,-3448.441890214
5774,2887.0,1.210431122,309.994696861,-3455.78821903,-3448.443043232
5775,2887.5,1.220571318,312.591628577,-3455.801067551,-3448.444612915
5776,2888.0,1.204985184,308.599977512,-3455.774459645,-3448.444241656
5777,2888.5,1.165847594,298.576734463,-3455.727836492,-3448.439220562
5778,2889.0,1.168665423,299.298388161,-3455.729305435,-3448.441162934
5779,2889.5,1.19493948,306.027245417,-3455.759368579,-3448.444440698
5780,2890.0,1.209587649,309.778681142,-3455.770281838,-3448.442517737
5781,2890.5,1.213096271,310.677248813,-3455.776048164,-3448.44234838
5782,2891.0,1.208381599,309.469808604,-3455.777447426,-3448.442960449
5783,2891.5,1.196533616,306.435507953,-3455.763373568,-3448.442711755
5784,2892.0,1.171758714,300.090588284,-3455.734549188,-3448.442142075
5785,2892.5,1.145496221,293.364692519,-3455.698580466,-3448.441306321
5786,2893.0,1.119785968,286.780226839,-3455.667445251,-3448.440502909
5787,2893.5,1.10825755,283.827767686,-3455.652094838,-3448.440487348
5788,2894.0,1.103342664,282.569052118,-3455.652812748,-3448.440820943
5789,2894.5,1.117893162,286.295474191,-3455.664271094,-3448.440954274
5790,2895.0,1.144042474,292.992383875,-3455.683102458,-3448.44121952
5791,2895.5,1.15875494,296.760286521,-3455.704234398,-3448.442171145
5792,2896.0,1.172769757,300.349519177,-3455.714192909,-3448.443899536
5793,2896.5,1.147504877,293.879114814,-3455.693830588,-3448.443897167
5794,2897.0,1.111936659,284.769997565,-3455.657965202,-3448.439213845
5795,2897.5,1.126704958,288.552198964,-3455.670838787,-3448.440717838
5796,2898.0,1.170739719,299.829620881,-3455.718733072,-3448.443557427
5797,2898.5,1.204947054,308.59021238,-3455.754722604,-3448.443690424
5798,2899.0,1.218075306,311.952393218,-3455.76616938,-3448.443541843
5799,2899.5,1.208435984,309.483736729,-3455.751074619,-3448.442658798
5800,2900.0,1.1725675,300.297720438,-3455.719851309,-3448.441610214
5801,2900.5,1.144215539,293.036706244,-3455.688496174,-3448.440645205
5802,2901.0,1.120464317,286.953954021,-3455.671261824,-3448.440404695
5803,2901.5,1.119432145,286.689611977,-3455.671695328,-3448.440845677
5804,2902.0,1.133314752,290.244985289,-3455.683322032,-3448.441145568
5805,2902.5,1.147691637,293.926944591,-3455.700281421,-3448.44122042
5806,2903.0,1.160215053,297.134225457,-3455.719816739,-3448.441340385
5807,2903.5,1.175911686,301.15417559,-3455.739348496,-3448.44176627
5808,2904.0,1.188124451,304.281897869,-3455.752070498,-3448.442805597
5809,2904.5,1.175009976,300.923245246,-3455.743390876,-3448.444267545
5810,2905.0,1.134526692,290.555366427,-3455.698594639,-3448.443524668
5811,2905.5,1.090725681,279.337808378,-3455.642379153,-3448.438091405
5812,2906.0,1.099354936,281.54778416,-3455.650824938,-3448.438784446
5813,2906.5,1.157939771,296.551519404,-3455.71715304,-3448.443541934
5814,2907.0,1.196427999,306.40845927,-3455.769250385,-3448.444770799
5815,2907.5,1.21263906,310.560155855,-3455.778661655,-3448.443616359
5816,2908.0,1.193914954,305.764861506,-3455.756590848,-3448.442011086
5817,2908.5,1.168054147,299.141838678,-3455.725341196,-3448.440890345
5818,2909.0,1.145200824,293.289040506,-3455.701571797,-3448.440739216
5819,2909.5,1.132496759,290.035494992,-3455.688878587,-3448.440924559
5820,2910.0,1.123080142,287.623873804,-3455.685404937,-3448.440944487
5821,2910.5,1.127865696,288.84946711,-3455.691027866,-3448.440914699
5822,2911.0,1.136494951,291.059442907,-3455.706290248,-3448.440954712
5823,2911.5,1.156959365,296.300434878,-3455.730639361,-3448.441191343
5824,2912.0,1.181424455,302.566010828,-3455.760759894,-3448.441818913
5825,2912.5,1.205026966,308.610677843,-3455.787369805,-3448.442978459
5826,2913.0,1.209902448,309.859302039,-3455.794821238,-3448.44452012
5827,2913.5,1.179126901,301.977600863,-3455.766836509,-3448.444257506
5828,2914.0,1.134802942,290.626114675,-3455.720268172,-3448.440104672
5829,2914.5,1.137243533,291.251156655,-3455.715472288,-3448.43995309
5830,2915.0,1.166761559,298.810803405,-3455.754311008,-3448.444264171
5831,2915.5,1.187078963,304.014145697,-3455.774379575,-3448.445082565
5832,2916.0,1.167066569,298.888917274,-3455.753692802,-3448.443055597
5833,2916.5,1.124435298,287.97093284,-3455.715320052,-3448.44154906
5834,2917.0,1.090751371,279.344387802,-3455.680439519,-3448.441234711
5835,2917.5,1.062731328,272.168378689,-3455.654596891,-3448.441202427
5836,2918.0,1.043798024,267.319508204,-3455.638551449,-3448.441048459
5837,2918.5,1.038257791,265.900639473,-3455.634447473,-3448.440922179
5838,2919.0,1.056319173,270.52620829,-3455.643874611,-3448.441027116
5839,2919.5,1.080007145,276.592762295,-3455.664925425,-3448.44140412
5840,2920.0,1.107886371,283.732707715,-3455.691918608,-3448.441855682
5841,2920.5,1.141282487,292.285543853,-3455.718116743,-3448.442357529
5842,2921.0,1.161492514,297.461386576,-3455.735830825,-3448.443301848
5843,2921.5,1.168150421,299.166494656,-3455.732971411,-3448.444398009
5844,2922.0,1.14664936,293.660014438,-3455.701397433,-3448.442901598
5845,2922.5,1.117064797,286.083327666,-3455.671619449,-3448.440257291
5846,2923.0,1.131097184,289.677060107,-3455.68185478,-3448.441528814
5847,2923.5,1.164953757,298.34782043,-3455.716594636,-3448.44353214
5848,2924.0,1.181010137,302.459902704,-3455.739480227,-3448.444148518
5849,2924.5,1.176171422,301.22069478,-3455.733857087,-3448.4428459
5850,2925.0,1.160936607,297.319017398,-3455.711756804,-3448.442007546
5851,2925.5,1.141466544,292.332681377,-3455.683296567,-3448.44151406
5852,2926.0,1.113739425,285.231690724,-3455.654403652,-3448.441118828
5853,2926.5,1.093978492,280.170862337,-3455.630111732,-3448.440822213
5854,2927.0,1.081613248,277.00408969,-3455.614477197,-3448.440621824
5855,2927.5,1.084416512,277.722013212,-3455.610469854,-3448.440464961
5856,2928.0,1.096586945,280.838894143,-3455.620645979,-3448.440340975
5857,2928.5,1.12444733,287.974014257,-3455.646590747,-3448.440525177
5858,2929.0,1.162511474,297.722345093,-3455.68484933,-3448.441551561
5859,2929.5,1.197062559,306.570971776,-3455.720427612,-3448.44311196
5860,2930.0,1.210393772,309.985131448,-3455.734470195,-3448.443789394
5861,2930.5,1.198017021,306.815412114,-3455.721895024,-3448.443680852
5862,2931.0,1.165253183,298.424504232,-3455.692360098,-3448.442164946
5863,2931.5,1.151702695,294.954187272,-3455.674195692,-3448.440401811
5864,2932.0,1.161564689,297.479870838,-3455.690745462,-3448.442200563
5865,2932.5,1.17870021,301.868324371,-3455.714611252,-3448.443628961
5866,2933.0,1.183323305,303.052311368,-3455.71745665,-3448.442843021
5867,2933.5,1.169149487,299.422358159,-3455.703196853,-3448.441943529
5868,2934.0,1.152755644,295.223850522,-3455.682740202,-3448.441403489
5869,2934.5,1.125037131,288.125063931,-3455.663282342,-3448.441189586
5870,2935.0,1.116721063,285.995296326,-3455.647734557,-3448.441169317
5871,2935.5,1.099744693,281.6476019,-3455.636571587,-3448.441073052
5872,2936.0,1.095223848,280.489801347,-3455.631844375,-3448.440757374
5873,2936.5,1.100881542,281.938752183,-3455.63842759,-3448.440650448
5874,2937.0,1.117790358,286.269145645,-3455.657718322,-3448.441285698
5875,2937.5,1.140440464,292.069899477,-3455.681255272,-3448.442149506
5876,2938.0,1.158012639,296.570181241,-3455.698647872,-3448.442113219
5877,2938.5,1.173105516,300.435507906,-3455.711242025,-3448.442544202
5878,2939.0,1.173497228,300.535826391,-3455.712092875,-3448.445070832
5879,2939.5,1.140896576,292.186711036,-3455.674095369,-3448.44367645
5880,2940.0,1.096109615,280.716648595,-3455.627400408,-3448.437934208
5881,2940.5,1.111225474,284.587861067,-3455.643437582,-3448.441339538
5882,2941.0,1.14747505,293.871475884,-3455.682293451,-3448.444393036
5883,2941.5,1.157499483,296.43876057,-3455.6915144,-3448.443234761
5884,2942.0,1.159814403,297.031617905,-3455.677531329,-3448.44184216
5885,2942.5,1.135742701,290.866789614,-3455.658026734,-3448.441181671
5886,2943.0,1.128465827,289.003162261,-3455.642491245,-3448.440985575
5887,2943.5,1.119311453,286.65870221,-3455.634166892,-3448.440885047
5888,2944.0,1.121557223,287.233850078,-3455.634719596,-3448.440816548
5889,2944.5,1.136307611,291.011464515,-3455.64476057,-3448.441085881
5890,2945.0,1.152151076,295.06901895,-3455.660118845,-3448.441692962
5891,2945.5,1.173019637,300.413513974,-3455.672550939,-3448.442040326
5892,2946.0,1.180971744,302.450070164,-3455.67857608,-3448.441305184
5893,2946.5,1.183068297,302.987003289,-3455.690306774,-3448.440679905
5894,2947.0,1.205167375,308.646636983,-3455.71513828,-3448.442841713
5895,2947.5,1.214044016,310.919968895,-3455.725046177,-3448.44488009
5896,2948.0,1.178312901,301.769133248,-3455.693711705,-3448.443992813
5897,2948.5,1.142276283,292.540057595,-3455.644186085,-3448.438780953
5898,2949.0,1.139090259,291.724108137,-3455.645841625,-3448.440370101
5899,2949.5,1.172296166,300.22823112,-3455.679510755,-3448.444422048
5900,2950.0,1.175638583,301.084233281,-3455.683680031,-3448.44340491
5901,2950.5,1.15638191,296.152546958,-3455.660351057,-3448.441545477
5902,2951.0,1.132659579,290.077193621,-3455.633204207,-3448.440427895
5903,2951.5,1.114936107,285.538164387,-3455.618619708,-3448.439957535
5904,2952.0,1.118973013,286.572026805,-3455.623802576,-3448.440129447
5905,2952.5,1.139511562,291.832005191,-3455.646283564,-3448.441024733
5906,2953.0,1.165553444,298.501401665,-3455.673491275,-3448.442156811
5907,2953.5,1.177386526,301.531886328,-3455.689581892,-3448.442794965
5908,2954.0,1.172811275,300.360152028,-3455.687388195,-3448.442075031
5909,2954.5,1.170721313,299.824907096,-3455.680564235,-3448.440512359
5910,2955.0,1.192479637,305.397272803,-3455.690201543,-3448.441234785
5911,2955.5,1.212221123,310.453121131,-3455.707586419,-3448.442567979
5912,2956.0,1.223614555,313.371009939,-3455.711649298,-3448.443838317
5913,2956.5,1.193621847,305.689796079,-3455.685303193,-3448.444152613
5914,2957.0,1.163275342,297.917973749,-3455.636822472,-3448.439235538
5915,2957.5,1.154379041,295.639606856,-3455.634052841,-3448.439452912
5916,2958.0,1.183055506,302.983727269,-3455.673542579,-3448.444351536
5917,2958.5,1.19077133,304.959770952,-3455.684982436,-3448.443900804
5918,2959.0,1.170514013,299.77181698,-3455.661645459,-3448.441909164
5919,2959.5,1.141179448,292.259155256,-3455.628551858,-3448.440414731
5920,2960.0,1.119266492,286.647187738,-3455.6069952,-3448.439937718
5921,2960.5,1.118268013,286.391474522,-3455.604015808,-3448.440342656
5922,2961.0,1.128301908,288.961182185,-3455.613625861,-3448.44109399
5923,2961.5,1.138816712,291.654052142,-3455.624781648,-3448.44177408
5924,2962.0,1.147010929,293.75261335,-3455.629390787,-3448.441510691
5925,2962.5,1.145411264,293.342934691,-3455.634196472,-3448.440299864
5926,2963.0,1.162876773,297.815899173,-3455.655522135,-3448.440996719
5927,2963.5,1.195328892,306.126974928,-3455.685136152,-3448.442078788
5928,2964.0,1.208955132,309.616691893,-3455.705469231,-3448.442693137
5929,2964.5,1.207952869,309.360009625,-3455.704998437,-3448.443877959
5930,2965.0,1.167140603,298.907877413,-3455.670204415,-3448.443784067
5931,2965.5,1.118928141,286.560535041,-3455.615627282,-3448.438610954
5932,2966.0,1.113455697,285.159027234,-3455.615092463,-3448.438315145
5933,2966.5,1.165504477,298.488861206,-3455.671737832,-3448.443550078
5934,2967.0,1.208945365,309.614190672,-3455.711680478,-3448.443550782
5935,2967.5,1.219931478,312.427763958,-3455.720427749,-3448.44210425
5936,2968.0,1.20824277,309.434253956,-3455.713988061,-3448.441418287
5937,2968.5,1.191188414,305.066587084,-3455.702007753,-3448.441226922
5938,2969.0,1.180155282,302.240972154,-3455.68740344,-3448.441163254
5939,2969.5,1.16621159,298.66995485,-3455.671082943,-3448.4412358
5940,2970.0,1.14347262,292.846442717,-3455.653997693,-3448.440868458
5941,2970.5,1.143849745,292.943025599,-3455.645345846,-3448.43968688
5942,2971.0,1.152915912,295.264895561,-3455.661714159,-3448.440220909
5943,2971.5,1.184424933,303.334441264,-3455.696638633,-3448.441537575
5944,2972.0,1.210766044,310.080471416,-3455.730235257,-3448.442109291
5945,2972.5,1.220001676,312.44574184,-3455.750742443,-3448.442812239
5946,2973.0,1.205363943,308.696978551,-3455.747122628,-3448.443939953
5947,2973.5,1.173266104,300.476635007,-3455.707085089,-3448.443756865
5948,2974.0,1.110531136,284.410039283,-3455.645699837,-3448.438965971
5949,2974.5,1.103728957,282.667982764,-3455.631249086,-3448.438366053
5950,2975.0,1.140370052,292.05186673,-3455.671647106,-3448.442558286
5951,2975.5,1.179717796,302.128930674,-3455.706909689,-3448.44272006
5952,2976.0,1.192666394,305.445101881,-3455.721209708,-3448.441743335
5953,2976.5,1.19492287,306.022991512,-3455.723294344,-3448.441272616
5954,2977.0,1.185828213,303.69382528,-3455.718665087,-3448.441300531
5955,2977.5,1.173237776,300.469379984,-3455.706655894,-3448.44163141
5956,2978.0,1.141859562,292.433334332,-3455.684407752,-3448.441423388
5957,2978.5,1.114433096,285.409341933,-3455.659116336,-3448.439968084
5958,2979.0,1.107015274,283.509617518,-3455.652289679,-3448.439707844
5959,2979.5,1.118641291,286.487071979,-3455.668778002,-3448.440737726
5960,2980.0,1.145828855,293.449880901,-3455.693887064,-3448.441285072
5961,2980.5,1.177224495,301.490389589,-3455.716617588,-3448.441643254
5962,2981.0,1.189602346,304.660390903,-3455.729434383,-3448.442338683
5963,2981.5,1.181941767,302.69849584,-3455.722106479,-3448.443521216
5964,2982.0,1.1394252,291.809887534,-3455.682739885,-3448.443123296
5965,2982.5,1.082642131,277.267589485,-3455.630182403,-3448.43865027
5966,2983.0,1.078180487,276.124950166,-3455.628242551,-3448.438762464
5967,2983.5,1.126099186,288.397059149,-3455.676018587,-3448.44296919
5968,2984.0,1.161898021,297.565237916,-3455.712470912,-3448.443249077
5969,2984.5,1.180723678,302.386539995,-3455.721129481,-3448.441964003
5970,2985.0,1.176266862,301.245137205,-3455.713885627,-3448.441370205
5971,2985.5,1.159547715,296.963318328,-3455.69712855,-3448.44160562
5972,2986.0,1.136054688,290.946690335,-3455.668303701,-3448.441493831
5973,2986.5,1.098078443,281.220870814,-3455.632566792,-3448.439796373
5974,2987.0,1.084472764,277.736419352,-3455.614271155,-3448.438966912
5975,2987.5,1.094184579,280.223641621,-3455.624728104,-3448.439996203
5976,2988.0,1.126653189,288.538940721,-3455.649093423,-3448.440563714
5977,2988.5,1.151523696,294.908345332,-3455.675522868,-3448.440629996
5978,2989.0,1.174780199,300.864398848,-3455.700339124,-3448.440844297
5979,2989.5,1.195745471,306.233661752,-3455.719263772,-3448.441671249
5980,2990.0,1.19259452,305.426694737,-3455.721301951,-3448.442920358
5981,2990.5,1.168384074,299.226333873,-3455.694059734,-3448.442447429
5982,2991.0,1.127298827,288.704290589,-3455.656667619,-3448.438232813
5983,2991.5,1.141240416,292.274769364,-3455.668814607,-3448.438561364
5984,2992.0,1.187090234,304.017032145,-3455.725634472,-3448.442763142
5985,2992.5,1.223648116,313.379605057,-3455.76564207,-3448.443106336
5986,2993.0,1.226334409,314.067572015,-3455.771894419,-3448.442141836
5987,2993.5,1.207773085,309.313966351,-3455.753424779,-3448.441711248
5988,2994.0,1.170791357,299.842845616,-3455.716531502,-3448.441099435
5989,2994.5,1.130308867,289.475169805,-3455.6729409,-3448.439129726
5990,2995.0,1.116069684,285.828476425,-3455.651537713,-3448.438167944
5991,2995.5,1.128404155,288.987368095,-3455.664769594,-3448.43981308
5992,2996.0,1.148725574,294.191738574,-3455.68933074,-3448.440885102
5993,2996.5,1.165225467,298.417405904,-3455.705616439,-3448.440879354
5994,2997.0,1.164510847,298.234389872,-3455.710524396,-3448.440539439
5995,2997.5,1.164570872,298.249762324,-3455.707745277,-3448.440310142
5996,2998.0,1.152533167,295.166873454,-3455.701011624,-3448.440506627
5997,2998.5,1.140254618,292.022303871,-3455.688645104,-3448.441425887
5998,2999.0,1.115928161,285.792232115,-3455.663108654,-3448.441244751
5999,2999.5,1.097981633,281.196077457,-3455.638571346,-3448.437630276
6000,3000.0,1.129628578,289.300946156,-3455.665257465,-3448.438421502
