Time_fs,n_hbonds,betti_0,betti_1,betti_2,euler_characteristic,PC1,PC2,LBHB_Fraction,Avg_Wire_Length,Hodge_Gradient_Pct,Hodge_Curl_Pct,Hodge_Harmonic_Pct
0.0,130,1,42,0,-41,-0.4530844,0.4642295,0.0,0.0,99.99999787400094,0.0,0.0042516564109339
0.5,130,1,42,0,-41,-0.4530844,0.4642295,0.0,0.0,99.99999787434083,0.0,0.0042488432573601
1.0,130,1,42,0,-41,-0.4530844,0.4642295,0.0,0.0,99.99999887498994,0.0,0.0034946513518891
1.5,130,1,42,0,-41,0.35620868,-0.14932218,0.0,0.0,99.99999857251728,0.0,0.0037299426501584
2.0,129,1,42,0,-41,0.3922587,-0.34408766,0.0017211703958691,0.0,99.99999852443192,0.0,0.0032385680113684
2.5,128,1,42,0,-41,0.13236505,-0.11619645,0.0028169014084507,0.0,99.9999986691214,0.0,0.0031972084112324
3.0,128,1,42,0,-41,0.13236505,-0.11619645,0.0035799522673031,0.0,99.99999789783308,0.0,0.0042160550304207
3.5,128,1,42,0,-41,0.13236505,-0.11619645,0.0031168831168831,0.0,99.99999803999197,0.0,0.0045037690951506
4.0,129,1,43,0,-42,0.16311471,-0.24327987,0.0027611596870685,0.0,99.999997324518,0.0,0.0049872717130204
4.5,129,1,43,0,-42,0.16311471,-0.24327987,0.0024803637866887,0.0,99.99999732485412,0.0,0.0049820729171058
5.0,129,1,42,0,-41,0.100824356,-0.0908933,0.0022488755622188,0.0,99.99999722247507,0.0,0.0056302098351214
5.5,128,1,41,0,-40,0.24097697,-0.43848774,0.0020576131687242,0.0,99.99999720791575,0.0,0.0056310464796291
6.0,128,1,41,0,-40,0.24097697,-0.43848774,0.0028462998102466,0.0,99.99999795759544,0.0,0.005133324524854
6.5,124,1,38,0,-37,0.073832944,0.1936304,0.0038145539906103,0.0,99.99999796068988,0.0,0.0051264961278282
7.0,125,1,38,0,-37,-0.043118425,0.50107515,0.0046549835706462,0.0,99.99999787974578,0.0,0.0046687510059969
7.5,125,1,38,0,-37,-0.043118425,0.50107515,0.0053846153846153,0.0,99.99999837311076,0.0,0.0040321294193542
8.0,123,1,38,0,-37,0.3375348,-0.5817031,0.0060255483248975,0.0,99.99999815160574,0.0,0.0040358492131947
8.5,123,1,38,0,-37,0.3375348,-0.5817031,0.0065969062784349,0.0,99.99999766515374,0.0,0.0043057125092148
9.0,123,1,38,0,-37,0.3375348,-0.5817031,0.0075317409081127,0.0,99.99999849786934,0.0,0.0035496865192279
9.5,125,1,39,0,-38,0.17183705,-0.7490146,0.0077566850377628,0.0,99.99999749013776,0.0,0.0045183323264591
10.0,124,1,39,0,-38,0.3158219,-0.08208907,0.0077684987376189,0.0,99.9999986237155,0.0,0.0027582777308779
10.5,124,1,39,0,-38,0.3158219,-0.08208907,0.0077806595035198,0.0,99.9999975705567,0.0,0.0048182350753234
11.0,124,1,39,0,-38,0.3158219,-0.08208907,0.0077931278781438,0.0,99.99999822047852,0.0,0.0038133665030742
11.5,123,1,38,0,-37,-0.2374973,0.5354475,0.0078058713728152,0.0,99.99999709266288,0.0,0.0048269078886523
12.0,123,1,38,0,-37,-0.3096866,-0.18333489,0.0074955189832165,0.0,99.99999759993568,0.0,0.0049408980879218
12.5,123,1,38,0,-37,-0.3096866,-0.18333489,0.0072089014261087,0.0,99.99999652345195,0.0,0.005746533682678
13.0,123,1,38,0,-37,-0.3096866,-0.18333489,0.006943396226415,0.0,99.99999707642382,0.0,0.0053733715818744
13.5,122,1,38,0,-37,0.8643804,-0.5303992,0.0069889341875364,0.0,99.9999970427471,0.0,0.0048043896926203
14.0,122,1,38,0,-37,0.8643804,-0.5303992,0.0070293828201883,0.0,99.99999629740324,0.0,0.0059650714650432
14.5,124,1,39,0,-38,0.4172821,-0.52348197,0.0070719434244526,0.0,99.99999546360829,0.0,0.0057332638722991
15.0,124,1,39,0,-38,0.4172821,-0.52348197,0.0071136872612304,0.0,99.99999546977466,0.0,0.0057280204402354
15.5,125,1,38,0,-37,0.35041934,-0.4727944,0.0074092999489013,0.0,99.99999666328002,0.0,0.0052152620729621
16.0,124,1,37,0,-36,-0.032443956,-0.21614262,0.0076837278473168,0.0,99.9999966726795,0.0,0.0046430551776257
16.5,123,1,36,0,-35,0.47044128,-0.4624008,0.0077062010836845,0.0,99.9999982877408,0.0,0.0036484961355587
17.0,124,1,36,0,-35,0.47044128,-0.4624008,0.0077283372365339,0.0,99.99999589485546,0.0,0.0064279137117627
17.5,125,1,37,0,-36,0.2406409,-0.16753916,0.0077528217991107,0.0,99.99999726451122,0.0,0.0040986695903649
18.0,126,1,39,0,-38,-0.33485788,0.44886822,0.0077734591893392,0.0,99.99999794995747,0.0,0.0040777744249834
18.5,126,1,39,0,-38,-0.1777873,0.45859084,0.0080077913645709,0.0,99.9999970950104,0.0,0.0052603856927273
19.0,126,1,39,0,-38,-0.1777873,0.45859084,0.0082339280059115,0.0,99.99999582185154,0.0,0.0063695228216788
19.5,125,1,38,0,-37,-0.17354771,0.6127825,0.0084483824438491,0.0,99.99999689946192,0.0,0.0042239762592544
20.0,125,1,38,0,-37,-0.17354771,0.6127825,0.0086501709917521,0.0,99.99999463945444,0.0,0.0054510556191592
20.5,126,1,39,0,-38,0.24804707,-0.14705989,0.008841732979664,0.0,99.99999777440024,0.0,0.0034329622993739
21.0,123,1,37,0,-36,0.67951435,-1.0953369,0.0090271775665034,0.0,99.99999791730455,0.0,0.0033476857071594
21.5,124,1,37,0,-36,0.43206137,-0.5615564,0.0092036063110443,0.0,99.99999572699652,0.0,0.0063974432672743
22.0,124,1,37,0,-36,0.43206137,-0.5615564,0.0093706936150666,0.0,99.99999559134712,0.0,0.0062373598077735
22.5,123,1,36,0,-35,0.57817304,-0.47702616,0.0095323741007194,0.0,99.9999968228365,0.0,0.0065261070818728
23.0,124,1,36,0,-35,0.10956119,1.2946802,0.009602678178134,0.0,99.99999692908828,0.0,0.0060132456455496
23.5,122,1,36,0,-35,-0.5268592,0.3641102,0.0095846645367412,0.0,99.99999692605772,0.0,0.0060156872260766
24.0,122,1,36,0,-35,-0.5268592,0.3641102,0.0095657326674003,0.0,99.99999745743182,0.0,0.0044679487415238
24.5,122,1,35,0,-34,-0.4340465,0.4550554,0.0095459450485598,0.0,99.9999974043416,0.0,0.0049332921401525
25.0,122,1,35,0,-34,-0.4340465,0.4550554,0.0095191603612399,0.0,99.99999753586322,0.0,0.0045372142144165
25.5,123,1,35,0,-34,-0.3976254,-0.16101447,0.0094934184284004,0.0,99.99999764184926,0.0,0.0042838860545726
26.0,121,1,35,0,-34,0.8449175,-0.15636018,0.0094701416607967,0.0,99.99999646885024,0.0,0.0059951402791121
26.5,122,1,35,0,-34,0.78435916,0.09326114,0.0094484559840221,0.0,99.99999648672278,0.0,0.0057392255440208
27.0,121,1,34,0,-33,-0.7479487,0.5875387,0.00950297910853,0.0,99.99999678445708,0.0,0.0047277149335712
27.5,121,1,34,0,-33,-0.7479487,0.5875387,0.009631770022968,0.0,99.99999826793696,0.0,0.0035654548351351
28.0,124,1,34,0,-33,-0.013163611,-0.123560786,0.0097582289542674,0.0,99.99999684092528,0.0,0.0045184115799411
28.5,121,1,33,0,-32,0.062514514,0.18084715,0.0098804324479129,0.0,99.99999742509064,0.0,0.0045473452350369
29.0,119,1,32,0,-31,-0.4210289,0.7045398,0.01,0.0,99.99999758597228,0.0,0.0052294894035328
29.5,119,1,32,0,-31,-0.4210289,0.7045398,0.0099771357306173,0.0,99.99999776291229,0.0,0.005190127865722
30.0,119,1,32,0,-31,-0.4210289,0.7045398,0.0099556767814524,0.0,99.99999809147602,0.0,0.0045806186872773
30.5,118,1,32,0,-31,0.16288687,-0.29028356,0.0099342193583031,0.0,99.999998041373,0.0,0.004289892870942
31.0,119,1,33,0,-32,-0.59066296,0.5927227,0.0099101479915433,0.0,99.9999982196467,0.0,0.0042586375132372
31.5,121,1,33,0,-32,0.006018564,0.31871182,0.0098848930220459,0.0,99.99999683643009,0.0,0.0066639062978389
32.0,120,1,32,0,-31,0.22573192,-0.29347724,0.0098585237820882,0.0,99.99999734350104,0.0,0.0053591930452699
32.5,118,1,32,0,-31,-0.37028396,0.51819843,0.009708125827397,0.0,99.99999826438174,0.0,0.0039040055391967
33.0,118,1,32,0,-31,-0.37028396,0.51819843,0.0095622477491462,0.0,99.999997503502,0.0,0.0051533180798684
33.5,118,1,32,0,-31,-0.37028396,0.51819843,0.0094247246022031,0.0,99.99999832517052,0.0,0.0038494633051218
34.0,117,1,32,0,-31,0.6086562,-0.09262483,0.0092927830074825,0.0,99.99999759785317,0.0,0.0051401089400561
34.5,115,1,30,0,-29,-0.55505913,0.6611143,0.009165575526723,0.0,99.99999720663416,0.0,0.0051342034915832
35.0,116,1,31,0,-30,0.07545237,-0.012129355,0.0090423345663789,0.0,99.9999962943248,0.0,0.0056118555368191
35.5,117,1,31,0,-30,-0.056427583,-0.4988098,0.0089223638470451,0.0,99.9999963176066,0.0,0.0054351266931518
36.0,117,1,31,0,-30,0.099302754,-0.5540619,0.0088050314465408,0.0,99.99999632061422,0.0,0.0054331335418006
36.5,118,1,32,0,-31,-0.84445506,-0.74415493,0.0086902545003103,0.0,99.99999744108857,0.0,0.0043967036555887
37.0,118,1,32,0,-31,-0.84445506,-0.74415493,0.0085760427688366,0.0,99.99999678696824,0.0,0.0038164575805469
37.5,116,1,31,0,-30,-1.0547229,-0.13210051,0.0084638636988183,0.0,99.99999529779193,0.0,0.0042452096379395
38.0,116,1,31,0,-30,-1.0547229,-0.13210051,0.0084635416666666,0.0,99.99999506458911,0.0,0.0045734091023602
38.5,116,1,30,0,-29,-1.0864476,-0.045448754,0.008463681165631,0.0,99.99999735393509,0.0,0.0047877430098611
39.0,117,1,31,0,-30,-0.34988332,0.3668378,0.0084629218237596,0.0,99.99999735038,0.0,0.0047895585892046
39.5,118,1,31,0,-30,-0.6514358,-0.19591661,0.0084639498432601,0.0,99.99999587233478,0.0,0.0063617901664013
40.0,118,1,31,0,-30,0.23249032,-0.113193214,0.0084658269667561,0.0,99.99999512972764,0.0,0.0066484871943537
40.5,119,1,31,0,-30,-0.8599064,0.5535816,0.0084680916186298,0.0,99.9999946727988,0.0,0.0068783650755779
41.0,118,1,30,0,-29,1.139325,-0.5250434,0.0084677419354838,0.0,99.9999966421598,0.0,0.0053775800075223
41.5,117,1,30,0,-29,0.018952511,-0.37381375,0.0084703537618335,0.0,99.99999656736394,0.0,0.0064253881479802
42.0,117,1,30,0,-29,0.018952511,-0.37381375,0.008473741255296,0.0,99.99999655540364,0.0,0.0064368105296996
42.5,117,1,31,0,-30,0.03325583,-0.112765536,0.008473750852245,0.0,99.9999974783303,0.0,0.0048723222265406
43.0,118,1,31,0,-30,-0.035231397,1.014416,0.00842480261891,0.0,99.99999747356586,0.0,0.0048748180468278
43.5,118,1,31,0,-30,-0.035231397,1.014416,0.0083285741481058,0.0,99.99999777715334,0.0,0.005114440198723
44.0,119,1,32,0,-31,0.10662319,-0.20673285,0.0083309799491669,0.0,99.99999752758136,0.0,0.003637926453138
44.5,118,1,32,0,-31,0.057956755,1.2651649,0.0083372147182114,0.0,99.99999694211148,0.0,0.005665226749715
45.0,117,1,32,0,-31,0.27304387,-0.0064637996,0.0083433207338434,0.0,99.99999640938748,0.0,0.005503506907629
45.5,116,1,32,0,-31,0.017289147,0.688566,0.0083477784873642,0.0,99.99999779845336,0.0,0.0043296224162209
46.0,115,1,32,0,-31,-0.26536196,-0.22356325,0.0083513903936439,0.0,99.99999778873716,0.0,0.0043377972452523
46.5,115,1,32,0,-31,-0.26536196,-0.22356325,0.0083541815582558,0.0,99.99999770069208,0.0,0.0042885588721999
47.0,115,1,32,0,-31,-0.26536196,-0.22356325,0.0083558070648569,0.0,99.9999964449334,0.0,0.0056691823968248
47.5,116,1,32,0,-31,-0.696536,0.52543056,0.0084430640010499,0.0,99.99999680433308,0.0,0.0044862367943259
48.0,116,1,31,0,-30,0.14993496,-0.25035536,0.0085281385281385,0.0,99.99999799815689,0.0,0.0037083435869694
48.5,116,1,31,0,-30,0.14993496,-0.25035536,0.0085250396264404,0.0,99.99999607711112,0.0,0.005267532155927
49.0,118,1,32,0,-31,-0.16625099,-0.26704732,0.0085220045789875,0.0,99.99999682781132,0.0,0.0054319529271962
49.5,121,1,34,0,-33,-0.0359599,0.7533658,0.0085186739404112,0.0,99.99999600600916,0.0,0.0053405655095505
50.0,123,1,34,0,-33,0.006454438,1.2764261,0.0085143497944096,0.0,99.99999727395388,0.0,0.0045250321760953
50.5,122,1,33,0,-32,0.15340985,1.3399398,0.0085115131578947,0.0,99.99999767534857,0.0,0.003234063713214
51.0,122,1,33,0,-32,0.15340985,1.3399398,0.0085097719869706,0.0,99.9999969221102,0.0,0.0044472227257082
51.5,121,1,32,0,-31,0.12320654,-0.15300046,0.0084687663830302,0.0,99.9999953220526,0.0,0.0060355835690769
52.0,121,1,32,0,-31,0.12320654,-0.15300046,0.0083875863721691,0.0,99.99999703836028,0.0,0.0041374222807642
52.5,121,1,32,0,-31,0.12320654,-0.15300046,0.0083069620253164,0.0,99.99999741052804,0.0,0.0035819820084118
53.0,120,1,32,0,-31,0.14803784,-0.031525616,0.0082265836173463,0.0,99.99999659929752,0.0,0.004285124766945
53.5,120,1,33,0,-32,-0.3640113,-0.08010352,0.0081471135940409,0.0,99.9999984122246,0.0,0.0034017782631932
54.0,121,1,34,0,-33,0.3054703,0.20510858,0.0080688542227003,0.0,99.99999792130868,0.0,0.0045698943682705
54.5,119,1,33,0,-32,-0.22110957,0.22594322,0.007992692395524,0.0,99.9999981899159,0.0,0.0037774149857869
55.0,119,1,34,0,-33,0.022237524,0.26617616,0.0079173578645754,0.0,99.99999753351256,0.0,0.0043407166425221
55.5,118,1,34,0,-33,0.91373783,-0.10297851,0.0078431372549019,0.0,99.999998105933,0.0,0.0032290784442699
56.0,117,1,33,0,-32,0.90936595,-0.07706584,0.0077720207253886,0.0,99.999997444976,0.0,0.0044142035613138
56.5,118,1,33,0,-32,-0.03293216,0.18029103,0.0077016173396413,0.0,99.99999746315676,0.0,0.0049340299292484
57.0,117,1,32,0,-31,0.08194499,0.39416915,0.0076324780111943,0.0,99.99999752201052,0.0,0.0043556336030776
57.5,116,1,31,0,-30,-0.019576296,0.54984,0.0075992220701577,0.0,99.99999862867878,0.0,0.003279185874154
58.0,117,1,32,0,-31,-0.3697859,1.062078,0.0075303354746609,0.0,99.99999663160692,0.0,0.0049963101443862
58.5,117,1,32,0,-31,-0.3733725,1.1531262,0.0074626865671641,0.0,99.99999807058298,0.0,0.0039988777503711
59.0,116,1,31,0,-30,-0.07957177,0.09577277,0.0073965015599256,0.0,99.99999731800932,0.0,0.0054958020955125
59.5,116,1,32,0,-31,-0.33042088,0.01988573,0.0073309707456048,0.0,99.99999685965376,0.0,0.0057528498530478
60.0,116,1,32,0,-31,-0.33042088,0.01988573,0.0072665909012639,0.0,99.9999968160475,0.0,0.0061431127867048
60.5,115,1,32,0,-31,-0.15835246,0.00047815964,0.0072038238306589,0.0,99.99999596680128,0.0,0.0068552495734987
61.0,118,1,33,0,-32,-0.06864865,0.28849784,0.0071423735698327,0.0,99.99999740943876,0.0,0.0042231105779629
61.5,118,1,33,0,-32,-0.06864865,0.28849784,0.0070822005168999,0.0,99.9999978251342,0.0,0.0038385487074495
62.0,120,1,33,0,-32,-0.743372,0.48917985,0.0070232666511333,0.0,99.99999782959974,0.0,0.0038355468514944
62.5,120,1,33,0,-32,-0.743372,0.48917985,0.0069657654088673,0.0,99.99999745784946,0.0,0.005017286763263
63.0,121,1,34,0,-33,-1.0329537,-0.5100683,0.0069082932259437,0.0,99.99999678345472,0.0,0.0058397300996903
63.5,122,1,35,0,-34,-0.519898,0.76993036,0.0068522066703471,0.0,99.9999972929174,0.0,0.0051435711312054
64.0,122,1,35,0,-34,-0.519898,0.76993036,0.0067963666816981,0.0,99.99999699703822,0.0,0.007213316684282
64.5,121,1,35,0,-34,0.29692948,-0.17935748,0.0067414294386402,0.0,99.9999970480046,0.0,0.004983893693954
65.0,121,1,35,0,-34,-0.14629917,1.039434,0.0066871612841885,0.0,99.9999970459388,0.0,0.0049861334862959
65.5,122,1,35,0,-34,-0.2125122,1.3293346,0.0066333427646263,0.0,99.99999715887893,0.0,0.0043088250018683
66.0,120,1,35,0,-34,0.16550095,0.4674918,0.0065801783820869,0.0,99.99999630059172,0.0,0.0057604192191195
66.5,120,1,35,0,-34,0.16550095,0.4674918,0.0065286673473807,0.0,99.99999659565378,0.0,0.0058496714723634
67.0,115,1,33,0,-32,-0.68203944,0.36702836,0.0064783543137856,0.0,99.9999972979006,0.0,0.0051608181499836
67.5,116,1,33,0,-32,-0.32010615,0.36396313,0.0064286149533849,0.0,99.99999731180728,0.0,0.0051448080580861
68.0,116,1,33,0,-32,-0.32010615,0.36396313,0.0063790549324303,0.0,99.99999748729526,0.0,0.0047072590444984
68.5,115,1,32,0,-31,-0.02804403,0.516493,0.0063302532101284,0.0,99.99999670812876,0.0,0.0050449801599986
69.0,115,1,32,0,-31,-0.02804403,0.516493,0.0062825666220038,0.0,99.99999795843816,0.0,0.0046880066945696
69.5,115,2,31,0,-29,0.51404995,0.15563148,0.0062357774034341,0.0,99.99999790243731,0.0,0.0047547886983161
70.0,114,2,30,0,-28,0.8234448,0.5461484,0.0061893168284884,0.0,99.9999979239392,0.0,0.0047048591927507
70.5,114,2,30,0,-28,0.8234448,0.5461484,0.0061431857221882,0.0,99.99999713069616,0.0,0.0057056156118473
71.0,115,2,30,0,-28,0.42163235,0.70352465,0.0060982658959537,0.0,99.9999964012556,0.0,0.0045233582356997
71.5,115,2,30,0,-28,0.42163235,0.70352465,0.0060539982211,0.0,99.99999771315323,0.0,0.0036658544537993
72.0,115,2,30,0,-28,0.42163235,0.70352465,0.0060103685979604,0.0,99.99999770288902,0.0,0.0036726592557403
72.5,115,2,30,0,-28,0.42163235,0.70352465,0.0059661822089012,0.0,99.99999538947571,0.0,0.0054493566239021
73.0,116,1,30,0,-29,0.65874887,0.38371405,0.0059229732764428,0.0,99.99999756589312,0.0,0.0037570996480384
73.5,118,1,31,0,-30,0.13672757,1.2838738,0.0058805495944929,0.0,99.99999693191252,0.0,0.0042618869875004
74.0,118,1,31,0,-30,-0.2046265,1.100213,0.005838890887456,0.0,99.99999688414304,0.0,0.0042571473831398
74.5,119,1,32,0,-31,-0.3845297,0.6626764,0.0057971810863532,0.0,99.9999963477528,0.0,0.0044385415350744
75.0,119,1,32,0,-31,0.627975,-0.14400925,0.0057566911303303,0.0,99.99999699488754,0.0,0.0044571321138092
75.5,119,1,32,0,-31,0.627975,-0.14400928,0.0057164530898648,0.0,99.99999734864018,0.0,0.0042342896101774
76.0,118,1,31,0,-30,-0.27111515,0.9196601,0.0056767736554655,0.0,99.99999716897176,0.0,0.0040656814751086
76.5,117,1,30,0,-29,-0.4106394,0.58308476,0.0056379425517702,0.0,99.99999746524804,0.0,0.0039278895195594
77.0,119,1,32,0,-31,0.5661386,0.080276504,0.005599639075396,0.0,99.9999953447834,0.0,0.0051935176632388
77.5,119,1,32,0,-31,0.5661386,0.080276504,0.0055614127569847,0.0,99.9999963486569,0.0,0.0041654916687622
78.0,119,1,32,0,-31,0.5661386,0.080276504,0.0055232710329302,0.0,99.99999462604056,0.0,0.0047132678233232
78.5,117,1,31,0,-30,0.17108603,0.10830437,0.0054859341687899,0.0,99.99999487230062,0.0,0.0046052370551733
79.0,117,1,31,0,-30,0.17108603,0.10830437,0.0054485358673759,0.0,99.99999597723244,0.0,0.0044967907071199
79.5,117,1,31,0,-30,0.17108603,0.10830437,0.0054117828105363,0.0,99.99999765726967,0.0,0.0039308875656026
80.0,115,1,30,0,-29,0.99313027,0.052479208,0.0053773031932516,0.0,99.99999520473968,0.0,0.0052517620646962
80.5,115,1,30,0,-29,0.99313027,0.052479208,0.0053433954619124,0.0,99.9999953563702,0.0,0.0051185258776346
81.0,116,1,30,0,-29,-0.8739401,0.42804247,0.005310046305617,0.0,99.99999662902538,0.0,0.00423593221692
81.5,118,1,32,0,-31,-0.5630843,-0.79880786,0.0052768468964137,0.0,99.99999662251382,0.0,0.0042396351388936
82.0,119,1,33,0,-32,0.027643204,-0.19693097,0.0052439297164301,0.0,99.99999491558344,0.0,0.006111583715879
82.5,116,1,32,0,-31,-0.32680982,0.19266513,0.0052112919558398,0.0,99.99999748177632,0.0,0.0049441508733045
83.0,114,1,31,0,-30,-0.5168152,-0.13183372,0.0051790579514494,0.0,99.9999974990036,0.0,0.0049308119771708
83.5,114,1,31,0,-30,-0.5168152,-0.13183372,0.0051470946967848,0.0,99.99999539699216,0.0,0.0058657803510565
84.0,114,1,31,0,-30,-0.5168152,-0.13183372,0.0051145315719306,0.0,99.99999734641888,0.0,0.0042063578126724
84.5,117,1,33,0,-32,-0.04640864,-0.28342652,0.005082867604548,0.0,99.99999755456771,0.0,0.0038949020142503
85.0,119,1,34,0,-33,0.006512955,0.28553215,0.0050513514160542,0.0,99.99999655685278,0.0,0.0049795280166514
85.5,119,1,34,0,-33,0.006512955,0.28553215,0.0050203430964334,0.0,99.9999958901341,0.0,0.0053306005048102
86.0,119,1,34,0,-33,0.006512955,0.28553215,0.0049903032023083,0.0,99.99999629033842,0.0,0.0039014058441048
86.5,120,1,35,0,-34,-0.1063724,0.15727961,0.0049608539251875,0.0,99.99999615861958,0.0,0.0049114944738909
87.0,120,1,35,0,-34,-0.1063724,0.15727961,0.0049315196559622,0.0,99.99999571028827,0.0,0.007112396162778
87.5,118,1,33,0,-32,-0.17534366,0.13858625,0.0049020746695165,0.0,99.99999544599416,0.0,0.0074263426493398
88.0,116,1,32,0,-31,-0.039444387,-0.020120073,0.0049200776124919,0.0,99.9999948381956,0.0,0.0067590594726732
88.5,112,2,32,0,-30,-0.22817637,-0.28172794,0.0049379880569591,0.0,99.99999523605648,0.0,0.0062405575859071
89.0,112,2,32,0,-30,-0.22817637,-0.28172794,0.0049097967572505,0.0,99.99999517692784,0.0,0.0067783442922593
89.5,112,1,30,0,-29,0.19794418,0.5921293,0.0048820363768477,0.0,99.99999688653226,0.0,0.0046660393213831
90.0,112,1,31,0,-30,-0.50082237,-0.40707874,0.0048993046148288,0.0,99.99999650585532,0.0,0.0058100940267994
90.5,113,1,32,0,-31,0.0016945377,-0.56070745,0.0048707128748428,0.0,99.9999968447782,0.0,0.0048250823733202
91.0,115,1,34,0,-33,-0.18935221,-0.5047256,0.0048423448552875,0.0,99.9999977790193,0.0,0.0040667055520647
91.5,115,1,34,0,-33,-0.18935221,-0.5047256,0.0048141985579589,0.0,99.9999973612828,0.0,0.0044249330898435
92.0,115,1,34,0,-33,-0.18935221,-0.5047256,0.0047862720014116,0.0,99.999997776755,0.0,0.0043409468634786
92.5,116,1,35,0,-34,-0.5542158,-0.55211425,0.0047589806570463,0.0,99.99999773700344,0.0,0.0047362689186199
93.0,116,1,35,0,-34,-0.5542158,-0.55211425,0.0047330308846623,0.0,99.9999980569579,0.0,0.004198582770432
93.5,118,1,35,0,-34,-0.05414693,-0.7431078,0.0047074646940147,0.0,99.9999970342219,0.0,0.0051447887990101
94.0,117,1,34,0,-33,0.45556074,0.46397382,0.0046818701590109,0.0,99.99999776858976,0.0,0.0047461376119514
94.5,121,1,37,0,-36,-0.021381259,-1.1122735,0.0046560528687293,0.0,99.9999974423404,0.0,0.0053370267606502
95.0,119,1,37,0,-36,0.38600856,-0.29090148,0.0046308151941954,0.0,99.99999681451816,0.0,0.0058909669410321
95.5,120,1,37,0,-36,-0.17701295,-0.9183645,0.0046054586357655,0.0,99.9999972655171,0.0,0.0050254221976316
96.0,121,1,37,0,-36,0.30829328,-0.19142893,0.0045801848959432,0.0,99.99999742654111,0.0,0.0057544267497635
96.5,122,1,38,0,-37,0.2966569,0.050539102,0.0045553782853304,0.0,99.99999775323504,0.0,0.0051202727202061
97.0,121,1,37,0,-36,0.28459632,0.07124001,0.0045310281466633,0.0,99.99999775415188,0.0,0.0051212004874497
97.5,121,1,37,0,-36,0.28459632,0.07124001,0.0045069369444213,0.0,99.999996386627,0.0,0.0056027589584323
98.0,122,1,37,0,-36,-0.6703736,-0.33377796,0.0044831005702008,0.0,99.99999459669915,0.0,0.0073105879591273
98.5,121,1,37,0,-36,0.28459632,0.07124001,0.0044598816178888,0.0,99.99999722622984,0.0,0.0045352413463743
99.0,123,1,38,0,-37,-0.5923229,-0.44532192,0.0044369019383331,0.0,99.9999979180415,0.0,0.0048191196220835
99.5,123,1,38,0,-37,-0.20159796,-0.41036242,0.0044142476453955,0.0,99.9999958099483,0.0,0.0075626835207457
100.0,124,1,39,0,-38,-0.036373727,-0.04391903,0.0043920012953367,0.0,99.99999746532843,0.0,0.0041534001922627
100.5,122,1,38,0,-37,-0.51169467,-0.26447475,0.0043698900479278,0.0,99.99999741082298,0.0,0.0039844525389148
101.0,121,1,37,0,-36,-0.08764427,-0.39020455,0.0043474776615779,0.0,99.999996437425,0.0,0.0052933238475421
101.5,120,1,37,0,-36,-0.18833737,-0.0784079,0.0043249491768645,0.0,99.9999964393441,0.0,0.0051667331548325
102.0,120,1,37,0,-36,-0.18833737,-0.0784079,0.0043027382864394,0.0,99.99999658115,0.0,0.0049087009109714
102.5,120,1,37,0,-36,-0.18833737,-0.0784079,0.0042807543596622,0.0,99.99999757274811,0.0,0.0037844659271362
103.0,117,1,34,0,-33,0.25804162,0.39145252,0.0042592447201067,0.0,99.99999770934114,0.0,0.0036165130536365
103.5,120,1,35,0,-34,-0.08187552,-0.7418448,0.0042374536223393,0.0,99.99999637676429,0.0,0.0046609619906483
104.0,120,1,35,0,-34,-0.08187552,-0.7418448,0.0042159662722698,0.0,99.99999717811652,0.0,0.0052588497159782
104.5,122,1,36,0,-35,0.092007026,-0.6210063,0.0041948579161028,0.0,99.99999722309808,0.0,0.0061349932507321
105.0,121,1,36,0,-35,0.25688517,-0.6363488,0.0041740401631145,0.0,99.99999650207516,0.0,0.0064214335503061
105.5,121,1,36,0,-35,0.25688517,-0.6363488,0.0041531895347279,0.0,99.99999750197956,0.0,0.005119425811539
106.0,126,1,39,0,-38,0.54251164,-0.13548055,0.0041325461816796,0.0,99.99999737302574,0.0,0.0052941905930348
106.5,125,1,38,0,-37,0.428348,0.116934374,0.004112418746565,0.0,99.9999961549015,0.0,0.0066465998612126
107.0,124,2,39,0,-37,0.083409354,-1.0153917,0.004092409240924,0.0,99.9999975956824,0.0,0.0037904317768242
107.5,125,2,39,0,-37,-0.68002,-0.3087232,0.0040728992661273,0.0,99.99999785716038,0.0,0.0037827991596931
108.0,125,2,39,0,-37,-0.68002,-0.3087232,0.0040533472803347,0.0,99.99999712548455,0.0,0.0044221572025656
108.5,124,2,38,0,-36,-0.15446028,-0.39630073,0.0040336071972935,0.0,99.99999697699327,0.0,0.005184034415031
109.0,124,2,38,0,-36,-0.15446028,-0.39630073,0.0040140584535701,0.0,99.9999969840153,0.0,0.0051744917217944
109.5,125,2,38,0,-36,0.03598784,0.34390086,0.0039946982806229,0.0,99.99999698401663,0.0,0.0051722620178068
110.0,125,2,38,0,-36,0.03598784,0.34390086,0.003975669634678,0.0,99.99999735535027,0.0,0.0051349369141902
110.5,126,2,38,0,-36,0.24850638,-0.68346417,0.0039571821945037,0.0,99.99999697121508,0.0,0.0055369873959205
111.0,125,2,38,0,-36,0.25371236,-0.004845757,0.0039390803971754,0.0,99.9999969760086,0.0,0.0055325606523086
111.5,122,2,37,0,-35,-0.13056171,-0.2978607,0.0039571400177077,0.0,99.99999541489645,0.0,0.0068284730356823
112.0,123,1,37,0,-36,-0.17416684,-0.06315094,0.0039748201438848,0.0,99.99999607545938,0.0,0.0048573656986404
112.5,124,1,38,0,-37,0.045067474,-0.6226238,0.0039923375763109,0.0,99.99999757419714,0.0,0.0049316870205315
113.0,123,1,38,0,-37,-0.34455428,-0.016787946,0.0039916602811982,0.0,99.9999978830126,0.0,0.0046651117826853
113.5,124,1,39,0,-38,-0.08555095,-0.22848332,0.0039732515032726,0.0,99.99999788272324,0.0,0.0046684014485558
114.0,123,2,39,0,-37,-0.11785939,0.17589721,0.0039550117414411,0.0,99.9999963875262,0.0,0.0064243935078372
114.5,124,3,39,0,-36,-0.13642973,0.5109599,0.0039366619215831,0.0,99.99999682067084,0.0,0.0048251092372791
115.0,128,3,41,0,-38,0.196916,-0.6687844,0.0039184815883845,0.0,99.99999717796622,0.0,0.0051748762834751
115.5,127,3,40,0,-37,0.39523077,0.37572512,0.003901011824942,0.0,99.99999650295445,0.0,0.0076594870698072
116.0,127,3,40,0,-37,0.39523077,0.37572512,0.003883495145631,0.0,99.9999979623256,0.0,0.0039238541445499
116.5,127,2,40,0,-38,0.24582495,-0.14247294,0.003883461631399,0.0,99.99999798708392,0.0,0.0033532673004737
117.0,127,2,40,0,-38,0.24582495,-0.14247294,0.0039003436426116,0.0,99.99999684384578,0.0,0.0042187942702772
117.5,127,1,40,0,-39,-0.4644326,-0.7041973,0.003917208347588,0.0,99.99999726639344,0.0,0.0038600503929106
118.0,126,1,39,0,-38,-0.024200365,-0.077453434,0.0039336557455214,0.0,99.9999957338956,0.0,0.0053714506577093
118.5,127,1,39,0,-38,0.12731175,-0.39575744,0.0039500898518292,0.0,99.99999600425956,0.0,0.0055346511884847
119.0,128,1,40,0,-39,0.48524338,-0.28308925,0.0039665794581821,0.0,99.99999737591938,0.0,0.0044411320621646
119.5,127,1,39,0,-38,-0.6227996,-0.2998264,0.003982791651262,0.0,99.99999648486536,0.0,0.0058893403515169
120.0,128,1,38,0,-37,-0.25796014,-1.0409911,0.0039988622483979,0.0,99.9999983489934,0.0,0.0030592750803916
120.5,127,1,37,0,-36,-0.51431584,-0.43098927,0.0039982008096356,0.0,99.9999971638652,0.0,0.0046493322113048
121.0,126,1,37,0,-36,0.2596239,-0.6447159,0.0039808917197452,0.0,99.99999750693118,0.0,0.0041819710756597
121.5,127,1,37,0,-36,-0.29289353,0.23260872,0.0039637973178304,0.0,99.99999699115745,0.0,0.0049435605869856
122.0,125,1,37,0,-36,0.23262562,0.5217259,0.0039465245917813,0.0,99.99999595428676,0.0,0.0065539725072207
122.5,126,1,37,0,-36,0.30438954,0.31467408,0.0039459034645359,0.0,99.99999689025194,0.0,0.0044669883369669
123.0,125,1,37,0,-36,0.30438954,0.31467408,0.0039619780542285,0.0,99.99999531595462,0.0,0.0071716443550225
123.5,125,1,37,0,-36,0.30438954,0.31467408,0.0039779830813944,0.0,99.99999700056746,0.0,0.0058620513320762
124.0,125,1,37,0,-36,0.30438954,0.31467408,0.0039936618807398,0.0,99.99999725935416,0.0,0.0055754353288485
124.5,124,1,37,0,-36,0.43527573,0.6170909,0.0040090808095445,0.0,99.99999611804787,0.0,0.0063212743044436
125.0,124,1,37,0,-36,0.43527573,0.6170909,0.0040243061679306,0.0,99.99999640743845,0.0,0.006681494880848
125.5,126,1,37,0,-36,0.30075568,0.50101894,0.0040392751656422,0.0,99.99999640714984,0.0,0.0066814735896852
126.0,126,1,37,0,-36,0.30075568,0.50101894,0.0040222575516693,0.0,99.99999792264796,0.0,0.0051221379156972
126.5,125,1,37,0,-36,0.20571746,0.45846298,0.0040053827277764,0.0,99.99999723305034,0.0,0.0056139438568878
127.0,125,1,37,0,-36,0.20571746,0.45846298,0.0039886489043039,0.0,99.99999536027572,0.0,0.0072092702069792
127.5,127,1,38,0,-37,0.036998913,1.3552097,0.0039722414117942,0.0,99.99999601338968,0.0,0.0065739652745623
128.0,126,1,38,0,-37,-0.10929296,0.11987084,0.0039562157935887,0.0,99.99999635230786,0.0,0.0060612757896678
128.5,126,1,38,0,-37,-0.10929296,0.11987084,0.0039401962311166,0.0,99.9999947260566,0.0,0.0084719183147607
129.0,127,1,39,0,-38,0.0997543,0.360172,0.0039244276230067,0.0,99.9999941412768,0.0,0.0067152557347437
129.5,127,1,39,0,-38,0.0997543,0.360172,0.0039083620409991,0.0,99.99999610235206,0.0,0.0054889659995641
130.0,127,1,39,0,-38,0.0997543,0.360172,0.0038924274593064,0.0,99.99999523445608,0.0,0.0058406523769562
130.5,127,1,39,0,-38,0.0997543,0.360172,0.0038768004903463,0.0,99.9999952221547,0.0,0.0058486362859791
131.0,129,1,40,0,-39,-0.026789501,0.13660294,0.0038608860199301,0.0,99.99999508977083,0.0,0.0060326478042835
131.5,130,1,40,0,-39,0.17099433,0.14690411,0.0038451601136829,0.0,99.9999972711513,0.0,0.0041004079100001
132.0,127,1,39,0,-38,0.23422764,1.2764275,0.0038295038295038,0.0,99.99999649982142,0.0,0.0046387277152189
132.5,128,1,39,0,-38,0.32115805,1.2716196,0.0038137445544852,0.0,99.9999964682105,0.0,0.0047068375218208
133.0,125,1,38,0,-37,-0.30132222,0.74545896,0.0037980574362361,0.0,99.99999654965062,0.0,0.0046374988755636
133.5,125,1,38,0,-37,-0.30132222,0.74545896,0.0037826685006877,0.0,99.9999952760034,0.0,0.0061035220011623
134.0,126,1,39,0,-38,-0.16764006,1.1228387,0.0037674037674037,0.0,99.99999623879674,0.0,0.0059972937660852
134.5,126,1,39,0,-38,-0.16764006,1.1228387,0.0037522617387951,0.0,99.9999955803698,0.0,0.0064568108159847
135.0,126,1,39,0,-38,-0.16764006,1.1228387,0.0037373513553438,0.0,99.9999957942668,0.0,0.0055738961574444
135.5,128,1,39,0,-38,-0.15193206,0.09034127,0.0037226137751423,0.0,99.99999581253093,0.0,0.0055582076532938
136.0,127,1,38,0,-37,0.5816297,0.6634772,0.0037079376245749,0.0,99.99999582158244,0.0,0.0045095018200643
136.5,127,1,38,0,-37,0.5816297,0.6634772,0.0036931071730943,0.0,99.999995278716,0.0,0.0053184237812841
137.0,128,1,39,0,-38,-0.47515368,0.78976774,0.0036785018465206,0.0,99.99999565957653,0.0,0.0059446812935244
137.5,127,1,39,0,-38,0.5543805,0.47981447,0.0036639054625499,0.0,99.99999518717615,0.0,0.0062398175920729
138.0,126,1,39,0,-38,0.53003114,0.28646734,0.0036493718176179,0.0,99.99999558668628,0.0,0.0052909276596258
138.5,126,1,39,0,-38,0.53003114,0.28646734,0.0036636351881384,0.0,99.999994532156,0.0,0.006846842694538
139.0,126,1,39,0,-38,0.53003114,0.28646734,0.0036778911515949,0.0,99.99999675406252,0.0,0.0048874911061666
139.5,127,1,40,0,-39,0.24393733,0.20929804,0.0036636824998574,0.0,99.99999634823024,0.0,0.0059066741659544
140.0,127,1,40,0,-39,0.24393733,0.20929804,0.0036494795586543,0.0,99.9999960813069,0.0,0.0063633264546586
140.5,127,1,40,0,-39,0.24393733,0.20929804,0.0036353348893132,0.0,99.99999602193982,0.0,0.0064314264298711
141.0,129,2,40,0,-38,-0.22193174,0.7148471,0.0036211973904834,0.0,99.9999957257875,0.0,0.0066520829579134
141.5,127,2,39,0,-37,0.52309394,0.103001595,0.0036071694246775,0.0,99.99999783214224,0.0,0.0043001024263236
142.0,126,2,38,0,-36,-0.078201994,0.82189035,0.0035930487787828,0.0,99.99999749656116,0.0,0.004543846217522
142.5,126,2,37,0,-35,-0.00029195845,0.7737501,0.0035788887341595,0.0,99.99999620731774,0.0,0.0060009756667961
143.0,127,2,37,0,-35,0.034829125,1.5281569,0.0035648893081063,0.0,99.99999646101156,0.0,0.0045244191572027
143.5,126,2,36,0,-34,0.08301319,1.5240147,0.0035510971093793,0.0,99.9999974000713,0.0,0.0036644393516801
144.0,127,2,37,0,-35,0.034829125,1.5281569,0.0035648415778897,0.0,99.99999730528914,0.0,0.0045082832634774
144.5,130,2,38,0,-36,0.6475876,-0.10738091,0.0035785288270377,0.0,99.9999982165511,0.0,0.0035674169858251
145.0,130,2,38,0,-36,0.6475876,-0.10738091,0.0035922582055099,0.0,99.99999808816476,0.0,0.0037613771387693
145.5,130,2,38,0,-36,0.6475876,-0.10738091,0.0036057855850217,0.0,99.99999708170216,0.0,0.0038857425070115
146.0,128,2,37,0,-35,0.083780125,0.7820368,0.0036191121653676,0.0,99.99999639771904,0.0,0.0044533116559819
146.5,128,2,37,0,-35,0.083780125,0.7820368,0.0036323372537369,0.0,99.99999705622508,0.0,0.0048596330611196
147.0,129,2,38,0,-36,-0.013291523,0.55568105,0.0036453639310743,0.0,99.99999706168248,0.0,0.004855110652738
147.5,127,1,37,0,-36,-0.06602582,0.7562299,0.0036583404802744,0.0,99.9999969045702,0.0,0.004564142771706
148.0,129,1,39,0,-38,-0.47530514,0.67455256,0.0036979681200437,0.0,99.99999698135402,0.0,0.0065202642575979
148.5,130,1,39,0,-38,-0.02230423,0.45261058,0.0037107972228872,0.0,99.99999793129145,0.0,0.0046947749021342
149.0,130,1,39,0,-38,-0.02230423,0.45261058,0.0037234324481899,0.0,99.99999689366878,0.0,0.0046811624607499
149.5,128,1,38,0,-37,0.23320426,-0.3733161,0.0037361708869115,0.0,99.99999744225104,0.0,0.0053915606629037
150.0,128,1,39,0,-38,-0.08893877,1.0204467,0.0037226066138749,0.0,99.9999962788906,0.0,0.0063417585320335
150.5,129,1,39,0,-38,0.6334637,0.34122336,0.003709383560746,0.0,99.99999713531008,0.0,0.005248972020282
151.0,129,1,39,0,-38,0.6334637,0.34122336,0.0036962058381767,0.0,99.99999674582712,0.0,0.0052667217690639
151.5,129,1,39,0,-38,0.6334637,0.34122336,0.0036831214128609,0.0,99.9999967086797,0.0,0.0053153960075724
152.0,129,1,39,0,-38,0.5741598,0.6605221,0.0036700817014654,0.0,99.99999617969408,0.0,0.0052016738876158
152.5,129,1,39,0,-38,0.5741598,0.6605221,0.0036569922208151,0.0,99.99999516922875,0.0,0.0065721191249384
153.0,127,1,38,0,-37,-0.31335688,0.8885128,0.003643667357633,0.0,99.99999739449406,0.0,0.0041345721563447
153.5,128,1,37,0,-36,-0.33698544,0.6640918,0.0036301132646647,0.0,99.99999833629587,0.0,0.0031297713331312
154.0,128,1,37,0,-36,-0.33698544,0.6640918,0.0036166596378228,0.0,99.99999811479542,0.0,0.0032559300896814
154.5,127,1,36,0,-35,-0.28408876,0.7430678,0.0036034888903036,0.0,99.99999767730148,0.0,0.0038756766033496
155.0,132,1,38,0,-37,0.18415286,1.242569,0.0035904137222313,0.0,99.99999738618511,0.0,0.0042022073329685
155.5,132,1,38,0,-37,0.18415286,1.242569,0.0035776139969406,0.0,99.99999730245916,0.0,0.0048008985467412
156.0,130,1,37,0,-36,0.09022376,1.1269406,0.003564815397987,0.0,99.99999729399548,0.0,0.0048072337181539
156.5,130,1,37,0,-36,0.09022376,1.1269406,0.0035521972159811,0.0,99.99999688587056,0.0,0.004878751832836
157.0,130,1,37,0,-36,0.09022376,1.1269406,0.003539490963667,0.0,99.99999798621096,0.0,0.0033748348314527
157.5,132,1,39,0,-38,0.0503069,1.4264817,0.0035266994828338,0.0,99.99999830650022,0.0,0.0030477170733865
158.0,132,1,39,0,-38,0.0503069,1.4264817,0.0035141746656567,0.0,99.99999826537967,0.0,0.0031412453029337
158.5,132,1,39,0,-38,0.0503069,1.4264817,0.0035017384956135,0.0,99.99999801781765,0.0,0.0037457500546904
159.0,131,1,39,0,-38,-0.21301991,1.0996126,0.0034893039886566,0.0,99.99999661706002,0.0,0.004997170104238
159.5,125,1,37,0,-36,0.59935355,0.0058392547,0.0034771283588691,0.0,99.99999780311126,0.0,0.0048561769435318
160.0,125,1,37,0,-36,0.59935355,0.0058392547,0.0034650798315212,0.0,99.99999687128386,0.0,0.0050455400749673
160.5,125,1,37,0,-36,0.59935355,0.0058392547,0.0034530723803016,0.0,99.99999643948313,0.0,0.004957096619071
161.0,124,1,37,0,-36,0.79983765,0.00389269,0.0034411478599221,0.0,99.9999964364657,0.0,0.004959735561875
161.5,123,1,37,0,-36,-0.06220767,0.48545682,0.0034294300844633,0.0,99.99999701830272,0.0,0.0046538538395139
162.0,125,1,37,0,-36,0.2762282,0.39138174,0.003417956955482,0.0,99.9999985755552,0.0,0.0031453156392062
162.5,125,1,37,0,-36,0.2762282,0.39138174,0.0034065193316962,0.0,99.99999866595893,0.0,0.0029831012384728
163.0,125,1,37,0,-36,0.2762282,0.39138174,0.0033951172695099,0.0,99.9999965891412,0.0,0.0042176694427579
163.5,126,1,38,0,-37,0.29290676,0.5059662,0.0033837103639581,0.0,99.9999974468435,0.0,0.0055647892312985
164.0,125,1,37,0,-36,0.40490085,-0.50348234,0.0033725004170936,0.0,99.99999731265254,0.0,0.0050158307865883
164.5,126,1,39,0,-38,0.058625862,-0.34798762,0.0033612846521129,0.0,99.9999966765806,0.0,0.0047298578510976
165.0,126,1,39,0,-38,0.058625862,-0.34798762,0.0033501035809411,0.0,99.99999808793284,0.0,0.0033407914269209
165.5,126,1,39,0,-38,0.058625862,-0.34798762,0.003338957254268,0.0,99.99999676541536,0.0,0.0050733175114812
166.0,126,1,39,0,-38,0.058625862,-0.34798762,0.0033279239869234,0.0,99.99999777691062,0.0,0.003846134796897
166.5,126,1,39,0,-38,-0.24282546,0.28091764,0.0033169245194561,0.0,99.99999712550569,0.0,0.0059883535704936
167.0,127,1,40,0,-39,0.16349827,-0.5687212,0.0033061906375223,0.0,99.99999750906063,0.0,0.0041623706765223
167.5,130,1,42,0,-41,0.2908228,-0.59117323,0.0033072094837725,0.0,99.99999706646344,0.0,0.0050192042802815
168.0,131,1,42,0,-41,-0.27599192,-0.14338444,0.0033197139938712,0.0,99.99999775605116,0.0,0.004733727651266
168.5,128,1,40,0,-39,0.035246775,0.20412126,0.0033319835714698,0.0,99.99999724038612,0.0,0.0054149957640816
169.0,129,1,40,0,-39,0.012737632,-0.3164622,0.0033211481024481,0.0,99.99999835956925,0.0,0.0033638228402444
169.5,130,1,40,0,-39,0.012737632,-0.3164622,0.0033102687294544,0.0,99.9999967145911,0.0,0.0055042764648131
170.0,129,1,39,0,-38,-0.14017703,0.17651986,0.0032995360027496,0.0,99.99999663675491,0.0,0.0056603473486505
170.5,130,1,39,0,-38,-0.5622397,-0.051493797,0.0032888726475424,0.0,99.9999978876998,0.0,0.0040437402299366
171.0,128,1,38,0,-37,0.18703099,-0.3840132,0.0032782033624349,0.0,99.9999974988078,0.0,0.004453672500835
171.5,127,1,37,0,-36,-0.6338676,-0.76671124,0.0032676401511283,0.0,99.99999752152274,0.0,0.0044365290577277
172.0,126,1,37,0,-36,-0.2244592,0.028501686,0.0032571079595575,0.0,99.99999704102586,0.0,0.0047619164876386
172.5,125,1,36,0,-35,0.102525175,-0.5139277,0.0032580266955266,0.0,99.9999974917783,0.0,0.0043847192390897
173.0,126,1,38,0,-37,-0.405509,0.08529246,0.0032924307802948,0.0,99.99999832255972,0.0,0.0037655041336452
173.5,126,1,38,0,-37,-0.405509,0.08529246,0.0033489018066149,0.0,99.9999976185472,0.0,0.0062711390338257
174.0,127,1,39,0,-38,0.14834012,-0.24346045,0.0034050439306487,0.0,99.9999978278047,0.0,0.0069876881783558
174.5,129,1,40,0,-39,0.5236227,-0.7039396,0.0034498492082039,0.0,99.99999735332383,0.0,0.0044140445765278
175.0,128,1,40,0,-39,0.19630103,-0.43486065,0.0034390947415132,0.0,99.99999687742957,0.0,0.0058496229747631
175.5,126,1,39,0,-38,0.28968513,-0.9948565,0.0034284071178155,0.0,99.9999980722371,0.0,0.0039071485707094
176.0,123,1,36,0,-35,-0.28024024,-0.7890874,0.0034177480347948,0.0,99.99999806937144,0.0,0.0039135979698785
176.5,124,1,36,0,-35,0.13509382,-0.044057835,0.0034071550255536,0.0,99.99999620567677,0.0,0.0048685591586771
177.0,124,1,36,0,-35,0.13509382,-0.044057835,0.0033966646944097,0.0,99.99999623395126,0.0,0.0046999390995752
177.5,125,1,36,0,-35,-0.18145613,0.42541677,0.0033972363318586,0.0,99.99999690986422,0.0,0.0051899992443856
178.0,125,1,36,0,-35,-0.18145613,0.42541677,0.0034087691402931,0.0,99.9999985299526,0.0,0.0031638567263491
178.5,124,1,36,0,-35,0.013747439,-0.49484384,0.0034205296934553,0.0,99.99999783709409,0.0,0.0054642910370947
179.0,125,1,37,0,-36,-0.23409617,-0.7464712,0.003432296065311,0.0,99.99999728647066,0.0,0.0059564344959846
179.5,126,1,37,0,-36,0.1471876,-0.715505,0.0034438830591181,0.0,99.99999782866136,0.0,0.0050001826636294
180.0,127,1,38,0,-37,0.22626807,-0.28165174,0.003465943339361,0.0,99.99999699195298,0.0,0.0056510762115461
180.5,130,1,39,0,-38,0.13014929,-0.071727455,0.0034770290718264,0.0,99.99999717502214,0.0,0.0056321237269194
181.0,130,1,39,0,-38,0.13014929,-0.071727455,0.0034880112985887,0.0,99.99999771402793,0.0,0.0049089794740916
181.5,130,1,39,0,-38,0.13014929,-0.071727455,0.0034989279199513,0.0,99.99999769325323,0.0,0.0049276450704276
182.0,131,1,40,0,-39,-0.060984805,-0.25960547,0.0035097795220318,0.0,99.99999675563951,0.0,0.006203338299032
182.5,131,1,40,0,-39,-0.20926294,-0.8042638,0.0035207533563808,0.0,99.99999628001552,0.0,0.0061484800641012
183.0,131,1,40,0,-39,-0.20926294,-0.8042638,0.0035320368431627,0.0,99.99999694279737,0.0,0.0066314450902282
183.5,132,1,41,0,-40,-0.4225902,-0.40574297,0.0035434067324727,0.0,99.9999964726818,0.0,0.0048100648344948
184.0,131,1,41,0,-40,-0.0018103421,0.8333262,0.0035546020528352,0.0,99.9999960069003,0.0,0.0046522715182051
184.5,132,1,42,0,-41,-0.22060326,-0.15031901,0.0035552479234835,0.0,99.99999336422316,0.0,0.0086230097738054
185.0,128,1,40,0,-39,0.13476554,0.07800694,0.0035453946473953,0.0,99.99999296494148,0.0,0.0095517569233658
185.5,125,1,39,0,-38,0.008717239,-0.5654741,0.0035355220891911,0.0,99.99999408565576,0.0,0.0086279581034505
186.0,125,1,39,0,-38,0.008717239,-0.5654741,0.003525631025553,0.0,99.99999304003175,0.0,0.0074298356577167
186.5,125,1,39,0,-38,0.008717239,-0.5654741,0.0035157586882797,0.0,99.99999676531844,0.0,0.0044889304776001
187.0,124,1,39,0,-38,0.10289326,0.04019595,0.0035058689694399,0.0,99.99999677154489,0.0,0.0044850721610541
187.5,126,1,40,0,-39,-0.30500716,-0.79850554,0.0034960707876987,0.0,99.99999374287492,0.0,0.0069772827513898
188.0,126,1,40,0,-39,-0.30500716,-0.79850554,0.0035067152053639,0.0,99.99999503072324,0.0,0.0063852540391357
188.5,129,1,41,0,-40,0.030419812,-0.20356902,0.003517443649117,0.0,99.9999964052624,0.0,0.0057188933823436
189.0,128,1,40,0,-39,-0.07233088,-0.8098743,0.0035280041722484,0.0,99.99999639916533,0.0,0.0062871617693117
189.5,127,1,39,0,-38,0.19609047,0.20787096,0.0035383250568477,0.0,99.99999601428765,0.0,0.0066805414846293
190.0,127,1,39,0,-38,0.19609047,0.20787096,0.003548551093035,0.0,99.99999762150418,0.0,0.0053093868720592
190.5,129,1,40,0,-39,0.44863605,-0.66999835,0.0035586467003943,0.0,99.99999717685264,0.0,0.0055379700791203
191.0,129,1,40,0,-39,0.44863605,-0.66999835,0.0035686484628526,0.0,99.99999705044708,0.0,0.0072200585898643
191.5,130,1,40,0,-39,0.24333777,-0.2201522,0.0035785929577322,0.0,99.99999702287728,0.0,0.0072493992785661
192.0,130,1,40,0,-39,0.24333777,-0.2201522,0.0035884806754787,0.0,99.9999969982721,0.0,0.0072754684539401
192.5,130,1,39,0,-38,-0.031240642,-0.5027729,0.0035983121009532,0.0,99.99999698568294,0.0,0.0072890687061512
193.0,128,1,39,0,-38,-0.4531476,-0.6168941,0.003588170033283,0.0,99.99999605051345,0.0,0.0085102322111513
193.5,128,1,39,0,-38,-0.4531476,-0.6168941,0.0035780136542582,0.0,99.99999669536749,0.0,0.0062910459635539
194.0,128,1,39,0,-38,-0.4531476,-0.6168941,0.0035680564528151,0.0,99.99999677024827,0.0,0.00704041141289
194.5,128,1,39,0,-38,-0.4531476,-0.6168941,0.0035581545170722,0.0,99.99999677750957,0.0,0.0070366702947741
195.0,128,1,38,0,-37,-0.12579994,0.09654689,0.0035483073881887,0.0,99.99999677776336,0.0,0.0070389874752843
195.5,128,1,38,0,-37,-0.12579994,0.09654689,0.0035385146123897,0.0,99.99999676949824,0.0,0.0070487524244786
196.0,128,1,39,0,-38,0.3966987,-0.60220623,0.0035287757408954,0.0,99.99999651123078,0.0,0.0062416737363531
196.5,126,1,38,0,-37,0.23457585,-0.104113534,0.0035287544477009,0.0,99.99999723243964,0.0,0.0066318369534108
197.0,126,1,38,0,-37,0.24020202,-0.59183,0.0035385773355099,0.0,99.99999711345204,0.0,0.0047904606030196
197.5,126,1,38,0,-37,-0.093878195,-0.6866418,0.0035483462172094,0.0,99.99999759736755,0.0,0.0059415220414935
198.0,126,1,38,0,-37,-0.14953233,-0.668002,0.0035583728708096,0.0,99.9999965040531,0.0,0.0053263070632646
198.5,125,1,37,0,-36,0.1315565,-0.22435895,0.0035682772396272,0.0,99.99999595064854,0.0,0.0062513322501424
199.0,126,1,37,0,-36,-0.41994983,-0.5758238,0.0035781635317441,0.0,99.9999962118105,0.0,0.0061052169645092
199.5,125,1,38,0,-37,0.045929596,-0.4436543,0.0035688793718772,0.0,99.99999492393086,0.0,0.0063602290296574
200.0,124,1,37,0,-36,0.1641127,-0.54437816,0.0035596432660208,0.0,99.99999667460231,0.0,0.0041590900142978
200.5,125,1,37,0,-36,-0.2717017,-0.7920153,0.0035503526363767,0.0,99.99999807543172,0.0,0.0031046852794762
201.0,125,1,37,0,-36,-0.2717017,-0.7920153,0.0035411103773675,0.0,99.9999980731824,0.0,0.0031100846409609
201.5,128,1,39,0,-38,-0.016881034,0.1417822,0.0035319161122194,0.0,99.99999807098648,0.0,0.0031152558067696
202.0,128,1,39,0,-38,-0.016881034,0.1417822,0.003522702388773,0.0,99.99999606535472,0.0,0.0046243322487023
202.5,130,1,39,0,-38,0.20009296,-0.63023174,0.0035134698838655,0.0,99.9999974859397,0.0,0.0045407663386134
203.0,130,1,39,0,-38,0.20009296,-0.63023174,0.0035043520263678,0.0,99.99999748725324,0.0,0.0045392276599851
203.5,130,1,39,0,-38,0.20009296,-0.63023174,0.0034952483515653,0.0,99.99999719521011,0.0,0.0049938598730321
204.0,129,1,39,0,-38,0.4827695,-0.75804675,0.0034860933142383,0.0,99.99999750006648,0.0,0.0047886718782999
204.5,130,1,39,0,-38,-0.13317865,0.09720947,0.0034769207637949,0.0,99.99999841461911,0.0,0.0036557199540517
205.0,129,1,39,0,-38,-0.062199093,-0.3430388,0.0034677313539147,0.0,99.99999655235658,0.0,0.0052602515569659
205.5,128,1,38,0,-37,-0.14263324,-0.6027077,0.0034584934054943,0.0,99.99999779350838,0.0,0.0040555134491624
206.0,128,1,38,0,-37,-0.14263324,-0.6027077,0.0034492402349212,0.0,99.99999771099051,0.0,0.0044353155219368
206.5,131,1,39,0,-38,-0.076168805,0.18981934,0.0034400044627084,0.0,99.9999980269954,0.0,0.0041483958396402
207.0,131,1,39,0,-38,-0.076168805,0.18981934,0.0034306907742234,0.0,99.99999790614712,0.0,0.0044818122428961
207.5,131,1,39,0,-38,-0.076168805,0.18981934,0.0034214590210928,0.0,99.99999813850587,0.0,0.0038053899275954
208.0,130,1,38,0,-37,-0.65512264,-0.41561228,0.0034122138812549,0.0,99.9999980826391,0.0,0.0043346060704075
208.5,130,1,38,0,-37,-0.65512264,-0.41561228,0.0034029559731074,0.0,99.99999811576836,0.0,0.0043562852503746
209.0,129,1,38,0,-37,-0.6627665,0.020179462,0.0033938415534621,0.0,99.99999826662943,0.0,0.004127705874517
209.5,129,1,38,0,-37,-0.907792,0.23857911,0.0033847758272117,0.0,99.99999823635972,0.0,0.0041637716672777
210.0,129,1,38,0,-37,-0.907792,0.23857911,0.0033759432111606,0.0,99.99999847411917,0.0,0.0036737021086909
210.5,130,1,39,0,-38,-0.48501354,-0.09586634,0.0033671872156091,0.0,99.99999858727944,0.0,0.0035544788112583
211.0,131,1,40,0,-39,0.14618328,0.24888888,0.0033584155540024,0.0,99.99999749390524,0.0,0.0046881887820964
211.5,131,1,40,0,-39,0.14618328,0.24888888,0.0033676434643274,0.0,99.99999739054792,0.0,0.0045072278718611
212.0,130,1,40,0,-39,-0.22367594,-0.28701946,0.0033767312519185,0.0,99.99999754374372,0.0,0.0050529673871141
212.5,128,1,38,0,-37,0.10473731,-1.2410038,0.003385801246263,0.0,99.9999975347753,0.0,0.0050632475088373
213.0,129,1,38,0,-37,-0.7130187,-0.6677315,0.0033949148127857,0.0,99.9999979037608,0.0,0.0042199375291436
213.5,130,1,39,0,-38,0.036443576,-1.045447,0.0033863078494257,0.0,99.99999831378464,0.0,0.0038638016427425
214.0,128,1,39,0,-38,-0.577602,-1.1982551,0.0033777746005647,0.0,99.99999830838672,0.0,0.0038689333658023
214.5,127,1,38,0,-37,-0.4998737,-0.33541834,0.0033692542182528,0.0,99.99999870794105,0.0,0.0033153797880848
215.0,127,1,38,0,-37,-0.4998737,-0.33541834,0.0033607767128403,0.0,99.99999806324172,0.0,0.0047474148585272
215.5,127,1,38,0,-37,-0.4998737,-0.33541834,0.0033874257337944,0.0,99.9999982670048,0.0,0.0042886328195336
216.0,130,1,40,0,-39,-0.5041456,-0.54766405,0.0033788266095863,0.0,99.9999983638334,0.0,0.0042900908464014
216.5,131,1,39,0,-38,-0.3969829,0.11073497,0.0033703602403366,0.0,99.99999723568736,0.0,0.0058903521604004
217.0,131,1,39,0,-38,-0.3969829,0.11073497,0.0033618770186663,0.0,99.99999860114352,0.0,0.0039878249261337
217.5,131,1,39,0,-38,-0.3969829,0.11073497,0.003353377518325,0.0,99.99999860006012,0.0,0.0039903605169007
218.0,131,1,39,0,-38,-0.3969829,0.11073497,0.0033449208864915,0.0,99.99999784549507,0.0,0.0055006586022637
218.5,131,1,39,0,-38,-0.3969829,0.11073497,0.0033365067996611,0.0,99.99999869870508,0.0,0.0028380722895198
219.0,131,1,39,0,-38,-0.3969829,0.11073497,0.0033280769465329,0.0,99.99999866686252,0.0,0.0031707253610776
219.5,131,1,39,0,-38,-0.3969829,0.11073497,0.0033195741907451,0.0,99.99999835288162,0.0,0.0034785051873194
220.0,129,1,38,0,-37,-0.3472253,-1.2630823,0.0033111721722849,0.0,99.99999889658775,0.0,0.0025838753806644
220.5,129,1,38,0,-37,-0.3472253,-1.2630823,0.0033029839260546,0.0,99.99999881125272,0.0,0.002850927682957
221.0,126,1,37,0,-36,-0.22567019,-0.69207466,0.003294807659134,0.0,99.99999859798828,0.0,0.0035571865875502
221.5,126,1,37,0,-36,-0.22567019,-0.69207466,0.0032866434938224,0.0,99.99999860257375,0.0,0.0035522970106205
222.0,126,1,37,0,-36,-0.22567019,-0.69207466,0.0032784634133781,0.0,99.99999844640892,0.0,0.0037835977446588
222.5,126,1,37,0,-36,-0.36650628,-1.3298929,0.0032703239504143,0.0,99.99999822596524,0.0,0.0033613723145372
223.0,128,1,38,0,-37,-0.4125021,-0.6690428,0.0032621969444657,0.0,99.99999874663766,0.0,0.0029258433013573
223.5,129,1,38,0,-37,-0.8612618,0.43806246,0.0032541933944985,0.0,99.99999858098111,0.0,0.0032139392546735
224.0,128,1,39,0,-38,0.89120436,-0.14000252,0.0032462290206076,0.0,99.99999857977512,0.0,0.0032150602326494
224.5,128,1,39,0,-38,0.89120436,-0.14000252,0.0032383035358544,0.0,99.99999857898936,0.0,0.003215540684178
225.0,129,1,41,0,-40,-1.3626069,-0.13566111,0.0032304166560959,0.0,99.9999975948362,0.0,0.0046306219213256
225.5,130,1,42,0,-41,-1.409388,-0.321746,0.0032226496591752,0.0,99.99999868783368,0.0,0.0032313329479143
226.0,130,1,42,0,-41,-0.07507946,0.22809148,0.0032150010941103,0.0,99.99999881230136,0.0,0.0031092952102444
226.5,130,1,42,0,-41,-0.07507946,0.22809148,0.0032072810317033,0.0,99.9999978906087,0.0,0.0052384214521141
227.0,130,1,42,0,-41,-0.07507946,0.22809148,0.00319967835694,0.0,99.9999979150288,0.0,0.0046906041428951
227.5,131,1,42,0,-41,-0.428272,-0.16358434,0.0031919782744934,0.0,99.99999765532458,0.0,0.0051714551175496
228.0,129,1,41,0,-40,0.07901873,-0.39323363,0.0031843417082075,0.0,99.99999756616268,0.0,0.0049406831265573
228.5,131,1,43,0,-42,0.023763165,-0.15559015,0.0031767415945246,0.0,99.9999979390862,0.0,0.0041882815632106
229.0,133,1,44,0,-43,0.17980607,-0.53557426,0.0031691513809037,0.0,99.9999982129572,0.0,0.003807202648219
229.5,132,1,44,0,-43,0.28440833,-0.4691643,0.0031616235185062,0.0,99.9999982498362,0.0,0.0037756612721431
230.0,132,1,43,0,-42,-0.60692537,0.66547865,0.0031541052909703,0.0,99.99999824360046,0.0,0.003785330801761
230.5,128,1,41,0,-40,0.27681977,-0.0615598,0.0031467264160268,0.0,99.99999892582647,0.0,0.0025379276504225
231.0,128,1,41,0,-40,0.27681977,-0.0615598,0.0031393819855358,0.0,99.99999892436162,0.0,0.0025412366788244
231.5,130,1,41,0,-40,-0.2757023,1.2940185,0.003132046078793,0.0,99.99999872689033,0.0,0.0027515768083135
232.0,129,1,40,0,-39,0.021418013,1.2337172,0.0031247699367683,0.0,99.99999833832676,0.0,0.0039039220331077
232.5,127,1,39,0,-38,-0.1716344,1.3449743,0.0031173748765699,0.0,99.99999756314118,0.0,0.0045778345730977
233.0,131,1,40,0,-39,0.16014667,1.016424,0.0031101413404546,0.0,99.99999770864028,0.0,0.0044837445511302
233.5,131,1,40,0,-39,0.16014667,1.016424,0.0031029665009585,0.0,99.9999977107574,0.0,0.0044800510164593
234.0,131,1,40,0,-39,-0.04554236,0.05568413,0.0030957745109162,0.0,99.99999727647103,0.0,0.0050929377689842
234.5,130,1,39,0,-38,0.21951382,-0.30510312,0.0030885658381979,0.0,99.99999802581736,0.0,0.0036251772436598
235.0,130,1,39,0,-38,0.21951382,-0.30510312,0.0030813658032927,0.0,99.99999750202367,0.0,0.0042984978888347
235.5,132,1,41,0,-40,0.11326039,0.1949306,0.0030742734815744,0.0,99.9999969953562,0.0,0.0050850166477567
236.0,132,2,42,0,-40,0.07620968,0.635064,0.0030672629896981,0.0,99.99999745992054,0.0,0.0054841119931409
236.5,131,2,42,0,-40,0.23494427,0.13435544,0.0030603089149522,0.0,99.99999829343426,0.0,0.0049178657738114
237.0,131,2,42,0,-40,0.23494427,0.13435544,0.0030534351145038,0.0,99.99999815871725,0.0,0.003888646764542
237.5,130,2,41,0,-39,0.18684359,0.8323645,0.0030465192321495,0.0,99.99999810856792,0.0,0.0040562278548264
238.0,129,2,40,0,-38,-0.011591792,0.0047821216,0.0030396829817539,0.0,99.99999866480206,0.0,0.0030437416027771
238.5,129,2,40,0,-38,-0.5918493,0.65744793,0.0030327569507296,0.0,99.99999745667044,0.0,0.0059545403663705
239.0,132,2,41,0,-39,-0.12691225,-0.07432519,0.0030258144747994,0.0,99.9999972740165,0.0,0.0048656341846155
239.5,132,2,41,0,-39,-0.12691225,-0.07432519,0.0030188559958273,0.0,99.99999854899713,0.0,0.0031990150803301
240.0,129,2,41,0,-39,-0.16545413,-0.32329747,0.003011953196455,0.0,99.99999855072168,0.0,0.0031931665167487
240.5,129,2,41,0,-39,-0.16545413,-0.32329747,0.0030050818924149,0.0,99.99999904083288,0.0,0.002374541182589
241.0,131,2,42,0,-40,-0.022254683,0.0074385367,0.0029983124681134,0.0,99.99999833088631,0.0,0.0030279007987427
241.5,130,2,42,0,-40,-1.0392977,-0.4396305,0.0029915969018959,0.0,99.99999796741078,0.0,0.0044765036088959
242.0,131,2,43,0,-41,-1.0473542,0.4276334,0.0029851446075941,0.0,99.9999975254812,0.0,0.0064679834878888
242.5,130,1,42,0,-41,-0.82725567,0.007550601,0.0029785575048732,0.0,99.99999766994232,0.0,0.0047526458938507
243.0,130,1,41,0,-40,-1.2883291,-0.15099041,0.0029719994087121,0.0,99.99999800515312,0.0,0.0043684146011785
243.5,133,1,43,0,-42,-0.5623255,0.46122086,0.0029655622147004,0.0,99.9999976989493,0.0,0.0044957312808273
244.0,132,1,43,0,-42,-1.317803,-0.34540707,0.0029591070003795,0.0,99.99999705480964,0.0,0.00464017135307
244.5,132,1,43,0,-42,-1.317803,-0.34540707,0.0029526113605973,0.0,99.9999971035046,0.0,0.0046765955260659
245.0,131,1,42,0,-41,-0.33711493,0.3394834,0.0029461214542425,0.0,99.99999723682888,0.0,0.0045708096078573
245.5,129,1,41,0,-40,-0.3151474,0.08457789,0.0029396373934189,0.0,99.9999972370112,0.0,0.0045702055335562
246.0,128,1,40,0,-39,0.11318435,-0.4698633,0.0029333394764526,0.0,99.99999709462642,0.0,0.0053199071625978
246.5,128,1,39,0,-38,0.21591909,-0.4877373,0.0029270684872726,0.0,99.99999790120329,0.0,0.0036296450665214
247.0,128,1,39,0,-38,0.21591909,-0.4877373,0.0029208242535458,0.0,99.9999979918472,0.0,0.0040643633877623
247.5,129,1,40,0,-39,0.2863165,-0.13681707,0.002914539891811,0.0,99.9999977653484,0.0,0.0036395512879132
248.0,130,1,40,0,-39,0.039113536,0.5792736,0.0029082160911139,0.0,99.99999831785036,0.0,0.0033377116004366
248.5,130,1,40,0,-39,0.039113536,0.5792736,0.0029019637634367,0.0,99.99999846288496,0.0,0.0036190185069708
249.0,131,1,41,0,-40,0.18532981,1.1951796,0.0028957602128611,0.0,99.99999821400768,0.0,0.0054973215754624
249.5,130,1,41,0,-40,0.07488878,-0.04990079,0.0028895831284654,0.0,99.999998202791,0.0,0.0031234774121681
250.0,132,1,42,0,-41,0.06187564,0.22737704,0.0028834758716475,0.0,99.99999753317825,0.0,0.0044995535590858
250.5,132,1,42,0,-41,0.06187564,0.22737704,0.002884926822287,0.0,99.99999813471828,0.0,0.0035501221330414
251.0,132,1,42,0,-41,0.06187564,0.22737704,0.0028939535163414,0.0,99.99999629794245,0.0,0.0052160985836318
251.5,133,1,43,0,-42,-0.116903976,0.20821518,0.0029029209235339,0.0,99.9999962971564,0.0,0.0052170915083515
252.0,132,1,42,0,-41,-0.47370517,0.6364282,0.0029118510090424,0.0,99.99999629372856,0.0,0.0052198510240814
252.5,133,1,41,0,-40,-0.20000021,-0.30513912,0.0029132305485837,0.0,99.99999770734576,0.0,0.0045328351182751
253.0,132,1,40,0,-39,-1.2912077,-0.0076796673,0.0029070634187065,0.0,99.99999801012542,0.0,0.0034597150085991
253.5,132,1,40,0,-39,-1.2912077,-0.0076796673,0.0029008791895389,0.0,99.99999914016016,0.0,0.0020755928672343
254.0,133,1,40,0,-39,0.16420849,0.3351234,0.0028946782453796,0.0,99.99999905828751,0.0,0.0021206076698009
254.5,132,1,39,0,-38,-0.44875932,0.57690245,0.0028885679368959,0.0,99.99999858305154,0.0,0.0025718929731924
255.0,130,1,38,0,-37,0.17629199,0.29851493,0.0028824194585485,0.0,99.99999812392352,0.0,0.0034317029787024
255.5,129,1,38,0,-37,-0.8199208,0.096613795,0.0028762546739138,0.0,99.99999846009172,0.0,0.0030321332404597
256.0,129,1,38,0,-37,-0.8199208,0.096613795,0.0028702429403063,0.0,99.9999979170584,0.0,0.0046038935028921
256.5,130,1,39,0,-38,-0.37735814,0.07375154,0.0028642562848392,0.0,99.99999806582665,0.0,0.0055609550470174
257.0,130,1,39,0,-38,-0.37735814,0.07375154,0.0028582526548769,0.0,99.99999832607904,0.0,0.0044265846162063
257.5,129,1,38,0,-37,0.3862924,-0.33168828,0.0028521698430575,0.0,99.99999799395847,0.0,0.0037383633186094
258.0,129,1,38,0,-37,0.2780686,0.044202875,0.002846071326926,0.0,99.99999818729584,0.0,0.0038675913451945
258.5,132,1,41,0,-40,0.19905166,-0.18487152,0.0028400195160315,0.0,99.9999981317915,0.0,0.003861990159822
259.0,133,1,42,0,-41,0.3428017,0.0622929,0.0028340139811356,0.0,99.99999870467371,0.0,0.0032234984758587
259.5,134,1,43,0,-42,0.036758557,1.2729931,0.0028280132844111,0.0,99.9999987040531,0.0,0.003224453525763
260.0,131,1,41,0,-40,-0.36732674,0.61099744,0.0028221196289274,0.0,99.99999903660698,0.0,0.0031416928080067
260.5,131,1,41,0,-40,-0.36732674,0.61099744,0.0028161894790049,0.0,99.99999771047791,0.0,0.0058606169822201
261.0,131,1,41,0,-40,-0.36732674,0.61099744,0.0028390257962242,0.0,99.99999831069064,0.0,0.003894812452969
261.5,134,1,43,0,-42,0.44297683,-0.06736301,0.0028617858118699,0.0,99.99999834480144,0.0,0.0050245185699207
262.0,135,1,43,0,-42,0.43782002,0.1224554,0.002884532590913,0.0,99.99999769148197,0.0,0.0048147538475082
262.5,134,1,42,0,-41,0.3192137,0.2681727,0.0029071016339916,0.0,99.99999761241612,0.0,0.0060197443279783
263.0,134,1,43,0,-42,0.32863086,-0.12793022,0.0029296386540811,0.0,99.99999777019826,0.0,0.0054730363066035
263.5,134,1,43,0,-42,0.32863086,-0.12793022,0.0029521242459247,0.0,99.9999968448056,0.0,0.0061651283653508
264.0,135,1,44,0,-43,0.35247582,-0.29354852,0.0029745596868884,0.0,99.99999851424192,0.0,0.0034165944437026
264.5,136,1,45,0,-44,-0.07087666,-0.1240806,0.0029686867467312,0.0,99.99999745838454,0.0,0.0041974714232248
265.0,137,1,46,0,-45,-0.18771046,0.5113678,0.0029628789543447,0.0,99.9999981972556,0.0,0.0044613412682116
265.5,137,1,46,0,-45,-0.18771046,0.5113678,0.0029570729222671,0.0,99.9999979518147,0.0,0.0048935461536457
266.0,137,1,46,0,-45,-0.18771046,0.5113678,0.0029512896005874,0.0,99.99999719139068,0.0,0.0046418332155888
266.5,135,1,45,0,-44,-0.048369847,0.662665,0.0029454665886846,0.0,99.99999870101634,0.0,0.0027535098492722
267.0,136,1,46,0,-45,0.05340545,0.2892701,0.0029396044895777,0.0,99.99999757055416,0.0,0.0057699872982728
267.5,136,1,46,0,-45,-0.40143394,-0.41975397,0.002933765677749,0.0,99.99999769525851,0.0,0.005113664361125
268.0,135,1,45,0,-44,0.030396238,-0.61060274,0.0029279500147097,0.0,99.99999837191788,0.0,0.0033694718065988
268.5,135,1,45,0,-44,0.030396238,-0.61060274,0.002936056875616,0.0,99.99999847888247,0.0,0.0033476906896008
269.0,136,1,45,0,-44,0.07180603,0.104672104,0.0029371341663352,0.0,99.999997244543,0.0,0.0057698296764756
269.5,135,1,46,0,-45,-0.2752027,0.45832413,0.0029313261988149,0.0,99.99999748936808,0.0,0.0053419702497369
270.0,134,1,45,0,-44,-0.64313185,0.48307675,0.0029255208260948,0.0,99.99999783485268,0.0,0.0049933229894599
270.5,134,1,45,0,-44,-0.64313185,0.48307675,0.0029196776564905,0.0,99.99999778299228,0.0,0.0053717718926335
271.0,134,1,45,0,-44,-0.64313185,0.48307675,0.0029138981173864,0.0,99.99999838861632,0.0,0.0033857660468068
271.5,134,1,45,0,-44,-0.64313185,0.48307675,0.0029082217709067,0.0,99.99999834592242,0.0,0.0058597370453301
272.0,135,1,45,0,-44,-0.36332864,0.17750603,0.0029026075205802,0.0,99.99999796600754,0.0,0.0045129863923407
272.5,137,1,46,0,-45,-0.10805486,-0.43926036,0.0028969551006365,0.0,99.99999773343782,0.0,0.0040598926907899
273.0,137,1,46,0,-45,-0.10805486,-0.43926036,0.00289130479572,0.0,99.99999773193043,0.0,0.0040612315515849
273.5,136,1,45,0,-44,0.012990877,-0.16510367,0.0028857358283638,0.0,99.99999764215536,0.0,0.0043206459073109
274.0,136,1,45,0,-44,0.012990877,-0.16510367,0.002880207977013,0.0,99.99999764658914,0.0,0.0043156109998444
274.5,137,1,45,0,-44,-0.15272798,-0.92205524,0.0028746816341301,0.0,99.99999854316022,0.0,0.003284298220885
275.0,137,1,45,0,-44,-0.15272798,-0.92205524,0.0028826299398259,0.0,99.999998399455,0.0,0.0041449231540826
275.5,137,1,45,0,-44,-0.15272798,-0.92205524,0.0028837848315638,0.0,99.9999972906314,0.0,0.0055281186023065
276.0,138,1,46,0,-45,-0.06621741,0.083917916,0.002891782179562,0.0,99.99999839591476,0.0,0.0048909673833029
276.5,138,1,47,0,-46,-0.8663678,0.74756604,0.0028997682895432,0.0,99.99999839321804,0.0,0.0048959694296051
277.0,138,1,47,0,-46,0.35291672,-0.1859532,0.0029077040633473,0.0,99.99999692988398,0.0,0.0061737682228262
277.5,138,1,47,0,-46,0.35291672,-0.1859532,0.0029154715707777,0.0,99.99999734782097,0.0,0.0057982297559577
278.0,136,1,46,0,-45,0.150196,0.10830653,0.0029231691464211,0.0,99.99999803962658,0.0,0.0047881385777499
278.5,136,1,46,0,-45,0.23345737,-0.58987534,0.0029308165954128,0.0,99.99999739437273,0.0,0.0050342439888177
279.0,135,1,46,0,-45,0.01625584,0.3197934,0.002924996645646,0.0,99.999998513457,0.0,0.0036785016522369
279.5,136,1,46,0,-45,0.01625584,0.3197934,0.0029192584012373,0.0,99.99999767089244,0.0,0.0052886548105547
280.0,137,1,46,0,-45,-0.3248338,-0.58971024,0.0029270639810743,0.0,99.99999807848349,0.0,0.00381961332553
280.5,137,1,46,0,-45,-0.3248338,-0.58971024,0.0029480227571349,0.0,99.99999812157805,0.0,0.0053145198704747
281.0,137,1,46,0,-45,-0.3248338,-0.58971024,0.0029821536741065,0.0,99.99999813666456,0.0,0.0052103860949858
281.5,138,1,47,0,-46,-0.21091767,0.0030730627,0.0030029231995748,0.0,99.99999860532247,0.0,0.0048331672350009
282.0,138,1,47,0,-46,-0.21091767,0.0030730627,0.0030236721702804,0.0,99.99999851777422,0.0,0.0049312022642448
282.5,138,1,47,0,-46,-0.21091767,0.0030730627,0.0030376831544254,0.0,99.99999881656836,0.0,0.0036882405021472
283.0,138,1,47,0,-46,0.25102764,0.17938134,0.0030449945837406,0.0,99.99999882748035,0.0,0.0036586570093289
283.5,139,1,47,0,-46,0.95087606,-0.30789244,0.003052277671567,0.0,99.99999884116724,0.0,0.0036206741216951
284.0,141,1,48,0,-47,0.30451024,0.019939642,0.0030463332149013,0.0,99.99999805478568,0.0,0.004928222120795
284.5,141,1,48,0,-47,0.30451024,0.019939642,0.0030404318332556,0.0,99.9999981324161,0.0,0.005046224339359
285.0,142,1,48,0,-47,0.9279178,-0.3453506,0.0030345930499298,0.0,99.99999726288102,0.0,0.0065199235354304
285.5,141,1,48,0,-47,0.765583,-0.1621404,0.0030288360895959,0.0,99.99999846350784,0.0,0.0041966714233228
286.0,141,1,50,0,-49,0.38164115,-0.65871406,0.0030230811922562,0.0,99.99999788445264,0.0,0.0043224000200384
286.5,140,1,49,0,-48,0.31496292,-0.29471034,0.0030173874507963,0.0,99.99999772472098,0.0,0.0032056738236933
287.0,140,1,49,0,-48,0.31496292,-0.29471034,0.0030115779888122,0.0,99.99999868657244,0.0,0.002662357496691
287.5,141,1,50,0,-49,-0.19840214,-0.5196704,0.0030057713406519,0.0,99.999998847928,0.0,0.0033431008075958
288.0,141,1,50,0,-49,-0.19840214,-0.5196704,0.0030000064794956,0.0,99.99999741242056,0.0,0.0049480747278366
288.5,141,1,50,0,-49,-0.19840214,-0.5196704,0.0029941475086494,0.0,99.99999747358709,0.0,0.0047206564781054
289.0,140,1,50,0,-49,-0.6790206,0.61154664,0.002988311378173,0.0,99.99999746674226,0.0,0.0047265212172176
289.5,139,1,49,0,-48,0.16320692,0.32522637,0.0029824403189858,0.0,99.99999842511228,0.0,0.0042664407588235
290.0,139,1,47,0,-46,-0.10588227,0.14334585,0.0029830595647561,0.0,99.9999982737966,0.0,0.0045303591877044
290.5,140,1,48,0,-47,-0.7607133,-0.4565696,0.0029901120971208,0.0,99.99999827140113,0.0,0.0045315981569934
291.0,140,1,48,0,-47,-0.9679411,-0.10166952,0.0029972141278939,0.0,99.99999823603233,0.0,0.0044735446036021
291.5,141,1,48,0,-47,-0.4732554,0.34178945,0.003004289102101,0.0,99.99999822774484,0.0,0.0044859659157955
292.0,141,1,48,0,-47,-0.4732554,0.34178945,0.0030112795386107,0.0,99.99999810179246,0.0,0.0050921786577222
292.5,140,1,47,0,-46,-0.41214007,-0.538942,0.0030182047412558,0.0,99.99999810543648,0.0,0.0047028513623991
293.0,142,1,48,0,-47,-1.076467,-0.15029162,0.0030250263736543,0.0,99.99999863396413,0.0,0.0044824471446337
293.5,142,1,48,0,-47,-1.076467,-0.15029162,0.0030318791307767,0.0,99.99999803209914,0.0,0.0045464309785759
294.0,142,1,48,0,-47,-1.076467,-0.15029162,0.0030388016991966,0.0,99.99999843244262,0.0,0.0033541786369646
294.5,141,1,47,0,-46,-0.2332748,0.12998828,0.0030330411924906,0.0,99.99999817964596,0.0,0.0030270287553375
295.0,142,1,48,0,-47,0.2728545,-0.7781358,0.0030272833915664,0.0,99.99999784800228,0.0,0.0036436186360018
295.5,141,1,48,0,-47,0.53228635,-0.51950175,0.0030215283897771,0.0,99.99999785466096,0.0,0.0036387984622806
296.0,141,1,48,0,-47,0.53228635,-0.51950175,0.0030158710212493,0.0,99.999997567784,0.0,0.0038982684061353
296.5,140,1,48,0,-47,0.15344591,-0.36453053,0.0030102347983142,0.0,99.99999825291468,0.0,0.002619382242255
297.0,140,1,48,0,-47,0.15344591,-0.36453053,0.003004619602639,0.0,99.99999826195234,0.0,0.0026114465288346
297.5,141,1,49,0,-48,-0.10299918,-0.15338865,0.0029990065790706,0.0,99.99999787075792,0.0,0.0038192372255571
298.0,141,1,49,0,-48,-0.10299918,-0.15338865,0.002993395820471,0.0,99.99999787156663,0.0,0.0038187310608223
298.5,139,1,48,0,-47,0.1314974,0.19829178,0.0030002552084305,0.0,99.99999823972315,0.0,0.0029597708456028
299.0,139,1,48,0,-47,0.1314974,0.19829178,0.0030071077091306,0.0,99.99999813352734,0.0,0.0031785881135354
299.5,138,1,47,0,-46,-0.34278715,-0.5493667,0.0030139347973035,0.0,99.99999816825336,0.0,0.0038317385018018
300.0,138,1,47,0,-46,-0.34278715,-0.5493667,0.0030206992175893,0.0,99.99999768664182,0.0,0.004799115358694
300.5,136,1,46,0,-45,-0.26775825,-0.0010802858,0.0030274010688579,0.0,99.99999759439386,0.0,0.0039056895935411
301.0,135,1,45,0,-44,-0.2698564,-0.0094858445,0.0030341152963812,0.0,99.9999982027311,0.0,0.0029207403990033
301.5,136,1,45,0,-44,-0.7334725,-0.5997067,0.0030408046436903,0.0,99.99999821096728,0.0,0.0032273906352603
302.0,136,1,45,0,-44,-0.7334725,-0.5997067,0.003035087827086,0.0,99.99999844273692,0.0,0.0026165997991351
302.5,136,1,45,0,-44,-0.7334725,-0.5997067,0.0030294296209533,0.0,99.99999853358403,0.0,0.0025567287444956
303.0,136,1,45,0,-44,-0.7334725,-0.5997067,0.0030238294902949,0.0,99.999998339719,0.0,0.0028854744360578
303.5,136,1,45,0,-44,0.7720571,-0.17827842,0.0030182500259667,0.0,99.99999833595646,0.0,0.0028898813682626
304.0,137,1,45,0,-44,0.43052,-0.74906343,0.0030126911137809,0.0,99.99999823596912,0.0,0.0029933731177315
304.5,137,1,45,0,-44,0.43052,-0.74906343,0.0030071343348998,0.0,99.99999664903854,0.0,0.0043332487016813
305.0,139,1,46,0,-45,0.11418603,-0.9560821,0.0030015980167579,0.0,99.99999746496052,0.0,0.0037893658032315
305.5,140,1,47,0,-46,-0.19252478,0.1409005,0.0029961002177327,0.0,99.99999768291168,0.0,0.0034933710314662
306.0,143,1,49,0,-48,0.49685007,-0.69541764,0.0029905863123164,0.0,99.99999754647251,0.0,0.0035310360896423
306.5,145,1,50,0,-49,-0.15468298,-0.8217695,0.0029850746268656,0.0,99.99999816248202,0.0,0.0029591241102413
307.0,145,1,50,0,-49,-0.15468298,-0.8217695,0.0029795293067467,0.0,99.9999980689992,0.0,0.0030709366113817
307.5,145,1,50,0,-49,-0.15468298,-0.8217695,0.0029740403602562,0.0,99.99999812558742,0.0,0.0042269249059166
308.0,145,1,49,0,-48,-0.25767887,-0.39462656,0.0029685716002644,0.0,99.9999981176544,0.0,0.0042364043940886
308.5,143,1,48,0,-47,-0.49652934,0.27410012,0.002975119364668,0.0,99.99999810996772,0.0,0.0042460685168268
309.0,143,1,48,0,-47,-0.49652934,0.27410012,0.0029816431368322,0.0,99.99999810300592,0.0,0.0042554590175798
309.5,143,1,48,0,-47,-0.9072375,-0.63145787,0.002988143048384,0.0,99.99999809713444,0.0,0.0042640636023494
310.0,143,1,48,0,-47,-0.9072375,-0.63145787,0.0029946192299891,0.0,99.99999810552292,0.0,0.0027606927931662
310.5,140,1,46,0,-45,-0.86973614,-0.34391046,0.0030011075515964,0.0,99.99999879782308,0.0,0.002729235270804
311.0,142,1,47,0,-46,-0.79983336,-0.1761274,0.0030194062230675,0.0,99.99999758903884,0.0,0.0030646335516747
311.5,142,1,47,0,-46,-0.79983336,-0.1761274,0.0030494316428961,0.0,99.9999971688409,0.0,0.0034559785554599
312.0,142,1,47,0,-46,-0.79983336,-0.1761274,0.0030675936563584,0.0,99.99999671503691,0.0,0.0039017782956811
312.5,141,1,46,0,-45,-0.5681178,0.78015196,0.0030739764249654,0.0,99.9999967579412,0.0,0.0038746284671675
313.0,141,1,46,0,-45,-0.5681178,0.78015196,0.0030803729493685,0.0,99.99999590003216,0.0,0.0046593948111461
313.5,143,1,48,0,-47,-0.3956197,-0.3975467,0.0030867833832088,0.0,99.99999593113162,0.0,0.0046382245201461
314.0,143,1,48,0,-47,-0.3956197,-0.3975467,0.0030931715004822,0.0,99.99999596331016,0.0,0.004616204801607
314.5,145,1,50,0,-49,-1.4195625,-0.23053777,0.0030995374175217,0.0,99.99999599166246,0.0,0.0045968991535266
315.0,145,1,50,0,-49,-1.4195625,-0.23053777,0.0031058448483996,0.0,99.99999569744716,0.0,0.0046753104030415
315.5,143,1,49,0,-48,-0.3284394,0.63468903,0.0031121484939424,0.0,99.99999500437596,0.0,0.0049403636796038
316.0,143,1,49,0,-48,-0.38171583,0.59064305,0.003118375641632,0.0,99.9999962409455,0.0,0.0042096170486302
316.5,142,1,48,0,-47,0.8170878,0.021841306,0.0031246174383966,0.0,99.99999500783632,0.0,0.0049424766327311
317.0,144,1,49,0,-48,-0.80059993,-0.1901316,0.0031308375863453,0.0,99.99999500971242,0.0,0.0049429858857678
317.5,144,1,49,0,-48,-0.80059993,-0.1901316,0.0031254175453272,0.0,99.99999501137764,0.0,0.004943156005831
318.0,144,1,49,0,-48,0.11439572,0.57764447,0.0031200162380027,0.0,99.9999981254138,0.0,0.0032223655251472
318.5,142,1,48,0,-47,-0.98787206,-0.33105847,0.0031146335674132,0.0,99.99999915186356,0.0,0.0025231755650324
319.0,142,1,48,0,-47,0.119678974,-0.8301265,0.0031092694372684,0.0,99.99999914502536,0.0,0.0025329631291299
319.5,141,1,48,0,-47,0.1415166,0.3381565,0.0031039595677534,0.0,99.99999812370004,0.0,0.003777134727228
320.0,142,1,49,0,-48,-0.06916259,-0.104712665,0.0031101511879049,0.0,99.99999780160888,0.0,0.0089364948273998
320.5,142,1,49,0,-48,-0.06916259,-0.104712665,0.0031105719197575,0.0,99.99999740206584,0.0,0.0098529878996131
321.0,142,1,48,0,-47,-0.14779156,-0.20193022,0.0031052335525938,0.0,99.99999882955387,0.0,0.0027404274129041
321.5,142,1,48,0,-47,-0.14779156,-0.20193022,0.0030998601911484,0.0,99.99999748497392,0.0,0.0044394081954702
322.0,142,1,48,0,-47,-0.14779156,-0.20193022,0.0030944699933649,0.0,99.99999748305196,0.0,0.0044416452559325
322.5,141,1,48,0,-47,0.4593858,0.276512,0.0030891337863301,0.0,99.99999762043495,0.0,0.0045440468702405
323.0,140,1,47,0,-46,-0.080375746,-0.04553357,0.0030838511087043,0.0,99.99999852403162,0.0,0.0035619491704874
323.5,139,1,46,0,-45,-0.15501103,-0.5312482,0.0030785689491324,0.0,99.9999985029629,0.0,0.003644786726791
324.0,138,1,45,0,-44,0.27075893,-0.5600003,0.0030733223125472,0.0,99.99999850154268,0.0,0.0036463109498991
324.5,139,1,45,0,-44,-0.4785813,0.3088438,0.0030681283282954,0.0,99.99999813062354,0.0,0.0040531891939091
325.0,139,1,45,0,-44,-0.4785813,0.3088438,0.0030629345290667,0.0,99.99999874092612,0.0,0.0034324317607041
325.5,139,1,45,0,-44,-0.4785813,0.3088438,0.0030577582844902,0.0,99.99999670640312,0.0,0.0044055300372809
326.0,140,1,46,0,-45,-0.124485835,-0.30313706,0.0030525822814808,0.0,99.99999670289831,0.0,0.004406728218416
326.5,141,1,46,0,-45,-0.34092152,-0.6880571,0.0030530223231134,0.0,99.99999812454202,0.0,0.0038063532204725
327.0,140,1,45,0,-44,-0.28123412,0.09514849,0.0030590841866716,0.0,99.9999981250229,0.0,0.0038069239808735
327.5,139,1,45,0,-44,-0.1622149,0.7328892,0.0030651943254607,0.0,99.99999856744776,0.0,0.0032115481101297
328.0,139,1,46,0,-45,0.14992157,-0.9225985,0.0030824758445983,0.0,99.99999851937672,0.0,0.003062404413444
328.5,140,1,48,0,-47,-0.4961493,-0.8673408,0.0030997342285634,0.0,99.99999684897658,0.0,0.0052727605157523
329.0,140,1,48,0,-47,-0.4961493,-0.8673408,0.0031169701709306,0.0,99.99999678537417,0.0,0.0051902907844957
329.5,141,1,49,0,-48,-0.15649049,-0.0571574,0.0031341668804443,0.0,99.9999968248654,0.0,0.0051495369610622
330.0,140,1,48,0,-47,-0.64519024,0.56534827,0.0031512722008796,0.0,99.99999816364809,0.0,0.0035355351455482
330.5,141,1,48,0,-47,-0.31435192,-0.931523,0.0031683388455017,0.0,99.9999988698963,0.0,0.0028247272199889
331.0,141,1,48,0,-47,-0.31435192,-0.931523,0.0031854026426633,0.0,99.99999738535487,0.0,0.0049471961711928
331.5,140,1,47,0,-46,-0.65664774,0.15039197,0.003202411227277,0.0,99.99999739126233,0.0,0.0049420815605592
332.0,141,1,48,0,-47,0.5452496,0.13379073,0.003219329251091,0.0,99.99999780072967,0.0,0.0046687795750968
332.5,141,1,48,0,-47,-0.3213721,-0.9009702,0.0032251116915821,0.0,99.9999978071698,0.0,0.0046626723244457
333.0,141,1,48,0,-47,-0.3213721,-0.9009702,0.0032308752584424,0.0,99.9999978140961,0.0,0.004656011101125
333.5,138,1,46,0,-45,0.026955873,0.75114745,0.0032366378598557,0.0,99.99999788288224,0.0,0.0046357417839452
334.0,139,1,47,0,-46,-0.3621899,-0.33540738,0.0032423995955243,0.0,99.99999789144148,0.0,0.0046266584711117
334.5,138,1,46,0,-45,-0.083061814,0.38936442,0.0032482140309677,0.0,99.99999779506383,0.0,0.0047974237351637
335.0,138,1,46,0,-45,-0.021657705,-0.66496605,0.0032540634706723,0.0,99.99999783855652,0.0,0.0046970154849639
335.5,138,1,46,0,-45,-0.021657705,-0.66496605,0.0032599123761807,0.0,99.99999814104892,0.0,0.0042176119785198
336.0,141,1,49,0,-48,-0.21116784,-0.6442836,0.0032657430111461,0.0,99.99999836019136,0.0,0.0039690873538628
336.5,141,1,48,0,-47,-0.43801558,-0.40700856,0.0032715554610439,0.0,99.99999836722144,0.0,0.0039597617345805
337.0,142,1,49,0,-48,-0.4464172,0.6841275,0.0032772427609409,0.0,99.99999794221976,0.0,0.0042567988290309
337.5,142,1,49,0,-48,-0.33997095,0.5546485,0.0032936930669391,0.0,99.99999766051232,0.0,0.0042940517558813
338.0,140,1,49,0,-48,-0.38766605,0.59231013,0.0033101442354652,0.0,99.99999737493096,0.0,0.0046170112773858
338.5,143,1,51,0,-50,0.44826722,0.4970051,0.0033265429958391,0.0,99.99999738369743,0.0,0.0046060803460261
339.0,142,1,50,0,-49,-0.2831627,-0.14142969,0.0033428895980959,0.0,99.99999738937022,0.0,0.0045992843849752
339.5,142,1,50,0,-49,-0.2831627,-0.14142969,0.0033483830550214,0.0,99.99999739222756,0.0,0.0045961335254791
340.0,141,1,50,0,-49,0.08656475,-0.8533904,0.0033538590947815,0.0,99.99999739360656,0.0,0.0045946539534204
340.5,142,1,50,0,-49,0.14076367,0.71664286,0.0033593720558387,0.0,99.99999762201342,0.0,0.0047871128826655
341.0,141,1,50,0,-49,0.026483819,0.8675081,0.003354171482017,0.0,99.99999762131736,0.0,0.0047875828054396
341.5,143,1,52,0,-51,0.16356494,-0.7427477,0.0033489330642737,0.0,99.9999985143838,0.0,0.0038720517742512
342.0,142,1,51,0,-50,0.25154126,0.8282267,0.0033436572322662,0.0,99.99999759739168,0.0,0.0036590590717258
342.5,142,1,51,0,-50,0.25154126,0.8282267,0.0033383979969612,0.0,99.9999985101792,0.0,0.0026100948006253
343.0,142,1,51,0,-50,0.25154126,0.8282267,0.0033331018679258,0.0,99.99999834021033,0.0,0.0027687392909839
343.5,144,1,53,0,-52,-0.14158005,-0.4595471,0.0033278757593049,0.0,99.99999767823174,0.0,0.0036066075207351
344.0,141,1,51,0,-50,0.019579314,0.78835595,0.0033226837060702,0.0,99.99999830398376,0.0,0.0031432109350625
344.5,141,1,51,0,-50,0.019579314,0.78835595,0.0033175078285741,0.0,99.99999673240536,0.0,0.0047675897565534
345.0,141,1,51,0,-50,0.12772422,0.9071499,0.0033123480513413,0.0,99.99999797885334,0.0,0.004036144342431
345.5,141,1,51,0,-50,0.12772422,0.9071499,0.0033072568848184,0.0,99.99999796831848,0.0,0.0041662100883527
346.0,147,1,55,0,-54,0.059066534,0.10610448,0.0033021813447921,0.0,99.99999816704133,0.0,0.0038936108424099
346.5,146,1,54,0,-53,-0.08924481,0.001852639,0.0032971562027751,0.0,99.99999916767234,0.0,0.0026209829624023
347.0,145,1,53,0,-52,-0.43819195,-0.88863677,0.0032920942256456,0.0,99.99999912715514,0.0,0.002983107630305
347.5,145,1,53,0,-52,-0.43819195,-0.88863677,0.0032871343458128,0.0,99.99999847301387,0.0,0.0038020619365556
348.0,145,1,53,0,-52,0.054532558,0.004556466,0.0032822239171028,0.0,99.99999892293032,0.0,0.002603803936127
348.5,143,1,51,0,-50,0.61133873,0.24360378,0.0032773109243697,0.0,99.99999839158438,0.0,0.0037532014240496
349.0,143,1,51,0,-50,0.23270844,0.060274113,0.0032722581727794,0.0,99.9999977398134,0.0,0.0043929353342501
349.5,141,1,49,0,-48,0.52805823,0.4207307,0.0032672209772341,0.0,99.99999773086203,0.0,0.0043999522028938
350.0,140,1,48,0,-47,-0.08475149,-0.21436307,0.0032621651575667,0.0,99.99999778399156,0.0,0.0044241001014978
350.5,140,1,48,0,-47,-0.08475149,-0.21436307,0.0032571759657996,0.0,99.99999867238898,0.0,0.0028019148738258
351.0,141,1,48,0,-47,0.029399738,-0.6769977,0.0032522020117788,0.0,99.99999763458854,0.0,0.0042196752596171
351.5,141,1,48,0,-47,0.029399738,-0.6769977,0.0032472601242701,0.0,99.99999763541724,0.0,0.0042205910654459
352.0,141,1,48,0,-47,0.029399738,-0.6769977,0.0032423332328764,0.0,99.99999827143276,0.0,0.0036073239480067
352.5,141,1,48,0,-47,-0.5408695,-0.23514101,0.0032373876771743,0.0,99.99999826633992,0.0,0.003610310928961
353.0,141,1,49,0,-48,-0.78041184,0.1899083,0.0032323567195723,0.0,99.9999984572443,0.0,0.0036978093654062
353.5,141,1,49,0,-48,-0.78041184,0.1899083,0.0032325468331385,0.0,99.99999834046878,0.0,0.0037835328742731
354.0,140,1,48,0,-47,-0.24659008,-0.41701823,0.0032379004771642,0.0,99.99999914314684,0.0,0.0030021260420533
354.5,140,1,48,0,-47,-0.24659008,-0.41701823,0.0032329919871299,0.0,99.99999856305654,0.0,0.0036342401680249
355.0,139,1,48,0,-47,-0.8442604,0.42821205,0.0032280983566044,0.0,99.99999856324528,0.0,0.0036313927331739
355.5,139,1,48,0,-47,-0.8442604,0.42821205,0.0032232857980074,0.0,99.99999759392144,0.0,0.0049762363637889
356.0,138,1,48,0,-47,-0.47526562,0.29434025,0.0032184545258554,0.0,99.99999860562998,0.0,0.0033307309753467
356.5,135,1,46,0,-45,-0.26881474,0.61092,0.0032135718312746,0.0,99.99999834989563,0.0,0.0039031703299342
357.0,134,1,45,0,-44,-0.044520557,0.32727164,0.0032087531921208,0.0,99.9999972978105,0.0,0.0051414432231505
357.5,133,1,45,0,-44,-0.093441896,0.6392423,0.0032039653542502,0.0,99.99999729081306,0.0,0.0051476952399726
358.0,134,1,46,0,-45,-0.59817225,-0.42531395,0.0031991917831284,0.0,99.99999728331744,0.0,0.0051545902154374
358.5,134,1,46,0,-45,-0.59817225,-0.42531395,0.0031995435046209,0.0,99.99999825244558,0.0,0.0047007647606942
359.0,136,1,46,0,-45,-0.805538,-0.031585995,0.0032049814568929,0.0,99.99999876447362,0.0,0.0035676311139849
359.5,137,1,46,0,-45,-0.8165981,0.5535416,0.0032103870243471,0.0,99.99999875818156,0.0,0.0035862475779899
360.0,139,1,47,0,-46,-0.04510443,-0.46002948,0.0032157928907644,0.0,99.99999894233189,0.0,0.0033359765564739
360.5,139,1,47,0,-46,-0.04510443,-0.46002948,0.0032211665079718,0.0,99.99999899659989,0.0,0.003330115153078
361.0,140,1,47,0,-46,-0.43434554,-0.6571754,0.0032265242545616,0.0,99.99999899457808,0.0,0.0033417237085416
361.5,140,1,47,0,-46,-0.43434554,-0.6571754,0.0032217340806948,0.0,99.999997287894,0.0,0.0049840807641153
362.0,140,1,47,0,-46,-1.2978872,-0.70650315,0.003216958108953,0.0,99.99999728439047,0.0,0.00498415920472
362.5,140,1,47,0,-46,-1.2978872,-0.70650315,0.0032121639311247,0.0,99.99999825494424,0.0,0.0036147602115296
363.0,140,1,47,0,-46,-1.2978872,-0.70650315,0.0032074162703479,0.0,99.99999805082686,0.0,0.0035854691981668
363.5,140,1,47,0,-46,-1.2978872,-0.70650315,0.0032026826231878,0.0,99.99999805696888,0.0,0.0035793744348249
364.0,140,1,48,0,-47,-0.02636613,0.5782436,0.003198011017599,0.0,99.99999812868543,0.0,0.0038529518915564
364.5,140,1,47,0,-46,-0.94097304,-0.19150257,0.0031933849880873,0.0,99.99999742664444,0.0,0.0043570201251149
365.0,135,1,45,0,-44,0.09347622,-0.3797029,0.0031888360748326,0.0,99.99999801758337,0.0,0.0045947835448582
365.5,134,1,44,0,-43,0.12403108,-0.31194645,0.0031843159959472,0.0,99.99999727740612,0.0,0.0049386981027953
366.0,131,1,42,0,-41,-0.8987429,-0.54241145,0.0031797453213386,0.0,99.99999712925138,0.0,0.0050195445758994
366.5,130,1,41,0,-40,-0.8842929,-0.75565636,0.003175156145022,0.0,99.99999712686169,0.0,0.0050200371235999
367.0,131,1,42,0,-41,-0.5351141,-0.003080815,0.0031705801962976,0.0,99.99999735906216,0.0,0.004996997191376
367.5,131,1,42,0,-41,-0.5351141,-0.003080815,0.0031660174180582,0.0,99.99999735645436,0.0,0.0049962728645777
368.0,133,1,42,0,-41,0.53323644,-0.034675863,0.003161499085742,0.0,99.99999722302148,0.0,0.0053117862442887
368.5,132,1,41,0,-40,-0.36234677,-0.10968615,0.0031619731900301,0.0,99.99999722427016,0.0,0.0053098840210856
369.0,132,1,41,0,-40,0.048092976,0.2163238,0.0031672620724072,0.0,99.9999982360709,0.0,0.0045195388197404
369.5,133,1,43,0,-42,-0.40718096,-0.92565155,0.0031725043048367,0.0,99.99999838329032,0.0,0.0041178577399728
370.0,132,1,42,0,-41,0.3649016,0.69986683,0.003177699936446,0.0,99.99999839426944,0.0,0.0040937636445884
370.5,132,1,42,0,-41,0.3649016,0.69986683,0.0031927663426344,0.0,99.999997565644,0.0,0.0046656055571134
371.0,135,1,43,0,-42,0.28122294,0.18153384,0.0032077418087144,0.0,99.99999742761504,0.0,0.0046521650038573
371.5,135,1,43,0,-42,0.28122294,0.18153384,0.0032226418796291,0.0,99.99999744039464,0.0,0.0046313684048375
372.0,134,1,42,0,-41,-0.3303032,-0.46307826,0.0032374981632952,0.0,99.99999745252744,0.0,0.0046108842945993
372.5,134,1,42,0,-41,-0.3303032,-0.46307826,0.0032571696858249,0.0,99.99999802688316,0.0,0.0038857767015711
373.0,136,1,44,0,-43,0.4408707,-0.48307353,0.0032816025158952,0.0,99.9999982233076,0.0,0.0036920884422968
373.5,136,1,44,0,-43,0.4408707,-0.48307353,0.0033011185769594,0.0,99.99999802707453,0.0,0.0044101849400183
374.0,136,1,44,0,-43,0.4408707,-0.48307353,0.0033157079839911,0.0,99.99999802530766,0.0,0.0044130898771292
374.5,135,1,43,0,-42,0.2923252,0.33312032,0.0033302866477383,0.0,99.99999839416525,0.0,0.003412815234226
375.0,136,1,41,0,-40,0.2994516,0.91476256,0.0033497422154903,0.0,99.99999870501443,0.0,0.0030493670504521
375.5,138,1,42,0,-41,0.24053665,1.4673953,0.0033739892575284,0.0,99.9999987015144,0.0,0.003053060535784
376.0,138,1,42,0,-41,0.24053665,1.4673953,0.0033932435245199,0.0,99.9999975625765,0.0,0.0038089020694712
376.5,135,1,41,0,-40,-0.9805506,0.086655915,0.0034077232058699,0.0,99.99999864792407,0.0,0.0039642902718578
377.0,137,1,43,0,-42,-0.41428965,-0.9449272,0.0034221945486226,0.0,99.99999846313248,0.0,0.0042480623394719
377.5,136,1,42,0,-41,-0.44177336,-0.32974565,0.0034366248776937,0.0,99.9999984506555,0.0,0.0042670629987376
378.0,139,1,44,0,-43,-0.78128564,-0.4198221,0.0034510143671937,0.0,99.9999984367059,0.0,0.0042883733418926
378.5,140,1,44,0,-43,0.057430327,-0.2848956,0.0034653798460044,0.0,99.999998482194,0.0,0.0040279437714318
379.0,140,1,44,0,-43,0.057430327,-0.2848956,0.003479738323678,0.0,99.99999832472312,0.0,0.004319743354732
379.5,140,1,44,0,-43,0.057430327,-0.2848956,0.0034940734953675,0.0,99.99999825405268,0.0,0.0038781101183368
380.0,141,1,45,0,-44,0.18122192,0.28835553,0.0035084024563603,0.0,99.9999982498503,0.0,0.003884692856068
380.5,141,1,45,0,-44,0.18122192,0.28835553,0.0035225909445036,0.0,99.9999982363404,0.0,0.0042144344361272
381.0,142,1,45,0,-44,-0.41187942,0.6749243,0.0035223872048568,0.0,99.99999881853374,0.0,0.002839466822985
381.5,142,1,44,0,-43,-0.27100796,0.6632755,0.0035174178911697,0.0,99.99999881993745,0.0,0.002836435916368
382.0,142,1,44,0,-43,-0.27100796,0.6632755,0.0035123957108793,0.0,99.99999846708928,0.0,0.0028460025830578
382.5,142,1,44,0,-43,-0.27100796,0.6632755,0.0035073378450307,0.0,99.9999982109938,0.0,0.0042519967927062
383.0,142,1,44,0,-43,-0.27100796,0.6632755,0.003502277904328,0.0,99.99999761565684,0.0,0.0050768347916207
383.5,142,1,44,0,-43,-0.27100796,0.6632755,0.0034971993972306,0.0,99.99999763809863,0.0,0.0050486157224289
384.0,142,1,44,0,-43,-0.27100796,0.6632755,0.0034922016959418,0.0,99.99999756552312,0.0,0.0045715459698629
384.5,142,1,44,0,-43,-0.27100796,0.6632755,0.0034873336074056,0.0,99.99999842842615,0.0,0.0037892372648873
385.0,142,1,44,0,-43,-0.27100796,0.6632755,0.0034824626390271,0.0,99.99999763062512,0.0,0.0043768756125309
385.5,141,1,43,0,-42,0.39804578,0.34513968,0.0034775233248515,0.0,99.99999786027648,0.0,0.0037546701429302
386.0,141,1,43,0,-42,0.39804578,0.34513968,0.0034725980020797,0.0,99.99999837829674,0.0,0.0036947860247189
386.5,142,1,44,0,-43,-0.12793322,0.33702308,0.0034676377305297,0.0,99.99999852532169,0.0,0.0035468160952417
387.0,142,1,44,0,-43,-0.12793322,0.33702308,0.0034627403507784,0.0,99.99999857660524,0.0,0.0035682975937137
387.5,140,1,43,0,-42,-0.3461576,0.5086953,0.0034672276703509,0.0,99.99999849459252,0.0,0.0036574439720682
388.0,140,1,43,0,-42,-0.3461576,0.5086953,0.0034810600389279,0.0,99.99999865028794,0.0,0.0034321532274289
388.5,140,1,43,0,-42,-0.3461576,0.5086953,0.003494837172359,0.0,99.9999981012972,0.0,0.0045190306609702
389.0,140,1,43,0,-42,-0.3461576,0.5086953,0.0035039588669755,0.0,99.9999988204253,0.0,0.0024553984895814
389.5,140,1,43,0,-42,-0.3461576,0.5086953,0.0035085103508044,0.0,99.9999973304556,0.0,0.0045539552880958
390.0,140,1,43,0,-42,-0.3461576,0.5086953,0.0035130658129839,0.0,99.9999973245322,0.0,0.0048639617063799
390.5,140,1,43,0,-42,-0.3461576,0.5086953,0.0035175926098027,0.0,99.99999731798268,0.0,0.0048691943500265
391.0,140,1,43,0,-42,-0.3461576,0.5086953,0.0035221071388796,0.0,99.99999731082104,0.0,0.0048753355462804
391.5,140,1,44,0,-43,-0.21128313,0.038005244,0.0035266094500157,0.0,99.99999730350076,0.0,0.004881883910149
392.0,140,1,44,0,-43,-0.21128313,0.038005244,0.0035310832511882,0.0,99.99999872969327,0.0,0.0037917567905999
392.5,142,1,45,0,-44,0.27882308,-0.026042942,0.0035355612761296,0.0,99.99999871513938,0.0,0.003829239725986
393.0,142,1,45,0,-44,-0.45542324,0.5498164,0.0035399128636833,0.0,99.99999786081734,0.0,0.0045112712081242
393.5,142,1,45,0,-44,-0.45542324,0.5498164,0.0035442524577017,0.0,99.9999977909655,0.0,0.0045446190270373
394.0,140,1,46,0,-45,0.0798593,0.0736054,0.0035486291061228,0.0,99.999998501957,0.0,0.0036648691904452
394.5,141,1,47,0,-46,-0.07398657,-0.24293596,0.0035530101764094,0.0,99.99999771594234,0.0,0.004484882843135
395.0,141,1,45,0,-44,0.17968394,-0.042566042,0.0035573303956669,0.0,99.9999974443239,0.0,0.0050276797710659
395.5,137,1,43,0,-42,0.09572381,0.39612246,0.0035524711447666,0.0,99.999998306906,0.0,0.0031820133291945
396.0,136,1,43,0,-42,-0.89799774,0.15550514,0.0035476251510601,0.0,99.99999833342592,0.0,0.0031575295441942
396.5,137,1,44,0,-43,-1.1254534,-0.5906775,0.0035428085557683,0.0,99.99999843480109,0.0,0.0030347667972403
397.0,138,1,44,0,-43,-0.36598986,0.84078515,0.0035380211733447,0.0,99.99999844156216,0.0,0.0030275247172727
397.5,138,1,44,0,-43,-0.36598986,0.84078515,0.0035332628200452,0.0,99.9999987986628,0.0,0.0026995889782525
398.0,136,1,43,0,-42,-0.47635347,-0.14414084,0.0035285172487581,0.0,99.9999987556508,0.0,0.0030723638752948
398.5,135,1,43,0,-42,0.100087106,-0.16773547,0.003523768386114,0.0,99.9999987548014,0.0,0.003050212997593
399.0,134,1,42,0,-41,-0.7434322,-0.74098384,0.0035191121847556,0.0,99.99999748164696,0.0,0.0047060509534164
399.5,134,1,42,0,-41,-1.0884125,-0.08225189,0.0035144045238321,0.0,99.9999983200501,0.0,0.0044185052736318
400.0,135,1,43,0,-42,-1.283018,0.07787957,0.0035097730195822,0.0,99.99999746239584,0.0,0.0057098903092557
400.5,136,1,44,0,-43,-0.72367376,0.3480547,0.0035052012663952,0.0,99.99999825826646,0.0,0.004608802131377
401.0,136,1,44,0,-43,-0.72367376,0.3480547,0.0035006572201619,0.0,99.99999831700194,0.0,0.0044788346390203
401.5,136,1,44,0,-43,-0.72367376,0.3480547,0.0034961249402275,0.0,99.99999844080936,0.0,0.0032011198318739
402.0,136,1,44,0,-43,-0.72367376,0.3480547,0.0034916201117318,0.0,99.9999984416442,0.0,0.0032016119502946
402.5,136,1,44,0,-43,-0.72367376,0.3480547,0.0034870013588056,0.0,99.9999986248048,0.0,0.0028952854044922
403.0,136,1,44,0,-43,-0.72367376,0.3480547,0.003482379161443,0.0,99.9999980171189,0.0,0.0036688171088811
403.5,137,1,45,0,-44,-1.2266864,0.08101949,0.0034778316280739,0.0,99.99999874195484,0.0,0.0026283838455261
404.0,137,1,45,0,-44,-1.2266864,0.08101949,0.0034732181270615,0.0,99.99999738709673,0.0,0.0042853551371534
404.5,139,1,45,0,-44,-0.1171575,-0.32894838,0.003468554753934,0.0,99.99999862401792,0.0,0.0028675415181714
405.0,137,1,44,0,-43,-0.6705606,0.20486242,0.0034639038867236,0.0,99.99999859881775,0.0,0.0028934772639917
405.5,137,1,44,0,-43,-0.6705606,0.20486242,0.0034592654751914,0.0,99.99999859286147,0.0,0.0029004322529731
406.0,137,1,44,0,-43,-0.6705606,0.20486242,0.0034546086708448,0.0,99.99999815136438,0.0,0.0035116664581045
406.5,137,1,44,0,-43,-0.6705606,0.20486242,0.0034499336722429,0.0,99.99999842708732,0.0,0.0031603396787778
407.0,138,1,45,0,-44,0.35699332,-0.18776236,0.0034452406778455,0.0,99.99999851753304,0.0,0.0031049613463184
407.5,139,1,46,0,-45,0.3966198,0.17923649,0.0034405604339989,0.0,99.9999985158809,0.0,0.0031076501596185
408.0,139,1,46,0,-45,0.3966198,0.17923649,0.00343589288881,0.0,99.99999851382547,0.0,0.0031107609484411
408.5,139,1,46,0,-45,0.3966198,0.17923649,0.0034312987576484,0.0,99.99999892163358,0.0,0.0023674274654829
409.0,141,1,47,0,-46,-0.34242564,-0.015259296,0.0034266562908988,0.0,99.99999850864052,0.0,0.0031179941302938
409.5,141,1,47,0,-46,-0.06374337,-0.05820409,0.0034220565897771,0.0,99.99999693630976,0.0,0.0051979596621595
410.0,141,1,47,0,-46,-0.06374337,-0.05820409,0.0034174993605968,0.0,99.9999980032276,0.0,0.0044957716108662
410.5,142,1,47,0,-46,0.32326406,-0.23955506,0.0034173881642107,0.0,99.99999864125536,0.0,0.0034971304576852
411.0,143,1,48,0,-47,0.07474019,-0.27586895,0.0034217053990816,0.0,99.99999766789088,0.0,0.005268584680183
411.5,143,1,48,0,-47,0.07474019,-0.27586895,0.0034260263804031,0.0,99.99999780334277,0.0,0.0053890113796548
412.0,144,1,49,0,-48,-0.044654116,0.63399374,0.0034303511503958,0.0,99.99999817020245,0.0,0.0048327208723142
412.5,144,1,49,0,-48,-0.5892383,-0.6464093,0.0034346647040011,0.0,99.99999817880098,0.0,0.0048230604931878
413.0,144,1,49,0,-48,-0.5892383,-0.6464093,0.0034434176905036,0.0,99.9999979569903,0.0,0.0047787013428532
413.5,146,1,50,0,-49,-0.6614392,0.3051101,0.0034564729119145,0.0,99.9999984031435,0.0,0.0041607441028224
414.0,146,1,50,0,-49,-0.6614392,0.3051101,0.0034694643496172,0.0,99.99999840378857,0.0,0.0041603454021959
414.5,146,1,50,0,-49,-0.6614392,0.3051101,0.0034823615554257,0.0,99.99999733567118,0.0,0.0052768835576881
415.0,145,1,50,0,-49,-0.81614286,-0.44371065,0.0035039609993906,0.0,99.999997767208,0.0,0.004858763300216
415.5,146,1,50,0,-49,-0.6614392,0.3051101,0.0035255198076831,0.0,99.99999845430727,0.0,0.0038892668992138
416.0,147,1,51,0,-50,0.03780341,-0.04182977,0.0035470692177778,0.0,99.99999742093011,0.0,0.0051237198123402
416.5,148,1,52,0,-51,-0.22615722,-0.43052676,0.0035685636856368,0.0,99.99999741126116,0.0,0.0051315396962441
417.0,147,1,52,0,-51,0.11495267,-0.69167435,0.0035857815964523,0.0,99.99999730249644,0.0,0.0060322745817258
417.5,146,1,51,0,-50,-0.20056088,0.21770255,0.0035856401384083,0.0,99.99999820238196,0.0,0.0050204276396581
418.0,146,1,51,0,-50,-0.20056088,0.21770255,0.0035898034031854,0.0,99.99999778890678,0.0,0.0055216334135937
418.5,146,1,51,0,-50,-0.20056088,0.21770255,0.0035938787572859,0.0,99.99999762923709,0.0,0.0060577412011664
419.0,146,1,51,0,-50,-0.20056088,0.21770255,0.0035979437858986,0.0,99.9999976138384,0.0,0.0060766106338382
419.5,144,1,50,0,-49,-0.5831275,0.55016375,0.0036019985282156,0.0,99.99999759222024,0.0,0.0061025658766535
420.0,142,1,49,0,-48,-0.1611554,-0.49336982,0.0036060740212238,0.0,99.99999814431148,0.0,0.0045160944821518
420.5,142,1,49,0,-48,-0.1611554,-0.49336982,0.0036101857893471,0.0,99.9999980485103,0.0,0.0045387350242685
421.0,143,1,50,0,-49,-0.2053608,0.5293606,0.0036143028640027,0.0,99.99999804975349,0.0,0.0045366533494208
421.5,143,1,50,0,-49,0.15806822,0.13988002,0.0036184252784474,0.0,99.99999850425988,0.0,0.0036024951411831
422.0,144,1,51,0,-50,-0.36966175,0.02931444,0.0036224910934619,0.0,99.999999104932,0.0,0.0021907538340645
422.5,146,1,54,0,-53,0.05050236,0.68849206,0.0036264848725604,0.0,99.99999799354184,0.0,0.0036901780500298
423.0,146,1,54,0,-53,0.05050236,0.68849206,0.0036304066823372,0.0,99.99999741546937,0.0,0.00554472545462
423.5,148,1,55,0,-54,-0.72160834,-0.13401726,0.0036343185333202,0.0,99.99999741626472,0.0,0.005543294962979
424.0,147,1,54,0,-53,0.045272708,0.4526835,0.0036339343083397,0.0,99.9999986063912,0.0,0.0037487891776439
424.5,147,1,54,0,-53,0.045272708,0.4526835,0.0036293167195056,0.0,99.99999825238442,0.0,0.0042685968458093
425.0,147,1,54,0,-53,0.045272708,0.4526835,0.0036247108507883,0.0,99.99999751424797,0.0,0.0048253358650603
425.5,146,1,53,0,-52,-0.26121107,0.6538545,0.003624355670103,0.0,99.99999857419115,0.0,0.003885829744924
426.0,145,1,52,0,-51,0.37591487,-0.09442438,0.0036282196745186,0.0,99.99999830781609,0.0,0.0044938783656425
426.5,142,1,50,0,-49,-0.11525117,0.69029987,0.0036320892335403,0.0,99.99999779011736,0.0,0.0048315068753357
427.0,141,1,50,0,-49,-0.43270606,0.036078002,0.0036359797297297,0.0,99.99999799904036,0.0,0.0044356236745908
427.5,141,1,50,0,-49,-0.43270606,0.036078002,0.0036440781621024,0.0,99.99999824349509,0.0,0.0041662572238863
428.0,141,1,50,0,-49,-0.43270606,0.036078002,0.0036479746579497,0.0,99.99999817439986,0.0,0.0042051694878474
428.5,142,1,51,0,-50,0.18423383,-0.18716183,0.0036518922102783,0.0,99.9999979320006,0.0,0.004283159660358
429.0,141,1,50,0,-49,-0.0041762143,-0.6578454,0.0036557847541169,0.0,99.99999838080105,0.0,0.0038767641126007
429.5,140,1,49,0,-48,-0.9914648,0.116705716,0.003659667692101,0.0,99.99999838074363,0.0,0.0038765448903974
430.0,143,1,51,0,-50,-0.00030376017,-0.021231312,0.0036635871296591,0.0,99.999997373695,0.0,0.0050997511064268
430.5,148,1,53,0,-52,-0.14156568,-0.47134036,0.0036675123715742,0.0,99.999998734863,0.0,0.0028795906319385
431.0,148,1,53,0,-52,0.14406268,-0.04858804,0.0036714280935336,0.0,99.999998773144,0.0,0.0028091069417873
431.5,144,1,51,0,-50,0.55642396,-0.61991304,0.0036918245297517,0.0,99.99999908170668,0.0,0.002874334530402
432.0,143,1,50,0,-49,-0.14722332,-0.25029913,0.0037121382750652,0.0,99.9999981326957,0.0,0.00455458949707
432.5,142,1,49,0,-48,0.14023417,-0.36817706,0.0037241310360915,0.0,99.99999848657863,0.0,0.00354043027234
433.0,142,1,49,0,-48,0.14023417,-0.36817706,0.0037361092042253,0.0,99.9999986807533,0.0,0.0031123970245261
433.5,142,1,49,0,-48,0.14023417,-0.36817706,0.0037480885579416,0.0,99.99999769175274,0.0,0.0038231830982585
434.0,144,1,50,0,-49,-0.5145973,-0.29531577,0.0037764663894491,0.0,99.99999762861526,0.0,0.0049129407167411
434.5,144,1,50,0,-49,-0.5145973,-0.29531577,0.0038048186079669,0.0,99.9999979103712,0.0,0.0057083080624087
435.0,144,1,50,0,-49,-0.5145973,-0.29531577,0.0038250257692482,0.0,99.99999812938864,0.0,0.0057687834739474
435.5,144,1,50,0,-49,-0.59816104,-0.028564308,0.0038451679056652,0.0,99.99999740888865,0.0,0.0043025471585975
436.0,144,1,50,0,-49,-0.59816104,-0.028564308,0.0038652450053271,0.0,99.9999974399106,0.0,0.0042456401849464
436.5,144,1,50,0,-49,-0.59816104,-0.028564308,0.0038893975764474,0.0,99.99999848915095,0.0,0.0046813695718198
437.0,144,1,51,0,-50,0.17419581,-0.47095788,0.0039176429877898,0.0,99.99999848268244,0.0,0.0046925510803081
437.5,144,1,51,0,-50,0.17419581,-0.47095788,0.0039417055488351,0.0,99.9999978893839,0.0,0.0057438305808235
438.0,146,1,52,0,-51,-0.30337262,0.18350825,0.0039534300731918,0.0,99.9999978251958,0.0,0.0048269197745038
438.5,147,1,53,0,-52,-0.056127712,-0.06304674,0.003965110312981,0.0,99.99999809895668,0.0,0.0046243464333338
439.0,147,1,53,0,-52,-0.056127712,-0.06304674,0.0039726465451504,0.0,99.99999800880056,0.0,0.0049146381210099
439.5,147,1,53,0,-52,-0.056127712,-0.06304674,0.00397605359278,0.0,99.99999799903937,0.0,0.0049229271455249
440.0,145,1,52,0,-51,-0.37102872,-0.10897586,0.0039794524469747,0.0,99.99999798966832,0.0,0.0049306066298809
440.5,143,1,52,0,-51,-0.08335243,0.46662417,0.0039829082174545,0.0,99.99999785364004,0.0,0.0051610229800609
441.0,143,1,52,0,-51,-0.08335243,0.46662417,0.0039781791771901,0.0,99.99999755167958,0.0,0.0048201740353222
441.5,143,1,52,0,-51,-0.08335243,0.46662417,0.0039734775467953,0.0,99.9999975518574,0.0,0.0048194489840431
442.0,144,1,52,0,-51,-0.39447242,-0.23991889,0.0039687870165712,0.0,99.9999975525556,0.0,0.0048180470734988
442.5,144,1,52,0,-51,-0.39447242,-0.23991889,0.0039681732985847,0.0,99.99999865513222,0.0,0.0034353760270372
443.0,144,1,52,0,-51,-0.39447242,-0.23991889,0.0039716219893034,0.0,99.9999980290456,0.0,0.0037123507255049
443.5,144,1,52,0,-51,-0.39447242,-0.23991889,0.0039750625666735,0.0,99.99999751221674,0.0,0.0042339579001249
444.0,146,1,53,0,-52,-1.0085046,0.35663724,0.0039785272966676,0.0,99.99999849106544,0.0,0.0036205974745391
444.5,145,1,52,0,-51,-0.8099577,-0.4993325,0.003981951722882,0.0,99.99999808102572,0.0,0.0043366761631396
445.0,145,1,52,0,-51,-0.8099577,-0.4993325,0.0039853842298426,0.0,99.999998963869,0.0,0.0025975232326545
445.5,146,1,53,0,-52,-0.9390864,0.23015064,0.0039888409348745,0.0,99.9999984907346,0.0,0.003111031109993
446.0,145,1,52,0,-51,-0.9560355,-0.66145396,0.0039923218375971,0.0,99.9999983137486,0.0,0.0033096273190717
446.5,144,1,52,0,-51,-0.8803292,0.09262207,0.0039878350889206,0.0,99.99999734154164,0.0,0.0047180912990674
447.0,144,1,52,0,-51,-0.8803292,0.09262207,0.003983374441221,0.0,99.999997369528,0.0,0.0046900344140132
447.5,144,1,52,0,-51,-0.8803292,0.09262207,0.0039789077697217,0.0,99.99999808698708,0.0,0.0041239381151604
448.0,144,1,52,0,-51,-0.8803292,0.09262207,0.0039824003597006,0.0,99.99999795055552,0.0,0.0046484088409625
448.5,144,1,52,0,-51,-0.8803292,0.09262207,0.0039979308602568,0.0,99.9999971077283,0.0,0.0050416362693824
449.0,144,1,52,0,-51,-0.8803292,0.09262207,0.0040174476590256,0.0,99.9999987168811,0.0,0.003241534257925
449.5,145,1,53,0,-52,0.07843296,-0.7587661,0.004036936569284,0.0,99.99999865925368,0.0,0.0029533909224069
450.0,143,1,52,0,-51,-0.14067417,-0.36972672,0.0040524014674968,0.0,99.99999736338872,0.0,0.0052995102130419
450.5,143,1,52,0,-51,-0.14067417,-0.36972672,0.0040558234599048,0.0,99.99999712528307,0.0,0.0058818565790063
451.0,142,1,51,0,-50,0.33086413,-0.20332715,0.0040591891988883,0.0,99.99999772614278,0.0,0.0051226766008484
451.5,141,1,50,0,-49,-0.6652244,-0.061439674,0.0040625472968128,0.0,99.99999786364904,0.0,0.0047364545541048
452.0,141,1,50,0,-49,-0.6652244,-0.061439674,0.0040659301312475,0.0,99.999997659849,0.0,0.0051052516235151
452.5,143,1,52,0,-51,-0.26890635,0.8465894,0.0040772370162254,0.0,99.99999818258026,0.0,0.0039555540399835
453.0,143,1,52,0,-51,-0.26890635,0.8465894,0.0040884697215077,0.0,99.99999859082004,0.0,0.0040982210783261
453.5,142,1,51,0,-50,-0.4106992,0.66148543,0.0040996606083674,0.0,99.99999831044988,0.0,0.0048921908822966
454.0,141,1,51,0,-50,0.32752103,-0.24608481,0.0041108096869368,0.0,99.99999782247284,0.0,0.0053320449204674
454.5,144,1,53,0,-52,-0.8359744,-0.0050109364,0.0041219495793,0.0,99.99999846352164,0.0,0.004542378195033
455.0,144,1,53,0,-52,-0.8359744,-0.0050109364,0.0041251289102784,0.0,99.999997670009,0.0,0.0055836575365821
455.5,144,1,53,0,-52,-0.8359744,-0.0050109364,0.0041283335504063,0.0,99.99999874344915,0.0,0.0038205038562812
456.0,143,1,52,0,-51,-0.13340808,-0.075422406,0.0041315309135492,0.0,99.9999985816489,0.0,0.004374477182003
456.5,144,1,53,0,-52,-0.025608793,-0.22597402,0.0041346884610689,0.0,99.99999858954617,0.0,0.0043588696834978
457.0,143,1,52,0,-51,-0.8980233,-0.47558498,0.0041417721120677,0.0,99.99999875057186,0.0,0.0033788886834837
457.5,144,1,52,0,-51,0.44100028,0.8262483,0.0041527521313794,0.0,99.99999870895948,0.0,0.0033803606171128
458.0,144,1,52,0,-51,0.44100028,0.8262483,0.0041636907331392,0.0,99.99999880705094,0.0,0.0030335513877822
458.5,143,1,51,0,-50,-0.2556165,0.047167327,0.0041707335238386,0.0,99.999997949132,0.0,0.0049642534034827
459.0,144,1,52,0,-51,-0.9906293,0.02213898,0.0041660956557489,0.0,99.99999861178657,0.0,0.0040834708600511
459.5,144,1,52,0,-51,-0.9906293,0.02213898,0.0041614518147684,0.0,99.9999983087687,0.0,0.0046012060516471
460.0,144,1,52,0,-51,-0.9906293,0.02213898,0.004156720878537,0.0,99.9999983783482,0.0,0.0047189360823802
460.5,142,1,51,0,-50,-0.6542621,0.21120533,0.0041520492938784,0.0,99.99999689227548,0.0,0.0050290428044544
461.0,142,1,51,0,-50,-0.6542621,0.21120533,0.0041474366970188,0.0,99.99999875373754,0.0,0.0027510390642798
461.5,142,1,51,0,-50,-0.6542621,0.21120533,0.0041428020760733,0.0,99.99999849462876,0.0,0.0031333474241439
462.0,142,1,51,0,-50,-0.6542621,0.21120533,0.0041459240821406,0.0,99.99999860011076,0.0,0.0030319959637992
462.5,142,1,51,0,-50,-0.6542621,0.21120533,0.0041490229594809,0.0,99.999998543611,0.0,0.0031045975456349
463.0,143,1,52,0,-51,-0.23876606,-0.52555835,0.004152130974509,0.0,99.99999819281626,0.0,0.0037151680828163
463.5,142,1,51,0,-50,0.18935923,0.19676283,0.0041513558770175,0.0,99.99999813453051,0.0,0.0044437362041086
464.0,142,1,51,0,-50,0.18935923,0.19676283,0.0041467267574222,0.0,99.99999813648888,0.0,0.0044427910979138
464.5,145,1,52,0,-51,-0.34877038,0.1652201,0.0041420598916335,0.0,99.99999765185166,0.0,0.0052013730623134
465.0,145,1,52,0,-51,-0.34877038,0.1652201,0.0041373875352991,0.0,99.9999969849366,0.0,0.0059331009497871
465.5,143,1,51,0,-50,0.25439668,-0.22492456,0.0041326938140789,0.0,99.9999974158968,0.0,0.0055366095447122
466.0,142,1,50,0,-49,0.16437478,0.25304878,0.004128026641382,0.0,99.99999752227542,0.0,0.0055429565713132
466.5,142,1,50,0,-49,0.16437478,0.25304878,0.0041233382484859,0.0,99.99999788095477,0.0,0.0053216091339823
467.0,142,1,50,0,-49,0.16437478,0.25304878,0.0041186763320322,0.0,99.9999977102324,0.0,0.0044606625303299
467.5,143,1,50,0,-49,-0.009767637,-0.4827785,0.0041216916989974,0.0,99.99999874437432,0.0,0.0037557454714611
468.0,143,1,50,0,-49,-0.009767637,-0.4827785,0.0041247318924269,0.0,99.99999746522718,0.0,0.0048887906706515
468.5,144,1,51,0,-50,-0.55030525,0.352045,0.0041277494375606,0.0,99.99999798728136,0.0,0.0050360964572033
469.0,144,1,51,0,-50,-0.55030525,0.352045,0.0041231035446439,0.0,99.99999767472325,0.0,0.0055928361886733
469.5,144,1,51,0,-50,-0.55030525,0.352045,0.0041184680981243,0.0,99.99999809859726,0.0,0.0041646439194225
470.0,145,1,51,0,-50,-0.50996816,0.03200073,0.0041138430628077,0.0,99.99999808185956,0.0,0.0041870885979633
470.5,143,1,50,0,-49,-0.081810445,-0.12282857,0.0041092127252054,0.0,99.99999809788804,0.0,0.0045361710745606
471.0,143,1,50,0,-49,-0.081810445,-0.12282857,0.0041045771561416,0.0,99.99999809605708,0.0,0.0045417464116304
471.5,142,1,50,0,-49,0.06426096,-0.90689504,0.0040999832498363,0.0,99.99999722642536,0.0,0.0055645871579064
472.0,142,1,50,0,-49,0.06426096,-0.90689504,0.0040954463352029,0.0,99.99999813720544,0.0,0.0038208030805937
472.5,141,1,50,0,-49,0.52814835,-0.59043586,0.0040909660681523,0.0,99.99999852916844,0.0,0.0034118770311947
473.0,142,1,51,0,-50,-0.5428126,0.6736646,0.0040864955928833,0.0,99.99999853254629,0.0,0.0034078128497633
473.5,141,1,50,0,-49,-0.31482,0.37550393,0.0040895842571851,0.0,99.99999877665826,0.0,0.0026530976384154
474.0,140,1,49,0,-48,0.22441263,1.2357762,0.0040926661391506,0.0,99.99999819395516,0.0,0.0036408662836007
474.5,141,1,49,0,-48,-0.19627714,0.55149674,0.0040957412610949,0.0,99.99999818852972,0.0,0.0036486652121473
475.0,143,1,50,0,-49,-0.16094063,0.44310188,0.0040950783504843,0.0,99.99999913794107,0.0,0.0024627675447371
475.5,141,1,49,0,-48,-0.33416516,0.31891617,0.0040981750667934,0.0,99.99999778403512,0.0,0.0037266732320015
476.0,141,1,49,0,-48,-0.33416516,0.31891617,0.0041012186801464,0.0,99.99999769954006,0.0,0.0037562156816759
476.5,143,1,51,0,-50,0.27711463,1.0890312,0.0041042556235832,0.0,99.99999865121148,0.0,0.0029744531269799
477.0,144,1,51,0,-50,0.07859658,0.08123918,0.0041148548516922,0.0,99.9999982261972,0.0,0.0042222005719167
477.5,144,1,52,0,-51,-0.26890862,-0.16747148,0.004129188364631,0.0,99.99999635081636,0.0,0.006319330540189
478.0,145,1,52,0,-51,-0.14291234,-0.20379385,0.0041472596184521,0.0,99.99999812471124,0.0,0.0039720199531705
478.5,146,1,53,0,-52,-0.20409016,-0.25204116,0.0041727746139339,0.0,99.99999706334334,0.0,0.0051482883782448
479.0,145,1,53,0,-52,0.14947756,-0.5878343,0.0041832855832069,0.0,99.9999969915096,0.0,0.0050530452254125
479.5,145,1,53,0,-52,0.14947756,-0.5878343,0.0041937740599548,0.0,99.99999699087624,0.0,0.0050535023230716
480.0,145,1,53,0,-52,0.14947756,-0.5878343,0.0042042715398845,0.0,99.99999800702116,0.0,0.00381164102556
480.5,146,1,54,0,-53,-0.06092293,-0.56041723,0.0042332229609416,0.0,99.99999868253852,0.0,0.0033802449436338
481.0,144,1,53,0,-52,0.66729224,1.1790165,0.0042583498335067,0.0,99.99999859339545,0.0,0.0034666133762151
481.5,143,1,52,0,-51,-0.07203324,-0.005972773,0.0042759874253192,0.0,99.99999877290652,0.0,0.0028718072117975
482.0,144,1,53,0,-52,-0.15804596,0.7425529,0.0042936339621237,0.0,99.99999776780714,0.0,0.0040666062166393
482.5,143,1,52,0,-51,-0.51029354,-0.16329432,0.0043112419350043,0.0,99.99999775142084,0.0,0.0040833990982564
483.0,143,1,52,0,-51,-0.51029354,-0.16329432,0.0043287632582296,0.0,99.99999777634048,0.0,0.0042967381176504
483.5,138,1,48,0,-47,0.7011329,-0.23778623,0.0043462137506489,0.0,99.99999801941652,0.0,0.0042915249230168
484.0,138,1,48,0,-47,0.7011329,-0.23778623,0.0043636417516798,0.0,99.99999789277706,0.0,0.0037170891935986
484.5,141,1,50,0,-49,0.025483102,-0.64498675,0.0043810637400371,0.0,99.99999843064384,0.0,0.0035302434353046
485.0,142,1,50,0,-49,-0.48361588,0.60091114,0.0043838249427071,0.0,99.99999838578694,0.0,0.004291851467483
485.5,142,1,50,0,-49,-0.48361588,0.60091114,0.0043865803135592,0.0,99.9999983780195,0.0,0.0042971607079065
486.0,141,1,49,0,-48,0.17978375,-0.4626497,0.0043893460612074,0.0,99.99999860611248,0.0,0.0034905536531317
486.5,139,1,48,0,-47,0.018100515,0.043984864,0.004384849791259,0.0,99.99999751295938,0.0,0.0054880043358804
487.0,140,1,49,0,-48,-0.19557858,-0.45444062,0.0043803627234813,0.0,99.99999783556032,0.0,0.0057076252487754
487.5,140,1,49,0,-48,-0.19557858,-0.45444062,0.0043831103168562,0.0,99.99999767109507,0.0,0.0048112697703691
488.0,141,1,50,0,-49,-0.021667361,0.693857,0.0043930695287735,0.0,99.99999802170672,0.0,0.0041981494507428
488.5,142,1,50,0,-49,0.90776426,-0.055937354,0.0044030395649796,0.0,99.99999801320016,0.0,0.0056700505706926
489.0,142,1,50,0,-49,0.90776426,-0.055937354,0.0044129720853858,0.0,99.99999764329458,0.0,0.0061424936113022
489.5,142,1,50,0,-49,0.90776426,-0.055937354,0.0044228671016307,0.0,99.99999766642836,0.0,0.0061065233068045
490.0,143,1,50,0,-49,0.15515213,-0.09160036,0.0044327084140998,0.0,99.99999808925028,0.0,0.0043273875009967
490.5,143,1,50,0,-49,0.15515213,-0.09160036,0.0044351892444834,0.0,99.99999784102748,0.0,0.004091908474454
491.0,143,1,50,0,-49,0.15515213,-0.09160036,0.0044377618498459,0.0,99.99999753041408,0.0,0.0044677113369304
491.5,140,1,48,0,-47,-0.01234448,-0.6533476,0.0044330377974801,0.0,99.9999975655944,0.0,0.004439822807872
492.0,139,1,47,0,-46,-0.2602917,-0.38550714,0.0044282915389041,0.0,99.99999679036698,0.0,0.0069050659321675
492.5,140,1,48,0,-47,0.556151,-0.6877519,0.0044235715247134,0.0,99.99999813615032,0.0,0.0043022395120594
493.0,139,1,48,0,-47,-0.5348004,0.47884437,0.0044188455039337,0.0,99.99999815283796,0.0,0.0042813160610979
493.5,139,1,48,0,-47,-0.5348004,0.47884437,0.004414129570675,0.0,99.99999816388394,0.0,0.00426578837707
494.0,140,1,48,0,-47,-0.17304349,-0.068142384,0.0044093597363086,0.0,99.99999815213204,0.0,0.0044798485638435
494.5,140,1,48,0,-47,-0.17304349,-0.068142384,0.004404584244918,0.0,99.99999789497724,0.0,0.0045190769824048
495.0,142,1,49,0,-48,0.22980843,0.19440645,0.0043997872471298,0.0,99.99999739377924,0.0,0.0051248476555917
495.5,142,1,49,0,-48,0.22980843,0.19440645,0.0043949689171606,0.0,99.99999769867742,0.0,0.0051075683733786
496.0,143,1,50,0,-49,-0.21040773,-0.27133614,0.0043902562306617,0.0,99.99999824411913,0.0,0.0040284477180917
496.5,142,1,49,0,-48,-0.60630774,-0.04903109,0.0043855536400816,0.0,99.99999834061066,0.0,0.003748060222323
497.0,141,1,48,0,-47,-0.4837445,-0.21689254,0.0043808137649779,0.0,99.99999720535732,0.0,0.0048814483675184
497.5,140,1,47,0,-46,-0.20881781,-0.22505084,0.0043760841244592,0.0,99.999997379503,0.0,0.0051628352925218
498.0,142,1,49,0,-48,-0.64405584,0.42184556,0.0043713489709715,0.0,99.9999979061294,0.0,0.0053530023677503
498.5,141,1,48,0,-47,-0.7724305,-0.31115237,0.0043702621079961,0.0,99.999997997882,0.0,0.0049418557090596
499.0,141,1,49,0,-48,-0.79416895,0.13452376,0.0043727647423871,0.0,99.999997964907,0.0,0.0049697140863201
499.5,140,1,48,0,-47,-0.37707257,-0.40066898,0.0043752306760645,0.0,99.99999769414744,0.0,0.0042640064353445
500.0,140,1,48,0,-47,-0.37707257,-0.40066898,0.0043777069835701,0.0,99.99999792125624,0.0,0.004070886115436
500.5,140,1,48,0,-47,-0.37707257,-0.40066898,0.0043801466723399,0.0,99.99999729904016,0.0,0.0045030345582495
501.0,140,1,48,0,-47,-0.64107794,0.014109481,0.004382596768951,0.0,99.99999729696717,0.0,0.0045001536085226
501.5,138,1,47,0,-46,-0.18030359,0.23087153,0.0043850729120951,0.0,99.99999891351476,0.0,0.0025975641439092
502.0,139,1,47,0,-46,-0.29140967,0.52026916,0.0043840264609857,0.0,99.99999767915811,0.0,0.0053158019868183
502.5,139,1,47,0,-46,-0.29140967,0.52026916,0.0043794061098055,0.0,99.99999764364604,0.0,0.0053252899979458
503.0,139,1,47,0,-46,-0.29140967,0.52026916,0.0043747176884418,0.0,99.9999985927306,0.0,0.0030289733680807
503.5,139,1,47,0,-46,-0.29140967,0.52026916,0.0043700548210942,0.0,99.99999857534596,0.0,0.0030521928538819
504.0,139,1,47,0,-46,-0.29140967,0.52026916,0.0043654018831562,0.0,99.99999856002628,0.0,0.0030733748148072
504.5,139,1,47,0,-46,-0.29140967,0.52026916,0.0043607279224854,0.0,99.99999827405796,0.0,0.0037562120458234
505.0,141,1,48,0,-47,-0.44555616,0.9181681,0.0043560331058516,0.0,99.99999827634385,0.0,0.0037621881992483
505.5,142,1,49,0,-48,-0.6539123,-0.092463806,0.0043513637810874,0.0,99.99999845535396,0.0,0.003952468448485
506.0,142,1,49,0,-48,-0.6539123,-0.092463806,0.0043467198168016,0.0,99.99999846015578,0.0,0.0039535275640677
506.5,143,1,50,0,-49,-0.032987356,-0.19674766,0.0043421317395709,0.0,99.99999833780484,0.0,0.0037876022245164
507.0,143,1,50,0,-49,-0.032987356,-0.19674766,0.0043375533378001,0.0,99.99999806099794,0.0,0.0056596021249061
507.5,144,1,51,0,-50,0.21596937,-0.50017756,0.0043329387893134,0.0,99.999997903328,0.0,0.0050275937626159
508.0,144,1,51,0,-50,0.21596937,-0.50017756,0.0043283645116337,0.0,99.99999786257312,0.0,0.0053535000825116
508.5,143,1,52,0,-51,0.33192855,0.20682304,0.0043237998818864,0.0,99.99999784799274,0.0,0.0053607914325114
509.0,142,1,51,0,-50,-0.4343766,-0.22846952,0.0043192448695798,0.0,99.9999987267792,0.0,0.0041508959313808
509.5,143,1,52,0,-51,0.031902716,0.1637909,0.0043147145798765,0.0,99.9999989210658,0.0,0.0037214076249869
510.0,145,1,53,0,-52,0.60779166,0.52583224,0.0043102390956207,0.0,99.99999834899772,0.0,0.0029782171997111
510.5,145,1,53,0,-52,0.60779166,0.52583224,0.0043057879591965,0.0,99.99999758248066,0.0,0.0075141865132539
511.0,145,1,53,0,-52,0.60779166,0.52583224,0.0043013008812421,0.0,99.9999983160145,0.0,0.0039038538104109
511.5,142,1,51,0,-50,-0.39459068,-0.4334067,0.0042967931251309,0.0,99.99999878770566,0.0,0.0033882446287822
512.0,142,1,51,0,-50,-0.39459068,-0.4334067,0.0042922948073701,0.0,99.99999874024282,0.0,0.0035711672187712
512.5,142,1,50,0,-49,-0.4627179,0.492297,0.0042878058983476,0.0,99.99999893260726,0.0,0.0029110247539524
513.0,142,1,50,0,-49,-0.17793044,0.7896899,0.0042833114524604,0.0,99.99999803869468,0.0,0.0053854302494598
513.5,143,1,50,0,-49,0.23116566,0.21779774,0.0042787966493195,0.0,99.99999759101335,0.0,0.0060523200999508
514.0,143,1,50,0,-49,0.23116566,0.21779774,0.0042743062071266,0.0,99.99999766526824,0.0,0.0059674057651841
514.5,144,1,51,0,-50,0.2987833,-0.398732,0.0042698400024994,0.0,99.99999838840696,0.0,0.0048978557911601
515.0,147,1,53,0,-52,-0.7826671,0.036753472,0.004265397913076,0.0,99.99999845582572,0.0,0.0047749982626302
515.5,146,1,53,0,-52,0.11702371,-0.96837366,0.0042609945784906,0.0,99.999998388596,0.0,0.0047029804268308
516.0,147,1,53,0,-52,-0.08706696,-0.33799016,0.0042565708649836,0.0,99.99999836144072,0.0,0.0059337583612651
516.5,146,1,53,0,-52,0.15234224,-0.4074653,0.004259040955242,0.0,99.9999985038114,0.0,0.0040507200280459
517.0,146,1,53,0,-52,0.15234224,-0.4074653,0.0042615058932413,0.0,99.99999848351554,0.0,0.0040500076303364
517.5,145,1,53,0,-52,0.7378662,0.3716168,0.004263965695085,0.0,99.9999982819089,0.0,0.0049413431176508
518.0,146,1,54,0,-53,0.36765665,0.010364294,0.004266405673837,0.0,99.99999823907734,0.0,0.0052945404915694
518.5,146,1,54,0,-53,0.36765665,0.010364294,0.0042688258663306,0.0,99.9999983202606,0.0,0.0051230779259932
519.0,146,1,54,0,-53,0.36765665,0.010364294,0.0042712409984111,0.0,99.9999982655239,0.0,0.0051630310732156
519.5,144,1,53,0,-52,-0.6068839,0.21784574,0.0042736364042365,0.0,99.99999761714386,0.0,0.0065914212147696
520.0,144,1,53,0,-52,-0.6068839,0.21784574,0.0042760561446858,0.0,99.99999791047316,0.0,0.0037921130955296
520.5,145,1,53,0,-52,0.62988156,-0.255026,0.0042715996900861,0.0,99.9999979578257,0.0,0.0038020489960225
521.0,146,1,54,0,-53,-0.60951275,-0.6691262,0.0042671963561019,0.0,99.99999712512287,0.0,0.0049893905404584
521.5,148,1,54,0,-53,-0.29392034,0.4819713,0.004262845843041,0.0,99.99999835997755,0.0,0.0036532797146816
522.0,147,1,53,0,-52,0.84906286,-0.32167417,0.0042584750831359,0.0,99.9999987325371,0.0,0.0028377490760075
522.5,147,1,53,0,-52,0.84906286,-0.32167417,0.0042541568506948,0.0,99.99999726835566,0.0,0.0050525495663691
523.0,147,1,52,0,-51,-0.54686654,-0.7285879,0.0042498473670387,0.0,99.9999979084968,0.0,0.0041507148243529
523.5,145,1,51,0,-50,0.39747554,-0.104168415,0.0042455032079785,0.0,99.99999896106372,0.0,0.0030477865603444
524.0,145,1,51,0,-50,0.39747554,-0.104168415,0.0042411534848257,0.0,99.99999868074498,0.0,0.003490435434029
524.5,146,1,51,0,-50,0.35704517,0.23499997,0.0042368270721688,0.0,99.99999862138912,0.0,0.0036065345746948
525.0,148,1,52,0,-51,-1.2474512,-0.24341929,0.004232538232117,0.0,99.99999862752776,0.0,0.0035839102018479
525.5,145,1,51,0,-50,-0.13874272,0.097701356,0.0042282437178682,0.0,99.99999827921658,0.0,0.0044378556839137
526.0,146,1,52,0,-51,-0.3592723,-0.616765,0.0042238863144049,0.0,99.99999827706708,0.0,0.0043256324030142
526.5,145,1,51,0,-50,-0.84197634,-0.37473094,0.0042195378827131,0.0,99.9999982727546,0.0,0.0043307852359058
527.0,144,1,50,0,-49,-0.18224268,-0.1118252,0.004218581379378,0.0,99.99999809880048,0.0,0.0038403875350166
527.5,144,1,50,0,-49,-0.18224268,-0.1118252,0.0042209778204343,0.0,99.99999696999696,0.0,0.0055833605843346
528.0,143,1,50,0,-49,-0.19638044,0.5616159,0.0042233550521589,0.0,99.99999811069186,0.0,0.0038292798879542
528.5,139,1,49,0,-48,-0.12064244,-0.6178572,0.0042257701154077,0.0,99.9999981836914,0.0,0.0041401862551725
529.0,139,1,49,0,-48,-0.12064244,-0.6178572,0.0042282372125304,0.0,99.99999767810496,0.0,0.0051183917959781
529.5,138,1,48,0,-47,-0.44028085,-0.65800774,0.0042306993275308,0.0,99.99999748291822,0.0,0.0052711050315552
530.0,138,1,48,0,-47,-0.44028085,-0.65800774,0.0042331422423213,0.0,99.99999689174072,0.0,0.0063224160268586
530.5,138,1,48,0,-47,-0.44028085,-0.65800774,0.0042355375370735,0.0,99.99999714277033,0.0,0.005849136561386
531.0,139,1,49,0,-48,-0.37672925,-0.49153322,0.0042446388365998,0.0,99.99999715467732,0.0,0.0058360065633987
531.5,137,1,48,0,-47,0.09169994,0.51890236,0.0042537358460207,0.0,99.99999689710938,0.0,0.0063218449013155
532.0,140,1,49,0,-48,-0.6253448,0.6986799,0.004262814395119,0.0,99.99999813625638,0.0,0.0048684739117583
532.5,140,1,49,0,-48,-0.6253448,0.6986799,0.0042718459593087,0.0,99.99999857550009,0.0,0.0039030192378475
533.0,140,1,49,0,-48,-0.14512195,0.099087924,0.0042741469250537,0.0,99.99999846661214,0.0,0.0041148124836276
533.5,141,1,50,0,-49,-0.3105626,-0.38435104,0.0042764146219328,0.0,99.99999822650358,0.0,0.0044700110673354
534.0,142,1,51,0,-50,0.36235738,-0.9207039,0.0042786919141727,0.0,99.9999978363494,0.0,0.0053476134582927
534.5,141,1,51,0,-50,-0.17905867,-0.10249975,0.0042809645329584,0.0,99.99999783656511,0.0,0.0053468290060384
535.0,142,1,51,0,-50,-0.192286,-0.36362523,0.0042832610026891,0.0,99.99999762309892,0.0,0.0055787483537704
535.5,142,1,51,0,-50,-0.192286,-0.36362523,0.0042855385515611,0.0,99.99999818430844,0.0,0.0051065075422337
536.0,141,1,50,0,-49,0.049807742,0.03249907,0.0042877972147585,0.0,99.99999864832104,0.0,0.0044089475010344
536.5,143,1,51,0,-50,0.18723576,0.22599709,0.0042900654956634,0.0,99.99999763434636,0.0,0.0058105092087941
537.0,144,1,52,0,-51,-0.3523745,-1.0131631,0.0042957148918116,0.0,99.99999860095694,0.0,0.003542864606539
537.5,145,1,53,0,-52,-1.2006959,-0.6366739,0.0043046357615894,0.0,99.99999779579602,0.0,0.0057624806409175
538.0,143,1,52,0,-51,-0.14799662,-0.047657114,0.0043102022454069,0.0,99.99999806746528,0.0,0.0052597819277694
538.5,142,1,52,0,-51,-1.0439125,-0.42237255,0.0043124386592776,0.0,99.99999784595988,0.0,0.0054173254646033
539.0,142,1,52,0,-51,-1.0439125,-0.42237255,0.0043146705400765,0.0,99.99999741068754,0.0,0.0050290111332127
539.5,143,1,52,0,-51,0.39919668,-0.5141824,0.0043168836650968,0.0,99.99999740980245,0.0,0.0050308517698868
540.0,142,1,51,0,-50,0.007678136,-0.20078096,0.0043190780695598,0.0,99.99999760374727,0.0,0.0055020917627949
540.5,144,1,51,0,-50,-0.83417565,0.21104991,0.0043212537889134,0.0,99.99999760578234,0.0,0.005499278811584
541.0,144,1,51,0,-50,-0.83417565,0.21104991,0.0043234392877339,0.0,99.9999986700752,0.0,0.0040491183626035
541.5,143,1,51,0,-50,0.79419637,0.27148488,0.004325662972719,0.0,99.9999973017757,0.0,0.0056982185610115
542.0,143,1,51,0,-50,0.79419637,0.27148488,0.0043278821923561,0.0,99.99999792591052,0.0,0.0049628682745962
542.5,141,1,51,0,-50,-0.2796644,0.50532067,0.0043300969600818,0.0,99.99999792285551,0.0,0.0049665378871053
543.0,141,1,51,0,-50,-0.2796644,0.50532067,0.0043323214759364,0.0,99.999997848818,0.0,0.0050169804904263
543.5,140,1,51,0,-50,-0.45645213,-0.09265904,0.0043378412860423,0.0,99.99999802486307,0.0,0.004644781418708
544.0,140,1,51,0,-50,-0.45645213,-0.09265904,0.0043433643589207,0.0,99.99999802569148,0.0,0.0046437316713272
544.5,141,1,51,0,-50,-0.17893931,-0.23133722,0.0043456116178996,0.0,99.9999986532536,0.0,0.0038772910841248
545.0,142,1,51,0,-50,0.17412885,-0.10092676,0.0043478260869565,0.0,99.9999973576048,0.0,0.0055145739214954
545.5,142,1,51,0,-50,0.17412885,-0.10092676,0.0043500503432792,0.0,99.99999775565264,0.0,0.0055040432327206
546.0,142,1,51,0,-50,0.17412885,-0.10092676,0.0043522843796285,0.0,99.99999776097548,0.0,0.005496068394535
546.5,141,1,50,0,-49,-0.39492428,0.091795124,0.0043545281889845,0.0,99.99999792446502,0.0,0.0051031334307391
547.0,140,1,49,0,-48,-0.42106754,0.06290276,0.0043568100742704,0.0,99.9999978087816,0.0,0.0051830305690562
547.5,140,1,49,0,-48,-0.42106754,0.06290276,0.0043591158427732,0.0,99.99999846327064,0.0,0.0044287316881985
548.0,140,1,49,0,-48,-0.42106754,0.06290276,0.0043614454705821,0.0,99.9999979061556,0.0,0.0044208875323403
548.5,141,1,50,0,-49,-0.08382566,0.19387078,0.0043637847977011,0.0,99.99999853474844,0.0,0.0033749122226795
549.0,140,1,49,0,-48,-0.11736684,0.25840038,0.0043661338192504,0.0,99.9999985342432,0.0,0.0033745181633246
549.5,142,1,50,0,-49,0.31593573,0.20858681,0.0043684784049718,0.0,99.99999853213632,0.0,0.0033751283605384
550.0,148,1,54,0,-53,0.8835202,-0.06779985,0.0043708326872383,0.0,99.99999783370296,0.0,0.0057031835277969
550.5,144,1,52,0,-51,-0.23305468,-0.5522618,0.0043731966615242,0.0,99.99999781527087,0.0,0.0057247981649209
551.0,144,1,52,0,-51,-0.23305468,-0.5522618,0.0043755703235084,0.0,99.99999780606169,0.0,0.0059772747669131
551.5,143,1,51,0,-50,-0.66048056,-0.16266432,0.0043779395657496,0.0,99.99999809117556,0.0,0.0058374479626016
552.0,142,1,50,0,-49,0.41026384,-0.6956779,0.0043867271732483,0.0,99.99999880094838,0.0,0.0030609819443958
552.5,142,1,50,0,-49,0.41026384,-0.6956779,0.0043955125257637,0.0,99.99999758335304,0.0,0.0059228650444156
553.0,142,1,50,0,-49,0.41026384,-0.6956779,0.0044042674170947,0.0,99.9999975879945,0.0,0.0059173460762641
553.5,142,1,50,0,-49,0.41026384,-0.6956779,0.0044097682464591,0.0,99.99999808305796,0.0,0.0048622891717019
554.0,143,1,51,0,-50,0.5997375,-1.1235566,0.0044119816081929,0.0,99.99999737379686,0.0,0.0050806181889042
554.5,145,1,53,0,-52,-0.56419355,-0.7739835,0.0044141766183178,0.0,99.99999739885584,0.0,0.0050527513044894
555.0,147,1,54,0,-53,-0.34462434,-0.38986486,0.0044099951355641,0.0,99.99999738528771,0.0,0.0062257585673495
555.5,147,1,55,0,-54,0.9223265,-0.36134386,0.0044058215674237,0.0,99.99999739410973,0.0,0.0062124645935582
556.0,147,1,55,0,-54,0.9223265,-0.36134386,0.0044016840114737,0.0,99.99999763909464,0.0,0.0062050751671055
556.5,148,1,56,0,-55,-0.0016653091,-0.56277025,0.0044039367364914,0.0,99.99999763629324,0.0,0.0062095319605009
557.0,147,1,55,0,-54,-0.37937003,-0.6634832,0.0044061852383229,0.0,99.99999763427566,0.0,0.0062126309907218
557.5,148,1,56,0,-55,-0.33980668,-0.13060158,0.004408415486789,0.0,99.99999871090304,0.0,0.0038766268530224
558.0,148,1,56,0,-55,-0.33980668,-0.13060158,0.0044106275120051,0.0,99.99999788768702,0.0,0.0042999328663836
558.5,147,1,55,0,-54,-0.37937003,-0.6634832,0.0044128774631677,0.0,99.9999981563276,0.0,0.0036699459083994
559.0,146,1,54,0,-53,-0.022893295,-1.0095735,0.0044151232264068,0.0,99.9999982437504,0.0,0.0036098258012696
559.5,142,1,52,0,-51,-0.4413461,-0.070251554,0.004417378831489,0.0,99.99999807368398,0.0,0.0036818513728539
560.0,143,1,52,0,-51,-0.8155741,0.13112499,0.0044196582849569,0.0,99.99999796474852,0.0,0.0036709312068394
560.5,145,1,54,0,-53,-0.25914776,0.4516023,0.0044219195438707,0.0,99.99999819433346,0.0,0.0032737587411287
561.0,148,1,56,0,-55,-0.5426923,0.25353304,0.0044241626370287,0.0,99.99999819741,0.0,0.0032704760331954
561.5,148,1,56,0,-55,-0.31008953,0.17748594,0.0044264155835122,0.0,99.99999791291776,0.0,0.0036854656295413
562.0,148,1,56,0,-55,-0.31008953,0.17748594,0.004428678377499,0.0,99.9999979117294,0.0,0.0036866623721206
562.5,147,1,55,0,-54,-0.18053454,-0.3960243,0.0044245972259479,0.0,99.99999845492144,0.0,0.0033371780296366
563.0,146,1,55,0,-54,-0.28104848,-0.0049727634,0.0044205096513409,0.0,99.99999852480344,0.0,0.003418304747094
563.5,145,1,56,0,-55,0.571878,-0.3970108,0.0044164435344148,0.0,99.99999850211329,0.0,0.0034529553622615
564.0,145,1,56,0,-55,0.571878,-0.3970108,0.0044123848908863,0.0,99.99999848839198,0.0,0.0034747079386557
564.5,145,1,56,0,-55,0.571878,-0.3970108,0.0044146084550442,0.0,99.99999853963892,0.0,0.0036193155266906
565.0,147,1,57,0,-56,-1.101113,-0.0343421,0.0044168279259128,0.0,99.99999843220466,0.0,0.0034833142368661
565.5,147,1,57,0,-56,-1.101113,-0.0343421,0.0044191126622642,0.0,99.9999984282182,0.0,0.0034896258002412
566.0,147,1,57,0,-56,-1.101113,-0.0343421,0.0044244873897405,0.0,99.99999854658434,0.0,0.0035382254804946
566.5,147,1,57,0,-56,-1.101113,-0.0343421,0.0044267055974486,0.0,99.99999854675946,0.0,0.0035376909295958
567.0,147,1,57,0,-56,-1.101113,-0.0343421,0.0044289336129456,0.0,99.99999855103506,0.0,0.003492936318942
567.5,148,1,58,0,-57,-0.57156414,-0.1629455,0.0044311991444064,0.0,99.99999809450443,0.0,0.0035212245790372
568.0,148,1,58,0,-57,-0.5442174,-0.22106388,0.0044335437105542,0.0,99.99999791597476,0.0,0.0032902416000323
568.5,148,1,58,0,-57,-0.5442174,-0.22106388,0.0044358564543116,0.0,99.9999975500378,0.0,0.0034852562296938
569.0,147,1,58,0,-57,0.10534264,-0.1077275,0.0044381927853636,0.0,99.99999740441103,0.0,0.004561833555063
569.5,147,1,58,0,-57,0.10534264,-0.1077275,0.0044405388477035,0.0,99.99999683734782,0.0,0.0051313823679865
570.0,146,1,57,0,-56,0.39905035,-0.54658127,0.0044428808050113,0.0,99.99999790740036,0.0,0.0041795270913048
570.5,145,1,56,0,-55,-0.08156687,-0.19593698,0.0044452186680519,0.0,99.99999659255944,0.0,0.005171317909323
571.0,145,1,56,0,-55,-0.08156687,-0.19593698,0.0044475662706022,0.0,99.99999659209853,0.0,0.0051716548561365
571.5,145,1,56,0,-55,-0.08156687,-0.19593698,0.0044498545180152,0.0,99.99999631576344,0.0,0.0053543063743167
572.0,146,1,57,0,-56,-0.20463182,0.16683458,0.0044583161402213,0.0,99.99999655681864,0.0,0.0049671953570948
572.5,143,1,55,0,-54,-0.28492495,0.34550604,0.004472962291347,0.0,99.9999965568764,0.0,0.0049672410491443
573.0,146,1,57,0,-56,-0.19489609,-0.102402136,0.0044875547007832,0.0,99.9999965342088,0.0,0.0051306804237785
573.5,148,1,59,0,-58,0.7414654,-0.6024591,0.0045021211024162,0.0,99.999996539918,0.0,0.0051272846963526
574.0,148,1,59,0,-58,0.7414654,-0.6024591,0.0045166615657141,0.0,99.99999654467452,0.0,0.0051243491829187
574.5,147,1,58,0,-57,0.6508878,-0.5588085,0.0045373536325083,0.0,99.99999654739152,0.0,0.0051223594520496
575.0,150,1,60,0,-59,0.26367158,-0.24536899,0.0045517947958327,0.0,99.9999963919306,0.0,0.0059856737228371
575.5,148,1,59,0,-58,0.5253474,-0.7276205,0.0045599593025944,0.0,99.99999756890668,0.0,0.0042011310799304
576.0,148,1,59,0,-58,0.5253474,-0.7276205,0.0045681088706944,0.0,99.999997832308,0.0,0.0039496213513959
576.5,151,1,60,0,-59,-0.09223588,0.13526522,0.004576229457746,0.0,99.99999738868804,0.0,0.0044413419486074
577.0,151,1,60,0,-59,-0.09223588,0.13526522,0.0045813590955351,0.0,99.99999824704868,0.0,0.0036353023879393
577.5,151,1,60,0,-59,-0.09223588,0.13526522,0.0045834779750366,0.0,99.9999982434356,0.0,0.0036391877562188
578.0,151,1,60,0,-59,-0.09223588,0.13526522,0.004585480539331,0.0,99.99999688321796,0.0,0.0050244798019746
578.5,152,1,61,0,-60,0.80846256,0.45070648,0.0045844692288585,0.0,99.99999704939474,0.0,0.0050164110885574
579.0,153,1,61,0,-60,-0.06659202,0.47482228,0.0045804099390299,0.0,99.9999966422184,0.0,0.005889682827324
579.5,152,1,60,0,-59,-0.16707063,0.37470376,0.0045763718401606,0.0,99.99999664755308,0.0,0.0058836769836412
580.0,151,1,59,0,-58,0.113898605,0.13110438,0.0045723548392029,0.0,99.9999983104686,0.0,0.0036381229488977
580.5,151,1,59,0,-58,0.113898605,0.13110438,0.004568316964804,0.0,99.99999653882378,0.0,0.0056685687982647
581.0,151,1,59,0,-58,0.113898605,0.13110438,0.0045642583461814,0.0,99.9999967519872,0.0,0.0054120191379596
581.5,149,1,58,0,-57,0.37445354,-0.40576273,0.0045600956552506,0.0,99.99999744449272,0.0,0.0051176340729612
582.0,149,1,58,0,-57,0.37445354,-0.40576273,0.0045559405503088,0.0,99.9999980331238,0.0,0.0040002869741447
582.5,149,1,58,0,-57,0.37445354,-0.40576273,0.0045578407343695,0.0,99.99999785022052,0.0,0.0040761237428133
583.0,149,1,58,0,-57,0.37445354,-0.40576273,0.0045597790377923,0.0,99.99999787585512,0.0,0.0055822904461871
583.5,150,1,59,0,-58,-0.057210147,0.28822038,0.0045587162654996,0.0,99.99999681925104,0.0,0.0054903104510484
584.0,151,1,59,0,-58,-0.29426807,0.8701012,0.0045546466505128,0.0,99.99999776318988,0.0,0.004218831118895
584.5,151,1,59,0,-58,-0.29426807,0.8701012,0.0045505704898537,0.0,99.99999794065086,0.0,0.0039765704146762
585.0,152,1,60,0,-59,-0.004233174,0.9121115,0.0045464602775765,0.0,99.99999798939548,0.0,0.0042646508350471
585.5,152,1,59,0,-58,-0.26633638,0.8929314,0.0045423574835339,0.0,99.99999799084924,0.0,0.0042641998716269
586.0,155,1,61,0,-60,-0.18014283,1.1486346,0.004538262087661,0.0,99.99999733075374,0.0,0.0049326283523322
586.5,155,1,61,0,-60,-0.19542561,0.83244854,0.004534201481777,0.0,99.9999984289378,0.0,0.0036381054164881
587.0,149,1,58,0,-57,0.011013731,0.4753703,0.004530148135844,0.0,99.99999842957912,0.0,0.0036387529311257
587.5,149,1,58,0,-57,0.011013731,0.4753703,0.0045260883733841,0.0,99.99999873068111,0.0,0.003170640740497
588.0,150,1,59,0,-58,-0.33404994,1.0510883,0.0045220767788342,0.0,99.99999734445367,0.0,0.0041277011798454
588.5,150,1,59,0,-58,0.066026986,0.12747249,0.0045180722891566,0.0,99.99999863282191,0.0,0.0036595231716412
589.0,150,1,59,0,-58,0.066026986,0.12747249,0.0045140884701152,0.0,99.9999973113296,0.0,0.0046707658393443
589.5,150,1,59,0,-58,0.066026986,0.12747249,0.004516165889417,0.0,99.99999734462358,0.0,0.0047308989511278
590.0,151,1,59,0,-58,0.19111489,-0.012254719,0.0045182125422455,0.0,99.99999753904952,0.0,0.0045796581562783
590.5,151,1,59,0,-58,0.19111489,-0.012254719,0.0045232571052955,0.0,99.99999708452654,0.0,0.0052249664408797
591.0,151,1,59,0,-58,0.19111489,-0.012254719,0.0045312917030279,0.0,99.99999708882714,0.0,0.0052234549277077
591.5,149,1,58,0,-57,0.147796,0.5131359,0.004539298640907,0.0,99.99999733738244,0.0,0.0050344599960642
592.0,149,1,58,0,-57,0.147796,0.5131359,0.0045473051454299,0.0,99.99999723069412,0.0,0.0047624253765108
592.5,149,1,57,0,-56,0.14685301,0.19238639,0.0045553249146063,0.0,99.99999697835985,0.0,0.0052693113987103
593.0,149,1,57,0,-56,0.14685301,0.19238639,0.0045603014699949,0.0,99.99999755205928,0.0,0.0045661748662189
593.5,149,1,57,0,-56,0.14685301,0.19238639,0.0045622699084261,0.0,99.99999753071889,0.0,0.004587942731766
594.0,149,1,57,0,-56,0.14685301,0.19238639,0.0045642348940232,0.0,99.99999752000043,0.0,0.004599535530021
594.5,149,1,57,0,-56,0.14685301,0.19238639,0.0045661964358631,0.0,99.99999751554432,0.0,0.0046051352504489
595.0,150,1,58,0,-57,-0.18004717,0.47167072,0.0045681681467054,0.0,99.99999769015278,0.0,0.0041530095062279
595.5,150,1,58,0,-57,-0.18004717,0.47167072,0.0045641449815232,0.0,99.99999821759768,0.0,0.0045236995632831
596.0,150,1,58,0,-57,-0.18004717,0.47167072,0.0045601153405966,0.0,99.99999827279098,0.0,0.0045319774410402
596.5,150,1,58,0,-57,0.1196322,0.93177235,0.0045560386817782,0.0,99.99999835511528,0.0,0.0040044606876436
597.0,150,1,58,0,-57,0.1196322,0.93177235,0.0045519828128523,0.0,99.9999981989514,0.0,0.0041223347032829
597.5,150,1,58,0,-57,0.1196322,0.93177235,0.004547961125902,0.0,99.99999833320722,0.0,0.003934549328503
598.0,149,1,58,0,-57,-0.45095617,0.44558555,0.0045439465390175,0.0,99.99999753567842,0.0,0.0059550880319771
598.5,150,1,59,0,-58,0.25426322,0.75046974,0.0045398584179747,0.0,99.99999878375418,0.0,0.0031138685041706
599.0,149,1,59,0,-58,-0.49712896,0.4647877,0.0045356837676334,0.0,99.999997866699,0.0,0.0047533463818466
599.5,150,1,59,0,-58,-0.45971876,0.5712358,0.0045315034015815,0.0,99.99999753541884,0.0,0.005083047616515
600.0,151,1,59,0,-58,0.0624585,0.84974325,0.0045273040111205,0.0,99.99999883952847,0.0,0.0029519650862244
600.5,151,1,59,0,-58,0.0624585,0.84974325,0.0045231123966893,0.0,99.99999817007276,0.0,0.0035425913175749
601.0,152,1,60,0,-59,0.32553053,0.38226795,0.004518915224679,0.0,99.99999764098692,0.0,0.0046539725025361
601.5,150,1,59,0,-58,-0.64856654,0.41539168,0.0045146726862302,0.0,99.99999841772453,0.0,0.0038894045851313
602.0,151,1,60,0,-59,-0.13187827,0.9507396,0.004510451368572,0.0,99.99999845439444,0.0,0.0038805932277159
602.5,151,1,60,0,-59,-0.13187827,0.9507396,0.0045062379375883,0.0,99.99999845499036,0.0,0.0038804857169868
603.0,150,1,59,0,-58,0.1458198,0.217933,0.0045020984357115,0.0,99.99999839834916,0.0,0.0039122619828894
603.5,153,1,61,0,-60,-0.37564874,0.04124378,0.0044980060989913,0.0,99.99999836662028,0.0,0.0040384572849108
604.0,153,1,61,0,-60,-0.37564874,0.04124378,0.0044997407375942,0.0,99.99999767909154,0.0,0.0054214717407071
604.5,152,1,61,0,-60,0.03296195,-0.1752782,0.0045014985482813,0.0,99.9999976119152,0.0,0.0052008134667613
605.0,152,1,61,0,-60,0.03296195,-0.1752782,0.0045032399934498,0.0,99.99999761157024,0.0,0.0052032219403011
605.5,151,1,60,0,-59,0.12182455,-0.15570176,0.0044991352311503,0.0,99.99999864452292,0.0,0.0033334015595925
606.0,151,1,60,0,-59,0.12182455,-0.15570176,0.0044950641860139,0.0,99.99999869050797,0.0,0.0032953263733338
606.5,151,1,60,0,-59,0.12182455,-0.15570176,0.0044909481149682,0.0,99.99999752947237,0.0,0.0056553374822886
607.0,151,1,60,0,-59,0.12182455,-0.15570176,0.00448685264768,0.0,99.99999790478972,0.0,0.0049948006851792
607.5,151,1,60,0,-59,0.12182455,-0.15570176,0.0044827515944332,0.0,99.99999786997655,0.0,0.0050553964056891
608.0,151,1,60,0,-59,0.085528746,0.24749427,0.0044786971062963,0.0,99.99999799257004,0.0,0.0048770521575387
608.5,151,1,60,0,-59,0.22512563,-0.32911277,0.004474688951005,0.0,99.99999766302513,0.0,0.0051850416898591
609.0,152,1,60,0,-59,0.24115987,0.2770363,0.0044706879633984,0.0,99.99999801589024,0.0,0.0044628071706522
609.5,152,1,60,0,-59,0.24115987,0.2770363,0.0044666811688782,0.0,99.99999831870063,0.0,0.0043669003996094
610.0,151,1,60,0,-59,-0.8058253,-0.0007005371,0.0044655664546416,0.0,99.99999762356173,0.0,0.0050760326406843
610.5,151,1,60,0,-59,-0.8058253,-0.0007005371,0.0044673231093495,0.0,99.999997663705,0.0,0.0046320338584289
611.0,151,1,60,0,-59,0.24296121,-0.4920627,0.0044690895206359,0.0,99.99999779465152,0.0,0.0045103362472165
611.5,152,1,60,0,-59,0.033015504,0.7574781,0.0044708915194673,0.0,99.99999754942588,0.0,0.0049918621429466
612.0,152,1,60,0,-59,0.033015504,0.7574781,0.0044726903131171,0.0,99.99999739148784,0.0,0.005672437713496
612.5,152,1,60,0,-59,0.033015504,0.7574781,0.0044831406217544,0.0,99.99999831211996,0.0,0.0043710487130987
613.0,153,1,61,0,-60,-0.4625246,0.059493713,0.0044965454424917,0.0,99.99999854469544,0.0,0.0037145108741128
613.5,154,1,62,0,-61,-0.12811819,0.29721588,0.0045099270232753,0.0,99.99999717055546,0.0,0.0051703856335406
614.0,154,1,62,0,-61,-0.12811819,0.29721588,0.0045232724091892,0.0,99.99999716014214,0.0,0.0051797942019512
614.5,153,1,61,0,-60,-0.28695866,0.17475055,0.0045308838961001,0.0,99.99999852033224,0.0,0.0037157426120196
615.0,153,1,61,0,-60,0.6683329,-0.15715556,0.0045270444948726,0.0,99.99999720820465,0.0,0.0040140094223391
615.5,153,1,61,0,-60,0.6683329,-0.15715556,0.0045231986131918,0.0,99.99999775661549,0.0,0.0036183091001558
616.0,153,1,61,0,-60,0.6683329,-0.15715556,0.0045193333409802,0.0,99.99999876127438,0.0,0.0028051580838803
616.5,153,1,61,0,-60,0.6683329,-0.15715556,0.0045154746692185,0.0,99.99999850027696,0.0,0.0045057168263245
617.0,153,1,61,0,-60,0.6683329,-0.15715556,0.0045116096656084,0.0,99.99999791335644,0.0,0.0054726421156266
617.5,153,1,61,0,-60,0.6683329,-0.15715556,0.0045077383795595,0.0,99.99999792333182,0.0,0.0054563676890493
618.0,153,1,61,0,-60,0.6683329,-0.15715556,0.0045096150823476,0.0,99.9999984442524,0.0,0.0037160105602256
618.5,153,1,61,0,-60,0.6683329,-0.15715556,0.004511462827545,0.0,99.99999766774496,0.0,0.0059338017790463
619.0,153,1,61,0,-60,0.6683329,-0.15715556,0.0045133074098693,0.0,99.99999767238302,0.0,0.005928338161007
619.5,153,1,61,0,-60,-0.28695866,0.17475055,0.0045151102268386,0.0,99.9999974341508,0.0,0.0037359930657555
620.0,153,1,61,0,-60,0.70631856,-0.016921747,0.004516948525014,0.0,99.99999783586952,0.0,0.0031824073799918
620.5,152,2,61,0,-59,0.4424351,0.30519843,0.0045188351194304,0.0,99.999997047156,0.0,0.0035319718520965
621.0,152,2,61,0,-59,0.4424351,0.30519843,0.0045207442452916,0.0,99.99999727283614,0.0,0.003293575817281
621.5,152,2,61,0,-59,0.4424351,0.30519843,0.0045226758786831,0.0,99.9999986324178,0.0,0.002955471929392
622.0,155,1,61,0,-60,0.2101437,0.06240963,0.004524604310012,0.0,99.99999847173504,0.0,0.002965604019104
622.5,156,1,61,0,-60,0.042980224,-0.27486673,0.0045265423852836,0.0,99.99999741831702,0.0,0.0042728413058741
623.0,155,1,61,0,-60,0.2253281,-0.090624005,0.0045284644311506,0.0,99.99999870880892,0.0,0.0029386321859495
623.5,156,1,61,0,-60,0.6091251,-0.5213429,0.004536033434134,0.0,99.9999973502503,0.0,0.0037976433873892
624.0,150,1,57,0,-56,0.51151675,-0.2755062,0.0045435641799658,0.0,99.99999751261858,0.0,0.0036339859101541
624.5,150,1,57,0,-56,0.51151675,-0.2755062,0.0045510695013328,0.0,99.99999822700488,0.0,0.0030745481513634
625.0,150,1,57,0,-56,0.51151675,-0.2755062,0.0045585107735064,0.0,99.99999775769422,0.0,0.0046746941412236
625.5,150,1,57,0,-56,0.51151675,-0.2755062,0.0045602569095229,0.0,99.99999774369248,0.0,0.0051736033856082
626.0,148,1,56,0,-55,-0.40159833,-0.092853844,0.0045619743367797,0.0,99.99999804823804,0.0,0.0042500007747356
626.5,148,1,56,0,-55,-0.40159833,-0.092853844,0.0045637145255708,0.0,99.99999713100432,0.0,0.0045593521242134
627.0,148,1,56,0,-55,-0.40159833,-0.092853844,0.004565477447048,0.0,99.99999823928036,0.0,0.0031262250725407
627.5,148,1,56,0,-55,-0.40159833,-0.092853844,0.0045672245392699,0.0,99.99999778934549,0.0,0.0040269934933064
628.0,148,1,56,0,-55,-0.40159833,-0.092853844,0.0045689686663163,0.0,99.9999977814229,0.0,0.0040316324534425
628.5,148,1,56,0,-55,-0.40159833,-0.092853844,0.0045706970032174,0.0,99.99999814700676,0.0,0.0039575335533856
629.0,148,1,56,0,-55,-0.40159833,-0.092853844,0.0045723967493905,0.0,99.9999980735497,0.0,0.0047089646060411
629.5,149,1,57,0,-56,0.106405124,-0.43683404,0.0045740807695218,0.0,99.99999831034454,0.0,0.0044145083529431
630.0,149,1,57,0,-56,0.106405124,-0.43683404,0.0045757490898907,0.0,99.99999765883398,0.0,0.0054404533286229
630.5,148,1,56,0,-55,-0.5733013,0.1778852,0.0045774017369504,0.0,99.99999785770824,0.0,0.0050956524308332
631.0,149,1,57,0,-56,-1.2558609,-0.6713331,0.0045790259366316,0.0,99.99999783298654,0.0,0.0051680447106035
631.5,150,1,57,0,-56,-1.2542561,-0.35711634,0.004580724089581,0.0,99.99999741812849,0.0,0.0047591034824538
632.0,150,1,57,0,-56,-1.2542561,-0.35711634,0.0045823937844656,0.0,99.99999736687872,0.0,0.0050000216925808
632.5,149,1,57,0,-56,-1.2558609,-0.6713331,0.0045840478480906,0.0,99.99999759163784,0.0,0.0046814883483866
633.0,149,1,57,0,-56,-1.2558609,-0.6713331,0.0045857246336435,0.0,99.99999783004296,0.0,0.004594620039657
633.5,149,1,57,0,-56,-1.2558609,-0.6713331,0.0045874113415951,0.0,99.99999780708376,0.0,0.0039417290009053
634.0,149,1,57,0,-56,-1.2558609,-0.6713331,0.0045890951973032,0.0,99.9999978099854,0.0,0.003940204117942
634.5,149,1,57,0,-56,-1.2558609,-0.6713331,0.0045908144805182,0.0,99.9999975204464,0.0,0.0044953255636682
635.0,149,1,57,0,-56,-1.2558609,-0.6713331,0.0045870158574137,0.0,99.99999774282205,0.0,0.0040670696446216
635.5,149,1,57,0,-56,-1.2558609,-0.6713331,0.0045832489464353,0.0,99.99999657611514,0.0,0.0050799293591641
636.0,149,1,58,0,-57,-0.8081852,0.19303584,0.004579475522537,0.0,99.99999676629064,0.0,0.0049859304762043
636.5,149,2,59,0,-57,0.23507734,0.025096323,0.0045756576122933,0.0,99.99999816851906,0.0,0.0040041458663001
637.0,149,2,59,0,-57,0.23507734,0.025096323,0.0045718334103607,0.0,99.9999981671771,0.0,0.0040059123145932
637.5,149,2,59,0,-57,0.23507734,0.025096323,0.0045680155954043,0.0,99.9999976803311,0.0,0.004162088542523
638.0,149,2,59,0,-57,0.23507734,0.025096323,0.0045641537114139,0.0,99.99999844495476,0.0,0.0033580298105163
638.5,148,2,58,0,-56,-0.16062985,-0.2876436,0.0045602479979903,0.0,99.99999733937288,0.0,0.0042607300689069
639.0,148,2,58,0,-56,-0.16062985,-0.2876436,0.0045563740970684,0.0,99.99999743573768,0.0,0.0040681946199047
639.5,149,1,58,0,-57,-0.25708923,-0.4650128,0.0045524942267098,0.0,99.99999870975414,0.0,0.0037390605609475
640.0,149,1,58,0,-57,-0.25708923,-0.4650128,0.0045486209583492,0.0,99.99999848031052,0.0,0.0040951711867328
640.5,149,1,58,0,-57,-0.25708923,-0.4650128,0.0045447667780849,0.0,99.99999778294206,0.0,0.0054425221677056
641.0,149,1,58,0,-57,-0.25708923,-0.4650128,0.0045408816786968,0.0,99.99999887417556,0.0,0.0027808982533372
641.5,149,1,58,0,-57,-0.25708923,-0.4650128,0.004537028136715,0.0,99.99999872461632,0.0,0.0029863353291868
642.0,150,1,59,0,-58,-0.8627685,0.24327329,0.004533218447894,0.0,99.999998778139,0.0,0.0029134245141575
642.5,150,1,59,0,-58,-0.8627685,0.24327329,0.0045294151516065,0.0,99.99999766495458,0.0,0.0045862256278492
643.0,152,1,59,0,-58,-0.24106877,-0.32114512,0.0045255934362458,0.0,99.99999745256748,0.0,0.004972751794233
643.5,152,1,59,0,-58,-0.24106877,-0.32114512,0.0045217905414652,0.0,99.99999779829312,0.0,0.0045232711355183
644.0,152,1,59,0,-58,-0.24106877,-0.32114512,0.004520765986774,0.0,99.99999821398262,0.0,0.0040142741042829
644.5,151,1,60,0,-59,0.1035393,0.9268832,0.0045224881062661,0.0,99.99999774863788,0.0,0.004380132773734
645.0,151,1,60,0,-59,0.41319972,0.23660095,0.004524244434797,0.0,99.99999746325292,0.0,0.0051571313312522
645.5,150,1,59,0,-58,0.31145555,0.8382092,0.0045259978884132,0.0,99.99999725602456,0.0,0.0055870228046227
646.0,150,1,59,0,-58,0.31145555,0.8382092,0.0045277484741678,0.0,99.99999775522376,0.0,0.0038919378933693
646.5,151,1,59,0,-58,0.28853542,-0.06635365,0.0045294591885649,0.0,99.99999755402357,0.0,0.0045030873508614
647.0,150,1,59,0,-58,-1.1512631,-0.19272518,0.0045311424193851,0.0,99.9999972013632,0.0,0.0045174837810224
647.5,150,1,59,0,-58,-1.1512631,-0.19272518,0.0045327365819305,0.0,99.99999812453082,0.0,0.0045741781544029
648.0,150,1,59,0,-58,-1.1512631,-0.19272518,0.0045343403607911,0.0,99.99999824142192,0.0,0.0044428749042647
648.5,149,1,58,0,-57,-0.19998264,0.10910152,0.0045360029968565,0.0,99.99999857243002,0.0,0.0037935716128934
649.0,149,1,58,0,-57,-0.19998264,0.10910152,0.0045376505656467,0.0,99.9999978774842,0.0,0.0047024312256165
649.5,149,1,58,0,-57,-0.32389712,0.44828868,0.0045392584884133,0.0,99.99999796487946,0.0,0.0046449256137128
650.0,150,1,59,0,-58,-0.25633162,0.30362618,0.0045408514164098,0.0,99.99999858423328,0.0,0.003262876516465
650.5,149,1,58,0,-57,0.83202046,0.009510171,0.0045370184997808,0.0,99.99999876564333,0.0,0.0032854584470036
651.0,150,1,58,0,-57,0.85066575,-0.013326053,0.0045331920483972,0.0,99.9999987672478,0.0,0.003283250466755
651.5,150,1,58,0,-57,0.85066575,-0.013326053,0.0045320729237002,0.0,99.99999876928077,0.0,0.0032803214115635
652.0,150,1,58,0,-57,0.85066575,-0.013326053,0.0045336542872717,0.0,99.99999868808972,0.0,0.0034663429812846
652.5,151,1,59,0,-58,-0.5013482,0.3394161,0.0045352207617121,0.0,99.99999864140204,0.0,0.0033330121116466
653.0,151,1,59,0,-58,-0.5013482,0.3394161,0.0045367845943295,0.0,99.9999988379428,0.0,0.003474507319258
653.5,151,1,59,0,-58,-0.5013482,0.3394161,0.0045383824408206,0.0,99.99999864267998,0.0,0.0039058047034252
654.0,151,1,59,0,-58,-0.5013482,0.3394161,0.0045399654123488,0.0,99.99999791023846,0.0,0.0051514998829206
654.5,149,1,57,0,-56,-0.06042902,-0.23820463,0.0045414603079056,0.0,99.99999893397612,0.0,0.0032703665369632
655.0,149,1,57,0,-56,-0.06042902,-0.23820463,0.0045483103590856,0.0,99.99999890711254,0.0,0.0032933375099762
655.5,150,1,58,0,-57,-0.26114553,0.3379085,0.0045551853461457,0.0,99.99999873197984,0.0,0.0039289130737849
656.0,149,1,58,0,-57,-0.67044675,0.5439797,0.0045620364587661,0.0,99.9999986514841,0.0,0.0044889901527683
656.5,149,1,58,0,-57,-0.67044675,0.5439797,0.0045635196949083,0.0,99.99999821362688,0.0,0.0053817652040524
657.0,148,1,57,0,-56,-0.9312857,-0.3363295,0.004559673116392,0.0,99.99999822351798,0.0,0.0053781192505862
657.5,148,1,57,0,-56,-0.9312857,-0.3363295,0.0045558451975135,0.0,99.9999982315263,0.0,0.0053642967982989
658.0,147,1,57,0,-56,0.30231553,-0.42008555,0.0045521088231836,0.0,99.9999980305144,0.0,0.0036356669117933
658.5,147,1,57,0,-56,0.30231553,-0.42008555,0.0045483542911747,0.0,99.99999835369012,0.0,0.0036742309826638
659.0,147,1,57,0,-56,0.30231553,-0.42008555,0.0045445695860547,0.0,99.99999843713036,0.0,0.0035453622988274
659.5,148,1,58,0,-57,-0.46488762,0.24631302,0.0045408032744947,0.0,99.99999780913372,0.0,0.0052865964105622
660.0,148,1,58,0,-57,-0.46488762,0.24631302,0.004537043200426,0.0,99.99999799153292,0.0,0.0050575889357633
660.5,148,1,58,0,-57,0.07787864,-0.34546375,0.0045332652279402,0.0,99.99999778110453,0.0,0.005122406062136
661.0,147,1,57,0,-56,0.15385656,0.03464478,0.0045294935420161,0.0,99.9999981763244,0.0,0.0047622497125954
661.5,146,1,56,0,-55,0.23855497,-0.37699127,0.0045257401470865,0.0,99.999998177265,0.0,0.004761536936107
662.0,146,1,56,0,-55,0.23855497,-0.37699127,0.0045219929675578,0.0,99.99999817843074,0.0,0.0047606433392606
662.5,146,1,56,0,-55,0.23855497,-0.37699127,0.0045182519880043,0.0,99.99999817966624,0.0,0.0047598040121202
663.0,146,1,56,0,-55,0.23855497,-0.37699127,0.0045145291536847,0.0,99.99999776820808,0.0,0.0051691647630041
663.5,146,1,56,0,-55,0.23855497,-0.37699127,0.0045108363312923,0.0,99.99999804546748,0.0,0.0048661705049679
664.0,148,1,57,0,-56,0.17517616,-0.38338128,0.0045071853103847,0.0,99.99999739868043,0.0,0.0056707973109663
664.5,148,1,57,0,-56,0.17517616,-0.38338128,0.0045035163899981,0.0,99.9999982253118,0.0,0.0046651617388675
665.0,148,1,57,0,-56,0.17517616,-0.38338128,0.0044998415548748,0.0,99.9999979140922,0.0,0.0045448805568915
665.5,148,1,57,0,-56,0.17517616,-0.38338128,0.0045013786461562,0.0,99.99999867090092,0.0,0.0030426653345435
666.0,148,1,57,0,-56,0.17517616,-0.38338128,0.0045029131844665,0.0,99.99999841755928,0.0,0.0036418934734405
666.5,148,1,57,0,-56,0.17517616,-0.38338128,0.0045044689073106,0.0,99.99999833911004,0.0,0.0035772298282747
667.0,147,1,57,0,-56,0.31845796,-0.18079902,0.0045060220668744,0.0,99.99999861167608,0.0,0.0033027497149834
667.5,147,1,57,0,-56,0.31845796,-0.18079902,0.0045075608152531,0.0,99.99999773494687,0.0,0.0043921197454478
668.0,147,1,57,0,-56,0.31845796,-0.18079902,0.0045091088729067,0.0,99.99999789485696,0.0,0.0042182685257585
668.5,147,1,57,0,-56,0.31845796,-0.18079902,0.0045159410092077,0.0,99.99999871853056,0.0,0.0029909652406319
669.0,143,1,54,0,-53,-0.07442613,0.12735097,0.0045228569554666,0.0,99.99999752798756,0.0,0.004987695660471
669.5,143,1,54,0,-53,-0.07442613,0.12735097,0.0045297738258763,0.0,99.99999805255337,0.0,0.0041819625783419
670.0,144,1,55,0,-54,0.006393835,0.6779424,0.0045366441406045,0.0,99.99999843011236,0.0,0.0036019399675002
670.5,144,1,55,0,-54,0.006393835,0.6779424,0.0045434797401632,0.0,99.99999898856376,0.0,0.0026859744796036
671.0,142,1,55,0,-54,-0.17112438,0.5345073,0.0045502330033106,0.0,99.99999838049904,0.0,0.003487310836445
671.5,143,1,55,0,-54,-0.6088489,0.22309841,0.0045569395343246,0.0,99.99999882545777,0.0,0.0030019158222429
672.0,143,1,55,0,-54,-0.6088489,0.22309841,0.0045636469491706,0.0,99.99999849974482,0.0,0.0034891282176667
672.5,143,1,55,0,-54,-0.6088489,0.22309841,0.0045703791432104,0.0,99.99999793011246,0.0,0.0041604552425794
673.0,143,1,55,0,-54,-0.6088489,0.22309841,0.0045771481447692,0.0,99.9999979532232,0.0,0.0044751282156021
673.5,143,1,55,0,-54,-0.6088489,0.22309841,0.0045837988754066,0.0,99.99999892441352,0.0,0.0031341746081188
674.0,149,1,59,0,-58,1.0439025,-0.5125926,0.0045904147767637,0.0,99.999998926825,0.0,0.0030132868239252
674.5,149,1,59,0,-58,1.0439025,-0.5125926,0.0045970197375434,0.0,99.99999892637878,0.0,0.0030137497205746
675.0,148,1,58,0,-57,-0.043646723,-0.15713826,0.004603589864828,0.0,99.99999798321458,0.0,0.004658725010539
675.5,147,1,57,0,-56,-0.13000233,-0.5280682,0.0046101371100462,0.0,99.99999825084794,0.0,0.0042127742445792
676.0,147,1,57,0,-56,-0.13000233,-0.5280682,0.0046166614794065,0.0,99.9999982805578,0.0,0.0041750882378691
676.5,147,1,57,0,-56,-0.13000233,-0.5280682,0.004623174960221,0.0,99.99999812504144,0.0,0.0048385331477062
677.0,147,1,57,0,-56,-0.13000233,-0.5280682,0.0046271122366015,0.0,99.999998737452,0.0,0.0033274752224616
677.5,147,1,57,0,-56,-0.13000233,-0.5280682,0.0046258806119201,0.0,99.99999854052464,0.0,0.0034376372932433
678.0,147,1,57,0,-56,-0.13000233,-0.5280682,0.0046220540221951,0.0,99.99999854020692,0.0,0.0034378556965295
678.5,147,1,57,0,-56,-0.13000233,-0.5280682,0.004618197972952,0.0,99.99999794883546,0.0,0.004956417363699
679.0,147,1,57,0,-56,-0.13000233,-0.5280682,0.0046143721692452,0.0,99.99999813287349,0.0,0.0033166748526054
679.5,147,1,57,0,-56,-0.13000233,-0.5280682,0.0046105289215281,0.0,99.99999867356648,0.0,0.0028039389719202
680.0,147,1,57,0,-56,-0.13000233,-0.5280682,0.0046066920704607,0.0,99.99999873022564,0.0,0.0027141756390393
680.5,147,1,57,0,-56,-0.13000233,-0.5280682,0.0046028616000864,0.0,99.99999878190668,0.0,0.003169786117855
681.0,144,1,55,0,-54,0.28231847,-0.110628635,0.0045990729832756,0.0,99.99999867933433,0.0,0.0029538824655389
681.5,144,1,55,0,-54,0.28231847,-0.110628635,0.0045953732712735,0.0,99.99999813561166,0.0,0.0034238092241744
682.0,144,1,55,0,-54,0.28231847,-0.110628635,0.0045916677152857,0.0,99.99999778887292,0.0,0.0038322654053165
682.5,145,1,56,0,-55,-0.2981013,-0.23743841,0.0045879681305569,0.0,99.9999977896234,0.0,0.0038311315477809
683.0,146,1,56,0,-55,-0.65337706,-0.015002493,0.0045842745026651,0.0,99.99999779053722,0.0,0.003829893743129
683.5,146,1,56,0,-55,0.006765522,0.7329371,0.0045805281441175,0.0,99.99999801661173,0.0,0.0035631810084494
684.0,148,1,57,0,-56,-0.2640891,0.8784363,0.0045767996191119,0.0,99.99999801614209,0.0,0.0035642253903161
684.5,147,1,56,0,-55,0.23490573,-0.35948116,0.0045730771591676,0.0,99.99999801579683,0.0,0.0035651694352516
685.0,147,1,56,0,-55,0.51638377,-0.46257895,0.0045693841042678,0.0,99.99999716080332,0.0,0.0042271352835633
685.5,148,1,55,0,-54,-0.13839422,-0.012761373,0.0045682738615064,0.0,99.99999716400308,0.0,0.0042263649326365
686.0,149,1,55,0,-54,-0.31093395,0.006826084,0.0045697285463874,0.0,99.9999969363894,0.0,0.0043910125588364
686.5,147,1,53,0,-52,-0.7477837,-0.35839367,0.0045712042178473,0.0,99.99999881944127,0.0,0.0029022838117595
687.0,147,1,53,0,-52,0.116561055,0.3822158,0.0045726891997921,0.0,99.99999881967842,0.0,0.0029022388510458
687.5,147,1,53,0,-52,0.116561055,0.3822158,0.0045741718381705,0.0,99.99999881998248,0.0,0.0029020950347264
688.0,146,1,53,0,-52,0.12014781,0.14528233,0.004575652138526,0.0,99.99999722276442,0.0,0.0041620221194833
688.5,147,1,54,0,-53,0.66803163,-0.31421036,0.0045771533714889,0.0,99.99999706469836,0.0,0.0044295948164371
689.0,146,1,53,0,-52,-0.25601578,-1.156172,0.0045786755108156,0.0,99.99999849262024,0.0,0.0033509993552271
689.5,146,1,53,0,-52,0.12993403,0.51348484,0.0045801836640961,0.0,99.99999857059969,0.0,0.0033919094106625
690.0,147,1,54,0,-53,1.0448793,-0.515941,0.0045816894694672,0.0,99.99999848916504,0.0,0.0033565184485103
690.5,146,2,55,0,-53,0.46769536,-0.41316432,0.0045832045441877,0.0,99.99999848627924,0.0,0.0033606046691305
691.0,144,2,54,0,-52,-0.14324647,-0.5698543,0.0045847172715489,0.0,99.99999848248036,0.0,0.0033657240608556
691.5,145,2,55,0,-53,0.5150501,0.13897143,0.0045862856651379,0.0,99.999997474533,0.0,0.0041302917209989
692.0,145,2,55,0,-53,0.5150501,0.13897143,0.0045878632690358,0.0,99.99999747109756,0.0,0.0041336943790942
692.5,144,2,54,0,-52,-0.081464164,0.05278511,0.0045894152978826,0.0,99.99999827994831,0.0,0.0036258408185397
693.0,144,2,55,0,-53,-0.73090476,0.7869305,0.0045908954391384,0.0,99.9999985170104,0.0,0.0030555915740461
693.5,145,2,56,0,-54,-0.20126997,-0.0022368617,0.0045923732810123,0.0,99.99999852995776,0.0,0.0030397202748316
694.0,146,2,57,0,-55,-0.6042871,0.16995098,0.0045938604051064,0.0,99.99999792911429,0.0,0.0037466808272909
694.5,143,2,55,0,-53,0.6761522,0.5298696,0.004595356801128,0.0,99.99999691175346,0.0,0.0047989061201444
695.0,143,2,55,0,-53,0.6761522,0.5298696,0.0045943117087015,0.0,99.99999773553844,0.0,0.0036992393718628
695.5,142,2,54,0,-52,-0.5180166,0.42266035,0.0045957592304868,0.0,99.9999977423532,0.0,0.0036928769424154
696.0,142,2,54,0,-52,-0.05360852,0.21980679,0.0045946692792724,0.0,99.9999980074914,0.0,0.0034409759358907
696.5,143,2,55,0,-53,0.3029757,0.039383102,0.0045960911888589,0.0,99.9999978760032,0.0,0.0035254592890392
697.0,142,2,54,0,-52,-0.4046029,0.16803625,0.0045975339359706,0.0,99.99999787886854,0.0,0.0035221905220454
697.5,147,1,57,0,-56,-0.5591467,0.14636421,0.0045989629150658,0.0,99.9999978129099,0.0,0.0036560848762614
698.0,147,1,57,0,-56,-0.5591467,0.14636421,0.0046003781475777,0.0,99.99999781659184,0.0,0.0036516703871522
698.5,147,1,57,0,-56,-0.5591467,0.14636421,0.0046017911702662,0.0,99.99999782041724,0.0,0.0036471811510964
699.0,147,1,57,0,-56,-0.5591467,0.14636421,0.0046031329307779,0.0,99.99999735335204,0.0,0.0041624791486747
699.5,148,1,57,0,-56,-0.2641749,-0.49810863,0.0046045070704042,0.0,99.9999986484303,0.0,0.0025933262203304
700.0,148,1,57,0,-56,-0.2641749,-0.49810863,0.0046059250420025,0.0,99.99999862979972,0.0,0.0026481378548488
700.5,146,1,56,0,-55,0.1961384,-0.8080265,0.0046073523065448,0.0,99.99999856706242,0.0,0.0028099179839355
701.0,147,1,56,0,-55,0.05041431,0.12669276,0.0046087773653945,0.0,99.99999856792417,0.0,0.0028092705678865
701.5,147,1,56,0,-55,0.05041431,0.12669276,0.0046101887412765,0.0,99.99999737295306,0.0,0.004502168379953
702.0,146,1,55,0,-54,0.23394503,-0.10848376,0.0046116323635549,0.0,99.9999985915991,0.0,0.0028390732725504
702.5,146,1,55,0,-54,0.23394503,-0.10848376,0.0046130737743647,0.0,99.99999856609767,0.0,0.0032900621873363
703.0,146,1,55,0,-54,0.23394503,-0.10848376,0.0046120624318192,0.0,99.99999738060852,0.0,0.0045530151652751
703.5,145,2,55,0,-53,0.28056985,0.12904222,0.0046085581122789,0.0,99.99999737700854,0.0,0.0045542814569224
704.0,147,2,57,0,-55,0.0031177774,-0.23503557,0.0046050476880477,0.0,99.99999769036636,0.0,0.0045147420385605
704.5,147,2,57,0,-55,0.0031177774,-0.23503557,0.0046015311991748,0.0,99.99999769745934,0.0,0.0045086809878843
705.0,147,2,57,0,-55,0.0031177774,-0.23503557,0.0045980314677778,0.0,99.9999989181876,0.0,0.0022344207304163
705.5,150,2,59,0,-57,0.16682996,-0.1928822,0.0045945484296595,0.0,99.999998916756,0.0,0.0022368488139818
706.0,150,2,59,0,-57,0.16682996,-0.1928822,0.0045910706643942,0.0,99.99999891543692,0.0,0.0022392102434748
706.5,150,2,59,0,-57,0.16682996,-0.1928822,0.0045876208390699,0.0,99.99999846318386,0.0,0.002812478999022
707.0,148,2,57,0,-55,-0.32062367,-0.07596624,0.0045841761943927,0.0,99.9999984740357,0.0,0.0028057494904698
707.5,149,2,56,0,-54,-0.08743371,-0.13651279,0.0045807028022251,0.0,99.9999985563043,0.0,0.003030231950148
708.0,149,2,56,0,-54,-0.08743371,-0.13651279,0.0045772685347315,0.0,99.99999833980768,0.0,0.0036655333809693
708.5,147,2,54,0,-52,0.71975595,-0.7117774,0.0045738394128925,0.0,99.99999833308924,0.0,0.0036723673263758
709.0,147,2,54,0,-52,0.71975595,-0.7117774,0.004570359152415,0.0,99.99999883950376,0.0,0.0026968978097541
709.5,147,2,54,0,-52,0.71975595,-0.7117774,0.0045668954215397,0.0,99.99999786098805,0.0,0.0044893140505669
710.0,147,2,54,0,-52,0.71975595,-0.7117774,0.0045634481571635,0.0,99.9999988687792,0.0,0.0027687802706881
710.5,145,2,53,0,-51,0.4358706,-0.083274126,0.0045600397037939,0.0,99.99999887084188,0.0,0.0028916465542447
711.0,145,2,53,0,-51,0.4358706,-0.083274126,0.0045566251512941,0.0,99.99999831816766,0.0,0.0035288243336593
711.5,145,2,53,0,-51,0.4358706,-0.083274126,0.0045532045384851,0.0,99.99999807083351,0.0,0.0038032337796966
712.0,147,2,54,0,-52,-0.3022424,-0.41915065,0.0045497890574631,0.0,99.99999805953848,0.0,0.0038162481709866
712.5,147,2,54,0,-52,-0.3022424,-0.41915065,0.0045463898333317,0.0,99.99999694626598,0.0,0.005257413025862
713.0,149,2,55,0,-53,-0.45672858,-0.30836186,0.0045430068047192,0.0,99.99999693787494,0.0,0.0052669822035396
713.5,147,2,54,0,-52,-0.3972631,-0.66512644,0.0045396066000401,0.0,99.99999700713713,0.0,0.005621875165815
714.0,146,2,54,0,-52,0.22038905,-0.6642262,0.0045362114813076,0.0,99.99999711602842,0.0,0.00553756034701
714.5,146,2,54,0,-52,0.22038905,-0.6642262,0.0045376837786352,0.0,99.99999789656874,0.0,0.0043372920255387
715.0,146,2,54,0,-52,0.22038905,-0.6642262,0.0045391427853253,0.0,99.99999736155088,0.0,0.0054403918825233
715.5,146,2,54,0,-52,0.22038905,-0.6642262,0.0045405995932481,0.0,99.99999718380424,0.0,0.0054218327232701
716.0,146,2,54,0,-52,0.22038905,-0.6642262,0.0045420652751312,0.0,99.9999971841405,0.0,0.0054218018905282
716.5,146,2,54,0,-52,0.22038905,-0.6642262,0.0045435176956135,0.0,99.99999739514531,0.0,0.0052390290106537
717.0,145,2,54,0,-52,-0.025175959,-0.47460586,0.0045400907531538,0.0,99.99999703569306,0.0,0.0057855621592454
717.5,145,2,54,0,-52,-0.025175959,-0.47460586,0.004536646917098,0.0,99.99999824970392,0.0,0.0040610548589676
718.0,146,2,55,0,-53,-0.7676422,-0.25993252,0.0045331862760579,0.0,99.99999825619842,0.0,0.0040532354429441
718.5,146,2,55,0,-53,-0.7676422,-0.25993252,0.0045297199147461,0.0,99.99999815906374,0.0,0.0040759092271501
719.0,146,2,55,0,-53,-0.7676422,-0.25993252,0.0045262808089089,0.0,99.99999843811034,0.0,0.0037769961662717
719.5,146,2,55,0,-53,-0.7676422,-0.25993252,0.004522824996243,0.0,99.99999803300774,0.0,0.0041613739738978
720.0,145,2,55,0,-53,-0.2964025,-0.70410407,0.0045193416196002,0.0,99.99999857033,0.0,0.0035358442635489
720.5,146,2,56,0,-54,0.7249683,-0.48654425,0.0045158636044626,0.0,99.9999985708476,0.0,0.0035346150482615
721.0,146,2,56,0,-54,0.7249683,-0.48654425,0.0045123909384612,0.0,99.99999797512017,0.0,0.0043498364844592
721.5,146,2,56,0,-54,0.7249683,-0.48654425,0.0045089127141189,0.0,99.99999832073676,0.0,0.0038323431704214
722.0,146,2,56,0,-54,0.7249683,-0.48654425,0.0045054507261598,0.0,99.9999985569558,0.0,0.0032675560649158
722.5,147,2,56,0,-54,-0.05105447,-0.24334839,0.0045020266357845,0.0,99.99999858056565,0.0,0.0031818691421499
723.0,147,2,56,0,-54,-0.05105447,-0.24334839,0.0044986185913971,0.0,99.99999858508686,0.0,0.0031768874774367
723.5,147,2,56,0,-54,-0.05105447,-0.24334839,0.0044975813756287,0.0,99.99999766025708,0.0,0.0046685216728674
724.0,147,2,56,0,-54,-0.05105447,-0.24334839,0.0044990070409821,0.0,99.9999979858337,0.0,0.0041658617465293
724.5,148,2,57,0,-55,-0.49509668,0.3966121,0.0045004522100563,0.0,99.99999820641226,0.0,0.0039563238453422
725.0,148,2,57,0,-55,-0.49509668,0.3966121,0.0045019385015491,0.0,99.9999979613382,0.0,0.0044765907749726
725.5,147,2,56,0,-54,-0.6249543,0.082592666,0.0045058352487936,0.0,99.99999796689248,0.0,0.0044727238738217
726.0,147,2,56,0,-54,-0.6249543,0.082592666,0.0045121263395375,0.0,99.99999807401936,0.0,0.0041862182860692
726.5,147,2,56,0,-54,-0.6249543,0.082592666,0.0045183973599512,0.0,99.9999981643317,0.0,0.004254287558483
727.0,147,2,56,0,-54,-0.6249543,0.082592666,0.0045222517794233,0.0,99.99999714837378,0.0,0.0045022255516188
727.5,146,2,55,0,-53,0.4081843,-0.14947677,0.0045237707509124,0.0,99.99999762722128,0.0,0.0044015652468906
728.0,145,2,54,0,-52,-0.41242957,-0.32449865,0.0045253200150285,0.0,99.99999712232608,0.0,0.005005584407618
728.5,146,2,53,0,-51,-0.24855812,0.250806,0.0045268562382374,0.0,99.99999711861288,0.0,0.0050117748599093
729.0,143,2,51,0,-49,0.1022771,1.2457764,0.0045284010801252,0.0,99.99999771220337,0.0,0.0041801785246442
729.5,143,2,51,0,-49,0.1022771,1.2457764,0.0045299437159866,0.0,99.9999969310346,0.0,0.0046285652534019
730.0,142,2,51,0,-49,-0.1419374,0.15113589,0.0045314625241606,0.0,99.9999981918094,0.0,0.003922250496872
730.5,142,2,52,0,-50,-0.7192106,-0.036450025,0.0045329683431416,0.0,99.99999818448563,0.0,0.0039334614115739
731.0,142,2,53,0,-51,0.713828,-0.5707017,0.0045344936045292,0.0,99.99999765386472,0.0,0.0044412453780798
731.5,143,2,54,0,-52,0.4355883,-0.112951055,0.0045312652540294,0.0,99.99999822681336,0.0,0.0040090018479789
732.0,145,2,55,0,-53,-0.05025308,0.004317727,0.0045280199489854,0.0,99.9999978660701,0.0,0.0044646116640729
732.5,145,2,55,0,-53,-0.05025308,0.004317727,0.0045247900478396,0.0,99.99999843056314,0.0,0.0037984143331971
733.0,145,2,55,0,-53,-0.05025308,0.004317727,0.00452154326473,0.0,99.99999764588608,0.0,0.0047314496386305
733.5,145,2,55,0,-53,-0.13737999,0.057228927,0.0045182796822246,0.0,99.9999971447403,0.0,0.0047511783505325
734.0,145,2,55,0,-53,-0.54369783,0.5158793,0.0045150100953063,0.0,99.99999811093912,0.0,0.0036831702263501
734.5,145,2,55,0,-53,-0.54369783,0.5158793,0.0045117452369436,0.0,99.99999786216677,0.0,0.0039099052098259
735.0,145,2,55,0,-53,-0.54369783,0.5158793,0.0045084744156514,0.0,99.99999731792848,0.0,0.0045955879539396
735.5,145,2,55,0,-53,-0.54369783,0.5158793,0.004505250996695,0.0,99.9999973798017,0.0,0.0046221160704877
736.0,143,2,54,0,-52,-0.35371083,-0.88447523,0.004502021533053,0.0,99.99999824997133,0.0,0.0039338516464318
736.5,143,2,54,0,-52,-0.35371083,-0.88447523,0.0044987860606189,0.0,99.99999750374889,0.0,0.0047880334515319
737.0,143,2,54,0,-52,-0.35371083,-0.88447523,0.0044955764755908,0.0,99.99999767256418,0.0,0.0046173984680971
737.5,147,1,56,0,-55,0.18069698,-0.30779892,0.0044924350981229,0.0,99.99999781614834,0.0,0.0056212431416762
738.0,147,1,56,0,-55,0.18069698,-0.30779892,0.0044892875172801,0.0,99.99999711190183,0.0,0.0050715964825138
738.5,147,1,56,0,-55,0.18069698,-0.30779892,0.0044861866470528,0.0,99.999997204055,0.0,0.0048675921201348
739.0,149,1,58,0,-57,0.63992745,-0.3689275,0.0044831323030531,0.0,99.99999790286414,0.0,0.0046279810289959
739.5,149,1,58,0,-57,0.63992745,-0.3689275,0.0044801032095242,0.0,99.99999825464567,0.0,0.0031442967036412
740.0,149,1,58,0,-57,0.63992745,-0.3689275,0.0044770360750768,0.0,99.99999817001252,0.0,0.0040879683520329
740.5,148,1,57,0,-56,0.016465463,-0.21927825,0.0044739310643159,0.0,99.9999974016554,0.0,0.0049130857263637
741.0,147,1,56,0,-55,-0.22610618,-0.6504921,0.0044707988469426,0.0,99.99999815112729,0.0,0.003972358641138
741.5,148,1,56,0,-55,-0.67056346,-0.2124703,0.0044676815010282,0.0,99.99999814197932,0.0,0.0040903673153171
742.0,150,1,57,0,-56,-0.15673563,-0.23207366,0.0044645684993372,0.0,99.99999775874488,0.0,0.0045616490947424
742.5,150,1,57,0,-56,-0.15673563,-0.23207366,0.0044614598327948,0.0,99.99999771373692,0.0,0.0044412025898482
743.0,150,1,57,0,-56,-0.15673563,-0.23207366,0.004458334602346,0.0,99.9999982105717,0.0,0.003670680296189
743.5,150,1,57,0,-56,-0.15673563,-0.23207366,0.0044552033169374,0.0,99.99999821324673,0.0,0.0036672340378081
744.0,150,1,57,0,-56,-0.15673563,-0.23207366,0.0044520868425977,0.0,99.99999817606276,0.0,0.0037999849693852
744.5,150,1,57,0,-56,-0.15673563,-0.23207366,0.0044490163302044,0.0,99.9999969395531,0.0,0.0057637596345566
745.0,152,1,58,0,-57,0.5872536,0.005016472,0.0044459708243385,0.0,99.99999802083462,0.0,0.0046326298408664
745.5,153,1,57,0,-56,0.100448355,-0.43673033,0.0044429294851291,0.0,99.9999972676095,0.0,0.0058274776984666
746.0,153,1,57,0,-56,0.100448355,-0.43673033,0.0044398923040311,0.0,99.9999974234456,0.0,0.005269531684214
746.5,152,1,56,0,-55,0.07281341,-0.44626027,0.0044368489279752,0.0,99.99999742440517,0.0,0.0052709010809238
747.0,152,1,56,0,-55,-0.16600913,-0.17498966,0.0044338200516774,0.0,99.9999974846898,0.0,0.0052665900409042
747.5,152,1,56,0,-55,-0.16600913,-0.17498966,0.0044308056243058,0.0,99.99999728784262,0.0,0.0057163601616009
748.0,152,1,56,0,-55,-0.16600913,-0.17498966,0.0044324487825308,0.0,99.99999709822193,0.0,0.0058604479692063
748.5,151,1,57,0,-56,0.50921685,-0.80761373,0.0044340793995507,0.0,99.99999863862638,0.0,0.0038533977993419
749.0,151,1,57,0,-56,-0.48839927,-0.34248504,0.0044357077962966,0.0,99.9999984106676,0.0,0.0049568435583323
749.5,149,1,58,0,-57,0.018031701,-0.46553218,0.0044373957989866,0.0,99.99999754491206,0.0,0.0045791338917121
750.0,149,1,58,0,-57,0.018031701,-0.46553218,0.0044390506511226,0.0,99.99999842947294,0.0,0.0042472464188406
750.5,149,1,58,0,-57,0.018031701,-0.46553218,0.0044406723850468,0.0,99.99999829736086,0.0,0.0048650702094659
751.0,149,1,58,0,-57,0.018031701,-0.46553218,0.0044422610343956,0.0,99.9999982801631,0.0,0.0048313915794351
751.5,152,1,59,0,-58,-0.41365665,-0.025285874,0.0044438372152262,0.0,99.99999849554212,0.0,0.0051804155231298
752.0,151,1,57,0,-56,-0.16387516,-0.3556152,0.0044453906551918,0.0,99.99999904095898,0.0,0.0026358133993905
752.5,148,2,56,0,-54,-0.6144927,7.138774e-05,0.0044469008130682,0.0,99.99999818163155,0.0,0.0036138377493201
753.0,148,2,56,0,-54,-0.6144927,7.138774e-05,0.0044484088561465,0.0,99.99999864288198,0.0,0.003211891565327
753.5,147,2,55,0,-53,-1.0586243,0.11019206,0.0044499045129467,0.0,99.99999864375822,0.0,0.0032102348998164
754.0,147,2,55,0,-53,-1.0586243,0.11019206,0.0044513980712915,0.0,99.99999864562452,0.0,0.0032073302761962
754.5,147,2,55,0,-53,-1.0586243,0.11019206,0.0044528998039893,0.0,99.99999829009386,0.0,0.0036680577792342
755.0,147,2,55,0,-53,-1.0586243,0.11019206,0.004454409704299,0.0,99.99999828982024,0.0,0.0036686640872126
755.5,147,2,55,0,-53,-1.0586243,0.11019206,0.0044559072434399,0.0,99.9999978507762,0.0,0.0041872068267168
756.0,147,2,55,0,-53,-1.0586243,0.11019206,0.0044550912534316,0.0,99.99999861978743,0.0,0.0036580004561927
756.5,147,2,55,0,-53,-1.0586243,0.11019206,0.0044565657308951,0.0,99.99999806839438,0.0,0.0042302678904656
757.0,146,2,55,0,-53,-0.26851773,0.03641208,0.0044580176528307,0.0,99.99999764235488,0.0,0.0048122538505265
757.5,145,2,55,0,-53,0.42913544,-0.6105182,0.0044594572872629,0.0,99.99999764229882,0.0,0.0048117237012467
758.0,146,2,55,0,-53,0.42913544,-0.6105182,0.0044608948867221,0.0,99.99999763981712,0.0,0.0048135103072037
758.5,146,2,55,0,-53,0.42913544,-0.6105182,0.0044623099906672,0.0,99.99999761713968,0.0,0.0052910460844431
759.0,144,2,54,0,-52,-0.3951571,-0.013597075,0.0044637333125575,0.0,99.99999827890524,0.0,0.0039587073558881
759.5,144,2,54,0,-52,-0.3951571,-0.013597075,0.0044628545782613,0.0,99.99999901445176,0.0,0.0025766189519932
760.0,144,2,54,0,-52,-0.3951571,-0.013597075,0.004459699101882,0.0,99.99999819972194,0.0,0.0038306235553697
760.5,146,2,55,0,-53,-0.14279468,-0.66314554,0.0044565175139537,0.0,99.99999783067504,0.0,0.0047880460670491
761.0,148,2,56,0,-54,-0.36074322,-0.10168153,0.0044533506379556,0.0,99.99999844970168,0.0,0.0040686422937844
761.5,148,2,56,0,-54,-0.7457475,0.2520945,0.0044502187434354,0.0,99.99999762001612,0.0,0.0041590753363842
762.0,148,2,56,0,-54,-0.7457475,0.2520945,0.0044493526762285,0.0,99.99999886108952,0.0,0.002892842175124
762.5,148,2,56,0,-54,-0.7457475,0.2520945,0.0044507273473482,0.0,99.99999808765338,0.0,0.0041800106363313
763.0,148,2,56,0,-54,-0.7457475,0.2520945,0.0044521304834229,0.0,99.99999846374769,0.0,0.0051236489065799
763.5,148,2,54,0,-52,-0.7313784,-0.056418378,0.0044535417724458,0.0,99.9999985058701,0.0,0.0050537080365799
764.0,152,1,56,0,-55,-0.29363042,-0.34093684,0.0044549510706216,0.0,99.99999824388362,0.0,0.0032681512317604
764.5,152,1,56,0,-55,-1.0104511,-0.16129988,0.0044518110776884,0.0,99.99999816607446,0.0,0.0033683161976353
765.0,151,1,56,0,-55,-1.0104511,-0.16129988,0.0044486755079737,0.0,99.99999814862238,0.0,0.0033916980680685
765.5,151,1,56,0,-55,-1.0104511,-0.16129988,0.0044455645390167,0.0,99.9999981673746,0.0,0.0032364581505596
766.0,153,1,56,0,-55,0.033001676,0.13598329,0.0044424780768925,0.0,99.9999984463208,0.0,0.003471772983688
766.5,153,1,56,0,-55,0.033001676,0.13598329,0.0044393958975265,0.0,99.9999984486766,0.0,0.003468850136943
767.0,153,1,56,0,-55,0.033001676,0.13598329,0.004436317992011,0.0,99.99999845213394,0.0,0.0034646712447898
767.5,152,1,55,0,-54,-0.6450086,-0.21629375,0.0044332443514625,0.0,99.99999780592374,0.0,0.0037388079793733
768.0,150,1,54,0,-53,0.2990089,-0.5023166,0.0044302150622786,0.0,99.99999779019278,0.0,0.0042518747396705
768.5,148,1,55,0,-54,-0.18962213,0.30404782,0.0044272099306976,0.0,99.999997797931,0.0,0.0042459369599524
769.0,147,1,54,0,-53,-0.27077365,0.11648491,0.0044242088732728,0.0,99.99999800535085,0.0,0.0043468701587141
769.5,148,1,55,0,-54,-0.019157179,-0.041878495,0.0044211919154057,0.0,99.9999978581509,0.0,0.0045999631769833
770.0,148,1,55,0,-54,-0.019157179,-0.041878495,0.0044181790693843,0.0,99.99999845884666,0.0,0.0041361132488541
770.5,150,1,56,0,-55,-0.55640334,0.07577905,0.0044152201070657,0.0,99.99999784245225,0.0,0.0039832225515297
771.0,151,1,57,0,-56,0.38901883,-0.03262346,0.0044122651054729,0.0,99.9999982402114,0.0,0.003641571942959
771.5,151,1,57,0,-56,0.38901883,-0.03262346,0.0044092842682232,0.0,99.99999817163535,0.0,0.0038932129216897
772.0,150,1,55,0,-54,-0.44733083,0.3480109,0.0044063173718724,0.0,99.99999818386648,0.0,0.0038279853810431
772.5,152,1,56,0,-55,-0.48921418,0.33131748,0.0044078324483935,0.0,99.9999985897997,0.0,0.0031797237827691
773.0,152,1,56,0,-55,-0.48921418,0.33131748,0.0044137906236164,0.0,99.99999859531968,0.0,0.0031727494763897
773.5,151,1,56,0,-55,-0.5641973,0.54936343,0.0044197207580899,0.0,99.99999875356217,0.0,0.0029157074917038
774.0,150,1,55,0,-54,-0.6266133,0.2966934,0.0044278471865328,0.0,99.99999860015912,0.0,0.0030850533001016
774.5,150,1,55,0,-54,-0.04205022,-0.22502905,0.0044382048930143,0.0,99.99999861038216,0.0,0.0030744507673376
775.0,151,1,56,0,-55,-0.24867596,0.79845256,0.0044485780238004,0.0,99.99999850654213,0.0,0.0029234133673255
775.5,151,1,56,0,-55,-0.24867596,0.79845256,0.0044589467837802,0.0,99.99999854185045,0.0,0.0028813537041896
776.0,150,1,57,0,-56,0.42773175,0.025413867,0.0044692912469479,0.0,99.9999977100662,0.0,0.0052470910760722
776.5,151,1,58,0,-57,-0.29631954,0.44825137,0.0044796113942706,0.0,99.99999877716576,0.0,0.0030868329393779
777.0,151,1,58,0,-57,-0.29631954,0.44825137,0.0044810877980314,0.0,99.99999890655344,0.0,0.0028371144244151
777.5,151,1,58,0,-57,-0.29631954,0.44825137,0.0044781453107899,0.0,99.9999989067358,0.0,0.0028375445558492
778.0,148,1,56,0,-55,0.34876812,-0.035175,0.0044774387086406,0.0,99.99999890713627,0.0,0.0028377110872443
778.5,146,1,55,0,-54,0.24378283,-1.0872734,0.0044789536022341,0.0,99.9999984720036,0.0,0.0034918518154722
779.0,146,1,55,0,-54,0.24378283,-1.0872734,0.0044804165672876,0.0,99.9999989806547,0.0,0.0027761708913954
779.5,145,1,55,0,-54,0.34338248,-0.40206587,0.0044818675933351,0.0,99.99999824332689,0.0,0.0037600119485515
780.0,146,1,56,0,-55,0.5060277,-0.36668465,0.004483316674866,0.0,99.9999980701374,0.0,0.0039919923720911
780.5,146,1,56,0,-55,0.5060277,-0.36668465,0.004484773792548,0.0,99.99999806895023,0.0,0.0039935126352436
781.0,146,1,56,0,-55,0.5060277,-0.36668465,0.0044862289666333,0.0,99.99999806808673,0.0,0.0039946922632063
781.5,146,1,56,0,-55,0.5060277,-0.36668465,0.0044898938510003,0.0,99.99999847223027,0.0,0.0034453746361779
782.0,146,1,56,0,-55,0.5060277,-0.36668465,0.0044957639912615,0.0,99.99999846970792,0.0,0.0034489367302091
782.5,146,1,56,0,-55,0.5060277,-0.36668465,0.0045016462402712,0.0,99.99999715261984,0.0,0.0049229989004379
783.0,146,1,56,0,-55,0.5060277,-0.36668465,0.004507580628711,0.0,99.99999779561092,0.0,0.0046087134815804
783.5,147,1,56,0,-55,0.82614714,-0.42570153,0.0045134572816889,0.0,99.9999971963684,0.0,0.0055506491137618
784.0,146,1,55,0,-54,0.203458,0.63464254,0.0045149376013037,0.0,99.99999808687664,0.0,0.0041246785267318
784.5,146,1,55,0,-54,0.203458,0.63464254,0.0045164259823945,0.0,99.9999980865247,0.0,0.0041271645835844
785.0,146,1,55,0,-54,0.203458,0.63464254,0.0045135095688172,0.0,99.99999763673767,0.0,0.0040739252227524
785.5,149,1,57,0,-56,0.14401586,-0.66170466,0.0045106168561376,0.0,99.99999813658172,0.0,0.0046671101027009
786.0,150,1,58,0,-57,-0.11232766,-0.5953439,0.0045076382493313,0.0,99.99999791691148,0.0,0.0046013717869964
786.5,150,1,58,0,-57,-0.11232766,-0.5953439,0.0045046536316424,0.0,99.99999705082384,0.0,0.0057352656767382
787.0,149,1,58,0,-57,-0.018821567,0.2799576,0.0045016729637153,0.0,99.9999976966992,0.0,0.0040000695360355
787.5,149,1,58,0,-57,-0.018821567,0.2799576,0.0044987061535952,0.0,99.99999673631967,0.0,0.0060578312706776
788.0,147,1,57,0,-56,-0.41686535,0.015088987,0.004495743251429,0.0,99.99999843500036,0.0,0.0035667794408014
788.5,147,1,57,0,-56,-0.41686535,0.015088987,0.0044928139191381,0.0,99.99999654350816,0.0,0.0066441597535619
789.0,148,1,57,0,-56,0.070848554,0.15404269,0.0044898686476938,0.0,99.9999981318062,0.0,0.0040622493736517
789.5,149,1,57,0,-56,0.029788777,0.050358597,0.0044869370993413,0.0,99.99999793993538,0.0,0.0043128343164298
790.0,149,1,57,0,-56,0.029788777,0.050358597,0.0044839798231892,0.0,99.9999981927696,0.0,0.0039873045278484
790.5,149,1,57,0,-56,0.029788777,0.050358597,0.0044810264426665,0.0,99.99999819586252,0.0,0.0040506472704981
791.0,149,1,57,0,-56,-0.10232015,0.4342881,0.004478116251108,0.0,99.99999733315396,0.0,0.0069012840468358
791.5,149,1,57,0,-56,-0.10232015,0.4342881,0.0044751705871002,0.0,99.99999820298316,0.0,0.0055739933114268
792.0,149,1,57,0,-56,-0.10232015,0.4342881,0.0044721895980507,0.0,99.99999814724713,0.0,0.0045177793713501
792.5,149,1,57,0,-56,-0.10232015,0.4342881,0.0044692027914452,0.0,99.99999731041898,0.0,0.0055472594029978
793.0,148,1,56,0,-55,0.21029432,-1.0891751,0.0044661711062143,0.0,99.9999973343488,0.0,0.0060474424646374
793.5,148,1,56,0,-55,0.21029432,-1.0891751,0.0044631728107273,0.0,99.99999844964547,0.0,0.0045328366814663
794.0,148,1,56,0,-55,0.21029432,-1.0891751,0.0044601785382589,0.0,99.99999819790877,0.0,0.0043247504418277
794.5,148,1,56,0,-55,0.21029432,-1.0891751,0.0044571882807176,0.0,99.99999806882104,0.0,0.0045210106236454
795.0,147,1,55,0,-54,0.93186563,-0.89951265,0.0044542603549004,0.0,99.9999978321091,0.0,0.0048868253998926
795.5,148,1,55,0,-54,0.35749835,0.08292025,0.0044513362732653,0.0,99.9999982687675,0.0,0.0043223512260309
796.0,147,1,54,0,-53,0.42951208,-0.6775896,0.004448386942099,0.0,99.999998247324,0.0,0.004481760162081
796.5,148,1,54,0,-53,0.81734806,-0.27413732,0.0044540567854124,0.0,99.99999840481382,0.0,0.0045234476746285
797.0,148,1,54,0,-53,0.81734806,-0.27413732,0.0044640719475194,0.0,99.99999798183528,0.0,0.0048133607513318
797.5,146,1,52,0,-51,0.053811118,-0.89117855,0.0044784235253175,0.0,99.99999798927048,0.0,0.0048035840879362
798.0,145,1,51,0,-50,0.16381396,-0.45776874,0.0044841392321971,0.0,99.99999780447814,0.0,0.0047770744122891
798.5,147,1,52,0,-51,-0.27299199,-0.1565445,0.004489847340846,0.0,99.99999852420775,0.0,0.0035510598960411
799.0,148,1,53,0,-52,-0.047868013,-0.6718121,0.0044955673835841,0.0,99.999998198915,0.0,0.0044808691485812
799.5,146,1,52,0,-51,0.28182554,0.29260147,0.0045012896465999,0.0,99.9999977637022,0.0,0.0053889754115683
800.0,145,1,51,0,-50,-0.39332837,-0.11344653,0.0045026784107734,0.0,99.99999777201572,0.0,0.0053784709289844
800.5,144,1,50,0,-49,-0.062431622,-0.14784113,0.0045040848735108,0.0,99.99999731808772,0.0,0.0058181971530841
801.0,144,1,50,0,-49,-0.062431622,-0.14784113,0.0045054895092025,0.0,99.99999850396824,0.0,0.0036973976723928
801.5,144,1,50,0,-49,-0.062431622,-0.14784113,0.0045068240629354,0.0,99.99999785557422,0.0,0.003872978783394
802.0,143,1,50,0,-49,-0.45871365,-0.66063905,0.0045081665924314,0.0,99.99999796994172,0.0,0.0036128614833947
802.5,144,1,51,0,-50,0.1321725,-0.8604588,0.0045095073465859,0.0,99.9999981125414,0.0,0.003750446907878
803.0,143,1,51,0,-50,-0.26484066,-0.27016923,0.0045130154068731,0.0,99.99999805449876,0.0,0.0032900003354768
803.5,143,1,51,0,-50,-0.26484066,-0.27016923,0.0045186962676518,0.0,99.99999797922555,0.0,0.0033889105199948
804.0,143,1,51,0,-50,-0.26484066,-0.27016923,0.0045242916507626,0.0,99.99999817956116,0.0,0.0039142470800814
804.5,146,1,54,0,-53,-0.6041352,-0.16661108,0.0045298502477194,0.0,99.99999819705285,0.0,0.0042393280810501
805.0,148,1,55,0,-54,-0.55998474,0.0641239,0.0045310942032574,0.0,99.99999890958138,0.0,0.002653280888004
805.5,148,1,55,0,-54,-0.55998474,0.0641239,0.0045301843709715,0.0,99.9999988996424,0.0,0.0027138515056185
806.0,147,1,54,0,-53,-0.28599578,0.434822,0.0045271251142534,0.0,99.9999988810443,0.0,0.0027334173670363
806.5,145,1,53,0,-52,0.12153727,0.60266614,0.0045240699866104,0.0,99.99999886598044,0.0,0.0027496557410168
807.0,146,1,54,0,-53,-0.2774217,-0.14063293,0.0045210286897393,0.0,99.99999852051664,0.0,0.0032726730543908
807.5,147,1,54,0,-53,-0.42981637,-0.26441237,0.0045180108732746,0.0,99.9999986177587,0.0,0.0030706194497423
808.0,149,1,55,0,-54,-0.5684126,0.03328381,0.0045192674797201,0.0,99.99999905820428,0.0,0.0027707256525387
808.5,150,1,56,0,-55,0.45887274,-0.5086007,0.0045183886414397,0.0,99.99999800867543,0.0,0.0037270394724525
809.0,150,1,56,0,-55,0.45887274,-0.5086007,0.0045153206027567,0.0,99.99999784169708,0.0,0.0043143173328055
809.5,150,1,56,0,-55,0.45887274,-0.5086007,0.004512227751913,0.0,99.99999789545308,0.0,0.0043289960583744
810.0,150,1,56,0,-55,0.45887274,-0.5086007,0.0045091391351779,0.0,99.9999978860796,0.0,0.0043408611449478
810.5,150,1,56,0,-55,0.45887274,-0.5086007,0.0045060162156731,0.0,99.99999817622012,0.0,0.0041557914647128
811.0,150,1,56,0,-55,0.45887274,-0.5086007,0.004507160190027,0.0,99.99999888845144,0.0,0.0033356705229528
811.5,151,1,57,0,-56,-0.44802064,-0.5845957,0.0045082737068597,0.0,99.99999831457642,0.0,0.004199599775289
812.0,151,1,57,0,-56,-0.44802064,-0.5845957,0.0045136422490566,0.0,99.99999910040364,0.0,0.0026306385810835
812.5,152,1,57,0,-56,-0.5301082,-0.37260565,0.0045190321597349,0.0,99.99999797621872,0.0,0.0042520307300958
813.0,152,1,57,0,-56,-0.5301082,-0.37260565,0.0045222940790538,0.0,99.99999900981086,0.0,0.0030428628294215
813.5,153,1,58,0,-57,-0.40062147,0.84685886,0.0045234131866541,0.0,99.99999887241287,0.0,0.0031385932463604
814.0,153,1,58,0,-57,-0.40062147,0.84685886,0.0045245596159123,0.0,99.999997870871,0.0,0.0048809287240832
814.5,153,1,58,0,-57,-0.40062147,0.84685886,0.0045257237119012,0.0,99.99999877966404,0.0,0.0034576578820173
815.0,153,1,58,0,-57,-0.40062147,0.84685886,0.0045268766038441,0.0,99.99999882743002,0.0,0.0033607541565595
815.5,153,1,58,0,-57,-0.40062147,0.84685886,0.0045280183073745,0.0,99.99999880807142,0.0,0.003443246849264
816.0,153,1,58,0,-57,-0.40062147,0.84685886,0.0045291488382255,0.0,99.99999870564385,0.0,0.0036148194089139
816.5,151,1,57,0,-56,0.3841365,0.057543468,0.0045302778160541,0.0,99.99999889172705,0.0,0.0034278119678419
817.0,151,1,57,0,-56,0.3841365,0.057543468,0.0045314340431661,0.0,99.9999978705538,0.0,0.0057167588899764
817.5,153,1,58,0,-57,-0.40062147,0.84685886,0.0045326270818646,0.0,99.99999871828652,0.0,0.0045968848110831
818.0,153,1,58,0,-57,-0.40062147,0.84685886,0.0045338185203207,0.0,99.99999870613726,0.0,0.0046216406954177
818.5,153,1,58,0,-57,-0.40062147,0.84685886,0.0045350179497913,0.0,99.99999787635888,0.0,0.00598786403498
819.0,151,1,56,0,-55,0.3201766,-0.4191866,0.0045362157776641,0.0,99.99999868811636,0.0,0.0046623655741814
819.5,151,1,56,0,-55,0.3201766,-0.4191866,0.0045374120071449,0.0,99.99999867412978,0.0,0.0046932688116026
820.0,151,1,57,0,-56,-0.1443481,0.48480204,0.0045386162179042,0.0,99.99999851876356,0.0,0.0043179517786133
820.5,150,1,56,0,-55,-1.5236511,0.49622506,0.0045355920623976,0.0,99.99999834304084,0.0,0.0051644901856863
821.0,150,1,56,0,-55,0.35530323,0.3122023,0.0045325814853212,0.0,99.99999892196516,0.0,0.0032208416325923
821.5,150,1,56,0,-55,0.35530323,0.3122023,0.0045295939790724,0.0,99.9999985554637,0.0,0.0038465374152722
822.0,148,1,55,0,-54,-0.27203506,0.39593142,0.0045265913567568,0.0,99.999998167494,0.0,0.0036437088090592
822.5,149,1,55,0,-54,-0.27203506,0.39593142,0.0045235831994414,0.0,99.99999816819188,0.0,0.0036435881452995
823.0,148,1,54,0,-53,-0.087777495,0.16474454,0.0045205790376273,0.0,99.99999833873832,0.0,0.003352301679328
823.5,148,1,54,0,-53,-0.087777495,0.16474454,0.0045175788633595,0.0,99.9999983416975,0.0,0.0033495463439744
824.0,148,1,55,0,-54,0.5286738,-0.21341339,0.0045145731933836,0.0,99.9999985317338,0.0,0.0032590399437704
824.5,148,1,55,0,-54,0.5286738,-0.21341339,0.0045115620575743,0.0,99.99999853445952,0.0,0.0032561946926897
825.0,148,1,55,0,-54,0.5286738,-0.21341339,0.0045085549358301,0.0,99.99999853813048,0.0,0.0032519860505166
825.5,146,1,54,0,-53,0.37435472,0.66658276,0.0045055518201298,0.0,99.99999862266736,0.0,0.0033152976141937
826.0,145,1,54,0,-53,-0.11865935,0.07061297,0.0045025715523719,0.0,99.99999809883532,0.0,0.0036717265633582
826.5,146,1,54,0,-53,0.07379158,0.14038397,0.0044996140498409,0.0,99.99999809798658,0.0,0.0036723956133386
827.0,148,1,55,0,-54,-0.001821667,1.17578,0.0044966604300153,0.0,99.9999980964576,0.0,0.0036737404114347
827.5,148,1,55,0,-54,-0.001821667,1.17578,0.0044936919094743,0.0,99.99999829901172,0.0,0.0034964797978423
828.0,148,1,55,0,-54,-0.001821667,1.17578,0.0044907366812391,0.0,99.99999805541542,0.0,0.0039279365972645
828.5,150,1,56,0,-55,-0.107359156,0.75882673,0.004487794700605,0.0,99.99999804616616,0.0,0.003936624995211
829.0,150,1,56,0,-55,-0.107359156,0.75882673,0.0044848565721601,0.0,99.99999803923892,0.0,0.0039431526753191
829.5,149,1,55,0,-54,-0.25453097,0.9976839,0.0044819036109432,0.0,99.99999773710738,0.0,0.0044813905689778
830.0,149,1,55,0,-54,-0.25453097,0.9976839,0.0044789825151017,0.0,99.99999808529438,0.0,0.0041846552044068
830.5,149,1,54,0,-53,1.0060433,-0.6065108,0.0044760838532194,0.0,99.999998396897,0.0,0.0036506106931044
831.0,148,1,54,0,-53,0.9101811,-0.5791491,0.0044732075456003,0.0,99.99999889037164,0.0,0.0043877384507507
831.5,147,1,53,0,-52,0.24924888,-0.09723374,0.0044703442227399,0.0,99.99999799827656,0.0,0.0055570050275609
832.0,147,1,53,0,-52,0.24924888,-0.09723374,0.0044674938418785,0.0,99.99999890761543,0.0,0.0043330605038651
832.5,147,1,53,0,-52,0.24924888,-0.09723374,0.0044646100263808,0.0,99.99999893647932,0.0,0.003187978754868
833.0,147,1,53,0,-52,0.24924888,-0.09723374,0.0044617762059345,0.0,99.9999987786626,0.0,0.0038826058503785
833.5,143,1,50,0,-49,-0.37883633,-0.50086975,0.004458927494232,0.0,99.99999899247484,0.0,0.0029292988564739
834.0,144,1,51,0,-50,-0.01618652,0.9146173,0.0044560639551866,0.0,99.9999989937604,0.0,0.0029294298519913
834.5,144,1,51,0,-50,-0.42557955,-0.5072623,0.0044532040917306,0.0,99.99999899509704,0.0,0.0029294331761775
835.0,144,1,51,0,-50,-0.42557955,-0.5072623,0.0044503847275872,0.0,99.9999989749728,0.0,0.0030726781346975
835.5,144,1,51,0,-50,-0.42557955,-0.5072623,0.0044475689311154,0.0,99.99999897622268,0.0,0.0030720892432919
836.0,145,1,52,0,-51,-0.12629846,0.39888862,0.0044447566955475,0.0,99.9999986592411,0.0,0.0036956710799644
836.5,147,1,53,0,-52,-0.49692315,0.74157363,0.0044419388412548,0.0,99.99999802267016,0.0,0.0054167120205774
837.0,147,1,53,0,-52,-0.49692315,0.74157363,0.0044390970740344,0.0,99.9999983056704,0.0,0.0051209737461783
837.5,147,1,53,0,-52,-0.49692315,0.74157363,0.0044362314925,0.0,99.99999840021266,0.0,0.0047851075500787
838.0,147,1,53,0,-52,-0.49692315,0.74157363,0.0044354032568885,0.0,99.99999869924176,0.0,0.0037348531400804
838.5,147,1,53,0,-52,-0.49692315,0.74157363,0.0044366358189341,0.0,99.99999849650185,0.0,0.004446147544968
839.0,147,1,53,0,-52,-0.49692315,0.74157363,0.0044358083977777,0.0,99.99999850393093,0.0,0.0034279724317202
839.5,147,1,53,0,-52,-0.49692315,0.74157363,0.0044329250105423,0.0,99.9999985027498,0.0,0.0034330158724199
840.0,145,1,51,0,-50,-0.4006015,0.59795797,0.0044300453694205,0.0,99.9999985013848,0.0,0.003437609871674
840.5,145,1,51,0,-50,-0.4006015,0.59795797,0.0044271694671167,0.0,99.9999984997779,0.0,0.0034418417658197
841.0,144,1,51,0,-50,0.009671479,0.21633624,0.0044243154629312,0.0,99.9999977181496,0.0,0.0048899857864962
841.5,144,1,51,0,-50,0.009671479,0.21633624,0.0044214379213702,0.0,99.99999767238292,0.0,0.0044390524533143
842.0,144,1,51,0,-50,0.009671479,0.21633624,0.004418546001062,0.0,99.99999918769804,0.0,0.0023779370804047
842.5,144,1,51,0,-50,0.011642218,0.26728016,0.004415648813512,0.0,99.99999918671487,0.0,0.0023793921731547
843.0,143,1,51,0,-50,-0.2528426,-0.49963987,0.0044127644587145,0.0,99.99999766959682,0.0,0.0043160810164359
843.5,145,1,52,0,-51,0.25761938,-1.0619411,0.0044098838696475,0.0,99.99999853524872,0.0,0.0032011749882114
844.0,145,1,51,0,-50,0.15823801,-1.2179918,0.0044070521013765,0.0,99.99999814293687,0.0,0.0041084376280339
844.5,147,1,51,0,-50,0.12523757,-0.40000352,0.0044042509707745,0.0,99.99999821083271,0.0,0.0040368392136991
845.0,147,1,51,0,-50,0.36207145,-0.46892154,0.0044014354194026,0.0,99.99999744732096,0.0,0.0047443678973456
845.5,149,1,52,0,-51,-0.83736753,0.10967365,0.0043986324437413,0.0,99.99999745461562,0.0,0.0047384107243138
846.0,149,1,52,0,-51,-0.83736753,0.10967365,0.0043958240691256,0.0,99.99999787278637,0.0,0.0034900675755817
846.5,149,1,52,0,-51,-0.83736753,0.10967365,0.0043930192783217,0.0,99.99999843059824,0.0,0.0034028937534446
847.0,149,1,52,0,-51,-0.83736753,0.10967365,0.0043902091206339,0.0,99.99999843110882,0.0,0.0034021042728461
847.5,149,1,52,0,-51,-0.83736753,0.10967365,0.0043873936235188,0.0,99.99999806795262,0.0,0.0035908785646658
848.0,151,1,54,0,-53,-0.38737738,-0.13640651,0.0043845728144277,0.0,99.99999806145443,0.0,0.0035973659116328
848.5,149,1,53,0,-52,-0.27399418,0.52369815,0.0043816932652052,0.0,99.9999978393972,0.0,0.0035989967841736
849.0,150,1,54,0,-53,-0.41412055,0.21680613,0.0043787997009005,0.0,99.9999979820288,0.0,0.0036018892917205
849.5,149,1,53,0,-52,0.49506837,0.21993765,0.0043759188414272,0.0,99.9999989313985,0.0,0.0028902262532336
850.0,150,1,54,0,-53,0.5171446,-0.1635102,0.0043730506441879,0.0,99.99999811619944,0.0,0.0036788563277826
850.5,150,1,54,0,-53,0.5171446,-0.1635102,0.0043702659676945,0.0,99.99999877732016,0.0,0.0030152735120404
851.0,149,1,53,0,-52,0.7354849,0.043839376,0.0043674582811467,0.0,99.99999862038072,0.0,0.0031710745414138
851.5,150,1,54,0,-53,-0.52011454,0.049370054,0.004364601160518,0.0,99.99999858255522,0.0,0.0031481479135288
852.0,150,1,54,0,-53,-0.52011454,0.049370054,0.0043617124629608,0.0,99.99999862670404,0.0,0.0030905531820739
852.5,150,1,54,0,-53,-0.4008386,-0.06634949,0.0043588275866253,0.0,99.99999888492049,0.0,0.0029359549143067
853.0,149,1,54,0,-53,-0.46991313,0.8662332,0.0043559905482079,0.0,99.99999874086232,0.0,0.0029625641781634
853.5,149,1,54,0,-53,-0.46991313,0.8662332,0.0043532011683951,0.0,99.9999980217283,0.0,0.0039000821670841
854.0,148,1,53,0,-52,-0.74722284,1.0354228,0.0043504065762804,0.0,99.9999981206514,0.0,0.0038118656141961
854.5,149,1,54,0,-53,-0.8075912,0.03833929,0.0043476243410474,0.0,99.99999716874667,0.0,0.0049711184547392
855.0,148,1,53,0,-52,0.23356254,0.34501427,0.0043448456622109,0.0,99.99999792190611,0.0,0.0045246414471235
855.5,148,1,53,0,-52,-0.83879524,0.43036258,0.0043420705329564,0.0,99.99999720079106,0.0,0.0051060006422691
856.0,147,1,53,0,-52,-0.7309156,0.4137702,0.0043393076840984,0.0,99.99999747885006,0.0,0.0046512071702139
856.5,147,1,53,0,-52,-0.7309156,0.4137702,0.0043365483489925,0.0,99.99999747736172,0.0,0.0046526688141575
857.0,146,1,52,0,-51,-0.7689842,0.4795732,0.0043337925209399,0.0,99.9999974769599,0.0,0.0046528862867159
857.5,147,1,53,0,-52,-0.8924294,0.66805935,0.0043310576020612,0.0,99.99999780864326,0.0,0.0046328617817309
858.0,147,1,53,0,-52,-0.8924294,0.66805935,0.0043283087459955,0.0,99.99999781524174,0.0,0.0047614651350132
858.5,147,1,53,0,-52,-0.8924294,0.66805935,0.0043256067892957,0.0,99.99999774881442,0.0,0.0047425539744903
859.0,147,1,53,0,-52,-0.8924294,0.66805935,0.0043229949227377,0.0,99.99999799928126,0.0,0.0037179111703756
859.5,146,1,52,0,-51,-1.2655274,-0.5025196,0.0043203688853247,0.0,99.99999779531784,0.0,0.0038848601498505
860.0,145,1,51,0,-50,-0.72719336,0.033942413,0.0043177114326186,0.0,99.99999769647494,0.0,0.0045896498626904
860.5,145,1,51,0,-50,-0.66250366,-0.60672534,0.0043150313265267,0.0,99.9999980204082,0.0,0.0045625082573486
861.0,145,1,51,0,-50,-0.66250366,-0.60672534,0.0043123459161784,0.0,99.99999746935588,0.0,0.0051361027030715
861.5,144,1,50,0,-49,0.389306,0.18073809,0.0043096552275817,0.0,99.99999745737549,0.0,0.0051514419040478
862.0,146,1,51,0,-50,-0.7553316,-0.02284361,0.0043069592867435,0.0,99.9999980436003,0.0,0.0043073581836658
862.5,152,1,54,0,-53,-0.45612139,0.14445873,0.0043042581196683,0.0,99.99999887866612,0.0,0.003029059734083
863.0,152,1,54,0,-53,0.39787686,0.7193861,0.0043015603386156,0.0,99.99999887402488,0.0,0.0030359833367201
863.5,153,1,55,0,-54,-0.007826716,-0.45786694,0.0042988659372225,0.0,99.99999887062968,0.0,0.0030414704077743
864.0,153,1,55,0,-54,0.21235181,-0.5725939,0.004296157779634,0.0,99.99999769417146,0.0,0.0057466747675309
864.5,153,1,55,0,-54,0.21235181,-0.5725939,0.0042934530320146,0.0,99.99999826887908,0.0,0.0048937811307722
865.0,149,1,51,0,-50,0.11581893,-0.050107945,0.0042907602311236,0.0,99.99999813591288,0.0,0.0045971328762495
865.5,150,1,52,0,-51,-0.07577406,-0.15779664,0.0042880964035705,0.0,99.9999973556834,0.0,0.0056405945692263
866.0,151,1,53,0,-52,-0.24578504,0.7986793,0.004285435881527,0.0,99.99999736347898,0.0,0.0056374194310726
866.5,150,1,54,0,-53,-0.17255242,0.2793436,0.0042848000890348,0.0,99.9999975717957,0.0,0.0045973926285948
867.0,149,1,53,0,-52,0.35494936,0.45775267,0.0042861512427455,0.0,99.99999757287354,0.0,0.0045959399053267
867.5,155,1,57,0,-56,0.2633252,0.6993736,0.0042875092548666,0.0,99.99999735780769,0.0,0.0052068794261896
868.0,155,1,57,0,-56,0.2633252,0.6993736,0.0042869328889682,0.0,99.99999831059095,0.0,0.004899174092567
868.5,154,1,56,0,-55,0.3211556,0.69199985,0.0042843491397597,0.0,99.99999744615327,0.0,0.0054680767082791
869.0,153,1,55,0,-54,-0.31759226,0.062557995,0.0042817685031444,0.0,99.99999744857948,0.0,0.0054674316188748
869.5,147,1,51,0,-50,-0.5529511,0.031180512,0.004279190973501,0.0,99.99999759941969,0.0,0.0046734895905238
870.0,147,1,51,0,-50,-0.5529511,0.031180512,0.0042765996184505,0.0,99.9999974889411,0.0,0.0057307346023278
870.5,148,1,52,0,-51,0.009043433,-0.29541206,0.004274036759485,0.0,99.99999751166357,0.0,0.0056662726264871
871.0,147,1,51,0,-50,-0.10495381,-0.19284922,0.0042714685273217,0.0,99.9999983936807,0.0,0.0048704624865613
871.5,148,1,52,0,-51,0.25093925,0.5895316,0.0042689033797625,0.0,99.99999838739627,0.0,0.0048739670517514
872.0,148,1,52,0,-51,0.25093925,0.5895316,0.0042663413112533,0.0,99.99999837974192,0.0,0.0048800131768449
872.5,149,1,53,0,-52,-0.4569577,0.5164371,0.0042637570783102,0.0,99.99999860806471,0.0,0.004413305636008
873.0,147,1,52,0,-51,-0.2078309,-0.03328501,0.0042611843765774,0.0,99.9999986144523,0.0,0.0044022997382889
873.5,147,1,52,0,-51,-0.2078309,-0.03328501,0.0042586147776494,0.0,99.99999862339908,0.0,0.0043878079705262
874.0,147,1,52,0,-51,-0.2078309,-0.03328501,0.0042560901873585,0.0,99.9999977597238,0.0,0.0052275184320261
874.5,147,1,53,0,-52,-0.18920104,-0.3398112,0.0042535602161225,0.0,99.99999773827516,0.0,0.005236785403155
875.0,147,1,53,0,-52,-0.18920104,-0.3398112,0.0042510332509093,0.0,99.99999771613842,0.0,0.0052465104922945
875.5,145,1,51,0,-50,-0.060951933,0.21561846,0.0042485092863644,0.0,99.9999976941639,0.0,0.005256463047942
876.0,146,1,52,0,-51,-0.771385,0.38207367,0.0042459632894131,0.0,99.99999874456891,0.0,0.0043676974060287
876.5,146,1,52,0,-51,-0.12556708,0.19560377,0.0042433953446359,0.0,99.9999987150826,0.0,0.0044395383979672
877.0,146,1,52,0,-51,-0.12556708,0.19560377,0.0042408138594742,0.0,99.9999975357274,0.0,0.0044393332770975
877.5,146,1,52,0,-51,-0.12556708,0.19560377,0.0042382272011422,0.0,99.99999741314647,0.0,0.0046837336053945
878.0,147,1,53,0,-52,-0.067527905,0.026350338,0.0042395803932637,0.0,99.99999868814834,0.0,0.0031500455972004
878.5,147,1,53,0,-52,-0.067527905,0.026350338,0.0042409402546523,0.0,99.9999986776562,0.0,0.0031562235656663
879.0,147,1,53,0,-52,-0.067527905,0.026350338,0.0042423233915094,0.0,99.99999759755212,0.0,0.0044895433292463
879.5,147,1,53,0,-52,-0.067527905,0.026350338,0.0042417234545002,0.0,99.99999821259594,0.0,0.005201711072266
880.0,147,1,53,0,-52,-0.067527905,0.026350338,0.0042391689038971,0.0,99.99999824383448,0.0,0.0051348713117155
880.5,146,1,52,0,-51,-0.11284911,-0.15381104,0.0042366091493561,0.0,99.99999884644724,0.0,0.0046696058730016
881.0,144,1,50,0,-49,0.20844002,0.4445715,0.0042340442152956,0.0,99.99999820295707,0.0,0.0058089114578188
881.5,146,1,51,0,-50,-0.26710463,-0.26134628,0.0042353859666243,0.0,99.999998255976,0.0,0.005726885254633
882.0,145,1,50,0,-49,-0.044365272,-0.1883215,0.0042367426237374,0.0,99.99999875020286,0.0,0.0042778684053753
882.5,145,1,50,0,-49,-0.044365272,-0.1883215,0.00424199654558,0.0,99.99999874311952,0.0,0.0043030948913223
883.0,145,1,50,0,-49,-0.044365272,-0.1883215,0.004245353782729,0.0,99.99999685107284,0.0,0.0048005881313954
883.5,145,1,50,0,-49,-0.044365272,-0.1883215,0.0042467351154952,0.0,99.99999865256576,0.0,0.0025313908994304
884.0,145,1,50,0,-49,-0.044365272,-0.1883215,0.0042481313476286,0.0,99.99999729531136,0.0,0.0041241634609321
884.5,145,1,50,0,-49,-0.044365272,-0.1883215,0.0042495424691689,0.0,99.99999710260472,0.0,0.0042477213085541
885.0,145,1,50,0,-49,0.4660744,-0.42299744,0.0042509436822852,0.0,99.99999746241664,0.0,0.0041823380713711
885.5,145,1,50,0,-49,0.23458953,-0.1658427,0.0042523349961925,0.0,99.9999979124536,0.0,0.0038351295321903
886.0,145,1,50,0,-49,-0.04992462,0.2785449,0.0042537246785923,0.0,99.99999790931874,0.0,0.0038386300820073
886.5,145,1,50,0,-49,-0.5266767,0.4873792,0.0042551292449425,0.0,99.99999618045884,0.0,0.0050322517875221
887.0,145,1,50,0,-49,-0.5266767,0.4873792,0.0042584713716699,0.0,99.99999618115744,0.0,0.0050334261722983
887.5,144,1,51,0,-50,-0.29667914,0.31642687,0.0042637394157514,0.0,99.9999979308739,0.0,0.0039621390479912
888.0,144,1,51,0,-50,-0.29667914,0.31642687,0.0042690178547216,0.0,99.99999830535816,0.0,0.0035856211484385
888.5,145,1,52,0,-51,-0.16344196,0.4404891,0.0042742984575357,0.0,99.99999830536696,0.0,0.0035864153915549
889.0,145,1,52,0,-51,-0.16344196,0.4404891,0.004275711828631,0.0,99.9999963793444,0.0,0.0045878983651322
889.5,145,1,52,0,-51,-0.16344196,0.4404891,0.0042771235763868,0.0,99.99999684773464,0.0,0.0043524733023682
890.0,144,1,52,0,-51,-0.37694633,0.26462787,0.0042785585084179,0.0,99.99999787394968,0.0,0.0038165440814896
890.5,144,1,52,0,-51,-0.37694633,0.26462787,0.0042800414097869,0.0,99.999997816291,0.0,0.0038905639343465
891.0,143,1,51,0,-50,1.0782143,0.26875103,0.0042815061327073,0.0,99.9999974030066,0.0,0.0041618064131552
891.5,143,1,51,0,-50,1.0782143,0.26875103,0.0042848819487048,0.0,99.99999743915726,0.0,0.0039868950407642
892.0,142,1,51,0,-50,0.20673807,-0.8078459,0.0042901738629111,0.0,99.999996768013,0.0,0.0053157205353002
892.5,140,1,50,0,-49,0.31867582,-0.72082496,0.0042935244478446,0.0,99.99999856240323,0.0,0.0039333982333288
893.0,139,1,49,0,-48,0.162587,0.1421496,0.0042949452538928,0.0,99.99999794606045,0.0,0.0044133158305905
893.5,139,1,49,0,-48,0.162587,0.1421496,0.004296372721883,0.0,99.9999970345719,0.0,0.0056321492492208
894.0,139,1,49,0,-48,0.162587,0.1421496,0.0042938766087608,0.0,99.99999802945212,0.0,0.00344971161406
894.5,139,1,49,0,-48,-0.35471225,-0.49630606,0.0042914163981326,0.0,99.99999720487251,0.0,0.0050521142026038
895.0,140,1,49,0,-48,0.029281244,1.0878901,0.0042889590050844,0.0,99.99999719540364,0.0,0.0050649435581596
895.5,142,1,50,0,-49,-0.13671045,-0.23597267,0.0042865044247787,0.0,99.99999718790887,0.0,0.0050751817725333
896.0,142,1,50,0,-49,-0.13671045,-0.23597267,0.0042840362070156,0.0,99.99999773972442,0.0,0.0049296836467496
896.5,142,1,50,0,-49,0.1493045,-0.17037128,0.0042815544037475,0.0,99.99999814040711,0.0,0.0046553111149995
897.0,141,1,49,0,-48,0.30575025,0.3542156,0.0042790918816117,0.0,99.9999979095433,0.0,0.0049731444394773
897.5,141,1,49,0,-48,0.30575025,0.3542156,0.004276632190471,0.0,99.99999671974076,0.0,0.0071119276645032
898.0,141,1,49,0,-48,0.30575025,0.3542156,0.0042741671406166,0.0,99.9999970654694,0.0,0.0061766655184342
898.5,141,1,49,0,-48,0.30575025,0.3542156,0.0042716967554625,0.0,99.9999976853074,0.0,0.0056751189594419
899.0,140,1,48,0,-47,-0.1576601,0.5432142,0.0042692292243277,0.0,99.999997670833,0.0,0.0056870957048918
899.5,140,1,48,0,-47,-0.1576601,0.5432142,0.0042705714804584,0.0,99.99999689582522,0.0,0.0046389733661931
900.0,140,1,48,0,-47,0.096882984,-0.013804551,0.0042719448238969,0.0,99.9999982096044,0.0,0.0046190757467344
900.5,141,1,49,0,-48,0.335532,1.3131663,0.0042733247535868,0.0,99.9999979929117,0.0,0.0051762624787427
901.0,141,1,49,0,-48,0.335532,1.3131663,0.0042746786357668,0.0,99.9999976258782,0.0,0.0055998150837237
901.5,142,1,50,0,-49,-0.057167754,0.35644937,0.0042760391137422,0.0,99.99999720006988,0.0,0.0060435237468943
902.0,143,1,50,0,-49,0.017031178,0.7834142,0.0042773898772251,0.0,99.99999754935166,0.0,0.0062366493325711
902.5,143,1,50,0,-49,0.017031178,0.7834142,0.0042787553889266,0.0,99.99999765476464,0.0,0.0056445879077926
903.0,142,1,49,0,-48,0.34977835,0.15580098,0.0042801030423383,0.0,99.99999825713374,0.0,0.0056535276987917
903.5,141,1,48,0,-47,-0.11874096,-0.32011402,0.0042814328528614,0.0,99.99999828619347,0.0,0.0056045918037605
904.0,142,1,49,0,-48,0.014771238,-0.41819826,0.0042827529810014,0.0,99.99999711855678,0.0,0.0065142338474707
904.5,142,1,49,0,-48,0.16477169,-0.3290999,0.0042840634360697,0.0,99.99999712776372,0.0,0.006506597667805
905.0,142,1,49,0,-48,-0.18581116,0.31963003,0.004285388648279,0.0,99.99999815012788,0.0,0.0047382410293275
905.5,144,1,50,0,-49,0.45301086,-0.015610222,0.0042867204689953,0.0,99.99999822650102,0.0,0.0052059541677876
906.0,143,1,49,0,-48,-0.048380747,-0.20549685,0.0042880507583778,0.0,99.9999975429805,0.0,0.0055096538081099
906.5,144,1,50,0,-49,0.16880195,0.8486064,0.0042874669811946,0.0,99.99999823076126,0.0,0.004400252095903
907.0,144,1,50,0,-49,0.16880195,0.8486064,0.0042849805839778,0.0,99.9999982355756,0.0,0.0043942143645747
907.5,144,1,50,0,-49,0.16880195,0.8486064,0.0042824970689233,0.0,99.99999827125332,0.0,0.0043265413770329
908.0,145,1,51,0,-50,-0.052810743,0.07827981,0.0042800164310228,0.0,99.9999975323918,0.0,0.0050293664335933
908.5,144,1,50,0,-49,0.004108727,-0.01457699,0.0042775305727085,0.0,99.99999818447202,0.0,0.0041604505754929
909.0,144,1,50,0,-49,0.004108727,-0.01457699,0.004275039517172,0.0,99.99999830205108,0.0,0.0057442498064315
909.5,145,1,50,0,-49,0.006414473,1.203699,0.0042725594350621,0.0,99.99999830602492,0.0,0.0056681689429091
910.0,145,1,50,0,-49,0.006414473,1.203699,0.0042700902932405,0.0,99.99999835191326,0.0,0.0055812463271794
910.5,145,1,48,0,-47,0.39480323,0.40064764,0.0042676078934702,0.0,99.99999770592734,0.0,0.0052353273148876
911.0,143,1,47,0,-46,-0.5075177,0.7697437,0.0042651283782891,0.0,99.99999771251102,0.0,0.0052296869199428
911.5,143,1,47,0,-46,-0.5075177,0.7697437,0.0042626356700218,0.0,99.99999758763312,0.0,0.0054202712947331
912.0,145,1,48,0,-47,0.39480323,0.40064764,0.0042601619276055,0.0,99.99999777253,0.0,0.0061335033713315
912.5,145,1,48,0,-47,0.39480323,0.40064764,0.0042576750194429,0.0,99.9999980410538,0.0,0.0055840838959564
913.0,145,1,48,0,-47,0.39480323,0.40064764,0.0042551749966594,0.0,99.9999977652377,0.0,0.0059609354698265
913.5,145,1,49,0,-48,0.62072325,0.3943957,0.0042526619105567,0.0,99.99999818501612,0.0,0.005441489585212
914.0,145,1,49,0,-48,0.16675128,-1.3171746,0.0042501597804428,0.0,99.99999832761505,0.0,0.0051471330260045
914.5,145,1,49,0,-48,-0.47696674,0.64332676,0.0042476526130296,0.0,99.9999982787875,0.0,0.005244704365749
915.0,146,1,49,0,-48,0.2404003,-0.5042264,0.0042488955312433,0.0,99.99999803091904,0.0,0.0049108612585169
915.5,146,1,49,0,-48,0.2404003,-0.5042264,0.0042501369801322,0.0,99.99999833527616,0.0,0.0050860017224824
916.0,146,1,50,0,-49,-0.2779867,0.42583472,0.0042513689895731,0.0,99.99999869317642,0.0,0.0041839076106881
916.5,146,1,50,0,-49,0.35919183,0.48413396,0.0042525995396921,0.0,99.9999986381533,0.0,0.004373813516635
917.0,143,1,47,0,-46,0.45789558,0.86562693,0.004253812697378,0.0,99.99999908915603,0.0,0.0025168953453012
917.5,143,1,47,0,-46,0.45789558,0.86562693,0.004251280438494,0.0,99.99999909567391,0.0,0.0027610695750901
918.0,141,1,46,0,-45,0.45999485,0.811895,0.0042487511926811,0.0,99.99999909735004,0.0,0.0027604042138909
918.5,142,1,47,0,-46,0.14614442,-0.5817033,0.0042462249545648,0.0,99.99999909892892,0.0,0.0027596822239983
919.0,143,1,48,0,-47,0.3333289,0.6654328,0.0042437096487867,0.0,99.9999988116084,0.0,0.0032989941311263
919.5,146,1,50,0,-49,-0.1967655,0.7275104,0.0042411894005748,0.0,99.99999900278652,0.0,0.0030502997392787
920.0,145,1,49,0,-48,-0.098465115,-0.005299609,0.0042386642328409,0.0,99.99999785261112,0.0,0.0047677268720511
920.5,145,1,49,0,-48,-0.098465115,-0.005299609,0.0042361657756604,0.0,99.99999903136384,0.0,0.0028132426786832
921.0,143,1,47,0,-46,0.44870245,0.8932096,0.004233686047292,0.0,99.99999864946643,0.0,0.0039343876964118
921.5,142,1,46,0,-45,0.53721297,0.6065975,0.004231209220347,0.0,99.99999847208028,0.0,0.0043829402059617
922.0,143,1,47,0,-46,0.5251233,0.8414942,0.0042287352897363,0.0,99.99999848203372,0.0,0.0043745609372012
922.5,143,1,47,0,-46,0.5251233,0.8414942,0.0042262957104308,0.0,99.99999847527204,0.0,0.003194661386416
923.0,144,1,48,0,-47,0.4132825,-0.29333964,0.00422387465638,0.0,99.999998446345,0.0,0.0031329474428031
923.5,144,1,48,0,-47,0.4132825,-0.29333964,0.0042214642216501,0.0,99.99999867352544,0.0,0.0028535867584118
924.0,145,1,48,0,-47,0.3381375,-0.6776111,0.004219048698337,0.0,99.99999867908824,0.0,0.0028466020813285
924.5,145,1,48,0,-47,0.3381375,-0.6776111,0.0042185005013182,0.0,99.9999988672184,0.0,0.0025253191174281
925.0,145,1,48,0,-47,0.3381375,-0.6776111,0.0042198086055146,0.0,99.99999750528504,0.0,0.0039721418725689
925.5,145,1,48,0,-47,0.3381375,-0.6776111,0.0042211073915744,0.0,99.99999750904588,0.0,0.0039682106075186
926.0,144,1,47,0,-46,0.34019512,0.63660026,0.0042224046946912,0.0,99.99999751281182,0.0,0.0039644655417288
926.5,145,1,48,0,-47,0.7480064,0.31150687,0.0042237083418239,0.0,99.99999875030989,0.0,0.0028720179994018
927.0,144,1,48,0,-47,0.700123,0.362168,0.0042250183293959,0.0,99.9999987501395,0.0,0.0028716782848588
927.5,144,1,48,0,-47,0.700123,0.362168,0.0042263111926931,0.0,99.9999990116675,0.0,0.0021917329435877
928.0,144,1,48,0,-47,0.700123,0.362168,0.004227602583165,0.0,99.99999901154708,0.0,0.0021916882942263
928.5,145,1,48,0,-47,0.6781911,0.50449735,0.0042288925033269,0.0,99.99999901109793,0.0,0.0021920440140359
929.0,146,1,48,0,-47,-0.3505441,0.926718,0.0042301575133323,0.0,99.99999865584724,0.0,0.002780011471333
929.5,146,1,49,0,-48,-0.29003382,0.8346071,0.0042314288826406,0.0,99.99999865395782,0.0,0.0027818268135994
930.0,146,1,49,0,-48,-0.29003382,0.8346071,0.0042326831779442,0.0,99.9999986140672,0.0,0.0029569032176828
930.5,147,1,49,0,-48,-0.33632594,0.6545036,0.004233912607323,0.0,99.99999802946245,0.0,0.0033435181970105
931.0,147,1,49,0,-48,-0.33632594,0.6545036,0.0042351562197636,0.0,99.99999861096543,0.0,0.0026741555736124
931.5,146,1,48,0,-47,-0.4632212,0.719512,0.0042363905952128,0.0,99.9999969748231,0.0,0.0040370674087497
932.0,147,1,50,0,-49,-0.23121525,0.82671046,0.0042376313444815,0.0,99.99999783821563,0.0,0.0038133070805469
932.5,147,1,50,0,-49,-0.23121525,0.82671046,0.0042388784634065,0.0,99.99999784097798,0.0,0.003809752334167
933.0,148,1,50,0,-49,-1.2508537,0.604532,0.0042401085585469,0.0,99.99999701605992,0.0,0.00438317144941
933.5,148,1,50,0,-49,-1.2508537,0.604532,0.0042413450282725,0.0,99.99999732143986,0.0,0.0037546332969559
934.0,146,1,49,0,-48,-1.3511269,0.080892146,0.0042425722844323,0.0,99.99999738032336,0.0,0.0037218264857268
934.5,148,1,51,0,-50,-1.2255267,0.1844249,0.0042419937186921,0.0,99.99999789200172,0.0,0.0038256712039531
935.0,147,1,50,0,-49,-1.3561178,0.33710364,0.0042395890662263,0.0,99.99999807136082,0.0,0.0034089537213865
935.5,146,1,49,0,-48,0.7630586,0.31190982,0.0042371949072987,0.0,99.99999700709223,0.0,0.0037483755031339
936.0,147,1,50,0,-49,0.702933,0.20388778,0.0042347801707472,0.0,99.99999873642663,0.0,0.0025834129221036
936.5,146,1,49,0,-48,0.73837215,0.2066578,0.0042323604337482,0.0,99.99999873416088,0.0,0.0025868187882442
937.0,148,1,50,0,-49,-0.36541176,0.15803045,0.004229920233698,0.0,99.99999896879318,0.0,0.0023374662843952
937.5,146,1,48,0,-47,-0.09964937,0.46268174,0.0042274828458587,0.0,99.99999871974022,0.0,0.0027226033499613
938.0,148,1,50,0,-49,1.5149164,0.52653116,0.0042250482653717,0.0,99.99999865723088,0.0,0.0028605092393427
938.5,147,1,50,0,-49,0.28230113,-1.0962636,0.0042226242028906,0.0,99.9999986211821,0.0,0.0027872106588493
939.0,147,1,50,0,-49,0.28230113,-1.0962636,0.0042202029203585,0.0,99.99999862330743,0.0,0.0027864646313922
939.5,147,1,50,0,-49,0.28230113,-1.0962636,0.0042177998087298,0.0,99.99999744460035,0.0,0.0041253646851643
940.0,147,1,50,0,-49,0.28230113,-1.0962636,0.0042154378783816,0.0,99.99999702862011,0.0,0.0046447820519072
940.5,147,1,50,0,-49,0.28230113,-1.0962636,0.0042130939532713,0.0,99.9999968388039,0.0,0.0046153330939167
941.0,148,1,49,0,-48,0.68125707,0.5073391,0.0042107526333146,0.0,99.9999981325956,0.0,0.0036726240331384
941.5,148,1,49,0,-48,0.68125707,0.5073391,0.0042084062505121,0.0,99.99999811203702,0.0,0.0036929400978785
942.0,148,1,49,0,-48,0.68125707,0.5073391,0.0042096871945792,0.0,99.9999977899456,0.0,0.0041595803731732
942.5,147,1,49,0,-48,0.72017044,0.61058587,0.0042109513839751,0.0,99.9999972645261,0.0,0.0048586468462752
943.0,147,1,49,0,-48,0.72017044,0.61058587,0.0042122294637906,0.0,99.99999876112618,0.0,0.0030260671438998
943.5,146,1,48,0,-47,0.7787934,0.39930153,0.0042117503838361,0.0,99.99999857219387,0.0,0.0031915478947094
944.0,145,1,47,0,-46,0.78313994,0.236712,0.0042094558397573,0.0,99.99999872099669,0.0,0.0030189659030981
944.5,144,1,46,0,-45,0.94574887,0.3581233,0.0042071027073921,0.0,99.99999754363526,0.0,0.0048465006875143
945.0,144,1,46,0,-45,0.94574887,0.3581233,0.0042047674589454,0.0,99.99999753110868,0.0,0.0048601900881829
945.5,144,1,46,0,-45,0.94574887,0.3581233,0.0042024348015265,0.0,99.9999975217808,0.0,0.004870051563454
946.0,144,1,46,0,-45,0.94574887,0.3581233,0.0042001123412274,0.0,99.99999810966813,0.0,0.0039382182170555
946.5,144,1,46,0,-45,0.94574887,0.3581233,0.0041978152526657,0.0,99.9999979578503,0.0,0.0041746233685167
947.0,146,1,48,0,-47,0.30545777,-0.8507493,0.0041955206753376,0.0,99.99999791599716,0.0,0.0042221347456861
947.5,145,1,48,0,-47,0.08106817,-0.8894691,0.0041932286051273,0.0,99.999997907185,0.0,0.0042335842636431
948.0,145,1,48,0,-47,0.08106817,-0.8894691,0.0041945550336468,0.0,99.999997722001,0.0,0.0046379269069039
948.5,145,1,48,0,-47,0.08106817,-0.8894691,0.0041976870256595,0.0,99.9999987679644,0.0,0.0035636734022372
949.0,145,1,48,0,-47,0.08106817,-0.8894691,0.004202614036767,0.0,99.9999974953864,0.0,0.0044891999420265
949.5,143,1,47,0,-46,-0.12274045,0.81322825,0.0042021129696917,0.0,99.99999750388542,0.0,0.0044787560724445
950.0,144,1,48,0,-47,0.27101684,-0.9951844,0.0041998235641131,0.0,99.99999877056796,0.0,0.0035509112944941
950.5,144,1,47,0,-46,0.10113382,-1.0290406,0.0041975215150023,0.0,99.99999781821458,0.0,0.0046944126355072
951.0,144,1,47,0,-46,0.10113382,-1.0290406,0.0041951917480145,0.0,99.99999874301024,0.0,0.0035408987139329
951.5,145,1,48,0,-47,0.099087164,-1.1174319,0.0041928721174004,0.0,99.99999759660244,0.0,0.0047414967738255
952.0,146,1,48,0,-47,0.2992367,-1.1594859,0.0041905399640347,0.0,99.9999988385397,0.0,0.0034488578123877
952.5,146,1,48,0,-47,0.2992367,-1.1594859,0.0041882254733342,0.0,99.99999789599327,0.0,0.004997515671368
953.0,145,1,47,0,-46,0.2714762,-1.0480416,0.0041859135378701,0.0,99.99999879520288,0.0,0.0042774775458359
953.5,144,1,46,0,-45,0.42173195,-1.0681326,0.0041835815987104,0.0,99.9999988671663,0.0,0.0040156043243086
954.0,144,1,46,0,-45,0.42173195,-1.0681326,0.0041812898057711,0.0,99.99999788457616,0.0,0.0048722639787226
954.5,144,1,46,0,-45,0.42173195,-1.0681326,0.0041789930206508,0.0,99.99999880589712,0.0,0.0038671778672715
955.0,144,1,46,0,-45,0.37790912,-1.028666,0.0041767137444023,0.0,99.99999820811398,0.0,0.005321620827388
955.5,144,1,47,0,-46,0.017179392,0.25654364,0.0041744294677423,0.0,99.99999790566784,0.0,0.0055630404184516
956.0,143,1,48,0,-47,-0.31327832,0.047349308,0.0041721402111518,0.0,99.99999787780736,0.0,0.0055825557769413
956.5,146,1,49,0,-48,0.5097046,-0.6935402,0.0041698534640412,0.0,99.99999785691304,0.0,0.0055941032232468
957.0,142,1,47,0,-46,-0.42050707,0.5535168,0.0041675692222864,0.0,99.99999892230215,0.0,0.0029143066345085
957.5,143,1,48,0,-47,-0.2584179,0.71676546,0.0041652874817723,0.0,99.99999892256716,0.0,0.0029115749159719
958.0,143,1,48,0,-47,-0.2584179,0.71676546,0.0041647964721724,0.0,99.99999770807258,0.0,0.0043159372013272
958.5,143,1,48,0,-47,-0.2584179,0.71676546,0.0041660932554328,0.0,99.99999766429518,0.0,0.0043554032907895
959.0,143,1,48,0,-47,-0.2584179,0.71676546,0.004163808625568,0.0,99.99999767086004,0.0,0.0042655376431521
959.5,142,1,47,0,-46,0.28688842,-1.1727878,0.0041615859373744,0.0,99.99999739866703,0.0,0.0050314639561364
960.0,142,1,47,0,-46,0.28688842,-1.1727878,0.0041593656209071,0.0,99.99999861398202,0.0,0.0033353578078429
960.5,146,1,49,0,-48,0.3449921,-0.9579866,0.0041571550863175,0.0,99.99999881640323,0.0,0.0029554675887052
961.0,150,1,52,0,-51,1.3751099,0.47189304,0.0041549394940278,0.0,99.99999862304198,0.0,0.0031121681056637
961.5,149,1,53,0,-52,1.2263075,0.22636649,0.0041527262621187,0.0,99.9999988034463,0.0,0.0027027225028041
962.0,149,1,53,0,-52,1.2263075,0.22636649,0.0041522737794238,0.0,99.99999899012788,0.0,0.0024980896373774
962.5,149,1,54,0,-53,-0.11682523,0.20315081,0.0041536013895166,0.0,99.99999810891188,0.0,0.0039782290846386
963.0,148,1,54,0,-53,-0.5349426,0.3291182,0.0041548980129057,0.0,99.99999765305648,0.0,0.0051595740906422
963.5,147,1,53,0,-52,0.043253615,-0.30578065,0.004156171060748,0.0,99.99999862203984,0.0,0.0041688974632777
964.0,147,1,53,0,-52,0.043253615,-0.30578065,0.0041574353243421,0.0,99.99999864579632,0.0,0.004110187322158
964.5,147,1,53,0,-52,0.043253615,-0.30578065,0.0041586908114596,0.0,99.9999981320398,0.0,0.0052318276467687
965.0,147,1,53,0,-52,0.043253615,-0.30578065,0.0041599449126748,0.0,99.9999978654731,0.0,0.0042512982941342
965.5,148,1,54,0,-53,0.10052414,0.4600141,0.0041611902494053,0.0,99.99999786536496,0.0,0.0042465428679824
966.0,149,1,55,0,-54,-0.13620245,-0.05581403,0.0041624342085436,0.0,99.99999786608088,0.0,0.0042412395149536
966.5,149,1,55,0,-54,-0.13620245,-0.05581403,0.004163691546643,0.0,99.9999986671856,0.0,0.0033114165862285
967.0,150,1,56,0,-55,-0.6854669,-0.122799695,0.0041649475043074,0.0,99.99999865507172,0.0,0.0033636921801859
967.5,150,1,56,0,-55,-0.6854669,-0.122799695,0.0041662242044529,0.0,99.99999799047592,0.0,0.0061684351330574
968.0,148,1,55,0,-54,-0.063296065,1.0673509,0.0041675068898299,0.0,99.99999806566032,0.0,0.0060385106005388
968.5,148,1,55,0,-54,-0.063296065,1.0673509,0.0041688102979161,0.0,99.99999736637012,0.0,0.0050577913193771
969.0,148,1,54,0,-53,-0.10645188,-0.3666835,0.0041701270475147,0.0,99.99999870092512,0.0,0.0037883995040485
969.5,143,1,50,0,-49,0.8282183,0.3374508,0.00417144976423,0.0,99.99999870499698,0.0,0.0037873516163152
970.0,143,1,50,0,-49,0.8282183,0.3374508,0.0041727858111161,0.0,99.99999748710138,0.0,0.0043451185989289
970.5,143,1,50,0,-49,0.8282183,0.3374508,0.0041723047176152,0.0,99.99999829381927,0.0,0.003829700827053
971.0,143,1,50,0,-49,0.8282183,0.3374508,0.004170082960847,0.0,99.99999922659651,0.0,0.0028892650897812
971.5,142,1,49,0,-48,0.905484,0.3292506,0.0041678635689953,0.0,99.99999923023456,0.0,0.0028754817922661
972.0,143,1,50,0,-49,0.17637698,-0.5718471,0.004165587841063,0.0,99.99999818179316,0.0,0.0046538896466291
972.5,139,1,47,0,-46,0.38949084,0.5562674,0.0041632999389147,0.0,99.99999817888032,0.0,0.0046566811149873
973.0,139,1,47,0,-46,0.38949084,0.5562674,0.0041610291905434,0.0,99.99999816436237,0.0,0.0046873991816412
973.5,139,1,47,0,-46,0.38949084,0.5562674,0.0041587609178464,0.0,99.99999816441296,0.0,0.0046872070083591
974.0,139,1,46,0,-45,-0.1002631,-0.56953454,0.0041565024218436,0.0,99.99999826044797,0.0,0.0045992048096828
974.5,143,1,49,0,-48,0.08646859,-0.2805723,0.0041542463775498,0.0,99.99999882872709,0.0,0.0037206921797465
975.0,143,1,49,0,-48,0.08646859,-0.2805723,0.0041520000702241,0.0,99.99999903142096,0.0,0.0031378720595243
975.5,147,1,52,0,-51,-0.49416167,0.8105104,0.0041497416281375,0.0,99.99999880900668,0.0,0.0039526284401087
976.0,147,1,52,0,-51,-0.49416167,0.8105104,0.0041474929150649,0.0,99.99999866224296,0.0,0.0044975505623852
976.5,146,1,50,0,-49,0.076888576,0.36811987,0.0041452539033743,0.0,99.99999847787588,0.0,0.0046662382485859
977.0,146,1,50,0,-49,0.076888576,0.36811987,0.0041430245655955,0.0,99.99999843831483,0.0,0.004702130249655
977.5,146,1,50,0,-49,0.076888576,0.36811987,0.0041408121244379,0.0,99.99999862713824,0.0,0.0042342117625227
978.0,147,1,51,0,-50,0.16764565,0.2989931,0.0041386020449768,0.0,99.9999976527232,0.0,0.0051682381258764
978.5,147,1,51,0,-50,0.16764565,0.2989931,0.0041363943234328,0.0,99.9999981578478,0.0,0.0042175645934789
979.0,147,1,51,0,-50,0.16764565,0.2989931,0.0041341961829045,0.0,99.99999815174333,0.0,0.004226939906218
979.5,147,1,51,0,-50,0.16764565,0.2989931,0.004131993158188,0.0,99.99999806432596,0.0,0.0046270504387324
980.0,149,1,52,0,-51,-0.23922402,0.1836384,0.0041297780571707,0.0,99.99999822646032,0.0,0.0048649490098797
980.5,150,1,53,0,-52,0.10086413,-0.556348,0.0041275581261409,0.0,99.9999982296208,0.0,0.0048605080183119
981.0,148,1,52,0,-51,-0.45727074,0.021801885,0.0041253477764113,0.0,99.99999842690914,0.0,0.00416601508019
981.5,146,1,51,0,-50,0.0894385,-0.43610287,0.0041266337860949,0.0,99.9999984345352,0.0,0.0041643059305135
982.0,146,1,51,0,-50,0.0894385,-0.43610287,0.0041279328100088,0.0,99.99999852937285,0.0,0.0040600869425393
982.5,146,1,51,0,-50,0.0894385,-0.43610287,0.0041309792092623,0.0,99.9999985971272,0.0,0.0036017603025551
983.0,146,1,51,0,-50,0.0894385,-0.43610287,0.0041322601757341,0.0,99.99999854297182,0.0,0.0051768892968693
983.5,147,1,52,0,-51,-0.5309058,0.08179034,0.0041335397783615,0.0,99.99999812869792,0.0,0.006257367345034
984.0,147,1,52,0,-51,-0.5309058,0.08179034,0.0041348252088712,0.0,99.99999804242395,0.0,0.0038756135521881
984.5,146,1,51,0,-50,-0.4510513,0.1879808,0.0041361308407641,0.0,99.99999813657436,0.0,0.0036711933488291
985.0,147,1,52,0,-51,-0.024755463,-1.3929933,0.004137413543342,0.0,99.99999766997816,0.0,0.0052976807213071
985.5,147,1,52,0,-51,-0.024755463,-1.3929933,0.0041386805178211,0.0,99.99999871683998,0.0,0.0029765816270056
986.0,147,1,52,0,-51,-0.024755463,-1.3929933,0.0041382038633646,0.0,99.99999773829649,0.0,0.0042398997798211
986.5,147,1,52,0,-51,-0.024755463,-1.3929933,0.0041359863763903,0.0,99.9999977828189,0.0,0.0041503937118128
987.0,147,1,52,0,-51,-0.024755463,-1.3929933,0.0041337569350922,0.0,99.99999811760236,0.0,0.0034069376470247
987.5,149,1,54,0,-53,0.5276651,0.4112474,0.0041315370530447,0.0,99.99999753902844,0.0,0.0052962791981077
988.0,149,1,54,0,-53,0.5276651,0.4112474,0.0041293195539296,0.0,99.9999975303562,0.0,0.0052869865515015
988.5,150,1,54,0,-53,-0.17055729,-0.99100566,0.0041271472846485,0.0,99.9999978931698,0.0,0.004634772596548
989.0,149,1,54,0,-53,-0.091187,-0.9423172,0.0041249772996532,0.0,99.99999788983652,0.0,0.0046278082107361
989.5,150,1,53,0,-52,-0.12732258,-1.0854462,0.0041228095953423,0.0,99.99999788615028,0.0,0.0046217368720634
990.0,151,1,54,0,-53,0.012432784,-0.9626423,0.0041206584069206,0.0,99.99999764531496,0.0,0.0050726842215445
990.5,151,1,54,0,-53,0.012432784,-0.9626423,0.0041185094622107,0.0,99.99999859881528,0.0,0.0035367017784536
991.0,152,1,55,0,-54,0.4251954,-0.105622455,0.004119807523697,0.0,99.99999823226452,0.0,0.0050926974727901
991.5,149,1,54,0,-53,0.23041703,1.0622091,0.0041210971191995,0.0,99.99999835467813,0.0,0.004669155899509
992.0,148,1,53,0,-52,-0.12790842,0.044412877,0.00412584072841,0.0,99.99999802075082,0.0,0.0046989986110085
992.5,148,1,53,0,-52,-0.12790842,0.044412877,0.0041305865019257,0.0,99.99999730530712,0.0,0.0061814832452468
993.0,149,1,53,0,-52,-0.15679789,-0.4076642,0.0041352917266608,0.0,99.99999825588584,0.0,0.0058320818822755
993.5,150,1,54,0,-53,0.036696926,-0.38235712,0.0041399919782276,0.0,99.99999763938294,0.0,0.0069574749392777
994.0,150,1,54,0,-53,0.036696926,-0.38235712,0.0041412248872647,0.0,99.99999851007296,0.0,0.0050029535653153
994.5,150,1,54,0,-53,-0.47790223,0.202449,0.0041424636051298,0.0,99.999997870478,0.0,0.0056068834173659
995.0,150,1,55,0,-54,-0.17918086,0.29873085,0.0041402636775647,0.0,99.99999869673016,0.0,0.0046804409244918
995.5,151,1,56,0,-55,-0.25857967,0.29618883,0.0041380589772174,0.0,99.99999882936622,0.0,0.0043362260423463
996.0,150,1,55,0,-54,0.32251436,-0.5162893,0.004135856623637,0.0,99.99999811696853,0.0,0.0051005788468628
996.5,149,1,56,0,-55,-0.2297634,0.36476356,0.0041336495200573,0.0,99.99999859437668,0.0,0.0038603837323554
997.0,149,1,56,0,-55,-0.2297634,0.36476356,0.0041314376854344,0.0,99.99999868748743,0.0,0.0035167977174472
997.5,149,1,56,0,-55,-0.2297634,0.36476356,0.0041326493007406,0.0,99.99999857795208,0.0,0.0047348334717237
998.0,149,1,56,0,-55,-0.2297634,0.36476356,0.004137285940423,0.0,99.99999852900112,0.0,0.0041304474718866
998.5,150,1,57,0,-56,-0.27504742,0.36127427,0.0041453633913558,0.0,99.9999983536742,0.0,0.003772180433304
999.0,150,1,57,0,-56,-0.27504742,0.36127427,0.0041500379921003,0.0,99.99999854287722,0.0,0.0051610616633647
999.5,149,1,56,0,-55,-0.3743741,-0.36338988,0.0041547148059394,0.0,99.99999775695044,0.0,0.0061298905244143
1000.0,150,1,56,0,-55,0.026001796,-0.07862753,0.0041627631857874,0.0,99.99999831860492,0.0,0.0056513602811995
1000.5,151,1,56,0,-55,-0.2223285,-0.08837786,0.0041674142040648,0.0,99.9999989463508,0.0,0.0032286267549892
1001.0,150,1,55,0,-54,-0.5020347,-0.09020144,0.0041720674703404,0.0,99.99999809599656,0.0,0.004436285379495
1001.5,150,1,55,0,-54,-0.5020347,-0.09020144,0.0041767016175971,0.0,99.99999845125204,0.0,0.0053296774403399
1002.0,150,1,55,0,-54,-0.5020347,-0.09020144,0.0041847285556118,0.0,99.9999978754532,0.0,0.0047071960305173
1002.5,149,1,54,0,-53,-0.12575026,-0.043454323,0.0041927470080427,0.0,99.99999790520604,0.0,0.0047012122157077
1003.0,149,1,54,0,-53,-0.12575026,-0.043454323,0.0042007713059201,0.0,99.99999817122186,0.0,0.0031015778761772
1003.5,147,1,53,0,-52,0.3804562,0.73398066,0.0042087943533002,0.0,99.99999796708737,0.0,0.003361599968827
1004.0,148,1,53,0,-52,0.12760912,-0.8307741,0.0042168161931189,0.0,99.99999885098406,0.0,0.0024950654769892
1004.5,148,1,53,0,-52,0.12760912,-0.8307741,0.0042248440568031,0.0,99.99999715633,0.0,0.0041868644929246
1005.0,148,1,53,0,-52,0.12760912,-0.8307741,0.0042328636198211,0.0,99.99999715385974,0.0,0.004189347281253
1005.5,151,1,55,0,-54,0.74760365,0.18075943,0.0042442311091771,0.0,99.99999820097288,0.0,0.0045719535809944
1006.0,150,1,56,0,-55,0.8334363,0.42797077,0.0042555938549564,0.0,99.99999768966484,0.0,0.006466185116384
1006.5,150,1,56,0,-55,0.8334363,0.42797077,0.0042669809030106,0.0,99.99999717923184,0.0,0.0054009389524001
1007.0,150,1,56,0,-55,0.8334363,0.42797077,0.0042749910478055,0.0,99.99999773366096,0.0,0.0064069645409885
1007.5,150,1,56,0,-55,0.8334363,0.42797077,0.0042830075703218,0.0,99.99999754224112,0.0,0.0040439032135062
1008.0,150,1,56,0,-55,0.8334363,0.42797077,0.0042910305424398,0.0,99.9999979583708,0.0,0.003353817214851
1008.5,150,1,56,0,-55,0.8334363,0.42797077,0.004299060036026,0.0,99.99999731437188,0.0,0.0040319829548637
1009.0,152,1,57,0,-56,0.6523239,0.31393993,0.0043053951241654,0.0,99.99999791737189,0.0,0.0037109489381005
1009.5,152,1,57,0,-56,0.6523239,0.31393993,0.004308367374232,0.0,99.99999828609413,0.0,0.0030099118515916
1010.0,152,1,57,0,-56,0.6523239,0.31393993,0.004309651962186,0.0,99.99999783699832,0.0,0.0034237762470038
1010.5,152,1,57,0,-56,0.6523239,0.31393993,0.0043109352987635,0.0,99.9999978645462,0.0,0.0034045377579433
1011.0,151,1,56,0,-55,0.5944174,0.24344209,0.0043105269830537,0.0,99.99999791695444,0.0,0.0033664401458
1011.5,151,1,56,0,-55,0.5944174,0.24344209,0.0043117649344702,0.0,99.99999653281596,0.0,0.0044405276151991
1012.0,151,1,56,0,-55,0.5944174,0.24344209,0.0043130089401211,0.0,99.99999811119407,0.0,0.0052769222341533
1012.5,150,1,55,0,-54,0.92543036,0.31087017,0.0043176202114587,0.0,99.99999825361576,0.0,0.004998384636131
1013.0,149,1,54,0,-53,0.74285156,0.10256761,0.0043222196166687,0.0,99.99999768677152,0.0,0.0061512317498518
1013.5,149,1,54,0,-53,0.74285156,0.10256761,0.0043267852626254,0.0,99.99999751268692,0.0,0.0042198160230947
1014.0,150,1,54,0,-53,0.49321556,0.4133531,0.0043313390073312,0.0,99.99999751323742,0.0,0.0042203135503416
1014.5,151,1,54,0,-53,-0.0812025,-1.0060706,0.0043392425191863,0.0,99.9999976983366,0.0,0.0049227782002754
1015.0,151,1,54,0,-53,-0.0812025,-1.0060706,0.0043471453128446,0.0,99.99999835492072,0.0,0.0045082665214986
1015.5,150,1,55,0,-54,-0.3476249,-0.13138673,0.0043550107865607,0.0,99.9999981024976,0.0,0.0040107569147062
1016.0,150,1,55,0,-54,-0.3476249,-0.13138673,0.0043611716128598,0.0,99.99999829479457,0.0,0.0052764437857426
1016.5,150,1,55,0,-54,-0.3476249,-0.13138673,0.004363956676467,0.0,99.9999984071221,0.0,0.005080966901559
1017.0,150,1,55,0,-54,-0.3476249,-0.13138673,0.0043650660304445,0.0,99.99999892080686,0.0,0.0027774399515877
1017.5,150,1,56,0,-55,-0.058634475,-0.43453503,0.0043661595764153,0.0,99.99999790889072,0.0,0.0045120824452815
1018.0,150,1,56,0,-55,-0.058634475,-0.43453503,0.0043672446580138,0.0,99.9999982412981,0.0,0.0041397814765629
1018.5,150,1,56,0,-55,-0.058634475,-0.43453503,0.0043683139549513,0.0,99.99999827613942,0.0,0.0041397364336822
1019.0,149,1,56,0,-55,0.033545464,-0.67598444,0.0043693821331504,0.0,99.9999982612824,0.0,0.0041555833307241
1019.5,148,1,55,0,-54,0.19084157,0.56299925,0.004370449194366,0.0,99.99999824718206,0.0,0.0041705791435647
1020.0,148,1,55,0,-54,-0.107211724,0.41099203,0.004371515140349,0.0,99.99999799978018,0.0,0.0047920656999803
1020.5,148,1,55,0,-54,0.06564914,0.73946947,0.0043725946126018,0.0,99.99999810515702,0.0,0.0040713255267274
1021.0,147,1,54,0,-53,-0.11221995,0.61872643,0.0043770266336047,0.0,99.99999818860948,0.0,0.0038149862853778
1021.5,149,1,54,0,-53,0.34276754,0.47584608,0.0043815053648355,0.0,99.99999815894655,0.0,0.0037528462227229
1022.0,149,1,54,0,-53,0.34276754,0.47584608,0.0043843007600234,0.0,99.99999807235068,0.0,0.0045280416283908
1022.5,150,1,55,0,-54,-0.603571,-0.12626673,0.0043854226879216,0.0,99.999998281093,0.0,0.0041745931774263
1023.0,150,1,55,0,-54,-0.603571,-0.12626673,0.0043865361559449,0.0,99.99999713038471,0.0,0.0048500733699163
1023.5,150,1,55,0,-54,-0.603571,-0.12626673,0.0043876265260311,0.0,99.99999791623256,0.0,0.0041870463284349
1024.0,150,1,55,0,-54,-0.603571,-0.12626673,0.0043887157793598,0.0,99.99999825787678,0.0,0.0037370801257924
1024.5,150,1,54,0,-53,0.23042192,0.88023335,0.0043898039176457,0.0,99.99999823337257,0.0,0.0038080646956096
1025.0,150,1,54,0,-53,0.23042192,0.88023335,0.0043908836257534,0.0,99.99999823092531,0.0,0.0038107266888598
1025.5,150,1,54,0,-53,0.23042192,0.88023335,0.0043919768559308,0.0,99.99999842618858,0.0,0.0039444132350424
1026.0,151,1,54,0,-53,-0.025641695,0.32326463,0.0043897323212145,0.0,99.99999857297234,0.0,0.0037940012830077
1026.5,152,1,55,0,-54,-0.24413343,0.56600934,0.0043891538982441,0.0,99.99999850121036,0.0,0.0038801167295969
1027.0,151,1,54,0,-53,-0.15569857,-0.025124107,0.0043902463360567,0.0,99.99999849903796,0.0,0.0038813907320888
1027.5,151,1,54,0,-53,-0.15569857,-0.025124107,0.0043913522605823,0.0,99.99999847796374,0.0,0.0038527751944153
1028.0,151,1,54,0,-53,-0.15569857,-0.025124107,0.0043924497709081,0.0,99.99999791454456,0.0,0.0036424223270379
1028.5,151,1,54,0,-53,-0.15569857,-0.025124107,0.0043935096936166,0.0,99.99999750538892,0.0,0.0045893828444418
1029.0,150,1,54,0,-53,0.08273095,0.81902313,0.0043945612326014,0.0,99.99999846767076,0.0,0.0033910738749945
1029.5,150,1,54,0,-53,0.08273095,0.81902313,0.0043956189777946,0.0,99.99999790441991,0.0,0.0044927210706963
1030.0,150,1,54,0,-53,0.08273095,0.81902313,0.0043966829248883,0.0,99.99999819846816,0.0,0.0040807476311037
1030.5,149,1,53,0,-52,0.43625486,0.9552849,0.0043944317313762,0.0,99.99999789507082,0.0,0.0050778151429346
1031.0,149,1,53,0,-52,0.43625486,0.9552849,0.0043921901162472,0.0,99.99999813452764,0.0,0.0050918278164799
1031.5,150,1,54,0,-53,0.3342269,0.21563219,0.0043899435200328,0.0,99.99999802885156,0.0,0.0050491658945008
1032.0,150,1,54,0,-53,0.3342269,0.21563219,0.0043876774428377,0.0,99.99999861319758,0.0,0.0031291226953619
1032.5,151,1,55,0,-54,0.4388578,0.5392556,0.0043854064521036,0.0,99.99999858619302,0.0,0.0033348756496631
1033.0,151,1,55,0,-54,0.4388578,0.5392556,0.0043831450553264,0.0,99.99999858380028,0.0,0.003336063701663
1033.5,151,1,55,0,-54,0.4388578,0.5392556,0.0043808859895896,0.0,99.9999985464459,0.0,0.0039065675219922
1034.0,151,1,55,0,-54,0.4388578,0.5392556,0.0043786292512907,0.0,99.9999985411056,0.0,0.0039081945807907
1034.5,151,1,55,0,-54,0.4388578,0.5392556,0.0043763531710408,0.0,99.9999978837069,0.0,0.0053262318955814
1035.0,151,1,55,0,-54,0.3590598,0.89969695,0.0043740722414646,0.0,99.99999785506444,0.0,0.0053530662983335
1035.5,151,1,56,0,-55,0.138214,-0.9705591,0.004371822515875,0.0,99.99999734677492,0.0,0.0059662139957448
1036.0,152,1,56,0,-55,0.36124003,-0.13728562,0.0043695751033078,0.0,99.99999872362602,0.0,0.0031513702702083
1036.5,152,1,56,0,-55,0.36124003,-0.13728562,0.0043673515767423,0.0,99.9999986529058,0.0,0.0029096585691013
1037.0,152,1,56,0,-55,0.4277416,-0.391127,0.0043651303119784,0.0,99.99999891819728,0.0,0.002638109160296
1037.5,152,1,56,0,-55,0.4277416,-0.391127,0.0043629041279785,0.0,99.9999989190952,0.0,0.0026369076504758
1038.0,152,1,56,0,-55,0.4277416,-0.391127,0.0043606730432466,0.0,99.99999773928585,0.0,0.0042863310162289
1038.5,152,1,56,0,-55,0.4277416,-0.391127,0.0043584370762973,0.0,99.9999977411515,0.0,0.0042830819491988
1039.0,153,1,57,0,-56,0.5913649,-0.070555374,0.0043594886224574,0.0,99.99999808339368,0.0,0.0033864183226783
1039.5,152,1,56,0,-55,0.4831822,0.84782356,0.0043605534093912,0.0,99.99999770723332,0.0,0.0042219046056935
1040.0,151,1,55,0,-54,-0.3873945,0.05259219,0.0043616027987771,0.0,99.99999780583138,0.0,0.0042765350770258
1040.5,152,1,56,0,-55,-0.20441048,-0.23185664,0.0043626654245644,0.0,99.99999861788692,0.0,0.0034956689434455
1041.0,152,1,56,0,-55,-0.20441048,-0.23185664,0.0043637126637826,0.0,99.99999862596968,0.0,0.0034785761463962
1041.5,151,1,55,0,-54,0.19045712,-0.97392595,0.0043647731350179,0.0,99.99999877378576,0.0,0.0029707104449083
1042.0,150,1,55,0,-54,0.012857154,0.61366093,0.0043658253800855,0.0,99.99999743433682,0.0,0.004058880123012
1042.5,149,1,54,0,-53,-0.06399281,0.41445827,0.0043668908490067,0.0,99.99999823312169,0.0,0.0040390210803216
1043.0,149,1,54,0,-53,-0.06399281,0.41445827,0.0043679695321855,0.0,99.99999825813232,0.0,0.0039894362237761
1043.5,150,1,55,0,-54,0.44545525,0.39645055,0.0043690399884887,0.0,99.99999841372218,0.0,0.0035818467361904
1044.0,150,1,55,0,-54,-0.45524263,0.6814589,0.0043701165092019,0.0,99.99999761127782,0.0,0.0045206643526874
1044.5,150,1,55,0,-54,-0.45524263,0.6814589,0.0043712062307657,0.0,99.99999692432849,0.0,0.0052743398327448
1045.0,147,1,52,0,-51,-0.49350888,-0.16432047,0.0043723091441343,0.0,99.99999826468633,0.0,0.0040725666266651
1045.5,148,1,53,0,-52,0.32258767,-0.34493,0.0043734181036663,0.0,99.99999826418934,0.0,0.0040720429996216
1046.0,149,1,53,0,-52,0.03956221,0.21769787,0.0043745473762502,0.0,99.99999842023328,0.0,0.003174960444786
1046.5,150,1,54,0,-53,0.10965878,-0.527843,0.0043724078566398,0.0,99.9999983932012,0.0,0.0032032707705783
1047.0,150,1,54,0,-53,-0.2739814,0.25755295,0.0043734438752232,0.0,99.99999773639192,0.0,0.0058903620615805
1047.5,150,1,54,0,-53,-0.2739814,0.25755295,0.0043744788409422,0.0,99.99999832312216,0.0,0.004258033612391
1048.0,151,1,53,0,-52,-0.2927915,0.42018408,0.004375512755401,0.0,99.99999831907364,0.0,0.0042616957767369
1048.5,151,1,53,0,-52,-0.2927915,0.42018408,0.004376566981812,0.0,99.9999981636686,0.0,0.0044342210482602
1049.0,149,1,51,0,-50,-0.3721416,0.5706701,0.004377613030066,0.0,99.99999816566071,0.0,0.0044143897074584
1049.5,149,1,51,0,-50,-0.3721416,0.5706701,0.0043786651410144,0.0,99.9999980897459,0.0,0.0042918365317096
1050.0,149,1,51,0,-50,-0.3721416,0.5706701,0.0043797233106549,0.0,99.99999825746744,0.0,0.0044193412338191
1050.5,149,1,51,0,-50,-0.3721416,0.5706701,0.0043807875350519,0.0,99.99999759029996,0.0,0.0058760306121268
1051.0,150,1,51,0,-50,-0.17412409,0.771763,0.004383480720637,0.0,99.99999818653544,0.0,0.0043419850254792
1051.5,152,1,53,0,-52,-0.071350664,-0.7717584,0.0043877791024923,0.0,99.99999823776368,0.0,0.0040645079570533
1052.0,152,1,53,0,-52,-0.071350664,-0.7717584,0.0043921230378121,0.0,99.99999869976958,0.0,0.00330608846747
1052.5,152,1,53,0,-52,-0.071350664,-0.7717584,0.0043996966397013,0.0,99.99999836532774,0.0,0.0053720452041362
1053.0,152,1,53,0,-52,-0.071350664,-0.7717584,0.004405628838728,0.0,99.99999889605044,0.0,0.0032044673567288
1053.5,152,1,53,0,-52,0.28957427,-0.5490699,0.0044099148614454,0.0,99.99999820372774,0.0,0.0044794186912116
1054.0,152,1,53,0,-52,0.28957427,-0.5490699,0.0044141609129934,0.0,99.99999799532668,0.0,0.004782258331315
1054.5,153,1,54,0,-53,-0.5126749,-0.4157089,0.0044200199572068,0.0,99.9999984700924,0.0,0.0040751146923329
1055.0,153,1,54,0,-53,-0.5126749,-0.4157089,0.0044274967104944,0.0,99.99999795810928,0.0,0.0043265393004471
1055.5,153,1,54,0,-53,-0.5126749,-0.4157089,0.0044349731154999,0.0,99.99999809003737,0.0,0.0043381394908745
1056.0,154,1,55,0,-54,-0.21329528,0.65260905,0.0044424492089662,0.0,99.99999774909936,0.0,0.0053534707210735
1056.5,153,1,54,0,-53,-0.25315925,-1.2145681,0.0044499322099554,0.0,99.9999981545139,0.0,0.0047410611223967
1057.0,151,1,53,0,-52,0.097550884,0.70429873,0.0044574149896913,0.0,99.99999817569812,0.0,0.0047017564242065
1057.5,150,1,52,0,-51,0.36909956,0.5370523,0.0044665028411472,0.0,99.99999766515992,0.0,0.0042757185299404
1058.0,150,1,52,0,-51,0.36909956,0.5370523,0.004473977278771,0.0,99.9999980762124,0.0,0.004246425533864
1058.5,150,1,52,0,-51,0.44026822,0.18864694,0.0044814443717762,0.0,99.99999757331464,0.0,0.0056315339913526
1059.0,150,1,52,0,-51,0.44026822,0.18864694,0.0044872796008301,0.0,99.99999734964015,0.0,0.0059226135465824
1059.5,150,1,52,0,-51,0.44026822,0.18864694,0.004491463644249,0.0,99.99999755094558,0.0,0.0044785576292763
1060.0,151,1,53,0,-52,0.19526611,0.64148426,0.0044956290261615,0.0,99.9999975499452,0.0,0.0043753009744263
1060.5,152,1,54,0,-53,-0.33019048,0.50220835,0.0044997974367713,0.0,99.9999978895342,0.0,0.0035200434105441
1061.0,152,1,54,0,-53,-0.33019048,0.50220835,0.0045039833659522,0.0,99.99999765964796,0.0,0.0037135875916463
1061.5,152,1,54,0,-53,-0.33019048,0.50220835,0.0045065590831416,0.0,99.99999765909756,0.0,0.0037133367133017
1062.0,152,1,54,0,-53,-0.33019048,0.50220835,0.0045107229998715,0.0,99.99999749113856,0.0,0.0058906644168556
1062.5,152,1,54,0,-53,-0.33019048,0.50220835,0.0045148827478211,0.0,99.99999749095372,0.0,0.0058909549325727
1063.0,151,1,53,0,-52,0.19526611,0.64148426,0.0045190093459142,0.0,99.9999978140534,0.0,0.0043572949781327
1063.5,151,1,53,0,-52,0.19526611,0.64148426,0.0045231535131375,0.0,99.9999982022511,0.0,0.0043658662991966
1064.0,152,1,54,0,-53,0.26436305,0.7605929,0.0045240967426183,0.0,99.99999820454065,0.0,0.0043623798005126
1064.5,152,1,54,0,-53,0.26436305,0.7605929,0.0045250390296625,0.0,99.99999820092414,0.0,0.0046082212654301
1065.0,153,1,55,0,-54,-0.39078414,0.60092473,0.0045259731322358,0.0,99.99999720131632,0.0,0.0066711527551113
1065.5,153,1,55,0,-54,-0.39078414,0.60092473,0.004526928023444,0.0,99.99999851781192,0.0,0.0037811163536074
1066.0,154,1,56,0,-55,0.15781887,0.6829431,0.0045278819680937,0.0,99.99999851083828,0.0,0.0037995291327258
1066.5,154,1,56,0,-55,0.15781887,0.6829431,0.0045272441659595,0.0,99.99999796383013,0.0,0.0041772589710213
1067.0,155,1,57,0,-56,0.08065446,0.5399382,0.0045250169708102,0.0,99.99999795035166,0.0,0.0041983047326288
1067.5,154,1,57,0,-56,0.12809373,0.49347836,0.0045228064069631,0.0,99.99999796167084,0.0,0.0056558815585051
1068.0,154,1,57,0,-56,0.12809373,0.49347836,0.004520583574947,0.0,99.99999761469203,0.0,0.0055764647908263
1068.5,154,1,57,0,-56,0.12809373,0.49347836,0.0045183557204329,0.0,99.99999715825284,0.0,0.0059085506536124
1069.0,154,1,57,0,-56,0.12809373,0.49347836,0.0045161300607198,0.0,99.99999738652812,0.0,0.005896873458974
1069.5,153,1,56,0,-55,-0.30595988,0.23630989,0.0045139209769061,0.0,99.99999728166205,0.0,0.0057875822421737
1070.0,153,1,56,0,-55,-0.30595988,0.23630989,0.0045117140532009,0.0,99.99999790274308,0.0,0.0045777315457462
1070.5,154,1,57,0,-56,-0.2183961,-0.13192236,0.0045126784776276,0.0,99.99999839922828,0.0,0.0044062214960972
1071.0,153,1,56,0,-55,-0.20780587,0.07736775,0.0045136491349767,0.0,99.99999728575,0.0,0.0047498285085238
1071.5,154,1,57,0,-56,-0.013324723,0.79095745,0.0045145973039632,0.0,99.9999977665881,0.0,0.0045875076947633
1072.0,154,1,57,0,-56,-0.013324723,0.79095745,0.0045155445355712,0.0,99.99999745750368,0.0,0.0042577675912245
1072.5,154,1,57,0,-56,-0.013324723,0.79095745,0.0045180579340846,0.0,99.99999821983609,0.0,0.0033366744954423
1073.0,153,1,56,0,-55,-0.15000407,-0.20138164,0.0045221710231729,0.0,99.99999693299672,0.0,0.0047875655011204
1073.5,151,1,54,0,-53,0.16417496,-0.28149647,0.0045262872224435,0.0,99.99999735931266,0.0,0.0040785562026186
1074.0,151,1,54,0,-53,0.16417496,-0.28149647,0.0045303993604142,0.0,99.99999710755768,0.0,0.005265782646036
1074.5,152,1,55,0,-54,-0.70239156,0.027803976,0.0045329363248493,0.0,99.99999704845492,0.0,0.0050802942603925
1075.0,152,1,55,0,-54,-0.70239156,0.027803976,0.0045338573443417,0.0,99.999998320364,0.0,0.003604342133036
1075.5,153,1,56,0,-55,0.13091862,-0.33496717,0.0045347630851594,0.0,99.99999838381528,0.0,0.0034272429246866
1076.0,153,1,56,0,-55,0.13091862,-0.33496717,0.0045356822837674,0.0,99.999998152625,0.0,0.0035784059834798
1076.5,153,1,56,0,-55,0.13091862,-0.33496717,0.004533428696208,0.0,99.99999776281486,0.0,0.0055086356471706
1077.0,154,1,57,0,-56,-0.27674574,0.2692555,0.0045311845133128,0.0,99.99999861130556,0.0,0.0033866892763943
1077.5,153,1,56,0,-55,-1.1250912,0.04027835,0.0045289353919307,0.0,99.99999865472206,0.0,0.0034400402480505
1078.0,154,1,56,0,-55,-1.064272,-0.57639825,0.004526674197957,0.0,99.99999865201356,0.0,0.0034418994833133
1078.5,154,1,56,0,-55,-1.064272,-0.57639825,0.0045244081158248,0.0,99.99999832798198,0.0,0.0041166244514889
1079.0,154,1,56,0,-55,-1.064272,-0.57639825,0.0045221371636019,0.0,99.99999863231182,0.0,0.0036969197242322
1079.5,154,1,56,0,-55,-1.064272,-0.57639825,0.0045198684899695,0.0,99.9999980170034,0.0,0.0053288287613057
1080.0,155,1,57,0,-56,0.34931868,-0.28600734,0.0045176163384758,0.0,99.99999764626678,0.0,0.005679813561661
1080.5,155,1,57,0,-56,0.34931868,-0.28600734,0.004515373546688,0.0,99.99999811838,0.0,0.0049839741938066
1081.0,155,1,57,0,-56,0.34931868,-0.28600734,0.0045131543089202,0.0,99.99999817830135,0.0,0.0050711236074778
1081.5,155,1,57,0,-56,0.34931868,-0.28600734,0.0045109230466443,0.0,99.9999975816622,0.0,0.005246166375413
1082.0,154,1,56,0,-55,-0.07104434,-0.19365993,0.0045086727034095,0.0,99.9999972175482,0.0,0.0052817428534962
1082.5,153,1,56,0,-55,-0.5186675,0.5255005,0.0045064175160437,0.0,99.99999843661736,0.0,0.0040196460293564
1083.0,153,1,56,0,-55,-0.5186675,0.5255005,0.004504178745936,0.0,99.99999773996409,0.0,0.0049688289586654
1083.5,153,1,56,0,-55,-0.5186675,0.5255005,0.0045019421991476,0.0,99.9999983879175,0.0,0.004156553740826
1084.0,153,1,56,0,-55,0.15997557,-0.6371674,0.0045012925903007,0.0,99.9999983059452,0.0,0.0042556165171769
1084.5,153,1,56,0,-55,0.15997557,-0.6371674,0.0045022204989176,0.0,99.99999766654672,0.0,0.0052299868418225
1085.0,153,1,56,0,-55,0.15997557,-0.6371674,0.0045031333649232,0.0,99.99999897200578,0.0,0.0030004376959318
1085.5,153,1,56,0,-55,0.15997557,-0.6371674,0.0045040523925425,0.0,99.99999868929284,0.0,0.0033378172451964
1086.0,152,1,55,0,-54,-0.31084365,-0.015190687,0.0045049634539934,0.0,99.99999880452522,0.0,0.0030935328793161
1086.5,152,1,55,0,-54,-0.52586776,0.5994321,0.0045058736161985,0.0,99.999998545565,0.0,0.003400178675233
1087.0,151,1,54,0,-53,-0.7083943,0.002537828,0.0045067687658061,0.0,99.99999909231188,0.0,0.0025735328155939
1087.5,151,1,54,0,-53,-0.7083943,0.002537828,0.0045076418615934,0.0,99.99999759659404,0.0,0.0042622388621252
1088.0,151,1,54,0,-53,-0.7083943,0.002537828,0.0045085140832401,0.0,99.99999772352284,0.0,0.0042191821030597
1088.5,151,1,54,0,-53,-0.14807637,0.26007822,0.0045094136355036,0.0,99.99999821057328,0.0,0.0037167525788086
1089.0,151,1,54,0,-53,-0.14807637,0.26007822,0.0045103193481135,0.0,99.99999861880146,0.0,0.003412501139995
1089.5,152,1,55,0,-54,0.18346347,0.2278148,0.0045111959824113,0.0,99.99999825024094,0.0,0.0039650766573453
1090.0,152,1,55,0,-54,0.18346347,0.2278148,0.0045120646989484,0.0,99.99999824988797,0.0,0.0039656322940047
1090.5,152,1,55,0,-54,0.18346347,0.2278148,0.0045098115710217,0.0,99.99999786208744,0.0,0.0046604251235273
1091.0,151,1,54,0,-53,0.118041545,0.25841004,0.0045075747532141,0.0,99.99999895594266,0.0,0.0032895529525523
1091.5,151,1,54,0,-53,0.118041545,0.25841004,0.0045053190825985,0.0,99.99999787562022,0.0,0.0047111741394252
1092.0,151,1,54,0,-53,0.118041545,0.25841004,0.0045030165536497,0.0,99.99999767393425,0.0,0.0052348480049178
1092.5,151,1,54,0,-53,0.118041545,0.25841004,0.0045007023587417,0.0,99.999998130748,0.0,0.0047002393390898
1093.0,150,1,53,0,-52,0.10755417,-0.2681661,0.0044983975431589,0.0,99.9999985016089,0.0,0.003874108313921
1093.5,149,1,52,0,-51,0.362055,-0.32087857,0.0044960880922118,0.0,99.99999850131876,0.0,0.0038739954070355
1094.0,149,1,52,0,-51,0.362055,-0.32087857,0.0044937949865419,0.0,99.99999884761134,0.0,0.0033599428573876
1094.5,149,1,52,0,-51,0.362055,-0.32087857,0.0044915321408755,0.0,99.9999981625222,0.0,0.0042775751284286
1095.0,147,1,51,0,-50,-0.1374073,0.13243233,0.0044892924937165,0.0,99.999997568352,0.0,0.0046410838214913
1095.5,147,1,52,0,-51,0.17572512,0.55168605,0.0044886007241381,0.0,99.99999757259684,0.0,0.0046360213845224
1096.0,147,1,52,0,-51,-0.11918329,-0.06889357,0.0044894614818792,0.0,99.99999757784704,0.0,0.0046299804026503
1096.5,147,1,52,0,-51,-0.11918329,-0.06889357,0.0044903144150725,0.0,99.99999801798158,0.0,0.004214933285718
1097.0,146,1,51,0,-50,-0.34529704,0.8550321,0.0044911804192595,0.0,99.99999890817382,0.0,0.0030209975885353
1097.5,146,1,51,0,-50,-0.34529704,0.8550321,0.0044920525224602,0.0,99.99999890845436,0.0,0.0030197333710338
1098.0,146,1,51,0,-50,-0.34529704,0.8550321,0.0044929168028273,0.0,99.9999990898522,0.0,0.0026632077217364
1098.5,146,1,51,0,-50,-0.34529704,0.8550321,0.0044937871805548,0.0,99.99999909058722,0.0,0.0026614683749355
1099.0,146,1,51,0,-50,-0.34529704,0.8550321,0.0044947053763174,0.0,99.99999786283256,0.0,0.0042116822533321
1099.5,146,1,51,0,-50,-0.34529704,0.8550321,0.0044971343913249,0.0,99.9999984938302,0.0,0.0031470821353623
1100.0,145,1,51,0,-50,0.54137313,0.33101678,0.0044995610184372,0.0,99.99999845263584,0.0,0.0032058183502046
1100.5,145,1,51,0,-50,0.54137313,0.33101678,0.004500440310844,0.0,99.99999845014317,0.0,0.0032065294343147
1101.0,145,1,51,0,-50,0.54137313,0.33101678,0.0045013256906021,0.0,99.99999788993824,0.0,0.0051540252648751
1101.5,145,1,51,0,-50,0.45243102,-0.034611102,0.0045022310507315,0.0,99.9999980050214,0.0,0.005204096148057
1102.0,144,1,50,0,-49,-0.2022633,0.74411,0.0045031355337349,0.0,99.99999799079556,0.0,0.0052225920625847
1102.5,144,1,50,0,-49,-0.2022633,0.74411,0.0045040530309455,0.0,99.9999979387886,0.0,0.004422327196269
1103.0,145,1,51,0,-50,0.5662078,0.27255425,0.0045065108601671,0.0,99.99999733530863,0.0,0.0054440057617753
1103.5,145,1,51,0,-50,-0.032751888,-0.59286547,0.00451049290383,0.0,99.99999832722638,0.0,0.0039905313536379
1104.0,145,1,51,0,-50,-0.032751888,-0.59286547,0.0045144710970688,0.0,99.99999711529858,0.0,0.0055838464570569
1104.5,144,1,50,0,-49,0.6014169,0.46241012,0.004518466306954,0.0,99.99999764797144,0.0,0.0048609846867885
1105.0,145,1,51,0,-50,0.19040541,-0.33731848,0.0045224785643745,0.0,99.99999874318884,0.0,0.0032417679190862
1105.5,145,1,51,0,-50,0.19040541,-0.33731848,0.0045249286205194,0.0,99.9999973462446,0.0,0.0042782910082875
1106.0,145,1,51,0,-50,0.19040541,-0.33731848,0.0045258325918344,0.0,99.9999974118407,0.0,0.0047753240906054
1106.5,145,1,51,0,-50,0.19040541,-0.33731848,0.0045267148369338,0.0,99.99999750708749,0.0,0.0046409494938379
1107.0,147,1,53,0,-52,0.23537706,-0.9187474,0.0045275823263083,0.0,99.99999836473226,0.0,0.0038782126385823
1107.5,148,1,54,0,-53,-0.14333232,0.35844728,0.0045284559208295,0.0,99.999998061731,0.0,0.0042123429663702
1108.0,149,1,55,0,-54,-0.12000881,0.4953585,0.0045293217214183,0.0,99.99999779353796,0.0,0.0044633606201718
1108.5,149,1,55,0,-54,-0.12000881,0.4953585,0.0045301936255346,0.0,99.9999986775952,0.0,0.0035565959390339
1109.0,149,1,55,0,-54,-0.12000881,0.4953585,0.0045310646852771,0.0,99.99999858201195,0.0,0.0039180692361519
1109.5,148,1,55,0,-54,0.08836277,-0.23650888,0.0045319487839245,0.0,99.99999774566696,0.0,0.0053158447318838
1110.0,148,1,55,0,-54,0.08836277,-0.23650888,0.0045328389716992,0.0,99.99999816393222,0.0,0.0043999621589578
1110.5,148,1,55,0,-54,0.08836277,-0.23650888,0.0045337213696949,0.0,99.99999816245452,0.0,0.0044011418794088
1111.0,148,1,55,0,-54,0.08836277,-0.23650888,0.0045346029201925,0.0,99.99999816081738,0.0,0.0044029244088517
1111.5,147,1,54,0,-53,-0.1556354,0.4977152,0.0045354628251026,0.0,99.9999975151626,0.0,0.0057864343714949
1112.0,147,1,54,0,-53,-0.1556354,0.4977152,0.0045363149660196,0.0,99.99999871144894,0.0,0.0034617554062813
1112.5,147,1,54,0,-53,-0.1556354,0.4977152,0.0045371593503508,0.0,99.99999843229013,0.0,0.0037278009117325
1113.0,147,1,54,0,-53,-0.1556354,0.4977152,0.0045380098392234,0.0,99.9999984303972,0.0,0.0039047879594251
1113.5,147,1,54,0,-53,-0.1556354,0.4977152,0.0045373476807501,0.0,99.999998269749,0.0,0.0043183733648303
1114.0,147,1,54,0,-53,-0.1556354,0.4977152,0.004535161223914,0.0,99.9999979873089,0.0,0.0039586436453968
1114.5,147,1,54,0,-53,-0.1556354,0.4977152,0.0045329699641203,0.0,99.9999978104596,0.0,0.0042604441986018
1115.0,148,1,55,0,-54,0.28388536,-0.31748617,0.0045307739183424,0.0,99.99999780969084,0.0,0.0042613034468667
1115.5,148,1,55,0,-54,0.3800739,-0.6074484,0.00452857999933,0.0,99.99999780866682,0.0,0.0042626086585372
1116.0,148,1,55,0,-54,0.022872865,-0.057953257,0.0045264088713961,0.0,99.99999851243732,0.0,0.0034035746006921
1116.5,147,1,54,0,-53,0.02992241,0.05518392,0.0045242535894338,0.0,99.9999985590952,0.0,0.0033271104255298
1117.0,146,1,53,0,-52,0.09379996,-0.8997091,0.0045221691206099,0.0,99.99999794790853,0.0,0.00411630762789
1117.5,146,1,53,0,-52,0.09379996,-0.8997091,0.0045200865716648,0.0,99.99999782127148,0.0,0.0042341200359758
1118.0,147,1,54,0,-53,0.41311896,0.46210665,0.0045179853492095,0.0,99.99999738532668,0.0,0.0048012059595372
1118.5,146,1,53,0,-52,0.40994054,0.44701916,0.0045158655079893,0.0,99.99999879508248,0.0,0.0031250214013812
1119.0,146,1,53,0,-52,0.40994054,0.44701916,0.0045137476550974,0.0,99.99999827616588,0.0,0.0035382737325422
1119.5,145,1,52,0,-51,0.13875277,-0.86095524,0.0045116249434909,0.0,99.99999827574943,0.0,0.0035392460130315
1120.0,145,1,52,0,-51,0.13875277,-0.86095524,0.0045094905519046,0.0,99.9999988201982,0.0,0.0029897834936632
1120.5,145,1,52,0,-51,0.13875277,-0.86095524,0.0045073513475828,0.0,99.99999777474096,0.0,0.0043769698902915
1121.0,146,1,53,0,-52,0.40340197,0.44784302,0.0045052482961405,0.0,99.99999811291266,0.0,0.0050162472617951
1121.5,146,1,53,0,-52,0.40340197,0.44784302,0.0045031335692405,0.0,99.99999860273246,0.0,0.0039986820677382
1122.0,146,1,53,0,-52,0.40340197,0.44784302,0.0045010072025195,0.0,99.99999856831612,0.0,0.0041659282945924
1122.5,146,1,53,0,-52,0.40340197,0.44784302,0.0044988488150812,0.0,99.99999800666887,0.0,0.0049563658541305
1123.0,145,1,52,0,-51,0.12946174,-1.0158098,0.0044966653008335,0.0,99.99999852378863,0.0,0.0050320206006964
1123.5,145,1,52,0,-51,0.12946174,-1.0158098,0.0044944635281992,0.0,99.99999860453094,0.0,0.004050957644521
1124.0,145,1,52,0,-51,0.12946174,-1.0158098,0.0044922503394866,0.0,99.99999859985188,0.0,0.0040597146387146
1124.5,146,1,53,0,-52,0.06386517,-0.7997297,0.0044900325504713,0.0,99.99999884618823,0.0,0.0038903071948674
1125.0,146,1,53,0,-52,0.06386517,-0.7997297,0.0044878440391199,0.0,99.99999811093932,0.0,0.0042987034732308
1125.5,147,1,53,0,-52,0.08739793,-0.6858741,0.0044856914888001,0.0,99.9999983626594,0.0,0.0035944822517699
1126.0,146,1,52,0,-51,-0.43524343,0.5991704,0.0044835545210179,0.0,99.99999819323531,0.0,0.0039747224149899
1126.5,146,1,52,0,-51,-0.43524343,0.5991704,0.0044814263412634,0.0,99.99999857900048,0.0,0.0036569828435308
1127.0,146,1,52,0,-51,-0.43524343,0.5991704,0.0044792731949989,0.0,99.99999764898232,0.0,0.0049020998988693
1127.5,146,1,52,0,-51,-0.43524343,0.5991704,0.0044771288567062,0.0,99.99999754679978,0.0,0.0049505167028976
1128.0,146,1,52,0,-51,-0.43524343,0.5991704,0.0044749933040618,0.0,99.9999975572108,0.0,0.005001380888991
1128.5,146,1,52,0,-51,0.0077403486,-0.55365527,0.0044728597877271,0.0,99.99999811731566,0.0,0.0048114892015542
1129.0,147,1,52,0,-51,0.6920151,0.24119094,0.0044707283047912,0.0,99.99999834741892,0.0,0.0042712861553794
1129.5,147,1,52,0,-51,0.6920151,0.24119094,0.0044685921380425,0.0,99.99999828504482,0.0,0.0037092117698046
1130.0,146,1,51,0,-50,-0.062321335,0.057080943,0.0044664647195844,0.0,99.9999982444798,0.0,0.0038820315395284
1130.5,142,1,48,0,-47,0.58004797,0.4862717,0.004465853856246,0.0,99.9999974988174,0.0,0.0047176871110166
1131.0,146,1,51,0,-50,-0.062321335,0.057080943,0.004466697074816,0.0,99.99999820358872,0.0,0.0042959623837422
1131.5,145,1,51,0,-50,0.76577854,-0.4216104,0.0044675260793147,0.0,99.9999984355574,0.0,0.0040758457452438
1132.0,146,1,52,0,-51,0.109420285,-0.70671636,0.0044683475807817,0.0,99.99999853514132,0.0,0.0040712158243836
1132.5,146,1,52,0,-51,0.109420285,-0.70671636,0.0044691682822392,0.0,99.9999986502123,0.0,0.0038239204916725
1133.0,146,1,52,0,-51,0.109420285,-0.70671636,0.0044699681037451,0.0,99.9999989577597,0.0,0.0030425452410849
1133.5,146,1,52,0,-51,0.109420285,-0.70671636,0.0044722504939232,0.0,99.99999892678063,0.0,0.0029190236302962
1134.0,145,1,53,0,-52,0.039241195,0.019713785,0.0044760400210637,0.0,99.999999205875,0.0,0.0023871477891923
1134.5,144,1,52,0,-51,0.43836516,0.45509988,0.0044768486813183,0.0,99.99999882030674,0.0,0.0031884115319718
1135.0,144,1,52,0,-51,0.43836516,0.45509988,0.0044776565535794,0.0,99.99999876013456,0.0,0.0028436073092871
1135.5,141,1,50,0,-49,0.58463573,-0.78024554,0.0044755094327784,0.0,99.99999842044348,0.0,0.0034287515609847
1136.0,141,1,50,0,-49,0.58463573,-0.78024554,0.0044733710494056,0.0,99.9999985939248,0.0,0.0031713766248401
1136.5,142,1,50,0,-49,0.5842983,-0.8605316,0.0044712347084817,0.0,99.99999859283145,0.0,0.0031731483905142
1137.0,142,1,50,0,-49,0.5842983,-0.8605316,0.0044691070736,0.0,99.9999980342762,0.0,0.0035976405525736
1137.5,142,1,50,0,-49,0.5842983,-0.8605316,0.0044669748024452,0.0,99.99999803555356,0.0,0.0035947542668087
1138.0,140,1,49,0,-48,1.0969392,-0.38286877,0.004464784681437,0.0,99.99999778281952,0.0,0.0038197348360046
1138.5,140,1,49,0,-48,1.0969392,-0.38286877,0.0044626100012511,0.0,99.9999991740448,0.0,0.0022079082062574
1139.0,141,1,50,0,-49,0.46260136,0.3744614,0.0044604573606479,0.0,99.99999861940977,0.0,0.0029990189700682
1139.5,140,1,48,0,-47,0.9159041,-0.041892316,0.0044583399677678,0.0,99.99999881536836,0.0,0.002844293147417
1140.0,141,1,48,0,-47,0.3362835,0.45540082,0.0044562179560595,0.0,99.99999767466646,0.0,0.0040644363312646
1140.5,141,1,48,0,-47,0.3362835,0.45540082,0.00445410458523,0.0,99.99999875582516,0.0,0.0030404826692884
1141.0,140,1,47,0,-46,0.30426353,0.83630025,0.0044549717960758,0.0,99.9999981706062,0.0,0.0037437178200578
1141.5,140,1,47,0,-46,0.30426353,0.83630025,0.0044558381877214,0.0,99.99999821682536,0.0,0.0036950503328818
1142.0,140,1,47,0,-46,0.30426353,0.83630025,0.0044566971450118,0.0,99.9999988314198,0.0,0.0037461718439521
1142.5,142,1,48,0,-47,-0.43873954,0.15460661,0.0044575486746805,0.0,99.99999747833807,0.0,0.006111742321126
1143.0,142,1,48,0,-47,-0.43873954,0.15460661,0.0044583927835143,0.0,99.99999804929146,0.0,0.0044413131676759
1143.5,143,1,49,0,-48,-0.050309584,-0.46559006,0.0044592294783531,0.0,99.99999803566968,0.0,0.0044634906820542
1144.0,143,1,49,0,-48,-0.050309584,-0.46559006,0.0044571282935777,0.0,99.99999731020426,0.0,0.004986123482691
1144.5,143,1,49,0,-48,-0.050309584,-0.46559006,0.004455042284394,0.0,99.9999972694688,0.0,0.0050297321490929
1145.0,143,1,49,0,-48,-0.050309584,-0.46559006,0.0044529582268699,0.0,99.99999723895114,0.0,0.0050625002982796
1145.5,144,1,50,0,-49,-0.011075459,-0.4174104,0.0044508761182678,0.0,99.99999724446188,0.0,0.0050753588746932
1146.0,144,1,50,0,-49,-0.011075459,-0.4174104,0.0044488156950904,0.0,99.99999795268366,0.0,0.0045302500247516
1146.5,144,1,50,0,-49,-0.011075459,-0.4174104,0.0044467768998218,0.0,99.99999794746884,0.0,0.0045366743429566
1147.0,144,1,50,0,-49,-0.011075459,-0.4174104,0.0044447071339913,0.0,99.99999780459548,0.0,0.0043793142813117
1147.5,144,1,50,0,-49,-0.011075459,-0.4174104,0.0044426130481081,0.0,99.99999828427548,0.0,0.0036873180757172
1148.0,144,1,50,0,-49,-0.011075459,-0.4174104,0.0044404881584522,0.0,99.99999715269446,0.0,0.0056131337283713
1148.5,144,1,50,0,-49,-0.011075459,-0.4174104,0.0044383653004823,0.0,99.99999715906826,0.0,0.0056059942732849
1149.0,144,1,50,0,-49,-0.011075459,-0.4174104,0.0044362183008752,0.0,99.99999766760168,0.0,0.0053613236744544
1149.5,145,1,50,0,-49,0.3127883,-0.13597289,0.0044340733774283,0.0,99.99999766695906,0.0,0.0053621563719852
1150.0,146,1,51,0,-50,0.21812199,-0.35860544,0.0044319305271315,0.0,99.99999766591252,0.0,0.0053633846544116
1150.5,148,1,53,0,-52,-0.3196744,0.23518945,0.0044298093179153,0.0,99.99999835614013,0.0,0.0045020800331781
1151.0,149,1,52,0,-51,-0.3145486,0.1457266,0.0044277031731382,0.0,99.99999840600589,0.0,0.0042263439147106
1151.5,149,1,52,0,-51,-0.30470425,0.9584849,0.0044255729851725,0.0,99.99999859249068,0.0,0.0035341151162261
1152.0,148,1,52,0,-51,0.56677806,-0.7973865,0.0044234318360624,0.0,99.99999719699694,0.0,0.0056624767233223
1152.5,149,1,51,0,-50,0.15130515,0.15214868,0.0044212862591773,0.0,99.99999719573198,0.0,0.0056647463142798
1153.0,149,1,51,0,-50,0.15130515,0.15214868,0.0044191817168109,0.0,99.99999764090204,0.0,0.0060705732182513
1153.5,148,1,50,0,-49,0.7173061,0.5870706,0.0044171180947653,0.0,99.9999979636042,0.0,0.0057316282819362
1154.0,143,1,47,0,-46,-0.51799446,-0.479293,0.0044150758400826,0.0,99.999998404428,0.0,0.0042221677936978
1154.5,143,1,47,0,-46,-0.51799446,-0.479293,0.0044144442846957,0.0,99.99999791043756,0.0,0.0048477230864782
1155.0,143,1,47,0,-46,-0.51799446,-0.479293,0.0044152538147734,0.0,99.99999775027456,0.0,0.0047701211099253
1155.5,148,1,50,0,-49,0.7173061,0.5870706,0.0044160496215652,0.0,99.9999976847692,0.0,0.00530742673595
1156.0,146,1,51,0,-50,0.109354496,0.6997726,0.0044168381884371,0.0,99.99999830175888,0.0,0.0035804215532478
1156.5,146,1,51,0,-50,0.109354496,0.6997726,0.004417632459422,0.0,99.99999874873605,0.0,0.0031912818588951
1157.0,144,1,51,0,-50,-0.22915672,0.4826231,0.0044184194966602,0.0,99.99999829150757,0.0,0.0035938072166378
1157.5,145,1,51,0,-50,-0.41647172,0.45280856,0.0044191993072052,0.0,99.9999982869171,0.0,0.0035998804456206
1158.0,144,1,51,0,-50,-0.21379286,0.006117966,0.0044228961270051,0.0,99.99999847918453,0.0,0.0037712750733542
1158.5,144,1,51,0,-50,-0.21379286,0.006117966,0.0044266216940998,0.0,99.99999736746788,0.0,0.0043762126167643
1159.0,144,1,51,0,-50,-0.21379286,0.006117966,0.0044303566342143,0.0,99.99999736023432,0.0,0.0043830730375091
1159.5,143,1,50,0,-49,-0.007780522,1.0155412,0.0044340880189102,0.0,99.99999729188144,0.0,0.0049174559883214
1160.0,144,1,51,0,-50,-0.4987486,0.45807737,0.004437809377043,0.0,99.99999878996856,0.0,0.0027398768519391
1160.5,144,1,51,0,-50,-0.4987486,0.45807737,0.0044415207066758,0.0,99.99999761385304,0.0,0.0039795982747684
1161.0,145,1,52,0,-51,-0.040380597,0.9447378,0.0044452284867853,0.0,99.99999760248684,0.0,0.0039892458587517
1161.5,145,1,52,0,-51,-0.040380597,0.9447378,0.0044489132731498,0.0,99.99999756701364,0.0,0.004034413069012
1162.0,146,1,53,0,-52,-0.21238555,0.002086889,0.0044526009918944,0.0,99.9999979595454,0.0,0.0036624931828894
1162.5,149,1,55,0,-54,0.06429157,0.646979,0.0044562981425054,0.0,99.9999973441808,0.0,0.0046937950382242
1163.0,150,1,56,0,-55,0.80460125,-0.10819659,0.0044599787841792,0.0,99.99999754271896,0.0,0.0045695739555077
1163.5,149,1,57,0,-56,-0.028793186,-0.68851924,0.0044636558927093,0.0,99.99999754745136,0.0,0.0045660548880054
1164.0,150,1,58,0,-57,0.2945283,-0.48595035,0.0044644090218568,0.0,99.99999864142887,0.0,0.0030950156702992
1164.5,151,1,58,0,-57,-0.05653043,-0.98073316,0.0044651549363719,0.0,99.9999987606306,0.0,0.0032310867371254
1165.0,151,1,58,0,-57,-0.05653043,-0.98073316,0.0044658741857948,0.0,99.99999832382804,0.0,0.0041522493969568
1165.5,150,1,57,0,-56,-0.77060264,0.038167503,0.0044665732803983,0.0,99.9999978453242,0.0,0.0046875622200341
1166.0,149,1,56,0,-55,-0.1746918,-1.1164961,0.0044672716852742,0.0,99.99999784556168,0.0,0.0046876392773513
1166.5,149,1,56,0,-55,-0.1746918,-1.1164961,0.0044679953188286,0.0,99.9999975962008,0.0,0.0044591914981354
1167.0,147,1,55,0,-54,0.08831018,1.154076,0.0044687052930169,0.0,99.9999972588279,0.0,0.0047757159612234
1167.5,147,1,56,0,-55,-0.80739385,0.5553216,0.0044694275221117,0.0,99.9999984177765,0.0,0.0034363764718387
1168.0,147,1,56,0,-55,-0.80739385,0.5553216,0.0044672917496289,0.0,99.99999807589762,0.0,0.0038664370928709
1168.5,147,1,56,0,-55,-0.80739385,0.5553216,0.0044651709429543,0.0,99.99999794710185,0.0,0.0040549085072512
1169.0,148,1,57,0,-56,-0.343324,0.7329495,0.0044630134092937,0.0,99.99999743808937,0.0,0.0045435852785754
1169.5,149,1,58,0,-57,-0.2507906,0.8319859,0.004460870860319,0.0,99.99999815535604,0.0,0.0039849798608595
1170.0,149,1,58,0,-57,0.030744568,0.3110208,0.0044616338511834,0.0,99.99999774443786,0.0,0.0048004379852433
1170.5,149,1,58,0,-57,0.030744568,0.3110208,0.0044595068972839,0.0,99.99999810770302,0.0,0.0043589664850671
1171.0,149,1,58,0,-57,0.030744568,0.3110208,0.0044573755342497,0.0,99.99999885931685,0.0,0.0027763062716126
1171.5,149,1,58,0,-57,0.030744568,0.3110208,0.0044552526375037,0.0,99.99999748680904,0.0,0.004505762122143
1172.0,149,1,58,0,-57,0.07828258,0.17118739,0.0044531253380956,0.0,99.99999784716496,0.0,0.0042140054539561
1172.5,148,1,57,0,-56,0.27700782,0.14258794,0.0044509872338707,0.0,99.99999861861195,0.0,0.0039710490947369
1173.0,148,1,57,0,-56,0.27700782,0.14258794,0.0044489088860001,0.0,99.99999816653488,0.0,0.0046152775468784
1173.5,148,1,57,0,-56,0.27700782,0.14258794,0.0044468196668414,0.0,99.99999895068072,0.0,0.003393055253316
1174.0,148,1,57,0,-56,0.27700782,0.14258794,0.0044447324089672,0.0,99.99999849796484,0.0,0.0037037594247086
1174.5,148,1,57,0,-56,0.27700782,0.14258794,0.0044426407160034,0.0,99.99999902921536,0.0,0.0025822230385073
1175.0,149,1,58,0,-57,0.38499582,0.18219301,0.0044405701536722,0.0,99.9999983577528,0.0,0.0044674872050397
1175.5,147,1,56,0,-55,0.10068224,0.29022685,0.0044385142839067,0.0,99.99999842844116,0.0,0.0039202993888212
1176.0,147,1,56,0,-55,0.18354018,0.21798278,0.0044364921962576,0.0,99.9999990325419,0.0,0.002384492579399
1176.5,147,1,56,0,-55,0.18354018,0.21798278,0.0044344910606291,0.0,99.99999724522134,0.0,0.004623159612347
1177.0,147,1,56,0,-55,0.3637005,-0.4271588,0.0044324599075601,0.0,99.99999884822115,0.0,0.0031388122422944
1177.5,147,1,56,0,-55,0.3637005,-0.4271588,0.0044303924635967,0.0,99.9999977233205,0.0,0.0041547366453643
1178.0,146,1,55,0,-54,0.1996031,0.0913025,0.0044283205949184,0.0,99.99999772684124,0.0,0.0041521310285808
1178.5,145,1,54,0,-53,-0.24659598,-0.022395816,0.0044262697027789,0.0,99.99999876327053,0.0,0.003114540673234
1179.0,145,1,54,0,-53,-0.24659598,-0.022395816,0.0044242270501283,0.0,99.99999866546068,0.0,0.0036256173422276
1179.5,146,1,55,0,-54,0.10338949,-0.15051918,0.0044222052865909,0.0,99.99999828625744,0.0,0.003630781704842
1180.0,146,1,55,0,-54,0.10338949,-0.15051918,0.0044201790408769,0.0,99.99999829469417,0.0,0.0036232080973237
1180.5,146,1,54,0,-53,0.41242296,-0.02347267,0.0044181672978334,0.0,99.99999798847588,0.0,0.0042187576814563
1181.0,146,1,54,0,-53,0.41242296,-0.02347267,0.0044161700203999,0.0,99.99999840340465,0.0,0.0035612439171046
1181.5,146,1,54,0,-53,0.41242296,-0.02347267,0.0044141619240998,0.0,99.9999984551924,0.0,0.0035489861246118
1182.0,146,1,54,0,-53,0.41242296,-0.02347267,0.0044121178165519,0.0,99.99999857005396,0.0,0.0035990042369559
1182.5,146,1,54,0,-53,0.41242296,-0.02347267,0.004410075601296,0.0,99.99999816076613,0.0,0.0040379165641726
1183.0,147,1,55,0,-54,-0.04065781,-0.94551784,0.0044080352757056,0.0,99.99999816007626,0.0,0.0040380110777722
1183.5,146,1,54,0,-53,-0.035020493,-0.23708627,0.0044060219915733,0.0,99.99999811518194,0.0,0.004200635338731
1184.0,146,1,54,0,-53,0.2176209,-0.059910487,0.0044040042627679,0.0,99.9999985420064,0.0,0.0039465363924409
1184.5,145,1,53,0,-52,-0.09251906,1.2606581,0.0044020072126182,0.0,99.99999766869924,0.0,0.0047817748210395
1185.0,145,1,53,0,-52,-0.09251906,1.2606581,0.0044000370589451,0.0,99.99999820148555,0.0,0.0042356888948115
1185.5,146,1,54,0,-53,0.0032138526,0.42191097,0.0043980561361217,0.0,99.9999978504476,0.0,0.0050538166570717
1186.0,147,1,55,0,-54,0.2832029,-0.5216767,0.0043960769961422,0.0,99.99999784737132,0.0,0.0050568995907896
1186.5,147,1,55,0,-54,0.2832029,-0.5216767,0.0043941058912618,0.0,99.99999860777476,0.0,0.0038721380923896
1187.0,147,1,55,0,-54,0.2832029,-0.5216767,0.0043921115570725,0.0,99.9999988597818,0.0,0.003268798801628
1187.5,147,1,55,0,-54,0.2832029,-0.5216767,0.0043900815727499,0.0,99.999997880361,0.0,0.004787519635655
1188.0,147,1,55,0,-54,0.2832029,-0.5216767,0.0043880285143673,0.0,99.99999900263542,0.0,0.0029402721122832
1188.5,147,1,55,0,-54,0.2832029,-0.5216767,0.0043888251900663,0.0,99.99999876444592,0.0,0.0033318813182057
1189.0,147,1,55,0,-54,0.2832029,-0.5216767,0.0043896211235782,0.0,99.99999875623304,0.0,0.0033451267017512
1189.5,146,1,55,0,-54,-0.17653458,0.0158117,0.0043875649227598,0.0,99.99999885517464,0.0,0.0031392797469927
1190.0,147,1,54,0,-53,-0.77156955,-0.01019964,0.0043855230917441,0.0,99.9999981351892,0.0,0.0043328364839432
1190.5,148,1,53,0,-52,-0.6434075,0.65690124,0.0043834831602488,0.0,99.99999817404564,0.0,0.0042731808267859
1191.0,148,1,53,0,-52,-0.6434075,0.65690124,0.0043814637575977,0.0,99.99999865104952,0.0,0.0038344031295123
1191.5,148,1,53,0,-52,-0.6188262,0.72115886,0.0043794462147047,0.0,99.99999865203915,0.0,0.0032731545670636
1192.0,149,1,53,0,-52,0.099911675,0.39963537,0.0043789025269326,0.0,99.99999837893854,0.0,0.0040280173933993
1192.5,150,1,54,0,-53,0.26738387,-0.66208357,0.0043797748959909,0.0,99.99999837603616,0.0,0.0040321044799233
1193.0,151,1,55,0,-54,-0.8759767,-0.12000927,0.0043806464849415,0.0,99.9999983739793,0.0,0.0040348762564544
1193.5,152,1,56,0,-55,-0.58219695,0.10793087,0.0043814863110374,0.0,99.99999792763892,0.0,0.0049580834942179
1194.0,148,1,52,0,-51,0.07379727,-0.255289,0.0043823687409878,0.0,99.99999880860412,0.0,0.0035593282980628
1194.5,149,1,52,0,-51,-0.12983577,0.092110485,0.0043832441941796,0.0,99.9999988571752,0.0,0.00342765050644
1195.0,149,1,52,0,-51,-0.12983577,0.092110485,0.0043854941131273,0.0,99.99999878649744,0.0,0.0037724656243721
1195.5,149,1,52,0,-51,0.28424227,0.7282437,0.0043891227683802,0.0,99.9999987877485,0.0,0.0034031553902707
1196.0,149,1,52,0,-51,0.28424227,0.7282437,0.0043927356879788,0.0,99.99999828595466,0.0,0.0044597048565419
1196.5,149,1,52,0,-51,0.28424227,0.7282437,0.0043963886706601,0.0,99.99999867808124,0.0,0.0038122809106788
1197.0,155,1,55,0,-54,-0.06305131,0.19179764,0.0044000197373522,0.0,99.99999857990544,0.0,0.0042200694621811
1197.5,155,1,55,0,-54,0.28179663,-0.77629244,0.0044036350774546,0.0,99.9999984411401,0.0,0.0046079410270042
1198.0,156,1,55,0,-54,0.32917708,-0.8065833,0.0044072408897302,0.0,99.99999859713836,0.0,0.0040635192257023
1198.5,157,1,55,0,-54,0.76380765,-0.018585745,0.0044094479320505,0.0,99.99999889788133,0.0,0.0035957539404481
1199.0,155,1,54,0,-53,0.31221294,-0.66354233,0.0044102705547596,0.0,99.99999816586576,0.0,0.004594656697675
1199.5,157,1,54,0,-53,-0.32116583,-0.006544072,0.0044110800253749,0.0,99.99999859567092,0.0,0.003933083546604
1200.0,157,1,54,0,-53,-0.32116583,-0.006544072,0.0044119011666652,0.0,99.99999893275668,0.0,0.0033780178252836
1200.5,157,1,55,0,-54,-0.5687267,0.61935043,0.0044127339697601,0.0,99.9999988194268,0.0,0.0036877278601504
1201.0,157,1,55,0,-54,-0.5687267,0.61935043,0.0044135226287851,0.0,99.9999988433686,0.0,0.0036664139966321
1201.5,157,1,56,0,-55,-0.17206874,-0.7186602,0.0044143105658432,0.0,99.99999856715095,0.0,0.0044777187676071
1202.0,158,1,56,0,-55,-0.37223864,-1.1508535,0.0044151039780844,0.0,99.99999797351644,0.0,0.0052199295904204
1202.5,159,1,57,0,-56,0.053929254,-0.4232854,0.0044159338339367,0.0,99.99999843693696,0.0,0.0044477022902878
1203.0,160,1,58,0,-57,0.08541681,-0.60309005,0.004415366991451,0.0,99.99999911289665,0.0,0.0031367391909141
1203.5,159,1,56,0,-55,-0.22456849,1.0466795,0.0044133991302141,0.0,99.99999886975642,0.0,0.0035223365721163
1204.0,159,1,56,0,-55,-0.22456849,1.0466795,0.0044114330222869,0.0,99.99999818933658,0.0,0.0044273524481116
1204.5,159,1,56,0,-55,-0.22456849,1.0466795,0.0044094810143066,0.0,99.99999819016747,0.0,0.0044263238015372
1205.0,159,1,56,0,-55,-0.22456849,1.0466795,0.0044075307330441,0.0,99.9999981908563,0.0,0.0044254177390991
1205.5,157,1,55,0,-54,-0.19320345,0.59863096,0.0044055821762092,0.0,99.99999847857288,0.0,0.0038677121832152
1206.0,156,1,56,0,-55,-0.12845272,0.6551489,0.0044036599742408,0.0,99.9999984293402,0.0,0.0038884774962868
1206.5,155,1,56,0,-55,-0.2744919,0.40019995,0.0044017579075085,0.0,99.99999846925417,0.0,0.0034752461902009
1207.0,155,1,56,0,-55,-0.2744919,0.40019995,0.0044025965679028,0.0,99.99999798053912,0.0,0.0046099357019078
1207.5,156,1,57,0,-56,0.39820087,-0.47223222,0.0044034406331569,0.0,99.99999810421664,0.0,0.0044016614332174
1208.0,157,1,58,0,-57,0.1937982,-0.66340584,0.0044042900996304,0.0,99.99999834248696,0.0,0.0036074165663541
1208.5,155,1,57,0,-56,-0.04395525,-1.1964626,0.0044051388169892,0.0,99.9999982715017,0.0,0.0036843361012514
1209.0,156,1,58,0,-57,0.13207991,0.59165597,0.0044059622055195,0.0,99.9999984450008,0.0,0.0037236109574618
1209.5,156,1,58,0,-57,0.13207991,0.59165597,0.0044040089167587,0.0,99.99999813730864,0.0,0.0042397195230763
1210.0,156,1,58,0,-57,0.13207991,0.59165597,0.0044020573591278,0.0,99.9999980867314,0.0,0.0042876147454988
1210.5,156,1,58,0,-57,0.27733916,1.0228565,0.004400125916867,0.0,99.99999894899672,0.0,0.002806012563106
1211.0,156,1,58,0,-57,0.27733916,1.0228565,0.0043982022922444,0.0,99.99999807340905,0.0,0.0039964719500563
1211.5,155,1,58,0,-57,0.80260164,-0.3068989,0.0043962803488077,0.0,99.99999807570263,0.0,0.0039952116482716
1212.0,155,1,58,0,-57,0.80260164,-0.3068989,0.004394366197183,0.0,99.99999817048564,0.0,0.0040542440819492
1212.5,157,1,60,0,-59,0.32459188,-0.72980416,0.0043924476041763,0.0,99.9999989148476,0.0,0.0033072172180643
1213.0,157,1,60,0,-59,0.32459188,-0.72980416,0.004390518481456,0.0,99.9999988503041,0.0,0.0033219569699513
1213.5,157,1,60,0,-59,0.32459188,-0.72980416,0.0043886093429172,0.0,99.99999821897732,0.0,0.0040978570902246
1214.0,156,1,59,0,-58,-0.5908576,0.083368,0.004386707955508,0.0,99.99999820627296,0.0,0.0041100081230418
1214.5,157,1,60,0,-59,-0.53016084,0.06751299,0.0043848143012404,0.0,99.99999806768514,0.0,0.0045496571931366
1215.0,157,1,60,0,-59,-0.53016084,0.06751299,0.0043829283622221,0.0,99.99999806411728,0.0,0.004553152696842
1215.5,155,1,60,0,-59,-0.5197998,0.10836235,0.0043810440448172,0.0,99.99999806137222,0.0,0.0045560400048549
1216.0,156,1,60,0,-59,-0.13304816,0.43440694,0.0043791492057507,0.0,99.99999799901803,0.0,0.0046427770015006
1216.5,155,1,59,0,-58,-0.29161406,0.4290881,0.0043772317438675,0.0,99.99999788529531,0.0,0.0044105871069431
1217.0,153,1,59,0,-58,-1.4183019,0.42651325,0.0043753341403486,0.0,99.99999786592448,0.0,0.0044479513182131
1217.5,154,1,60,0,-59,-0.10849534,0.121266395,0.0043734624005449,0.0,99.99999777554764,0.0,0.0046550073698387
1218.0,154,1,60,0,-59,-0.10849534,0.121266395,0.0043716043608102,0.0,99.99999748801216,0.0,0.0046127028913357
1218.5,154,1,60,0,-59,-0.10849534,0.121266395,0.0043697418546296,0.0,99.99999837446336,0.0,0.0032806044689195
1219.0,155,1,61,0,-60,1.3578874,-0.007294465,0.004367874895435,0.0,99.99999853512132,0.0,0.003196755433332
1219.5,155,1,61,0,-60,1.3578874,-0.007294465,0.0043660034966726,0.0,99.9999985362008,0.0,0.0031960867927329
1220.0,155,1,61,0,-60,-1.47836,-0.19342029,0.0043641337008102,0.0,99.99999822995557,0.0,0.0040298666605808
1220.5,156,1,61,0,-60,-1.5504069,-0.036263738,0.0043622655057894,0.0,99.9999985396929,0.0,0.0036661453390597
1221.0,156,1,60,0,-59,-1.1470828,0.31105167,0.004360416965735,0.0,99.9999982168766,0.0,0.0039074373831755
1221.5,156,1,60,0,-59,-1.1470828,0.31105167,0.004358582019021,0.0,99.99999799207484,0.0,0.0043076990959627
1222.0,155,1,59,0,-58,-0.23002917,0.32477868,0.0043567486160186,0.0,99.99999830021508,0.0,0.0040565122507012
1222.5,154,1,58,0,-57,-0.40093434,0.48573112,0.0043549047476595,0.0,99.99999801896658,0.0,0.0043347382319827
1223.0,154,1,58,0,-57,-0.40093434,0.48573112,0.0043530564409112,0.0,99.99999801444356,0.0,0.0043407746426103
1223.5,154,1,57,0,-56,-0.18314973,0.3206505,0.0043512097024125,0.0,99.99999801047412,0.0,0.0043460077129739
1224.0,154,1,57,0,-56,-0.18314973,0.3206505,0.0043493824950778,0.0,99.99999757503372,0.0,0.0050527438323473
1224.5,154,1,57,0,-56,-1.0951,0.19725698,0.00434757477168,0.0,99.99999757807404,0.0,0.0050486164740244
1225.0,154,1,57,0,-56,-1.0951,0.19725698,0.0043457685503374,0.0,99.99999758249496,0.0,0.0050427065172811
1225.5,151,1,56,0,-55,0.6823073,0.5427341,0.004343969802603,0.0,99.99999843953869,0.0,0.0037520311174202
1226.0,150,1,56,0,-55,0.7815806,0.2788827,0.0043421546378857,0.0,99.99999869852635,0.0,0.0032144685513195
1226.5,150,1,56,0,-55,0.7815806,0.2788827,0.0043403469529637,0.0,99.99999707359969,0.0,0.0056408844304189
1227.0,151,1,55,0,-54,0.75566083,0.14606003,0.004338528855543,0.0,99.9999981240792,0.0,0.0047826949183113
1227.5,151,1,55,0,-54,0.75566083,0.14606003,0.0043367003736783,0.0,99.99999775217572,0.0,0.0047661789480363
1228.0,151,1,55,0,-54,0.75566083,0.14606003,0.0043348853293154,0.0,99.9999977574276,0.0,0.0045604844349227
1228.5,151,1,55,0,-54,0.75566083,0.14606003,0.0043330718036222,0.0,99.99999729600262,0.0,0.0050240250078021
1229.0,148,1,53,0,-52,0.77897567,0.4168565,0.0043312597946936,0.0,99.99999750606104,0.0,0.004766160075414
1229.5,148,1,53,0,-52,-1.2706951,0.51822406,0.0043294493006274,0.0,99.9999977866188,0.0,0.0041829364058541
1230.0,147,1,52,0,-51,0.5536281,0.3475398,0.0043276284623425,0.0,99.99999850159053,0.0,0.0040130754486582
1230.5,148,1,53,0,-52,-0.092254244,-1.0174897,0.004325797307845,0.0,99.99999841491682,0.0,0.0038770468404474
1231.0,148,1,53,0,-52,-0.092254244,-1.0174897,0.0043239617837882,0.0,99.99999839369418,0.0,0.0039088719418131
1231.5,149,1,54,0,-53,0.42581946,0.34151936,0.0043234960117117,0.0,99.99999838893947,0.0,0.0039160482330076
1232.0,149,1,54,0,-53,0.42581946,0.34151936,0.0043243982494529,0.0,99.9999981545174,0.0,0.0045329779931278
1232.5,149,1,54,0,-53,0.42581946,0.34151936,0.0043239208652763,0.0,99.9999978245055,0.0,0.0043409989083361
1233.0,149,1,53,0,-52,-1.0963657,0.24866971,0.0043220774393843,0.0,99.99999783392346,0.0,0.0043291686932008
1233.5,149,1,53,0,-52,-1.0963657,0.24866971,0.0043202355846454,0.0,99.99999903402843,0.0,0.0033751633080269
1234.0,150,1,53,0,-52,-1.4816302,0.2166402,0.0043183717158257,0.0,99.9999985180442,0.0,0.0042643954226028
1234.5,150,1,53,0,-52,-1.4816302,0.2166402,0.0043165153452598,0.0,99.9999980439176,0.0,0.0044821166599216
1235.0,150,1,53,0,-52,-1.4816302,0.2166402,0.0043146664556849,0.0,99.99999800122832,0.0,0.0045273641879703
1235.5,149,1,52,0,-51,-1.5023991,0.08767268,0.0043128191492988,0.0,99.9999979547038,0.0,0.0045774679740048
1236.0,149,1,52,0,-51,-1.5023991,0.08767268,0.0043136993004038,0.0,99.9999988077292,0.0,0.003326304180569
1236.5,150,1,53,0,-52,-0.16921893,0.4459869,0.0043145786984876,0.0,99.9999990273192,0.0,0.0027554827901122
1237.0,150,1,54,0,-53,-0.470169,0.17268482,0.0043154573445162,0.0,99.9999990508386,0.0,0.0025587234086206
1237.5,150,1,54,0,-53,-0.470169,0.17268482,0.0043163352394538,0.0,99.99999876902876,0.0,0.0033761268042682
1238.0,150,1,54,0,-53,-0.470169,0.17268482,0.0043172123842631,0.0,99.99999876542516,0.0,0.0033450122015996
1238.5,152,1,55,0,-54,-1.5916644,0.52408665,0.0043180887799053,0.0,99.99999876373204,0.0,0.0033467854125166
1239.0,151,1,54,0,-53,-1.3173914,0.5221588,0.0043176049799277,0.0,99.9999985584458,0.0,0.0036554448428189
1239.5,150,1,54,0,-53,-0.22382282,0.37407845,0.0043157685900101,0.0,99.99999848376588,0.0,0.0036650322571496
1240.0,150,1,54,0,-53,-0.22382282,0.37407845,0.0043139220424301,0.0,99.9999980475246,0.0,0.0041438853961998
1240.5,148,1,54,0,-53,-1.5311977,0.24577054,0.0043120770743045,0.0,99.99999874668,0.0,0.003747375209837
1241.0,148,1,54,0,-53,-1.5311977,0.24577054,0.0043102336836076,0.0,99.99999849019362,0.0,0.0038982027518984
1241.5,147,1,53,0,-52,-1.3964096,0.37508267,0.004308386023791,0.0,99.99999848748143,0.0,0.003904169279965
1242.0,147,1,53,0,-52,-1.3964096,0.37508267,0.0043065457868802,0.0,99.99999811037765,0.0,0.0046532388392355
1242.5,147,1,53,0,-52,-1.3964096,0.37508267,0.0043047187904499,0.0,99.99999789116448,0.0,0.0049061368082297
1243.0,145,1,53,0,-52,-1.1667961,0.17859165,0.0043028991731551,0.0,99.9999978880594,0.0,0.0049102411932378
1243.5,145,1,53,0,-52,-1.1667961,0.17859165,0.0043010869182495,0.0,99.99999775311352,0.0,0.0052969662147375
1244.0,147,1,55,0,-54,0.677441,-0.16034386,0.0042992587298235,0.0,99.99999829592664,0.0,0.0042456241281714
1244.5,146,1,55,0,-54,0.3268215,-0.053682704,0.0042974320948898,0.0,99.9999982937111,0.0,0.0042485740387709
1245.0,145,1,54,0,-53,0.443501,-0.0950993,0.0042956244412374,0.0,99.9999983593954,0.0,0.0041205668117549
1245.5,146,1,55,0,-54,0.108139604,-0.026786912,0.0042938183076731,0.0,99.9999986652034,0.0,0.0034745469885065
1246.0,146,1,55,0,-54,-0.044129327,-0.34518462,0.0042920078921051,0.0,99.99999848449612,0.0,0.0036955460130052
1246.5,146,1,55,0,-54,-0.044129327,-0.34518462,0.0042901990025557,0.0,99.9999987739501,0.0,0.0033745855050693
1247.0,147,1,56,0,-55,-0.084857196,0.117063165,0.0042883974275016,0.0,99.99999761181346,0.0,0.004837108357929
1247.5,147,1,56,0,-55,-0.084857196,0.117063165,0.0042866031504373,0.0,99.99999779329592,0.0,0.004594655621528
1248.0,148,1,57,0,-56,0.20572342,0.66122824,0.0042848334972524,0.0,99.99999762958444,0.0,0.0045868664544694
1248.5,147,1,57,0,-56,0.16667242,0.7698313,0.0042830768566854,0.0,99.99999759396523,0.0,0.0046948772242645
1249.0,149,1,57,0,-56,0.089295074,-0.8548019,0.0042812927994478,0.0,99.99999771131492,0.0,0.0047451744242411
1249.5,149,1,57,0,-56,0.089295074,-0.8548019,0.0042794871622122,0.0,99.999998376821,0.0,0.0039192206946391
1250.0,151,1,57,0,-56,-0.4313528,0.4180984,0.0042776715243918,0.0,99.99999771158704,0.0,0.0045900452699415
1250.5,151,1,57,0,-56,-0.4313528,0.4180984,0.0042758631831485,0.0,99.99999754900288,0.0,0.0045520905978295
1251.0,152,1,57,0,-56,-0.21483333,-0.756359,0.0042740506184319,0.0,99.99999782964343,0.0,0.0042847858359567
1251.5,152,1,57,0,-56,-0.21483333,-0.756359,0.0042722625773473,0.0,99.99999787875971,0.0,0.0042215213823103
1252.0,153,1,58,0,-57,-0.31038105,0.019193288,0.0042704817738096,0.0,99.9999979314585,0.0,0.0041652827344043
1252.5,151,1,58,0,-57,0.15403411,0.0800461,0.0042687024542351,0.0,99.9999979991104,0.0,0.0040932732213023
1253.0,152,1,59,0,-58,-0.8592454,-0.2285912,0.0042669360819423,0.0,99.99999807670751,0.0,0.0044764859246788
1253.5,151,1,58,0,-57,-0.97881633,0.43267423,0.0042651482595616,0.0,99.99999794213966,0.0,0.0043539053247661
1254.0,150,1,57,0,-56,-0.388866,0.14802776,0.0042633676577385,0.0,99.99999804125716,0.0,0.004472005045389
1254.5,151,1,58,0,-57,-0.36370063,0.13074772,0.0042615828237816,0.0,99.99999795552888,0.0,0.0045141674156481
1255.0,151,1,58,0,-57,-0.36370063,0.13074772,0.0042598166240148,0.0,99.9999980533168,0.0,0.0042114874621639
1255.5,151,1,58,0,-57,-0.36370063,0.13074772,0.0042580804315998,0.0,99.99999873372408,0.0,0.0033125301900631
1256.0,151,1,58,0,-57,-0.36370063,0.13074772,0.0042563285413899,0.0,99.999997752268,0.0,0.0049391940572037
1256.5,151,1,58,0,-57,-0.36370063,0.13074772,0.0042545837915896,0.0,99.99999848543315,0.0,0.0040378054653252
1257.0,152,1,59,0,-58,-0.035762437,0.16969854,0.0042528518612252,0.0,99.99999793452722,0.0,0.0034137062924938
1257.5,153,1,60,0,-59,-0.11222823,-0.32765535,0.0042511441012029,0.0,99.99999699024664,0.0,0.0047416613208698
1258.0,152,1,59,0,-58,0.30239117,-0.30886558,0.0042494490835452,0.0,99.99999698445048,0.0,0.0047478696188003
1258.5,153,1,59,0,-58,0.34807533,-0.23542511,0.0042477724606318,0.0,99.9999972125852,0.0,0.0057708679181461
1259.0,153,1,59,0,-58,0.34807533,-0.23542511,0.0042460858067629,0.0,99.99999878042952,0.0,0.003089543728921
1259.5,153,1,59,0,-58,0.34807533,-0.23542511,0.0042443834752359,0.0,99.99999877895692,0.0,0.0030928950921857
1260.0,154,1,60,0,-59,0.02319505,-0.6566038,0.004242682508152,0.0,99.99999877797096,0.0,0.0030952440340908
1260.5,154,1,60,0,-59,0.02319505,-0.6566038,0.0042409715777455,0.0,99.99999839174372,0.0,0.0036613293706529
1261.0,154,1,60,0,-59,-0.38960743,-0.9343239,0.004239245051322,0.0,99.99999848163408,0.0,0.0040061668481406
1261.5,155,1,59,0,-58,-0.05674082,0.20328884,0.0042375142762603,0.0,99.99999848085945,0.0,0.0040039070427714
1262.0,155,1,59,0,-58,-0.05674082,0.20328884,0.0042357792646868,0.0,99.99999906676751,0.0,0.0031707730814143
1262.5,152,1,57,0,-56,-0.22288112,-0.43951252,0.004234068251687,0.0,99.9999978941603,0.0,0.0055468251661966
1263.0,152,1,57,0,-56,-0.22288112,-0.43951252,0.0042323417002926,0.0,99.99999832053604,0.0,0.0049100956853601
1263.5,153,1,57,0,-56,-0.19591595,-0.47037947,0.0042306052855924,0.0,99.99999846117088,0.0,0.0046894952508891
1264.0,153,1,57,0,-56,-0.19591595,-0.47037947,0.0042288815566971,0.0,99.9999976474516,0.0,0.0057402136469182
1264.5,154,1,58,0,-57,0.48069996,-0.8065685,0.0042271536056582,0.0,99.99999817705874,0.0,0.0042890412668619
1265.0,153,1,57,0,-56,-0.270209,-0.65579486,0.004225421444546,0.0,99.99999756298264,0.0,0.00526889830508
1265.5,152,1,56,0,-55,-0.26627696,-0.7709638,0.0042237019364396,0.0,99.99999689726216,0.0,0.0060257215550238
1266.0,153,1,57,0,-56,-0.10893746,-0.5084711,0.0042219782148051,0.0,99.9999971087162,0.0,0.0056839462770005
1266.5,152,1,56,0,-55,-0.78900725,-0.55250466,0.004222913491398,0.0,99.9999981858674,0.0,0.0039627063994904
1267.0,152,1,56,0,-55,-0.78900725,-0.55250466,0.0042225253597248,0.0,99.99999812108592,0.0,0.0039430865710083
1267.5,152,1,56,0,-55,-0.78900725,-0.55250466,0.0042207986191788,0.0,99.99999720184776,0.0,0.0056027085770347
1268.0,152,1,56,0,-55,-0.78900725,-0.55250466,0.0042190788897412,0.0,99.99999780615695,0.0,0.0052790540596267
1268.5,151,1,55,0,-54,-0.2745931,0.19880943,0.0042173661560014,0.0,99.9999978204186,0.0,0.0052626580139421
1269.0,150,1,55,0,-54,-0.24783485,-0.024178226,0.00421564363158,0.0,99.99999738124828,0.0,0.0058269963097314
1269.5,149,1,55,0,-54,-0.27631164,0.32988733,0.0042139392710242,0.0,99.99999803611811,0.0,0.0044301982973719
1270.0,149,1,55,0,-54,-0.27631164,0.32988733,0.0042122530319874,0.0,99.9999967838282,0.0,0.0063666243267006
1270.5,148,1,54,0,-53,0.52634317,-0.89623994,0.0042105569882133,0.0,99.99999800409314,0.0,0.0044856740044957
1271.0,148,1,54,0,-53,0.52634317,-0.89623994,0.0042088400203888,0.0,99.99999857378847,0.0,0.0039312774957177
1271.5,148,1,54,0,-53,0.52634317,-0.89623994,0.0042071021813672,0.0,99.9999984527452,0.0,0.0039174970889515
1272.0,149,1,55,0,-54,0.53569955,0.381439,0.0042066997646629,0.0,99.99999851219312,0.0,0.0038486608844792
1272.5,150,1,56,0,-55,0.59080476,0.091725394,0.0042076422525563,0.0,99.99999837129884,0.0,0.0041298183030128
1273.0,151,1,56,0,-55,-0.0655533,-0.7227653,0.0042085394755451,0.0,99.99999881223646,0.0,0.0033716243939621
1273.5,151,1,56,0,-55,-0.0655533,-0.7227653,0.0042094526390334,0.0,99.99999886744844,0.0,0.0034330770189645
1274.0,151,1,56,0,-55,-0.0655533,-0.7227653,0.0042103594917985,0.0,99.99999781631286,0.0,0.003974554819239
1274.5,151,1,56,0,-55,-0.08573327,-0.50690365,0.0042112655975244,0.0,99.99999781296768,0.0,0.0039765238704538
1275.0,151,1,56,0,-55,-0.08573327,-0.50690365,0.0042121598403813,0.0,99.99999806602972,0.0,0.0038287447787435
1275.5,153,1,57,0,-56,0.8115154,0.22832179,0.0042104152376932,0.0,99.99999854989385,0.0,0.0036699805934247
1276.0,153,1,57,0,-56,0.8115154,0.22832179,0.0042112979869099,0.0,99.9999986653536,0.0,0.0037393990231899
1276.5,155,1,59,0,-58,0.7325171,0.18122157,0.004212213309856,0.0,99.99999867561188,0.0,0.0036615593000048
1277.0,155,1,59,0,-58,0.7325171,0.18122157,0.0042130945825242,0.0,99.99999818083548,0.0,0.004644550921397
1277.5,154,1,58,0,-57,-1.249128,0.050454736,0.0042139751217443,0.0,99.99999818244784,0.0,0.0046412533115159
1278.0,154,1,58,0,-57,-1.249128,0.050454736,0.0042148549284317,0.0,99.99999769625605,0.0,0.0056525517985799
1278.5,155,1,58,0,-57,1.4667138,0.33752185,0.00421574509742,0.0,99.99999801892989,0.0,0.0051372415363192
1279.0,154,1,57,0,-56,1.3133432,0.2972713,0.0042166456228956,0.0,99.99999801623012,0.0,0.0051408608651155
1279.5,154,1,57,0,-56,1.4777975,0.49213618,0.0042175509544049,0.0,99.9999977847857,0.0,0.0051784909973444
1280.0,155,1,58,0,-57,1.5206615,0.34117895,0.0042184610896245,0.0,99.99999779060472,0.0,0.0051716377535242
1280.5,154,1,57,0,-56,1.4146006,0.41836527,0.0042193760262725,0.0,99.999997732492,0.0,0.0052894117164897
1281.0,154,1,57,0,-56,1.4146006,0.41836527,0.0042202957621087,0.0,99.99999880678774,0.0,0.0040996526529464
1281.5,155,1,58,0,-57,1.3064951,0.7303013,0.0042212092136816,0.0,99.9999986149522,0.0,0.0043350241414489
1282.0,156,1,59,0,-58,1.334222,0.77971107,0.0042194923226494,0.0,99.99999900229032,0.0,0.0034304081968487
1282.5,156,1,59,0,-58,1.334222,0.77971107,0.0042177878909093,0.0,99.99999771022875,0.0,0.0038243086602184
1283.0,153,1,57,0,-56,-1.365315,0.6555908,0.0042187344321095,0.0,99.99999857680248,0.0,0.0038811097785627
1283.5,153,1,57,0,-56,-1.191755,0.71638894,0.0042196470435606,0.0,99.9999977797644,0.0,0.0054338046277965
1284.0,153,1,57,0,-56,-1.191755,0.71638894,0.0042205644448228,0.0,99.99999766866452,0.0,0.0058992384386865
1284.5,153,1,57,0,-56,-1.191755,0.71638894,0.0042201717137196,0.0,99.99999789951715,0.0,0.0053378488553178
1285.0,153,1,57,0,-56,0.46804935,0.8022171,0.004218453870559,0.0,99.99999775983392,0.0,0.0054529832596249
1285.5,154,1,57,0,-56,-0.061803557,-0.4875642,0.00421673190848,0.0,99.99999775815368,0.0,0.0054544333047776
1286.0,154,1,57,0,-56,-0.061803557,-0.4875642,0.0042150113516284,0.0,99.99999773863648,0.0,0.0054726207556295
1286.5,154,1,57,0,-56,-0.061803557,-0.4875642,0.0042132866904325,0.0,99.999998505382,0.0,0.0039703787338986
1287.0,153,1,56,0,-55,0.15729989,-0.5390205,0.0042115689433705,0.0,99.99999744723456,0.0,0.0053331771543412
1287.5,152,1,57,0,-56,-0.019515604,0.20705985,0.0042098855898607,0.0,99.99999711517364,0.0,0.0050567470260188
1288.0,152,1,57,0,-56,-0.019515604,0.20705985,0.0042095202530934,0.0,99.99999788786964,0.0,0.0047754385894409
1288.5,152,1,57,0,-56,-0.019515604,0.20705985,0.0042104603706405,0.0,99.99999786347723,0.0,0.0048151187507722
1289.0,151,1,56,0,-55,0.38547963,-0.5169547,0.0042113887537133,0.0,99.99999717296372,0.0,0.0052770901952874
1289.5,151,1,56,0,-55,0.38547963,-0.5169547,0.0042123163958221,0.0,99.99999784458691,0.0,0.0040948008997122
1290.0,149,1,55,0,-54,-0.12382191,0.22859122,0.0042132432978536,0.0,99.99999784754554,0.0,0.0040914951577113
1290.5,150,1,56,0,-55,-0.2982962,0.37435177,0.0042141749521116,0.0,99.9999967278676,0.0,0.0059544689437335
1291.0,150,1,56,0,-55,-0.2982962,0.37435177,0.0042151003756597,0.0,99.99999828763974,0.0,0.0038455171225742
1291.5,150,1,56,0,-55,-0.26923728,0.7927863,0.004216025061782,0.0,99.99999686044376,0.0,0.0059407217420349
1292.0,150,1,57,0,-56,-1.2393205,0.555578,0.0042169544998418,0.0,99.99999666771224,0.0,0.0062455817547308
1292.5,150,1,57,0,-56,-1.2393205,0.555578,0.0042179325885382,0.0,99.99999679585714,0.0,0.0049553308125532
1293.0,153,1,59,0,-58,-0.2989881,0.21895617,0.0042189099241922,0.0,99.999996787895,0.0,0.0049742115232233
1293.5,153,1,59,0,-58,-0.2989881,0.21895617,0.0042198974796317,0.0,99.99999808398032,0.0,0.0046989201178123
1294.0,152,1,58,0,-57,1.4405615,0.35322642,0.0042208733101237,0.0,99.99999818974273,0.0,0.0045334332389666
1294.5,156,1,61,0,-60,1.6033577,0.3095032,0.0042218483901767,0.0,99.99999809694648,0.0,0.003576141467384
1295.0,156,1,61,0,-60,1.6033577,0.3095032,0.004221540635088,0.0,99.99999862707188,0.0,0.0031208568561088
1295.5,156,1,61,0,-60,1.6033577,0.3095032,0.0042198967287038,0.0,99.99999763634408,0.0,0.0049184285899901
1296.0,155,1,62,0,-61,0.045795634,-1.1937525,0.0042182431555728,0.0,99.99999762577237,0.0,0.0049399340761038
1296.5,153,1,61,0,-60,-0.72607213,0.6660475,0.004216569002057,0.0,99.99999630459844,0.0,0.0057179787640746
1297.0,153,1,61,0,-60,-0.72607213,0.6660475,0.0042148633896784,0.0,99.99999811190038,0.0,0.0038546179929488
1297.5,153,1,61,0,-60,-0.72607213,0.6660475,0.0042131700767727,0.0,99.9999981545225,0.0,0.0038354319351331
1298.0,154,1,61,0,-60,1.5309488,0.30788034,0.0042114781238907,0.0,99.99999815208332,0.0,0.0038365218211917
1298.5,155,1,62,0,-61,1.5689911,0.31288677,0.00420977662674,0.0,99.99999790562946,0.0,0.0041532697441652
1299.0,155,1,62,0,-61,1.5689911,0.31288677,0.0042080765038922,0.0,99.9999979067864,0.0,0.0041513929619179
1299.5,155,1,62,0,-61,1.6453753,0.33153796,0.0042063831962042,0.0,99.99999816974352,0.0,0.0036978168927397
1300.0,156,1,63,0,-62,0.08966307,-0.81273943,0.0042047075652402,0.0,99.99999664427804,0.0,0.0048993743372772
1300.5,156,1,63,0,-62,-0.37544942,0.5314355,0.0042030332687342,0.0,99.99999664173892,0.0,0.0049023581351323
1301.0,156,1,63,0,-62,-0.37544942,0.5314355,0.0042013603050929,0.0,99.9999974111021,0.0,0.0039574820831926
1301.5,156,1,63,0,-62,-0.37544942,0.5314355,0.0041996778223165,0.0,99.99999820183868,0.0,0.0035296776759386
1302.0,156,1,63,0,-62,-0.37544942,0.5314355,0.004197985844872,0.0,99.99999897365866,0.0,0.0025831291151159
1302.5,156,1,63,0,-62,-0.37544942,0.5314355,0.0041962843973343,0.0,99.99999840242164,0.0,0.0026206221435876
1303.0,156,1,63,0,-62,-0.37544942,0.5314355,0.0041945843284342,0.0,99.99999753281364,0.0,0.0045470129250938
1303.5,156,1,63,0,-62,-0.37544942,0.5314355,0.004192885636497,0.0,99.99999752866216,0.0,0.0045536360481156
1304.0,156,1,63,0,-62,0.35674727,0.24841017,0.0041924721146458,0.0,99.99999801826824,0.0,0.0045827186353707
1304.5,157,1,63,0,-62,0.32105923,0.26094395,0.0041933800266757,0.0,99.99999751944466,0.0,0.0040932467636622
1305.0,156,1,62,0,-61,-0.068515584,-0.61135966,0.0041942926188951,0.0,99.99999726159515,0.0,0.0040256768564066
1305.5,157,1,63,0,-62,0.3312636,0.2951826,0.0041952044872463,0.0,99.99999726769644,0.0,0.0040219966218233
1306.0,156,1,62,0,-61,1.3042918,0.31894726,0.0041961210336359,0.0,99.99999834961086,0.0,0.0035214454596505
1306.5,155,1,61,0,-60,1.6086961,0.19436057,0.0041970098556393,0.0,99.99999826896048,0.0,0.0035533624885727
1307.0,155,1,61,0,-60,1.6086961,0.19436057,0.0041978763684253,0.0,99.99999915347156,0.0,0.0026958127023434
1307.5,155,1,61,0,-60,1.6086961,0.19436057,0.0041961817831201,0.0,99.9999981761668,0.0,0.0039491994873316
1308.0,156,1,62,0,-61,0.03897731,0.6491119,0.0041944993458945,0.0,99.99999857651292,0.0,0.0033517136046529
1308.5,158,1,61,0,-60,0.34472346,-0.28779733,0.0041928290291751,0.0,99.99999850003633,0.0,0.0040200822289218
1309.0,160,1,62,0,-61,0.32433218,-0.2736251,0.0041911331339634,0.0,99.9999982078392,0.0,0.0049130684219615
1309.5,160,1,62,0,-61,0.32433218,-0.2736251,0.0041894439873649,0.0,99.99999876518343,0.0,0.0039412624674382
1310.0,159,1,61,0,-60,0.46459252,-0.3877992,0.0041877562017667,0.0,99.99999880644586,0.0,0.0038434952005979
1310.5,158,1,60,0,-59,0.61606807,-0.42827973,0.0041860697755245,0.0,99.99999886290568,0.0,0.0037158119257945
1311.0,158,1,60,0,-59,0.61606807,-0.42827973,0.0041843793427037,0.0,99.99999870903568,0.0,0.0044558854931841
1311.5,159,1,61,0,-60,0.32893538,-0.36573237,0.0041826849146547,0.0,99.99999870469988,0.0,0.0044613105212372
1312.0,158,1,61,0,-60,0.14967924,-0.3521314,0.0041809918583381,0.0,99.9999986806121,0.0,0.0039312951248823
1312.5,159,1,62,0,-61,-0.1500004,-0.52812564,0.0041793001720888,0.0,99.9999986942833,0.0,0.0039010013509787
1313.0,158,1,61,0,-60,0.36068225,-1.0476063,0.0041776098542444,0.0,99.9999987075736,0.0,0.0038707358169706
1313.5,158,1,61,0,-60,0.36068225,-1.0476063,0.0041759209031452,0.0,99.999998999259,0.0,0.0035812870878731
1314.0,157,1,62,0,-61,0.56951183,0.07902439,0.0041742333171343,0.0,99.9999985123273,0.0,0.0039790880755962
1314.5,157,1,62,0,-61,0.56951183,0.07902439,0.0041725470945572,0.0,99.99999794507956,0.0,0.0040278250374057
1315.0,157,1,62,0,-61,0.56951183,0.07902439,0.0041708515744198,0.0,99.99999772749771,0.0,0.0042371606737696
1315.5,154,1,59,0,-58,0.8510898,0.09893033,0.0041691680823615,0.0,99.99999749274956,0.0,0.0046952057181861
1316.0,153,1,58,0,-57,-1.11058,0.341519,0.0041675019120202,0.0,99.99999752988408,0.0,0.0061271331091824
1316.5,154,1,58,0,-57,0.8414917,0.1920047,0.004165847706614,0.0,99.99999790773548,0.0,0.0039316903269474
1317.0,155,1,59,0,-58,-1.3308895,0.3307792,0.0041641895012413,0.0,99.99999791328749,0.0,0.003664195925755
1317.5,156,1,59,0,-58,-0.33873773,0.20178826,0.0041625326154324,0.0,99.99999791336624,0.0,0.0036624030195215
1318.0,156,1,59,0,-58,-0.33873773,0.20178826,0.0041608664392467,0.0,99.99999797444072,0.0,0.0039172500994608
1318.5,155,1,58,0,-57,0.044771,-1.121416,0.0041592015963994,0.0,99.99999796983197,0.0,0.0039217100811929
1319.0,156,1,59,0,-58,0.20441262,-0.35098132,0.0041575380852906,0.0,99.99999857947836,0.0,0.0028704686139625
1319.5,156,1,59,0,-58,0.20441262,-0.35098132,0.0041559182363831,0.0,99.99999739628385,0.0,0.0036417409704392
1320.0,155,1,60,0,-59,0.77585226,-0.304694,0.0041543049366735,0.0,99.99999723263092,0.0,0.0037267116037157
1320.5,155,1,61,0,-60,-0.116783366,0.79353476,0.0041526876056778,0.0,99.99999723126398,0.0,0.0037280165544592
1321.0,158,1,61,0,-60,0.19152687,0.9608314,0.0041510345792371,0.0,99.9999976444334,0.0,0.0037568826152029
1321.5,157,1,60,0,-59,-0.23601457,0.3556857,0.0041506382957085,0.0,99.99999843635898,0.0,0.003506083710483
1322.0,156,1,59,0,-58,0.14455438,0.80047065,0.004151518347627,0.0,99.99999833397838,0.0,0.003562679623492
1322.5,156,1,59,0,-58,0.14455438,0.80047065,0.0041511327333583,0.0,99.99999868409556,0.0,0.0028569901008921
1323.0,156,1,59,0,-58,0.14455438,0.80047065,0.0041494829652804,0.0,99.99999863901084,0.0,0.002760562029789
1323.5,156,1,59,0,-58,0.14455438,0.80047065,0.0041478292434653,0.0,99.99999853781152,0.0,0.0030972913967281
1324.0,156,1,59,0,-58,0.14455438,0.80047065,0.0041461768392633,0.0,99.99999853506792,0.0,0.0031001802804334
1324.5,156,1,59,0,-58,0.14455438,0.80047065,0.0041445310072554,0.0,99.9999985467793,0.0,0.0030608238473278
1325.0,156,1,59,0,-58,0.14455438,0.80047065,0.0041429022373953,0.0,99.99999828853448,0.0,0.0032545088698998
1325.5,156,1,59,0,-58,0.14455438,0.80047065,0.0041412747472213,0.0,99.99999846286062,0.0,0.0030914367448322
1326.0,155,1,58,0,-57,-0.4650231,0.31455362,0.0041396695104726,0.0,99.9999969729828,0.0,0.0051777789467298
1326.5,155,1,58,0,-57,-0.4650231,0.31455362,0.0041380602779135,0.0,99.99999817168116,0.0,0.0035518957020918
1327.0,154,1,58,0,-57,0.3468737,-0.91690576,0.0041364470603126,0.0,99.99999817559994,0.0,0.0035479689446233
1327.5,154,1,58,0,-57,0.3468737,-0.91690576,0.0041348246368743,0.0,99.99999860125052,0.0,0.0033467811952999
1328.0,152,1,56,0,-55,0.66376764,-0.999226,0.004133224395636,0.0,99.99999906469746,0.0,0.0025140033666527
1328.5,154,1,58,0,-57,-0.5346085,-0.14504677,0.0041316567336649,0.0,99.99999864425348,0.0,0.0029668607254821
1329.0,154,1,58,0,-57,-0.5346085,-0.14504677,0.0041300850408269,0.0,99.99999867871728,0.0,0.0033605632935298
1329.5,154,1,58,0,-57,-0.5346085,-0.14504677,0.004128504112081,0.0,99.99999869911709,0.0,0.003740840640611
1330.0,155,1,59,0,-58,-0.37220836,0.9605869,0.0041269139700078,0.0,99.99999808641996,0.0,0.0045294429078945
1330.5,157,1,60,0,-59,-0.118202955,-0.5269102,0.004125325052387,0.0,99.99999822291048,0.0,0.0041719623098519
1331.0,158,1,61,0,-60,0.22967435,0.75484776,0.0041237529685216,0.0,99.99999867284262,0.0,0.0031457701607054
1331.5,158,1,61,0,-60,0.22967435,0.75484776,0.004122182082383,0.0,99.99999867451764,0.0,0.0031438736519219
1332.0,157,1,60,0,-59,0.4479937,0.2302312,0.004120612392603,0.0,99.99999867561806,0.0,0.0031428281714402
1332.5,157,1,60,0,-59,0.4479937,0.2302312,0.0041190438978154,0.0,99.99999867618068,0.0,0.0031425468481977
1333.0,156,1,60,0,-59,0.7415696,0.029609915,0.0041174662211537,0.0,99.9999985103378,0.0,0.0036974452987504
1333.5,156,1,60,0,-59,0.7415696,0.029609915,0.0041158742013528,0.0,99.99999846988486,0.0,0.0042706882845244
1334.0,157,1,60,0,-59,0.3468281,0.40271854,0.0041142782324718,0.0,99.99999846692664,0.0,0.004272691701512
1334.5,157,1,62,0,-61,0.3512808,-0.66451555,0.0041126783251281,0.0,99.9999985208318,0.0,0.0041580354529788
1335.0,157,1,62,0,-61,0.3512808,-0.66451555,0.00411106414669,0.0,99.99999851222748,0.0,0.0039410368761029
1335.5,157,1,62,0,-61,0.3512808,-0.66451555,0.0041094460672928,0.0,99.9999983566684,0.0,0.0044211191454677
1336.0,156,1,62,0,-61,0.44782048,0.045055088,0.0041078086072919,0.0,99.99999828480507,0.0,0.0051400507048922
1336.5,155,1,61,0,-60,0.54095155,-0.28534526,0.0041061776110288,0.0,99.99999867899028,0.0,0.0037070920281391
1337.0,155,1,61,0,-60,0.54095155,-0.28534526,0.0041045582199179,0.0,99.99999895331676,0.0,0.0032659407848607
1337.5,151,1,58,0,-57,-0.6763964,-1.1152222,0.0041029504080351,0.0,99.99999882796229,0.0,0.0040484287912438
1338.0,151,1,58,0,-57,-0.6763964,-1.1152222,0.0041013387080783,0.0,99.99999831525976,0.0,0.0050681808280388
1338.5,151,1,58,0,-57,-0.6763964,-1.1152222,0.0040997385601236,0.0,99.99999850652507,0.0,0.0034527877901891
1339.0,150,1,57,0,-56,-0.59404045,-0.28195885,0.0040981345211402,0.0,99.99999847531748,0.0,0.0036102555837486
1339.5,152,1,58,0,-57,-0.2940119,-0.5836972,0.0040965266017256,0.0,99.99999911307631,0.0,0.0024479889922189
1340.0,152,1,58,0,-57,-0.2940119,-0.5836972,0.0040949045503812,0.0,99.99999869434578,0.0,0.0037105513327691
1340.5,152,1,58,0,-57,-0.2940119,-0.5836972,0.0040932940370425,0.0,99.99999853260546,0.0,0.0042200385993718
1341.0,154,1,59,0,-58,-0.81527394,0.3469742,0.0040916847900257,0.0,99.99999898970329,0.0,0.0028593404590872
1341.5,156,1,61,0,-60,-0.20976406,0.15861359,0.0040900768078377,0.0,99.99999898956357,0.0,0.0028595220566708
1342.0,156,1,61,0,-60,-0.20976406,0.15861359,0.0040884803188714,0.0,99.9999990610181,0.0,0.0028672771542292
1342.5,157,1,62,0,-61,0.51410586,-0.2679092,0.0040881561027829,0.0,99.99999886973472,0.0,0.003187646083401
1343.0,158,1,63,0,-62,0.44181222,-0.090288386,0.0040890975732937,0.0,99.9999979015386,0.0,0.0051755679642054
1343.5,157,1,63,0,-62,0.035338268,0.08620091,0.0040900485482389,0.0,99.99999829066006,0.0,0.0038343021259181
1344.0,157,1,63,0,-62,-0.1735745,0.55455637,0.0040910039136229,0.0,99.99999831514349,0.0,0.0038140434758042
1344.5,156,1,62,0,-61,-0.5654367,-0.24558151,0.0040919585584618,0.0,99.99999828013736,0.0,0.0038436275526164
1345.0,155,1,61,0,-60,0.007930115,0.052506533,0.0040929431369244,0.0,99.99999759071918,0.0,0.0040752990879445
1345.5,153,1,60,0,-59,0.43083495,-1.0918608,0.0040939525296159,0.0,99.99999767155316,0.0,0.0040605159116134
1346.0,154,1,61,0,-60,0.5821027,-0.7943574,0.0040949611895469,0.0,99.9999976283968,0.0,0.0042793865675951
1346.5,158,1,64,0,-63,0.24461918,0.1955862,0.0040959589032555,0.0,99.99999807998468,0.0,0.0039403470230861
1347.0,158,1,64,0,-63,0.24461918,0.1955862,0.0040969048239278,0.0,99.99999856537347,0.0,0.0033448636266254
1347.5,159,1,64,0,-63,-0.40913326,0.45784566,0.0040978296080336,0.0,99.9999976550634,0.0,0.0046906101379416
1348.0,159,1,64,0,-63,-0.40913326,0.45784566,0.0040987485801964,0.0,99.9999986631087,0.0,0.0033113615251583
1348.5,159,1,64,0,-63,-0.40913326,0.45784566,0.0040996566397506,0.0,99.99999826165217,0.0,0.0038143769557724
1349.0,159,1,64,0,-63,-0.40913326,0.45784566,0.004100574204837,0.0,99.99999857473276,0.0,0.003477018666482
1349.5,160,1,65,0,-64,-0.27196938,-0.4322524,0.0041015012713783,0.0,99.99999857011773,0.0,0.0034815001747197
1350.0,160,1,65,0,-64,-0.27196938,-0.4322524,0.0041024327339064,0.0,99.99999697497836,0.0,0.0051024765287789
1350.5,160,1,65,0,-64,-0.27196938,-0.4322524,0.004103368590895,0.0,99.99999697187964,0.0,0.0051039186762677
1351.0,161,1,64,0,-63,-0.14152625,0.5364908,0.0041030611420725,0.0,99.99999697077538,0.0,0.0051037145918665
1351.5,161,1,64,0,-63,-0.14152625,0.5364908,0.0041015016066905,0.0,99.99999843854414,0.0,0.0037834894160148
1352.0,161,1,64,0,-63,-0.14152625,0.5364908,0.004099933074987,0.0,99.99999706608511,0.0,0.0048610134482219
1352.5,161,1,64,0,-63,0.54527766,-0.251814,0.0040983555689602,0.0,99.99999872900317,0.0,0.0037170424492663
1353.0,161,1,64,0,-63,0.54527766,-0.251814,0.004096779276401,0.0,99.9999987276114,0.0,0.0037192506981227
1353.5,161,1,64,0,-63,-0.19662279,-0.6423365,0.00409520419591,0.0,99.99999841683422,0.0,0.0043957000440392
1354.0,159,1,62,0,-61,0.08845265,-0.02315152,0.004093635401144,0.0,99.99999859159014,0.0,0.0042099233548143
1354.5,159,1,62,0,-61,0.08845265,-0.02315152,0.0040921033063996,0.0,99.99999841033188,0.0,0.004017806680458
1355.0,160,1,62,0,-61,0.3184592,0.04364438,0.0040905926280137,0.0,99.99999841214574,0.0,0.0040156404977291
1355.5,160,1,62,0,-61,0.3184592,0.04364438,0.0040890678733255,0.0,99.99999761420818,0.0,0.0056377160603597
1356.0,160,1,62,0,-61,0.3184592,0.04364438,0.0040875290750572,0.0,99.99999761107628,0.0,0.0056424375541766
1356.5,161,1,62,0,-61,0.029687032,0.25171608,0.0040859914345146,0.0,99.99999875289708,0.0,0.0036107842477253
1357.0,162,1,63,0,-62,0.38406187,-0.19228527,0.0040844549503915,0.0,99.99999875141982,0.0,0.0036137123391978
1357.5,160,1,62,0,-61,0.49422193,0.12790519,0.0040829297184608,0.0,99.99999863992988,0.0,0.003889568424479
1358.0,161,1,63,0,-62,0.18485571,-0.19141966,0.0040814005804438,0.0,99.99999783244216,0.0,0.0050088628976619
1358.5,162,1,64,0,-63,-0.17041962,0.28007337,0.0040798675463958,0.0,99.99999888840244,0.0,0.0035752380295797
1359.0,161,1,63,0,-62,0.036767498,0.74514514,0.0040783407007779,0.0,99.99999891207275,0.0,0.0031184682125228
1359.5,161,1,63,0,-62,0.036767498,0.74514514,0.004076814997543,0.0,99.99999827340729,0.0,0.00420162694144
1360.0,162,1,63,0,-62,0.20874234,0.00013620034,0.004075305524495,0.0,99.99999857467536,0.0,0.0034613698971217
1360.5,162,1,63,0,-62,0.20874234,0.00013620034,0.004073797168822,0.0,99.99999857281496,0.0,0.0034634754274746
1361.0,161,1,63,0,-62,-0.067453146,-0.35784048,0.0040735131615296,0.0,99.99999789273195,0.0,0.0045276225702159
1361.5,160,1,63,0,-62,0.17037599,-0.28615892,0.0040744672063948,0.0,99.99999802898012,0.0,0.0040912385941606
1362.0,160,1,63,0,-62,0.17037599,-0.28615892,0.0040754305882816,0.0,99.99999846757083,0.0,0.0040236245383751
1362.5,157,1,60,0,-59,-0.22931384,-0.31870937,0.0040751513090869,0.0,99.9999981046218,0.0,0.0044146884686294
1363.0,156,1,59,0,-58,-1.1079459,-0.4219514,0.0040736257362512,0.0,99.99999776883216,0.0,0.0048632668148665
1363.5,157,1,60,0,-59,-0.21130021,0.22653441,0.0040721013052143,0.0,99.99999849428282,0.0,0.0038518032894517
1364.0,157,1,60,0,-59,-0.66025406,-0.41910973,0.0040705830236507,0.0,99.99999845399276,0.0,0.0042577833785094
1364.5,157,1,60,0,-59,-0.66025406,-0.41910973,0.0040690608686239,0.0,99.99999730573052,0.0,0.0060828358828248
1365.0,157,1,60,0,-59,-0.66025406,-0.41910973,0.0040675298486357,0.0,99.99999765056194,0.0,0.0044259093990891
1365.5,157,1,60,0,-59,-0.66025406,-0.41910973,0.0040659999803337,0.0,99.99999784773122,0.0,0.0042332620830569
1366.0,157,1,60,0,-59,-0.66025406,-0.41910973,0.0040644862442697,0.0,99.99999848119802,0.0,0.0035381218631131
1366.5,160,1,61,0,-60,0.48187703,-0.2407161,0.004062978625146,0.0,99.9999982431649,0.0,0.0038324697823959
1367.0,159,1,60,0,-59,0.20625485,0.60978794,0.0040614571643957,0.0,99.99999856609637,0.0,0.0035948053506313
1367.5,159,1,60,0,-59,0.20625485,0.60978794,0.0040599169116158,0.0,99.99999779457384,0.0,0.0043649855183614
1368.0,159,1,60,0,-59,0.20625485,0.60978794,0.0040583728476699,0.0,99.99999771452784,0.0,0.004302687560869
1368.5,159,1,60,0,-59,0.20625485,0.60978794,0.0040568200074317,0.0,99.99999774326528,0.0,0.0043030847072035
1369.0,159,1,60,0,-59,0.20625485,0.60978794,0.0040552733264029,0.0,99.99999760519454,0.0,0.0043876277422474
1369.5,159,1,60,0,-59,0.20625485,0.60978794,0.0040561836581139,0.0,99.99999773654194,0.0,0.0043894543461551
1370.0,157,1,59,0,-58,-0.003746599,0.013351347,0.0040570982682609,0.0,99.9999971508268,0.0,0.0048259604508051
1370.5,157,1,59,0,-58,-0.003746599,0.013351347,0.0040579972791581,0.0,99.99999831474436,0.0,0.0041023636711388
1371.0,157,1,59,0,-58,-0.003746599,0.013351347,0.0040588757305915,0.0,99.99999786889153,0.0,0.0046767631021047
1371.5,157,1,59,0,-58,-0.003746599,0.013351347,0.0040597336335105,0.0,99.99999786734534,0.0,0.0046777626271203
1372.0,156,1,58,0,-57,0.33742034,0.07177327,0.0040606057641032,0.0,99.99999890721236,0.0,0.0035267375692982
1372.5,156,1,58,0,-57,0.33742034,0.07177327,0.0040614772186827,0.0,99.99999892945236,0.0,0.0033746398787726
1373.0,155,1,58,0,-57,-1.4708185,0.6433215,0.004063570124388,0.0,99.99999876605928,0.0,0.0038437265273313
1373.5,155,1,58,0,-57,-1.4708185,0.6433215,0.0040668681572408,0.0,99.99999865240532,0.0,0.0040773787036436
1374.0,155,1,58,0,-57,-1.4708185,0.6433215,0.0040701586421569,0.0,99.99999896851352,0.0,0.0032532926438067
1374.5,155,1,58,0,-57,-1.4708185,0.6433215,0.0040734614656892,0.0,99.99999798398753,0.0,0.0054442623497544
1375.0,155,1,58,0,-57,-1.4708185,0.6433215,0.0040743262535966,0.0,99.99999852555356,0.0,0.004116013025378
1375.5,155,1,58,0,-57,-1.4708185,0.6433215,0.0040751854020296,0.0,99.99999810711178,0.0,0.0047615979020933
1376.0,155,1,58,0,-57,0.60957533,0.067596465,0.0040760538239066,0.0,99.99999891994912,0.0,0.0032197969012733
1376.5,154,1,58,0,-57,0.4272973,0.2360825,0.0040769215768484,0.0,99.99999892173686,0.0,0.003217853659322
1377.0,154,1,58,0,-57,0.4272973,0.2360825,0.0040826620272226,0.0,99.99999908764396,0.0,0.0028818641007517
1377.5,153,1,57,0,-56,-0.4367237,0.70120907,0.0040883980591983,0.0,99.9999990880368,0.0,0.0028814532944046
1378.0,153,1,58,0,-57,1.4370189,0.3085873,0.0040929122738672,0.0,99.9999989269296,0.0,0.0032117048339933
1378.5,153,1,58,0,-57,1.4370189,0.3085873,0.0040962260201622,0.0,99.99999803293954,0.0,0.0040773751760293
1379.0,154,1,59,0,-58,0.17232157,-1.0753331,0.0040983207711509,0.0,99.99999773874548,0.0,0.0055840875290708
1379.5,154,1,59,0,-58,0.17232157,-1.0753331,0.0041016349386821,0.0,99.99999757212036,0.0,0.0050222133654093
1380.0,153,1,58,0,-57,1.4370189,0.3085873,0.0041049515902584,0.0,99.99999757293465,0.0,0.005021161886922
1380.5,153,1,58,0,-57,1.4370189,0.3085873,0.0041082707351629,0.0,99.99999734617684,0.0,0.0040734416461867
1381.0,153,1,58,0,-57,1.4370189,0.3085873,0.0041115923826829,0.0,99.99999735325068,0.0,0.0040667302690896
1381.5,153,1,58,0,-57,1.4370189,0.3085873,0.0041149015531962,0.0,99.99999898409008,0.0,0.0023804169201709
1382.0,153,1,58,0,-57,1.4370189,0.3085873,0.0041182082335034,0.0,99.999998983628,0.0,0.0023813361072433
1382.5,151,1,57,0,-56,-0.20356788,0.48182777,0.004123923976147,0.0,99.99999869342923,0.0,0.0041776273503524
1383.0,150,1,57,0,-56,-0.090855524,0.4035354,0.0041284275712014,0.0,99.99999826927116,0.0,0.0050445002220767
1383.5,150,1,57,0,-56,-0.090855524,0.4035354,0.0041317304288367,0.0,99.9999988357486,0.0,0.0034010227519827
1384.0,150,1,57,0,-56,-0.090855524,0.4035354,0.0041350358240501,0.0,99.99999883857402,0.0,0.0033967670193802
1384.5,150,1,57,0,-56,-0.090855524,0.4035354,0.0041383437660139,0.0,99.99999763500188,0.0,0.005660367468604
1385.0,152,1,58,0,-57,1.5058753,0.29164416,0.0041416592794966,0.0,99.99999766931018,0.0,0.0053868419910279
1385.5,154,1,60,0,-59,1.5301985,0.282299,0.0041449673269076,0.0,99.99999773546514,0.0,0.0052871370828713
1386.0,154,1,60,0,-59,1.5301985,0.282299,0.0041482729244114,0.0,99.99999867810524,0.0,0.0039070530766117
1386.5,154,1,60,0,-59,1.5301985,0.282299,0.0041515810967577,0.0,99.99999814617668,0.0,0.0041801707444379
1387.0,154,1,60,0,-59,1.5301985,0.282299,0.0041524633636404,0.0,99.99999818551328,0.0,0.0036869326429584
1387.5,154,1,60,0,-59,1.5301985,0.282299,0.0041521261666144,0.0,99.99999860666014,0.0,0.0042509670522754
1388.0,153,1,59,0,-58,1.3206538,0.6610483,0.0041505809000779,0.0,99.99999749718889,0.0,0.0046176630289001
1388.5,154,1,59,0,-58,1.3262554,0.79824305,0.0041490367832946,0.0,99.99999842102618,0.0,0.0046474321084161
1389.0,152,1,59,0,-58,1.4681865,0.6097072,0.0041474988227623,0.0,99.99999818423964,0.0,0.0049909336699865
1389.5,153,1,60,0,-59,1.3593634,0.6560421,0.0041459670060686,0.0,99.99999818076216,0.0,0.0049969099756089
1390.0,155,1,61,0,-60,-0.0170599,0.20166233,0.0041444313200767,0.0,99.9999987010502,0.0,0.0040450047549937
1390.5,155,1,61,0,-60,-0.0170599,0.20166233,0.0041428917746411,0.0,99.99999869770336,0.0,0.0040501001307373
1391.0,155,1,61,0,-60,-0.0170599,0.20166233,0.0041413334008485,0.0,99.999997603576,0.0,0.005604767984729
1391.5,155,1,61,0,-60,-0.0170599,0.20166233,0.0041397961557141,0.0,99.99999786650751,0.0,0.0056423250125609
1392.0,157,1,61,0,-60,-0.058447715,-0.12012124,0.0041382600513939,0.0,99.9999978565798,0.0,0.0056575048741909
1392.5,157,1,61,0,-60,-0.058447715,-0.12012124,0.0041367400320823,0.0,99.99999820294236,0.0,0.0050355560825508
1393.0,155,1,60,0,-59,1.3578407,0.7270646,0.0041352061945027,0.0,99.9999983805057,0.0,0.0042637064417526
1393.5,155,1,60,0,-59,1.3578407,0.7270646,0.0041336784684089,0.0,99.99999829838872,0.0,0.0042356415636127
1394.0,155,1,60,0,-59,1.3578407,0.7270646,0.0041321468999274,0.0,99.99999833617932,0.0,0.0041875434292574
1394.5,155,1,60,0,-59,1.3578407,0.7270646,0.0041306164659479,0.0,99.99999841038849,0.0,0.0040946389867197
1395.0,156,1,61,0,-60,1.5210913,0.46577597,0.0041290673116105,0.0,99.9999984937725,0.0,0.0036782845028663
1395.5,156,1,61,0,-60,1.5210913,0.46577597,0.0041275292381674,0.0,99.99999864240706,0.0,0.0036488698485635
1396.0,156,1,61,0,-60,1.5210913,0.46577597,0.0041259923101593,0.0,99.9999986437635,0.0,0.0036468403808644
1396.5,156,1,61,0,-60,1.5210913,0.46577597,0.0041244416694683,0.0,99.99999843331078,0.0,0.0039590689741386
1397.0,156,1,61,0,-60,1.5210913,0.46577597,0.0041228723997997,0.0,99.99999846922786,0.0,0.0041153920530103
1397.5,159,1,61,0,-60,-0.089580655,0.0074981414,0.0041212845450029,0.0,99.99999896954708,0.0,0.0032537172356998
1398.0,159,1,61,0,-60,-0.089580655,0.0074981414,0.004119707794583,0.0,99.99999884358417,0.0,0.0030261347528382
1398.5,158,1,61,0,-60,-0.08362919,0.24686436,0.0041181470616091,0.0,99.99999850983168,0.0,0.0041520309279658
1399.0,157,1,60,0,-59,-0.18231347,0.3740144,0.0041165875107408,0.0,99.9999985128075,0.0,0.0041475415543959
1399.5,155,1,59,0,-58,1.4317368,0.43246204,0.0041150340703257,0.0,99.99999819859762,0.0,0.0045207496353212
1400.0,156,1,59,0,-58,1.4354945,0.3929185,0.004113486727868,0.0,99.99999820062474,0.0,0.0045175041047641
1400.5,155,1,58,0,-57,1.4758042,0.37200558,0.0041119307040918,0.0,99.9999981884678,0.0,0.0041769087913764
1401.0,155,1,58,0,-57,1.4758042,0.37200558,0.0041103807756234,0.0,99.99999795021223,0.0,0.004297629782448
1401.5,155,1,58,0,-57,1.4758042,0.37200558,0.0041088467597526,0.0,99.99999868934349,0.0,0.0033125892437519
1402.0,155,1,58,0,-57,1.4758042,0.37200558,0.0041085194383429,0.0,99.9999975379876,0.0,0.0051362545896604
1402.5,155,1,58,0,-57,1.4758042,0.37200558,0.0041093876438674,0.0,99.99999713742945,0.0,0.0057002555589114
1403.0,156,1,58,0,-57,-0.1719719,0.33021626,0.0041102552062236,0.0,99.99999713930816,0.0,0.005697544071768
1403.5,154,1,57,0,-56,-0.4549529,0.54068184,0.0041111172158109,0.0,99.99999767833926,0.0,0.004716606012971
1404.0,154,1,57,0,-56,-0.34212852,0.5778222,0.0041119687662302,0.0,99.99999861095348,0.0,0.003950289091315
1404.5,155,1,58,0,-57,-0.50669914,0.3630399,0.0041128049544619,0.0,99.99999894007236,0.0,0.003363697018056
1405.0,153,1,58,0,-57,-0.48684788,0.989851,0.0041124474610081,0.0,99.999998455038,0.0,0.0042041591804721
1405.5,152,1,57,0,-56,-0.42317706,0.2928856,0.0041108829274924,0.0,99.99999845872392,0.0,0.0041043634640495
1406.0,153,1,58,0,-57,-0.19792125,0.43814635,0.0041093048872951,0.0,99.99999844987563,0.0,0.004089904191703
1406.5,153,1,58,0,-57,-0.19792125,0.43814635,0.0041077182679657,0.0,99.99999838536058,0.0,0.004149814989589
1407.0,153,1,58,0,-57,-0.19792125,0.43814635,0.0041061230907778,0.0,99.9999982956405,0.0,0.0042824686201033
1407.5,153,1,56,0,-55,0.087357014,0.7009274,0.0041045389270328,0.0,99.99999838048004,0.0,0.0041947799720547
1408.0,154,1,57,0,-56,-0.3669511,0.43258983,0.0041029559851736,0.0,99.99999851642632,0.0,0.004001103359012
1408.5,154,1,57,0,-56,-0.3669511,0.43258983,0.0041013693838189,0.0,99.99999858903506,0.0,0.0033450714052391
1409.0,154,1,57,0,-56,-0.3669511,0.43258983,0.0040997937614626,0.0,99.9999983135837,0.0,0.003756987915607
1409.5,154,1,57,0,-56,-0.3669511,0.43258983,0.0040982242217297,0.0,99.9999983166828,0.0,0.0037530569815717
1410.0,153,1,58,0,-57,-0.4424392,0.44132936,0.0040966656208106,0.0,99.9999984089854,0.0,0.0039316308129778
1410.5,153,1,58,0,-57,-0.4424392,0.44132936,0.0040951082049478,0.0,99.99999826467524,0.0,0.0039764441131408
1411.0,153,1,58,0,-57,-0.4424392,0.44132936,0.0040935373887102,0.0,99.99999850717307,0.0,0.0039661458289568
1411.5,153,1,58,0,-57,-0.4424392,0.44132936,0.0040919726347104,0.0,99.99999851766192,0.0,0.0039450101389359
1412.0,153,1,58,0,-57,-0.4424392,0.44132936,0.0040904187843612,0.0,99.99999863913428,0.0,0.0038530197394961
1412.5,152,1,59,0,-58,1.4975789,0.58972853,0.0040888661136555,0.0,99.99999864033845,0.0,0.0038496452069978
1413.0,152,1,59,0,-58,1.4975789,0.58972853,0.0040873049281253,0.0,99.99999847191002,0.0,0.0038759367573987
1413.5,152,1,59,0,-58,1.4975789,0.58972853,0.0040857352486229,0.0,99.99999863893328,0.0,0.0036027672454149
1414.0,152,1,59,0,-58,1.4975789,0.58972853,0.0040841667742902,0.0,99.99999862432544,0.0,0.0036288112830368
1414.5,154,1,60,0,-59,1.4257272,0.30141926,0.0040825946683469,0.0,99.9999985960386,0.0,0.0037472808516593
1415.0,153,1,59,0,-58,1.4811782,0.1562802,0.0040810237722298,0.0,99.99999850082332,0.0,0.0039099832349568
1415.5,152,1,58,0,-57,1.2445277,0.4156986,0.0040806327347695,0.0,99.99999830490088,0.0,0.0039451158036354
1416.0,152,1,58,0,-57,1.2445277,0.4156986,0.0040814201922644,0.0,99.99999850313948,0.0,0.0037403300784009
1416.5,152,1,58,0,-57,1.2445277,0.4156986,0.004082211868215,0.0,99.99999820212852,0.0,0.0041422003009904
1417.0,152,1,58,0,-57,1.2445277,0.4156986,0.0040830222402954,0.0,99.99999809923506,0.0,0.0042732780195508
1417.5,155,1,61,0,-60,1.4970456,0.43907738,0.0040838512986552,0.0,99.99999806730648,0.0,0.0047604353601218
1418.0,154,1,60,0,-59,1.5908688,0.42937845,0.0040846797341768,0.0,99.99999892525592,0.0,0.0033649031200979
1418.5,154,1,60,0,-59,1.5289325,0.33459902,0.0040855171957765,0.0,99.9999987830394,0.0,0.0036915260859941
1419.0,154,1,60,0,-59,0.43271267,-0.47316885,0.0040863636792853,0.0,99.99999807075584,0.0,0.0048392271801549
1419.5,154,1,60,0,-59,0.43271267,-0.47316885,0.0040872047130284,0.0,99.99999796463015,0.0,0.0053061485528815
1420.0,153,1,59,0,-58,0.18000941,1.1208637,0.0040880451218275,0.0,99.99999756815274,0.0,0.0058581625261208
1420.5,152,1,58,0,-57,-0.040298775,-0.6596098,0.0040877058738222,0.0,99.99999790148728,0.0,0.0051131759039608
1421.0,152,1,57,0,-56,0.114581555,0.95657,0.0040885647475909,0.0,99.99999825905532,0.0,0.0037264589542465
1421.5,152,1,57,0,-56,0.114581555,0.95657,0.0040894085379215,0.0,99.9999973097028,0.0,0.0051740745921486
1422.0,153,1,57,0,-56,0.29674613,-0.31300986,0.0040902517041734,0.0,99.99999876638186,0.0,0.0030916184026436
1422.5,153,1,57,0,-56,0.29674613,-0.31300986,0.0040910942470385,0.0,99.99999790539476,0.0,0.0042858397808897
1423.0,153,1,57,0,-56,0.013752125,-1.404445,0.0040919409828425,0.0,99.99999791911046,0.0,0.0041737050733425
1423.5,153,1,57,0,-56,0.013752125,-1.404445,0.004092787095074,0.0,99.99999789636324,0.0,0.0041569598917915
1424.0,153,1,57,0,-56,0.013752125,-1.404445,0.0040924517784525,0.0,99.99999810843516,0.0,0.0039504051213723
1424.5,153,1,57,0,-56,0.013752125,-1.404445,0.0040909507698746,0.0,99.99999798014892,0.0,0.0041100523910669
1425.0,152,1,56,0,-55,0.09859009,-0.79854107,0.0040894556675977,0.0,99.999998117552,0.0,0.0040343787739635
1425.5,152,1,56,0,-55,0.09859009,-0.79854107,0.0040879664598797,0.0,99.9999981112056,0.0,0.0040418754841514
1426.0,152,1,56,0,-55,0.09859009,-0.79854107,0.0040864783363805,0.0,99.99999810459477,0.0,0.0040498090541479
1426.5,152,1,56,0,-55,0.9207471,0.61176544,0.0040849960910813,0.0,99.99999741030716,0.0,0.0044964808797621
1427.0,154,1,57,0,-56,-1.3386351,0.5330205,0.0040835101289825,0.0,99.9999972900021,0.0,0.0047094066689641
1427.5,153,1,56,0,-55,-1.5060016,0.39150918,0.0040820156711866,0.0,99.99999795845628,0.0,0.0042414437389694
1428.0,153,1,56,0,-55,-1.5060016,0.39150918,0.0040805223068552,0.0,99.99999796368202,0.0,0.0042347902915761
1428.5,154,1,57,0,-56,0.72174627,0.23258436,0.0040790348159687,0.0,99.99999731165968,0.0,0.0046884228374801
1429.0,154,1,57,0,-56,0.72174627,0.23258436,0.0040775484091702,0.0,99.999997587212,0.0,0.0044632040561143
1429.5,154,1,57,0,-56,0.72174627,0.23258436,0.0040760678595021,0.0,99.9999986660806,0.0,0.0033208398774565
1430.0,155,1,58,0,-57,-1.4579266,0.06204917,0.004074588384613,0.0,99.99999779474804,0.0,0.0048141538282034
1430.5,155,1,58,0,-57,-1.4579266,0.06204917,0.0040731147506446,0.0,99.99999868213288,0.0,0.0030858542834094
1431.0,154,1,55,0,-54,-1.2260734,-0.027449582,0.004071627890651,0.0,99.99999853515324,0.0,0.0037534610140049
1431.5,154,1,55,0,-54,-1.2260734,-0.027449582,0.0040701468761622,0.0,99.99999754022112,0.0,0.0053831871180247
1432.0,154,1,55,0,-54,-1.2260734,-0.027449582,0.004068662181785,0.0,99.99999768179242,0.0,0.0052752867223518
1432.5,154,1,55,0,-54,-1.2260734,-0.027449582,0.0040671785701763,0.0,99.99999768499563,0.0,0.0052689472879369
1433.0,155,1,56,0,-55,0.18542458,-0.13189623,0.0040657055401079,0.0,99.99999727925636,0.0,0.0051237636543587
1433.5,155,1,56,0,-55,0.8717579,0.23416255,0.004064238323198,0.0,99.99999911232788,0.0,0.0023745150222234
1434.0,155,1,56,0,-55,0.8717579,0.23416255,0.0040627816511705,0.0,99.9999974911992,0.0,0.0046644041840216
1434.5,155,1,56,0,-55,0.42877942,-1.0072994,0.0040613212831907,0.0,99.99999751248654,0.0,0.0046389470811143
1435.0,157,1,58,0,-57,0.4663989,-0.003876727,0.0040598572283541,0.0,99.99999828896529,0.0,0.0038966638532062
1435.5,157,1,58,0,-57,0.4663989,-0.003876727,0.0040583942286835,0.0,99.9999979293634,0.0,0.0039843974177241
1436.0,157,1,58,0,-57,0.4663989,-0.003876727,0.0040569370125555,0.0,99.99999787199502,0.0,0.0048916610903066
1436.5,157,1,58,0,-57,0.4663989,-0.003876727,0.0040554713902808,0.0,99.99999855362456,0.0,0.0042620135057774
1437.0,158,1,57,0,-56,-1.4934019,-0.019206181,0.004055162322987,0.0,99.99999799124672,0.0,0.0051094423158811
1437.5,157,1,56,0,-55,-1.6650761,-0.07104765,0.0040560179987982,0.0,99.9999979963087,0.0,0.0051039605674555
1438.0,156,1,56,0,-55,0.8224855,0.28158227,0.0040568730530501,0.0,99.99999778990272,0.0,0.0052048598211065
1438.5,157,1,57,0,-56,-0.13848977,0.32298216,0.0040577274864199,0.0,99.99999779194754,0.0,0.0052029773919762
1439.0,158,1,58,0,-57,-1.3883938,0.46297312,0.0040585718573113,0.0,99.99999829207458,0.0,0.0037220043852523
1439.5,159,1,59,0,-58,-0.41114765,0.58051735,0.0040594156115984,0.0,99.99999828886448,0.0,0.0037265483658159
1440.0,159,1,59,0,-58,-0.41114765,0.58051735,0.0040602587499564,0.0,99.9999982854938,0.0,0.0037310382095991
1440.5,159,1,59,0,-58,-0.41114765,0.58051735,0.0040611154297984,0.0,99.99999847095512,0.0,0.0032795976912832
1441.0,159,1,59,0,-58,-0.41114765,0.58051735,0.0040619714906982,0.0,99.99999818254896,0.0,0.0038675205981958
1441.5,158,1,57,0,-56,-0.72551376,0.1429604,0.0040628410859013,0.0,99.99999847808918,0.0,0.0035358957059532
1442.0,160,1,59,0,-58,-0.47100216,0.58512056,0.0040637242099764,0.0,99.99999871903908,0.0,0.0032191381359983
1442.5,159,1,59,0,-58,-0.257591,0.49435183,0.004064601992734,0.0,99.99999871611357,0.0,0.0032232930958816
1443.0,160,1,59,0,-58,-0.23530631,0.39022863,0.0040666437777798,0.0,99.99999795369702,0.0,0.0041742883165995
1443.5,159,1,62,0,-61,1.5578233,0.10275102,0.0040698577752835,0.0,99.99999715889354,0.0,0.0062085629815767
1444.0,159,1,62,0,-61,1.5578233,0.10275102,0.0040718821066687,0.0,99.99999825345296,0.0,0.004095075031185
1444.5,158,1,61,0,-60,-0.071764365,0.1701599,0.00407274159816,0.0,99.99999840261972,0.0,0.0046397493165902
1445.0,157,1,60,0,-59,-0.32557386,0.29648697,0.0040736004744233,0.0,99.99999766001828,0.0,0.0052297396855327
1445.5,157,1,60,0,-59,-0.32557386,0.29648697,0.0040744540185301,0.0,99.99999766165789,0.0,0.0052285482644243
1446.0,157,1,60,0,-59,-0.32557386,0.29648697,0.0040753116670119,0.0,99.99999756549184,0.0,0.0062477754809871
1446.5,159,1,62,0,-61,0.03923355,0.10757922,0.0040761828508751,0.0,99.99999770325034,0.0,0.0059315998069263
1447.0,159,1,62,0,-61,-1.1107718,0.49000397,0.0040770534180743,0.0,99.99999770711216,0.0,0.0059277052395654
1447.5,157,1,61,0,-60,0.60969627,0.893935,0.0040779045097438,0.0,99.99999865173928,0.0,0.0041173823236049
1448.0,156,1,60,0,-59,0.4791872,0.6051181,0.0040787549915338,0.0,99.99999865024114,0.0,0.0041170011045047
1448.5,157,1,61,0,-60,0.2854948,0.72263837,0.0040796237179687,0.0,99.9999982509026,0.0,0.0042227780483298
1449.0,154,1,58,0,-57,0.43471235,0.52660054,0.0040805012560274,0.0,99.99999733694044,0.0,0.0048454417520554
1449.5,154,1,58,0,-57,0.43471235,0.52660054,0.0040813687536873,0.0,99.99999770942485,0.0,0.0044837539910176
1450.0,153,1,58,0,-57,0.5478359,0.5245388,0.0040822450616607,0.0,99.99999854262586,0.0,0.002946862871634
1450.5,153,1,58,0,-57,0.5478359,0.5245388,0.0040831207549216,0.0,99.9999987290002,0.0,0.0030171048036134
1451.0,153,1,58,0,-57,0.5478359,0.5245388,0.0040839911238645,0.0,99.99999840112072,0.0,0.0044995321608686
1451.5,153,1,58,0,-57,-0.45998484,0.5822493,0.004084851461519,0.0,99.99999858142854,0.0,0.0035171772300378
1452.0,153,1,58,0,-57,-0.45998484,0.5822493,0.0040857017725837,0.0,99.99999837900238,0.0,0.0039384488848253
1452.5,153,1,58,0,-57,-0.45998484,0.5822493,0.0040853946564973,0.0,99.99999816153704,0.0,0.0043106704906047
1453.0,154,1,57,0,-56,-0.26769674,0.5725146,0.0040839266505582,0.0,99.99999770516976,0.0,0.0047516996915164
1453.5,154,1,57,0,-56,-0.26769674,0.5725146,0.0040824737995212,0.0,99.99999846597429,0.0,0.004179510007733
1454.0,154,1,57,0,-56,-0.47958755,0.481247,0.0040810266785898,0.0,99.99999879318314,0.0,0.0032296433301371
1454.5,151,1,55,0,-54,-0.011908516,0.62341386,0.0040795711963405,0.0,99.99999828108736,0.0,0.0039633030901346
1455.0,151,1,55,0,-54,-0.011908516,0.62341386,0.004078126132094,0.0,99.99999836753852,0.0,0.0038233078824733
1455.5,149,1,54,0,-53,0.23567124,-0.80820143,0.004076668030921,0.0,99.9999986747305,0.0,0.0041131657244329
1456.0,150,1,55,0,-54,-0.1906538,-0.48741686,0.0040752062886432,0.0,99.99999868917487,0.0,0.0040868045827246
1456.5,150,1,55,0,-54,-0.1906538,-0.48741686,0.004073736234195,0.0,99.9999988058463,0.0,0.0041115023585294
1457.0,150,1,55,0,-54,-0.1906538,-0.48741686,0.0040722532100862,0.0,99.99999876236365,0.0,0.0041865587563764
1457.5,149,1,54,0,-53,-0.7070614,0.52332646,0.0040707759385687,0.0,99.99999825337898,0.0,0.0049977172711988
1458.0,150,1,54,0,-53,-0.29605472,0.7134681,0.0040692950686478,0.0,99.99999852386544,0.0,0.0044280618206019
1458.5,149,1,54,0,-53,-0.40428704,0.36391437,0.0040678292750637,0.0,99.99999893273646,0.0,0.0033449578450248
1459.0,150,1,55,0,-54,-0.43744206,0.30574143,0.0040663738632845,0.0,99.99999893229192,0.0,0.0033468539018912
1459.5,150,1,55,0,-54,-0.43744206,0.30574143,0.0040649288121603,0.0,99.99999762937632,0.0,0.0056772451278423
1460.0,151,1,56,0,-55,-0.61278635,0.36573276,0.0040634754747596,0.0,99.99999850964896,0.0,0.0043283454598022
1460.5,151,1,56,0,-55,-0.61278635,0.36573276,0.0040620092168432,0.0,99.9999986756482,0.0,0.0039383145580858
1461.0,151,1,56,0,-55,-0.61278635,0.36573276,0.0040605207680865,0.0,99.9999989113519,0.0,0.0031967737581339
1461.5,150,1,55,0,-54,-0.29125354,0.4672386,0.0040590334097597,0.0,99.99999891094834,0.0,0.0031970704817886
1462.0,150,1,55,0,-54,-0.29125354,0.4672386,0.0040575424977801,0.0,99.99999841275702,0.0,0.0039438454988609
1462.5,149,1,54,0,-53,-0.3941149,0.38573468,0.004056085157199,0.0,99.9999975327244,0.0,0.0056615074563186
1463.0,150,1,55,0,-54,-0.28844398,0.67341554,0.0040546381355525,0.0,99.99999752800164,0.0,0.0056672349797421
1463.5,151,1,55,0,-54,0.65610164,0.24633303,0.0040531921459972,0.0,99.99999752333343,0.0,0.0056729608509289
1464.0,150,1,55,0,-54,0.5352723,0.31929332,0.0040517471874293,0.0,99.99999751772096,0.0,0.0056798276595177
1464.5,149,1,53,0,-52,0.4024058,-0.7192391,0.0040503217641401,0.0,99.99999862359464,0.0,0.003115392972729
1465.0,151,1,54,0,-53,-0.13009089,-0.5846448,0.0040488834741384,0.0,99.99999756091022,0.0,0.0052927135729099
1465.5,151,1,54,0,-53,-0.13009089,-0.5846448,0.0040474415854648,0.0,99.99999755971058,0.0,0.0052918386646798
1466.0,151,1,54,0,-53,0.3140909,-0.13389646,0.0040460007233966,0.0,99.99999851292266,0.0,0.0037475890269021
1466.5,152,1,55,0,-54,0.0513895,-0.27756396,0.0040445608868378,0.0,99.99999825194853,0.0,0.0037883441241058
1467.0,152,1,55,0,-54,-0.17424227,0.48640355,0.004043122074694,0.0,99.99999825245712,0.0,0.0037907608111167
1467.5,152,1,55,0,-54,0.0122057125,-0.9019357,0.0040416796792187,0.0,99.99999865320392,0.0,0.0040974439656326
1468.0,153,1,56,0,-55,0.026005894,-1.0162705,0.0040402245024918,0.0,99.9999985908923,0.0,0.0041769918095802
1468.5,153,1,56,0,-55,0.32293677,-0.38453108,0.0040387887733972,0.0,99.99999838390832,0.0,0.0036787727712503
1469.0,152,1,55,0,-54,-0.1032123,0.2531928,0.004037354064338,0.0,99.99999840413344,0.0,0.0032131150195678
1469.5,153,1,54,0,-53,-0.4796729,0.10540457,0.004035929561306,0.0,99.9999982186286,0.0,0.0035454997064283
1470.0,153,1,54,0,-53,-1.3433509,0.09786782,0.0040345152437775,0.0,99.99999761184128,0.0,0.004050935228127
1470.5,152,1,54,0,-53,-1.5187603,0.39066052,0.0040331019171451,0.0,99.99999798070726,0.0,0.0037608569792702
1471.0,150,1,53,0,-52,-1.3554243,0.06405288,0.0040316895803677,0.0,99.99999798162668,0.0,0.003760151621437
1471.5,151,1,53,0,-52,0.43270338,0.41621795,0.0040302828131055,0.0,99.9999979449561,0.0,0.0036724668715472
1472.0,152,1,54,0,-53,0.54580885,0.7204926,0.004030017781161,0.0,99.9999973676478,0.0,0.0042675137407633
1472.5,152,1,54,0,-53,0.54580885,0.7204926,0.0040308704022352,0.0,99.99999811909676,0.0,0.004294862046822
1473.0,152,1,54,0,-53,0.612201,0.37734026,0.0040317178456025,0.0,99.99999838993972,0.0,0.0032938996103781
1473.5,151,1,55,0,-54,0.7207642,0.53108436,0.0040325601138605,0.0,99.9999983678499,0.0,0.0033246745146955
1474.0,151,1,55,0,-54,0.7207642,0.53108436,0.0040333834811673,0.0,99.9999982747084,0.0,0.0032746385105201
1474.5,148,1,52,0,-51,0.23959316,0.35167652,0.0040319425116449,0.0,99.9999985547258,0.0,0.0031335871430865
1475.0,148,1,52,0,-51,0.23959316,0.35167652,0.0040305162802246,0.0,99.99999777422602,0.0,0.0048597552834152
1475.5,149,1,53,0,-52,-0.55867565,0.49161062,0.0040290819246658,0.0,99.9999978781718,0.0,0.0045793817468432
1476.0,148,1,52,0,-51,0.076578185,-0.83411443,0.0040276485896432,0.0,99.99999787898462,0.0,0.004581423135654
1476.5,147,1,52,0,-51,0.22656031,0.28657365,0.0040262253938735,0.0,99.99999819417954,0.0,0.0045675790188149
1477.0,146,1,52,0,-51,0.017898686,-0.6907177,0.0040248032035395,0.0,99.99999745656848,0.0,0.0060741296363314
1477.5,145,1,52,0,-51,0.085164785,-0.5508,0.0040233820175761,0.0,99.99999745894424,0.0,0.0060721539652445
1478.0,144,1,51,0,-50,0.19293316,-0.39302972,0.0040219527344187,0.0,99.99999744571556,0.0,0.0057516835191111
1478.5,144,1,51,0,-50,0.19293316,-0.39302972,0.0040205426545081,0.0,99.9999978842628,0.0,0.0051103035407104
1479.0,143,1,51,0,-50,0.05928065,0.25298965,0.0040191244752809,0.0,99.9999979548731,0.0,0.0051364466331868
1479.5,144,1,51,0,-50,0.08369239,0.28939125,0.004017707296179,0.0,99.9999979516566,0.0,0.0051399720249067
1480.0,147,1,53,0,-52,-0.0044643134,-0.5595188,0.0040163001910425,0.0,99.99999837772437,0.0,0.0038702843830618
1480.5,147,1,53,0,-52,-0.0044643134,-0.5595188,0.0040148940711703,0.0,99.99999837407437,0.0,0.003874711523007
1481.0,148,1,54,0,-53,-0.021180913,0.47486544,0.0040134889355279,0.0,99.99999837047734,0.0,0.0038790479358474
1481.5,149,1,54,0,-53,-0.13693513,0.5897081,0.0040120847830822,0.0,99.99999836691472,0.0,0.0038833530680753
1482.0,149,1,54,0,-53,-0.13693513,0.5897081,0.0040106906623675,0.0,99.9999984364315,0.0,0.0038084256611357
1482.5,148,1,53,0,-52,-0.40778506,0.35905963,0.0040092975101754,0.0,99.99999862290358,0.0,0.003783659164128
1483.0,149,1,54,0,-53,0.078841925,0.45726776,0.0040079233996209,0.0,99.99999852643144,0.0,0.0038539190167603
1483.5,149,1,54,0,-53,0.078841925,0.45726776,0.0040065502306443,0.0,99.99999852657548,0.0,0.0038537660776884
1484.0,148,1,53,0,-52,0.16787,0.74605846,0.0040074312669769,0.0,99.99999852685362,0.0,0.003853493951221
1484.5,149,1,54,0,-53,0.078841925,0.45726776,0.0040083117000129,0.0,99.9999983962796,0.0,0.0039883508134349
1485.0,148,1,54,0,-53,-0.37502688,-0.45336843,0.004009200557978,0.0,99.99999809436866,0.0,0.0045923982466593
1485.5,149,1,55,0,-54,-0.20083003,-0.30825993,0.0040100933249897,0.0,99.99999830015388,0.0,0.0045846364934922
1486.0,150,1,56,0,-55,-0.52240074,0.70487887,0.0040109809745614,0.0,99.99999826632109,0.0,0.0041800741106693
1486.5,150,1,56,0,-55,-0.52240074,0.70487887,0.0040118680211266,0.0,99.99999826687488,0.0,0.0041789638568389
1487.0,150,1,56,0,-55,-0.52240074,0.70487887,0.0040127364186468,0.0,99.9999979790153,0.0,0.0047300977422266
1487.5,150,1,56,0,-55,-0.52240074,0.70487887,0.0040136042188364,0.0,99.99999798047044,0.0,0.0047280368802193
1488.0,149,1,56,0,-55,0.1736619,-0.51584554,0.0040144669118266,0.0,99.99999847678744,0.0,0.0037347916330154
1488.5,148,1,55,0,-54,0.08270621,-0.85539806,0.0040153244999938,0.0,99.99999847321976,0.0,0.0037389354599128
1489.0,147,1,55,0,-54,0.10249379,0.5766745,0.0040161769857452,0.0,99.9999984113496,0.0,0.0038648070259428
1489.5,146,1,54,0,-53,-0.22210099,0.58284056,0.0040170288801816,0.0,99.99999758088836,0.0,0.0044981397962787
1490.0,147,1,54,0,-53,-0.43307424,-0.19578578,0.0040178711678193,0.0,99.99999720019945,0.0,0.005513229031912
1490.5,146,1,54,0,-53,0.7886998,0.44477534,0.0040187083604387,0.0,99.99999734386334,0.0,0.0049410238230616
1491.0,147,1,54,0,-53,-0.413679,-0.04025578,0.0040218189564798,0.0,99.99999834225709,0.0,0.003776486088384
1491.5,146,1,54,0,-53,-0.056092143,0.07834025,0.0040249184032136,0.0,99.99999792734108,0.0,0.0050559314340681
1492.0,147,1,55,0,-54,0.46955538,0.4213817,0.0040280247440607,0.0,99.9999984575336,0.0,0.0041139946653261
1492.5,147,1,55,0,-54,0.46955538,0.4213817,0.0040311379928315,0.0,99.99999873924295,0.0,0.0037896370641853
1493.0,147,1,55,0,-54,0.46955538,0.4213817,0.00403425364628,0.0,99.9999987374902,0.0,0.0037913647614511
1493.5,147,1,55,0,-54,0.46955538,0.4213817,0.0040373671933414,0.0,99.99999873554763,0.0,0.0037934829365647
1494.0,146,1,54,0,-53,0.040168017,0.5451125,0.0040382136527203,0.0,99.99999858224348,0.0,0.0036731408112559
1494.5,146,1,53,0,-52,-0.36917096,-0.11743882,0.0040390504931645,0.0,99.99999857619252,0.0,0.0036806946146358
1495.0,146,1,53,0,-52,-0.36917096,-0.11743882,0.0040398822362587,0.0,99.99999873281486,0.0,0.0032744614795917
1495.5,146,1,53,0,-52,0.2805196,0.48340863,0.0040407134010846,0.0,99.99999778624478,0.0,0.00440256622165
1496.0,146,1,53,0,-52,0.2805196,0.48340863,0.0040415530201027,0.0,99.99999738184565,0.0,0.0049703366896151
1496.5,146,1,53,0,-52,0.2805196,0.48340863,0.0040423965748535,0.0,99.9999973668302,0.0,0.0049852360411879
1497.0,147,1,54,0,-53,0.56278956,-0.9263137,0.0040443561579286,0.0,99.99999735268462,0.0,0.0049994613185682
1497.5,147,1,54,0,-53,0.56278956,-0.9263137,0.0040474170647854,0.0,99.99999878633687,0.0,0.0031260801803894
1498.0,146,1,53,0,-52,-0.23588489,-0.14852604,0.0040504622882991,0.0,99.99999821260096,0.0,0.0039041230799655
1498.5,143,1,51,0,-50,-0.240006,-0.339687,0.0040534872929754,0.0,99.99999839333704,0.0,0.003633933306376
1499.0,144,1,52,0,-51,-0.35527027,-0.79405344,0.0040565146755959,0.0,99.99999884686144,0.0,0.0029136505463039
1499.5,145,1,53,0,-52,-0.20020026,-0.7763444,0.0040595489687274,0.0,99.99999901190093,0.0,0.0027719861898216
1500.0,145,1,53,0,-52,-0.20020026,-0.7763444,0.0040625947121641,0.0,99.99999869538296,0.0,0.0032314684448863
1500.5,146,1,54,0,-53,-0.41974252,0.16942666,0.0040625947121641,0.0,99.99999869538296,0.0,0.0032314684448863
1501.0,147,1,55,0,-54,-0.39790976,0.45324197,0.0040625947121641,0.0,99.99999869538296,0.0,0.0032314684448863
1501.5,148,1,56,0,-55,0.12994151,-1.036313,0.0040625947121641,0.0,99.99999869538296,0.0,0.0032314684448863
1502.0,148,1,56,0,-55,0.24721704,-1.0873594,0.0040625947121641,0.0,99.99999869538296,0.0,0.0032314684448863
1502.5,149,1,56,0,-55,-0.27426082,0.74666804,0.0040625947121641,0.0,99.99999869538296,0.0,0.0032314684448863
1503.0,148,1,56,0,-55,-0.22736287,0.41267264,0.0040625947121641,0.0,99.99999869538296,0.0,0.0032314684448863
1503.5,147,1,55,0,-54,-0.23206723,-0.36330822,0.0040625947121641,0.0,99.99999869538296,0.0,0.0032314684448863
1504.0,152,1,58,0,-57,-0.94285053,0.26680633,0.0040625947121641,0.0,99.99999869538296,0.0,0.0032314684448863
1504.5,152,1,58,0,-57,-0.06788766,-0.087689415,0.0040625947121641,0.0,99.99999869538296,0.0,0.0032314684448863
1505.0,151,1,57,0,-56,0.14483394,-0.059428934,0.0040625947121641,0.0,99.99999869538296,0.0,0.0032314684448863
1505.5,151,1,57,0,-56,0.14483394,-0.059428934,0.0040625947121641,0.0,99.99999869538296,0.0,0.0032314684448863
1506.0,152,1,58,0,-57,-0.5352024,0.8267151,0.0040625947121641,0.0,99.99999869538296,0.0,0.0032314684448863
1506.5,152,1,58,0,-57,-0.5352024,0.8267151,0.0040625947121641,0.0,99.99999869538296,0.0,0.0032314684448863
1507.0,152,1,58,0,-57,-0.5352024,0.8267151,0.0040625947121641,0.0,99.99999869538296,0.0,0.0032314684448863
1507.5,152,1,58,0,-57,-0.5352024,0.8267151,0.0040625947121641,0.0,99.99999869538296,0.0,0.0032314684448863
1508.0,152,1,58,0,-57,-0.5352024,0.8267151,0.0040625947121641,0.0,99.99999869538296,0.0,0.0032314684448863
1508.5,152,1,58,0,-57,-0.5352024,0.8267151,0.0040625947121641,0.0,99.99999869538296,0.0,0.0032314684448863
1509.0,151,1,57,0,-56,-0.61498505,0.34818697,0.0040625947121641,0.0,99.99999869538296,0.0,0.0032314684448863
1509.5,151,1,57,0,-56,-0.61498505,0.34818697,0.0040625947121641,0.0,99.99999869538296,0.0,0.0032314684448863
1510.0,151,1,57,0,-56,-0.61498505,0.34818697,0.0040625947121641,0.0,99.99999869538296,0.0,0.0032314684448863
1510.5,151,1,57,0,-56,-0.61498505,0.34818697,0.0040625947121641,0.0,99.99999869538296,0.0,0.0032314684448863
1511.0,152,1,57,0,-56,-0.17157207,-0.17515269,0.0040625947121641,0.0,99.99999869538296,0.0,0.0032314684448863
1511.5,152,1,57,0,-56,-0.17157207,-0.17515269,0.0040625947121641,0.0,99.99999869538296,0.0,0.0032314684448863
1512.0,152,1,57,0,-56,0.19350441,-0.13956748,0.0040625947121641,0.0,99.99999869538296,0.0,0.0032314684448863
1512.5,152,1,57,0,-56,0.045296565,0.19462849,0.0040625947121641,0.0,99.99999869538296,0.0,0.0032314684448863
1513.0,153,1,58,0,-57,0.7331161,-0.6524258,0.0040625947121641,0.0,99.99999869538296,0.0,0.0032314684448863
1513.5,153,1,58,0,-57,0.7331161,-0.6524258,0.0040625947121641,0.0,99.99999869538296,0.0,0.0032314684448863
1514.0,154,1,59,0,-58,-0.10329887,-0.13297655,0.0040625947121641,0.0,99.99999869538296,0.0,0.0032314684448863
1514.5,154,1,59,0,-58,-0.10329887,-0.13297655,0.0040625947121641,0.0,99.99999869538296,0.0,0.0032314684448863
1515.0,154,1,59,0,-58,-0.10329887,-0.13297655,0.0040625947121641,0.0,99.99999869538296,0.0,0.0032314684448863
1515.5,154,1,59,0,-58,-0.10329887,-0.13297655,0.0040625947121641,0.0,99.99999869538296,0.0,0.0032314684448863
1516.0,154,1,59,0,-58,-0.10329887,-0.13297655,0.0040625947121641,0.0,99.99999869538296,0.0,0.0032314684448863
1516.5,155,1,59,0,-58,0.70748156,-0.18839537,0.0040625947121641,0.0,99.99999869538296,0.0,0.0032314684448863
1517.0,155,1,59,0,-58,0.70748156,-0.18839537,0.0040625947121641,0.0,99.99999869538296,0.0,0.0032314684448863
1517.5,155,1,59,0,-58,0.70748156,-0.18839537,0.0040625947121641,0.0,99.99999869538296,0.0,0.0032314684448863
1518.0,154,1,58,0,-57,0.85340196,-0.12910917,0.0040625947121641,0.0,99.99999869538296,0.0,0.0032314684448863
1518.5,155,1,59,0,-58,-0.23484065,0.4540829,0.0040625947121641,0.0,99.99999869538296,0.0,0.0032314684448863
1519.0,155,1,59,0,-58,-0.48456174,0.550112,0.0040625947121641,0.0,99.99999869538296,0.0,0.0032314684448863
1519.5,154,1,58,0,-57,-0.095754474,0.33557343,0.0040625947121641,0.0,99.99999869538296,0.0,0.0032314684448863
1520.0,155,1,58,0,-57,0.19013183,0.1278623,0.0040625947121641,0.0,99.99999869538296,0.0,0.0032314684448863
1520.5,156,1,59,0,-58,-0.2340004,0.5379955,0.0040625947121641,0.0,99.99999869538296,0.0,0.0032314684448863
1521.0,156,1,59,0,-58,-0.2340004,0.5379955,0.0040625947121641,0.0,99.99999869538296,0.0,0.0032314684448863
1521.5,156,1,59,0,-58,-0.2340004,0.5379955,0.0040625947121641,0.0,99.99999869538296,0.0,0.0032314684448863
1522.0,155,1,59,0,-58,0.70780313,0.16905977,0.0040625947121641,0.0,99.99999869538296,0.0,0.0032314684448863
1522.5,154,1,58,0,-57,1.0324348,0.026398417,0.0040625947121641,0.0,99.99999869538296,0.0,0.0032314684448863
1523.0,154,1,58,0,-57,1.0324348,0.026398417,0.0040625947121641,0.0,99.99999869538296,0.0,0.0032314684448863
1523.5,155,1,59,0,-58,-0.4463433,0.29229236,0.0040625947121641,0.0,99.99999869538296,0.0,0.0032314684448863
1524.0,155,1,59,0,-58,-0.4463433,0.29229236,0.0040625947121641,0.0,99.99999869538296,0.0,0.0032314684448863
1524.5,157,1,60,0,-59,0.37290448,-1.1106861,0.0040625947121641,0.0,99.99999869538296,0.0,0.0032314684448863
1525.0,157,1,60,0,-59,0.37290448,-1.1106861,0.0040625947121641,0.0,99.99999869538296,0.0,0.0032314684448863
1525.5,156,1,59,0,-58,0.50224036,-0.818629,0.0040625947121641,0.0,99.99999869538296,0.0,0.0032314684448863
1526.0,155,1,58,0,-57,0.28981143,-0.8755561,0.0040625947121641,0.0,99.99999869538296,0.0,0.0032314684448863
1526.5,155,1,58,0,-57,0.28981143,-0.8755561,0.0040625947121641,0.0,99.99999869538296,0.0,0.0032314684448863
1527.0,155,1,58,0,-57,0.28981143,-0.8755561,0.0040625947121641,0.0,99.99999869538296,0.0,0.0032314684448863
1527.5,155,1,58,0,-57,0.70026344,-0.44067764,0.0040625947121641,0.0,99.99999869538296,0.0,0.0032314684448863
1528.0,155,1,58,0,-57,0.70026344,-0.44067764,0.0040625947121641,0.0,99.99999869538296,0.0,0.0032314684448863
1528.5,155,1,58,0,-57,0.70026344,-0.44067764,0.0040625947121641,0.0,99.99999869538296,0.0,0.0032314684448863
1529.0,155,1,58,0,-57,0.70026344,-0.44067764,0.0040625947121641,0.0,99.99999869538296,0.0,0.0032314684448863
1529.5,155,1,58,0,-57,0.70026344,-0.44067764,0.0040625947121641,0.0,99.99999869538296,0.0,0.0032314684448863
1530.0,155,1,58,0,-57,0.70026344,-0.44067764,0.0040625947121641,0.0,99.99999869538296,0.0,0.0032314684448863
1530.5,155,1,58,0,-57,0.70026344,-0.44067764,0.0040625947121641,0.0,99.99999869538296,0.0,0.0032314684448863
1531.0,153,1,57,0,-56,0.3420486,-0.8505026,0.0040625947121641,0.0,99.99999869538296,0.0,0.0032314684448863
1531.5,153,1,57,0,-56,0.3420486,-0.8505026,0.0040625947121641,0.0,99.99999869538296,0.0,0.0032314684448863
1532.0,153,1,57,0,-56,-0.5717863,0.12451169,0.0040625947121641,0.0,99.99999869538296,0.0,0.0032314684448863
1532.5,153,1,57,0,-56,-0.5717863,0.12451169,0.0040625947121641,0.0,99.99999869538296,0.0,0.0032314684448863
1533.0,153,1,57,0,-56,-0.5717863,0.12451169,0.0040625947121641,0.0,99.99999869538296,0.0,0.0032314684448863
1533.5,153,1,57,0,-56,-0.5717863,0.12451169,0.0040625947121641,0.0,99.99999869538296,0.0,0.0032314684448863
1534.0,153,1,57,0,-56,-0.5717863,0.12451169,0.0040625947121641,0.0,99.99999869538296,0.0,0.0032314684448863
1534.5,153,1,56,0,-55,-0.6111933,-0.16983424,0.0040625947121641,0.0,99.99999869538296,0.0,0.0032314684448863
1535.0,153,1,56,0,-55,0.4107172,-0.30551443,0.0040625947121641,0.0,99.99999869538296,0.0,0.0032314684448863
1535.5,152,1,55,0,-54,1.1175951,0.030992914,0.0040625947121641,0.0,99.99999869538296,0.0,0.0032314684448863
1536.0,150,1,54,0,-53,-0.21890262,-0.07751572,0.0040625947121641,0.0,99.99999869538296,0.0,0.0032314684448863
1536.5,150,1,54,0,-53,-0.21890262,-0.07751572,0.0040625947121641,0.0,99.99999869538296,0.0,0.0032314684448863
1537.0,150,1,54,0,-53,-0.21890262,-0.07751572,0.0040625947121641,0.0,99.99999869538296,0.0,0.0032314684448863
1537.5,150,1,55,0,-54,0.38122565,-0.6169587,0.0040625947121641,0.0,99.99999869538296,0.0,0.0032314684448863
1538.0,150,1,55,0,-54,0.38122565,-0.6169587,0.0040625947121641,0.0,99.99999869538296,0.0,0.0032314684448863
1538.5,151,1,56,0,-55,0.65552443,-0.08592832,0.0040625947121641,0.0,99.99999869538296,0.0,0.0032314684448863
1539.0,151,1,56,0,-55,0.65552443,-0.08592832,0.0040625947121641,0.0,99.99999869538296,0.0,0.0032314684448863
1539.5,152,1,57,0,-56,0.49653918,-0.64234966,0.0040625947121641,0.0,99.99999869538296,0.0,0.0032314684448863
1540.0,150,1,56,0,-55,-0.37174362,0.1878528,0.0040625947121641,0.0,99.99999869538296,0.0,0.0032314684448863
1540.5,149,1,55,0,-54,-0.19212681,-0.06432143,0.0040625947121641,0.0,99.99999869538296,0.0,0.0032314684448863
1541.0,148,1,55,0,-54,0.08019164,-0.12540379,0.0040625947121641,0.0,99.99999869538296,0.0,0.0032314684448863
1541.5,148,1,55,0,-54,0.08019164,-0.12540379,0.0040625947121641,0.0,99.99999869538296,0.0,0.0032314684448863
1542.0,149,1,56,0,-55,-0.4638763,0.794033,0.0040625947121641,0.0,99.99999869538296,0.0,0.0032314684448863
1542.5,150,1,57,0,-56,-0.21640773,0.8660193,0.0040625947121641,0.0,99.99999869538296,0.0,0.0032314684448863
1543.0,150,1,57,0,-56,0.107969806,-0.21121696,0.0040625947121641,0.0,99.99999869538296,0.0,0.0032314684448863
1543.5,150,1,57,0,-56,0.107969806,-0.21121696,0.0040625947121641,0.0,99.99999869538296,0.0,0.0032314684448863
1544.0,149,1,56,0,-55,0.3330375,-0.20123184,0.0040625947121641,0.0,99.99999869538296,0.0,0.0032314684448863
1544.5,148,1,55,0,-54,-0.22701259,0.14430778,0.0040625947121641,0.0,99.99999869538296,0.0,0.0032314684448863
1545.0,153,1,58,0,-57,-0.56118375,0.08605766,0.0040625947121641,0.0,99.99999869538296,0.0,0.0032314684448863
1545.5,153,1,58,0,-57,-0.56118375,0.08605766,0.0040625947121641,0.0,99.99999869538296,0.0,0.0032314684448863
1546.0,153,1,58,0,-57,-0.56118375,0.08605766,0.0040625947121641,0.0,99.99999869538296,0.0,0.0032314684448863
1546.5,154,1,59,0,-58,-0.70015913,0.26292372,0.0040625947121641,0.0,99.99999869538296,0.0,0.0032314684448863
1547.0,154,1,59,0,-58,-0.70015913,0.26292372,0.0040625947121641,0.0,99.99999869538296,0.0,0.0032314684448863
1547.5,156,1,60,0,-59,0.17245607,-0.08181526,0.0040625947121641,0.0,99.99999869538296,0.0,0.0032314684448863
1548.0,156,1,60,0,-59,-0.1944937,0.25790292,0.0040625947121641,0.0,99.99999869538296,0.0,0.0032314684448863
1548.5,156,1,60,0,-59,-0.1944937,0.25790292,0.0040625947121641,0.0,99.99999869538296,0.0,0.0032314684448863
1549.0,156,1,60,0,-59,-0.1944937,0.25790292,0.0040625947121641,0.0,99.99999869538296,0.0,0.0032314684448863
1549.5,155,1,60,0,-59,-0.26256087,-0.07317872,0.0040625947121641,0.0,99.99999869538296,0.0,0.0032314684448863
1550.0,154,1,59,0,-58,-0.43502527,-0.31782156,0.0040625947121641,0.0,99.99999869538296,0.0,0.0032314684448863
1550.5,154,1,59,0,-58,-0.43502527,-0.31782156,0.0040625947121641,0.0,99.99999869538296,0.0,0.0032314684448863
1551.0,154,1,59,0,-58,-0.43502527,-0.31782156,0.0040625947121641,0.0,99.99999869538296,0.0,0.0032314684448863
1551.5,154,1,59,0,-58,-0.43502527,-0.31782156,0.0040625947121641,0.0,99.99999869538296,0.0,0.0032314684448863
1552.0,155,1,59,0,-58,-0.16875814,-0.050659675,0.0040625947121641,0.0,99.99999869538296,0.0,0.0032314684448863
1552.5,155,1,59,0,-58,-0.16875814,-0.050659675,0.0040625947121641,0.0,99.99999869538296,0.0,0.0032314684448863
1553.0,155,1,59,0,-58,0.089206755,0.6413829,0.0040625947121641,0.0,99.99999869538296,0.0,0.0032314684448863
1553.5,152,1,57,0,-56,0.36595136,-0.719972,0.0040625947121641,0.0,99.99999869538296,0.0,0.0032314684448863
1554.0,147,1,55,0,-54,-0.40568775,0.14945991,0.0040625947121641,0.0,99.99999869538296,0.0,0.0032314684448863
1554.5,147,1,55,0,-54,-0.40568775,0.14945991,0.0040625947121641,0.0,99.99999869538296,0.0,0.0032314684448863
1555.0,147,1,55,0,-54,-0.40568775,0.14945991,0.0040625947121641,0.0,99.99999869538296,0.0,0.0032314684448863
1555.5,147,1,55,0,-54,-0.40568775,0.14945991,0.0040625947121641,0.0,99.99999869538296,0.0,0.0032314684448863
1556.0,147,1,55,0,-54,-0.40568775,0.14945991,0.0040625947121641,0.0,99.99999869538296,0.0,0.0032314684448863
1556.5,147,1,55,0,-54,-0.40568775,0.14945991,0.0040625947121641,0.0,99.99999869538296,0.0,0.0032314684448863
1557.0,148,1,55,0,-54,-0.17042677,0.3322946,0.0040625947121641,0.0,99.99999869538296,0.0,0.0032314684448863
1557.5,149,1,56,0,-55,0.29870635,-0.028594892,0.0040625947121641,0.0,99.99999869538296,0.0,0.0032314684448863
1558.0,151,1,57,0,-56,-0.09673671,0.56771815,0.0040625947121641,0.0,99.99999869538296,0.0,0.0032314684448863
1558.5,150,1,56,0,-55,-0.6091445,0.41811946,0.0040625947121641,0.0,99.99999869538296,0.0,0.0032314684448863
1559.0,151,1,57,0,-56,0.10245477,0.50130796,0.0040625947121641,0.0,99.99999869538296,0.0,0.0032314684448863
1559.5,151,1,57,0,-56,-0.26702768,0.072210915,0.0040625947121641,0.0,99.99999869538296,0.0,0.0032314684448863
1560.0,150,1,56,0,-55,0.5409234,-0.9649732,0.0040625947121641,0.0,99.99999869538296,0.0,0.0032314684448863
1560.5,150,1,56,0,-55,0.5409234,-0.9649732,0.0040625947121641,0.0,99.99999869538296,0.0,0.0032314684448863
1561.0,150,1,56,0,-55,0.5409234,-0.9649732,0.0040625947121641,0.0,99.99999869538296,0.0,0.0032314684448863
1561.5,150,1,56,0,-55,0.5409234,-0.9649732,0.0040625947121641,0.0,99.99999869538296,0.0,0.0032314684448863
1562.0,150,1,56,0,-55,0.5409234,-0.9649732,0.0040625947121641,0.0,99.99999869538296,0.0,0.0032314684448863
1562.5,150,1,56,0,-55,0.5409234,-0.9649732,0.0040625947121641,0.0,99.99999869538296,0.0,0.0032314684448863
1563.0,151,1,57,0,-56,-0.25162047,0.116434455,0.0040625947121641,0.0,99.99999869538296,0.0,0.0032314684448863
1563.5,151,1,57,0,-56,-0.25162047,0.116434455,0.0040625947121641,0.0,99.99999869538296,0.0,0.0032314684448863
1564.0,151,1,57,0,-56,-0.25162047,0.116434455,0.0040625947121641,0.0,99.99999869538296,0.0,0.0032314684448863
1564.5,150,1,56,0,-55,0.03765109,0.42573994,0.0040625947121641,0.0,99.99999869538296,0.0,0.0032314684448863
1565.0,150,1,56,0,-55,0.03765109,0.42573994,0.0040625947121641,0.0,99.99999869538296,0.0,0.0032314684448863
1565.5,147,1,54,0,-53,-0.48008323,0.7727561,0.0040625947121641,0.0,99.99999869538296,0.0,0.0032314684448863
1566.0,147,1,54,0,-53,-0.48008323,0.7727561,0.0040625947121641,0.0,99.99999869538296,0.0,0.0032314684448863
1566.5,150,1,56,0,-55,-0.21707669,0.96063197,0.0040625947121641,0.0,99.99999869538296,0.0,0.0032314684448863
1567.0,149,1,55,0,-54,-0.15882632,0.9055289,0.0040625947121641,0.0,99.99999869538296,0.0,0.0032314684448863
1567.5,148,1,54,0,-53,0.08091734,0.54045683,0.0040625947121641,0.0,99.99999869538296,0.0,0.0032314684448863
1568.0,147,1,53,0,-52,-0.076000646,0.6902536,0.0040625947121641,0.0,99.99999869538296,0.0,0.0032314684448863
1568.5,147,1,53,0,-52,-0.076000646,0.6902536,0.0040625947121641,0.0,99.99999869538296,0.0,0.0032314684448863
1569.0,147,1,53,0,-52,-0.076000646,0.6902536,0.0040625947121641,0.0,99.99999869538296,0.0,0.0032314684448863
1569.5,147,1,53,0,-52,-0.076000646,0.6902536,0.0040625947121641,0.0,99.99999869538296,0.0,0.0032314684448863
1570.0,145,1,51,0,-50,0.4712376,-0.53087986,0.0040625947121641,0.0,99.99999869538296,0.0,0.0032314684448863
1570.5,145,1,51,0,-50,-0.04532745,-0.12674804,0.0040625947121641,0.0,99.99999869538296,0.0,0.0032314684448863
1571.0,145,1,51,0,-50,-0.04532745,-0.12674804,0.0040625947121641,0.0,99.99999869538296,0.0,0.0032314684448863
1571.5,149,1,53,0,-52,0.00049228966,0.42340797,0.0040625947121641,0.0,99.99999869538296,0.0,0.0032314684448863
1572.0,150,1,53,0,-52,0.6863062,-0.8888228,0.0040625947121641,0.0,99.99999869538296,0.0,0.0032314684448863
1572.5,150,1,54,0,-53,-0.34325868,-0.025149826,0.0040625947121641,0.0,99.99999869538296,0.0,0.0032314684448863
1573.0,150,1,54,0,-53,-0.34325868,-0.025149826,0.0040625947121641,0.0,99.99999869538296,0.0,0.0032314684448863
1573.5,150,1,54,0,-53,-0.34325868,-0.025149826,0.0040625947121641,0.0,99.99999869538296,0.0,0.0032314684448863
1574.0,150,1,54,0,-53,-1.0123612,-0.21657792,0.0040625947121641,0.0,99.99999869538296,0.0,0.0032314684448863
1574.5,149,1,53,0,-52,0.25469244,-0.71481854,0.0040625947121641,0.0,99.99999869538296,0.0,0.0032314684448863
1575.0,150,1,54,0,-53,-0.355959,0.5116883,0.0040625947121641,0.0,99.99999869538296,0.0,0.0032314684448863
1575.5,149,1,53,0,-52,-0.56720406,0.32206112,0.0040625947121641,0.0,99.99999869538296,0.0,0.0032314684448863
1576.0,150,1,54,0,-53,-0.988288,-0.05106845,0.0040625947121641,0.0,99.99999869538296,0.0,0.0032314684448863
1576.5,147,1,51,0,-50,-0.10862148,-0.3496843,0.0040625947121641,0.0,99.99999869538296,0.0,0.0032314684448863
1577.0,149,1,53,0,-52,-0.33589405,-0.1978455,0.0040625947121641,0.0,99.99999869538296,0.0,0.0032314684448863
1577.5,149,1,53,0,-52,-0.33589405,-0.1978455,0.0040625947121641,0.0,99.99999869538296,0.0,0.0032314684448863
1578.0,149,1,54,0,-53,-0.11026348,-0.08937943,0.0040625947121641,0.0,99.99999869538296,0.0,0.0032314684448863
1578.5,149,1,54,0,-53,-0.11026348,-0.08937943,0.0040625947121641,0.0,99.99999869538296,0.0,0.0032314684448863
1579.0,148,1,53,0,-52,0.11052905,-0.58363754,0.0040625947121641,0.0,99.99999869538296,0.0,0.0032314684448863
1579.5,149,1,53,0,-52,-0.6723361,-0.015846137,0.0040625947121641,0.0,99.99999869538296,0.0,0.0032314684448863
1580.0,151,1,54,0,-53,0.621587,0.63979864,0.0040625947121641,0.0,99.99999869538296,0.0,0.0032314684448863
1580.5,150,1,53,0,-52,0.29427063,0.17324124,0.0040625947121641,0.0,99.99999869538296,0.0,0.0032314684448863
1581.0,150,1,53,0,-52,0.29427063,0.17324124,0.0040625947121641,0.0,99.99999869538296,0.0,0.0032314684448863
1581.5,148,1,52,0,-51,0.44397217,0.61885226,0.0040625947121641,0.0,99.99999869538296,0.0,0.0032314684448863
1582.0,148,1,52,0,-51,0.44397217,0.61885226,0.0040625947121641,0.0,99.99999869538296,0.0,0.0032314684448863
1582.5,148,1,51,0,-50,-0.09541646,0.105954096,0.0040625947121641,0.0,99.99999869538296,0.0,0.0032314684448863
1583.0,152,1,54,0,-53,0.0890916,-0.15189831,0.0040625947121641,0.0,99.99999869538296,0.0,0.0032314684448863
1583.5,152,1,53,0,-52,-0.735574,-0.52485627,0.0040625947121641,0.0,99.99999869538296,0.0,0.0032314684448863
1584.0,152,1,53,0,-52,-0.735574,-0.52485627,0.0040625947121641,0.0,99.99999869538296,0.0,0.0032314684448863
1584.5,152,1,53,0,-52,-0.735574,-0.52485627,0.0040625947121641,0.0,99.99999869538296,0.0,0.0032314684448863
1585.0,153,1,54,0,-53,-0.7795095,0.14507298,0.0040625947121641,0.0,99.99999869538296,0.0,0.0032314684448863
1585.5,155,1,56,0,-55,-0.71191293,-0.22408551,0.0040625947121641,0.0,99.99999869538296,0.0,0.0032314684448863
1586.0,155,1,56,0,-55,-0.71191293,-0.22408551,0.0040625947121641,0.0,99.99999869538296,0.0,0.0032314684448863
1586.5,154,1,56,0,-55,-0.7265739,0.40158242,0.0040625947121641,0.0,99.99999869538296,0.0,0.0032314684448863
1587.0,153,1,56,0,-55,-0.26117736,-0.3971944,0.0040625947121641,0.0,99.99999869538296,0.0,0.0032314684448863
1587.5,153,1,56,0,-55,-0.26117736,-0.3971944,0.0040625947121641,0.0,99.99999869538296,0.0,0.0032314684448863
1588.0,154,1,56,0,-55,-0.1903063,-0.122671336,0.0040625947121641,0.0,99.99999869538296,0.0,0.0032314684448863
1588.5,154,1,56,0,-55,-0.1903063,-0.122671336,0.0040625947121641,0.0,99.99999869538296,0.0,0.0032314684448863
1589.0,153,1,56,0,-55,-0.22823198,-0.34608197,0.0040625947121641,0.0,99.99999869538296,0.0,0.0032314684448863
1589.5,151,1,55,0,-54,0.17454846,-0.31600767,0.0040625947121641,0.0,99.99999869538296,0.0,0.0032314684448863
1590.0,150,1,54,0,-53,-0.42866337,0.31250805,0.0040625947121641,0.0,99.99999869538296,0.0,0.0032314684448863
1590.5,150,1,54,0,-53,-0.42866337,0.31250805,0.0040625947121641,0.0,99.99999869538296,0.0,0.0032314684448863
1591.0,151,1,55,0,-54,-0.4499724,0.26683277,0.0040625947121641,0.0,99.99999869538296,0.0,0.0032314684448863
1591.5,151,1,55,0,-54,-0.4499724,0.26683277,0.0040625947121641,0.0,99.99999869538296,0.0,0.0032314684448863
1592.0,153,1,55,0,-54,0.40041655,0.17836055,0.0040625947121641,0.0,99.99999869538296,0.0,0.0032314684448863
1592.5,157,1,57,0,-56,-0.31353298,-0.47734243,0.0040625947121641,0.0,99.99999869538296,0.0,0.0032314684448863
1593.0,157,1,57,0,-56,-0.31353298,-0.47734243,0.0040625947121641,0.0,99.99999869538296,0.0,0.0032314684448863
1593.5,157,1,57,0,-56,-0.15893778,0.34038508,0.0040625947121641,0.0,99.99999869538296,0.0,0.0032314684448863
1594.0,157,1,57,0,-56,-0.15893778,0.34038508,0.0040625947121641,0.0,99.99999869538296,0.0,0.0032314684448863
1594.5,157,1,57,0,-56,-0.15893778,0.34038508,0.0040625947121641,0.0,99.99999869538296,0.0,0.0032314684448863
1595.0,157,1,57,0,-56,-0.15893778,0.34038508,0.0040625947121641,0.0,99.99999869538296,0.0,0.0032314684448863
1595.5,152,1,54,0,-53,0.68956435,-0.39303625,0.0040625947121641,0.0,99.99999869538296,0.0,0.0032314684448863
1596.0,154,1,55,0,-54,-0.28888708,-0.2863874,0.0040625947121641,0.0,99.99999869538296,0.0,0.0032314684448863
1596.5,153,1,54,0,-53,0.26123762,-0.68487126,0.0040625947121641,0.0,99.99999869538296,0.0,0.0032314684448863
1597.0,153,1,54,0,-53,0.26123762,-0.68487126,0.0040625947121641,0.0,99.99999869538296,0.0,0.0032314684448863
1597.5,152,1,53,0,-52,0.18461765,-0.2962683,0.0040625947121641,0.0,99.99999869538296,0.0,0.0032314684448863
1598.0,152,1,53,0,-52,0.18461765,-0.2962683,0.0040625947121641,0.0,99.99999869538296,0.0,0.0032314684448863
1598.5,152,1,54,0,-53,0.09815894,-0.65580523,0.0040625947121641,0.0,99.99999869538296,0.0,0.0032314684448863
1599.0,151,1,53,0,-52,0.34256023,-0.3460076,0.0040625947121641,0.0,99.99999869538296,0.0,0.0032314684448863
1599.5,151,1,53,0,-52,0.34256023,-0.3460076,0.0040625947121641,0.0,99.99999869538296,0.0,0.0032314684448863
1600.0,151,1,53,0,-52,0.34256023,-0.3460076,0.0040625947121641,0.0,99.99999869538296,0.0,0.0032314684448863
1600.5,151,1,53,0,-52,0.34256023,-0.3460076,0.0040625947121641,0.0,99.99999869538296,0.0,0.0032314684448863
1601.0,149,1,52,0,-51,-0.34715205,-0.23279077,0.0040625947121641,0.0,99.99999869538296,0.0,0.0032314684448863
1601.5,149,1,52,0,-51,-0.34715205,-0.23279077,0.0040625947121641,0.0,99.99999869538296,0.0,0.0032314684448863
1602.0,151,1,54,0,-53,-0.40850222,-0.3395317,0.0040625947121641,0.0,99.99999869538296,0.0,0.0032314684448863
1602.5,153,1,56,0,-55,-0.4344164,-0.25226846,0.0040625947121641,0.0,99.99999869538296,0.0,0.0032314684448863
1603.0,154,1,56,0,-55,-0.55944455,0.15049256,0.0040625947121641,0.0,99.99999869538296,0.0,0.0032314684448863
1603.5,153,1,55,0,-54,-0.44063616,-0.11051044,0.0040625947121641,0.0,99.99999869538296,0.0,0.0032314684448863
1604.0,153,1,55,0,-54,-0.39089543,0.53795725,0.0040625947121641,0.0,99.99999869538296,0.0,0.0032314684448863
1604.5,153,1,54,0,-53,0.20188336,0.4156619,0.0040625947121641,0.0,99.99999869538296,0.0,0.0032314684448863
1605.0,153,1,55,0,-54,-0.18803556,-0.6899406,0.0040625947121641,0.0,99.99999869538296,0.0,0.0032314684448863
1605.5,153,1,55,0,-54,-0.18803556,-0.6899406,0.0040625947121641,0.0,99.99999869538296,0.0,0.0032314684448863
1606.0,152,1,55,0,-54,0.6557918,-0.6948168,0.0040625947121641,0.0,99.99999869538296,0.0,0.0032314684448863
1606.5,152,1,55,0,-54,0.6557918,-0.6948168,0.0040625947121641,0.0,99.99999869538296,0.0,0.0032314684448863
1607.0,151,1,55,0,-54,0.5767435,0.32654285,0.0040625947121641,0.0,99.99999869538296,0.0,0.0032314684448863
1607.5,154,1,57,0,-56,-0.05053529,-0.7079894,0.0040625947121641,0.0,99.99999869538296,0.0,0.0032314684448863
1608.0,157,1,60,0,-59,-0.10367708,0.34898248,0.0040625947121641,0.0,99.99999869538296,0.0,0.0032314684448863
1608.5,157,1,60,0,-59,-0.10367708,0.34898248,0.0040625947121641,0.0,99.99999869538296,0.0,0.0032314684448863
1609.0,157,1,61,0,-60,0.16715576,0.53280807,0.0040625947121641,0.0,99.99999869538296,0.0,0.0032314684448863
1609.5,157,1,61,0,-60,0.013115302,-0.9317502,0.0040625947121641,0.0,99.99999869538296,0.0,0.0032314684448863
1610.0,157,1,61,0,-60,0.013115302,-0.9317502,0.0040625947121641,0.0,99.99999869538296,0.0,0.0032314684448863
1610.5,157,1,61,0,-60,0.013115302,-0.9317502,0.0040625947121641,0.0,99.99999869538296,0.0,0.0032314684448863
1611.0,157,1,61,0,-60,-0.21054804,-0.33518884,0.0040625947121641,0.0,99.99999869538296,0.0,0.0032314684448863
1611.5,157,1,61,0,-60,-0.21054804,-0.33518884,0.0040625947121641,0.0,99.99999869538296,0.0,0.0032314684448863
1612.0,157,1,61,0,-60,-0.21054804,-0.33518884,0.0040625947121641,0.0,99.99999869538296,0.0,0.0032314684448863
1612.5,157,1,61,0,-60,-0.21054804,-0.33518884,0.0040625947121641,0.0,99.99999869538296,0.0,0.0032314684448863
1613.0,157,1,61,0,-60,-0.21054804,-0.33518884,0.0040625947121641,0.0,99.99999869538296,0.0,0.0032314684448863
1613.5,157,1,61,0,-60,-0.21054804,-0.33518884,0.0040625947121641,0.0,99.99999869538296,0.0,0.0032314684448863
1614.0,156,1,60,0,-59,-1.2261921,-0.47529924,0.0040625947121641,0.0,99.99999869538296,0.0,0.0032314684448863
1614.5,156,1,60,0,-59,-1.2261921,-0.47529924,0.0040625947121641,0.0,99.99999869538296,0.0,0.0032314684448863
1615.0,155,1,60,0,-59,-0.21001184,-1.0525458,0.0040625947121641,0.0,99.99999869538296,0.0,0.0032314684448863
1615.5,157,1,60,0,-59,-0.29666924,0.49867874,0.0040625947121641,0.0,99.99999869538296,0.0,0.0032314684448863
1616.0,156,1,60,0,-59,-0.463494,0.48148137,0.0040625947121641,0.0,99.99999869538296,0.0,0.0032314684448863
1616.5,156,1,60,0,-59,-0.463494,0.48148137,0.0040625947121641,0.0,99.99999869538296,0.0,0.0032314684448863
1617.0,156,1,60,0,-59,0.021646895,0.41407028,0.0040625947121641,0.0,99.99999869538296,0.0,0.0032314684448863
1617.5,158,1,62,0,-61,-0.16126877,0.61747766,0.0040625947121641,0.0,99.99999869538296,0.0,0.0032314684448863
1618.0,159,1,63,0,-62,-0.2690165,-0.50536287,0.0040625947121641,0.0,99.99999869538296,0.0,0.0032314684448863
1618.5,160,1,63,0,-62,-0.33785456,-0.85607916,0.0040625947121641,0.0,99.99999869538296,0.0,0.0032314684448863
1619.0,160,1,63,0,-62,-0.33785456,-0.85607916,0.0040625947121641,0.0,99.99999869538296,0.0,0.0032314684448863
1619.5,160,1,63,0,-62,-0.33785456,-0.85607916,0.0040625947121641,0.0,99.99999869538296,0.0,0.0032314684448863
1620.0,160,1,63,0,-62,-0.33785456,-0.85607916,0.0040625947121641,0.0,99.99999869538296,0.0,0.0032314684448863
1620.5,162,1,63,0,-62,-0.24526066,0.37583265,0.0040625947121641,0.0,99.99999869538296,0.0,0.0032314684448863
1621.0,162,1,63,0,-62,-0.24526066,0.37583265,0.0040625947121641,0.0,99.99999869538296,0.0,0.0032314684448863
1621.5,162,1,63,0,-62,-0.24526066,0.37583265,0.0040625947121641,0.0,99.99999869538296,0.0,0.0032314684448863
1622.0,163,1,64,0,-63,0.24443115,0.7835712,0.0040625947121641,0.0,99.99999869538296,0.0,0.0032314684448863
1622.5,163,1,64,0,-63,0.24443115,0.7835712,0.0040625947121641,0.0,99.99999869538296,0.0,0.0032314684448863
1623.0,165,1,65,0,-64,0.7135207,0.51413953,0.0040625947121641,0.0,99.99999869538296,0.0,0.0032314684448863
1623.5,165,1,65,0,-64,-0.12040415,-0.6791149,0.0040625947121641,0.0,99.99999869538296,0.0,0.0032314684448863
1624.0,164,1,66,0,-65,0.39542073,0.31518114,0.0040625947121641,0.0,99.99999869538296,0.0,0.0032314684448863
1624.5,164,1,66,0,-65,0.39542073,0.31518114,0.0040625947121641,0.0,99.99999869538296,0.0,0.0032314684448863
1625.0,162,1,66,0,-65,0.35806286,0.617182,0.0040625947121641,0.0,99.99999869538296,0.0,0.0032314684448863
1625.5,162,1,66,0,-65,0.35806286,0.617182,0.0040625947121641,0.0,99.99999869538296,0.0,0.0032314684448863
1626.0,163,1,66,0,-65,0.06401026,-0.09248783,0.0040625947121641,0.0,99.99999869538296,0.0,0.0032314684448863
1626.5,163,1,66,0,-65,0.06401026,-0.09248783,0.0040625947121641,0.0,99.99999869538296,0.0,0.0032314684448863
1627.0,163,1,65,0,-64,0.112060264,0.2670808,0.0040625947121641,0.0,99.99999869538296,0.0,0.0032314684448863
1627.5,162,1,64,0,-63,-0.15948115,-0.91399825,0.0040625947121641,0.0,99.99999869538296,0.0,0.0032314684448863
1628.0,161,1,63,0,-62,-0.33896667,-0.68811786,0.0040625947121641,0.0,99.99999869538296,0.0,0.0032314684448863
1628.5,161,1,63,0,-62,0.46195942,0.032089975,0.0040625947121641,0.0,99.99999869538296,0.0,0.0032314684448863
1629.0,160,1,62,0,-61,0.38412887,-0.12136668,0.0040625947121641,0.0,99.99999869538296,0.0,0.0032314684448863
1629.5,161,1,63,0,-62,-0.6319465,-0.6412176,0.0040625947121641,0.0,99.99999869538296,0.0,0.0032314684448863
1630.0,161,1,63,0,-62,-0.6319465,-0.6412176,0.0040625947121641,0.0,99.99999869538296,0.0,0.0032314684448863
1630.5,162,1,64,0,-63,0.39071554,-0.21489424,0.0040625947121641,0.0,99.99999869538296,0.0,0.0032314684448863
1631.0,161,1,63,0,-62,-0.35065675,-0.3397944,0.0040625947121641,0.0,99.99999869538296,0.0,0.0032314684448863
1631.5,162,1,63,0,-62,-0.22576305,0.16676924,0.0040625947121641,0.0,99.99999869538296,0.0,0.0032314684448863
1632.0,162,1,63,0,-62,-0.22576305,0.16676924,0.0040625947121641,0.0,99.99999869538296,0.0,0.0032314684448863
1632.5,162,1,64,0,-63,0.4417686,-0.36654097,0.0040625947121641,0.0,99.99999869538296,0.0,0.0032314684448863
1633.0,162,1,64,0,-63,0.4417686,-0.36654097,0.0040625947121641,0.0,99.99999869538296,0.0,0.0032314684448863
1633.5,162,1,64,0,-63,0.4417686,-0.36654097,0.0040625947121641,0.0,99.99999869538296,0.0,0.0032314684448863
1634.0,159,1,62,0,-61,0.44663018,-0.53052264,0.0040625947121641,0.0,99.99999869538296,0.0,0.0032314684448863
1634.5,159,1,63,0,-62,0.2879699,-1.0217652,0.0040625947121641,0.0,99.99999869538296,0.0,0.0032314684448863
1635.0,158,1,63,0,-62,0.028334409,-1.3123782,0.0040625947121641,0.0,99.99999869538296,0.0,0.0032314684448863
1635.5,159,1,64,0,-63,0.19755529,-1.4780102,0.0040625947121641,0.0,99.99999869538296,0.0,0.0032314684448863
1636.0,158,1,63,0,-62,0.028334409,-1.3123782,0.0040625947121641,0.0,99.99999869538296,0.0,0.0032314684448863
1636.5,158,1,63,0,-62,0.028334409,-1.3123782,0.0040625947121641,0.0,99.99999869538296,0.0,0.0032314684448863
1637.0,158,1,63,0,-62,0.028334409,-1.3123782,0.0040625947121641,0.0,99.99999869538296,0.0,0.0032314684448863
1637.5,158,1,63,0,-62,0.028334409,-1.3123782,0.0040625947121641,0.0,99.99999869538296,0.0,0.0032314684448863
1638.0,158,1,63,0,-62,0.028334409,-1.3123782,0.0040625947121641,0.0,99.99999869538296,0.0,0.0032314684448863
1638.5,158,1,63,0,-62,0.028334409,-1.3123782,0.0040625947121641,0.0,99.99999869538296,0.0,0.0032314684448863
1639.0,158,1,63,0,-62,0.028334409,-1.3123782,0.0040625947121641,0.0,99.99999869538296,0.0,0.0032314684448863
1639.5,158,1,63,0,-62,0.028334409,-1.3123782,0.0040625947121641,0.0,99.99999869538296,0.0,0.0032314684448863
1640.0,157,1,62,0,-61,-0.5251407,0.14444198,0.0040625947121641,0.0,99.99999869538296,0.0,0.0032314684448863
1640.5,158,1,62,0,-61,0.0045246035,0.69722927,0.0040625947121641,0.0,99.99999869538296,0.0,0.0032314684448863
1641.0,158,1,62,0,-61,0.0045246035,0.69722927,0.0040625947121641,0.0,99.99999869538296,0.0,0.0032314684448863
1641.5,158,1,62,0,-61,0.0045246035,0.69722927,0.0040625947121641,0.0,99.99999869538296,0.0,0.0032314684448863
1642.0,157,1,62,0,-61,0.23407938,0.7764627,0.0040625947121641,0.0,99.99999869538296,0.0,0.0032314684448863
1642.5,156,1,61,0,-60,0.33779722,0.5112492,0.0040625947121641,0.0,99.99999869538296,0.0,0.0032314684448863
1643.0,157,1,61,0,-60,-0.07995808,-0.29253617,0.0040625947121641,0.0,99.99999869538296,0.0,0.0032314684448863
1643.5,157,1,61,0,-60,-0.07995808,-0.29253617,0.0040625947121641,0.0,99.99999869538296,0.0,0.0032314684448863
1644.0,158,1,62,0,-61,-0.6710327,-0.022456024,0.0040625947121641,0.0,99.99999869538296,0.0,0.0032314684448863
1644.5,158,1,62,0,-61,-0.6710327,-0.022456024,0.0040625947121641,0.0,99.99999869538296,0.0,0.0032314684448863
1645.0,158,1,62,0,-61,-0.6710327,-0.022456024,0.0040625947121641,0.0,99.99999869538296,0.0,0.0032314684448863
1645.5,158,1,62,0,-61,-0.6710327,-0.022456024,0.0040625947121641,0.0,99.99999869538296,0.0,0.0032314684448863
1646.0,158,1,61,0,-60,0.072303444,-0.46742058,0.0040625947121641,0.0,99.99999869538296,0.0,0.0032314684448863
1646.5,158,1,61,0,-60,0.072303444,-0.46742058,0.0040625947121641,0.0,99.99999869538296,0.0,0.0032314684448863
1647.0,158,1,61,0,-60,0.072303444,-0.46742058,0.0040625947121641,0.0,99.99999869538296,0.0,0.0032314684448863
1647.5,158,1,61,0,-60,0.072303444,-0.46742058,0.0040625947121641,0.0,99.99999869538296,0.0,0.0032314684448863
1648.0,159,1,61,0,-60,0.095573425,0.16920456,0.0040625947121641,0.0,99.99999869538296,0.0,0.0032314684448863
1648.5,159,1,61,0,-60,0.095573425,0.16920456,0.0040625947121641,0.0,99.99999869538296,0.0,0.0032314684448863
1649.0,159,1,61,0,-60,0.095573425,0.16920456,0.0040625947121641,0.0,99.99999869538296,0.0,0.0032314684448863
1649.5,159,1,61,0,-60,0.095573425,0.16920456,0.0040625947121641,0.0,99.99999869538296,0.0,0.0032314684448863
1650.0,159,1,61,0,-60,0.095573425,0.16920456,0.0040625947121641,0.0,99.99999869538296,0.0,0.0032314684448863
1650.5,159,1,61,0,-60,0.095573425,0.16920456,0.0040625947121641,0.0,99.99999869538296,0.0,0.0032314684448863
1651.0,159,1,61,0,-60,0.13589604,0.20235088,0.0040625947121641,0.0,99.99999869538296,0.0,0.0032314684448863
1651.5,159,1,61,0,-60,0.13589604,0.20235088,0.0040625947121641,0.0,99.99999869538296,0.0,0.0032314684448863
1652.0,157,1,60,0,-59,0.23514678,-1.1686814,0.0040625947121641,0.0,99.99999869538296,0.0,0.0032314684448863
1652.5,157,1,60,0,-59,0.23514678,-1.1686814,0.0040625947121641,0.0,99.99999869538296,0.0,0.0032314684448863
1653.0,157,1,60,0,-59,0.23514678,-1.1686814,0.0040625947121641,0.0,99.99999869538296,0.0,0.0032314684448863
1653.5,157,1,60,0,-59,0.23514678,-1.1686814,0.0040625947121641,0.0,99.99999869538296,0.0,0.0032314684448863
1654.0,157,1,60,0,-59,0.23514678,-1.1686814,0.0040625947121641,0.0,99.99999869538296,0.0,0.0032314684448863
1654.5,158,1,60,0,-59,0.31780434,-1.1082426,0.0040625947121641,0.0,99.99999869538296,0.0,0.0032314684448863
1655.0,158,1,60,0,-59,0.31780434,-1.1082426,0.0040625947121641,0.0,99.99999869538296,0.0,0.0032314684448863
1655.5,158,1,60,0,-59,0.31780434,-1.1082426,0.0040625947121641,0.0,99.99999869538296,0.0,0.0032314684448863
1656.0,157,1,59,0,-58,-0.11319032,0.2929889,0.0040625947121641,0.0,99.99999869538296,0.0,0.0032314684448863
1656.5,157,1,59,0,-58,-0.11319032,0.2929889,0.0040625947121641,0.0,99.99999869538296,0.0,0.0032314684448863
1657.0,157,1,59,0,-58,-0.11319032,0.2929889,0.0040625947121641,0.0,99.99999869538296,0.0,0.0032314684448863
1657.5,157,1,59,0,-58,-0.11319032,0.2929889,0.0040625947121641,0.0,99.99999869538296,0.0,0.0032314684448863
1658.0,157,1,59,0,-58,-0.11319032,0.2929889,0.0040625947121641,0.0,99.99999869538296,0.0,0.0032314684448863
1658.5,157,1,59,0,-58,-0.11319032,0.2929889,0.0040625947121641,0.0,99.99999869538296,0.0,0.0032314684448863
1659.0,159,1,60,0,-59,0.15237446,0.0040876083,0.0040625947121641,0.0,99.99999869538296,0.0,0.0032314684448863
1659.5,157,1,60,0,-59,0.5122066,0.27408513,0.0040625947121641,0.0,99.99999869538296,0.0,0.0032314684448863
1660.0,156,1,59,0,-58,-0.102201745,-0.672974,0.0040625947121641,0.0,99.99999869538296,0.0,0.0032314684448863
1660.5,156,1,59,0,-58,-0.102201745,-0.672974,0.0040625947121641,0.0,99.99999869538296,0.0,0.0032314684448863
1661.0,155,1,59,0,-58,-0.014058337,-0.7080119,0.0040625947121641,0.0,99.99999869538296,0.0,0.0032314684448863
1661.5,155,1,59,0,-58,-0.014058337,-0.7080119,0.0040625947121641,0.0,99.99999869538296,0.0,0.0032314684448863
1662.0,154,1,58,0,-57,1.369687,0.36221445,0.0040625947121641,0.0,99.99999869538296,0.0,0.0032314684448863
1662.5,154,1,58,0,-57,1.369687,0.36221445,0.0040625947121641,0.0,99.99999869538296,0.0,0.0032314684448863
1663.0,154,1,58,0,-57,1.369687,0.36221445,0.0040625947121641,0.0,99.99999869538296,0.0,0.0032314684448863
1663.5,153,1,57,0,-56,1.3455571,0.69059,0.0040625947121641,0.0,99.99999869538296,0.0,0.0032314684448863
1664.0,154,1,58,0,-57,1.5026945,0.41872802,0.0040625947121641,0.0,99.99999869538296,0.0,0.0032314684448863
1664.5,155,1,58,0,-57,1.4736315,0.7213262,0.0040625947121641,0.0,99.99999869538296,0.0,0.0032314684448863
1665.0,156,1,59,0,-58,1.3195004,0.5571883,0.0040625947121641,0.0,99.99999869538296,0.0,0.0032314684448863
1665.5,153,1,58,0,-57,-1.050949,0.4150343,0.0040625947121641,0.0,99.99999869538296,0.0,0.0032314684448863
1666.0,153,1,58,0,-57,-1.050949,0.4150343,0.0040625947121641,0.0,99.99999869538296,0.0,0.0032314684448863
1666.5,153,1,58,0,-57,-1.050949,0.4150343,0.0040625947121641,0.0,99.99999869538296,0.0,0.0032314684448863
1667.0,155,1,60,0,-59,-1.5463529,0.24066475,0.0040625947121641,0.0,99.99999869538296,0.0,0.0032314684448863
1667.5,155,1,60,0,-59,-1.5463529,0.24066475,0.0040625947121641,0.0,99.99999869538296,0.0,0.0032314684448863
1668.0,155,1,60,0,-59,-1.5463529,0.24066475,0.0040625947121641,0.0,99.99999869538296,0.0,0.0032314684448863
1668.5,155,1,60,0,-59,-1.5463529,0.24066475,0.0040625947121641,0.0,99.99999869538296,0.0,0.0032314684448863
1669.0,155,1,60,0,-59,-1.5463529,0.24066475,0.0040625947121641,0.0,99.99999869538296,0.0,0.0032314684448863
1669.5,153,1,59,0,-58,-0.2656517,-1.0738082,0.0040625947121641,0.0,99.99999869538296,0.0,0.0032314684448863
1670.0,153,1,59,0,-58,-0.2656517,-1.0738082,0.0040625947121641,0.0,99.99999869538296,0.0,0.0032314684448863
1670.5,153,1,59,0,-58,-0.2656517,-1.0738082,0.0040625947121641,0.0,99.99999869538296,0.0,0.0032314684448863
1671.0,153,1,59,0,-58,-0.2656517,-1.0738082,0.0040625947121641,0.0,99.99999869538296,0.0,0.0032314684448863
1671.5,153,1,59,0,-58,-0.2656517,-1.0738082,0.0040625947121641,0.0,99.99999869538296,0.0,0.0032314684448863
1672.0,153,1,59,0,-58,0.09281959,-1.1807069,0.0040625947121641,0.0,99.99999869538296,0.0,0.0032314684448863
1672.5,153,1,59,0,-58,0.6048921,0.021618387,0.0040625947121641,0.0,99.99999869538296,0.0,0.0032314684448863
1673.0,154,1,59,0,-58,0.58049744,0.34259284,0.0040625947121641,0.0,99.99999869538296,0.0,0.0032314684448863
1673.5,154,1,59,0,-58,0.58049744,0.34259284,0.0040625947121641,0.0,99.99999869538296,0.0,0.0032314684448863
1674.0,156,1,60,0,-59,-0.29891318,0.27011284,0.0040625947121641,0.0,99.99999869538296,0.0,0.0032314684448863
1674.5,156,1,60,0,-59,-0.29891318,0.27011284,0.0040625947121641,0.0,99.99999869538296,0.0,0.0032314684448863
1675.0,157,1,61,0,-60,1.4525522,-0.10211827,0.0040625947121641,0.0,99.99999869538296,0.0,0.0032314684448863
1675.5,157,1,61,0,-60,1.4525522,-0.10211827,0.0040625947121641,0.0,99.99999869538296,0.0,0.0032314684448863
1676.0,159,1,62,0,-61,-0.09441336,-0.2163704,0.0040625947121641,0.0,99.99999869538296,0.0,0.0032314684448863
1676.5,158,1,61,0,-60,-0.11077875,-0.15205911,0.0040625947121641,0.0,99.99999869538296,0.0,0.0032314684448863
1677.0,158,1,61,0,-60,-0.11077875,-0.15205911,0.0040625947121641,0.0,99.99999869538296,0.0,0.0032314684448863
1677.5,158,1,61,0,-60,-0.11077875,-0.15205911,0.0040625947121641,0.0,99.99999869538296,0.0,0.0032314684448863
1678.0,158,1,61,0,-60,-0.1983274,-0.0005228855,0.0040625947121641,0.0,99.99999869538296,0.0,0.0032314684448863
1678.5,158,1,61,0,-60,-0.1983274,-0.0005228855,0.0040625947121641,0.0,99.99999869538296,0.0,0.0032314684448863
1679.0,158,1,61,0,-60,-0.1983274,-0.0005228855,0.0040625947121641,0.0,99.99999869538296,0.0,0.0032314684448863
1679.5,158,1,61,0,-60,-0.1983274,-0.0005228855,0.0040625947121641,0.0,99.99999869538296,0.0,0.0032314684448863
1680.0,158,1,61,0,-60,-0.1983274,-0.0005228855,0.0040625947121641,0.0,99.99999869538296,0.0,0.0032314684448863
1680.5,158,1,61,0,-60,-0.1983274,-0.0005228855,0.0040625947121641,0.0,99.99999869538296,0.0,0.0032314684448863
1681.0,158,1,61,0,-60,-0.1983274,-0.0005228855,0.0040625947121641,0.0,99.99999869538296,0.0,0.0032314684448863
1681.5,157,1,60,0,-59,-0.103925586,0.004690405,0.0040625947121641,0.0,99.99999869538296,0.0,0.0032314684448863
1682.0,157,1,60,0,-59,-0.103925586,0.004690405,0.0040625947121641,0.0,99.99999869538296,0.0,0.0032314684448863
1682.5,158,1,61,0,-60,0.10418813,-0.014493201,0.0040625947121641,0.0,99.99999869538296,0.0,0.0032314684448863
1683.0,159,1,61,0,-60,0.123896316,-0.08070035,0.0040625947121641,0.0,99.99999869538296,0.0,0.0032314684448863
1683.5,159,1,61,0,-60,0.123896316,-0.08070035,0.0040625947121641,0.0,99.99999869538296,0.0,0.0032314684448863
1684.0,160,1,62,0,-61,0.35344237,0.18822107,0.0040625947121641,0.0,99.99999869538296,0.0,0.0032314684448863
1684.5,160,1,62,0,-61,0.35344237,0.18822107,0.0040625947121641,0.0,99.99999869538296,0.0,0.0032314684448863
1685.0,160,1,62,0,-61,0.35344237,0.18822107,0.0040625947121641,0.0,99.99999869538296,0.0,0.0032314684448863
1685.5,160,1,62,0,-61,0.35344237,0.18822107,0.0040625947121641,0.0,99.99999869538296,0.0,0.0032314684448863
1686.0,159,1,62,0,-61,-0.06603196,-0.041573483,0.0040625947121641,0.0,99.99999869538296,0.0,0.0032314684448863
1686.5,160,1,63,0,-62,-0.16615587,0.041928347,0.0040625947121641,0.0,99.99999869538296,0.0,0.0032314684448863
1687.0,159,1,62,0,-61,-0.07425934,0.09107207,0.0040625947121641,0.0,99.99999869538296,0.0,0.0032314684448863
1687.5,158,1,61,0,-60,-0.27095583,-0.0752154,0.0040625947121641,0.0,99.99999869538296,0.0,0.0032314684448863
1688.0,156,1,60,0,-59,-0.14539273,-0.83239275,0.0040625947121641,0.0,99.99999869538296,0.0,0.0032314684448863
1688.5,155,1,59,0,-58,-0.09530304,-1.1187305,0.0040625947121641,0.0,99.99999869538296,0.0,0.0032314684448863
1689.0,156,1,60,0,-59,-0.20151675,-1.0250185,0.0040625947121641,0.0,99.99999869538296,0.0,0.0032314684448863
1689.5,157,1,61,0,-60,-0.33881968,-1.0352864,0.0040625947121641,0.0,99.99999869538296,0.0,0.0032314684448863
1690.0,156,1,60,0,-59,0.0075425953,-0.9924426,0.0040625947121641,0.0,99.99999869538296,0.0,0.0032314684448863
1690.5,156,1,60,0,-59,0.0075425953,-0.9924426,0.0040625947121641,0.0,99.99999869538296,0.0,0.0032314684448863
1691.0,156,1,60,0,-59,0.0075425953,-0.9924426,0.0040625947121641,0.0,99.99999869538296,0.0,0.0032314684448863
1691.5,157,1,61,0,-60,0.012934357,-0.952417,0.0040625947121641,0.0,99.99999869538296,0.0,0.0032314684448863
1692.0,156,1,60,0,-59,0.031160653,-1.061432,0.0040625947121641,0.0,99.99999869538296,0.0,0.0032314684448863
1692.5,156,1,60,0,-59,0.031160653,-1.061432,0.0040625947121641,0.0,99.99999869538296,0.0,0.0032314684448863
1693.0,157,1,61,0,-60,-0.031557262,-0.95053077,0.0040625947121641,0.0,99.99999869538296,0.0,0.0032314684448863
1693.5,157,1,61,0,-60,-0.031557262,-0.95053077,0.0040625947121641,0.0,99.99999869538296,0.0,0.0032314684448863
1694.0,157,1,61,0,-60,-0.031557262,-0.95053077,0.0040625947121641,0.0,99.99999869538296,0.0,0.0032314684448863
1694.5,157,1,61,0,-60,-0.031557262,-0.95053077,0.0040625947121641,0.0,99.99999869538296,0.0,0.0032314684448863
1695.0,158,1,62,0,-61,0.1120487,-0.12422496,0.0040625947121641,0.0,99.99999869538296,0.0,0.0032314684448863
1695.5,158,1,62,0,-61,0.1120487,-0.12422496,0.0040625947121641,0.0,99.99999869538296,0.0,0.0032314684448863
1696.0,158,1,62,0,-61,0.1120487,-0.12422496,0.0040625947121641,0.0,99.99999869538296,0.0,0.0032314684448863
1696.5,161,1,64,0,-63,0.344159,-0.10558429,0.0040625947121641,0.0,99.99999869538296,0.0,0.0032314684448863
1697.0,162,1,65,0,-64,0.10021086,0.9651129,0.0040625947121641,0.0,99.99999869538296,0.0,0.0032314684448863
1697.5,162,1,65,0,-64,0.10021086,0.9651129,0.0040625947121641,0.0,99.99999869538296,0.0,0.0032314684448863
1698.0,163,1,66,0,-65,0.14145572,0.7557858,0.0040625947121641,0.0,99.99999869538296,0.0,0.0032314684448863
1698.5,162,1,65,0,-64,0.29354835,0.77124214,0.0040625947121641,0.0,99.99999869538296,0.0,0.0032314684448863
1699.0,162,1,65,0,-64,0.29354835,0.77124214,0.0040625947121641,0.0,99.99999869538296,0.0,0.0032314684448863
1699.5,162,1,65,0,-64,0.29354835,0.77124214,0.0040625947121641,0.0,99.99999869538296,0.0,0.0032314684448863
1700.0,161,1,64,0,-63,0.17258884,-1.0198735,0.0040625947121641,0.0,99.99999869538296,0.0,0.0032314684448863
1700.5,157,1,61,0,-60,-0.11447054,-0.26444906,0.0040625947121641,0.0,99.99999869538296,0.0,0.0032314684448863
1701.0,157,1,61,0,-60,-0.11447054,-0.26444906,0.0040625947121641,0.0,99.99999869538296,0.0,0.0032314684448863
1701.5,157,1,61,0,-60,-0.11447054,-0.26444906,0.0040625947121641,0.0,99.99999869538296,0.0,0.0032314684448863
1702.0,160,1,63,0,-62,0.07800612,0.04999965,0.0040625947121641,0.0,99.99999869538296,0.0,0.0032314684448863
1702.5,160,1,63,0,-62,0.07800612,0.04999965,0.0040625947121641,0.0,99.99999869538296,0.0,0.0032314684448863
1703.0,163,1,65,0,-64,0.25774646,-0.6425749,0.0040625947121641,0.0,99.99999869538296,0.0,0.0032314684448863
1703.5,163,1,65,0,-64,0.25774646,-0.6425749,0.0040625947121641,0.0,99.99999869538296,0.0,0.0032314684448863
1704.0,164,1,66,0,-65,0.007387817,0.52155083,0.0040625947121641,0.0,99.99999869538296,0.0,0.0032314684448863
1704.5,165,1,66,0,-65,-0.10428897,0.23008299,0.0040625947121641,0.0,99.99999869538296,0.0,0.0032314684448863
1705.0,162,1,64,0,-63,0.32564765,-0.26972055,0.0040625947121641,0.0,99.99999869538296,0.0,0.0032314684448863
1705.5,162,1,64,0,-63,0.32499468,1.0251937,0.0040625947121641,0.0,99.99999869538296,0.0,0.0032314684448863
1706.0,160,1,62,0,-61,0.3809796,-0.44704962,0.0040625947121641,0.0,99.99999869538296,0.0,0.0032314684448863
1706.5,159,1,60,0,-59,0.9075832,-0.22652772,0.0040625947121641,0.0,99.99999869538296,0.0,0.0032314684448863
1707.0,158,1,59,0,-58,0.55003065,0.006428253,0.0040625947121641,0.0,99.99999869538296,0.0,0.0032314684448863
1707.5,159,1,60,0,-59,0.9085887,-0.6009981,0.0040625947121641,0.0,99.99999869538296,0.0,0.0032314684448863
1708.0,159,1,60,0,-59,0.9085887,-0.6009981,0.0040625947121641,0.0,99.99999869538296,0.0,0.0032314684448863
1708.5,159,1,60,0,-59,0.9085887,-0.6009981,0.0040625947121641,0.0,99.99999869538296,0.0,0.0032314684448863
1709.0,158,1,61,0,-60,-0.14012364,0.72640234,0.0040625947121641,0.0,99.99999869538296,0.0,0.0032314684448863
1709.5,159,1,62,0,-61,-0.21881571,1.0310516,0.0040625947121641,0.0,99.99999869538296,0.0,0.0032314684448863
1710.0,158,1,61,0,-60,0.08914299,-0.4730866,0.0040625947121641,0.0,99.99999869538296,0.0,0.0032314684448863
1710.5,158,1,61,0,-60,0.08914299,-0.4730866,0.0040625947121641,0.0,99.99999869538296,0.0,0.0032314684448863
1711.0,159,1,62,0,-61,-0.21881571,1.0310516,0.0040625947121641,0.0,99.99999869538296,0.0,0.0032314684448863
1711.5,158,1,61,0,-60,-0.8916269,0.5859071,0.0040625947121641,0.0,99.99999869538296,0.0,0.0032314684448863
1712.0,158,1,61,0,-60,-0.017445967,0.5933871,0.0040625947121641,0.0,99.99999869538296,0.0,0.0032314684448863
1712.5,158,1,61,0,-60,-0.017445967,0.5933871,0.0040625947121641,0.0,99.99999869538296,0.0,0.0032314684448863
1713.0,158,1,61,0,-60,-0.017445967,0.5933871,0.0040625947121641,0.0,99.99999869538296,0.0,0.0032314684448863
1713.5,158,1,61,0,-60,-0.017445967,0.5933871,0.0040625947121641,0.0,99.99999869538296,0.0,0.0032314684448863
1714.0,158,1,61,0,-60,-0.017445967,0.5933871,0.0040625947121641,0.0,99.99999869538296,0.0,0.0032314684448863
1714.5,157,1,61,0,-60,0.2465279,0.6959101,0.0040625947121641,0.0,99.99999869538296,0.0,0.0032314684448863
1715.0,157,1,61,0,-60,0.2465279,0.6959101,0.0040625947121641,0.0,99.99999869538296,0.0,0.0032314684448863
1715.5,158,1,62,0,-61,0.11116141,-0.27514333,0.0040625947121641,0.0,99.99999869538296,0.0,0.0032314684448863
1716.0,158,1,62,0,-61,0.11116141,-0.27514333,0.0040625947121641,0.0,99.99999869538296,0.0,0.0032314684448863
1716.5,156,1,61,0,-60,-0.419541,1.0291129,0.0040625947121641,0.0,99.99999869538296,0.0,0.0032314684448863
1717.0,155,1,60,0,-59,-0.38375396,1.0568231,0.0040625947121641,0.0,99.99999869538296,0.0,0.0032314684448863
1717.5,150,1,56,0,-55,0.21234547,0.35785133,0.0040625947121641,0.0,99.99999869538296,0.0,0.0032314684448863
1718.0,151,1,57,0,-56,-0.23915006,0.7488189,0.0040625947121641,0.0,99.99999869538296,0.0,0.0032314684448863
1718.5,151,1,57,0,-56,-0.23915006,0.7488189,0.0040625947121641,0.0,99.99999869538296,0.0,0.0032314684448863
1719.0,152,1,58,0,-57,-0.6894881,0.6552975,0.0040625947121641,0.0,99.99999869538296,0.0,0.0032314684448863
1719.5,152,1,58,0,-57,-0.6894881,0.6552975,0.0040625947121641,0.0,99.99999869538296,0.0,0.0032314684448863
1720.0,155,1,60,0,-59,0.15594293,0.715899,0.0040625947121641,0.0,99.99999869538296,0.0,0.0032314684448863
1720.5,155,1,61,0,-60,0.044970408,-0.45956135,0.0040625947121641,0.0,99.99999869538296,0.0,0.0032314684448863
1721.0,155,1,61,0,-60,0.044970408,-0.45956135,0.0040625947121641,0.0,99.99999869538296,0.0,0.0032314684448863
1721.5,155,1,61,0,-60,0.044970408,-0.45956135,0.0040625947121641,0.0,99.99999869538296,0.0,0.0032314684448863
1722.0,156,1,61,0,-60,0.044970408,-0.45956135,0.0040625947121641,0.0,99.99999869538296,0.0,0.0032314684448863
1722.5,156,1,61,0,-60,0.044970408,-0.45956135,0.0040625947121641,0.0,99.99999869538296,0.0,0.0032314684448863
1723.0,156,1,61,0,-60,0.044970408,-0.45956135,0.0040625947121641,0.0,99.99999869538296,0.0,0.0032314684448863
1723.5,156,1,61,0,-60,0.044970408,-0.45956135,0.0040625947121641,0.0,99.99999869538296,0.0,0.0032314684448863
1724.0,157,1,62,0,-61,-0.2707305,0.04658073,0.0040625947121641,0.0,99.99999869538296,0.0,0.0032314684448863
1724.5,157,1,62,0,-61,-0.2707305,0.04658073,0.0040625947121641,0.0,99.99999869538296,0.0,0.0032314684448863
1725.0,157,1,61,0,-60,-0.39207363,-0.31331667,0.0040625947121641,0.0,99.99999869538296,0.0,0.0032314684448863
1725.5,157,1,61,0,-60,-0.39207363,-0.31331667,0.0040625947121641,0.0,99.99999869538296,0.0,0.0032314684448863
1726.0,157,1,61,0,-60,-0.39207363,-0.31331667,0.0040625947121641,0.0,99.99999869538296,0.0,0.0032314684448863
1726.5,157,1,61,0,-60,-0.39207363,-0.31331667,0.0040625947121641,0.0,99.99999869538296,0.0,0.0032314684448863
1727.0,157,1,61,0,-60,-0.39207363,-0.31331667,0.0040625947121641,0.0,99.99999869538296,0.0,0.0032314684448863
1727.5,158,1,61,0,-60,-0.07212397,0.89641154,0.0040625947121641,0.0,99.99999869538296,0.0,0.0032314684448863
1728.0,158,1,61,0,-60,-0.07212397,0.89641154,0.0040625947121641,0.0,99.99999869538296,0.0,0.0032314684448863
1728.5,158,1,62,0,-61,-0.0077161863,0.9605261,0.0040625947121641,0.0,99.99999869538296,0.0,0.0032314684448863
1729.0,158,1,62,0,-61,-0.0077161863,0.9605261,0.0040625947121641,0.0,99.99999869538296,0.0,0.0032314684448863
1729.5,158,1,62,0,-61,-0.0077161863,0.9605261,0.0040625947121641,0.0,99.99999869538296,0.0,0.0032314684448863
1730.0,157,1,61,0,-60,-0.15550648,0.94804084,0.0040625947121641,0.0,99.99999869538296,0.0,0.0032314684448863
1730.5,156,1,60,0,-59,-0.51263714,1.0491214,0.0040625947121641,0.0,99.99999869538296,0.0,0.0032314684448863
1731.0,156,1,60,0,-59,-0.51263714,1.0491214,0.0040625947121641,0.0,99.99999869538296,0.0,0.0032314684448863
1731.5,156,1,60,0,-59,-0.51263714,1.0491214,0.0040625947121641,0.0,99.99999869538296,0.0,0.0032314684448863
1732.0,156,1,60,0,-59,-0.51263714,1.0491214,0.0040625947121641,0.0,99.99999869538296,0.0,0.0032314684448863
1732.5,154,1,58,0,-57,0.37892747,0.2764601,0.0040625947121641,0.0,99.99999869538296,0.0,0.0032314684448863
1733.0,154,1,58,0,-57,-0.51151437,0.22291023,0.0040625947121641,0.0,99.99999869538296,0.0,0.0032314684448863
1733.5,154,1,58,0,-57,-0.51151437,0.22291023,0.0040625947121641,0.0,99.99999869538296,0.0,0.0032314684448863
1734.0,154,1,58,0,-57,-0.51151437,0.22291023,0.0040625947121641,0.0,99.99999869538296,0.0,0.0032314684448863
1734.5,154,1,58,0,-57,-0.51151437,0.22291023,0.0040625947121641,0.0,99.99999869538296,0.0,0.0032314684448863
1735.0,153,1,57,0,-56,-0.20115691,0.193617,0.0040625947121641,0.0,99.99999869538296,0.0,0.0032314684448863
1735.5,151,1,56,0,-55,0.61103314,-0.27485725,0.0040625947121641,0.0,99.99999869538296,0.0,0.0032314684448863
1736.0,150,1,55,0,-54,0.9649895,-0.261127,0.0040625947121641,0.0,99.99999869538296,0.0,0.0032314684448863
1736.5,152,1,57,0,-56,0.33688354,0.6189278,0.0040625947121641,0.0,99.99999869538296,0.0,0.0032314684448863
1737.0,152,1,57,0,-56,0.33688354,0.6189278,0.0040625947121641,0.0,99.99999869538296,0.0,0.0032314684448863
1737.5,152,1,57,0,-56,0.33688354,0.6189278,0.0040625947121641,0.0,99.99999869538296,0.0,0.0032314684448863
1738.0,152,1,57,0,-56,0.33688354,0.6189278,0.0040625947121641,0.0,99.99999869538296,0.0,0.0032314684448863
1738.5,152,1,57,0,-56,0.33688354,0.6189278,0.0040625947121641,0.0,99.99999869538296,0.0,0.0032314684448863
1739.0,152,1,57,0,-56,0.20433189,-0.12090701,0.0040625947121641,0.0,99.99999869538296,0.0,0.0032314684448863
1739.5,153,1,56,0,-55,0.12932755,0.2037188,0.0040625947121641,0.0,99.99999869538296,0.0,0.0032314684448863
1740.0,153,1,56,0,-55,0.12932755,0.2037188,0.0040625947121641,0.0,99.99999869538296,0.0,0.0032314684448863
1740.5,152,1,56,0,-55,0.19160815,0.25506246,0.0040625947121641,0.0,99.99999869538296,0.0,0.0032314684448863
1741.0,151,1,56,0,-55,0.052228868,0.09165981,0.0040625947121641,0.0,99.99999869538296,0.0,0.0032314684448863
1741.5,152,1,56,0,-55,0.1806869,1.2373053,0.0040625947121641,0.0,99.99999869538296,0.0,0.0032314684448863
1742.0,152,1,56,0,-55,0.1806869,1.2373053,0.0040625947121641,0.0,99.99999869538296,0.0,0.0032314684448863
1742.5,152,1,56,0,-55,0.1806869,1.2373053,0.0040625947121641,0.0,99.99999869538296,0.0,0.0032314684448863
1743.0,152,1,56,0,-55,0.1806869,1.2373053,0.0040625947121641,0.0,99.99999869538296,0.0,0.0032314684448863
1743.5,152,1,56,0,-55,0.1806869,1.2373053,0.0040625947121641,0.0,99.99999869538296,0.0,0.0032314684448863
1744.0,152,1,56,0,-55,0.1806869,1.2373053,0.0040625947121641,0.0,99.99999869538296,0.0,0.0032314684448863
1744.5,154,1,57,0,-56,-8.884072e-05,0.87987095,0.0040625947121641,0.0,99.99999869538296,0.0,0.0032314684448863
1745.0,153,1,57,0,-56,-0.15324512,0.9346524,0.0040625947121641,0.0,99.99999869538296,0.0,0.0032314684448863
1745.5,153,1,57,0,-56,-0.15324512,0.9346524,0.0040625947121641,0.0,99.99999869538296,0.0,0.0032314684448863
1746.0,153,1,57,0,-56,-0.15324512,0.9346524,0.0040625947121641,0.0,99.99999869538296,0.0,0.0032314684448863
1746.5,153,1,57,0,-56,-0.15324512,0.9346524,0.0040625947121641,0.0,99.99999869538296,0.0,0.0032314684448863
1747.0,153,1,57,0,-56,-0.15324512,0.9346524,0.0040625947121641,0.0,99.99999869538296,0.0,0.0032314684448863
1747.5,150,1,55,0,-54,0.20552327,-0.29417628,0.0040625947121641,0.0,99.99999869538296,0.0,0.0032314684448863
1748.0,151,1,56,0,-55,0.14541768,-0.061863314,0.0040625947121641,0.0,99.99999869538296,0.0,0.0032314684448863
1748.5,151,1,56,0,-55,0.14541768,-0.061863314,0.0040625947121641,0.0,99.99999869538296,0.0,0.0032314684448863
1749.0,151,1,56,0,-55,0.14541768,-0.061863314,0.0040625947121641,0.0,99.99999869538296,0.0,0.0032314684448863
1749.5,151,1,56,0,-55,0.14541768,-0.061863314,0.0040625947121641,0.0,99.99999869538296,0.0,0.0032314684448863
1750.0,151,1,56,0,-55,0.14541768,-0.061863314,0.0040625947121641,0.0,99.99999869538296,0.0,0.0032314684448863
1750.5,151,1,56,0,-55,0.14541768,-0.061863314,0.0040625947121641,0.0,99.99999869538296,0.0,0.0032314684448863
1751.0,151,1,56,0,-55,0.14541768,-0.061863314,0.0040625947121641,0.0,99.99999869538296,0.0,0.0032314684448863
1751.5,151,1,56,0,-55,0.14541768,-0.061863314,0.0040625947121641,0.0,99.99999869538296,0.0,0.0032314684448863
1752.0,154,1,57,0,-56,-0.32665896,0.9775793,0.0040625947121641,0.0,99.99999869538296,0.0,0.0032314684448863
1752.5,154,1,57,0,-56,-0.32665896,0.9775793,0.0040625947121641,0.0,99.99999869538296,0.0,0.0032314684448863
1753.0,154,1,57,0,-56,-0.32665896,0.9775793,0.0040625947121641,0.0,99.99999869538296,0.0,0.0032314684448863
1753.5,155,1,58,0,-57,0.023288086,0.436521,0.0040625947121641,0.0,99.99999869538296,0.0,0.0032314684448863
1754.0,155,1,59,0,-58,0.66612506,-0.6442628,0.0040625947121641,0.0,99.99999869538296,0.0,0.0032314684448863
1754.5,155,1,59,0,-58,0.66612506,-0.6442628,0.0040625947121641,0.0,99.99999869538296,0.0,0.0032314684448863
1755.0,156,1,60,0,-59,0.28941256,-0.23499155,0.0040625947121641,0.0,99.99999869538296,0.0,0.0032314684448863
1755.5,155,1,59,0,-58,0.591085,-0.6187196,0.0040625947121641,0.0,99.99999869538296,0.0,0.0032314684448863
1756.0,154,1,58,0,-57,0.6425761,-0.59679437,0.0040625947121641,0.0,99.99999869538296,0.0,0.0032314684448863
1756.5,154,1,58,0,-57,0.6425761,-0.59679437,0.0040625947121641,0.0,99.99999869538296,0.0,0.0032314684448863
1757.0,154,1,58,0,-57,0.6425761,-0.59679437,0.0040625947121641,0.0,99.99999869538296,0.0,0.0032314684448863
1757.5,152,1,58,0,-57,-0.42341143,0.6039858,0.0040625947121641,0.0,99.99999869538296,0.0,0.0032314684448863
1758.0,153,1,58,0,-57,-0.013638385,1.1032592,0.0040625947121641,0.0,99.99999869538296,0.0,0.0032314684448863
1758.5,154,1,58,0,-57,-0.24939878,0.15542026,0.0040625947121641,0.0,99.99999869538296,0.0,0.0032314684448863
1759.0,154,1,58,0,-57,0.10847135,-0.13293393,0.0040625947121641,0.0,99.99999869538296,0.0,0.0032314684448863
1759.5,154,1,58,0,-57,0.10847135,-0.13293393,0.0040625947121641,0.0,99.99999869538296,0.0,0.0032314684448863
1760.0,154,1,58,0,-57,0.10847135,-0.13293393,0.0040625947121641,0.0,99.99999869538296,0.0,0.0032314684448863
1760.5,154,1,58,0,-57,0.10847135,-0.13293393,0.0040625947121641,0.0,99.99999869538296,0.0,0.0032314684448863
1761.0,155,1,59,0,-58,-0.6442283,0.26640493,0.0040625947121641,0.0,99.99999869538296,0.0,0.0032314684448863
1761.5,155,1,59,0,-58,0.3253432,-0.15086615,0.0040625947121641,0.0,99.99999869538296,0.0,0.0032314684448863
1762.0,155,1,59,0,-58,0.3253432,-0.15086615,0.0040625947121641,0.0,99.99999869538296,0.0,0.0032314684448863
1762.5,155,1,59,0,-58,0.3253432,-0.15086615,0.0040625947121641,0.0,99.99999869538296,0.0,0.0032314684448863
1763.0,155,1,59,0,-58,0.3253432,-0.15086615,0.0040625947121641,0.0,99.99999869538296,0.0,0.0032314684448863
1763.5,154,1,58,0,-57,-0.0590621,0.28207412,0.0040625947121641,0.0,99.99999869538296,0.0,0.0032314684448863
1764.0,154,1,58,0,-57,-0.0590621,0.28207412,0.0040625947121641,0.0,99.99999869538296,0.0,0.0032314684448863
1764.5,154,1,58,0,-57,-0.0590621,0.28207412,0.0040625947121641,0.0,99.99999869538296,0.0,0.0032314684448863
1765.0,154,1,58,0,-57,-0.0590621,0.28207412,0.0040625947121641,0.0,99.99999869538296,0.0,0.0032314684448863
1765.5,152,1,57,0,-56,0.12607922,0.11847244,0.0040625947121641,0.0,99.99999869538296,0.0,0.0032314684448863
1766.0,149,1,55,0,-54,0.09739889,-0.03858683,0.0040625947121641,0.0,99.99999869538296,0.0,0.0032314684448863
1766.5,149,1,55,0,-54,0.09739889,-0.03858683,0.0040625947121641,0.0,99.99999869538296,0.0,0.0032314684448863
1767.0,155,1,57,0,-56,-0.26353687,-0.1196814,0.0040625947121641,0.0,99.99999869538296,0.0,0.0032314684448863
1767.5,151,1,54,0,-53,-0.5338363,-0.3135212,0.0040625947121641,0.0,99.99999869538296,0.0,0.0032314684448863
1768.0,151,1,54,0,-53,-0.5338363,-0.3135212,0.0040625947121641,0.0,99.99999869538296,0.0,0.0032314684448863
1768.5,150,1,54,0,-53,0.15807138,-0.8375906,0.0040625947121641,0.0,99.99999869538296,0.0,0.0032314684448863
1769.0,150,1,54,0,-53,0.15807138,-0.8375906,0.0040625947121641,0.0,99.99999869538296,0.0,0.0032314684448863
1769.5,150,1,54,0,-53,0.15807138,-0.8375906,0.0040625947121641,0.0,99.99999869538296,0.0,0.0032314684448863
1770.0,151,1,54,0,-53,-0.47751242,-0.432041,0.0040625947121641,0.0,99.99999869538296,0.0,0.0032314684448863
1770.5,151,1,55,0,-54,-0.2497517,-0.715569,0.0040625947121641,0.0,99.99999869538296,0.0,0.0032314684448863
1771.0,151,1,55,0,-54,-0.2497517,-0.715569,0.0040625947121641,0.0,99.99999869538296,0.0,0.0032314684448863
1771.5,151,1,55,0,-54,-0.2497517,-0.715569,0.0040625947121641,0.0,99.99999869538296,0.0,0.0032314684448863
1772.0,151,1,55,0,-54,-0.2497517,-0.715569,0.0040625947121641,0.0,99.99999869538296,0.0,0.0032314684448863
1772.5,150,1,55,0,-54,-0.2497517,-0.715569,0.0040625947121641,0.0,99.99999869538296,0.0,0.0032314684448863
1773.0,150,1,55,0,-54,-0.2497517,-0.715569,0.0040625947121641,0.0,99.99999869538296,0.0,0.0032314684448863
1773.5,150,1,55,0,-54,-0.2497517,-0.715569,0.0040625947121641,0.0,99.99999869538296,0.0,0.0032314684448863
1774.0,150,1,55,0,-54,-0.2497517,-0.715569,0.0040625947121641,0.0,99.99999869538296,0.0,0.0032314684448863
1774.5,151,1,56,0,-55,-0.2628247,0.30450982,0.0040625947121641,0.0,99.99999869538296,0.0,0.0032314684448863
1775.0,150,1,55,0,-54,-0.10339852,0.19373581,0.0040625947121641,0.0,99.99999869538296,0.0,0.0032314684448863
1775.5,150,1,55,0,-54,-0.10339852,0.19373581,0.0040625947121641,0.0,99.99999869538296,0.0,0.0032314684448863
1776.0,149,1,54,0,-53,-0.7911113,0.3903915,0.0040625947121641,0.0,99.99999869538296,0.0,0.0032314684448863
1776.5,149,1,54,0,-53,-0.7911113,0.3903915,0.0040625947121641,0.0,99.99999869538296,0.0,0.0032314684448863
1777.0,149,1,54,0,-53,-0.7911113,0.3903915,0.0040625947121641,0.0,99.99999869538296,0.0,0.0032314684448863
1777.5,149,1,54,0,-53,-0.015498921,0.08215761,0.0040625947121641,0.0,99.99999869538296,0.0,0.0032314684448863
1778.0,148,1,53,0,-52,-0.011051759,-0.6349973,0.0040625947121641,0.0,99.99999869538296,0.0,0.0032314684448863
1778.5,148,1,53,0,-52,-0.011051759,-0.6349973,0.0040625947121641,0.0,99.99999869538296,0.0,0.0032314684448863
1779.0,149,1,54,0,-53,0.3643955,0.22205248,0.0040625947121641,0.0,99.99999869538296,0.0,0.0032314684448863
1779.5,149,1,54,0,-53,0.3643955,0.22205248,0.0040625947121641,0.0,99.99999869538296,0.0,0.0032314684448863
1780.0,145,1,53,0,-52,-0.02728489,-1.0216854,0.0040625947121641,0.0,99.99999869538296,0.0,0.0032314684448863
1780.5,144,1,52,0,-51,-0.15493807,-1.0792825,0.0040625947121641,0.0,99.99999869538296,0.0,0.0032314684448863
1781.0,144,1,52,0,-51,-0.15493807,-1.0792825,0.0040625947121641,0.0,99.99999869538296,0.0,0.0032314684448863
1781.5,145,1,52,0,-51,-0.47009784,0.031325113,0.0040625947121641,0.0,99.99999869538296,0.0,0.0032314684448863
1782.0,145,1,52,0,-51,-0.47009784,0.031325113,0.0040625947121641,0.0,99.99999869538296,0.0,0.0032314684448863
1782.5,146,1,53,0,-52,-0.2580238,0.4396249,0.0040625947121641,0.0,99.99999869538296,0.0,0.0032314684448863
1783.0,146,1,53,0,-52,-0.11425618,-0.65059716,0.0040625947121641,0.0,99.99999869538296,0.0,0.0032314684448863
1783.5,146,1,53,0,-52,-0.11425618,-0.65059716,0.0040625947121641,0.0,99.99999869538296,0.0,0.0032314684448863
1784.0,147,1,53,0,-52,0.10827111,-0.41414967,0.0040625947121641,0.0,99.99999869538296,0.0,0.0032314684448863
1784.5,146,1,53,0,-52,-0.6829172,0.10683069,0.0040625947121641,0.0,99.99999869538296,0.0,0.0032314684448863
1785.0,148,1,54,0,-53,0.019189961,0.94625264,0.0040625947121641,0.0,99.99999869538296,0.0,0.0032314684448863
1785.5,147,1,53,0,-52,0.21856494,0.20338964,0.0040625947121641,0.0,99.99999869538296,0.0,0.0032314684448863
1786.0,147,1,53,0,-52,-0.6085126,-0.211115,0.0040625947121641,0.0,99.99999869538296,0.0,0.0032314684448863
1786.5,146,1,53,0,-52,0.3943805,-0.31714076,0.0040625947121641,0.0,99.99999869538296,0.0,0.0032314684448863
1787.0,147,1,54,0,-53,-0.35539812,0.2541897,0.0040625947121641,0.0,99.99999869538296,0.0,0.0032314684448863
1787.5,151,1,57,0,-56,-0.41957217,-0.29583812,0.0040625947121641,0.0,99.99999869538296,0.0,0.0032314684448863
1788.0,151,1,57,0,-56,-0.41957217,-0.29583812,0.0040625947121641,0.0,99.99999869538296,0.0,0.0032314684448863
1788.5,149,1,56,0,-55,0.1876144,-0.43793356,0.0040625947121641,0.0,99.99999869538296,0.0,0.0032314684448863
1789.0,149,1,56,0,-55,-0.46536136,-0.6441629,0.0040625947121641,0.0,99.99999869538296,0.0,0.0032314684448863
1789.5,149,1,56,0,-55,-0.46536136,-0.6441629,0.0040625947121641,0.0,99.99999869538296,0.0,0.0032314684448863
1790.0,149,1,56,0,-55,-0.46536136,-0.6441629,0.0040625947121641,0.0,99.99999869538296,0.0,0.0032314684448863
1790.5,149,1,56,0,-55,-0.46536136,-0.6441629,0.0040625947121641,0.0,99.99999869538296,0.0,0.0032314684448863
1791.0,149,1,56,0,-55,-0.46536136,-0.6441629,0.0040625947121641,0.0,99.99999869538296,0.0,0.0032314684448863
1791.5,150,1,57,0,-56,-0.569008,0.5537448,0.0040625947121641,0.0,99.99999869538296,0.0,0.0032314684448863
1792.0,150,1,56,0,-55,-0.4806776,-0.4672262,0.0040625947121641,0.0,99.99999869538296,0.0,0.0032314684448863
1792.5,151,1,57,0,-56,-0.3879279,0.02419712,0.0040625947121641,0.0,99.99999869538296,0.0,0.0032314684448863
1793.0,151,1,57,0,-56,-0.3879279,0.02419712,0.0040625947121641,0.0,99.99999869538296,0.0,0.0032314684448863
1793.5,150,1,56,0,-55,0.12521295,-0.42189702,0.0040625947121641,0.0,99.99999869538296,0.0,0.0032314684448863
1794.0,150,1,56,0,-55,0.12521295,-0.42189702,0.0040625947121641,0.0,99.99999869538296,0.0,0.0032314684448863
1794.5,150,1,56,0,-55,0.12521295,-0.42189702,0.0040625947121641,0.0,99.99999869538296,0.0,0.0032314684448863
1795.0,150,1,56,0,-55,0.09635319,-0.71426576,0.0040625947121641,0.0,99.99999869538296,0.0,0.0032314684448863
1795.5,150,1,56,0,-55,0.09635319,-0.71426576,0.0040625947121641,0.0,99.99999869538296,0.0,0.0032314684448863
1796.0,151,1,56,0,-55,-0.21398477,-0.43393347,0.0040625947121641,0.0,99.99999869538296,0.0,0.0032314684448863
1796.5,151,1,57,0,-56,-0.3305689,-0.2843062,0.0040625947121641,0.0,99.99999869538296,0.0,0.0032314684448863
1797.0,151,1,57,0,-56,-0.3305689,-0.2843062,0.0040625947121641,0.0,99.99999869538296,0.0,0.0032314684448863
1797.5,151,1,57,0,-56,-0.3305689,-0.2843062,0.0040625947121641,0.0,99.99999869538296,0.0,0.0032314684448863
1798.0,151,1,57,0,-56,-0.3305689,-0.2843062,0.0040625947121641,0.0,99.99999869538296,0.0,0.0032314684448863
1798.5,152,1,58,0,-57,0.16024266,-0.6188286,0.0040625947121641,0.0,99.99999869538296,0.0,0.0032314684448863
1799.0,152,1,58,0,-57,0.16024266,-0.6188286,0.0040625947121641,0.0,99.99999869538296,0.0,0.0032314684448863
1799.5,150,1,57,0,-56,-0.3305689,-0.2843062,0.0040625947121641,0.0,99.99999869538296,0.0,0.0032314684448863
1800.0,150,1,57,0,-56,-0.3305689,-0.2843062,0.0040625947121641,0.0,99.99999869538296,0.0,0.0032314684448863
1800.5,149,1,56,0,-55,0.05559759,-0.14205301,0.0040625947121641,0.0,99.99999869538296,0.0,0.0032314684448863
1801.0,150,1,57,0,-56,0.24161668,0.65828353,0.0040625947121641,0.0,99.99999869538296,0.0,0.0032314684448863
1801.5,151,1,57,0,-56,-0.23030004,-0.17449531,0.0040625947121641,0.0,99.99999869538296,0.0,0.0032314684448863
1802.0,151,1,57,0,-56,-0.23030004,-0.17449531,0.0040625947121641,0.0,99.99999869538296,0.0,0.0032314684448863
1802.5,151,1,57,0,-56,-0.23030004,-0.17449531,0.0040625947121641,0.0,99.99999869538296,0.0,0.0032314684448863
1803.0,150,1,56,0,-55,0.17809997,-0.60782504,0.0040625947121641,0.0,99.99999869538296,0.0,0.0032314684448863
1803.5,151,1,57,0,-56,-0.54322535,-0.5090185,0.0040625947121641,0.0,99.99999869538296,0.0,0.0032314684448863
1804.0,151,1,57,0,-56,-0.54322535,-0.5090185,0.0040625947121641,0.0,99.99999869538296,0.0,0.0032314684448863
1804.5,150,1,56,0,-55,0.13454469,-0.77533615,0.0040625947121641,0.0,99.99999869538296,0.0,0.0032314684448863
1805.0,150,1,56,0,-55,0.13454469,-0.77533615,0.0040625947121641,0.0,99.99999869538296,0.0,0.0032314684448863
1805.5,150,1,56,0,-55,0.13454469,-0.77533615,0.0040625947121641,0.0,99.99999869538296,0.0,0.0032314684448863
1806.0,152,1,58,0,-57,0.33170122,-0.34478316,0.0040625947121641,0.0,99.99999869538296,0.0,0.0032314684448863
1806.5,152,1,58,0,-57,0.33170122,-0.34478316,0.0040625947121641,0.0,99.99999869538296,0.0,0.0032314684448863
1807.0,152,1,58,0,-57,0.33170122,-0.34478316,0.0040625947121641,0.0,99.99999869538296,0.0,0.0032314684448863
1807.5,152,1,58,0,-57,0.33170122,-0.34478316,0.0040625947121641,0.0,99.99999869538296,0.0,0.0032314684448863
1808.0,153,1,59,0,-58,0.08006172,-0.6007799,0.0040625947121641,0.0,99.99999869538296,0.0,0.0032314684448863
1808.5,153,1,59,0,-58,0.08006172,-0.6007799,0.0040625947121641,0.0,99.99999869538296,0.0,0.0032314684448863
1809.0,153,1,59,0,-58,0.08006172,-0.6007799,0.0040625947121641,0.0,99.99999869538296,0.0,0.0032314684448863
1809.5,152,1,58,0,-57,0.0713871,0.44355398,0.0040625947121641,0.0,99.99999869538296,0.0,0.0032314684448863
1810.0,152,1,58,0,-57,0.0713871,0.44355398,0.0040625947121641,0.0,99.99999869538296,0.0,0.0032314684448863
1810.5,152,1,58,0,-57,0.0713871,0.44355398,0.0040625947121641,0.0,99.99999869538296,0.0,0.0032314684448863
1811.0,151,1,57,0,-56,0.22976257,0.16415673,0.0040625947121641,0.0,99.99999869538296,0.0,0.0032314684448863
1811.5,151,1,57,0,-56,0.22976257,0.16415673,0.0040625947121641,0.0,99.99999869538296,0.0,0.0032314684448863
1812.0,152,1,57,0,-56,-0.69251555,0.5188009,0.0040625947121641,0.0,99.99999869538296,0.0,0.0032314684448863
1812.5,152,1,57,0,-56,-0.69251555,0.5188009,0.0040625947121641,0.0,99.99999869538296,0.0,0.0032314684448863
1813.0,153,1,58,0,-57,0.29314172,-0.37165293,0.0040625947121641,0.0,99.99999869538296,0.0,0.0032314684448863
1813.5,153,1,58,0,-57,0.29314172,-0.37165293,0.0040625947121641,0.0,99.99999869538296,0.0,0.0032314684448863
1814.0,153,1,58,0,-57,0.29314172,-0.37165293,0.0040625947121641,0.0,99.99999869538296,0.0,0.0032314684448863
1814.5,153,1,58,0,-57,0.29314172,-0.37165293,0.0040625947121641,0.0,99.99999869538296,0.0,0.0032314684448863
1815.0,153,1,58,0,-57,-0.36656117,0.66566277,0.0040625947121641,0.0,99.99999869538296,0.0,0.0032314684448863
1815.5,153,1,58,0,-57,-0.36656117,0.66566277,0.0040625947121641,0.0,99.99999869538296,0.0,0.0032314684448863
1816.0,153,1,58,0,-57,-0.3423196,0.43827656,0.0040625947121641,0.0,99.99999869538296,0.0,0.0032314684448863
1816.5,153,1,58,0,-57,-0.3423196,0.43827656,0.0040625947121641,0.0,99.99999869538296,0.0,0.0032314684448863
1817.0,154,1,59,0,-58,-0.26927972,-0.3578161,0.0040625947121641,0.0,99.99999869538296,0.0,0.0032314684448863
1817.5,154,1,59,0,-58,-1.1001264,0.014977198,0.0040625947121641,0.0,99.99999869538296,0.0,0.0032314684448863
1818.0,154,1,59,0,-58,-1.1001264,0.014977198,0.0040625947121641,0.0,99.99999869538296,0.0,0.0032314684448863
1818.5,154,1,59,0,-58,-1.1001264,0.014977198,0.0040625947121641,0.0,99.99999869538296,0.0,0.0032314684448863
1819.0,153,1,58,0,-57,-0.57610804,-0.70397294,0.0040625947121641,0.0,99.99999869538296,0.0,0.0032314684448863
1819.5,153,1,58,0,-57,-0.57610804,-0.70397294,0.0040625947121641,0.0,99.99999869538296,0.0,0.0032314684448863
1820.0,153,1,58,0,-57,-0.57610804,-0.70397294,0.0040625947121641,0.0,99.99999869538296,0.0,0.0032314684448863
1820.5,154,1,59,0,-58,-0.27921474,-0.22471201,0.0040625947121641,0.0,99.99999869538296,0.0,0.0032314684448863
1821.0,154,1,59,0,-58,-0.27921474,-0.22471201,0.0040625947121641,0.0,99.99999869538296,0.0,0.0032314684448863
1821.5,154,1,59,0,-58,-0.27921474,-0.22471201,0.0040625947121641,0.0,99.99999869538296,0.0,0.0032314684448863
1822.0,154,1,59,0,-58,-0.27921474,-0.22471201,0.0040625947121641,0.0,99.99999869538296,0.0,0.0032314684448863
1822.5,155,1,60,0,-59,-0.21785776,0.26375523,0.0040625947121641,0.0,99.99999869538296,0.0,0.0032314684448863
1823.0,155,1,60,0,-59,-0.21785776,0.26375523,0.0040625947121641,0.0,99.99999869538296,0.0,0.0032314684448863
1823.5,154,1,59,0,-58,-1.1001264,0.014977198,0.0040625947121641,0.0,99.99999869538296,0.0,0.0032314684448863
1824.0,154,1,59,0,-58,-1.1001264,0.014977198,0.0040625947121641,0.0,99.99999869538296,0.0,0.0032314684448863
1824.5,155,1,60,0,-59,-0.48597926,-0.110220894,0.0040625947121641,0.0,99.99999869538296,0.0,0.0032314684448863
1825.0,155,1,60,0,-59,-0.48597926,-0.110220894,0.0040625947121641,0.0,99.99999869538296,0.0,0.0032314684448863
1825.5,156,1,61,0,-60,-0.18373945,-0.60457027,0.0040625947121641,0.0,99.99999869538296,0.0,0.0032314684448863
1826.0,156,1,61,0,-60,-0.18373945,-0.60457027,0.0040625947121641,0.0,99.99999869538296,0.0,0.0032314684448863
1826.5,157,1,61,0,-60,-0.21165055,-0.34590447,0.0040625947121641,0.0,99.99999869538296,0.0,0.0032314684448863
1827.0,157,1,61,0,-60,-0.21165055,-0.34590447,0.0040625947121641,0.0,99.99999869538296,0.0,0.0032314684448863
1827.5,156,1,60,0,-59,-0.7537691,0.06289011,0.0040625947121641,0.0,99.99999869538296,0.0,0.0032314684448863
1828.0,157,1,61,0,-60,-0.449773,-0.9203292,0.0040625947121641,0.0,99.99999869538296,0.0,0.0032314684448863
1828.5,157,1,61,0,-60,-0.449773,-0.9203292,0.0040625947121641,0.0,99.99999869538296,0.0,0.0032314684448863
1829.0,157,1,61,0,-60,-0.449773,-0.9203292,0.0040625947121641,0.0,99.99999869538296,0.0,0.0032314684448863
1829.5,158,1,62,0,-61,-0.387977,0.13908246,0.0040625947121641,0.0,99.99999869538296,0.0,0.0032314684448863
1830.0,157,1,62,0,-61,-0.39931303,-0.069782436,0.0040625947121641,0.0,99.99999869538296,0.0,0.0032314684448863
1830.5,158,1,63,0,-62,-0.31396982,-0.10197097,0.0040625947121641,0.0,99.99999869538296,0.0,0.0032314684448863
1831.0,157,1,62,0,-61,0.56479937,-0.3935514,0.0040625947121641,0.0,99.99999869538296,0.0,0.0032314684448863
1831.5,158,1,63,0,-62,0.374224,-0.3321754,0.0040625947121641,0.0,99.99999869538296,0.0,0.0032314684448863
1832.0,158,1,63,0,-62,0.374224,-0.3321754,0.0040625947121641,0.0,99.99999869538296,0.0,0.0032314684448863
1832.5,158,1,63,0,-62,0.374224,-0.3321754,0.0040625947121641,0.0,99.99999869538296,0.0,0.0032314684448863
1833.0,158,1,63,0,-62,0.70911324,-0.19381928,0.0040625947121641,0.0,99.99999869538296,0.0,0.0032314684448863
1833.5,159,1,64,0,-63,0.21300192,-0.5104569,0.0040625947121641,0.0,99.99999869538296,0.0,0.0032314684448863
1834.0,159,1,64,0,-63,0.21300192,-0.5104569,0.0040625947121641,0.0,99.99999869538296,0.0,0.0032314684448863
1834.5,159,1,64,0,-63,0.21300192,-0.5104569,0.0040625947121641,0.0,99.99999869538296,0.0,0.0032314684448863
1835.0,159,1,63,0,-62,0.56943285,-0.8821071,0.0040625947121641,0.0,99.99999869538296,0.0,0.0032314684448863
1835.5,159,1,63,0,-62,0.56943285,-0.8821071,0.0040625947121641,0.0,99.99999869538296,0.0,0.0032314684448863
1836.0,159,1,63,0,-62,0.56943285,-0.8821071,0.0040625947121641,0.0,99.99999869538296,0.0,0.0032314684448863
1836.5,159,1,63,0,-62,0.56943285,-0.8821071,0.0040625947121641,0.0,99.99999869538296,0.0,0.0032314684448863
1837.0,159,1,63,0,-62,0.56943285,-0.8821071,0.0040625947121641,0.0,99.99999869538296,0.0,0.0032314684448863
1837.5,158,1,62,0,-61,0.73989314,-0.99909854,0.0040625947121641,0.0,99.99999869538296,0.0,0.0032314684448863
1838.0,159,1,63,0,-62,-0.41989875,0.102571234,0.0040625947121641,0.0,99.99999869538296,0.0,0.0032314684448863
1838.5,159,1,63,0,-62,-0.41989875,0.102571234,0.0040625947121641,0.0,99.99999869538296,0.0,0.0032314684448863
1839.0,159,1,63,0,-62,-0.41989875,0.102571234,0.0040625947121641,0.0,99.99999869538296,0.0,0.0032314684448863
1839.5,160,1,64,0,-63,-0.45740104,0.07852988,0.0040625947121641,0.0,99.99999869538296,0.0,0.0032314684448863
1840.0,159,1,63,0,-62,0.50584775,-0.66159916,0.0040625947121641,0.0,99.99999869538296,0.0,0.0032314684448863
1840.5,158,1,62,0,-61,0.53730893,-0.6920841,0.0040625947121641,0.0,99.99999869538296,0.0,0.0032314684448863
1841.0,158,1,62,0,-61,0.53730893,-0.6920841,0.0040625947121641,0.0,99.99999869538296,0.0,0.0032314684448863
1841.5,158,1,62,0,-61,0.53730893,-0.6920841,0.0040625947121641,0.0,99.99999869538296,0.0,0.0032314684448863
1842.0,156,1,60,0,-59,-0.40996164,-0.09083836,0.0040625947121641,0.0,99.99999869538296,0.0,0.0032314684448863
1842.5,157,1,61,0,-60,0.32600206,-0.3303964,0.0040625947121641,0.0,99.99999869538296,0.0,0.0032314684448863
1843.0,157,1,61,0,-60,0.32600206,-0.3303964,0.0040625947121641,0.0,99.99999869538296,0.0,0.0032314684448863
1843.5,157,1,61,0,-60,0.32600206,-0.3303964,0.0040625947121641,0.0,99.99999869538296,0.0,0.0032314684448863
1844.0,157,1,61,0,-60,0.32600206,-0.3303964,0.0040625947121641,0.0,99.99999869538296,0.0,0.0032314684448863
1844.5,155,1,59,0,-58,0.38633657,0.8832091,0.0040625947121641,0.0,99.99999869538296,0.0,0.0032314684448863
1845.0,155,1,59,0,-58,0.38633657,0.8832091,0.0040625947121641,0.0,99.99999869538296,0.0,0.0032314684448863
1845.5,154,1,58,0,-57,0.44570547,0.70145905,0.0040625947121641,0.0,99.99999869538296,0.0,0.0032314684448863
1846.0,154,1,58,0,-57,0.44570547,0.70145905,0.0040625947121641,0.0,99.99999869538296,0.0,0.0032314684448863
1846.5,153,1,57,0,-56,0.2375467,0.50592893,0.0040625947121641,0.0,99.99999869538296,0.0,0.0032314684448863
1847.0,154,1,58,0,-57,0.14535008,0.36067587,0.0040625947121641,0.0,99.99999869538296,0.0,0.0032314684448863
1847.5,154,1,58,0,-57,0.14535008,0.36067587,0.0040625947121641,0.0,99.99999869538296,0.0,0.0032314684448863
1848.0,154,1,58,0,-57,0.14535008,0.36067587,0.0040625947121641,0.0,99.99999869538296,0.0,0.0032314684448863
1848.5,154,1,58,0,-57,0.14535008,0.36067587,0.0040625947121641,0.0,99.99999869538296,0.0,0.0032314684448863
1849.0,153,1,58,0,-57,0.088589266,0.51799136,0.0040625947121641,0.0,99.99999869538296,0.0,0.0032314684448863
1849.5,153,1,58,0,-57,0.088589266,0.51799136,0.0040625947121641,0.0,99.99999869538296,0.0,0.0032314684448863
1850.0,154,1,59,0,-58,0.12507896,-1.038964,0.0040625947121641,0.0,99.99999869538296,0.0,0.0032314684448863
1850.5,154,1,59,0,-58,0.12507896,-1.038964,0.0040625947121641,0.0,99.99999869538296,0.0,0.0032314684448863
1851.0,154,1,59,0,-58,0.12507896,-1.038964,0.0040625947121641,0.0,99.99999869538296,0.0,0.0032314684448863
1851.5,154,1,59,0,-58,0.12507896,-1.038964,0.0040625947121641,0.0,99.99999869538296,0.0,0.0032314684448863
1852.0,154,1,59,0,-58,0.12507896,-1.038964,0.0040625947121641,0.0,99.99999869538296,0.0,0.0032314684448863
1852.5,154,1,59,0,-58,0.12507896,-1.038964,0.0040625947121641,0.0,99.99999869538296,0.0,0.0032314684448863
1853.0,153,1,58,0,-57,0.36627722,0.7889267,0.0040625947121641,0.0,99.99999869538296,0.0,0.0032314684448863
1853.5,153,1,58,0,-57,0.36627722,0.7889267,0.0040625947121641,0.0,99.99999869538296,0.0,0.0032314684448863
1854.0,153,1,58,0,-57,0.36627722,0.7889267,0.0040625947121641,0.0,99.99999869538296,0.0,0.0032314684448863
1854.5,154,1,59,0,-58,-0.1613933,-0.20077437,0.0040625947121641,0.0,99.99999869538296,0.0,0.0032314684448863
1855.0,154,1,59,0,-58,-0.1613933,-0.20077437,0.0040625947121641,0.0,99.99999869538296,0.0,0.0032314684448863
1855.5,154,1,59,0,-58,-0.1613933,-0.20077437,0.0040625947121641,0.0,99.99999869538296,0.0,0.0032314684448863
1856.0,154,1,59,0,-58,-0.1613933,-0.20077437,0.0040625947121641,0.0,99.99999869538296,0.0,0.0032314684448863
1856.5,154,1,59,0,-58,-0.1613933,-0.20077437,0.0040625947121641,0.0,99.99999869538296,0.0,0.0032314684448863
1857.0,154,1,59,0,-58,-0.1613933,-0.20077437,0.0040625947121641,0.0,99.99999869538296,0.0,0.0032314684448863
1857.5,156,1,60,0,-59,-0.051982775,-0.5017486,0.0040625947121641,0.0,99.99999869538296,0.0,0.0032314684448863
1858.0,155,1,59,0,-58,0.48649913,0.33063793,0.0040625947121641,0.0,99.99999869538296,0.0,0.0032314684448863
1858.5,155,1,59,0,-58,0.48649913,0.33063793,0.0040625947121641,0.0,99.99999869538296,0.0,0.0032314684448863
1859.0,155,1,59,0,-58,0.48649913,0.33063793,0.0040625947121641,0.0,99.99999869538296,0.0,0.0032314684448863
1859.5,156,1,60,0,-59,0.644862,-0.7973182,0.0040625947121641,0.0,99.99999869538296,0.0,0.0032314684448863
1860.0,156,1,60,0,-59,0.644862,-0.7973182,0.0040625947121641,0.0,99.99999869538296,0.0,0.0032314684448863
1860.5,157,1,60,0,-59,-0.4564507,-0.11972205,0.0040625947121641,0.0,99.99999869538296,0.0,0.0032314684448863
1861.0,158,1,61,0,-60,0.64918965,0.32942367,0.0040625947121641,0.0,99.99999869538296,0.0,0.0032314684448863
1861.5,157,1,60,0,-59,0.112495124,0.3200026,0.0040625947121641,0.0,99.99999869538296,0.0,0.0032314684448863
1862.0,156,1,60,0,-59,-0.25903517,-0.5311097,0.0040625947121641,0.0,99.99999869538296,0.0,0.0032314684448863
1862.5,157,1,60,0,-59,0.5035241,-0.09878324,0.0040625947121641,0.0,99.99999869538296,0.0,0.0032314684448863
1863.0,157,1,60,0,-59,0.5035241,-0.09878324,0.0040625947121641,0.0,99.99999869538296,0.0,0.0032314684448863
1863.5,157,1,60,0,-59,0.5035241,-0.09878324,0.0040625947121641,0.0,99.99999869538296,0.0,0.0032314684448863
1864.0,156,1,59,0,-58,0.17861833,-0.1632505,0.0040625947121641,0.0,99.99999869538296,0.0,0.0032314684448863
1864.5,156,1,59,0,-58,0.17861833,-0.1632505,0.0040625947121641,0.0,99.99999869538296,0.0,0.0032314684448863
1865.0,156,1,59,0,-58,0.17861833,-0.1632505,0.0040625947121641,0.0,99.99999869538296,0.0,0.0032314684448863
1865.5,157,1,60,0,-59,0.11494288,-0.5860998,0.0040625947121641,0.0,99.99999869538296,0.0,0.0032314684448863
1866.0,157,1,60,0,-59,0.11494288,-0.5860998,0.0040625947121641,0.0,99.99999869538296,0.0,0.0032314684448863
1866.5,157,1,60,0,-59,0.11494288,-0.5860998,0.0040625947121641,0.0,99.99999869538296,0.0,0.0032314684448863
1867.0,156,1,59,0,-58,0.015371487,-0.3140363,0.0040625947121641,0.0,99.99999869538296,0.0,0.0032314684448863
1867.5,157,1,59,0,-58,0.73205465,0.16305822,0.0040625947121641,0.0,99.99999869538296,0.0,0.0032314684448863
1868.0,157,1,59,0,-58,0.73205465,0.16305822,0.0040625947121641,0.0,99.99999869538296,0.0,0.0032314684448863
1868.5,155,1,58,0,-57,0.11755343,0.4197598,0.0040625947121641,0.0,99.99999869538296,0.0,0.0032314684448863
1869.0,155,1,58,0,-57,0.11755343,0.4197598,0.0040625947121641,0.0,99.99999869538296,0.0,0.0032314684448863
1869.5,155,1,58,0,-57,0.11755343,0.4197598,0.0040625947121641,0.0,99.99999869538296,0.0,0.0032314684448863
1870.0,154,1,57,0,-56,0.095639825,0.38898346,0.0040625947121641,0.0,99.99999869538296,0.0,0.0032314684448863
1870.5,154,1,57,0,-56,0.04510437,0.11068757,0.0040625947121641,0.0,99.99999869538296,0.0,0.0032314684448863
1871.0,154,1,57,0,-56,0.04510437,0.11068757,0.0040625947121641,0.0,99.99999869538296,0.0,0.0032314684448863
1871.5,155,1,58,0,-57,-0.1796782,-0.079172835,0.0040625947121641,0.0,99.99999869538296,0.0,0.0032314684448863
1872.0,156,1,59,0,-58,0.5046481,-0.34249604,0.0040625947121641,0.0,99.99999869538296,0.0,0.0032314684448863
1872.5,156,1,59,0,-58,0.5046481,-0.34249604,0.0040625947121641,0.0,99.99999869538296,0.0,0.0032314684448863
1873.0,156,1,59,0,-58,0.5046481,-0.34249604,0.0040625947121641,0.0,99.99999869538296,0.0,0.0032314684448863
1873.5,157,1,59,0,-58,0.6308363,-0.69825727,0.0040625947121641,0.0,99.99999869538296,0.0,0.0032314684448863
1874.0,158,1,58,0,-57,0.00019518286,-0.108624905,0.0040625947121641,0.0,99.99999869538296,0.0,0.0032314684448863
1874.5,158,1,58,0,-57,0.00019518286,-0.108624905,0.0040625947121641,0.0,99.99999869538296,0.0,0.0032314684448863
1875.0,157,1,57,0,-56,0.73510975,-0.5550355,0.0040625947121641,0.0,99.99999869538296,0.0,0.0032314684448863
1875.5,157,1,57,0,-56,0.73510975,-0.5550355,0.0040625947121641,0.0,99.99999869538296,0.0,0.0032314684448863
1876.0,158,1,56,0,-55,0.02938427,-0.18880779,0.0040625947121641,0.0,99.99999869538296,0.0,0.0032314684448863
1876.5,157,1,57,0,-56,7.5384974e-05,-0.040493045,0.0040625947121641,0.0,99.99999869538296,0.0,0.0032314684448863
1877.0,157,1,57,0,-56,7.5384974e-05,-0.040493045,0.0040625947121641,0.0,99.99999869538296,0.0,0.0032314684448863
1877.5,157,1,57,0,-56,7.5384974e-05,-0.040493045,0.0040625947121641,0.0,99.99999869538296,0.0,0.0032314684448863
1878.0,157,1,57,0,-56,7.5384974e-05,-0.040493045,0.0040625947121641,0.0,99.99999869538296,0.0,0.0032314684448863
1878.5,156,1,56,0,-55,-0.43571907,-0.39198717,0.0040625947121641,0.0,99.99999869538296,0.0,0.0032314684448863
1879.0,156,1,56,0,-55,-0.43571907,-0.39198717,0.0040625947121641,0.0,99.99999869538296,0.0,0.0032314684448863
1879.5,155,1,56,0,-55,-0.12639327,0.62636656,0.0040625947121641,0.0,99.99999869538296,0.0,0.0032314684448863
1880.0,152,1,56,0,-55,0.66076267,-0.09358975,0.0040625947121641,0.0,99.99999869538296,0.0,0.0032314684448863
1880.5,153,1,57,0,-56,0.552208,-0.32159972,0.0040625947121641,0.0,99.99999869538296,0.0,0.0032314684448863
1881.0,152,1,57,0,-56,-0.54397506,0.25932497,0.0040625947121641,0.0,99.99999869538296,0.0,0.0032314684448863
1881.5,152,1,57,0,-56,-0.54397506,0.25932497,0.0040625947121641,0.0,99.99999869538296,0.0,0.0032314684448863
1882.0,153,1,58,0,-57,0.3256635,-0.2288208,0.0040625947121641,0.0,99.99999869538296,0.0,0.0032314684448863
1882.5,153,1,58,0,-57,0.3256635,-0.2288208,0.0040625947121641,0.0,99.99999869538296,0.0,0.0032314684448863
1883.0,153,1,58,0,-57,0.3256635,-0.2288208,0.0040625947121641,0.0,99.99999869538296,0.0,0.0032314684448863
1883.5,154,1,59,0,-58,-0.014166273,-0.14527923,0.0040625947121641,0.0,99.99999869538296,0.0,0.0032314684448863
1884.0,154,1,59,0,-58,-0.014166273,-0.14527923,0.0040625947121641,0.0,99.99999869538296,0.0,0.0032314684448863
1884.5,155,1,60,0,-59,-0.45831335,-0.003254395,0.0040625947121641,0.0,99.99999869538296,0.0,0.0032314684448863
1885.0,155,1,60,0,-59,-0.45831335,-0.003254395,0.0040625947121641,0.0,99.99999869538296,0.0,0.0032314684448863
1885.5,154,1,59,0,-58,-0.13855848,0.63710594,0.0040625947121641,0.0,99.99999869538296,0.0,0.0032314684448863
1886.0,154,1,59,0,-58,-0.13855848,0.63710594,0.0040625947121641,0.0,99.99999869538296,0.0,0.0032314684448863
1886.5,150,1,57,0,-56,0.22451897,0.21791938,0.0040625947121641,0.0,99.99999869538296,0.0,0.0032314684448863
1887.0,150,1,57,0,-56,0.48833257,-0.76357496,0.0040625947121641,0.0,99.99999869538296,0.0,0.0032314684448863
1887.5,150,1,57,0,-56,0.48833257,-0.76357496,0.0040625947121641,0.0,99.99999869538296,0.0,0.0032314684448863
1888.0,150,1,57,0,-56,0.48833257,-0.76357496,0.0040625947121641,0.0,99.99999869538296,0.0,0.0032314684448863
1888.5,155,1,59,0,-58,-0.17742494,-1.0506183,0.0040625947121641,0.0,99.99999869538296,0.0,0.0032314684448863
1889.0,153,1,58,0,-57,-0.15745832,-0.028730888,0.0040625947121641,0.0,99.99999869538296,0.0,0.0032314684448863
1889.5,153,1,58,0,-57,-0.15745832,-0.028730888,0.0040625947121641,0.0,99.99999869538296,0.0,0.0032314684448863
1890.0,153,1,58,0,-57,-0.15745832,-0.028730888,0.0040625947121641,0.0,99.99999869538296,0.0,0.0032314684448863
1890.5,153,1,58,0,-57,-0.15745832,-0.028730888,0.0040625947121641,0.0,99.99999869538296,0.0,0.0032314684448863
1891.0,153,1,58,0,-57,-0.15745832,-0.028730888,0.0040625947121641,0.0,99.99999869538296,0.0,0.0032314684448863
1891.5,153,1,58,0,-57,-0.15745832,-0.028730888,0.0040625947121641,0.0,99.99999869538296,0.0,0.0032314684448863
1892.0,152,1,58,0,-57,-0.10748549,-0.65422714,0.0040625947121641,0.0,99.99999869538296,0.0,0.0032314684448863
1892.5,151,1,57,0,-56,0.13355666,0.6265708,0.0040625947121641,0.0,99.99999869538296,0.0,0.0032314684448863
1893.0,151,1,57,0,-56,0.13355666,0.6265708,0.0040625947121641,0.0,99.99999869538296,0.0,0.0032314684448863
1893.5,151,1,57,0,-56,0.13355666,0.6265708,0.0040625947121641,0.0,99.99999869538296,0.0,0.0032314684448863
1894.0,151,1,57,0,-56,0.13355666,0.6265708,0.0040625947121641,0.0,99.99999869538296,0.0,0.0032314684448863
1894.5,151,1,57,0,-56,0.13355666,0.6265708,0.0040625947121641,0.0,99.99999869538296,0.0,0.0032314684448863
1895.0,151,1,57,0,-56,0.13355666,0.6265708,0.0040625947121641,0.0,99.99999869538296,0.0,0.0032314684448863
1895.5,151,1,57,0,-56,0.48110288,0.4476482,0.0040625947121641,0.0,99.99999869538296,0.0,0.0032314684448863
1896.0,151,1,57,0,-56,-0.34230137,0.30389002,0.0040625947121641,0.0,99.99999869538296,0.0,0.0032314684448863
1896.5,151,1,57,0,-56,-0.34230137,0.30389002,0.0040625947121641,0.0,99.99999869538296,0.0,0.0032314684448863
1897.0,151,1,57,0,-56,-0.34230137,0.30389002,0.0040625947121641,0.0,99.99999869538296,0.0,0.0032314684448863
1897.5,151,1,57,0,-56,-0.34230137,0.30389002,0.0040625947121641,0.0,99.99999869538296,0.0,0.0032314684448863
1898.0,152,1,56,0,-55,0.15583177,-0.7093496,0.0040625947121641,0.0,99.99999869538296,0.0,0.0032314684448863
1898.5,152,1,56,0,-55,0.15583177,-0.7093496,0.0040625947121641,0.0,99.99999869538296,0.0,0.0032314684448863
1899.0,152,1,56,0,-55,0.15583177,-0.7093496,0.0040625947121641,0.0,99.99999869538296,0.0,0.0032314684448863
1899.5,151,1,57,0,-56,-0.34230137,0.30389002,0.0040625947121641,0.0,99.99999869538296,0.0,0.0032314684448863
1900.0,151,1,57,0,-56,-0.34230137,0.30389002,0.0040625947121641,0.0,99.99999869538296,0.0,0.0032314684448863
1900.5,152,1,57,0,-56,-0.42326015,0.2104813,0.0040625947121641,0.0,99.99999869538296,0.0,0.0032314684448863
1901.0,152,1,57,0,-56,-0.44730628,-0.07018012,0.0040625947121641,0.0,99.99999869538296,0.0,0.0032314684448863
1901.5,154,1,58,0,-57,-1.4812546,0.45771724,0.0040625947121641,0.0,99.99999869538296,0.0,0.0032314684448863
1902.0,154,1,58,0,-57,-1.4812546,0.45771724,0.0040625947121641,0.0,99.99999869538296,0.0,0.0032314684448863
1902.5,154,1,58,0,-57,-1.4812546,0.45771724,0.0040625947121641,0.0,99.99999869538296,0.0,0.0032314684448863
1903.0,153,1,58,0,-57,-1.6227349,0.5667351,0.0040625947121641,0.0,99.99999869538296,0.0,0.0032314684448863
1903.5,154,1,59,0,-58,1.4637879,0.31512403,0.0040625947121641,0.0,99.99999869538296,0.0,0.0032314684448863
1904.0,155,1,59,0,-58,-0.5861222,0.50271493,0.0040625947121641,0.0,99.99999869538296,0.0,0.0032314684448863
1904.5,154,1,59,0,-58,-0.43878037,0.59929276,0.0040625947121641,0.0,99.99999869538296,0.0,0.0032314684448863
1905.0,153,1,58,0,-57,-1.4982733,0.328206,0.0040625947121641,0.0,99.99999869538296,0.0,0.0032314684448863
1905.5,153,1,58,0,-57,-1.4982733,0.328206,0.0040625947121641,0.0,99.99999869538296,0.0,0.0032314684448863
1906.0,154,1,58,0,-57,-1.5111129,0.23784912,0.0040625947121641,0.0,99.99999869538296,0.0,0.0032314684448863
1906.5,155,1,58,0,-57,-1.4888219,0.3234134,0.0040625947121641,0.0,99.99999869538296,0.0,0.0032314684448863
1907.0,155,1,58,0,-57,-1.4888219,0.3234134,0.0040625947121641,0.0,99.99999869538296,0.0,0.0032314684448863
1907.5,152,1,56,0,-55,-0.78494424,0.122305214,0.0040625947121641,0.0,99.99999869538296,0.0,0.0032314684448863
1908.0,153,1,57,0,-56,0.45440882,-0.5221778,0.0040625947121641,0.0,99.99999869538296,0.0,0.0032314684448863
1908.5,153,1,57,0,-56,-0.30210143,-0.21129423,0.0040625947121641,0.0,99.99999869538296,0.0,0.0032314684448863
1909.0,153,1,57,0,-56,-0.30210143,-0.21129423,0.0040625947121641,0.0,99.99999869538296,0.0,0.0032314684448863
1909.5,152,1,58,0,-57,-0.2638926,-0.32161176,0.0040625947121641,0.0,99.99999869538296,0.0,0.0032314684448863
1910.0,152,1,58,0,-57,-0.2638926,-0.32161176,0.0040625947121641,0.0,99.99999869538296,0.0,0.0032314684448863
1910.5,152,1,58,0,-57,-0.2638926,-0.32161176,0.0040625947121641,0.0,99.99999869538296,0.0,0.0032314684448863
1911.0,153,1,58,0,-57,0.062753305,0.7804631,0.0040625947121641,0.0,99.99999869538296,0.0,0.0032314684448863
1911.5,153,1,58,0,-57,0.062753305,0.7804631,0.0040625947121641,0.0,99.99999869538296,0.0,0.0032314684448863
1912.0,153,1,58,0,-57,0.062753305,0.7804631,0.0040625947121641,0.0,99.99999869538296,0.0,0.0032314684448863
1912.5,153,1,58,0,-57,0.062753305,0.7804631,0.0040625947121641,0.0,99.99999869538296,0.0,0.0032314684448863
1913.0,153,1,58,0,-57,0.062753305,0.7804631,0.0040625947121641,0.0,99.99999869538296,0.0,0.0032314684448863
1913.5,153,1,58,0,-57,-0.19780937,-0.48472488,0.0040625947121641,0.0,99.99999869538296,0.0,0.0032314684448863
1914.0,153,1,58,0,-57,-0.19780937,-0.48472488,0.0040625947121641,0.0,99.99999869538296,0.0,0.0032314684448863
1914.5,153,1,58,0,-57,-0.19780937,-0.48472488,0.0040625947121641,0.0,99.99999869538296,0.0,0.0032314684448863
1915.0,153,1,58,0,-57,-0.19780937,-0.48472488,0.0040625947121641,0.0,99.99999869538296,0.0,0.0032314684448863
1915.5,153,1,58,0,-57,-0.19780937,-0.48472488,0.0040625947121641,0.0,99.99999869538296,0.0,0.0032314684448863
1916.0,153,1,58,0,-57,0.27676028,1.029093,0.0040625947121641,0.0,99.99999869538296,0.0,0.0032314684448863
1916.5,153,1,58,0,-57,0.27676028,1.029093,0.0040625947121641,0.0,99.99999869538296,0.0,0.0032314684448863
1917.0,153,1,58,0,-57,0.27676028,1.029093,0.0040625947121641,0.0,99.99999869538296,0.0,0.0032314684448863
1917.5,154,1,59,0,-58,-0.24280487,-0.71376055,0.0040625947121641,0.0,99.99999869538296,0.0,0.0032314684448863
1918.0,153,1,59,0,-58,0.31707186,-0.011811886,0.0040625947121641,0.0,99.99999869538296,0.0,0.0032314684448863
1918.5,150,1,58,0,-57,-0.09908614,-0.8033627,0.0040625947121641,0.0,99.99999869538296,0.0,0.0032314684448863
1919.0,149,1,57,0,-56,0.014001131,-0.73596877,0.0040625947121641,0.0,99.99999869538296,0.0,0.0032314684448863
1919.5,149,1,57,0,-56,0.014001131,-0.73596877,0.0040625947121641,0.0,99.99999869538296,0.0,0.0032314684448863
1920.0,150,1,57,0,-56,-1.2501656,0.39497286,0.0040625947121641,0.0,99.99999869538296,0.0,0.0032314684448863
1920.5,149,1,56,0,-55,-1.6763159,0.17647925,0.0040625947121641,0.0,99.99999869538296,0.0,0.0032314684448863
1921.0,149,1,56,0,-55,-1.6763159,0.17647925,0.0040625947121641,0.0,99.99999869538296,0.0,0.0032314684448863
1921.5,149,1,56,0,-55,-1.6763159,0.17647925,0.0040625947121641,0.0,99.99999869538296,0.0,0.0032314684448863
1922.0,150,1,57,0,-56,-1.2309018,0.54157,0.0040625947121641,0.0,99.99999869538296,0.0,0.0032314684448863
1922.5,149,1,56,0,-55,0.4947831,0.0052401684,0.0040625947121641,0.0,99.99999869538296,0.0,0.0032314684448863
1923.0,150,1,57,0,-56,-1.3032085,0.48430768,0.0040625947121641,0.0,99.99999869538296,0.0,0.0032314684448863
1923.5,151,1,58,0,-57,-0.27937987,0.32614493,0.0040625947121641,0.0,99.99999869538296,0.0,0.0032314684448863
1924.0,151,1,58,0,-57,-0.27937987,0.32614493,0.0040625947121641,0.0,99.99999869538296,0.0,0.0032314684448863
1924.5,150,1,57,0,-56,-0.43502837,0.15151693,0.0040625947121641,0.0,99.99999869538296,0.0,0.0032314684448863
1925.0,152,1,57,0,-56,-0.08318254,0.65018994,0.0040625947121641,0.0,99.99999869538296,0.0,0.0032314684448863
1925.5,153,1,58,0,-57,-0.5217774,-0.01909985,0.0040625947121641,0.0,99.99999869538296,0.0,0.0032314684448863
1926.0,153,1,58,0,-57,-0.5217774,-0.01909985,0.0040625947121641,0.0,99.99999869538296,0.0,0.0032314684448863
1926.5,154,1,59,0,-58,-0.40193605,0.3676115,0.0040625947121641,0.0,99.99999869538296,0.0,0.0032314684448863
1927.0,155,1,59,0,-58,-0.42207915,0.51693034,0.0040625947121641,0.0,99.99999869538296,0.0,0.0032314684448863
1927.5,155,1,59,0,-58,-0.42207915,0.51693034,0.0040625947121641,0.0,99.99999869538296,0.0,0.0032314684448863
1928.0,155,1,59,0,-58,-0.42207915,0.51693034,0.0040625947121641,0.0,99.99999869538296,0.0,0.0032314684448863
1928.5,155,1,59,0,-58,-0.42207915,0.51693034,0.0040625947121641,0.0,99.99999869538296,0.0,0.0032314684448863
1929.0,156,1,60,0,-59,-0.439551,0.36423904,0.0040625947121641,0.0,99.99999869538296,0.0,0.0032314684448863
1929.5,155,1,60,0,-59,-0.20733148,0.6299633,0.0040625947121641,0.0,99.99999869538296,0.0,0.0032314684448863
1930.0,156,1,58,0,-57,-1.384438,0.5721176,0.0040625947121641,0.0,99.99999869538296,0.0,0.0032314684448863
1930.5,156,1,58,0,-57,-1.384438,0.5721176,0.0040625947121641,0.0,99.99999869538296,0.0,0.0032314684448863
1931.0,156,1,58,0,-57,-1.384438,0.5721176,0.0040625947121641,0.0,99.99999869538296,0.0,0.0032314684448863
1931.5,156,1,58,0,-57,-1.384438,0.5721176,0.0040625947121641,0.0,99.99999869538296,0.0,0.0032314684448863
1932.0,156,1,58,0,-57,-1.384438,0.5721176,0.0040625947121641,0.0,99.99999869538296,0.0,0.0032314684448863
1932.5,155,1,57,0,-56,-1.2650639,0.5475772,0.0040625947121641,0.0,99.99999869538296,0.0,0.0032314684448863
1933.0,155,1,57,0,-56,-1.2650639,0.5475772,0.0040625947121641,0.0,99.99999869538296,0.0,0.0032314684448863
1933.5,155,1,57,0,-56,-1.2650639,0.5475772,0.0040625947121641,0.0,99.99999869538296,0.0,0.0032314684448863
1934.0,155,1,57,0,-56,-1.2650639,0.5475772,0.0040625947121641,0.0,99.99999869538296,0.0,0.0032314684448863
1934.5,154,1,56,0,-55,0.21417,-0.33635277,0.0040625947121641,0.0,99.99999869538296,0.0,0.0032314684448863
1935.0,153,1,55,0,-54,-0.06989467,-0.8056748,0.0040625947121641,0.0,99.99999869538296,0.0,0.0032314684448863
1935.5,153,1,55,0,-54,-0.06989467,-0.8056748,0.0040625947121641,0.0,99.99999869538296,0.0,0.0032314684448863
1936.0,153,1,55,0,-54,-0.06989467,-0.8056748,0.0040625947121641,0.0,99.99999869538296,0.0,0.0032314684448863
1936.5,151,1,56,0,-55,0.35348457,0.1161377,0.0040625947121641,0.0,99.99999869538296,0.0,0.0032314684448863
1937.0,152,1,56,0,-55,0.5154519,0.39323398,0.0040625947121641,0.0,99.99999869538296,0.0,0.0032314684448863
1937.5,151,1,56,0,-55,0.6629956,0.5833716,0.0040625947121641,0.0,99.99999869538296,0.0,0.0032314684448863
1938.0,150,1,56,0,-55,-1.2415582,0.9538578,0.0040625947121641,0.0,99.99999869538296,0.0,0.0032314684448863
1938.5,150,1,56,0,-55,-1.2415582,0.9538578,0.0040625947121641,0.0,99.99999869538296,0.0,0.0032314684448863
1939.0,150,1,56,0,-55,-1.2415582,0.9538578,0.0040625947121641,0.0,99.99999869538296,0.0,0.0032314684448863
1939.5,149,1,55,0,-54,0.45669413,0.08258365,0.0040625947121641,0.0,99.99999869538296,0.0,0.0032314684448863
1940.0,149,1,55,0,-54,0.54169804,0.59935,0.0040625947121641,0.0,99.99999869538296,0.0,0.0032314684448863
1940.5,152,1,57,0,-56,-0.55051655,0.52394336,0.0040625947121641,0.0,99.99999869538296,0.0,0.0032314684448863
1941.0,153,1,58,0,-57,-0.2669825,0.43341705,0.0040625947121641,0.0,99.99999869538296,0.0,0.0032314684448863
1941.5,151,1,58,0,-57,-0.24557453,0.466633,0.0040625947121641,0.0,99.99999869538296,0.0,0.0032314684448863
1942.0,151,1,58,0,-57,-0.24557453,0.466633,0.0040625947121641,0.0,99.99999869538296,0.0,0.0032314684448863
1942.5,151,1,58,0,-57,-0.24557453,0.466633,0.0040625947121641,0.0,99.99999869538296,0.0,0.0032314684448863
1943.0,151,1,58,0,-57,-0.24557453,0.466633,0.0040625947121641,0.0,99.99999869538296,0.0,0.0032314684448863
1943.5,154,1,60,0,-59,-0.57219005,0.24622187,0.0040625947121641,0.0,99.99999869538296,0.0,0.0032314684448863
1944.0,156,1,60,0,-59,0.6096017,0.28032163,0.0040625947121641,0.0,99.99999869538296,0.0,0.0032314684448863
1944.5,156,1,60,0,-59,0.6096017,0.28032163,0.0040625947121641,0.0,99.99999869538296,0.0,0.0032314684448863
1945.0,156,1,60,0,-59,0.6096017,0.28032163,0.0040625947121641,0.0,99.99999869538296,0.0,0.0032314684448863
1945.5,155,1,59,0,-58,0.31172043,0.18403886,0.0040625947121641,0.0,99.99999869538296,0.0,0.0032314684448863
1946.0,155,1,59,0,-58,0.31172043,0.18403886,0.0040625947121641,0.0,99.99999869538296,0.0,0.0032314684448863
1946.5,155,1,59,0,-58,0.31172043,0.18403886,0.0040625947121641,0.0,99.99999869538296,0.0,0.0032314684448863
1947.0,155,1,59,0,-58,0.31172043,0.18403886,0.0040625947121641,0.0,99.99999869538296,0.0,0.0032314684448863
1947.5,155,1,59,0,-58,0.31172043,0.18403886,0.0040625947121641,0.0,99.99999869538296,0.0,0.0032314684448863
1948.0,154,1,59,0,-58,-0.50913626,0.5976528,0.0040625947121641,0.0,99.99999869538296,0.0,0.0032314684448863
1948.5,154,1,59,0,-58,-0.50913626,0.5976528,0.0040625947121641,0.0,99.99999869538296,0.0,0.0032314684448863
1949.0,155,1,60,0,-59,1.4206344,0.3363598,0.0040625947121641,0.0,99.99999869538296,0.0,0.0032314684448863
1949.5,154,1,59,0,-58,1.3123813,0.21107516,0.0040625947121641,0.0,99.99999869538296,0.0,0.0032314684448863
1950.0,154,1,59,0,-58,1.3123813,0.21107516,0.0040625947121641,0.0,99.99999869538296,0.0,0.0032314684448863
1950.5,154,1,59,0,-58,1.3123813,0.21107516,0.0040625947121641,0.0,99.99999869538296,0.0,0.0032314684448863
1951.0,156,1,60,0,-59,-0.17981896,-1.185138,0.0040625947121641,0.0,99.99999869538296,0.0,0.0032314684448863
1951.5,155,1,59,0,-58,-0.684532,0.21566463,0.0040625947121641,0.0,99.99999869538296,0.0,0.0032314684448863
1952.0,154,1,58,0,-57,-0.48706913,0.35639054,0.0040625947121641,0.0,99.99999869538296,0.0,0.0032314684448863
1952.5,154,1,59,0,-58,-0.36626387,0.31333163,0.0040625947121641,0.0,99.99999869538296,0.0,0.0032314684448863
1953.0,154,1,59,0,-58,-1.2854356,0.46328375,0.0040625947121641,0.0,99.99999869538296,0.0,0.0032314684448863
1953.5,154,1,59,0,-58,-1.2854356,0.46328375,0.0040625947121641,0.0,99.99999869538296,0.0,0.0032314684448863
1954.0,153,1,59,0,-58,-1.4204835,0.4496473,0.0040625947121641,0.0,99.99999869538296,0.0,0.0032314684448863
1954.5,153,1,59,0,-58,-1.4204835,0.4496473,0.0040625947121641,0.0,99.99999869538296,0.0,0.0032314684448863
1955.0,152,1,58,0,-57,-1.2940662,0.3211643,0.0040625947121641,0.0,99.99999869538296,0.0,0.0032314684448863
1955.5,152,1,58,0,-57,-1.2940662,0.3211643,0.0040625947121641,0.0,99.99999869538296,0.0,0.0032314684448863
1956.0,153,1,58,0,-57,-0.5912855,0.25857118,0.0040625947121641,0.0,99.99999869538296,0.0,0.0032314684448863
1956.5,153,1,58,0,-57,-0.5912855,0.25857118,0.0040625947121641,0.0,99.99999869538296,0.0,0.0032314684448863
1957.0,152,1,58,0,-57,-0.5888335,0.52741027,0.0040625947121641,0.0,99.99999869538296,0.0,0.0032314684448863
1957.5,152,1,58,0,-57,-0.5888335,0.52741027,0.0040625947121641,0.0,99.99999869538296,0.0,0.0032314684448863
1958.0,152,1,58,0,-57,-0.5888335,0.52741027,0.0040625947121641,0.0,99.99999869538296,0.0,0.0032314684448863
1958.5,152,1,59,0,-58,-0.004625313,-0.89756805,0.0040625947121641,0.0,99.99999869538296,0.0,0.0032314684448863
1959.0,153,1,59,0,-58,-0.29251873,-1.1904167,0.0040625947121641,0.0,99.99999869538296,0.0,0.0032314684448863
1959.5,153,1,59,0,-58,-0.09960134,-1.3202397,0.0040625947121641,0.0,99.99999869538296,0.0,0.0032314684448863
1960.0,154,1,59,0,-58,0.084517464,-0.9279437,0.0040625947121641,0.0,99.99999869538296,0.0,0.0032314684448863
1960.5,154,1,59,0,-58,0.084517464,-0.9279437,0.0040625947121641,0.0,99.99999869538296,0.0,0.0032314684448863
1961.0,154,1,59,0,-58,0.084517464,-0.9279437,0.0040625947121641,0.0,99.99999869538296,0.0,0.0032314684448863
1961.5,154,1,59,0,-58,0.084517464,-0.9279437,0.0040625947121641,0.0,99.99999869538296,0.0,0.0032314684448863
1962.0,153,1,58,0,-57,1.4782245,0.41599447,0.0040625947121641,0.0,99.99999869538296,0.0,0.0032314684448863
1962.5,153,1,58,0,-57,1.4782245,0.41599447,0.0040625947121641,0.0,99.99999869538296,0.0,0.0032314684448863
1963.0,153,1,58,0,-57,1.4782245,0.41599447,0.0040625947121641,0.0,99.99999869538296,0.0,0.0032314684448863
1963.5,152,1,58,0,-57,1.5269886,0.525033,0.0040625947121641,0.0,99.99999869538296,0.0,0.0032314684448863
1964.0,152,1,58,0,-57,1.5269886,0.525033,0.0040625947121641,0.0,99.99999869538296,0.0,0.0032314684448863
1964.5,152,1,58,0,-57,1.5269886,0.525033,0.0040625947121641,0.0,99.99999869538296,0.0,0.0032314684448863
1965.0,151,1,58,0,-57,1.5284568,0.14790511,0.0040625947121641,0.0,99.99999869538296,0.0,0.0032314684448863
1965.5,152,1,58,0,-57,1.4888438,0.34256,0.0040625947121641,0.0,99.99999869538296,0.0,0.0032314684448863
1966.0,154,1,60,0,-59,-0.42744446,0.2652368,0.0040625947121641,0.0,99.99999869538296,0.0,0.0032314684448863
1966.5,153,1,59,0,-58,-0.37615484,0.08665742,0.0040625947121641,0.0,99.99999869538296,0.0,0.0032314684448863
1967.0,153,1,59,0,-58,-0.37615484,0.08665742,0.0040625947121641,0.0,99.99999869538296,0.0,0.0032314684448863
1967.5,153,1,59,0,-58,-0.37615484,0.08665742,0.0040625947121641,0.0,99.99999869538296,0.0,0.0032314684448863
1968.0,152,1,58,0,-57,-0.33256543,0.57553023,0.0040625947121641,0.0,99.99999869538296,0.0,0.0032314684448863
1968.5,152,1,58,0,-57,-0.33256543,0.57553023,0.0040625947121641,0.0,99.99999869538296,0.0,0.0032314684448863
1969.0,150,1,56,0,-55,1.3854047,0.46335876,0.0040625947121641,0.0,99.99999869538296,0.0,0.0032314684448863
1969.5,152,1,58,0,-57,1.5300089,0.25941455,0.0040625947121641,0.0,99.99999869538296,0.0,0.0032314684448863
1970.0,153,1,57,0,-56,1.5442408,0.5815141,0.0040625947121641,0.0,99.99999869538296,0.0,0.0032314684448863
1970.5,153,1,58,0,-57,1.5743583,0.54589415,0.0040625947121641,0.0,99.99999869538296,0.0,0.0032314684448863
1971.0,154,1,59,0,-58,1.4388145,0.40408802,0.0040625947121641,0.0,99.99999869538296,0.0,0.0032314684448863
1971.5,154,1,59,0,-58,1.4388145,0.40408802,0.0040625947121641,0.0,99.99999869538296,0.0,0.0032314684448863
1972.0,154,1,59,0,-58,1.5396105,0.44841862,0.0040625947121641,0.0,99.99999869538296,0.0,0.0032314684448863
1972.5,154,1,59,0,-58,1.5396105,0.44841862,0.0040625947121641,0.0,99.99999869538296,0.0,0.0032314684448863
1973.0,155,1,60,0,-59,-0.6025036,0.41840857,0.0040625947121641,0.0,99.99999869538296,0.0,0.0032314684448863
1973.5,155,1,60,0,-59,-0.6025036,0.41840857,0.0040625947121641,0.0,99.99999869538296,0.0,0.0032314684448863
1974.0,156,1,61,0,-60,-1.4128205,0.4873582,0.0040625947121641,0.0,99.99999869538296,0.0,0.0032314684448863
1974.5,155,1,60,0,-59,-1.2413996,0.25340974,0.0040625947121641,0.0,99.99999869538296,0.0,0.0032314684448863
1975.0,155,1,60,0,-59,-1.2413996,0.25340974,0.0040625947121641,0.0,99.99999869538296,0.0,0.0032314684448863
1975.5,155,1,60,0,-59,-1.2413996,0.25340974,0.0040625947121641,0.0,99.99999869538296,0.0,0.0032314684448863
1976.0,155,1,60,0,-59,-1.2413996,0.25340974,0.0040625947121641,0.0,99.99999869538296,0.0,0.0032314684448863
1976.5,152,1,58,0,-57,-1.3928546,0.4368186,0.0040625947121641,0.0,99.99999869538296,0.0,0.0032314684448863
1977.0,152,1,58,0,-57,-1.3928546,0.4368186,0.0040625947121641,0.0,99.99999869538296,0.0,0.0032314684448863
1977.5,152,1,58,0,-57,-1.3928546,0.4368186,0.0040625947121641,0.0,99.99999869538296,0.0,0.0032314684448863
1978.0,152,1,58,0,-57,-1.3928546,0.4368186,0.0040625947121641,0.0,99.99999869538296,0.0,0.0032314684448863
1978.5,152,1,58,0,-57,-1.3928546,0.4368186,0.0040625947121641,0.0,99.99999869538296,0.0,0.0032314684448863
1979.0,152,1,58,0,-57,-1.3928546,0.4368186,0.0040625947121641,0.0,99.99999869538296,0.0,0.0032314684448863
1979.5,151,1,58,0,-57,-1.4440869,0.5060542,0.0040625947121641,0.0,99.99999869538296,0.0,0.0032314684448863
1980.0,151,1,58,0,-57,-1.4440869,0.5060542,0.0040625947121641,0.0,99.99999869538296,0.0,0.0032314684448863
1980.5,151,1,58,0,-57,0.502109,0.5531827,0.0040625947121641,0.0,99.99999869538296,0.0,0.0032314684448863
1981.0,151,1,58,0,-57,0.502109,0.5531827,0.0040625947121641,0.0,99.99999869538296,0.0,0.0032314684448863
1981.5,151,1,58,0,-57,0.56017834,0.6422429,0.0040625947121641,0.0,99.99999869538296,0.0,0.0032314684448863
1982.0,152,1,59,0,-58,-1.4600557,0.42573643,0.0040625947121641,0.0,99.99999869538296,0.0,0.0032314684448863
1982.5,152,1,59,0,-58,-1.4600557,0.42573643,0.0040625947121641,0.0,99.99999869538296,0.0,0.0032314684448863
1983.0,152,1,59,0,-58,-1.4600557,0.42573643,0.0040625947121641,0.0,99.99999869538296,0.0,0.0032314684448863
1983.5,151,1,58,0,-57,-1.4271322,0.23142938,0.0040625947121641,0.0,99.99999869538296,0.0,0.0032314684448863
1984.0,152,1,58,0,-57,-1.4935228,0.40843695,0.0040625947121641,0.0,99.99999869538296,0.0,0.0032314684448863
1984.5,151,1,57,0,-56,-1.5377101,0.30980554,0.0040625947121641,0.0,99.99999869538296,0.0,0.0032314684448863
1985.0,151,1,57,0,-56,-1.5377101,0.30980554,0.0040625947121641,0.0,99.99999869538296,0.0,0.0032314684448863
1985.5,154,1,59,0,-58,-0.12214904,-1.2140591,0.0040625947121641,0.0,99.99999869538296,0.0,0.0032314684448863
1986.0,153,1,58,0,-57,1.5377637,0.22248784,0.0040625947121641,0.0,99.99999869538296,0.0,0.0032314684448863
1986.5,153,1,58,0,-57,1.5377637,0.22248784,0.0040625947121641,0.0,99.99999869538296,0.0,0.0032314684448863
1987.0,154,1,58,0,-57,1.5303191,0.38837346,0.0040625947121641,0.0,99.99999869538296,0.0,0.0032314684448863
1987.5,155,1,59,0,-58,1.3501738,0.29872847,0.0040625947121641,0.0,99.99999869538296,0.0,0.0032314684448863
1988.0,155,1,59,0,-58,1.3501738,0.29872847,0.0040625947121641,0.0,99.99999869538296,0.0,0.0032314684448863
1988.5,155,1,60,0,-59,1.5741099,0.55382687,0.0040625947121641,0.0,99.99999869538296,0.0,0.0032314684448863
1989.0,154,1,59,0,-58,1.3858161,0.50041515,0.0040625947121641,0.0,99.99999869538296,0.0,0.0032314684448863
1989.5,154,1,59,0,-58,1.3858161,0.50041515,0.0040625947121641,0.0,99.99999869538296,0.0,0.0032314684448863
1990.0,155,1,60,0,-59,1.295505,0.34960282,0.0040625947121641,0.0,99.99999869538296,0.0,0.0032314684448863
1990.5,155,1,60,0,-59,1.295505,0.34960282,0.0040625947121641,0.0,99.99999869538296,0.0,0.0032314684448863
1991.0,155,1,60,0,-59,1.295505,0.34960282,0.0040625947121641,0.0,99.99999869538296,0.0,0.0032314684448863
1991.5,155,1,60,0,-59,1.295505,0.34960282,0.0040625947121641,0.0,99.99999869538296,0.0,0.0032314684448863
1992.0,155,1,60,0,-59,1.295505,0.34960282,0.0040625947121641,0.0,99.99999869538296,0.0,0.0032314684448863
1992.5,155,1,60,0,-59,1.295505,0.34960282,0.0040625947121641,0.0,99.99999869538296,0.0,0.0032314684448863
1993.0,156,1,61,0,-60,1.4027089,0.3416499,0.0040625947121641,0.0,99.99999869538296,0.0,0.0032314684448863
1993.5,156,1,61,0,-60,1.4027089,0.3416499,0.0040625947121641,0.0,99.99999869538296,0.0,0.0032314684448863
1994.0,156,1,61,0,-60,1.4027089,0.3416499,0.0040625947121641,0.0,99.99999869538296,0.0,0.0032314684448863
1994.5,156,1,61,0,-60,1.4014615,0.32416496,0.0040625947121641,0.0,99.99999869538296,0.0,0.0032314684448863
1995.0,157,1,62,0,-61,-0.22507729,-1.3525445,0.0040625947121641,0.0,99.99999869538296,0.0,0.0032314684448863
1995.5,157,1,62,0,-61,-0.15336864,-1.1124723,0.0040625947121641,0.0,99.99999869538296,0.0,0.0032314684448863
1996.0,156,1,62,0,-61,-0.22169001,-1.203419,0.0040625947121641,0.0,99.99999869538296,0.0,0.0032314684448863
1996.5,155,1,61,0,-60,-0.055325314,-1.0416961,0.0040625947121641,0.0,99.99999869538296,0.0,0.0032314684448863
1997.0,155,1,61,0,-60,-0.055325314,-1.0416961,0.0040625947121641,0.0,99.99999869538296,0.0,0.0032314684448863
1997.5,153,1,59,0,-58,1.5921212,0.072726935,0.0040625947121641,0.0,99.99999869538296,0.0,0.0032314684448863
1998.0,153,1,59,0,-58,1.5921212,0.072726935,0.0040625947121641,0.0,99.99999869538296,0.0,0.0032314684448863
1998.5,153,1,59,0,-58,1.5921212,0.072726935,0.0040625947121641,0.0,99.99999869538296,0.0,0.0032314684448863
1999.0,152,1,58,0,-57,1.5366446,0.1664396,0.0040625947121641,0.0,99.99999869538296,0.0,0.0032314684448863
1999.5,153,1,59,0,-58,1.5863355,0.47883308,0.0040625947121641,0.0,99.99999869538296,0.0,0.0032314684448863
2000.0,158,1,62,0,-61,-0.0048926845,-0.9842304,0.0040625947121641,0.0,99.99999869538296,0.0,0.0032314684448863
2000.5,153,1,59,0,-58,1.4434484,0.4526506,0.0040625947121641,0.0,99.99999869538296,0.0,0.0032314684448863
2001.0,154,1,60,0,-59,1.500676,0.55884445,0.0040625947121641,0.0,99.99999869538296,0.0,0.0032314684448863
2001.5,153,1,59,0,-58,1.409917,0.28873748,0.0040625947121641,0.0,99.99999869538296,0.0,0.0032314684448863
2002.0,153,1,59,0,-58,1.5411438,0.056523737,0.0040625947121641,0.0,99.99999869538296,0.0,0.0032314684448863
2002.5,154,1,60,0,-59,1.5198286,0.20816448,0.0040625947121641,0.0,99.99999869538296,0.0,0.0032314684448863
2003.0,154,1,60,0,-59,1.5198286,0.20816448,0.0040625947121641,0.0,99.99999869538296,0.0,0.0032314684448863
2003.5,155,1,61,0,-60,1.565827,0.11872713,0.0040625947121641,0.0,99.99999869538296,0.0,0.0032314684448863
2004.0,155,1,61,0,-60,1.565827,0.11872713,0.0040625947121641,0.0,99.99999869538296,0.0,0.0032314684448863
2004.5,155,1,61,0,-60,1.565827,0.11872713,0.0040625947121641,0.0,99.99999869538296,0.0,0.0032314684448863
2005.0,155,1,61,0,-60,1.565827,0.11872713,0.0040625947121641,0.0,99.99999869538296,0.0,0.0032314684448863
2005.5,155,1,61,0,-60,1.565827,0.11872713,0.0040625947121641,0.0,99.99999869538296,0.0,0.0032314684448863
2006.0,153,1,59,0,-58,1.5415136,0.5841644,0.0040625947121641,0.0,99.99999869538296,0.0,0.0032314684448863
2006.5,153,1,59,0,-58,-0.16741171,-1.051318,0.0040625947121641,0.0,99.99999869538296,0.0,0.0032314684448863
2007.0,154,1,59,0,-58,-0.3140325,-1.0733726,0.0040625947121641,0.0,99.99999869538296,0.0,0.0032314684448863
2007.5,153,1,58,0,-57,0.0061065406,-0.91093266,0.0040625947121641,0.0,99.99999869538296,0.0,0.0032314684448863
2008.0,153,1,58,0,-57,0.0061065406,-0.91093266,0.0040625947121641,0.0,99.99999869538296,0.0,0.0032314684448863
2008.5,152,1,57,0,-56,1.5527093,0.24252564,0.0040625947121641,0.0,99.99999869538296,0.0,0.0032314684448863
2009.0,152,1,57,0,-56,1.5527093,0.24252564,0.0040625947121641,0.0,99.99999869538296,0.0,0.0032314684448863
2009.5,152,1,57,0,-56,1.5527093,0.24252564,0.0040625947121641,0.0,99.99999869538296,0.0,0.0032314684448863
2010.0,152,1,57,0,-56,1.5527093,0.24252564,0.0040625947121641,0.0,99.99999869538296,0.0,0.0032314684448863
2010.5,155,1,59,0,-58,0.08475797,-0.8695759,0.0040625947121641,0.0,99.99999869538296,0.0,0.0032314684448863
2011.0,155,1,59,0,-58,0.08475797,-0.8695759,0.0040625947121641,0.0,99.99999869538296,0.0,0.0032314684448863
2011.5,155,1,59,0,-58,-0.4363438,-1.0602411,0.0040625947121641,0.0,99.99999869538296,0.0,0.0032314684448863
2012.0,154,1,58,0,-57,-0.025405638,-1.0981939,0.0040625947121641,0.0,99.99999869538296,0.0,0.0032314684448863
2012.5,154,1,58,0,-57,-0.025405638,-1.0981939,0.0040625947121641,0.0,99.99999869538296,0.0,0.0032314684448863
2013.0,150,1,55,0,-54,-1.5089226,0.13490295,0.0040625947121641,0.0,99.99999869538296,0.0,0.0032314684448863
2013.5,150,1,55,0,-54,-1.5147898,0.4396335,0.0040625947121641,0.0,99.99999869538296,0.0,0.0032314684448863
2014.0,150,1,55,0,-54,-1.5147898,0.4396335,0.0040625947121641,0.0,99.99999869538296,0.0,0.0032314684448863
2014.5,149,1,55,0,-54,0.5442136,0.44339198,0.0040625947121641,0.0,99.99999869538296,0.0,0.0032314684448863
2015.0,149,1,55,0,-54,-0.15535296,-1.2203939,0.0040625947121641,0.0,99.99999869538296,0.0,0.0032314684448863
2015.5,149,1,55,0,-54,-0.15535296,-1.2203939,0.0040625947121641,0.0,99.99999869538296,0.0,0.0032314684448863
2016.0,147,1,54,0,-53,0.56332344,0.40196937,0.0040625947121641,0.0,99.99999869538296,0.0,0.0032314684448863
2016.5,147,1,54,0,-53,0.56332344,0.40196937,0.0040625947121641,0.0,99.99999869538296,0.0,0.0032314684448863
2017.0,147,1,54,0,-53,0.023968503,-1.0747051,0.0040625947121641,0.0,99.99999869538296,0.0,0.0032314684448863
2017.5,147,1,54,0,-53,0.023968503,-1.0747051,0.0040625947121641,0.0,99.99999869538296,0.0,0.0032314684448863
2018.0,146,1,54,0,-53,0.583695,0.52639455,0.0040625947121641,0.0,99.99999869538296,0.0,0.0032314684448863
2018.5,144,1,53,0,-52,-0.48724073,0.49343595,0.0040625947121641,0.0,99.99999869538296,0.0,0.0032314684448863
2019.0,145,1,53,0,-52,-1.4072095,0.674608,0.0040625947121641,0.0,99.99999869538296,0.0,0.0032314684448863
2019.5,144,1,52,0,-51,-1.5017183,0.23959221,0.0040625947121641,0.0,99.99999869538296,0.0,0.0032314684448863
2020.0,144,1,52,0,-51,-1.5017183,0.23959221,0.0040625947121641,0.0,99.99999869538296,0.0,0.0032314684448863
2020.5,144,1,52,0,-51,-1.5017183,0.23959221,0.0040625947121641,0.0,99.99999869538296,0.0,0.0032314684448863
2021.0,144,1,52,0,-51,-1.5017183,0.23959221,0.0040625947121641,0.0,99.99999869538296,0.0,0.0032314684448863
2021.5,144,1,52,0,-51,-1.5017183,0.23959221,0.0040625947121641,0.0,99.99999869538296,0.0,0.0032314684448863
2022.0,144,1,52,0,-51,-1.5017183,0.23959221,0.0040625947121641,0.0,99.99999869538296,0.0,0.0032314684448863
2022.5,147,1,54,0,-53,1.722263,0.3465632,0.0040625947121641,0.0,99.99999869538296,0.0,0.0032314684448863
2023.0,147,1,54,0,-53,1.722263,0.3465632,0.0040625947121641,0.0,99.99999869538296,0.0,0.0032314684448863
2023.5,146,1,53,0,-52,1.6359284,0.1284003,0.0040625947121641,0.0,99.99999869538296,0.0,0.0032314684448863
2024.0,147,1,54,0,-53,-0.39647102,0.44167,0.0040625947121641,0.0,99.99999869538296,0.0,0.0032314684448863
2024.5,147,1,54,0,-53,-0.39647102,0.44167,0.0040625947121641,0.0,99.99999869538296,0.0,0.0032314684448863
2025.0,147,1,54,0,-53,-0.39647102,0.44167,0.0040625947121641,0.0,99.99999869538296,0.0,0.0032314684448863
2025.5,147,1,54,0,-53,-0.39647102,0.44167,0.0040625947121641,0.0,99.99999869538296,0.0,0.0032314684448863
2026.0,148,1,55,0,-54,1.6234084,0.6416477,0.0040625947121641,0.0,99.99999869538296,0.0,0.0032314684448863
2026.5,149,1,56,0,-55,1.650107,0.57295156,0.0040625947121641,0.0,99.99999869538296,0.0,0.0032314684448863
2027.0,150,1,57,0,-56,-0.11079946,-1.2534033,0.0040625947121641,0.0,99.99999869538296,0.0,0.0032314684448863
2027.5,150,1,57,0,-56,-0.11079946,-1.2534033,0.0040625947121641,0.0,99.99999869538296,0.0,0.0032314684448863
2028.0,150,1,57,0,-56,-0.11079946,-1.2534033,0.0040625947121641,0.0,99.99999869538296,0.0,0.0032314684448863
2028.5,151,1,57,0,-56,1.3901204,0.44391122,0.0040625947121641,0.0,99.99999869538296,0.0,0.0032314684448863
2029.0,151,1,57,0,-56,1.5660976,0.5521881,0.0040625947121641,0.0,99.99999869538296,0.0,0.0032314684448863
2029.5,150,1,57,0,-56,1.6063236,0.44269878,0.0040625947121641,0.0,99.99999869538296,0.0,0.0032314684448863
2030.0,151,1,58,0,-57,1.5249196,0.58244854,0.0040625947121641,0.0,99.99999869538296,0.0,0.0032314684448863
2030.5,152,1,59,0,-58,1.2774562,0.5039883,0.0040625947121641,0.0,99.99999869538296,0.0,0.0032314684448863
2031.0,153,1,60,0,-59,-0.22022632,0.52846247,0.0040625947121641,0.0,99.99999869538296,0.0,0.0032314684448863
2031.5,153,1,60,0,-59,-0.22022632,0.52846247,0.0040625947121641,0.0,99.99999869538296,0.0,0.0032314684448863
2032.0,154,1,61,0,-60,0.09814553,-1.1286862,0.0040625947121641,0.0,99.99999869538296,0.0,0.0032314684448863
2032.5,154,1,61,0,-60,0.09814553,-1.1286862,0.0040625947121641,0.0,99.99999869538296,0.0,0.0032314684448863
2033.0,154,1,61,0,-60,0.09814553,-1.1286862,0.0040625947121641,0.0,99.99999869538296,0.0,0.0032314684448863
2033.5,153,1,60,0,-59,-0.1306043,-0.7879262,0.0040625947121641,0.0,99.99999869538296,0.0,0.0032314684448863
2034.0,154,1,60,0,-59,1.3338133,0.4819952,0.0040625947121641,0.0,99.99999869538296,0.0,0.0032314684448863
2034.5,154,1,60,0,-59,1.3338133,0.4819952,0.0040625947121641,0.0,99.99999869538296,0.0,0.0032314684448863
2035.0,155,1,61,0,-60,-1.3829516,0.45088202,0.0040625947121641,0.0,99.99999869538296,0.0,0.0032314684448863
2035.5,155,1,61,0,-60,-1.3829516,0.45088202,0.0040625947121641,0.0,99.99999869538296,0.0,0.0032314684448863
2036.0,155,1,62,0,-61,0.4817741,0.38200468,0.0040625947121641,0.0,99.99999869538296,0.0,0.0032314684448863
2036.5,156,1,62,0,-61,-1.3141499,0.3463248,0.0040625947121641,0.0,99.99999869538296,0.0,0.0032314684448863
2037.0,156,1,62,0,-61,-1.3141499,0.3463248,0.0040625947121641,0.0,99.99999869538296,0.0,0.0032314684448863
2037.5,156,1,62,0,-61,-1.3141499,0.3463248,0.0040625947121641,0.0,99.99999869538296,0.0,0.0032314684448863
2038.0,156,1,62,0,-61,-1.3141499,0.3463248,0.0040625947121641,0.0,99.99999869538296,0.0,0.0032314684448863
2038.5,156,1,62,0,-61,-1.3141499,0.3463248,0.0040625947121641,0.0,99.99999869538296,0.0,0.0032314684448863
2039.0,156,1,62,0,-61,-1.3141499,0.3463248,0.0040625947121641,0.0,99.99999869538296,0.0,0.0032314684448863
2039.5,156,1,62,0,-61,-1.3141499,0.3463248,0.0040625947121641,0.0,99.99999869538296,0.0,0.0032314684448863
2040.0,156,1,62,0,-61,-1.2363228,0.30092043,0.0040625947121641,0.0,99.99999869538296,0.0,0.0032314684448863
2040.5,155,1,61,0,-60,-1.3804685,0.18440008,0.0040625947121641,0.0,99.99999869538296,0.0,0.0032314684448863
2041.0,155,1,61,0,-60,-1.3804685,0.18440008,0.0040625947121641,0.0,99.99999869538296,0.0,0.0032314684448863
2041.5,155,1,60,0,-59,-1.4822692,0.13775924,0.0040625947121641,0.0,99.99999869538296,0.0,0.0032314684448863
2042.0,154,1,59,0,-58,-1.5562717,0.2831669,0.0040625947121641,0.0,99.99999869538296,0.0,0.0032314684448863
2042.5,151,1,57,0,-56,-0.35948068,0.37787184,0.0040625947121641,0.0,99.99999869538296,0.0,0.0032314684448863
2043.0,151,1,57,0,-56,-0.35948068,0.37787184,0.0040625947121641,0.0,99.99999869538296,0.0,0.0032314684448863
2043.5,151,1,57,0,-56,-0.35948068,0.37787184,0.0040625947121641,0.0,99.99999869538296,0.0,0.0032314684448863
2044.0,152,1,58,0,-57,-0.3337739,0.4816051,0.0040625947121641,0.0,99.99999869538296,0.0,0.0032314684448863
2044.5,152,1,58,0,-57,-0.3337739,0.4816051,0.0040625947121641,0.0,99.99999869538296,0.0,0.0032314684448863
2045.0,151,1,58,0,-57,-0.15043968,0.23533878,0.0040625947121641,0.0,99.99999869538296,0.0,0.0032314684448863
2045.5,152,1,58,0,-57,-0.32980806,0.54669845,0.0040625947121641,0.0,99.99999869538296,0.0,0.0032314684448863
2046.0,152,1,58,0,-57,0.43232632,-0.81312215,0.0040625947121641,0.0,99.99999869538296,0.0,0.0032314684448863
2046.5,153,1,59,0,-58,-0.052101567,0.23440063,0.0040625947121641,0.0,99.99999869538296,0.0,0.0032314684448863
2047.0,154,1,59,0,-58,-0.14251311,0.15667774,0.0040625947121641,0.0,99.99999869538296,0.0,0.0032314684448863
2047.5,153,1,59,0,-58,-0.2825731,0.4753518,0.0040625947121641,0.0,99.99999869538296,0.0,0.0032314684448863
2048.0,154,1,59,0,-58,-0.1452019,0.49811816,0.0040625947121641,0.0,99.99999869538296,0.0,0.0032314684448863
2048.5,153,1,58,0,-57,0.24477182,-0.50086623,0.0040625947121641,0.0,99.99999869538296,0.0,0.0032314684448863
2049.0,154,1,58,0,-57,0.29392982,-0.451194,0.0040625947121641,0.0,99.99999869538296,0.0,0.0032314684448863
2049.5,154,1,58,0,-57,0.29392982,-0.451194,0.0040625947121641,0.0,99.99999869538296,0.0,0.0032314684448863
2050.0,154,1,58,0,-57,0.29392982,-0.451194,0.0040625947121641,0.0,99.99999869538296,0.0,0.0032314684448863
2050.5,153,1,58,0,-57,-0.23569554,0.5234787,0.0040625947121641,0.0,99.99999869538296,0.0,0.0032314684448863
2051.0,153,1,59,0,-58,0.06481235,-1.0066457,0.0040625947121641,0.0,99.99999869538296,0.0,0.0032314684448863
2051.5,153,1,60,0,-59,-0.45672113,0.41897187,0.0040625947121641,0.0,99.99999869538296,0.0,0.0032314684448863
2052.0,154,1,61,0,-60,-1.4464201,0.05193449,0.0040625947121641,0.0,99.99999869538296,0.0,0.0032314684448863
2052.5,154,1,61,0,-60,-1.4464201,0.05193449,0.0040625947121641,0.0,99.99999869538296,0.0,0.0032314684448863
2053.0,153,1,61,0,-60,-0.41742563,0.423777,0.0040625947121641,0.0,99.99999869538296,0.0,0.0032314684448863
2053.5,153,1,61,0,-60,-0.41742563,0.423777,0.0040625947121641,0.0,99.99999869538296,0.0,0.0032314684448863
2054.0,153,1,61,0,-60,-0.41742563,0.423777,0.0040625947121641,0.0,99.99999869538296,0.0,0.0032314684448863
2054.5,153,1,61,0,-60,-0.41742563,0.423777,0.0040625947121641,0.0,99.99999869538296,0.0,0.0032314684448863
2055.0,151,1,59,0,-58,0.5675859,0.1669584,0.0040625947121641,0.0,99.99999869538296,0.0,0.0032314684448863
2055.5,151,1,59,0,-58,0.5675859,0.1669584,0.0040625947121641,0.0,99.99999869538296,0.0,0.0032314684448863
2056.0,154,1,61,0,-60,-0.46635497,0.2196909,0.0040625947121641,0.0,99.99999869538296,0.0,0.0032314684448863
2056.5,155,1,62,0,-61,-0.51592547,0.42978525,0.0040625947121641,0.0,99.99999869538296,0.0,0.0032314684448863
2057.0,155,1,62,0,-61,-0.51592547,0.42978525,0.0040625947121641,0.0,99.99999869538296,0.0,0.0032314684448863
2057.5,156,1,63,0,-62,-0.42578083,0.25645792,0.0040625947121641,0.0,99.99999869538296,0.0,0.0032314684448863
2058.0,155,1,60,0,-59,-0.025757067,-0.9985564,0.0040625947121641,0.0,99.99999869538296,0.0,0.0032314684448863
2058.5,155,1,60,0,-59,-0.025757067,-0.9985564,0.0040625947121641,0.0,99.99999869538296,0.0,0.0032314684448863
2059.0,155,1,59,0,-58,-1.3828071,0.5346421,0.0040625947121641,0.0,99.99999869538296,0.0,0.0032314684448863
2059.5,154,1,58,0,-57,0.67088366,0.32008034,0.0040625947121641,0.0,99.99999869538296,0.0,0.0032314684448863
2060.0,155,1,59,0,-58,-1.5873623,0.13203111,0.0040625947121641,0.0,99.99999869538296,0.0,0.0032314684448863
2060.5,155,1,59,0,-58,-1.5873623,0.13203111,0.0040625947121641,0.0,99.99999869538296,0.0,0.0032314684448863
2061.0,154,1,58,0,-57,-1.5611805,-0.016664293,0.0040625947121641,0.0,99.99999869538296,0.0,0.0032314684448863
2061.5,154,1,58,0,-57,-1.5611805,-0.016664293,0.0040625947121641,0.0,99.99999869538296,0.0,0.0032314684448863
2062.0,154,1,58,0,-57,-1.4998305,0.34896886,0.0040625947121641,0.0,99.99999869538296,0.0,0.0032314684448863
2062.5,154,1,58,0,-57,-1.4998305,0.34896886,0.0040625947121641,0.0,99.99999869538296,0.0,0.0032314684448863
2063.0,155,1,59,0,-58,1.5476907,0.17322609,0.0040625947121641,0.0,99.99999869538296,0.0,0.0032314684448863
2063.5,155,1,59,0,-58,1.5476907,0.17322609,0.0040625947121641,0.0,99.99999869538296,0.0,0.0032314684448863
2064.0,157,1,61,0,-60,1.6033423,0.2748706,0.0040625947121641,0.0,99.99999869538296,0.0,0.0032314684448863
2064.5,157,1,61,0,-60,1.4896373,0.42249334,0.0040625947121641,0.0,99.99999869538296,0.0,0.0032314684448863
2065.0,156,1,60,0,-59,1.446175,0.406654,0.0040625947121641,0.0,99.99999869538296,0.0,0.0032314684448863
2065.5,156,1,60,0,-59,1.446175,0.406654,0.0040625947121641,0.0,99.99999869538296,0.0,0.0032314684448863
2066.0,156,1,60,0,-59,1.446175,0.406654,0.0040625947121641,0.0,99.99999869538296,0.0,0.0032314684448863
2066.5,156,1,60,0,-59,1.446175,0.406654,0.0040625947121641,0.0,99.99999869538296,0.0,0.0032314684448863
2067.0,156,1,61,0,-60,1.5015665,0.26626557,0.0040625947121641,0.0,99.99999869538296,0.0,0.0032314684448863
2067.5,156,1,61,0,-60,1.5015665,0.26626557,0.0040625947121641,0.0,99.99999869538296,0.0,0.0032314684448863
2068.0,156,1,61,0,-60,1.5015665,0.26626557,0.0040625947121641,0.0,99.99999869538296,0.0,0.0032314684448863
2068.5,157,1,62,0,-61,-0.049014676,-1.0241288,0.0040625947121641,0.0,99.99999869538296,0.0,0.0032314684448863
2069.0,158,1,63,0,-62,-1.4166843,0.087595955,0.0040625947121641,0.0,99.99999869538296,0.0,0.0032314684448863
2069.5,158,1,63,0,-62,-1.4166843,0.087595955,0.0040625947121641,0.0,99.99999869538296,0.0,0.0032314684448863
2070.0,158,1,63,0,-62,-1.4166843,0.087595955,0.0040625947121641,0.0,99.99999869538296,0.0,0.0032314684448863
2070.5,157,1,62,0,-61,-1.5262371,0.099359855,0.0040625947121641,0.0,99.99999869538296,0.0,0.0032314684448863
2071.0,155,1,60,0,-59,0.4866001,0.26537287,0.0040625947121641,0.0,99.99999869538296,0.0,0.0032314684448863
2071.5,156,1,61,0,-60,-0.53726053,0.3555205,0.0040625947121641,0.0,99.99999869538296,0.0,0.0032314684448863
2072.0,156,1,61,0,-60,-0.53726053,0.3555205,0.0040625947121641,0.0,99.99999869538296,0.0,0.0032314684448863
2072.5,155,1,60,0,-59,-0.44713134,0.39937663,0.0040625947121641,0.0,99.99999869538296,0.0,0.0032314684448863
2073.0,154,1,59,0,-58,-1.4101344,0.4304635,0.0040625947121641,0.0,99.99999869538296,0.0,0.0032314684448863
2073.5,154,1,59,0,-58,-1.4101344,0.4304635,0.0040625947121641,0.0,99.99999869538296,0.0,0.0032314684448863
2074.0,155,1,59,0,-58,1.4847149,0.40732157,0.0040625947121641,0.0,99.99999869538296,0.0,0.0032314684448863
2074.5,155,1,59,0,-58,1.4847149,0.40732157,0.0040625947121641,0.0,99.99999869538296,0.0,0.0032314684448863
2075.0,155,1,59,0,-58,1.4847149,0.40732157,0.0040625947121641,0.0,99.99999869538296,0.0,0.0032314684448863
2075.5,155,1,59,0,-58,1.473195,0.56784177,0.0040625947121641,0.0,99.99999869538296,0.0,0.0032314684448863
2076.0,156,1,60,0,-59,1.4489514,0.6278667,0.0040625947121641,0.0,99.99999869538296,0.0,0.0032314684448863
2076.5,156,1,60,0,-59,1.4489514,0.6278667,0.0040625947121641,0.0,99.99999869538296,0.0,0.0032314684448863
2077.0,156,1,60,0,-59,1.4489514,0.6278667,0.0040625947121641,0.0,99.99999869538296,0.0,0.0032314684448863
2077.5,157,1,61,0,-60,1.3704935,0.64014155,0.0040625947121641,0.0,99.99999869538296,0.0,0.0032314684448863
2078.0,155,1,61,0,-60,1.4110429,0.73561466,0.0040625947121641,0.0,99.99999869538296,0.0,0.0032314684448863
2078.5,155,1,61,0,-60,1.3814212,0.52189445,0.0040625947121641,0.0,99.99999869538296,0.0,0.0032314684448863
2079.0,155,1,61,0,-60,1.3814212,0.52189445,0.0040625947121641,0.0,99.99999869538296,0.0,0.0032314684448863
2079.5,156,1,60,0,-59,1.5150477,0.4629961,0.0040625947121641,0.0,99.99999869538296,0.0,0.0032314684448863
2080.0,156,1,60,0,-59,1.5150477,0.4629961,0.0040625947121641,0.0,99.99999869538296,0.0,0.0032314684448863
2080.5,155,1,59,0,-58,1.5101085,0.3687044,0.0040625947121641,0.0,99.99999869538296,0.0,0.0032314684448863
2081.0,155,1,59,0,-58,1.5101085,0.3687044,0.0040625947121641,0.0,99.99999869538296,0.0,0.0032314684448863
2081.5,156,1,60,0,-59,-0.10260059,-1.0037247,0.0040625947121641,0.0,99.99999869538296,0.0,0.0032314684448863
2082.0,156,1,60,0,-59,-0.10260059,-1.0037247,0.0040625947121641,0.0,99.99999869538296,0.0,0.0032314684448863
2082.5,155,1,60,0,-59,1.5587891,0.18534034,0.0040625947121641,0.0,99.99999869538296,0.0,0.0032314684448863
2083.0,155,1,60,0,-59,1.5424265,0.25243023,0.0040625947121641,0.0,99.99999869538296,0.0,0.0032314684448863
2083.5,156,1,61,0,-60,-0.38891727,0.09226976,0.0040625947121641,0.0,99.99999869538296,0.0,0.0032314684448863
2084.0,155,1,60,0,-59,-0.3921982,0.18577953,0.0040625947121641,0.0,99.99999869538296,0.0,0.0032314684448863
2084.5,155,1,60,0,-59,-0.14849399,0.3622352,0.0040625947121641,0.0,99.99999869538296,0.0,0.0032314684448863
2085.0,154,1,60,0,-59,0.5256111,0.33791518,0.0040625947121641,0.0,99.99999869538296,0.0,0.0032314684448863
2085.5,154,1,60,0,-59,0.5256111,0.33791518,0.0040625947121641,0.0,99.99999869538296,0.0,0.0032314684448863
2086.0,153,1,60,0,-59,-1.3670977,0.23825827,0.0040625947121641,0.0,99.99999869538296,0.0,0.0032314684448863
2086.5,154,1,61,0,-60,-0.36864442,0.47630703,0.0040625947121641,0.0,99.99999869538296,0.0,0.0032314684448863
2087.0,154,1,61,0,-60,-0.36864442,0.47630703,0.0040625947121641,0.0,99.99999869538296,0.0,0.0032314684448863
2087.5,154,1,61,0,-60,-0.36864442,0.47630703,0.0040625947121641,0.0,99.99999869538296,0.0,0.0032314684448863
2088.0,153,1,60,0,-59,-1.4401559,0.3219517,0.0040625947121641,0.0,99.99999869538296,0.0,0.0032314684448863
2088.5,153,1,60,0,-59,-1.4401559,0.3219517,0.0040625947121641,0.0,99.99999869538296,0.0,0.0032314684448863
2089.0,152,1,59,0,-58,0.59844404,0.29101866,0.0040625947121641,0.0,99.99999869538296,0.0,0.0032314684448863
2089.5,152,1,59,0,-58,0.59844404,0.29101866,0.0040625947121641,0.0,99.99999869538296,0.0,0.0032314684448863
2090.0,151,1,59,0,-58,0.52267873,0.49203676,0.0040625947121641,0.0,99.99999869538296,0.0,0.0032314684448863
2090.5,151,1,59,0,-58,0.52267873,0.49203676,0.0040625947121641,0.0,99.99999869538296,0.0,0.0032314684448863
2091.0,151,1,59,0,-58,0.52267873,0.49203676,0.0040625947121641,0.0,99.99999869538296,0.0,0.0032314684448863
2091.5,149,1,58,0,-57,0.16810636,-1.2728741,0.0040625947121641,0.0,99.99999869538296,0.0,0.0032314684448863
2092.0,150,1,59,0,-58,0.26124763,-1.2701515,0.0040625947121641,0.0,99.99999869538296,0.0,0.0032314684448863
2092.5,150,1,59,0,-58,0.26124763,-1.2701515,0.0040625947121641,0.0,99.99999869538296,0.0,0.0032314684448863
2093.0,150,1,59,0,-58,0.26124763,-1.2701515,0.0040625947121641,0.0,99.99999869538296,0.0,0.0032314684448863
2093.5,156,1,62,0,-61,1.6101593,0.19440557,0.0040625947121641,0.0,99.99999869538296,0.0,0.0032314684448863
2094.0,156,1,62,0,-61,-1.5469066,0.43691343,0.0040625947121641,0.0,99.99999869538296,0.0,0.0032314684448863
2094.5,156,1,62,0,-61,-1.5469066,0.43691343,0.0040625947121641,0.0,99.99999869538296,0.0,0.0032314684448863
2095.0,156,1,63,0,-62,1.6347598,0.311558,0.0040625947121641,0.0,99.99999869538296,0.0,0.0032314684448863
2095.5,156,1,63,0,-62,1.6347598,0.311558,0.0040625947121641,0.0,99.99999869538296,0.0,0.0032314684448863
2096.0,156,1,63,0,-62,1.6347598,0.311558,0.0040625947121641,0.0,99.99999869538296,0.0,0.0032314684448863
2096.5,154,1,61,0,-60,-1.2933387,0.27086353,0.0040625947121641,0.0,99.99999869538296,0.0,0.0032314684448863
2097.0,155,1,61,0,-60,-1.3023437,0.03722234,0.0040625947121641,0.0,99.99999869538296,0.0,0.0032314684448863
2097.5,155,1,61,0,-60,-1.3023437,0.03722234,0.0040625947121641,0.0,99.99999869538296,0.0,0.0032314684448863
2098.0,155,1,61,0,-60,-1.3023437,0.03722234,0.0040625947121641,0.0,99.99999869538296,0.0,0.0032314684448863
2098.5,155,1,61,0,-60,-1.3023437,0.03722234,0.0040625947121641,0.0,99.99999869538296,0.0,0.0032314684448863
2099.0,154,1,60,0,-59,-0.22950792,0.16857404,0.0040625947121641,0.0,99.99999869538296,0.0,0.0032314684448863
2099.5,154,1,59,0,-58,0.39348233,-1.140739,0.0040625947121641,0.0,99.99999869538296,0.0,0.0032314684448863
2100.0,154,1,59,0,-58,0.39348233,-1.140739,0.0040625947121641,0.0,99.99999869538296,0.0,0.0032314684448863
2100.5,154,1,59,0,-58,0.39348233,-1.140739,0.0040625947121641,0.0,99.99999869538296,0.0,0.0032314684448863
2101.0,153,1,59,0,-58,0.11688529,-1.2445469,0.0040625947121641,0.0,99.99999869538296,0.0,0.0032314684448863
2101.5,153,1,59,0,-58,0.11688529,-1.2445469,0.0040625947121641,0.0,99.99999869538296,0.0,0.0032314684448863
2102.0,153,1,59,0,-58,1.5951685,0.35747725,0.0040625947121641,0.0,99.99999869538296,0.0,0.0032314684448863
2102.5,154,1,60,0,-59,1.6641483,0.4094721,0.0040625947121641,0.0,99.99999869538296,0.0,0.0032314684448863
2103.0,154,1,60,0,-59,1.6641483,0.4094721,0.0040625947121641,0.0,99.99999869538296,0.0,0.0032314684448863
2103.5,151,1,58,0,-57,0.18729027,-1.1166267,0.0040625947121641,0.0,99.99999869538296,0.0,0.0032314684448863
2104.0,150,1,57,0,-56,0.11621027,-1.0640037,0.0040625947121641,0.0,99.99999869538296,0.0,0.0032314684448863
2104.5,151,1,57,0,-56,0.17428382,-1.0112596,0.0040625947121641,0.0,99.99999869538296,0.0,0.0032314684448863
2105.0,151,1,57,0,-56,0.17428382,-1.0112596,0.0040625947121641,0.0,99.99999869538296,0.0,0.0032314684448863
2105.5,152,1,58,0,-57,0.7424312,0.42261457,0.0040625947121641,0.0,99.99999869538296,0.0,0.0032314684448863
2106.0,152,1,58,0,-57,0.7424312,0.42261457,0.0040625947121641,0.0,99.99999869538296,0.0,0.0032314684448863
2106.5,152,1,59,0,-58,0.78909564,0.44150212,0.0040625947121641,0.0,99.99999869538296,0.0,0.0032314684448863
2107.0,155,1,61,0,-60,0.30316085,0.12631935,0.0040625947121641,0.0,99.99999869538296,0.0,0.0032314684448863
2107.5,156,1,62,0,-61,0.24488945,-1.0608872,0.0040625947121641,0.0,99.99999869538296,0.0,0.0032314684448863
2108.0,156,1,62,0,-61,0.24488945,-1.0608872,0.0040625947121641,0.0,99.99999869538296,0.0,0.0032314684448863
2108.5,156,1,61,0,-60,0.19133799,-0.14471284,0.0040625947121641,0.0,99.99999869538296,0.0,0.0032314684448863
2109.0,156,1,61,0,-60,0.19133799,-0.14471284,0.0040625947121641,0.0,99.99999869538296,0.0,0.0032314684448863
2109.5,156,1,61,0,-60,0.19133799,-0.14471284,0.0040625947121641,0.0,99.99999869538296,0.0,0.0032314684448863
2110.0,155,1,60,0,-59,0.19407515,0.042728003,0.0040625947121641,0.0,99.99999869538296,0.0,0.0032314684448863
2110.5,155,1,62,0,-61,0.16690208,-0.64893675,0.0040625947121641,0.0,99.99999869538296,0.0,0.0032314684448863
2111.0,155,1,62,0,-61,0.16690208,-0.64893675,0.0040625947121641,0.0,99.99999869538296,0.0,0.0032314684448863
2111.5,155,1,62,0,-61,0.16690208,-0.64893675,0.0040625947121641,0.0,99.99999869538296,0.0,0.0032314684448863
2112.0,154,1,61,0,-60,0.046163604,-0.7247144,0.0040625947121641,0.0,99.99999869538296,0.0,0.0032314684448863
2112.5,154,1,61,0,-60,0.046163604,-0.7247144,0.0040625947121641,0.0,99.99999869538296,0.0,0.0032314684448863
2113.0,153,1,60,0,-59,0.024887413,0.14330375,0.0040625947121641,0.0,99.99999869538296,0.0,0.0032314684448863
2113.5,153,1,60,0,-59,0.024887413,0.14330375,0.0040625947121641,0.0,99.99999869538296,0.0,0.0032314684448863
2114.0,153,1,60,0,-59,0.024887413,0.14330375,0.0040625947121641,0.0,99.99999869538296,0.0,0.0032314684448863
2114.5,153,1,60,0,-59,-0.19883138,0.086195886,0.0040625947121641,0.0,99.99999869538296,0.0,0.0032314684448863
2115.0,153,1,60,0,-59,-0.19883138,0.086195886,0.0040625947121641,0.0,99.99999869538296,0.0,0.0032314684448863
2115.5,153,1,60,0,-59,-0.047233358,0.12927929,0.0040625947121641,0.0,99.99999869538296,0.0,0.0032314684448863
2116.0,152,1,59,0,-58,-0.26547122,0.20933132,0.0040625947121641,0.0,99.99999869538296,0.0,0.0032314684448863
2116.5,152,1,59,0,-58,-0.26547122,0.20933132,0.0040625947121641,0.0,99.99999869538296,0.0,0.0032314684448863
2117.0,153,1,60,0,-59,-0.11288018,0.17664725,0.0040625947121641,0.0,99.99999869538296,0.0,0.0032314684448863
2117.5,153,1,60,0,-59,-0.11288018,0.17664725,0.0040625947121641,0.0,99.99999869538296,0.0,0.0032314684448863
2118.0,154,1,61,0,-60,-0.19801006,0.08628529,0.0040625947121641,0.0,99.99999869538296,0.0,0.0032314684448863
2118.5,156,1,63,0,-62,0.12016694,0.13114753,0.0040625947121641,0.0,99.99999869538296,0.0,0.0032314684448863
2119.0,156,1,63,0,-62,0.12016694,0.13114753,0.0040625947121641,0.0,99.99999869538296,0.0,0.0032314684448863
2119.5,157,1,64,0,-63,0.20286466,0.15834348,0.0040625947121641,0.0,99.99999869538296,0.0,0.0032314684448863
2120.0,157,1,64,0,-63,0.20286466,0.15834348,0.0040625947121641,0.0,99.99999869538296,0.0,0.0032314684448863
2120.5,157,1,64,0,-63,0.20286466,0.15834348,0.0040625947121641,0.0,99.99999869538296,0.0,0.0032314684448863
2121.0,156,1,63,0,-62,0.22370894,-0.9625784,0.0040625947121641,0.0,99.99999869538296,0.0,0.0032314684448863
2121.5,155,1,62,0,-61,0.12802751,0.07670075,0.0040625947121641,0.0,99.99999869538296,0.0,0.0032314684448863
2122.0,155,1,62,0,-61,0.28678894,0.15320748,0.0040625947121641,0.0,99.99999869538296,0.0,0.0032314684448863
2122.5,155,1,62,0,-61,0.28678894,0.15320748,0.0040625947121641,0.0,99.99999869538296,0.0,0.0032314684448863
2123.0,155,1,62,0,-61,0.28678894,0.15320748,0.0040625947121641,0.0,99.99999869538296,0.0,0.0032314684448863
2123.5,156,1,63,0,-62,-0.1488385,0.124841616,0.0040625947121641,0.0,99.99999869538296,0.0,0.0032314684448863
2124.0,156,1,63,0,-62,-0.1488385,0.124841616,0.0040625947121641,0.0,99.99999869538296,0.0,0.0032314684448863
2124.5,156,1,63,0,-62,-0.1488385,0.124841616,0.0040625947121641,0.0,99.99999869538296,0.0,0.0032314684448863
2125.0,156,1,63,0,-62,-0.1488385,0.124841616,0.0040625947121641,0.0,99.99999869538296,0.0,0.0032314684448863
2125.5,158,1,65,0,-64,0.26262903,0.017390456,0.0040625947121641,0.0,99.99999869538296,0.0,0.0032314684448863
2126.0,158,1,65,0,-64,0.26262903,0.017390456,0.0040625947121641,0.0,99.99999869538296,0.0,0.0032314684448863
2126.5,157,1,64,0,-63,0.09209114,-0.050704774,0.0040625947121641,0.0,99.99999869538296,0.0,0.0032314684448863
2127.0,156,1,63,0,-62,-0.39929914,-0.030290116,0.0040625947121641,0.0,99.99999869538296,0.0,0.0032314684448863
2127.5,156,1,63,0,-62,-0.39929914,-0.030290116,0.0040625947121641,0.0,99.99999869538296,0.0,0.0032314684448863
2128.0,156,1,63,0,-62,-0.39929914,-0.030290116,0.0040625947121641,0.0,99.99999869538296,0.0,0.0032314684448863
2128.5,156,1,62,0,-61,0.11543898,-0.9472289,0.0040625947121641,0.0,99.99999869538296,0.0,0.0032314684448863
2129.0,156,1,62,0,-61,0.11543898,-0.9472289,0.0040625947121641,0.0,99.99999869538296,0.0,0.0032314684448863
2129.5,157,1,62,0,-61,0.10771042,-0.749084,0.0040625947121641,0.0,99.99999869538296,0.0,0.0032314684448863
2130.0,156,1,61,0,-60,0.14504169,0.2806527,0.0040625947121641,0.0,99.99999869538296,0.0,0.0032314684448863
2130.5,155,1,60,0,-59,0.041945472,0.1534809,0.0040625947121641,0.0,99.99999869538296,0.0,0.0032314684448863
2131.0,155,1,60,0,-59,0.041945472,0.1534809,0.0040625947121641,0.0,99.99999869538296,0.0,0.0032314684448863
2131.5,155,1,60,0,-59,0.041945472,0.1534809,0.0040625947121641,0.0,99.99999869538296,0.0,0.0032314684448863
2132.0,155,1,60,0,-59,0.041945472,0.1534809,0.0040625947121641,0.0,99.99999869538296,0.0,0.0032314684448863
2132.5,155,1,60,0,-59,0.041945472,0.1534809,0.0040625947121641,0.0,99.99999869538296,0.0,0.0032314684448863
2133.0,154,1,59,0,-58,0.052043617,-0.1817319,0.0040625947121641,0.0,99.99999869538296,0.0,0.0032314684448863
2133.5,154,1,59,0,-58,0.052043617,-0.1817319,0.0040625947121641,0.0,99.99999869538296,0.0,0.0032314684448863
2134.0,154,1,59,0,-58,0.052043617,-0.1817319,0.0040625947121641,0.0,99.99999869538296,0.0,0.0032314684448863
2134.5,153,1,58,0,-57,0.21864156,-0.063085705,0.0040625947121641,0.0,99.99999869538296,0.0,0.0032314684448863
2135.0,153,1,58,0,-57,0.11746493,-1.0026062,0.0040625947121641,0.0,99.99999869538296,0.0,0.0032314684448863
2135.5,154,1,59,0,-58,0.22753464,-1.1094668,0.0040625947121641,0.0,99.99999869538296,0.0,0.0032314684448863
2136.0,154,1,59,0,-58,0.22753464,-1.1094668,0.0040625947121641,0.0,99.99999869538296,0.0,0.0032314684448863
2136.5,154,1,59,0,-58,0.22753464,-1.1094668,0.0040625947121641,0.0,99.99999869538296,0.0,0.0032314684448863
2137.0,155,1,60,0,-59,0.02482462,-1.2841309,0.0040625947121641,0.0,99.99999869538296,0.0,0.0032314684448863
2137.5,155,1,60,0,-59,0.02482462,-1.2841309,0.0040625947121641,0.0,99.99999869538296,0.0,0.0032314684448863
2138.0,154,1,60,0,-59,1.5623728,0.37683648,0.0040625947121641,0.0,99.99999869538296,0.0,0.0032314684448863
2138.5,154,1,60,0,-59,1.5623728,0.37683648,0.0040625947121641,0.0,99.99999869538296,0.0,0.0032314684448863
2139.0,153,1,59,0,-58,1.5117536,0.15661132,0.0040625947121641,0.0,99.99999869538296,0.0,0.0032314684448863
2139.5,153,1,59,0,-58,1.5117536,0.15661132,0.0040625947121641,0.0,99.99999869538296,0.0,0.0032314684448863
2140.0,154,1,60,0,-59,1.4960278,0.5472052,0.0040625947121641,0.0,99.99999869538296,0.0,0.0032314684448863
2140.5,155,1,60,0,-59,1.6836262,0.42360562,0.0040625947121641,0.0,99.99999869538296,0.0,0.0032314684448863
2141.0,154,1,59,0,-58,1.5220141,0.47840858,0.0040625947121641,0.0,99.99999869538296,0.0,0.0032314684448863
2141.5,153,1,58,0,-57,1.5929099,0.15920806,0.0040625947121641,0.0,99.99999869538296,0.0,0.0032314684448863
2142.0,155,1,60,0,-59,1.4180183,0.5417365,0.0040625947121641,0.0,99.99999869538296,0.0,0.0032314684448863
2142.5,155,1,60,0,-59,1.6188205,0.39987442,0.0040625947121641,0.0,99.99999869538296,0.0,0.0032314684448863
2143.0,156,1,61,0,-60,0.016919218,-0.9437742,0.0040625947121641,0.0,99.99999869538296,0.0,0.0032314684448863
2143.5,155,1,60,0,-59,0.19016613,-0.95928144,0.0040625947121641,0.0,99.99999869538296,0.0,0.0032314684448863
2144.0,156,1,61,0,-60,0.20614482,-1.0064324,0.0040625947121641,0.0,99.99999869538296,0.0,0.0032314684448863
2144.5,157,1,60,0,-59,-0.20783068,-1.236267,0.0040625947121641,0.0,99.99999869538296,0.0,0.0032314684448863
2145.0,157,1,61,0,-60,-0.03113316,-1.1341214,0.0040625947121641,0.0,99.99999869538296,0.0,0.0032314684448863
2145.5,156,1,60,0,-59,0.0267248,-1.0423477,0.0040625947121641,0.0,99.99999869538296,0.0,0.0032314684448863
2146.0,156,1,60,0,-59,0.0267248,-1.0423477,0.0040625947121641,0.0,99.99999869538296,0.0,0.0032314684448863
2146.5,155,1,59,0,-58,1.4569038,0.44073373,0.0040625947121641,0.0,99.99999869538296,0.0,0.0032314684448863
2147.0,156,1,58,0,-57,0.25038362,-1.0045044,0.0040625947121641,0.0,99.99999869538296,0.0,0.0032314684448863
2147.5,155,1,57,0,-56,0.16770728,0.08302775,0.0040625947121641,0.0,99.99999869538296,0.0,0.0032314684448863
2148.0,156,1,58,0,-57,0.19887061,0.1492442,0.0040625947121641,0.0,99.99999869538296,0.0,0.0032314684448863
2148.5,154,1,57,0,-56,1.5554415,0.114876986,0.0040625947121641,0.0,99.99999869538296,0.0,0.0032314684448863
2149.0,155,1,58,0,-57,-0.040148005,-1.3667402,0.0040625947121641,0.0,99.99999869538296,0.0,0.0032314684448863
2149.5,156,1,59,0,-58,-0.04019472,0.20215479,0.0040625947121641,0.0,99.99999869538296,0.0,0.0032314684448863
2150.0,157,1,59,0,-58,0.13870749,0.1331412,0.0040625947121641,0.0,99.99999869538296,0.0,0.0032314684448863
2150.5,157,1,59,0,-58,0.13870749,0.1331412,0.0040625947121641,0.0,99.99999869538296,0.0,0.0032314684448863
2151.0,158,1,60,0,-59,-0.38368672,0.14861768,0.0040625947121641,0.0,99.99999869538296,0.0,0.0032314684448863
2151.5,157,1,59,0,-58,-0.49532938,0.30137426,0.0040625947121641,0.0,99.99999869538296,0.0,0.0032314684448863
2152.0,156,1,59,0,-58,0.18882506,0.3291648,0.0040625947121641,0.0,99.99999869538296,0.0,0.0032314684448863
2152.5,156,1,59,0,-58,0.18882506,0.3291648,0.0040625947121641,0.0,99.99999869538296,0.0,0.0032314684448863
2153.0,158,1,61,0,-60,0.12116574,0.08456144,0.0040625947121641,0.0,99.99999869538296,0.0,0.0032314684448863
2153.5,157,1,61,0,-60,0.23129348,-0.6977799,0.0040625947121641,0.0,99.99999869538296,0.0,0.0032314684448863
2154.0,156,1,60,0,-59,-0.15427001,0.110842615,0.0040625947121641,0.0,99.99999869538296,0.0,0.0032314684448863
2154.5,156,1,60,0,-59,-0.15427001,0.110842615,0.0040625947121641,0.0,99.99999869538296,0.0,0.0032314684448863
2155.0,158,1,60,0,-59,0.021657743,0.26717457,0.0040625947121641,0.0,99.99999869538296,0.0,0.0032314684448863
2155.5,158,1,60,0,-59,0.021657743,0.26717457,0.0040625947121641,0.0,99.99999869538296,0.0,0.0032314684448863
2156.0,158,1,60,0,-59,0.021657743,0.26717457,0.0040625947121641,0.0,99.99999869538296,0.0,0.0032314684448863
2156.5,159,1,61,0,-60,0.09030314,0.23034187,0.0040625947121641,0.0,99.99999869538296,0.0,0.0032314684448863
2157.0,158,1,61,0,-60,0.052531064,0.47927347,0.0040625947121641,0.0,99.99999869538296,0.0,0.0032314684448863
2157.5,159,1,62,0,-61,0.09800805,0.3599689,0.0040625947121641,0.0,99.99999869538296,0.0,0.0032314684448863
2158.0,159,1,62,0,-61,0.09800805,0.3599689,0.0040625947121641,0.0,99.99999869538296,0.0,0.0032314684448863
2158.5,159,1,62,0,-61,0.09800805,0.3599689,0.0040625947121641,0.0,99.99999869538296,0.0,0.0032314684448863
2159.0,159,1,62,0,-61,-0.49401557,0.34115174,0.0040625947121641,0.0,99.99999869538296,0.0,0.0032314684448863
2159.5,158,1,62,0,-61,-0.42848688,0.047917962,0.0040625947121641,0.0,99.99999869538296,0.0,0.0032314684448863
2160.0,158,1,62,0,-61,-0.42848688,0.047917962,0.0040625947121641,0.0,99.99999869538296,0.0,0.0032314684448863
2160.5,158,1,62,0,-61,-0.42848688,0.047917962,0.0040625947121641,0.0,99.99999869538296,0.0,0.0032314684448863
2161.0,157,1,60,0,-59,-0.49734002,0.11922808,0.0040625947121641,0.0,99.99999869538296,0.0,0.0032314684448863
2161.5,156,1,59,0,-58,-0.06367684,0.2594374,0.0040625947121641,0.0,99.99999869538296,0.0,0.0032314684448863
2162.0,156,1,59,0,-58,-0.06367684,0.2594374,0.0040625947121641,0.0,99.99999869538296,0.0,0.0032314684448863
2162.5,157,1,60,0,-59,0.02228655,0.11251441,0.0040625947121641,0.0,99.99999869538296,0.0,0.0032314684448863
2163.0,157,1,59,0,-58,0.24102344,0.52227825,0.0040625947121641,0.0,99.99999869538296,0.0,0.0032314684448863
2163.5,158,1,60,0,-59,-0.053376347,0.20299171,0.0040625947121641,0.0,99.99999869538296,0.0,0.0032314684448863
2164.0,159,1,61,0,-60,0.03344588,0.08763117,0.0040625947121641,0.0,99.99999869538296,0.0,0.0032314684448863
2164.5,159,1,62,0,-61,0.04671356,0.05870109,0.0040625947121641,0.0,99.99999869538296,0.0,0.0032314684448863
2165.0,159,1,62,0,-61,0.04671356,0.05870109,0.0040625947121641,0.0,99.99999869538296,0.0,0.0032314684448863
2165.5,159,1,62,0,-61,0.04671356,0.05870109,0.0040625947121641,0.0,99.99999869538296,0.0,0.0032314684448863
2166.0,157,1,60,0,-59,-0.30890656,0.17831865,0.0040625947121641,0.0,99.99999869538296,0.0,0.0032314684448863
2166.5,158,1,61,0,-60,-0.05170077,0.09548125,0.0040625947121641,0.0,99.99999869538296,0.0,0.0032314684448863
2167.0,158,1,60,0,-59,-0.4650452,-0.0048949122,0.0040625947121641,0.0,99.99999869538296,0.0,0.0032314684448863
2167.5,158,1,60,0,-59,-0.4650452,-0.0048949122,0.0040625947121641,0.0,99.99999869538296,0.0,0.0032314684448863
2168.0,156,1,59,0,-58,-0.40518492,0.4127274,0.0040625947121641,0.0,99.99999869538296,0.0,0.0032314684448863
2168.5,156,1,59,0,-58,-0.40518492,0.4127274,0.0040625947121641,0.0,99.99999869538296,0.0,0.0032314684448863
2169.0,157,1,59,0,-58,-0.4183187,0.38495705,0.0040625947121641,0.0,99.99999869538296,0.0,0.0032314684448863
2169.5,157,1,59,0,-58,-0.4183187,0.38495705,0.0040625947121641,0.0,99.99999869538296,0.0,0.0032314684448863
2170.0,158,1,60,0,-59,-0.5107576,0.42607054,0.0040625947121641,0.0,99.99999869538296,0.0,0.0032314684448863
2170.5,158,1,60,0,-59,-0.5107576,0.42607054,0.0040625947121641,0.0,99.99999869538296,0.0,0.0032314684448863
2171.0,156,1,59,0,-58,-0.17312272,0.5222799,0.0040625947121641,0.0,99.99999869538296,0.0,0.0032314684448863
2171.5,158,1,60,0,-59,0.10829818,-0.715171,0.0040625947121641,0.0,99.99999869538296,0.0,0.0032314684448863
2172.0,157,1,60,0,-59,0.11263342,-0.9932139,0.0040625947121641,0.0,99.99999869538296,0.0,0.0032314684448863
2172.5,157,1,60,0,-59,0.11263342,-0.9932139,0.0040625947121641,0.0,99.99999869538296,0.0,0.0032314684448863
2173.0,158,1,61,0,-60,-0.0067360923,0.23527798,0.0040625947121641,0.0,99.99999869538296,0.0,0.0032314684448863
2173.5,158,1,61,0,-60,-0.0067360923,0.23527798,0.0040625947121641,0.0,99.99999869538296,0.0,0.0032314684448863
2174.0,159,1,62,0,-61,-0.42795599,0.1565753,0.0040625947121641,0.0,99.99999869538296,0.0,0.0032314684448863
2174.5,159,1,62,0,-61,-0.42795599,0.1565753,0.0040625947121641,0.0,99.99999869538296,0.0,0.0032314684448863
2175.0,161,1,62,0,-61,0.06695236,0.24895105,0.0040625947121641,0.0,99.99999869538296,0.0,0.0032314684448863
2175.5,162,1,63,0,-62,-0.0724548,-0.8655577,0.0040625947121641,0.0,99.99999869538296,0.0,0.0032314684448863
2176.0,158,1,60,0,-59,-0.06517649,-1.0303551,0.0040625947121641,0.0,99.99999869538296,0.0,0.0032314684448863
2176.5,158,1,59,0,-58,-0.06189348,0.19972032,0.0040625947121641,0.0,99.99999869538296,0.0,0.0032314684448863
2177.0,158,1,59,0,-58,-0.06189348,0.19972032,0.0040625947121641,0.0,99.99999869538296,0.0,0.0032314684448863
2177.5,157,1,58,0,-57,-0.042374805,-0.7751917,0.0040625947121641,0.0,99.99999869538296,0.0,0.0032314684448863
2178.0,158,1,58,0,-57,-0.042374805,-0.7751917,0.0040625947121641,0.0,99.99999869538296,0.0,0.0032314684448863
2178.5,159,1,59,0,-58,-0.06189348,0.19972032,0.0040625947121641,0.0,99.99999869538296,0.0,0.0032314684448863
2179.0,160,1,60,0,-59,-0.083621174,0.24930541,0.0040625947121641,0.0,99.99999869538296,0.0,0.0032314684448863
2179.5,160,1,60,0,-59,-0.083621174,0.24930541,0.0040625947121641,0.0,99.99999869538296,0.0,0.0032314684448863
2180.0,160,1,60,0,-59,-0.083621174,0.24930541,0.0040625947121641,0.0,99.99999869538296,0.0,0.0032314684448863
2180.5,160,1,61,0,-60,-0.097275436,0.41934013,0.0040625947121641,0.0,99.99999869538296,0.0,0.0032314684448863
2181.0,160,1,61,0,-60,-0.097275436,0.41934013,0.0040625947121641,0.0,99.99999869538296,0.0,0.0032314684448863
2181.5,159,1,60,0,-59,0.11387099,-0.84061456,0.0040625947121641,0.0,99.99999869538296,0.0,0.0032314684448863
2182.0,159,1,60,0,-59,0.11387099,-0.84061456,0.0040625947121641,0.0,99.99999869538296,0.0,0.0032314684448863
2182.5,159,1,60,0,-59,0.11387099,-0.84061456,0.0040625947121641,0.0,99.99999869538296,0.0,0.0032314684448863
2183.0,162,1,62,0,-61,-0.0559877,0.45855203,0.0040625947121641,0.0,99.99999869538296,0.0,0.0032314684448863
2183.5,163,1,62,0,-61,-0.0559877,0.45855203,0.0040625947121641,0.0,99.99999869538296,0.0,0.0032314684448863
2184.0,165,1,64,0,-63,0.10294771,0.1969085,0.0040625947121641,0.0,99.99999869538296,0.0,0.0032314684448863
2184.5,165,1,65,0,-64,-0.10429058,0.18489923,0.0040625947121641,0.0,99.99999869538296,0.0,0.0032314684448863
2185.0,165,1,65,0,-64,-0.10429058,0.18489923,0.0040625947121641,0.0,99.99999869538296,0.0,0.0032314684448863
2185.5,164,1,64,0,-63,-0.30532524,0.3227293,0.0040625947121641,0.0,99.99999869538296,0.0,0.0032314684448863
2186.0,165,1,64,0,-63,0.011515036,0.09236261,0.0040625947121641,0.0,99.99999869538296,0.0,0.0032314684448863
2186.5,165,1,64,0,-63,0.011515036,0.09236261,0.0040625947121641,0.0,99.99999869538296,0.0,0.0032314684448863
2187.0,165,1,64,0,-63,0.011515036,0.09236261,0.0040625947121641,0.0,99.99999869538296,0.0,0.0032314684448863
2187.5,164,1,64,0,-63,-0.499323,0.27310127,0.0040625947121641,0.0,99.99999869538296,0.0,0.0032314684448863
2188.0,164,1,64,0,-63,-0.499323,0.27310127,0.0040625947121641,0.0,99.99999869538296,0.0,0.0032314684448863
2188.5,163,1,63,0,-62,-0.41978508,-0.057649437,0.0040625947121641,0.0,99.99999869538296,0.0,0.0032314684448863
2189.0,161,1,63,0,-62,-0.5252944,-0.24494013,0.0040625947121641,0.0,99.99999869538296,0.0,0.0032314684448863
2189.5,160,1,63,0,-62,-0.54493034,-0.23891366,0.0040625947121641,0.0,99.99999869538296,0.0,0.0032314684448863
2190.0,161,1,64,0,-63,-0.20389606,0.120286375,0.0040625947121641,0.0,99.99999869538296,0.0,0.0032314684448863
2190.5,161,1,64,0,-63,-0.20389606,0.120286375,0.0040625947121641,0.0,99.99999869538296,0.0,0.0032314684448863
2191.0,161,1,64,0,-63,-0.20389606,0.120286375,0.0040625947121641,0.0,99.99999869538296,0.0,0.0032314684448863
2191.5,161,1,64,0,-63,-0.20389606,0.120286375,0.0040625947121641,0.0,99.99999869538296,0.0,0.0032314684448863
2192.0,161,1,64,0,-63,-0.20389606,0.120286375,0.0040625947121641,0.0,99.99999869538296,0.0,0.0032314684448863
2192.5,162,1,65,0,-64,-0.525055,-0.32723862,0.0040625947121641,0.0,99.99999869538296,0.0,0.0032314684448863
2193.0,161,1,64,0,-63,-0.49619848,-0.0599514,0.0040625947121641,0.0,99.99999869538296,0.0,0.0032314684448863
2193.5,161,1,63,0,-62,-0.09643707,0.1631279,0.0040625947121641,0.0,99.99999869538296,0.0,0.0032314684448863
2194.0,160,1,62,0,-61,0.09049307,0.0514605,0.0040625947121641,0.0,99.99999869538296,0.0,0.0032314684448863
2194.5,160,1,62,0,-61,0.09049307,0.0514605,0.0040625947121641,0.0,99.99999869538296,0.0,0.0032314684448863
2195.0,160,1,62,0,-61,0.09049307,0.0514605,0.0040625947121641,0.0,99.99999869538296,0.0,0.0032314684448863
2195.5,161,1,63,0,-62,-0.38134736,-0.4762404,0.0040625947121641,0.0,99.99999869538296,0.0,0.0032314684448863
2196.0,160,1,63,0,-62,-0.27380595,0.021700472,0.0040625947121641,0.0,99.99999869538296,0.0,0.0032314684448863
2196.5,160,1,63,0,-62,-0.27380595,0.021700472,0.0040625947121641,0.0,99.99999869538296,0.0,0.0032314684448863
2197.0,160,1,63,0,-62,-0.27380595,0.021700472,0.0040625947121641,0.0,99.99999869538296,0.0,0.0032314684448863
2197.5,157,1,61,0,-60,0.06785734,-1.0892744,0.0040625947121641,0.0,99.99999869538296,0.0,0.0032314684448863
2198.0,156,1,60,0,-59,0.061564,0.1318684,0.0040625947121641,0.0,99.99999869538296,0.0,0.0032314684448863
2198.5,159,1,62,0,-61,-0.08056012,-0.15969089,0.0040625947121641,0.0,99.99999869538296,0.0,0.0032314684448863
2199.0,159,1,62,0,-61,-0.08056012,-0.15969089,0.0040625947121641,0.0,99.99999869538296,0.0,0.0032314684448863
2199.5,159,1,62,0,-61,-0.08056012,-0.15969089,0.0040625947121641,0.0,99.99999869538296,0.0,0.0032314684448863
2200.0,159,1,62,0,-61,1.4108206,0.23671895,0.0040625947121641,0.0,99.99999869538296,0.0,0.0032314684448863
2200.5,159,1,62,0,-61,1.4108206,0.23671895,0.0040625947121641,0.0,99.99999869538296,0.0,0.0032314684448863
2201.0,159,1,62,0,-61,1.4108206,0.23671895,0.0040625947121641,0.0,99.99999869538296,0.0,0.0032314684448863
2201.5,159,1,62,0,-61,1.4108206,0.23671895,0.0040625947121641,0.0,99.99999869538296,0.0,0.0032314684448863
2202.0,158,1,61,0,-60,-0.5181285,0.29048157,0.0040625947121641,0.0,99.99999869538296,0.0,0.0032314684448863
2202.5,157,1,60,0,-59,-0.49953306,0.2773247,0.0040625947121641,0.0,99.99999869538296,0.0,0.0032314684448863
2203.0,157,1,60,0,-59,-0.49953306,0.2773247,0.0040625947121641,0.0,99.99999869538296,0.0,0.0032314684448863
2203.5,157,1,60,0,-59,-0.49953306,0.2773247,0.0040625947121641,0.0,99.99999869538296,0.0,0.0032314684448863
2204.0,157,1,60,0,-59,-0.49953306,0.2773247,0.0040625947121641,0.0,99.99999869538296,0.0,0.0032314684448863
2204.5,156,1,59,0,-58,-0.5478914,0.33493286,0.0040625947121641,0.0,99.99999869538296,0.0,0.0032314684448863
2205.0,156,1,59,0,-58,-0.5478914,0.33493286,0.0040625947121641,0.0,99.99999869538296,0.0,0.0032314684448863
2205.5,156,1,59,0,-58,-0.5478914,0.33493286,0.0040625947121641,0.0,99.99999869538296,0.0,0.0032314684448863
2206.0,156,1,59,0,-58,0.15623449,-0.8107378,0.0040625947121641,0.0,99.99999869538296,0.0,0.0032314684448863
2206.5,157,1,60,0,-59,1.5040747,0.5749676,0.0040625947121641,0.0,99.99999869538296,0.0,0.0032314684448863
2207.0,157,1,60,0,-59,1.5040747,0.5749676,0.0040625947121641,0.0,99.99999869538296,0.0,0.0032314684448863
2207.5,158,1,62,0,-61,1.4214238,0.1977757,0.0040625947121641,0.0,99.99999869538296,0.0,0.0032314684448863
2208.0,156,1,60,0,-59,-0.20517078,-0.18707217,0.0040625947121641,0.0,99.99999869538296,0.0,0.0032314684448863
2208.5,156,1,60,0,-59,-0.20517078,-0.18707217,0.0040625947121641,0.0,99.99999869538296,0.0,0.0032314684448863
2209.0,155,1,59,0,-58,-0.0865355,0.10392156,0.0040625947121641,0.0,99.99999869538296,0.0,0.0032314684448863
2209.5,154,1,58,0,-57,-0.22977273,0.21197696,0.0040625947121641,0.0,99.99999869538296,0.0,0.0032314684448863
2210.0,154,1,58,0,-57,-0.22977273,0.21197696,0.0040625947121641,0.0,99.99999869538296,0.0,0.0032314684448863
2210.5,156,1,60,0,-59,-0.16929848,-0.006123185,0.0040625947121641,0.0,99.99999869538296,0.0,0.0032314684448863
2211.0,155,1,59,0,-58,-0.23421192,-0.12376124,0.0040625947121641,0.0,99.99999869538296,0.0,0.0032314684448863
2211.5,155,1,59,0,-58,-0.23421192,-0.12376124,0.0040625947121641,0.0,99.99999869538296,0.0,0.0032314684448863
2212.0,157,1,61,0,-60,1.5070909,0.34872562,0.0040625947121641,0.0,99.99999869538296,0.0,0.0032314684448863
2212.5,157,1,61,0,-60,1.5070909,0.34872562,0.0040625947121641,0.0,99.99999869538296,0.0,0.0032314684448863
2213.0,158,1,62,0,-61,1.3755242,-0.073131934,0.0040625947121641,0.0,99.99999869538296,0.0,0.0032314684448863
2213.5,158,1,62,0,-61,1.3755242,-0.073131934,0.0040625947121641,0.0,99.99999869538296,0.0,0.0032314684448863
2214.0,159,1,63,0,-62,-0.025298208,-1.3180465,0.0040625947121641,0.0,99.99999869538296,0.0,0.0032314684448863
2214.5,158,1,62,0,-61,0.06117694,0.286405,0.0040625947121641,0.0,99.99999869538296,0.0,0.0032314684448863
2215.0,158,1,62,0,-61,0.06117694,0.286405,0.0040625947121641,0.0,99.99999869538296,0.0,0.0032314684448863
2215.5,158,1,62,0,-61,0.06117694,0.286405,0.0040625947121641,0.0,99.99999869538296,0.0,0.0032314684448863
2216.0,159,1,63,0,-62,-0.34125912,-0.10445315,0.0040625947121641,0.0,99.99999869538296,0.0,0.0032314684448863
2216.5,159,1,63,0,-62,-0.34125912,-0.10445315,0.0040625947121641,0.0,99.99999869538296,0.0,0.0032314684448863
2217.0,157,1,61,0,-60,-0.23367494,-0.11622679,0.0040625947121641,0.0,99.99999869538296,0.0,0.0032314684448863
2217.5,158,1,62,0,-61,-0.57540065,-0.23420012,0.0040625947121641,0.0,99.99999869538296,0.0,0.0032314684448863
2218.0,158,1,62,0,-61,-0.57540065,-0.23420012,0.0040625947121641,0.0,99.99999869538296,0.0,0.0032314684448863
2218.5,158,1,62,0,-61,-0.57540065,-0.23420012,0.0040625947121641,0.0,99.99999869538296,0.0,0.0032314684448863
2219.0,156,1,60,0,-59,-0.55038774,-0.023888502,0.0040625947121641,0.0,99.99999869538296,0.0,0.0032314684448863
2219.5,156,1,60,0,-59,-0.55038774,-0.023888502,0.0040625947121641,0.0,99.99999869538296,0.0,0.0032314684448863
2220.0,157,1,61,0,-60,-0.6271956,-0.18701479,0.0040625947121641,0.0,99.99999869538296,0.0,0.0032314684448863
2220.5,157,1,61,0,-60,-0.6271956,-0.18701479,0.0040625947121641,0.0,99.99999869538296,0.0,0.0032314684448863
2221.0,157,1,61,0,-60,-0.6271956,-0.18701479,0.0040625947121641,0.0,99.99999869538296,0.0,0.0032314684448863
2221.5,157,1,61,0,-60,-0.6271956,-0.18701479,0.0040625947121641,0.0,99.99999869538296,0.0,0.0032314684448863
2222.0,157,1,61,0,-60,-0.6271956,-0.18701479,0.0040625947121641,0.0,99.99999869538296,0.0,0.0032314684448863
2222.5,158,1,62,0,-61,-0.4876368,0.0533734,0.0040625947121641,0.0,99.99999869538296,0.0,0.0032314684448863
2223.0,159,1,63,0,-62,-0.48456502,0.052930024,0.0040625947121641,0.0,99.99999869538296,0.0,0.0032314684448863
2223.5,159,1,63,0,-62,-0.48456502,0.052930024,0.0040625947121641,0.0,99.99999869538296,0.0,0.0032314684448863
2224.0,159,1,63,0,-62,0.030651167,-0.009342261,0.0040625947121641,0.0,99.99999869538296,0.0,0.0032314684448863
2224.5,159,1,62,0,-61,0.08044937,0.121470526,0.0040625947121641,0.0,99.99999869538296,0.0,0.0032314684448863
2225.0,160,1,62,0,-61,-0.097518496,0.06220203,0.0040625947121641,0.0,99.99999869538296,0.0,0.0032314684448863
2225.5,159,1,61,0,-60,0.02185265,-0.07782377,0.0040625947121641,0.0,99.99999869538296,0.0,0.0032314684448863
2226.0,159,1,61,0,-60,0.02185265,-0.07782377,0.0040625947121641,0.0,99.99999869538296,0.0,0.0032314684448863
2226.5,158,1,61,0,-60,-0.22670881,0.18546298,0.0040625947121641,0.0,99.99999869538296,0.0,0.0032314684448863
2227.0,158,1,61,0,-60,-0.22670881,0.18546298,0.0040625947121641,0.0,99.99999869538296,0.0,0.0032314684448863
2227.5,158,1,62,0,-61,-0.19415128,0.15374367,0.0040625947121641,0.0,99.99999869538296,0.0,0.0032314684448863
2228.0,158,1,62,0,-61,-0.19415128,0.15374367,0.0040625947121641,0.0,99.99999869538296,0.0,0.0032314684448863
2228.5,158,1,62,0,-61,-0.19415128,0.15374367,0.0040625947121641,0.0,99.99999869538296,0.0,0.0032314684448863
2229.0,159,1,63,0,-62,-0.2076294,0.14882563,0.0040625947121641,0.0,99.99999869538296,0.0,0.0032314684448863
2229.5,159,1,63,0,-62,-0.2076294,0.14882563,0.0040625947121641,0.0,99.99999869538296,0.0,0.0032314684448863
2230.0,159,1,63,0,-62,-0.2076294,0.14882563,0.0040625947121641,0.0,99.99999869538296,0.0,0.0032314684448863
2230.5,159,1,63,0,-62,-0.2076294,0.14882563,0.0040625947121641,0.0,99.99999869538296,0.0,0.0032314684448863
2231.0,159,1,63,0,-62,-0.2076294,0.14882563,0.0040625947121641,0.0,99.99999869538296,0.0,0.0032314684448863
2231.5,158,1,62,0,-61,-0.0733211,-0.93111277,0.0040625947121641,0.0,99.99999869538296,0.0,0.0032314684448863
2232.0,157,1,61,0,-60,-0.16011089,-0.9627608,0.0040625947121641,0.0,99.99999869538296,0.0,0.0032314684448863
2232.5,157,1,61,0,-60,-0.16011089,-0.9627608,0.0040625947121641,0.0,99.99999869538296,0.0,0.0032314684448863
2233.0,156,1,61,0,-60,-0.022298962,-0.978497,0.0040625947121641,0.0,99.99999869538296,0.0,0.0032314684448863
2233.5,152,1,58,0,-57,1.3933226,0.72075653,0.0040625947121641,0.0,99.99999869538296,0.0,0.0032314684448863
2234.0,151,1,58,0,-57,1.4758211,0.5031645,0.0040625947121641,0.0,99.99999869538296,0.0,0.0032314684448863
2234.5,151,1,58,0,-57,1.4758211,0.5031645,0.0040625947121641,0.0,99.99999869538296,0.0,0.0032314684448863
2235.0,152,1,59,0,-58,1.4637362,0.4496706,0.0040625947121641,0.0,99.99999869538296,0.0,0.0032314684448863
2235.5,152,1,59,0,-58,1.5188798,0.40431538,0.0040625947121641,0.0,99.99999869538296,0.0,0.0032314684448863
2236.0,154,1,61,0,-60,1.2666677,0.39603913,0.0040625947121641,0.0,99.99999869538296,0.0,0.0032314684448863
2236.5,154,1,61,0,-60,1.2666677,0.39603913,0.0040625947121641,0.0,99.99999869538296,0.0,0.0032314684448863
2237.0,155,1,62,0,-61,1.5716916,0.34530842,0.0040625947121641,0.0,99.99999869538296,0.0,0.0032314684448863
2237.5,154,1,61,0,-60,1.536169,0.4965409,0.0040625947121641,0.0,99.99999869538296,0.0,0.0032314684448863
2238.0,155,1,61,0,-60,1.4596994,0.3934704,0.0040625947121641,0.0,99.99999869538296,0.0,0.0032314684448863
2238.5,155,1,61,0,-60,1.4596994,0.3934704,0.0040625947121641,0.0,99.99999869538296,0.0,0.0032314684448863
2239.0,155,1,61,0,-60,1.4596994,0.3934704,0.0040625947121641,0.0,99.99999869538296,0.0,0.0032314684448863
2239.5,156,1,63,0,-62,1.5610044,0.32585308,0.0040625947121641,0.0,99.99999869538296,0.0,0.0032314684448863
2240.0,156,1,63,0,-62,1.5610044,0.32585308,0.0040625947121641,0.0,99.99999869538296,0.0,0.0032314684448863
2240.5,156,1,63,0,-62,1.5610044,0.32585308,0.0040625947121641,0.0,99.99999869538296,0.0,0.0032314684448863
2241.0,157,1,64,0,-63,1.392927,0.368355,0.0040625947121641,0.0,99.99999869538296,0.0,0.0032314684448863
2241.5,154,1,61,0,-60,1.4299418,0.49447128,0.0040625947121641,0.0,99.99999869538296,0.0,0.0032314684448863
2242.0,154,1,61,0,-60,1.4496738,0.27460772,0.0040625947121641,0.0,99.99999869538296,0.0,0.0032314684448863
2242.5,154,1,61,0,-60,1.4496738,0.27460772,0.0040625947121641,0.0,99.99999869538296,0.0,0.0032314684448863
2243.0,156,1,62,0,-61,1.4074961,0.36037004,0.0040625947121641,0.0,99.99999869538296,0.0,0.0032314684448863
2243.5,156,1,61,0,-60,-1.3798665,0.42454064,0.0040625947121641,0.0,99.99999869538296,0.0,0.0032314684448863
2244.0,156,1,61,0,-60,-1.3798665,0.42454064,0.0040625947121641,0.0,99.99999869538296,0.0,0.0032314684448863
2244.5,158,1,63,0,-62,1.3468769,0.4746349,0.0040625947121641,0.0,99.99999869538296,0.0,0.0032314684448863
2245.0,159,1,64,0,-63,1.3776592,0.31261075,0.0040625947121641,0.0,99.99999869538296,0.0,0.0032314684448863
2245.5,160,1,65,0,-64,1.3946449,0.409555,0.0040625947121641,0.0,99.99999869538296,0.0,0.0032314684448863
2246.0,161,1,65,0,-64,1.3076319,0.33161545,0.0040625947121641,0.0,99.99999869538296,0.0,0.0032314684448863
2246.5,161,1,65,0,-64,1.3076319,0.33161545,0.0040625947121641,0.0,99.99999869538296,0.0,0.0032314684448863
2247.0,163,1,67,0,-66,1.4942003,0.49676102,0.0040625947121641,0.0,99.99999869538296,0.0,0.0032314684448863
2247.5,163,1,67,0,-66,1.4942003,0.49676102,0.0040625947121641,0.0,99.99999869538296,0.0,0.0032314684448863
2248.0,163,1,67,0,-66,1.4942003,0.49676102,0.0040625947121641,0.0,99.99999869538296,0.0,0.0032314684448863
2248.5,164,1,68,0,-67,-0.48558342,0.5522192,0.0040625947121641,0.0,99.99999869538296,0.0,0.0032314684448863
2249.0,163,1,67,0,-66,-0.35068136,0.32308704,0.0040625947121641,0.0,99.99999869538296,0.0,0.0032314684448863
2249.5,163,1,67,0,-66,-0.35068136,0.32308704,0.0040625947121641,0.0,99.99999869538296,0.0,0.0032314684448863
2250.0,160,1,64,0,-63,1.4751652,0.4318232,0.0040625947121641,0.0,99.99999869538296,0.0,0.0032314684448863
2250.5,160,1,65,0,-64,1.4203745,0.48165238,0.0040625947121641,0.0,99.99999869538296,0.0,0.0032314684448863
2251.0,158,1,64,0,-63,1.5392708,0.33183253,0.0040625947121641,0.0,99.99999869538296,0.0,0.0032314684448863
2251.5,158,1,65,0,-64,1.547027,0.5455138,0.0040625947121641,0.0,99.99999869538296,0.0,0.0032314684448863
2252.0,158,1,65,0,-64,1.547027,0.5455138,0.0040625947121641,0.0,99.99999869538296,0.0,0.0032314684448863
2252.5,157,1,64,0,-63,0.07566886,-1.1051688,0.0040625947121641,0.0,99.99999869538296,0.0,0.0032314684448863
2253.0,158,1,65,0,-64,0.20989324,-1.0843531,0.0040625947121641,0.0,99.99999869538296,0.0,0.0032314684448863
2253.5,159,1,65,0,-64,0.056439087,-1.2827547,0.0040625947121641,0.0,99.99999869538296,0.0,0.0032314684448863
2254.0,160,1,66,0,-65,-0.032876328,-1.1273813,0.0040625947121641,0.0,99.99999869538296,0.0,0.0032314684448863
2254.5,159,1,65,0,-64,0.26759613,-1.1159103,0.0040625947121641,0.0,99.99999869538296,0.0,0.0032314684448863
2255.0,159,1,65,0,-64,0.26759613,-1.1159103,0.0040625947121641,0.0,99.99999869538296,0.0,0.0032314684448863
2255.5,159,1,65,0,-64,0.26759613,-1.1159103,0.0040625947121641,0.0,99.99999869538296,0.0,0.0032314684448863
2256.0,158,1,65,0,-64,0.026941046,-1.3120077,0.0040625947121641,0.0,99.99999869538296,0.0,0.0032314684448863
2256.5,158,1,65,0,-64,0.026941046,-1.3120077,0.0040625947121641,0.0,99.99999869538296,0.0,0.0032314684448863
2257.0,159,1,65,0,-64,-0.12544778,-1.0043495,0.0040625947121641,0.0,99.99999869538296,0.0,0.0032314684448863
2257.5,158,1,64,0,-63,1.4090782,0.42993575,0.0040625947121641,0.0,99.99999869538296,0.0,0.0032314684448863
2258.0,159,1,64,0,-63,1.5346887,0.3873769,0.0040625947121641,0.0,99.99999869538296,0.0,0.0032314684448863
2258.5,159,1,64,0,-63,1.5346887,0.3873769,0.0040625947121641,0.0,99.99999869538296,0.0,0.0032314684448863
2259.0,159,1,64,0,-63,1.4373039,0.28629747,0.0040625947121641,0.0,99.99999869538296,0.0,0.0032314684448863
2259.5,159,1,64,0,-63,1.4373039,0.28629747,0.0040625947121641,0.0,99.99999869538296,0.0,0.0032314684448863
2260.0,158,1,63,0,-62,1.5169698,0.49504519,0.0040625947121641,0.0,99.99999869538296,0.0,0.0032314684448863
2260.5,156,1,61,0,-60,-0.43528765,0.4329095,0.0040625947121641,0.0,99.99999869538296,0.0,0.0032314684448863
2261.0,159,1,63,0,-62,-0.05697702,0.27545342,0.0040625947121641,0.0,99.99999869538296,0.0,0.0032314684448863
2261.5,161,1,64,0,-63,-0.16712058,-0.059507642,0.0040625947121641,0.0,99.99999869538296,0.0,0.0032314684448863
2262.0,161,1,64,0,-63,-0.16712058,-0.059507642,0.0040625947121641,0.0,99.99999869538296,0.0,0.0032314684448863
2262.5,162,1,65,0,-64,0.018244952,0.30958155,0.0040625947121641,0.0,99.99999869538296,0.0,0.0032314684448863
2263.0,162,1,65,0,-64,0.018244952,0.30958155,0.0040625947121641,0.0,99.99999869538296,0.0,0.0032314684448863
2263.5,162,1,65,0,-64,0.018244952,0.30958155,0.0040625947121641,0.0,99.99999869538296,0.0,0.0032314684448863
2264.0,163,1,66,0,-65,0.03276132,0.48707145,0.0040625947121641,0.0,99.99999869538296,0.0,0.0032314684448863
2264.5,162,1,66,0,-65,-0.17210892,0.58718204,0.0040625947121641,0.0,99.99999869538296,0.0,0.0032314684448863
2265.0,163,1,66,0,-65,0.30412596,-1.0234449,0.0040625947121641,0.0,99.99999869538296,0.0,0.0032314684448863
2265.5,164,1,67,0,-66,0.16179709,-0.4860168,0.0040625947121641,0.0,99.99999869538296,0.0,0.0032314684448863
2266.0,164,1,67,0,-66,0.16179709,-0.4860168,0.0040625947121641,0.0,99.99999869538296,0.0,0.0032314684448863
2266.5,165,1,67,0,-66,-0.20380692,-0.039876495,0.0040625947121641,0.0,99.99999869538296,0.0,0.0032314684448863
2267.0,165,1,67,0,-66,-0.49265182,-0.5549366,0.0040625947121641,0.0,99.99999869538296,0.0,0.0032314684448863
2267.5,164,1,66,0,-65,-0.46968943,-0.3928394,0.0040625947121641,0.0,99.99999869538296,0.0,0.0032314684448863
2268.0,164,1,66,0,-65,-0.46968943,-0.3928394,0.0040625947121641,0.0,99.99999869538296,0.0,0.0032314684448863
2268.5,163,1,66,0,-65,-0.36443645,0.053845357,0.0040625947121641,0.0,99.99999869538296,0.0,0.0032314684448863
2269.0,163,1,66,0,-65,0.78933614,-0.96334016,0.0040625947121641,0.0,99.99999869538296,0.0,0.0032314684448863
2269.5,163,1,66,0,-65,0.78933614,-0.96334016,0.0040625947121641,0.0,99.99999869538296,0.0,0.0032314684448863
2270.0,163,1,66,0,-65,0.5965982,-0.38724235,0.0040625947121641,0.0,99.99999869538296,0.0,0.0032314684448863
2270.5,161,1,65,0,-64,-0.49943513,-0.24341613,0.0040625947121641,0.0,99.99999869538296,0.0,0.0032314684448863
2271.0,160,1,64,0,-63,-1.1409346,-0.008962497,0.0040625947121641,0.0,99.99999869538296,0.0,0.0032314684448863
2271.5,160,1,64,0,-63,-1.1409346,-0.008962497,0.0040625947121641,0.0,99.99999869538296,0.0,0.0032314684448863
2272.0,160,1,64,0,-63,0.991324,-0.20025107,0.0040625947121641,0.0,99.99999869538296,0.0,0.0032314684448863
2272.5,160,1,64,0,-63,0.991324,-0.20025107,0.0040625947121641,0.0,99.99999869538296,0.0,0.0032314684448863
2273.0,160,1,64,0,-63,0.991324,-0.20025107,0.0040625947121641,0.0,99.99999869538296,0.0,0.0032314684448863
2273.5,159,1,64,0,-63,0.675361,0.019581933,0.0040625947121641,0.0,99.99999869538296,0.0,0.0032314684448863
2274.0,160,1,65,0,-64,0.6607186,-0.7445166,0.0040625947121641,0.0,99.99999869538296,0.0,0.0032314684448863
2274.5,160,1,65,0,-64,0.6607186,-0.7445166,0.0040625947121641,0.0,99.99999869538296,0.0,0.0032314684448863
2275.0,160,1,65,0,-64,0.6607186,-0.7445166,0.0040625947121641,0.0,99.99999869538296,0.0,0.0032314684448863
2275.5,165,1,69,0,-68,0.39697284,-0.23478341,0.0040625947121641,0.0,99.99999869538296,0.0,0.0032314684448863
2276.0,164,1,67,0,-66,-0.011809394,-0.35366544,0.0040625947121641,0.0,99.99999869538296,0.0,0.0032314684448863
2276.5,164,1,67,0,-66,-0.011809394,-0.35366544,0.0040625947121641,0.0,99.99999869538296,0.0,0.0032314684448863
2277.0,163,1,66,0,-65,-0.016196296,-0.076392144,0.0040625947121641,0.0,99.99999869538296,0.0,0.0032314684448863
2277.5,163,1,66,0,-65,-0.016196296,-0.076392144,0.0040625947121641,0.0,99.99999869538296,0.0,0.0032314684448863
2278.0,161,1,64,0,-63,-0.37214446,0.36854923,0.0040625947121641,0.0,99.99999869538296,0.0,0.0032314684448863
2278.5,160,1,64,0,-63,-0.048476614,-0.898952,0.0040625947121641,0.0,99.99999869538296,0.0,0.0032314684448863
2279.0,159,1,64,0,-63,-0.18862794,0.44846004,0.0040625947121641,0.0,99.99999869538296,0.0,0.0032314684448863
2279.5,160,1,64,0,-63,-1.4243854,-0.13693064,0.0040625947121641,0.0,99.99999869538296,0.0,0.0032314684448863
2280.0,160,1,64,0,-63,-1.4243854,-0.13693064,0.0040625947121641,0.0,99.99999869538296,0.0,0.0032314684448863
2280.5,160,1,64,0,-63,-1.4243854,-0.13693064,0.0040625947121641,0.0,99.99999869538296,0.0,0.0032314684448863
2281.0,159,1,63,0,-62,-1.0780536,0.27530193,0.0040625947121641,0.0,99.99999869538296,0.0,0.0032314684448863
2281.5,159,1,63,0,-62,-0.19760151,0.016314898,0.0040625947121641,0.0,99.99999869538296,0.0,0.0032314684448863
2282.0,159,1,63,0,-62,-0.19760151,0.016314898,0.0040625947121641,0.0,99.99999869538296,0.0,0.0032314684448863
2282.5,159,1,63,0,-62,-0.19760151,0.016314898,0.0040625947121641,0.0,99.99999869538296,0.0,0.0032314684448863
2283.0,159,1,63,0,-62,-0.19760151,0.016314898,0.0040625947121641,0.0,99.99999869538296,0.0,0.0032314684448863
2283.5,160,1,64,0,-63,1.1937224,-0.04678196,0.0040625947121641,0.0,99.99999869538296,0.0,0.0032314684448863
2284.0,159,1,63,0,-62,-0.28590256,0.69498837,0.0040625947121641,0.0,99.99999869538296,0.0,0.0032314684448863
2284.5,159,1,63,0,-62,-0.28590256,0.69498837,0.0040625947121641,0.0,99.99999869538296,0.0,0.0032314684448863
2285.0,161,1,64,0,-63,-0.23143756,-0.005354192,0.0040625947121641,0.0,99.99999869538296,0.0,0.0032314684448863
2285.5,160,1,63,0,-62,-0.64902514,0.24371514,0.0040625947121641,0.0,99.99999869538296,0.0,0.0032314684448863
2286.0,161,1,64,0,-63,-0.887561,0.3673101,0.0040625947121641,0.0,99.99999869538296,0.0,0.0032314684448863
2286.5,161,1,64,0,-63,-0.887561,0.3673101,0.0040625947121641,0.0,99.99999869538296,0.0,0.0032314684448863
2287.0,161,1,64,0,-63,-0.887561,0.3673101,0.0040625947121641,0.0,99.99999869538296,0.0,0.0032314684448863
2287.5,160,1,63,0,-62,0.29596746,-0.11403787,0.0040625947121641,0.0,99.99999869538296,0.0,0.0032314684448863
2288.0,158,1,62,0,-61,-0.39320874,0.05690483,0.0040625947121641,0.0,99.99999869538296,0.0,0.0032314684448863
2288.5,158,1,62,0,-61,-0.39320874,0.05690483,0.0040625947121641,0.0,99.99999869538296,0.0,0.0032314684448863
2289.0,158,1,62,0,-61,-0.39320874,0.05690483,0.0040625947121641,0.0,99.99999869538296,0.0,0.0032314684448863
2289.5,158,1,62,0,-61,-0.39320874,0.05690483,0.0040625947121641,0.0,99.99999869538296,0.0,0.0032314684448863
2290.0,158,1,62,0,-61,-0.39320874,0.05690483,0.0040625947121641,0.0,99.99999869538296,0.0,0.0032314684448863
2290.5,158,1,62,0,-61,-0.39320874,0.05690483,0.0040625947121641,0.0,99.99999869538296,0.0,0.0032314684448863
2291.0,158,1,62,0,-61,-0.33004677,-0.0843631,0.0040625947121641,0.0,99.99999869538296,0.0,0.0032314684448863
2291.5,158,1,62,0,-61,-0.33004677,-0.0843631,0.0040625947121641,0.0,99.99999869538296,0.0,0.0032314684448863
2292.0,155,1,60,0,-59,-0.050141275,-0.9280391,0.0040625947121641,0.0,99.99999869538296,0.0,0.0032314684448863
2292.5,155,1,60,0,-59,-0.050141275,-0.9280391,0.0040625947121641,0.0,99.99999869538296,0.0,0.0032314684448863
2293.0,155,1,60,0,-59,-0.050141275,-0.9280391,0.0040625947121641,0.0,99.99999869538296,0.0,0.0032314684448863
2293.5,157,1,61,0,-60,-0.07132964,-0.962981,0.0040625947121641,0.0,99.99999869538296,0.0,0.0032314684448863
2294.0,158,1,61,0,-60,0.04634455,-1.2245194,0.0040625947121641,0.0,99.99999869538296,0.0,0.0032314684448863
2294.5,158,1,61,0,-60,0.04634455,-1.2245194,0.0040625947121641,0.0,99.99999869538296,0.0,0.0032314684448863
2295.0,161,1,63,0,-62,-0.24950218,0.2688707,0.0040625947121641,0.0,99.99999869538296,0.0,0.0032314684448863
2295.5,162,1,64,0,-63,-0.3896557,0.17252599,0.0040625947121641,0.0,99.99999869538296,0.0,0.0032314684448863
2296.0,162,1,64,0,-63,-0.3896557,0.17252599,0.0040625947121641,0.0,99.99999869538296,0.0,0.0032314684448863
2296.5,162,1,64,0,-63,-0.3896557,0.17252599,0.0040625947121641,0.0,99.99999869538296,0.0,0.0032314684448863
2297.0,162,1,64,0,-63,-0.3896557,0.17252599,0.0040625947121641,0.0,99.99999869538296,0.0,0.0032314684448863
2297.5,164,1,66,0,-65,0.13473864,-1.0308496,0.0040625947121641,0.0,99.99999869538296,0.0,0.0032314684448863
2298.0,164,1,66,0,-65,0.13473864,-1.0308496,0.0040625947121641,0.0,99.99999869538296,0.0,0.0032314684448863
2298.5,164,1,66,0,-65,0.13473864,-1.0308496,0.0040625947121641,0.0,99.99999869538296,0.0,0.0032314684448863
2299.0,164,1,66,0,-65,0.13473864,-1.0308496,0.0040625947121641,0.0,99.99999869538296,0.0,0.0032314684448863
2299.5,164,1,66,0,-65,0.13473864,-1.0308496,0.0040625947121641,0.0,99.99999869538296,0.0,0.0032314684448863
2300.0,164,1,66,0,-65,0.13473864,-1.0308496,0.0040625947121641,0.0,99.99999869538296,0.0,0.0032314684448863
2300.5,163,1,65,0,-64,0.0673057,-1.0588883,0.0040625947121641,0.0,99.99999869538296,0.0,0.0032314684448863
2301.0,162,1,65,0,-64,1.4731797,0.16957389,0.0040625947121641,0.0,99.99999869538296,0.0,0.0032314684448863
2301.5,162,1,65,0,-64,1.4731797,0.16957389,0.0040625947121641,0.0,99.99999869538296,0.0,0.0032314684448863
2302.0,161,1,64,0,-63,-0.050273076,-0.70022756,0.0040625947121641,0.0,99.99999869538296,0.0,0.0032314684448863
2302.5,163,1,66,0,-65,1.2884532,0.84505725,0.0040625947121641,0.0,99.99999869538296,0.0,0.0032314684448863
2303.0,164,1,66,0,-65,1.3497697,0.7388659,0.0040625947121641,0.0,99.99999869538296,0.0,0.0032314684448863
2303.5,164,1,66,0,-65,1.3497697,0.7388659,0.0040625947121641,0.0,99.99999869538296,0.0,0.0032314684448863
2304.0,165,1,67,0,-66,1.4044029,0.68004394,0.0040625947121641,0.0,99.99999869538296,0.0,0.0032314684448863
2304.5,165,1,67,0,-66,1.4044029,0.68004394,0.0040625947121641,0.0,99.99999869538296,0.0,0.0032314684448863
2305.0,165,1,67,0,-66,1.4044029,0.68004394,0.0040625947121641,0.0,99.99999869538296,0.0,0.0032314684448863
2305.5,164,1,67,0,-66,0.044401005,0.389129,0.0040625947121641,0.0,99.99999869538296,0.0,0.0032314684448863
2306.0,160,1,65,0,-64,0.37295753,-0.9151459,0.0040625947121641,0.0,99.99999869538296,0.0,0.0032314684448863
2306.5,159,1,64,0,-63,0.28524703,-1.0220573,0.0040625947121641,0.0,99.99999869538296,0.0,0.0032314684448863
2307.0,159,1,64,0,-63,0.28524703,-1.0220573,0.0040625947121641,0.0,99.99999869538296,0.0,0.0032314684448863
2307.5,158,1,63,0,-62,-0.22300212,-1.0938525,0.0040625947121641,0.0,99.99999869538296,0.0,0.0032314684448863
2308.0,157,1,62,0,-61,-0.07786009,-0.9416772,0.0040625947121641,0.0,99.99999869538296,0.0,0.0032314684448863
2308.5,161,1,65,0,-64,-0.38863623,0.20268218,0.0040625947121641,0.0,99.99999869538296,0.0,0.0032314684448863
2309.0,163,1,64,0,-63,-0.0884398,0.18042003,0.0040625947121641,0.0,99.99999869538296,0.0,0.0032314684448863
2309.5,164,1,65,0,-64,-0.1521594,-1.0382549,0.0040625947121641,0.0,99.99999869538296,0.0,0.0032314684448863
2310.0,164,1,67,0,-66,-0.023116961,-1.0577576,0.0040625947121641,0.0,99.99999869538296,0.0,0.0032314684448863
2310.5,165,1,67,0,-66,0.020418815,0.19888839,0.0040625947121641,0.0,99.99999869538296,0.0,0.0032314684448863
2311.0,165,1,67,0,-66,-0.06520147,0.3756169,0.0040625947121641,0.0,99.99999869538296,0.0,0.0032314684448863
2311.5,165,1,68,0,-67,0.01975923,0.29612035,0.0040625947121641,0.0,99.99999869538296,0.0,0.0032314684448863
2312.0,166,1,69,0,-68,0.09267075,-0.04170135,0.0040625947121641,0.0,99.99999869538296,0.0,0.0032314684448863
2312.5,165,1,68,0,-67,-0.017845534,0.16090389,0.0040625947121641,0.0,99.99999869538296,0.0,0.0032314684448863
2313.0,165,1,68,0,-67,-0.017845534,0.16090389,0.0040625947121641,0.0,99.99999869538296,0.0,0.0032314684448863
2313.5,165,1,68,0,-67,-0.017845534,0.16090389,0.0040625947121641,0.0,99.99999869538296,0.0,0.0032314684448863
2314.0,166,1,69,0,-68,0.09267075,-0.04170135,0.0040625947121641,0.0,99.99999869538296,0.0,0.0032314684448863
2314.5,166,1,69,0,-68,0.09267075,-0.04170135,0.0040625947121641,0.0,99.99999869538296,0.0,0.0032314684448863
2315.0,166,1,69,0,-68,0.09267075,-0.04170135,0.0040625947121641,0.0,99.99999869538296,0.0,0.0032314684448863
2315.5,167,1,70,0,-69,-0.046651796,-0.035323683,0.0040625947121641,0.0,99.99999869538296,0.0,0.0032314684448863
2316.0,166,1,69,0,-68,0.06440979,0.02490833,0.0040625947121641,0.0,99.99999869538296,0.0,0.0032314684448863
2316.5,165,1,69,0,-68,0.09612994,-0.13614531,0.0040625947121641,0.0,99.99999869538296,0.0,0.0032314684448863
2317.0,163,1,68,0,-67,0.17934392,-1.1839845,0.0040625947121641,0.0,99.99999869538296,0.0,0.0032314684448863
2317.5,163,1,68,0,-67,0.17934392,-1.1839845,0.0040625947121641,0.0,99.99999869538296,0.0,0.0032314684448863
2318.0,163,1,68,0,-67,0.17934392,-1.1839845,0.0040625947121641,0.0,99.99999869538296,0.0,0.0032314684448863
2318.5,163,1,67,0,-66,0.14770156,0.09107478,0.0040625947121641,0.0,99.99999869538296,0.0,0.0032314684448863
2319.0,163,1,67,0,-66,0.14770156,0.09107478,0.0040625947121641,0.0,99.99999869538296,0.0,0.0032314684448863
2319.5,164,1,67,0,-66,-0.1523182,0.0053254776,0.0040625947121641,0.0,99.99999869538296,0.0,0.0032314684448863
2320.0,163,1,66,0,-65,-0.14731978,0.07154526,0.0040625947121641,0.0,99.99999869538296,0.0,0.0032314684448863
2320.5,164,1,67,0,-66,0.004240401,0.1075408,0.0040625947121641,0.0,99.99999869538296,0.0,0.0032314684448863
2321.0,164,1,67,0,-66,0.004240401,0.1075408,0.0040625947121641,0.0,99.99999869538296,0.0,0.0032314684448863
2321.5,164,1,67,0,-66,0.004240401,0.1075408,0.0040625947121641,0.0,99.99999869538296,0.0,0.0032314684448863
2322.0,164,1,67,0,-66,0.004240401,0.1075408,0.0040625947121641,0.0,99.99999869538296,0.0,0.0032314684448863
2322.5,165,1,67,0,-66,-0.17769513,-0.08421677,0.0040625947121641,0.0,99.99999869538296,0.0,0.0032314684448863
2323.0,166,1,67,0,-66,-0.13315265,-0.17390035,0.0040625947121641,0.0,99.99999869538296,0.0,0.0032314684448863
2323.5,165,1,67,0,-66,0.22554462,-0.9086231,0.0040625947121641,0.0,99.99999869538296,0.0,0.0032314684448863
2324.0,165,1,67,0,-66,0.22554462,-0.9086231,0.0040625947121641,0.0,99.99999869538296,0.0,0.0032314684448863
2324.5,164,1,66,0,-65,-0.1205612,-1.1316942,0.0040625947121641,0.0,99.99999869538296,0.0,0.0032314684448863
2325.0,164,1,67,0,-66,-0.29747376,-0.80136526,0.0040625947121641,0.0,99.99999869538296,0.0,0.0032314684448863
2325.5,165,1,68,0,-67,1.3349131,0.31901735,0.0040625947121641,0.0,99.99999869538296,0.0,0.0032314684448863
2326.0,165,1,68,0,-67,1.3349131,0.31901735,0.0040625947121641,0.0,99.99999869538296,0.0,0.0032314684448863
2326.5,165,1,68,0,-67,1.3349131,0.31901735,0.0040625947121641,0.0,99.99999869538296,0.0,0.0032314684448863
2327.0,165,1,68,0,-67,1.3349131,0.31901735,0.0040625947121641,0.0,99.99999869538296,0.0,0.0032314684448863
2327.5,166,1,68,0,-67,0.055114016,-1.3718433,0.0040625947121641,0.0,99.99999869538296,0.0,0.0032314684448863
2328.0,166,1,68,0,-67,0.055114016,-1.3718433,0.0040625947121641,0.0,99.99999869538296,0.0,0.0032314684448863
2328.5,166,1,68,0,-67,0.055114016,-1.3718433,0.0040625947121641,0.0,99.99999869538296,0.0,0.0032314684448863
2329.0,167,1,69,0,-68,-0.057290565,-0.99716306,0.0040625947121641,0.0,99.99999869538296,0.0,0.0032314684448863
2329.5,168,1,67,0,-66,-0.12355913,0.13004279,0.0040625947121641,0.0,99.99999869538296,0.0,0.0032314684448863
2330.0,169,1,68,0,-67,0.06328784,0.038936995,0.0040625947121641,0.0,99.99999869538296,0.0,0.0032314684448863
2330.5,170,1,68,0,-67,-0.034719586,0.10983358,0.0040625947121641,0.0,99.99999869538296,0.0,0.0032314684448863
2331.0,170,1,68,0,-67,0.063855425,-1.1536751,0.0040625947121641,0.0,99.99999869538296,0.0,0.0032314684448863
2331.5,170,1,68,0,-67,0.063855425,-1.1536751,0.0040625947121641,0.0,99.99999869538296,0.0,0.0032314684448863
2332.0,170,1,68,0,-67,0.063855425,-1.1536751,0.0040625947121641,0.0,99.99999869538296,0.0,0.0032314684448863
2332.5,168,1,67,0,-66,1.4435232,0.42603534,0.0040625947121641,0.0,99.99999869538296,0.0,0.0032314684448863
2333.0,168,1,67,0,-66,1.4435232,0.42603534,0.0040625947121641,0.0,99.99999869538296,0.0,0.0032314684448863
2333.5,169,1,68,0,-67,1.5394844,0.074578494,0.0040625947121641,0.0,99.99999869538296,0.0,0.0032314684448863
2334.0,169,1,67,0,-66,-0.9287138,0.15840666,0.0040625947121641,0.0,99.99999869538296,0.0,0.0032314684448863
2334.5,170,1,68,0,-67,-1.3532292,0.26896966,0.0040625947121641,0.0,99.99999869538296,0.0,0.0032314684448863
2335.0,166,1,66,0,-65,-1.580614,0.3842247,0.0040625947121641,0.0,99.99999869538296,0.0,0.0032314684448863
2335.5,165,1,67,0,-66,-1.2788409,0.5833805,0.0040625947121641,0.0,99.99999869538296,0.0,0.0032314684448863
2336.0,165,1,67,0,-66,-1.2788409,0.5833805,0.0040625947121641,0.0,99.99999869538296,0.0,0.0032314684448863
2336.5,164,1,67,0,-66,0.5328761,0.60681415,0.0040625947121641,0.0,99.99999869538296,0.0,0.0032314684448863
2337.0,164,1,66,0,-65,-1.3420907,0.32700613,0.0040625947121641,0.0,99.99999869538296,0.0,0.0032314684448863
2337.5,167,1,68,0,-67,0.5525773,0.30737704,0.0040625947121641,0.0,99.99999869538296,0.0,0.0032314684448863
2338.0,167,1,68,0,-67,0.5525773,0.30737704,0.0040625947121641,0.0,99.99999869538296,0.0,0.0032314684448863
2338.5,166,1,67,0,-66,0.3736577,0.5270838,0.0040625947121641,0.0,99.99999869538296,0.0,0.0032314684448863
2339.0,166,1,67,0,-66,0.3736577,0.5270838,0.0040625947121641,0.0,99.99999869538296,0.0,0.0032314684448863
2339.5,165,1,66,0,-65,0.7431856,0.44943374,0.0040625947121641,0.0,99.99999869538296,0.0,0.0032314684448863
2340.0,165,1,66,0,-65,0.7431856,0.44943374,0.0040625947121641,0.0,99.99999869538296,0.0,0.0032314684448863
2340.5,165,1,66,0,-65,0.40008503,0.08302261,0.0040625947121641,0.0,99.99999869538296,0.0,0.0032314684448863
2341.0,165,1,64,0,-63,0.0662889,-0.8201623,0.0040625947121641,0.0,99.99999869538296,0.0,0.0032314684448863
2341.5,165,1,64,0,-63,0.0662889,-0.8201623,0.0040625947121641,0.0,99.99999869538296,0.0,0.0032314684448863
2342.0,166,1,65,0,-64,0.4778173,0.28130385,0.0040625947121641,0.0,99.99999869538296,0.0,0.0032314684448863
2342.5,165,1,64,0,-63,-1.2822908,-0.20868614,0.0040625947121641,0.0,99.99999869538296,0.0,0.0032314684448863
2343.0,165,1,66,0,-65,-0.35330307,0.06164671,0.0040625947121641,0.0,99.99999869538296,0.0,0.0032314684448863
2343.5,165,1,66,0,-65,-0.35330307,0.06164671,0.0040625947121641,0.0,99.99999869538296,0.0,0.0032314684448863
2344.0,166,1,67,0,-66,1.3153621,0.465339,0.0040625947121641,0.0,99.99999869538296,0.0,0.0032314684448863
2344.5,168,1,69,0,-68,1.266814,0.29609182,0.0040625947121641,0.0,99.99999869538296,0.0,0.0032314684448863
2345.0,165,1,66,0,-65,-0.32266456,0.3738843,0.0040625947121641,0.0,99.99999869538296,0.0,0.0032314684448863
2345.5,163,1,66,0,-65,-0.24997245,0.86291,0.0040625947121641,0.0,99.99999869538296,0.0,0.0032314684448863
2346.0,161,1,66,0,-65,-0.25616443,0.52496165,0.0040625947121641,0.0,99.99999869538296,0.0,0.0032314684448863
2346.5,163,1,67,0,-66,1.3900689,0.52765554,0.0040625947121641,0.0,99.99999869538296,0.0,0.0032314684448863
2347.0,163,1,67,0,-66,1.1716669,0.5643338,0.0040625947121641,0.0,99.99999869538296,0.0,0.0032314684448863
2347.5,162,1,66,0,-65,1.3145008,0.3399454,0.0040625947121641,0.0,99.99999869538296,0.0,0.0032314684448863
2348.0,164,1,68,0,-67,1.1233681,0.4567788,0.0040625947121641,0.0,99.99999869538296,0.0,0.0032314684448863
2348.5,164,1,68,0,-67,1.1233681,0.4567788,0.0040625947121641,0.0,99.99999869538296,0.0,0.0032314684448863
2349.0,163,1,67,0,-66,-0.5716212,0.43469512,0.0040625947121641,0.0,99.99999869538296,0.0,0.0032314684448863
2349.5,162,1,66,0,-65,-1.2821194,0.5498966,0.0040625947121641,0.0,99.99999869538296,0.0,0.0032314684448863
2350.0,162,1,66,0,-65,-1.2903167,0.47548923,0.0040625947121641,0.0,99.99999869538296,0.0,0.0032314684448863
2350.5,162,1,66,0,-65,-1.2903167,0.47548923,0.0040625947121641,0.0,99.99999869538296,0.0,0.0032314684448863
2351.0,160,1,64,0,-63,-1.3851144,0.5450771,0.0040625947121641,0.0,99.99999869538296,0.0,0.0032314684448863
2351.5,159,1,65,0,-64,-1.3921796,0.65508235,0.0040625947121641,0.0,99.99999869538296,0.0,0.0032314684448863
2352.0,158,1,64,0,-63,-1.3895026,0.62098885,0.0040625947121641,0.0,99.99999869538296,0.0,0.0032314684448863
2352.5,157,1,63,0,-62,-1.0571167,0.23428641,0.0040625947121641,0.0,99.99999869538296,0.0,0.0032314684448863
2353.0,157,1,63,0,-62,-1.0571167,0.23428641,0.0040625947121641,0.0,99.99999869538296,0.0,0.0032314684448863
2353.5,159,1,64,0,-63,-1.3617711,0.36389223,0.0040625947121641,0.0,99.99999869538296,0.0,0.0032314684448863
2354.0,160,1,65,0,-64,-1.5080498,0.34647378,0.0040625947121641,0.0,99.99999869538296,0.0,0.0032314684448863
2354.5,162,1,67,0,-66,-1.3771557,0.5588392,0.0040625947121641,0.0,99.99999869538296,0.0,0.0032314684448863
2355.0,163,1,68,0,-67,1.4346673,0.2611685,0.0040625947121641,0.0,99.99999869538296,0.0,0.0032314684448863
2355.5,163,1,68,0,-67,1.4346673,0.2611685,0.0040625947121641,0.0,99.99999869538296,0.0,0.0032314684448863
2356.0,163,1,68,0,-67,1.4346673,0.2611685,0.0040625947121641,0.0,99.99999869538296,0.0,0.0032314684448863
2356.5,161,1,67,0,-66,-0.58343244,0.35518658,0.0040625947121641,0.0,99.99999869538296,0.0,0.0032314684448863
2357.0,162,1,67,0,-66,-0.5766006,0.36184162,0.0040625947121641,0.0,99.99999869538296,0.0,0.0032314684448863
2357.5,161,1,66,0,-65,-1.2590771,0.42735377,0.0040625947121641,0.0,99.99999869538296,0.0,0.0032314684448863
2358.0,161,1,66,0,-65,-1.2590771,0.42735377,0.0040625947121641,0.0,99.99999869538296,0.0,0.0032314684448863
2358.5,159,1,64,0,-63,-0.47627884,0.33649898,0.0040625947121641,0.0,99.99999869538296,0.0,0.0032314684448863
2359.0,160,1,65,0,-64,-0.35948175,0.45663255,0.0040625947121641,0.0,99.99999869538296,0.0,0.0032314684448863
2359.5,160,1,65,0,-64,-0.35948175,0.45663255,0.0040625947121641,0.0,99.99999869538296,0.0,0.0032314684448863
2360.0,160,1,65,0,-64,-0.35948175,0.45663255,0.0040625947121641,0.0,99.99999869538296,0.0,0.0032314684448863
2360.5,160,1,65,0,-64,-0.33055282,0.06470021,0.0040625947121641,0.0,99.99999869538296,0.0,0.0032314684448863
2361.0,158,1,63,0,-62,-1.2523044,0.40784818,0.0040625947121641,0.0,99.99999869538296,0.0,0.0032314684448863
2361.5,158,1,63,0,-62,0.16162302,0.35648918,0.0040625947121641,0.0,99.99999869538296,0.0,0.0032314684448863
2362.0,158,1,63,0,-62,0.16162302,0.35648918,0.0040625947121641,0.0,99.99999869538296,0.0,0.0032314684448863
2362.5,159,1,63,0,-62,-0.17890503,-0.10633287,0.0040625947121641,0.0,99.99999869538296,0.0,0.0032314684448863
2363.0,159,1,63,0,-62,-0.17890503,-0.10633287,0.0040625947121641,0.0,99.99999869538296,0.0,0.0032314684448863
2363.5,162,1,65,0,-64,-0.5392938,0.3449114,0.0040625947121641,0.0,99.99999869538296,0.0,0.0032314684448863
2364.0,162,1,65,0,-64,-0.5392938,0.3449114,0.0040625947121641,0.0,99.99999869538296,0.0,0.0032314684448863
2364.5,162,1,65,0,-64,-0.5392938,0.3449114,0.0040625947121641,0.0,99.99999869538296,0.0,0.0032314684448863
2365.0,162,1,66,0,-65,-0.22675212,0.06151618,0.0040625947121641,0.0,99.99999869538296,0.0,0.0032314684448863
2365.5,162,1,66,0,-65,-0.22675212,0.06151618,0.0040625947121641,0.0,99.99999869538296,0.0,0.0032314684448863
2366.0,162,1,66,0,-65,-0.22675212,0.06151618,0.0040625947121641,0.0,99.99999869538296,0.0,0.0032314684448863
2366.5,160,1,64,0,-63,0.022572726,0.11185847,0.0040625947121641,0.0,99.99999869538296,0.0,0.0032314684448863
2367.0,160,1,64,0,-63,0.022572726,0.11185847,0.0040625947121641,0.0,99.99999869538296,0.0,0.0032314684448863
2367.5,160,1,64,0,-63,0.022572726,0.11185847,0.0040625947121641,0.0,99.99999869538296,0.0,0.0032314684448863
2368.0,161,1,65,0,-64,-0.49064678,0.45183456,0.0040625947121641,0.0,99.99999869538296,0.0,0.0032314684448863
2368.5,159,1,64,0,-63,-0.046249893,-0.6393344,0.0040625947121641,0.0,99.99999869538296,0.0,0.0032314684448863
2369.0,159,1,65,0,-64,0.45222205,-0.5996367,0.0040625947121641,0.0,99.99999869538296,0.0,0.0032314684448863
2369.5,157,1,64,0,-63,-0.052087266,-0.848941,0.0040625947121641,0.0,99.99999869538296,0.0,0.0032314684448863
2370.0,157,1,64,0,-63,-0.052087266,-0.848941,0.0040625947121641,0.0,99.99999869538296,0.0,0.0032314684448863
2370.5,158,1,65,0,-64,-0.050826937,-0.2964915,0.0040625947121641,0.0,99.99999869538296,0.0,0.0032314684448863
2371.0,158,1,65,0,-64,-0.050826937,-0.2964915,0.0040625947121641,0.0,99.99999869538296,0.0,0.0032314684448863
2371.5,158,1,65,0,-64,-0.050826937,-0.2964915,0.0040625947121641,0.0,99.99999869538296,0.0,0.0032314684448863
2372.0,158,1,65,0,-64,-0.050826937,-0.2964915,0.0040625947121641,0.0,99.99999869538296,0.0,0.0032314684448863
2372.5,158,1,65,0,-64,-0.050826937,-0.2964915,0.0040625947121641,0.0,99.99999869538296,0.0,0.0032314684448863
2373.0,157,1,64,0,-63,-1.3986241,0.7256668,0.0040625947121641,0.0,99.99999869538296,0.0,0.0032314684448863
2373.5,158,1,65,0,-64,0.47757775,-0.055750687,0.0040625947121641,0.0,99.99999869538296,0.0,0.0032314684448863
2374.0,161,1,67,0,-66,0.61819226,-0.025743011,0.0040625947121641,0.0,99.99999869538296,0.0,0.0032314684448863
2374.5,162,1,66,0,-65,0.270041,0.53979826,0.0040625947121641,0.0,99.99999869538296,0.0,0.0032314684448863
2375.0,163,1,67,0,-66,0.5466637,0.27599055,0.0040625947121641,0.0,99.99999869538296,0.0,0.0032314684448863
2375.5,165,1,69,0,-68,-0.68896407,0.15031077,0.0040625947121641,0.0,99.99999869538296,0.0,0.0032314684448863
2376.0,164,1,68,0,-67,0.2710938,-0.69654775,0.0040625947121641,0.0,99.99999869538296,0.0,0.0032314684448863
2376.5,164,1,67,0,-66,0.17693938,-1.2174554,0.0040625947121641,0.0,99.99999869538296,0.0,0.0032314684448863
2377.0,164,1,67,0,-66,0.17693938,-1.2174554,0.0040625947121641,0.0,99.99999869538296,0.0,0.0032314684448863
2377.5,164,1,67,0,-66,0.17693938,-1.2174554,0.0040625947121641,0.0,99.99999869538296,0.0,0.0032314684448863
2378.0,164,1,67,0,-66,0.17693938,-1.2174554,0.0040625947121641,0.0,99.99999869538296,0.0,0.0032314684448863
2378.5,165,1,68,0,-67,-1.0357697,0.699022,0.0040625947121641,0.0,99.99999869538296,0.0,0.0032314684448863
2379.0,165,1,68,0,-67,-1.0357697,0.699022,0.0040625947121641,0.0,99.99999869538296,0.0,0.0032314684448863
2379.5,164,1,67,0,-66,-0.87287575,-0.118089885,0.0040625947121641,0.0,99.99999869538296,0.0,0.0032314684448863
2380.0,164,1,67,0,-66,-1.2879649,0.48643646,0.0040625947121641,0.0,99.99999869538296,0.0,0.0032314684448863
2380.5,164,1,67,0,-66,-1.2879649,0.48643646,0.0040625947121641,0.0,99.99999869538296,0.0,0.0032314684448863
2381.0,164,1,67,0,-66,-1.2879649,0.48643646,0.0040625947121641,0.0,99.99999869538296,0.0,0.0032314684448863
2381.5,163,1,66,0,-65,-1.0130796,-0.13968298,0.0040625947121641,0.0,99.99999869538296,0.0,0.0032314684448863
2382.0,162,1,65,0,-64,-0.55276126,0.40362573,0.0040625947121641,0.0,99.99999869538296,0.0,0.0032314684448863
2382.5,163,1,64,0,-63,-0.30166844,0.2263895,0.0040625947121641,0.0,99.99999869538296,0.0,0.0032314684448863
2383.0,162,1,64,0,-63,-0.05756493,-0.9618963,0.0040625947121641,0.0,99.99999869538296,0.0,0.0032314684448863
2383.5,158,1,61,0,-60,0.06970444,-0.8775535,0.0040625947121641,0.0,99.99999869538296,0.0,0.0032314684448863
2384.0,158,1,61,0,-60,0.06970444,-0.8775535,0.0040625947121641,0.0,99.99999869538296,0.0,0.0032314684448863
2384.5,158,1,61,0,-60,0.06970444,-0.8775535,0.0040625947121641,0.0,99.99999869538296,0.0,0.0032314684448863
2385.0,158,1,61,0,-60,0.06970444,-0.8775535,0.0040625947121641,0.0,99.99999869538296,0.0,0.0032314684448863
2385.5,158,1,61,0,-60,0.06970444,-0.8775535,0.0040625947121641,0.0,99.99999869538296,0.0,0.0032314684448863
2386.0,158,1,61,0,-60,0.06970444,-0.8775535,0.0040625947121641,0.0,99.99999869538296,0.0,0.0032314684448863
2386.5,160,1,63,0,-62,-1.4083394,0.515859,0.0040625947121641,0.0,99.99999869538296,0.0,0.0032314684448863
2387.0,161,1,65,0,-64,0.644988,0.71965766,0.0040625947121641,0.0,99.99999869538296,0.0,0.0032314684448863
2387.5,157,1,62,0,-61,-0.22848807,-1.0244247,0.0040625947121641,0.0,99.99999869538296,0.0,0.0032314684448863
2388.0,157,1,62,0,-61,-0.22848807,-1.0244247,0.0040625947121641,0.0,99.99999869538296,0.0,0.0032314684448863
2388.5,157,1,62,0,-61,-0.22848807,-1.0244247,0.0040625947121641,0.0,99.99999869538296,0.0,0.0032314684448863
2389.0,158,1,62,0,-61,0.3537168,0.5122629,0.0040625947121641,0.0,99.99999869538296,0.0,0.0032314684448863
2389.5,159,1,62,0,-61,0.36185205,0.7729231,0.0040625947121641,0.0,99.99999869538296,0.0,0.0032314684448863
2390.0,162,1,64,0,-63,-0.18172374,-1.0724574,0.0040625947121641,0.0,99.99999869538296,0.0,0.0032314684448863
2390.5,163,1,65,0,-64,0.7479927,0.30044246,0.0040625947121641,0.0,99.99999869538296,0.0,0.0032314684448863
2391.0,163,1,65,0,-64,0.117089525,-0.9202162,0.0040625947121641,0.0,99.99999869538296,0.0,0.0032314684448863
2391.5,164,1,66,0,-65,-0.001213327,0.3841435,0.0040625947121641,0.0,99.99999869538296,0.0,0.0032314684448863
2392.0,164,1,66,0,-65,-0.001213327,0.3841435,0.0040625947121641,0.0,99.99999869538296,0.0,0.0032314684448863
2392.5,161,1,63,0,-62,1.476684,0.43321788,0.0040625947121641,0.0,99.99999869538296,0.0,0.0032314684448863
2393.0,160,1,62,0,-61,1.3938395,0.12706706,0.0040625947121641,0.0,99.99999869538296,0.0,0.0032314684448863
2393.5,162,1,64,0,-63,-0.12225174,-0.75144935,0.0040625947121641,0.0,99.99999869538296,0.0,0.0032314684448863
2394.0,162,1,64,0,-63,-0.12225174,-0.75144935,0.0040625947121641,0.0,99.99999869538296,0.0,0.0032314684448863
2394.5,163,1,65,0,-64,0.015204996,-1.4570998,0.0040625947121641,0.0,99.99999869538296,0.0,0.0032314684448863
2395.0,163,1,65,0,-64,0.015204996,-1.4570998,0.0040625947121641,0.0,99.99999869538296,0.0,0.0032314684448863
2395.5,163,1,65,0,-64,0.015204996,-1.4570998,0.0040625947121641,0.0,99.99999869538296,0.0,0.0032314684448863
2396.0,164,1,66,0,-65,0.10405275,-0.13246663,0.0040625947121641,0.0,99.99999869538296,0.0,0.0032314684448863
2396.5,165,1,67,0,-66,-0.104293704,-0.18858583,0.0040625947121641,0.0,99.99999869538296,0.0,0.0032314684448863
2397.0,160,1,64,0,-63,0.111761466,-0.7076041,0.0040625947121641,0.0,99.99999869538296,0.0,0.0032314684448863
2397.5,161,1,65,0,-64,0.11850037,-1.1491387,0.0040625947121641,0.0,99.99999869538296,0.0,0.0032314684448863
2398.0,160,1,64,0,-63,0.18075965,-1.1137099,0.0040625947121641,0.0,99.99999869538296,0.0,0.0032314684448863
2398.5,160,1,64,0,-63,0.18075965,-1.1137099,0.0040625947121641,0.0,99.99999869538296,0.0,0.0032314684448863
2399.0,163,1,66,0,-65,1.3632201,0.5948031,0.0040625947121641,0.0,99.99999869538296,0.0,0.0032314684448863
2399.5,161,1,64,0,-63,1.5392458,0.10095857,0.0040625947121641,0.0,99.99999869538296,0.0,0.0032314684448863
2400.0,160,1,63,0,-62,-0.023370117,-0.97979283,0.0040625947121641,0.0,99.99999869538296,0.0,0.0032314684448863
2400.5,159,1,62,0,-61,-0.09669768,-0.93846774,0.0040625947121641,0.0,99.99999869538296,0.0,0.0032314684448863
2401.0,160,1,63,0,-62,-0.13768844,0.3797979,0.0040625947121641,0.0,99.99999869538296,0.0,0.0032314684448863
2401.5,163,1,63,0,-62,-0.32673043,0.6460453,0.0040625947121641,0.0,99.99999869538296,0.0,0.0032314684448863
2402.0,163,1,63,0,-62,-0.32673043,0.6460453,0.0040625947121641,0.0,99.99999869538296,0.0,0.0032314684448863
2402.5,163,1,63,0,-62,-0.32673043,0.6460453,0.0040625947121641,0.0,99.99999869538296,0.0,0.0032314684448863
2403.0,163,1,64,0,-63,0.40860885,-0.9624059,0.0040625947121641,0.0,99.99999869538296,0.0,0.0032314684448863
2403.5,163,1,64,0,-63,0.40860885,-0.9624059,0.0040625947121641,0.0,99.99999869538296,0.0,0.0032314684448863
2404.0,162,1,64,0,-63,-0.1369731,-1.0067763,0.0040625947121641,0.0,99.99999869538296,0.0,0.0032314684448863
2404.5,160,1,64,0,-63,1.2802798,0.17855163,0.0040625947121641,0.0,99.99999869538296,0.0,0.0032314684448863
2405.0,159,1,63,0,-62,1.2918012,0.3234644,0.0040625947121641,0.0,99.99999869538296,0.0,0.0032314684448863
2405.5,159,1,63,0,-62,1.2918012,0.3234644,0.0040625947121641,0.0,99.99999869538296,0.0,0.0032314684448863
2406.0,159,1,62,0,-61,-0.012363955,0.32869682,0.0040625947121641,0.0,99.99999869538296,0.0,0.0032314684448863
2406.5,159,1,62,0,-61,1.3024915,0.50747937,0.0040625947121641,0.0,99.99999869538296,0.0,0.0032314684448863
2407.0,159,1,61,0,-60,1.1174985,0.37290758,0.0040625947121641,0.0,99.99999869538296,0.0,0.0032314684448863
2407.5,160,1,62,0,-61,1.4115571,0.23756678,0.0040625947121641,0.0,99.99999869538296,0.0,0.0032314684448863
2408.0,158,1,61,0,-60,-0.12527332,0.32544577,0.0040625947121641,0.0,99.99999869538296,0.0,0.0032314684448863
2408.5,158,1,61,0,-60,-0.12527332,0.32544577,0.0040625947121641,0.0,99.99999869538296,0.0,0.0032314684448863
2409.0,158,1,61,0,-60,-0.12527332,0.32544577,0.0040625947121641,0.0,99.99999869538296,0.0,0.0032314684448863
2409.5,158,1,61,0,-60,-0.12527332,0.32544577,0.0040625947121641,0.0,99.99999869538296,0.0,0.0032314684448863
2410.0,158,1,61,0,-60,-0.12527332,0.32544577,0.0040625947121641,0.0,99.99999869538296,0.0,0.0032314684448863
2410.5,158,1,61,0,-60,-0.12527332,0.32544577,0.0040625947121641,0.0,99.99999869538296,0.0,0.0032314684448863
2411.0,158,1,61,0,-60,-0.3302322,0.44531208,0.0040625947121641,0.0,99.99999869538296,0.0,0.0032314684448863
2411.5,158,1,61,0,-60,-0.22757164,0.3894602,0.0040625947121641,0.0,99.99999869538296,0.0,0.0032314684448863
2412.0,154,1,58,0,-57,-0.23974788,0.32283545,0.0040625947121641,0.0,99.99999869538296,0.0,0.0032314684448863
2412.5,154,1,58,0,-57,-0.23974788,0.32283545,0.0040625947121641,0.0,99.99999869538296,0.0,0.0032314684448863
2413.0,155,1,59,0,-58,-0.13547803,0.48987323,0.0040625947121641,0.0,99.99999869538296,0.0,0.0032314684448863
2413.5,159,1,62,0,-61,-0.13612941,-0.727895,0.0040625947121641,0.0,99.99999869538296,0.0,0.0032314684448863
2414.0,159,1,62,0,-61,-0.13612941,-0.727895,0.0040625947121641,0.0,99.99999869538296,0.0,0.0032314684448863
2414.5,159,1,62,0,-61,-0.13612941,-0.727895,0.0040625947121641,0.0,99.99999869538296,0.0,0.0032314684448863
2415.0,158,1,62,0,-61,0.12433866,-0.6610149,0.0040625947121641,0.0,99.99999869538296,0.0,0.0032314684448863
2415.5,158,1,61,0,-60,-0.043096147,-1.1535497,0.0040625947121641,0.0,99.99999869538296,0.0,0.0032314684448863
2416.0,158,1,61,0,-60,-0.043096147,-1.1535497,0.0040625947121641,0.0,99.99999869538296,0.0,0.0032314684448863
2416.5,158,1,61,0,-60,-0.043096147,-1.1535497,0.0040625947121641,0.0,99.99999869538296,0.0,0.0032314684448863
2417.0,158,1,61,0,-60,-0.043096147,-1.1535497,0.0040625947121641,0.0,99.99999869538296,0.0,0.0032314684448863
2417.5,160,1,62,0,-61,-0.021814667,0.69330204,0.0040625947121641,0.0,99.99999869538296,0.0,0.0032314684448863
2418.0,160,1,62,0,-61,-0.021814667,0.69330204,0.0040625947121641,0.0,99.99999869538296,0.0,0.0032314684448863
2418.5,159,1,61,0,-60,0.3516063,0.65505147,0.0040625947121641,0.0,99.99999869538296,0.0,0.0032314684448863
2419.0,159,1,61,0,-60,0.3516063,0.65505147,0.0040625947121641,0.0,99.99999869538296,0.0,0.0032314684448863
2419.5,159,1,61,0,-60,0.3516063,0.65505147,0.0040625947121641,0.0,99.99999869538296,0.0,0.0032314684448863
2420.0,159,1,61,0,-60,0.3516063,0.65505147,0.0040625947121641,0.0,99.99999869538296,0.0,0.0032314684448863
2420.5,158,1,60,0,-59,-0.3636263,-1.0856377,0.0040625947121641,0.0,99.99999869538296,0.0,0.0032314684448863
2421.0,157,1,60,0,-59,-0.30677724,-1.0145391,0.0040625947121641,0.0,99.99999869538296,0.0,0.0032314684448863
2421.5,157,1,60,0,-59,-0.2687899,-1.1144193,0.0040625947121641,0.0,99.99999869538296,0.0,0.0032314684448863
2422.0,157,1,60,0,-59,-0.2687899,-1.1144193,0.0040625947121641,0.0,99.99999869538296,0.0,0.0032314684448863
2422.5,157,1,60,0,-59,-0.2687899,-1.1144193,0.0040625947121641,0.0,99.99999869538296,0.0,0.0032314684448863
2423.0,157,1,60,0,-59,-0.2687899,-1.1144193,0.0040625947121641,0.0,99.99999869538296,0.0,0.0032314684448863
2423.5,157,1,60,0,-59,-0.2687899,-1.1144193,0.0040625947121641,0.0,99.99999869538296,0.0,0.0032314684448863
2424.0,156,1,61,0,-60,-0.35288167,-1.097455,0.0040625947121641,0.0,99.99999869538296,0.0,0.0032314684448863
2424.5,157,1,61,0,-60,0.12597004,-1.4330842,0.0040625947121641,0.0,99.99999869538296,0.0,0.0032314684448863
2425.0,157,1,61,0,-60,0.12597004,-1.4330842,0.0040625947121641,0.0,99.99999869538296,0.0,0.0032314684448863
2425.5,159,1,63,0,-62,0.1954223,-1.4074173,0.0040625947121641,0.0,99.99999869538296,0.0,0.0032314684448863
2426.0,157,1,63,0,-62,0.32037985,-0.97336614,0.0040625947121641,0.0,99.99999869538296,0.0,0.0032314684448863
2426.5,157,1,63,0,-62,0.16966085,-0.54539967,0.0040625947121641,0.0,99.99999869538296,0.0,0.0032314684448863
2427.0,156,1,62,0,-61,0.23237838,-0.9596492,0.0040625947121641,0.0,99.99999869538296,0.0,0.0032314684448863
2427.5,156,1,62,0,-61,0.23237838,-0.9596492,0.0040625947121641,0.0,99.99999869538296,0.0,0.0032314684448863
2428.0,156,1,62,0,-61,0.23237838,-0.9596492,0.0040625947121641,0.0,99.99999869538296,0.0,0.0032314684448863
2428.5,156,1,62,0,-61,0.23237838,-0.9596492,0.0040625947121641,0.0,99.99999869538296,0.0,0.0032314684448863
2429.0,155,1,62,0,-61,0.014603645,-0.9828094,0.0040625947121641,0.0,99.99999869538296,0.0,0.0032314684448863
2429.5,155,1,62,0,-61,0.014603645,-0.9828094,0.0040625947121641,0.0,99.99999869538296,0.0,0.0032314684448863
2430.0,155,1,62,0,-61,0.014603645,-0.9828094,0.0040625947121641,0.0,99.99999869538296,0.0,0.0032314684448863
2430.5,155,1,62,0,-61,0.014603645,-0.9828094,0.0040625947121641,0.0,99.99999869538296,0.0,0.0032314684448863
2431.0,155,1,62,0,-61,0.014603645,-0.9828094,0.0040625947121641,0.0,99.99999869538296,0.0,0.0032314684448863
2431.5,155,1,62,0,-61,0.014603645,-0.9828094,0.0040625947121641,0.0,99.99999869538296,0.0,0.0032314684448863
2432.0,157,1,64,0,-63,0.01990413,-0.87196565,0.0040625947121641,0.0,99.99999869538296,0.0,0.0032314684448863
2432.5,158,1,65,0,-64,-0.019632451,0.34142607,0.0040625947121641,0.0,99.99999869538296,0.0,0.0032314684448863
2433.0,158,1,65,0,-64,-0.019632451,0.34142607,0.0040625947121641,0.0,99.99999869538296,0.0,0.0032314684448863
2433.5,157,1,64,0,-63,0.19313554,0.11683072,0.0040625947121641,0.0,99.99999869538296,0.0,0.0032314684448863
2434.0,156,1,63,0,-62,-0.0718112,-0.3576469,0.0040625947121641,0.0,99.99999869538296,0.0,0.0032314684448863
2434.5,155,1,62,0,-61,-0.04944644,0.13617134,0.0040625947121641,0.0,99.99999869538296,0.0,0.0032314684448863
2435.0,154,1,61,0,-60,0.20928152,-1.0509534,0.0040625947121641,0.0,99.99999869538296,0.0,0.0032314684448863
2435.5,154,1,61,0,-60,-0.52690727,0.4756313,0.0040625947121641,0.0,99.99999869538296,0.0,0.0032314684448863
2436.0,153,1,60,0,-59,-0.29754725,0.36484003,0.0040625947121641,0.0,99.99999869538296,0.0,0.0032314684448863
2436.5,154,1,61,0,-60,-0.5176669,0.3638156,0.0040625947121641,0.0,99.99999869538296,0.0,0.0032314684448863
2437.0,154,1,61,0,-60,-0.5176669,0.3638156,0.0040625947121641,0.0,99.99999869538296,0.0,0.0032314684448863
2437.5,154,1,61,0,-60,-0.5176669,0.3638156,0.0040625947121641,0.0,99.99999869538296,0.0,0.0032314684448863
2438.0,155,1,62,0,-61,-0.5697898,0.11268234,0.0040625947121641,0.0,99.99999869538296,0.0,0.0032314684448863
2438.5,155,1,62,0,-61,-0.5697898,0.11268234,0.0040625947121641,0.0,99.99999869538296,0.0,0.0032314684448863
2439.0,155,1,62,0,-61,-0.5697898,0.11268234,0.0040625947121641,0.0,99.99999869538296,0.0,0.0032314684448863
2439.5,155,1,63,0,-62,-0.027452946,-0.7684896,0.0040625947121641,0.0,99.99999869538296,0.0,0.0032314684448863
2440.0,155,1,63,0,-62,-0.027452946,-0.7684896,0.0040625947121641,0.0,99.99999869538296,0.0,0.0032314684448863
2440.5,156,1,64,0,-63,1.2770149,0.1245341,0.0040625947121641,0.0,99.99999869538296,0.0,0.0032314684448863
2441.0,154,1,62,0,-61,-0.02258268,-1.2824537,0.0040625947121641,0.0,99.99999869538296,0.0,0.0032314684448863
2441.5,154,1,62,0,-61,-0.02258268,-1.2824537,0.0040625947121641,0.0,99.99999869538296,0.0,0.0032314684448863
2442.0,153,1,60,0,-59,1.3444048,0.5690906,0.0040625947121641,0.0,99.99999869538296,0.0,0.0032314684448863
2442.5,153,1,60,0,-59,1.3444048,0.5690906,0.0040625947121641,0.0,99.99999869538296,0.0,0.0032314684448863
2443.0,152,1,59,0,-58,1.333785,0.07127389,0.0040625947121641,0.0,99.99999869538296,0.0,0.0032314684448863
2443.5,152,1,59,0,-58,1.333785,0.07127389,0.0040625947121641,0.0,99.99999869538296,0.0,0.0032314684448863
2444.0,153,1,59,0,-58,0.004928708,-0.12878409,0.0040625947121641,0.0,99.99999869538296,0.0,0.0032314684448863
2444.5,153,1,59,0,-58,0.004928708,-0.12878409,0.0040625947121641,0.0,99.99999869538296,0.0,0.0032314684448863
2445.0,154,1,60,0,-59,0.16052197,0.26828825,0.0040625947121641,0.0,99.99999869538296,0.0,0.0032314684448863
2445.5,154,1,60,0,-59,0.16052197,0.26828825,0.0040625947121641,0.0,99.99999869538296,0.0,0.0032314684448863
2446.0,154,1,60,0,-59,0.16052197,0.26828825,0.0040625947121641,0.0,99.99999869538296,0.0,0.0032314684448863
2446.5,154,1,60,0,-59,0.16052197,0.26828825,0.0040625947121641,0.0,99.99999869538296,0.0,0.0032314684448863
2447.0,154,1,60,0,-59,0.16052197,0.26828825,0.0040625947121641,0.0,99.99999869538296,0.0,0.0032314684448863
2447.5,154,1,60,0,-59,0.24611779,0.33270544,0.0040625947121641,0.0,99.99999869538296,0.0,0.0032314684448863
2448.0,151,1,57,0,-56,1.1781079,0.60378677,0.0040625947121641,0.0,99.99999869538296,0.0,0.0032314684448863
2448.5,151,1,57,0,-56,1.1781079,0.60378677,0.0040625947121641,0.0,99.99999869538296,0.0,0.0032314684448863
2449.0,151,1,57,0,-56,1.1781079,0.60378677,0.0040625947121641,0.0,99.99999869538296,0.0,0.0032314684448863
2449.5,151,1,57,0,-56,1.1781079,0.60378677,0.0040625947121641,0.0,99.99999869538296,0.0,0.0032314684448863
2450.0,151,1,57,0,-56,1.1781079,0.60378677,0.0040625947121641,0.0,99.99999869538296,0.0,0.0032314684448863
2450.5,151,1,57,0,-56,1.1781079,0.60378677,0.0040625947121641,0.0,99.99999869538296,0.0,0.0032314684448863
2451.0,150,1,56,0,-55,1.3979677,0.47971454,0.0040625947121641,0.0,99.99999869538296,0.0,0.0032314684448863
2451.5,152,1,57,0,-56,-0.1850037,0.29800403,0.0040625947121641,0.0,99.99999869538296,0.0,0.0032314684448863
2452.0,152,1,57,0,-56,-0.1850037,0.29800403,0.0040625947121641,0.0,99.99999869538296,0.0,0.0032314684448863
2452.5,152,1,57,0,-56,0.030948058,-0.94808686,0.0040625947121641,0.0,99.99999869538296,0.0,0.0032314684448863
2453.0,151,1,56,0,-55,0.268749,0.13662457,0.0040625947121641,0.0,99.99999869538296,0.0,0.0032314684448863
2453.5,152,1,55,0,-54,-0.13149153,-0.68984026,0.0040625947121641,0.0,99.99999869538296,0.0,0.0032314684448863
2454.0,153,1,56,0,-55,-0.089545265,-0.6529711,0.0040625947121641,0.0,99.99999869538296,0.0,0.0032314684448863
2454.5,153,1,56,0,-55,-0.089545265,-0.6529711,0.0040625947121641,0.0,99.99999869538296,0.0,0.0032314684448863
2455.0,154,1,57,0,-56,0.9553923,-0.36159787,0.0040625947121641,0.0,99.99999869538296,0.0,0.0032314684448863
2455.5,153,1,56,0,-55,0.34133273,-0.06735729,0.0040625947121641,0.0,99.99999869538296,0.0,0.0032314684448863
2456.0,152,1,56,0,-55,-0.5319185,0.5685914,0.0040625947121641,0.0,99.99999869538296,0.0,0.0032314684448863
2456.5,152,1,56,0,-55,-0.5319185,0.5685914,0.0040625947121641,0.0,99.99999869538296,0.0,0.0032314684448863
2457.0,153,1,57,0,-56,0.291561,0.2385778,0.0040625947121641,0.0,99.99999869538296,0.0,0.0032314684448863
2457.5,153,1,57,0,-56,0.291561,0.2385778,0.0040625947121641,0.0,99.99999869538296,0.0,0.0032314684448863
2458.0,152,1,56,0,-55,0.51493734,-0.5561053,0.0040625947121641,0.0,99.99999869538296,0.0,0.0032314684448863
2458.5,152,1,56,0,-55,0.51493734,-0.5561053,0.0040625947121641,0.0,99.99999869538296,0.0,0.0032314684448863
2459.0,153,1,57,0,-56,1.0801278,-0.09371102,0.0040625947121641,0.0,99.99999869538296,0.0,0.0032314684448863
2459.5,153,1,57,0,-56,0.18225877,0.29712647,0.0040625947121641,0.0,99.99999869538296,0.0,0.0032314684448863
2460.0,154,1,58,0,-57,0.6804914,-0.26055238,0.0040625947121641,0.0,99.99999869538296,0.0,0.0032314684448863
2460.5,154,1,58,0,-57,0.6804914,-0.26055238,0.0040625947121641,0.0,99.99999869538296,0.0,0.0032314684448863
2461.0,155,1,59,0,-58,0.6961102,-0.035387,0.0040625947121641,0.0,99.99999869538296,0.0,0.0032314684448863
2461.5,155,1,59,0,-58,0.6961102,-0.035387,0.0040625947121641,0.0,99.99999869538296,0.0,0.0032314684448863
2462.0,155,1,59,0,-58,0.6961102,-0.035387,0.0040625947121641,0.0,99.99999869538296,0.0,0.0032314684448863
2462.5,155,1,59,0,-58,0.6961102,-0.035387,0.0040625947121641,0.0,99.99999869538296,0.0,0.0032314684448863
2463.0,155,1,59,0,-58,0.6961102,-0.035387,0.0040625947121641,0.0,99.99999869538296,0.0,0.0032314684448863
2463.5,155,1,59,0,-58,0.6961102,-0.035387,0.0040625947121641,0.0,99.99999869538296,0.0,0.0032314684448863
2464.0,155,1,59,0,-58,-0.14614713,-0.043736476,0.0040625947121641,0.0,99.99999869538296,0.0,0.0032314684448863
2464.5,156,1,59,0,-58,0.9892414,-0.3916414,0.0040625947121641,0.0,99.99999869538296,0.0,0.0032314684448863
2465.0,156,1,59,0,-58,0.7336723,-0.112121254,0.0040625947121641,0.0,99.99999869538296,0.0,0.0032314684448863
2465.5,156,1,59,0,-58,0.7336723,-0.112121254,0.0040625947121641,0.0,99.99999869538296,0.0,0.0032314684448863
2466.0,156,1,59,0,-58,0.7336723,-0.112121254,0.0040625947121641,0.0,99.99999869538296,0.0,0.0032314684448863
2466.5,155,1,58,0,-57,0.3612944,-0.7727382,0.0040625947121641,0.0,99.99999869538296,0.0,0.0032314684448863
2467.0,157,1,60,0,-59,0.29643112,-0.49726975,0.0040625947121641,0.0,99.99999869538296,0.0,0.0032314684448863
2467.5,158,1,61,0,-60,-0.6749876,0.15899774,0.0040625947121641,0.0,99.99999869538296,0.0,0.0032314684448863
2468.0,158,1,60,0,-59,0.49684197,-0.4649781,0.0040625947121641,0.0,99.99999869538296,0.0,0.0032314684448863
2468.5,158,1,60,0,-59,0.49684197,-0.4649781,0.0040625947121641,0.0,99.99999869538296,0.0,0.0032314684448863
2469.0,157,1,59,0,-58,0.17435916,-0.23311597,0.0040625947121641,0.0,99.99999869538296,0.0,0.0032314684448863
2469.5,157,1,59,0,-58,0.17435916,-0.23311597,0.0040625947121641,0.0,99.99999869538296,0.0,0.0032314684448863
2470.0,157,1,59,0,-58,0.17435916,-0.23311597,0.0040625947121641,0.0,99.99999869538296,0.0,0.0032314684448863
2470.5,157,1,59,0,-58,0.17435916,-0.23311597,0.0040625947121641,0.0,99.99999869538296,0.0,0.0032314684448863
2471.0,157,1,59,0,-58,0.17435916,-0.23311597,0.0040625947121641,0.0,99.99999869538296,0.0,0.0032314684448863
2471.5,157,1,59,0,-58,-0.26968706,-0.3045727,0.0040625947121641,0.0,99.99999869538296,0.0,0.0032314684448863
2472.0,157,1,59,0,-58,-0.26968706,-0.3045727,0.0040625947121641,0.0,99.99999869538296,0.0,0.0032314684448863
2472.5,157,1,60,0,-59,0.47073781,-0.0022790022,0.0040625947121641,0.0,99.99999869538296,0.0,0.0032314684448863
2473.0,157,1,60,0,-59,0.47073781,-0.0022790022,0.0040625947121641,0.0,99.99999869538296,0.0,0.0032314684448863
2473.5,157,1,60,0,-59,0.47073781,-0.0022790022,0.0040625947121641,0.0,99.99999869538296,0.0,0.0032314684448863
2474.0,157,1,60,0,-59,0.18568473,-0.6902368,0.0040625947121641,0.0,99.99999869538296,0.0,0.0032314684448863
2474.5,158,1,61,0,-60,0.44679683,-0.4291124,0.0040625947121641,0.0,99.99999869538296,0.0,0.0032314684448863
2475.0,156,1,59,0,-58,0.63452715,-0.43387252,0.0040625947121641,0.0,99.99999869538296,0.0,0.0032314684448863
2475.5,157,1,60,0,-59,-0.061550006,-0.16795906,0.0040625947121641,0.0,99.99999869538296,0.0,0.0032314684448863
2476.0,157,1,60,0,-59,-0.061550006,-0.16795906,0.0040625947121641,0.0,99.99999869538296,0.0,0.0032314684448863
2476.5,157,1,60,0,-59,-0.061550006,-0.16795906,0.0040625947121641,0.0,99.99999869538296,0.0,0.0032314684448863
2477.0,157,1,60,0,-59,-0.061550006,-0.16795906,0.0040625947121641,0.0,99.99999869538296,0.0,0.0032314684448863
2477.5,157,1,60,0,-59,-0.061550006,-0.16795906,0.0040625947121641,0.0,99.99999869538296,0.0,0.0032314684448863
2478.0,157,1,60,0,-59,0.004857555,-0.2635314,0.0040625947121641,0.0,99.99999869538296,0.0,0.0032314684448863
2478.5,158,1,60,0,-59,0.110525,-0.24501902,0.0040625947121641,0.0,99.99999869538296,0.0,0.0032314684448863
2479.0,155,1,58,0,-57,0.19693775,0.36563373,0.0040625947121641,0.0,99.99999869538296,0.0,0.0032314684448863
2479.5,158,1,60,0,-59,-0.2947659,-0.009150818,0.0040625947121641,0.0,99.99999869538296,0.0,0.0032314684448863
2480.0,157,1,59,0,-58,-0.30167955,0.11366126,0.0040625947121641,0.0,99.99999869538296,0.0,0.0032314684448863
2480.5,158,1,60,0,-59,-0.43007016,-0.027844321,0.0040625947121641,0.0,99.99999869538296,0.0,0.0032314684448863
2481.0,157,1,59,0,-58,0.6113517,-0.9411434,0.0040625947121641,0.0,99.99999869538296,0.0,0.0032314684448863
2481.5,157,1,59,0,-58,0.6113517,-0.9411434,0.0040625947121641,0.0,99.99999869538296,0.0,0.0032314684448863
2482.0,158,1,60,0,-59,0.3767259,-0.3981219,0.0040625947121641,0.0,99.99999869538296,0.0,0.0032314684448863
2482.5,158,1,60,0,-59,0.3767259,-0.3981219,0.0040625947121641,0.0,99.99999869538296,0.0,0.0032314684448863
2483.0,158,1,60,0,-59,0.3767259,-0.3981219,0.0040625947121641,0.0,99.99999869538296,0.0,0.0032314684448863
2483.5,158,1,60,0,-59,-0.43204135,0.39632317,0.0040625947121641,0.0,99.99999869538296,0.0,0.0032314684448863
2484.0,157,1,59,0,-58,-0.5678369,0.006376397,0.0040625947121641,0.0,99.99999869538296,0.0,0.0032314684448863
2484.5,157,1,59,0,-58,-0.5678369,0.006376397,0.0040625947121641,0.0,99.99999869538296,0.0,0.0032314684448863
2485.0,156,1,58,0,-57,-0.3820997,0.8912133,0.0040625947121641,0.0,99.99999869538296,0.0,0.0032314684448863
2485.5,156,1,58,0,-57,-0.3820997,0.8912133,0.0040625947121641,0.0,99.99999869538296,0.0,0.0032314684448863
2486.0,156,1,58,0,-57,-0.3820997,0.8912133,0.0040625947121641,0.0,99.99999869538296,0.0,0.0032314684448863
2486.5,155,1,57,0,-56,0.55920607,0.50810397,0.0040625947121641,0.0,99.99999869538296,0.0,0.0032314684448863
2487.0,156,1,58,0,-57,0.5200693,0.45579368,0.0040625947121641,0.0,99.99999869538296,0.0,0.0032314684448863
2487.5,157,1,59,0,-58,0.34268624,-0.23960239,0.0040625947121641,0.0,99.99999869538296,0.0,0.0032314684448863
2488.0,157,1,59,0,-58,0.48453575,0.4821713,0.0040625947121641,0.0,99.99999869538296,0.0,0.0032314684448863
2488.5,157,1,59,0,-58,0.48453575,0.4821713,0.0040625947121641,0.0,99.99999869538296,0.0,0.0032314684448863
2489.0,157,1,59,0,-58,0.48453575,0.4821713,0.0040625947121641,0.0,99.99999869538296,0.0,0.0032314684448863
2489.5,155,1,58,0,-57,-1.1344962,0.28508303,0.0040625947121641,0.0,99.99999869538296,0.0,0.0032314684448863
2490.0,156,1,59,0,-58,-0.087962955,0.5075903,0.0040625947121641,0.0,99.99999869538296,0.0,0.0032314684448863
2490.5,155,1,58,0,-57,-0.2894125,-0.100866094,0.0040625947121641,0.0,99.99999869538296,0.0,0.0032314684448863
2491.0,156,1,59,0,-58,1.2647606,0.9170383,0.0040625947121641,0.0,99.99999869538296,0.0,0.0032314684448863
2491.5,156,1,59,0,-58,-0.3003608,-1.0499997,0.0040625947121641,0.0,99.99999869538296,0.0,0.0032314684448863
2492.0,156,1,59,0,-58,-0.3003608,-1.0499997,0.0040625947121641,0.0,99.99999869538296,0.0,0.0032314684448863
2492.5,156,1,59,0,-58,-0.3003608,-1.0499997,0.0040625947121641,0.0,99.99999869538296,0.0,0.0032314684448863
2493.0,156,1,60,0,-59,-0.37841183,-1.0947238,0.0040625947121641,0.0,99.99999869538296,0.0,0.0032314684448863
2493.5,156,1,60,0,-59,-0.37841183,-1.0947238,0.0040625947121641,0.0,99.99999869538296,0.0,0.0032314684448863
2494.0,155,1,59,0,-58,-0.3499989,-1.0183036,0.0040625947121641,0.0,99.99999869538296,0.0,0.0032314684448863
2494.5,155,1,59,0,-58,-0.3499989,-1.0183036,0.0040625947121641,0.0,99.99999869538296,0.0,0.0032314684448863
2495.0,155,1,59,0,-58,-0.102898955,0.9009284,0.0040625947121641,0.0,99.99999869538296,0.0,0.0032314684448863
2495.5,153,1,57,0,-56,1.2938277,0.9724462,0.0040625947121641,0.0,99.99999869538296,0.0,0.0032314684448863
2496.0,153,1,57,0,-56,1.2938277,0.9724462,0.0040625947121641,0.0,99.99999869538296,0.0,0.0032314684448863
2496.5,152,1,57,0,-56,-0.63582796,-0.09540361,0.0040625947121641,0.0,99.99999869538296,0.0,0.0032314684448863
2497.0,152,1,57,0,-56,-0.63582796,-0.09540361,0.0040625947121641,0.0,99.99999869538296,0.0,0.0032314684448863
2497.5,154,1,58,0,-57,-0.22125772,1.0699481,0.0040625947121641,0.0,99.99999869538296,0.0,0.0032314684448863
2498.0,155,1,58,0,-57,-1.004616,1.0259578,0.0040625947121641,0.0,99.99999869538296,0.0,0.0032314684448863
2498.5,155,1,58,0,-57,-1.004616,1.0259578,0.0040625947121641,0.0,99.99999869538296,0.0,0.0032314684448863
2499.0,158,1,60,0,-59,1.1799921,0.17781612,0.0040625947121641,0.0,99.99999869538296,0.0,0.0032314684448863
2499.5,158,1,60,0,-59,1.530973,0.33945194,0.0040625947121641,0.0,99.99999869538296,0.0,0.0032314684448863
2500.0,157,1,60,0,-59,0.18926711,0.9359591,0.0040625947121641,0.0,99.99999869538296,0.0,0.0032314684448863
2500.5,157,1,61,0,-60,-0.28951973,0.45353797,0.0040625947121641,0.0,99.99999869538296,0.0,0.0032314684448863
2501.0,157,1,61,0,-60,-0.28951973,0.45353797,0.0040625947121641,0.0,99.99999869538296,0.0,0.0032314684448863
2501.5,157,1,61,0,-60,-0.30730236,0.39296716,0.0040625947121641,0.0,99.99999869538296,0.0,0.0032314684448863
2502.0,158,1,62,0,-61,0.46799952,0.005327467,0.0040625947121641,0.0,99.99999869538296,0.0,0.0032314684448863
2502.5,156,1,61,0,-60,0.29769415,0.10933353,0.0040625947121641,0.0,99.99999869538296,0.0,0.0032314684448863
2503.0,155,1,60,0,-59,0.2882753,0.31755012,0.0040625947121641,0.0,99.99999869538296,0.0,0.0032314684448863
2503.5,155,1,60,0,-59,0.2882753,0.31755012,0.0040625947121641,0.0,99.99999869538296,0.0,0.0032314684448863
2504.0,155,1,60,0,-59,0.2882753,0.31755012,0.0040625947121641,0.0,99.99999869538296,0.0,0.0032314684448863
2504.5,155,1,60,0,-59,0.2882753,0.31755012,0.0040625947121641,0.0,99.99999869538296,0.0,0.0032314684448863
2505.0,155,1,60,0,-59,0.2882753,0.31755012,0.0040625947121641,0.0,99.99999869538296,0.0,0.0032314684448863
2505.5,154,1,59,0,-58,0.18433292,0.2004096,0.0040625947121641,0.0,99.99999869538296,0.0,0.0032314684448863
2506.0,154,1,59,0,-58,0.18433292,0.2004096,0.0040625947121641,0.0,99.99999869538296,0.0,0.0032314684448863
2506.5,156,1,60,0,-59,-0.04390285,-0.27179068,0.0040625947121641,0.0,99.99999869538296,0.0,0.0032314684448863
2507.0,156,1,60,0,-59,-0.04390285,-0.27179068,0.0040625947121641,0.0,99.99999869538296,0.0,0.0032314684448863
2507.5,156,1,60,0,-59,-0.04390285,-0.27179068,0.0040625947121641,0.0,99.99999869538296,0.0,0.0032314684448863
2508.0,155,1,59,0,-58,-0.08306146,-1.1807704,0.0040625947121641,0.0,99.99999869538296,0.0,0.0032314684448863
2508.5,156,1,59,0,-58,0.15884502,0.13649221,0.0040625947121641,0.0,99.99999869538296,0.0,0.0032314684448863
2509.0,156,1,59,0,-58,0.15884502,0.13649221,0.0040625947121641,0.0,99.99999869538296,0.0,0.0032314684448863
2509.5,155,1,58,0,-57,-0.28918397,0.5524293,0.0040625947121641,0.0,99.99999869538296,0.0,0.0032314684448863
2510.0,154,1,58,0,-57,-0.5610225,0.43750465,0.0040625947121641,0.0,99.99999869538296,0.0,0.0032314684448863
2510.5,152,1,56,0,-55,-0.36797,0.2830109,0.0040625947121641,0.0,99.99999869538296,0.0,0.0032314684448863
2511.0,152,1,56,0,-55,-0.36797,0.2830109,0.0040625947121641,0.0,99.99999869538296,0.0,0.0032314684448863
2511.5,153,1,57,0,-56,-0.16915762,-0.030489404,0.0040625947121641,0.0,99.99999869538296,0.0,0.0032314684448863
2512.0,154,1,58,0,-57,-0.25317353,-0.19775026,0.0040625947121641,0.0,99.99999869538296,0.0,0.0032314684448863
2512.5,153,1,57,0,-56,-0.13212475,-0.51441306,0.0040625947121641,0.0,99.99999869538296,0.0,0.0032314684448863
2513.0,153,1,57,0,-56,-0.13212475,-0.51441306,0.0040625947121641,0.0,99.99999869538296,0.0,0.0032314684448863
2513.5,153,1,57,0,-56,-0.13212475,-0.51441306,0.0040625947121641,0.0,99.99999869538296,0.0,0.0032314684448863
2514.0,151,1,56,0,-55,-1.0419418,-0.21180862,0.0040625947121641,0.0,99.99999869538296,0.0,0.0032314684448863
2514.5,151,1,56,0,-55,-1.0419418,-0.21180862,0.0040625947121641,0.0,99.99999869538296,0.0,0.0032314684448863
2515.0,149,1,55,0,-54,-0.5613113,0.6809138,0.0040625947121641,0.0,99.99999869538296,0.0,0.0032314684448863
2515.5,149,1,55,0,-54,-0.5613113,0.6809138,0.0040625947121641,0.0,99.99999869538296,0.0,0.0032314684448863
2516.0,149,1,55,0,-54,-0.5613113,0.6809138,0.0040625947121641,0.0,99.99999869538296,0.0,0.0032314684448863
2516.5,148,1,54,0,-53,-0.20794825,-0.5997973,0.0040625947121641,0.0,99.99999869538296,0.0,0.0032314684448863
2517.0,147,1,53,0,-52,1.1249952,0.75437045,0.0040625947121641,0.0,99.99999869538296,0.0,0.0032314684448863
2517.5,147,1,53,0,-52,1.1249952,0.75437045,0.0040625947121641,0.0,99.99999869538296,0.0,0.0032314684448863
2518.0,150,1,56,0,-55,-0.659782,0.7992996,0.0040625947121641,0.0,99.99999869538296,0.0,0.0032314684448863
2518.5,150,1,56,0,-55,-0.659782,0.7992996,0.0040625947121641,0.0,99.99999869538296,0.0,0.0032314684448863
2519.0,150,1,56,0,-55,-0.659782,0.7992996,0.0040625947121641,0.0,99.99999869538296,0.0,0.0032314684448863
2519.5,150,1,56,0,-55,-0.659782,0.7992996,0.0040625947121641,0.0,99.99999869538296,0.0,0.0032314684448863
2520.0,150,1,56,0,-55,-0.659782,0.7992996,0.0040625947121641,0.0,99.99999869538296,0.0,0.0032314684448863
2520.5,151,1,57,0,-56,-0.4186567,0.5579404,0.0040625947121641,0.0,99.99999869538296,0.0,0.0032314684448863
2521.0,151,1,57,0,-56,-0.4186567,0.5579404,0.0040625947121641,0.0,99.99999869538296,0.0,0.0032314684448863
2521.5,152,1,58,0,-57,-0.70199746,0.60652035,0.0040625947121641,0.0,99.99999869538296,0.0,0.0032314684448863
2522.0,153,1,58,0,-57,-0.70199746,0.60652035,0.0040625947121641,0.0,99.99999869538296,0.0,0.0032314684448863
2522.5,153,1,58,0,-57,-0.70199746,0.60652035,0.0040625947121641,0.0,99.99999869538296,0.0,0.0032314684448863
2523.0,153,1,58,0,-57,-0.70199746,0.60652035,0.0040625947121641,0.0,99.99999869538296,0.0,0.0032314684448863
2523.5,153,1,58,0,-57,-0.70199746,0.60652035,0.0040625947121641,0.0,99.99999869538296,0.0,0.0032314684448863
2524.0,154,1,59,0,-58,-0.12907705,-0.37006944,0.0040625947121641,0.0,99.99999869538296,0.0,0.0032314684448863
2524.5,151,1,57,0,-56,-0.7631209,0.08336574,0.0040625947121641,0.0,99.99999869538296,0.0,0.0032314684448863
2525.0,152,1,57,0,-56,-0.11787255,0.045108758,0.0040625947121641,0.0,99.99999869538296,0.0,0.0032314684448863
2525.5,153,1,58,0,-57,-0.19902518,0.14149272,0.0040625947121641,0.0,99.99999869538296,0.0,0.0032314684448863
2526.0,153,1,58,0,-57,-0.19902518,0.14149272,0.0040625947121641,0.0,99.99999869538296,0.0,0.0032314684448863
2526.5,154,1,59,0,-58,-0.09935649,-0.47568607,0.0040625947121641,0.0,99.99999869538296,0.0,0.0032314684448863
2527.0,154,1,59,0,-58,-0.09935649,-0.47568607,0.0040625947121641,0.0,99.99999869538296,0.0,0.0032314684448863
2527.5,153,1,58,0,-57,0.21489741,-0.6613239,0.0040625947121641,0.0,99.99999869538296,0.0,0.0032314684448863
2528.0,153,1,58,0,-57,0.21489741,-0.6613239,0.0040625947121641,0.0,99.99999869538296,0.0,0.0032314684448863
2528.5,154,1,58,0,-57,0.12378363,-0.30880505,0.0040625947121641,0.0,99.99999869538296,0.0,0.0032314684448863
2529.0,153,1,57,0,-56,-0.5526242,-0.09423819,0.0040625947121641,0.0,99.99999869538296,0.0,0.0032314684448863
2529.5,153,1,57,0,-56,-0.5526242,-0.09423819,0.0040625947121641,0.0,99.99999869538296,0.0,0.0032314684448863
2530.0,155,1,58,0,-57,0.27806777,-0.3847425,0.0040625947121641,0.0,99.99999869538296,0.0,0.0032314684448863
2530.5,155,1,58,0,-57,0.30399418,-0.70369816,0.0040625947121641,0.0,99.99999869538296,0.0,0.0032314684448863
2531.0,151,1,55,0,-54,0.038596556,0.11073883,0.0040625947121641,0.0,99.99999869538296,0.0,0.0032314684448863
2531.5,153,1,56,0,-55,0.4437577,0.6317771,0.0040625947121641,0.0,99.99999869538296,0.0,0.0032314684448863
2532.0,154,1,56,0,-55,0.048065796,-0.004351724,0.0040625947121641,0.0,99.99999869538296,0.0,0.0032314684448863
2532.5,154,1,56,0,-55,0.048065796,-0.004351724,0.0040625947121641,0.0,99.99999869538296,0.0,0.0032314684448863
2533.0,153,1,56,0,-55,0.5678683,0.04727533,0.0040625947121641,0.0,99.99999869538296,0.0,0.0032314684448863
2533.5,153,1,56,0,-55,0.5678683,0.04727533,0.0040625947121641,0.0,99.99999869538296,0.0,0.0032314684448863
2534.0,153,1,56,0,-55,0.6702744,-0.012154218,0.0040625947121641,0.0,99.99999869538296,0.0,0.0032314684448863
2534.5,154,1,57,0,-56,0.59896064,0.5921105,0.0040625947121641,0.0,99.99999869538296,0.0,0.0032314684448863
2535.0,154,1,57,0,-56,0.59896064,0.5921105,0.0040625947121641,0.0,99.99999869538296,0.0,0.0032314684448863
2535.5,154,1,57,0,-56,0.59896064,0.5921105,0.0040625947121641,0.0,99.99999869538296,0.0,0.0032314684448863
2536.0,153,1,56,0,-55,0.17907564,-0.75731623,0.0040625947121641,0.0,99.99999869538296,0.0,0.0032314684448863
2536.5,153,1,56,0,-55,0.17907564,-0.75731623,0.0040625947121641,0.0,99.99999869538296,0.0,0.0032314684448863
2537.0,153,1,56,0,-55,0.17907564,-0.75731623,0.0040625947121641,0.0,99.99999869538296,0.0,0.0032314684448863
2537.5,154,1,57,0,-56,0.4296707,-0.32171723,0.0040625947121641,0.0,99.99999869538296,0.0,0.0032314684448863
2538.0,154,1,57,0,-56,0.4296707,-0.32171723,0.0040625947121641,0.0,99.99999869538296,0.0,0.0032314684448863
2538.5,153,1,56,0,-55,0.060355827,-0.43227896,0.0040625947121641,0.0,99.99999869538296,0.0,0.0032314684448863
2539.0,152,1,55,0,-54,-0.23680435,-0.9558605,0.0040625947121641,0.0,99.99999869538296,0.0,0.0032314684448863
2539.5,151,1,55,0,-54,-0.25458127,-0.81656706,0.0040625947121641,0.0,99.99999869538296,0.0,0.0032314684448863
2540.0,151,1,55,0,-54,-0.25458127,-0.81656706,0.0040625947121641,0.0,99.99999869538296,0.0,0.0032314684448863
2540.5,151,1,55,0,-54,-0.25458127,-0.81656706,0.0040625947121641,0.0,99.99999869538296,0.0,0.0032314684448863
2541.0,153,1,57,0,-56,-0.044435628,-0.6966553,0.0040625947121641,0.0,99.99999869538296,0.0,0.0032314684448863
2541.5,154,1,58,0,-57,0.116062984,-0.3160311,0.0040625947121641,0.0,99.99999869538296,0.0,0.0032314684448863
2542.0,154,1,58,0,-57,0.116062984,-0.3160311,0.0040625947121641,0.0,99.99999869538296,0.0,0.0032314684448863
2542.5,156,1,60,0,-59,0.7449275,-0.95105463,0.0040625947121641,0.0,99.99999869538296,0.0,0.0032314684448863
2543.0,156,1,60,0,-59,0.7449275,-0.95105463,0.0040625947121641,0.0,99.99999869538296,0.0,0.0032314684448863
2543.5,156,1,60,0,-59,0.7449275,-0.95105463,0.0040625947121641,0.0,99.99999869538296,0.0,0.0032314684448863
2544.0,154,1,59,0,-58,-0.021243356,-0.9268808,0.0040625947121641,0.0,99.99999869538296,0.0,0.0032314684448863
2544.5,153,1,59,0,-58,0.104583114,0.1424619,0.0040625947121641,0.0,99.99999869538296,0.0,0.0032314684448863
2545.0,153,1,59,0,-58,0.104583114,0.1424619,0.0040625947121641,0.0,99.99999869538296,0.0,0.0032314684448863
2545.5,157,1,62,0,-61,0.46420062,-0.26523766,0.0040625947121641,0.0,99.99999869538296,0.0,0.0032314684448863
2546.0,157,1,62,0,-61,0.46420062,-0.26523766,0.0040625947121641,0.0,99.99999869538296,0.0,0.0032314684448863
2546.5,156,1,61,0,-60,0.12142824,0.06962784,0.0040625947121641,0.0,99.99999869538296,0.0,0.0032314684448863
2547.0,155,1,60,0,-59,-0.7542303,0.7931585,0.0040625947121641,0.0,99.99999869538296,0.0,0.0032314684448863
2547.5,156,1,61,0,-60,-1.1659908,0.39178836,0.0040625947121641,0.0,99.99999869538296,0.0,0.0032314684448863
2548.0,156,1,61,0,-60,-1.1659908,0.39178836,0.0040625947121641,0.0,99.99999869538296,0.0,0.0032314684448863
2548.5,156,1,61,0,-60,-1.1659908,0.39178836,0.0040625947121641,0.0,99.99999869538296,0.0,0.0032314684448863
2549.0,156,1,61,0,-60,-1.1659908,0.39178836,0.0040625947121641,0.0,99.99999869538296,0.0,0.0032314684448863
2549.5,157,1,62,0,-61,-0.3170638,0.28567433,0.0040625947121641,0.0,99.99999869538296,0.0,0.0032314684448863
2550.0,157,1,62,0,-61,-0.3170638,0.28567433,0.0040625947121641,0.0,99.99999869538296,0.0,0.0032314684448863
2550.5,157,1,62,0,-61,-0.74297386,0.7701005,0.0040625947121641,0.0,99.99999869538296,0.0,0.0032314684448863
2551.0,157,1,62,0,-61,-0.15613358,0.66886914,0.0040625947121641,0.0,99.99999869538296,0.0,0.0032314684448863
2551.5,157,1,62,0,-61,-0.15613358,0.66886914,0.0040625947121641,0.0,99.99999869538296,0.0,0.0032314684448863
2552.0,159,1,63,0,-62,-0.11635549,0.56775355,0.0040625947121641,0.0,99.99999869538296,0.0,0.0032314684448863
2552.5,155,1,60,0,-59,0.058341548,0.6382308,0.0040625947121641,0.0,99.99999869538296,0.0,0.0032314684448863
2553.0,155,1,60,0,-59,0.058341548,0.6382308,0.0040625947121641,0.0,99.99999869538296,0.0,0.0032314684448863
2553.5,158,1,62,0,-61,0.45731544,-1.077799,0.0040625947121641,0.0,99.99999869538296,0.0,0.0032314684448863
2554.0,158,1,62,0,-61,0.45731544,-1.077799,0.0040625947121641,0.0,99.99999869538296,0.0,0.0032314684448863
2554.5,158,1,62,0,-61,0.45731544,-1.077799,0.0040625947121641,0.0,99.99999869538296,0.0,0.0032314684448863
2555.0,158,1,62,0,-61,0.45731544,-1.077799,0.0040625947121641,0.0,99.99999869538296,0.0,0.0032314684448863
2555.5,158,1,61,0,-60,0.010727458,-0.7021802,0.0040625947121641,0.0,99.99999869538296,0.0,0.0032314684448863
2556.0,158,1,61,0,-60,0.010727458,-0.7021802,0.0040625947121641,0.0,99.99999869538296,0.0,0.0032314684448863
2556.5,158,1,61,0,-60,0.010727458,-0.7021802,0.0040625947121641,0.0,99.99999869538296,0.0,0.0032314684448863
2557.0,156,1,59,0,-58,0.20438786,-1.1250521,0.0040625947121641,0.0,99.99999869538296,0.0,0.0032314684448863
2557.5,156,1,59,0,-58,0.20438786,-1.1250521,0.0040625947121641,0.0,99.99999869538296,0.0,0.0032314684448863
2558.0,156,1,59,0,-58,0.20438786,-1.1250521,0.0040625947121641,0.0,99.99999869538296,0.0,0.0032314684448863
2558.5,156,1,59,0,-58,0.20438786,-1.1250521,0.0040625947121641,0.0,99.99999869538296,0.0,0.0032314684448863
2559.0,155,1,59,0,-58,-0.12280257,-0.7108135,0.0040625947121641,0.0,99.99999869538296,0.0,0.0032314684448863
2559.5,155,1,59,0,-58,-0.12280257,-0.7108135,0.0040625947121641,0.0,99.99999869538296,0.0,0.0032314684448863
2560.0,155,1,59,0,-58,-0.12280257,-0.7108135,0.0040625947121641,0.0,99.99999869538296,0.0,0.0032314684448863
2560.5,154,1,58,0,-57,0.38818115,0.94420123,0.0040625947121641,0.0,99.99999869538296,0.0,0.0032314684448863
2561.0,155,1,59,0,-58,-0.12592338,-0.30465654,0.0040625947121641,0.0,99.99999869538296,0.0,0.0032314684448863
2561.5,154,1,58,0,-57,-0.060873136,-0.3139916,0.0040625947121641,0.0,99.99999869538296,0.0,0.0032314684448863
2562.0,154,1,58,0,-57,-0.060873136,-0.3139916,0.0040625947121641,0.0,99.99999869538296,0.0,0.0032314684448863
2562.5,154,1,58,0,-57,-0.060873136,-0.3139916,0.0040625947121641,0.0,99.99999869538296,0.0,0.0032314684448863
2563.0,155,1,57,0,-56,-0.4079975,0.8462095,0.0040625947121641,0.0,99.99999869538296,0.0,0.0032314684448863
2563.5,155,1,57,0,-56,0.7262,-0.40154374,0.0040625947121641,0.0,99.99999869538296,0.0,0.0032314684448863
2564.0,155,1,57,0,-56,0.7262,-0.40154374,0.0040625947121641,0.0,99.99999869538296,0.0,0.0032314684448863
2564.5,154,1,56,0,-55,0.29903644,-0.8629362,0.0040625947121641,0.0,99.99999869538296,0.0,0.0032314684448863
2565.0,154,1,56,0,-55,0.29903644,-0.8629362,0.0040625947121641,0.0,99.99999869538296,0.0,0.0032314684448863
2565.5,150,1,55,0,-54,-0.020871632,0.515029,0.0040625947121641,0.0,99.99999869538296,0.0,0.0032314684448863
2566.0,153,1,57,0,-56,0.9089187,0.18010178,0.0040625947121641,0.0,99.99999869538296,0.0,0.0032314684448863
2566.5,154,1,58,0,-57,0.15173216,-0.09825045,0.0040625947121641,0.0,99.99999869538296,0.0,0.0032314684448863
2567.0,155,1,58,0,-57,-0.00557667,-0.93813384,0.0040625947121641,0.0,99.99999869538296,0.0,0.0032314684448863
2567.5,154,1,57,0,-56,0.5172507,-0.5894229,0.0040625947121641,0.0,99.99999869538296,0.0,0.0032314684448863
2568.0,154,1,57,0,-56,0.5172507,-0.5894229,0.0040625947121641,0.0,99.99999869538296,0.0,0.0032314684448863
2568.5,154,1,57,0,-56,0.5172507,-0.5894229,0.0040625947121641,0.0,99.99999869538296,0.0,0.0032314684448863
2569.0,154,1,57,0,-56,-0.30540124,-0.11299223,0.0040625947121641,0.0,99.99999869538296,0.0,0.0032314684448863
2569.5,155,1,56,0,-55,-0.22742985,0.21967158,0.0040625947121641,0.0,99.99999869538296,0.0,0.0032314684448863
2570.0,156,1,57,0,-56,0.13625105,-0.3802184,0.0040625947121641,0.0,99.99999869538296,0.0,0.0032314684448863
2570.5,156,1,57,0,-56,0.13625105,-0.3802184,0.0040625947121641,0.0,99.99999869538296,0.0,0.0032314684448863
2571.0,156,1,57,0,-56,0.13625105,-0.3802184,0.0040625947121641,0.0,99.99999869538296,0.0,0.0032314684448863
2571.5,156,1,57,0,-56,0.13625105,-0.3802184,0.0040625947121641,0.0,99.99999869538296,0.0,0.0032314684448863
2572.0,156,1,58,0,-57,0.13846016,-0.25520164,0.0040625947121641,0.0,99.99999869538296,0.0,0.0032314684448863
2572.5,156,1,58,0,-57,0.27203417,0.01606081,0.0040625947121641,0.0,99.99999869538296,0.0,0.0032314684448863
2573.0,157,1,59,0,-58,-0.26684415,-0.6533506,0.0040625947121641,0.0,99.99999869538296,0.0,0.0032314684448863
2573.5,156,1,58,0,-57,-0.97296953,-0.3174749,0.0040625947121641,0.0,99.99999869538296,0.0,0.0032314684448863
2574.0,156,1,58,0,-57,-0.97296953,-0.3174749,0.0040625947121641,0.0,99.99999869538296,0.0,0.0032314684448863
2574.5,156,1,58,0,-57,-0.97296953,-0.3174749,0.0040625947121641,0.0,99.99999869538296,0.0,0.0032314684448863
2575.0,150,1,55,0,-54,-0.51384854,-0.8306558,0.0040625947121641,0.0,99.99999869538296,0.0,0.0032314684448863
2575.5,152,1,55,0,-54,-0.73334235,-0.031745117,0.0040625947121641,0.0,99.99999869538296,0.0,0.0032314684448863
2576.0,152,1,55,0,-54,-0.73334235,-0.031745117,0.0040625947121641,0.0,99.99999869538296,0.0,0.0032314684448863
2576.5,152,1,55,0,-54,-0.73334235,-0.031745117,0.0040625947121641,0.0,99.99999869538296,0.0,0.0032314684448863
2577.0,152,1,55,0,-54,-0.73334235,-0.031745117,0.0040625947121641,0.0,99.99999869538296,0.0,0.0032314684448863
2577.5,153,1,56,0,-55,-0.61307764,0.116365284,0.0040625947121641,0.0,99.99999869538296,0.0,0.0032314684448863
2578.0,153,1,56,0,-55,-0.61307764,0.116365284,0.0040625947121641,0.0,99.99999869538296,0.0,0.0032314684448863
2578.5,153,1,56,0,-55,-0.7557606,0.29621345,0.0040625947121641,0.0,99.99999869538296,0.0,0.0032314684448863
2579.0,153,1,56,0,-55,-1.0448005,-0.6916298,0.0040625947121641,0.0,99.99999869538296,0.0,0.0032314684448863
2579.5,153,1,56,0,-55,-1.0448005,-0.6916298,0.0040625947121641,0.0,99.99999869538296,0.0,0.0032314684448863
2580.0,153,1,56,0,-55,-1.0448005,-0.6916298,0.0040625947121641,0.0,99.99999869538296,0.0,0.0032314684448863
2580.5,153,1,56,0,-55,-1.0448005,-0.6916298,0.0040625947121641,0.0,99.99999869538296,0.0,0.0032314684448863
2581.0,152,1,55,0,-54,-0.69527847,0.03564733,0.0040625947121641,0.0,99.99999869538296,0.0,0.0032314684448863
2581.5,153,1,56,0,-55,-0.923351,-0.44513652,0.0040625947121641,0.0,99.99999869538296,0.0,0.0032314684448863
2582.0,153,1,56,0,-55,-0.923351,-0.44513652,0.0040625947121641,0.0,99.99999869538296,0.0,0.0032314684448863
2582.5,153,1,56,0,-55,-0.058926128,-0.15259144,0.0040625947121641,0.0,99.99999869538296,0.0,0.0032314684448863
2583.0,153,1,56,0,-55,-0.058926128,-0.15259144,0.0040625947121641,0.0,99.99999869538296,0.0,0.0032314684448863
2583.5,153,1,56,0,-55,-0.058926128,-0.15259144,0.0040625947121641,0.0,99.99999869538296,0.0,0.0032314684448863
2584.0,152,1,57,0,-56,-0.03475046,-0.50111544,0.0040625947121641,0.0,99.99999869538296,0.0,0.0032314684448863
2584.5,148,1,54,0,-53,-0.090841666,-0.45138392,0.0040625947121641,0.0,99.99999869538296,0.0,0.0032314684448863
2585.0,148,1,54,0,-53,-0.090841666,-0.45138392,0.0040625947121641,0.0,99.99999869538296,0.0,0.0032314684448863
2585.5,148,1,54,0,-53,-0.090841666,-0.45138392,0.0040625947121641,0.0,99.99999869538296,0.0,0.0032314684448863
2586.0,148,1,54,0,-53,-0.090841666,-0.45138392,0.0040625947121641,0.0,99.99999869538296,0.0,0.0032314684448863
2586.5,147,1,53,0,-52,0.20929976,0.049045503,0.0040625947121641,0.0,99.99999869538296,0.0,0.0032314684448863
2587.0,147,1,53,0,-52,0.20929976,0.049045503,0.0040625947121641,0.0,99.99999869538296,0.0,0.0032314684448863
2587.5,148,1,53,0,-52,-0.44441402,0.11163367,0.0040625947121641,0.0,99.99999869538296,0.0,0.0032314684448863
2588.0,148,1,53,0,-52,-0.44441402,0.11163367,0.0040625947121641,0.0,99.99999869538296,0.0,0.0032314684448863
2588.5,148,1,53,0,-52,0.031643763,-0.24009511,0.0040625947121641,0.0,99.99999869538296,0.0,0.0032314684448863
2589.0,148,1,53,0,-52,0.58009905,-0.63527924,0.0040625947121641,0.0,99.99999869538296,0.0,0.0032314684448863
2589.5,146,1,52,0,-51,0.68139344,-0.5884639,0.0040625947121641,0.0,99.99999869538296,0.0,0.0032314684448863
2590.0,147,1,53,0,-52,0.33936018,-0.12100822,0.0040625947121641,0.0,99.99999869538296,0.0,0.0032314684448863
2590.5,149,1,55,0,-54,0.19189794,-0.22519723,0.0040625947121641,0.0,99.99999869538296,0.0,0.0032314684448863
2591.0,151,1,57,0,-56,0.29240656,-0.49374545,0.0040625947121641,0.0,99.99999869538296,0.0,0.0032314684448863
2591.5,151,1,57,0,-56,0.29240656,-0.49374545,0.0040625947121641,0.0,99.99999869538296,0.0,0.0032314684448863
2592.0,151,1,57,0,-56,0.29240656,-0.49374545,0.0040625947121641,0.0,99.99999869538296,0.0,0.0032314684448863
2592.5,151,1,57,0,-56,0.29240656,-0.49374545,0.0040625947121641,0.0,99.99999869538296,0.0,0.0032314684448863
2593.0,155,1,60,0,-59,-0.05894828,0.014968123,0.0040625947121641,0.0,99.99999869538296,0.0,0.0032314684448863
2593.5,155,1,60,0,-59,-0.05894828,0.014968123,0.0040625947121641,0.0,99.99999869538296,0.0,0.0032314684448863
2594.0,157,1,60,0,-59,-0.49811387,-0.09578836,0.0040625947121641,0.0,99.99999869538296,0.0,0.0032314684448863
2594.5,155,1,59,0,-58,0.18677329,-0.31040645,0.0040625947121641,0.0,99.99999869538296,0.0,0.0032314684448863
2595.0,155,1,59,0,-58,0.18677329,-0.31040645,0.0040625947121641,0.0,99.99999869538296,0.0,0.0032314684448863
2595.5,155,1,59,0,-58,0.18677329,-0.31040645,0.0040625947121641,0.0,99.99999869538296,0.0,0.0032314684448863
2596.0,155,1,59,0,-58,0.18677329,-0.31040645,0.0040625947121641,0.0,99.99999869538296,0.0,0.0032314684448863
2596.5,156,1,60,0,-59,0.22108518,-0.70101285,0.0040625947121641,0.0,99.99999869538296,0.0,0.0032314684448863
2597.0,156,1,60,0,-59,0.22108518,-0.70101285,0.0040625947121641,0.0,99.99999869538296,0.0,0.0032314684448863
2597.5,156,1,60,0,-59,0.22108518,-0.70101285,0.0040625947121641,0.0,99.99999869538296,0.0,0.0032314684448863
2598.0,156,1,60,0,-59,0.22108518,-0.70101285,0.0040625947121641,0.0,99.99999869538296,0.0,0.0032314684448863
2598.5,156,1,60,0,-59,0.4106418,0.34586728,0.0040625947121641,0.0,99.99999869538296,0.0,0.0032314684448863
2599.0,155,1,59,0,-58,-0.04815133,-0.41730428,0.0040625947121641,0.0,99.99999869538296,0.0,0.0032314684448863
2599.5,154,1,58,0,-57,-0.27870956,-0.02341931,0.0040625947121641,0.0,99.99999869538296,0.0,0.0032314684448863
2600.0,154,1,58,0,-57,-0.27870956,-0.02341931,0.0040625947121641,0.0,99.99999869538296,0.0,0.0032314684448863
2600.5,154,1,58,0,-57,-0.27870956,-0.02341931,0.0040625947121641,0.0,99.99999869538296,0.0,0.0032314684448863
2601.0,154,1,58,0,-57,-0.27870956,-0.02341931,0.0040625947121641,0.0,99.99999869538296,0.0,0.0032314684448863
2601.5,154,1,58,0,-57,-0.3960994,-0.3455282,0.0040625947121641,0.0,99.99999869538296,0.0,0.0032314684448863
2602.0,154,1,58,0,-57,-0.3960994,-0.3455282,0.0040625947121641,0.0,99.99999869538296,0.0,0.0032314684448863
2602.5,155,1,58,0,-57,0.2982021,-0.056346778,0.0040625947121641,0.0,99.99999869538296,0.0,0.0032314684448863
2603.0,155,1,58,0,-57,-0.8156442,0.2726583,0.0040625947121641,0.0,99.99999869538296,0.0,0.0032314684448863
2603.5,156,1,58,0,-57,-0.055330426,0.39377847,0.0040625947121641,0.0,99.99999869538296,0.0,0.0032314684448863
2604.0,156,1,58,0,-57,-0.055330426,0.39377847,0.0040625947121641,0.0,99.99999869538296,0.0,0.0032314684448863
2604.5,157,1,60,0,-59,-0.72743183,0.108377784,0.0040625947121641,0.0,99.99999869538296,0.0,0.0032314684448863
2605.0,157,1,60,0,-59,-0.72743183,0.108377784,0.0040625947121641,0.0,99.99999869538296,0.0,0.0032314684448863
2605.5,157,1,60,0,-59,0.3854066,0.037981633,0.0040625947121641,0.0,99.99999869538296,0.0,0.0032314684448863
2606.0,157,1,60,0,-59,0.3854066,0.037981633,0.0040625947121641,0.0,99.99999869538296,0.0,0.0032314684448863
2606.5,157,1,60,0,-59,0.3854066,0.037981633,0.0040625947121641,0.0,99.99999869538296,0.0,0.0032314684448863
2607.0,157,1,60,0,-59,0.3854066,0.037981633,0.0040625947121641,0.0,99.99999869538296,0.0,0.0032314684448863
2607.5,157,1,61,0,-60,0.7541384,-1.0525413,0.0040625947121641,0.0,99.99999869538296,0.0,0.0032314684448863
2608.0,158,1,62,0,-61,0.2485844,0.8208371,0.0040625947121641,0.0,99.99999869538296,0.0,0.0032314684448863
2608.5,155,1,60,0,-59,0.06201379,-0.3839491,0.0040625947121641,0.0,99.99999869538296,0.0,0.0032314684448863
2609.0,154,1,59,0,-58,0.01599639,0.30350292,0.0040625947121641,0.0,99.99999869538296,0.0,0.0032314684448863
2609.5,154,1,59,0,-58,-0.00746122,0.066682875,0.0040625947121641,0.0,99.99999869538296,0.0,0.0032314684448863
2610.0,154,1,59,0,-58,-0.00746122,0.066682875,0.0040625947121641,0.0,99.99999869538296,0.0,0.0032314684448863
2610.5,154,1,59,0,-58,-0.00746122,0.066682875,0.0040625947121641,0.0,99.99999869538296,0.0,0.0032314684448863
2611.0,154,1,59,0,-58,-0.00746122,0.066682875,0.0040625947121641,0.0,99.99999869538296,0.0,0.0032314684448863
2611.5,153,2,59,0,-57,0.28291607,-1.0306354,0.0040625947121641,0.0,99.99999869538296,0.0,0.0032314684448863
2612.0,154,2,60,0,-58,-0.13210556,0.7797094,0.0040625947121641,0.0,99.99999869538296,0.0,0.0032314684448863
2612.5,154,2,60,0,-58,-0.13210556,0.7797094,0.0040625947121641,0.0,99.99999869538296,0.0,0.0032314684448863
2613.0,158,2,63,0,-61,0.03652665,0.5562435,0.0040625947121641,0.0,99.99999869538296,0.0,0.0032314684448863
2613.5,158,2,63,0,-61,0.03652665,0.5562435,0.0040625947121641,0.0,99.99999869538296,0.0,0.0032314684448863
2614.0,158,2,63,0,-61,0.22543906,-0.25799307,0.0040625947121641,0.0,99.99999869538296,0.0,0.0032314684448863
2614.5,157,2,62,0,-60,0.11799702,0.10690695,0.0040625947121641,0.0,99.99999869538296,0.0,0.0032314684448863
2615.0,157,2,62,0,-60,0.11799702,0.10690695,0.0040625947121641,0.0,99.99999869538296,0.0,0.0032314684448863
2615.5,156,2,62,0,-60,-0.46641845,0.08044018,0.0040625947121641,0.0,99.99999869538296,0.0,0.0032314684448863
2616.0,156,2,62,0,-60,-0.46641845,0.08044018,0.0040625947121641,0.0,99.99999869538296,0.0,0.0032314684448863
2616.5,155,2,61,0,-59,-0.67348564,-0.025977392,0.0040625947121641,0.0,99.99999869538296,0.0,0.0032314684448863
2617.0,155,2,61,0,-59,0.038743272,-0.14907986,0.0040625947121641,0.0,99.99999869538296,0.0,0.0032314684448863
2617.5,157,2,62,0,-60,0.15270351,-0.4691134,0.0040625947121641,0.0,99.99999869538296,0.0,0.0032314684448863
2618.0,158,2,63,0,-61,0.26157147,-0.5680225,0.0040625947121641,0.0,99.99999869538296,0.0,0.0032314684448863
2618.5,157,2,63,0,-61,0.20806189,0.8344463,0.0040625947121641,0.0,99.99999869538296,0.0,0.0032314684448863
2619.0,157,2,63,0,-61,0.20806189,0.8344463,0.0040625947121641,0.0,99.99999869538296,0.0,0.0032314684448863
2619.5,157,2,63,0,-61,0.20806189,0.8344463,0.0040625947121641,0.0,99.99999869538296,0.0,0.0032314684448863
2620.0,157,2,63,0,-61,0.20806189,0.8344463,0.0040625947121641,0.0,99.99999869538296,0.0,0.0032314684448863
2620.5,157,2,63,0,-61,0.20806189,0.8344463,0.0040625947121641,0.0,99.99999869538296,0.0,0.0032314684448863
2621.0,157,2,63,0,-61,0.20806189,0.8344463,0.0040625947121641,0.0,99.99999869538296,0.0,0.0032314684448863
2621.5,157,2,63,0,-61,0.20806189,0.8344463,0.0040625947121641,0.0,99.99999869538296,0.0,0.0032314684448863
2622.0,158,2,64,0,-62,0.14432219,1.2539145,0.0040625947121641,0.0,99.99999869538296,0.0,0.0032314684448863
2622.5,158,2,64,0,-62,0.14432219,1.2539145,0.0040625947121641,0.0,99.99999869538296,0.0,0.0032314684448863
2623.0,158,2,64,0,-62,0.14432219,1.2539145,0.0040625947121641,0.0,99.99999869538296,0.0,0.0032314684448863
2623.5,158,2,64,0,-62,0.10836998,0.7780063,0.0040625947121641,0.0,99.99999869538296,0.0,0.0032314684448863
2624.0,158,2,64,0,-62,0.10836998,0.7780063,0.0040625947121641,0.0,99.99999869538296,0.0,0.0032314684448863
2624.5,158,2,64,0,-62,0.10836998,0.7780063,0.0040625947121641,0.0,99.99999869538296,0.0,0.0032314684448863
2625.0,158,2,64,0,-62,0.10836998,0.7780063,0.0040625947121641,0.0,99.99999869538296,0.0,0.0032314684448863
2625.5,158,2,64,0,-62,0.10836998,0.7780063,0.0040625947121641,0.0,99.99999869538296,0.0,0.0032314684448863
2626.0,158,2,64,0,-62,0.10836998,0.7780063,0.0040625947121641,0.0,99.99999869538296,0.0,0.0032314684448863
2626.5,158,2,64,0,-62,-0.08501593,0.58736694,0.0040625947121641,0.0,99.99999869538296,0.0,0.0032314684448863
2627.0,158,2,64,0,-62,-0.08501593,0.58736694,0.0040625947121641,0.0,99.99999869538296,0.0,0.0032314684448863
2627.5,158,2,64,0,-62,-0.3741935,0.4620926,0.0040625947121641,0.0,99.99999869538296,0.0,0.0032314684448863
2628.0,158,2,64,0,-62,-0.3741935,0.4620926,0.0040625947121641,0.0,99.99999869538296,0.0,0.0032314684448863
2628.5,157,2,64,0,-62,-0.34340632,0.15722813,0.0040625947121641,0.0,99.99999869538296,0.0,0.0032314684448863
2629.0,159,1,65,0,-64,0.3610779,-0.64103067,0.0040625947121641,0.0,99.99999869538296,0.0,0.0032314684448863
2629.5,159,1,65,0,-64,0.3610779,-0.64103067,0.0040625947121641,0.0,99.99999869538296,0.0,0.0032314684448863
2630.0,159,1,65,0,-64,-0.6250201,-0.82814085,0.0040625947121641,0.0,99.99999869538296,0.0,0.0032314684448863
2630.5,158,1,64,0,-63,0.56550235,0.25402644,0.0040625947121641,0.0,99.99999869538296,0.0,0.0032314684448863
2631.0,158,1,64,0,-63,0.56550235,0.25402644,0.0040625947121641,0.0,99.99999869538296,0.0,0.0032314684448863
2631.5,158,1,64,0,-63,0.56550235,0.25402644,0.0040625947121641,0.0,99.99999869538296,0.0,0.0032314684448863
2632.0,155,1,61,0,-60,-0.18141061,-0.31918067,0.0040625947121641,0.0,99.99999869538296,0.0,0.0032314684448863
2632.5,155,1,61,0,-60,-0.18141061,-0.31918067,0.0040625947121641,0.0,99.99999869538296,0.0,0.0032314684448863
2633.0,156,1,62,0,-61,-0.3548984,-0.40612316,0.0040625947121641,0.0,99.99999869538296,0.0,0.0032314684448863
2633.5,156,1,62,0,-61,-0.11344327,-0.1670341,0.0040625947121641,0.0,99.99999869538296,0.0,0.0032314684448863
2634.0,156,1,62,0,-61,-0.11344327,-0.1670341,0.0040625947121641,0.0,99.99999869538296,0.0,0.0032314684448863
2634.5,156,1,62,0,-61,-0.11344327,-0.1670341,0.0040625947121641,0.0,99.99999869538296,0.0,0.0032314684448863
2635.0,156,1,62,0,-61,-0.11344327,-0.1670341,0.0040625947121641,0.0,99.99999869538296,0.0,0.0032314684448863
2635.5,157,1,63,0,-62,-0.40476006,-0.05612925,0.0040625947121641,0.0,99.99999869538296,0.0,0.0032314684448863
2636.0,157,1,63,0,-62,-0.47300494,-1.0359746,0.0040625947121641,0.0,99.99999869538296,0.0,0.0032314684448863
2636.5,157,1,63,0,-62,-0.47300494,-1.0359746,0.0040625947121641,0.0,99.99999869538296,0.0,0.0032314684448863
2637.0,157,1,63,0,-62,-0.47300494,-1.0359746,0.0040625947121641,0.0,99.99999869538296,0.0,0.0032314684448863
2637.5,157,1,63,0,-62,-0.47300494,-1.0359746,0.0040625947121641,0.0,99.99999869538296,0.0,0.0032314684448863
2638.0,157,1,63,0,-62,-0.3601097,-0.109455556,0.0040625947121641,0.0,99.99999869538296,0.0,0.0032314684448863
2638.5,153,1,60,0,-59,-0.05324678,-0.10193378,0.0040625947121641,0.0,99.99999869538296,0.0,0.0032314684448863
2639.0,153,1,60,0,-59,-0.05324678,-0.10193378,0.0040625947121641,0.0,99.99999869538296,0.0,0.0032314684448863
2639.5,152,1,59,0,-58,-0.20796323,0.40849033,0.0040625947121641,0.0,99.99999869538296,0.0,0.0032314684448863
2640.0,153,1,60,0,-59,-0.0009371266,-0.49219304,0.0040625947121641,0.0,99.99999869538296,0.0,0.0032314684448863
2640.5,153,1,60,0,-59,-0.0009371266,-0.49219304,0.0040625947121641,0.0,99.99999869538296,0.0,0.0032314684448863
2641.0,153,1,60,0,-59,-0.0009371266,-0.49219304,0.0040625947121641,0.0,99.99999869538296,0.0,0.0032314684448863
2641.5,156,1,62,0,-61,-0.71352655,0.09028116,0.0040625947121641,0.0,99.99999869538296,0.0,0.0032314684448863
2642.0,157,1,63,0,-62,-0.96797085,-0.6804499,0.0040625947121641,0.0,99.99999869538296,0.0,0.0032314684448863
2642.5,158,1,64,0,-63,-0.31183758,-0.17169344,0.0040625947121641,0.0,99.99999869538296,0.0,0.0032314684448863
2643.0,158,1,64,0,-63,-0.3091514,-0.45627183,0.0040625947121641,0.0,99.99999869538296,0.0,0.0032314684448863
2643.5,158,1,64,0,-63,-0.3091514,-0.45627183,0.0040625947121641,0.0,99.99999869538296,0.0,0.0032314684448863
2644.0,157,1,63,0,-62,0.0735835,-0.25598395,0.0040625947121641,0.0,99.99999869538296,0.0,0.0032314684448863
2644.5,157,1,63,0,-62,0.0735835,-0.25598395,0.0040625947121641,0.0,99.99999869538296,0.0,0.0032314684448863
2645.0,157,1,63,0,-62,0.071090445,0.06794053,0.0040625947121641,0.0,99.99999869538296,0.0,0.0032314684448863
2645.5,157,1,63,0,-62,0.071090445,0.06794053,0.0040625947121641,0.0,99.99999869538296,0.0,0.0032314684448863
2646.0,156,1,62,0,-61,-0.2696271,0.13870397,0.0040625947121641,0.0,99.99999869538296,0.0,0.0032314684448863
2646.5,157,1,63,0,-62,-0.0047855675,0.028875764,0.0040625947121641,0.0,99.99999869538296,0.0,0.0032314684448863
2647.0,157,1,63,0,-62,-0.0047855675,0.028875764,0.0040625947121641,0.0,99.99999869538296,0.0,0.0032314684448863
2647.5,157,1,63,0,-62,-0.0047855675,0.028875764,0.0040625947121641,0.0,99.99999869538296,0.0,0.0032314684448863
2648.0,157,1,63,0,-62,-0.0047855675,0.028875764,0.0040625947121641,0.0,99.99999869538296,0.0,0.0032314684448863
2648.5,157,1,63,0,-62,-0.0047855675,0.028875764,0.0040625947121641,0.0,99.99999869538296,0.0,0.0032314684448863
2649.0,156,1,62,0,-61,-0.07936613,-0.80446106,0.0040625947121641,0.0,99.99999869538296,0.0,0.0032314684448863
2649.5,155,1,61,0,-60,0.65232426,-0.20832351,0.0040625947121641,0.0,99.99999869538296,0.0,0.0032314684448863
2650.0,155,1,61,0,-60,0.65232426,-0.20832351,0.0040625947121641,0.0,99.99999869538296,0.0,0.0032314684448863
2650.5,155,1,61,0,-60,-0.6408778,-0.7618285,0.0040625947121641,0.0,99.99999869538296,0.0,0.0032314684448863
2651.0,155,1,61,0,-60,-0.6408778,-0.7618285,0.0040625947121641,0.0,99.99999869538296,0.0,0.0032314684448863
2651.5,153,1,60,0,-59,-0.3110842,-0.43779838,0.0040625947121641,0.0,99.99999869538296,0.0,0.0032314684448863
2652.0,153,1,60,0,-59,-0.3110842,-0.43779838,0.0040625947121641,0.0,99.99999869538296,0.0,0.0032314684448863
2652.5,153,1,60,0,-59,-0.3110842,-0.43779838,0.0040625947121641,0.0,99.99999869538296,0.0,0.0032314684448863
2653.0,154,1,61,0,-60,0.64513755,-0.063514784,0.0040625947121641,0.0,99.99999869538296,0.0,0.0032314684448863
2653.5,154,1,61,0,-60,0.64513755,-0.063514784,0.0040625947121641,0.0,99.99999869538296,0.0,0.0032314684448863
2654.0,154,1,61,0,-60,0.64513755,-0.063514784,0.0040625947121641,0.0,99.99999869538296,0.0,0.0032314684448863
2654.5,155,1,62,0,-61,0.7306705,0.11666632,0.0040625947121641,0.0,99.99999869538296,0.0,0.0032314684448863
2655.0,155,1,62,0,-61,0.7306705,0.11666632,0.0040625947121641,0.0,99.99999869538296,0.0,0.0032314684448863
2655.5,154,1,61,0,-60,-0.30160517,0.6032946,0.0040625947121641,0.0,99.99999869538296,0.0,0.0032314684448863
2656.0,152,1,59,0,-58,0.758877,0.47975996,0.0040625947121641,0.0,99.99999869538296,0.0,0.0032314684448863
2656.5,150,1,57,0,-56,0.47915024,0.06517249,0.0040625947121641,0.0,99.99999869538296,0.0,0.0032314684448863
2657.0,150,1,57,0,-56,0.47915024,0.06517249,0.0040625947121641,0.0,99.99999869538296,0.0,0.0032314684448863
2657.5,150,1,57,0,-56,0.47915024,0.06517249,0.0040625947121641,0.0,99.99999869538296,0.0,0.0032314684448863
2658.0,151,1,58,0,-57,0.076251134,-0.47717583,0.0040625947121641,0.0,99.99999869538296,0.0,0.0032314684448863
2658.5,151,1,58,0,-57,0.076251134,-0.47717583,0.0040625947121641,0.0,99.99999869538296,0.0,0.0032314684448863
2659.0,152,1,59,0,-58,-0.3894509,0.4300542,0.0040625947121641,0.0,99.99999869538296,0.0,0.0032314684448863
2659.5,152,1,59,0,-58,-0.3894509,0.4300542,0.0040625947121641,0.0,99.99999869538296,0.0,0.0032314684448863
2660.0,153,1,60,0,-59,-0.548301,-0.46399826,0.0040625947121641,0.0,99.99999869538296,0.0,0.0032314684448863
2660.5,153,1,60,0,-59,-0.548301,-0.46399826,0.0040625947121641,0.0,99.99999869538296,0.0,0.0032314684448863
2661.0,152,1,59,0,-58,0.30331993,0.20879912,0.0040625947121641,0.0,99.99999869538296,0.0,0.0032314684448863
2661.5,151,1,58,0,-57,-0.6622562,-0.4614094,0.0040625947121641,0.0,99.99999869538296,0.0,0.0032314684448863
2662.0,151,1,58,0,-57,-0.6622562,-0.4614094,0.0040625947121641,0.0,99.99999869538296,0.0,0.0032314684448863
2662.5,151,1,58,0,-57,-0.6622562,-0.4614094,0.0040625947121641,0.0,99.99999869538296,0.0,0.0032314684448863
2663.0,151,1,58,0,-57,-0.6622562,-0.4614094,0.0040625947121641,0.0,99.99999869538296,0.0,0.0032314684448863
2663.5,151,1,58,0,-57,-0.6622562,-0.4614094,0.0040625947121641,0.0,99.99999869538296,0.0,0.0032314684448863
2664.0,151,1,58,0,-57,-0.6622562,-0.4614094,0.0040625947121641,0.0,99.99999869538296,0.0,0.0032314684448863
2664.5,151,1,58,0,-57,-0.6622562,-0.4614094,0.0040625947121641,0.0,99.99999869538296,0.0,0.0032314684448863
2665.0,151,1,58,0,-57,-0.6622562,-0.4614094,0.0040625947121641,0.0,99.99999869538296,0.0,0.0032314684448863
2665.5,152,1,59,0,-58,0.039003745,0.11042562,0.0040625947121641,0.0,99.99999869538296,0.0,0.0032314684448863
2666.0,152,1,59,0,-58,-0.5762228,-0.006371293,0.0040625947121641,0.0,99.99999869538296,0.0,0.0032314684448863
2666.5,153,1,58,0,-57,-0.8117221,-0.041650776,0.0040625947121641,0.0,99.99999869538296,0.0,0.0032314684448863
2667.0,154,1,59,0,-58,-0.31774807,0.6832547,0.0040625947121641,0.0,99.99999869538296,0.0,0.0032314684448863
2667.5,154,1,59,0,-58,-0.31774807,0.6832547,0.0040625947121641,0.0,99.99999869538296,0.0,0.0032314684448863
2668.0,154,1,59,0,-58,-0.31774807,0.6832547,0.0040625947121641,0.0,99.99999869538296,0.0,0.0032314684448863
2668.5,154,1,59,0,-58,-0.31774807,0.6832547,0.0040625947121641,0.0,99.99999869538296,0.0,0.0032314684448863
2669.0,155,1,59,0,-58,-0.28717,0.3503218,0.0040625947121641,0.0,99.99999869538296,0.0,0.0032314684448863
2669.5,156,1,60,0,-59,-0.014395289,0.14702615,0.0040625947121641,0.0,99.99999869538296,0.0,0.0032314684448863
2670.0,156,1,60,0,-59,-0.014395289,0.14702615,0.0040625947121641,0.0,99.99999869538296,0.0,0.0032314684448863
2670.5,156,1,60,0,-59,-0.65866995,-0.25267202,0.0040625947121641,0.0,99.99999869538296,0.0,0.0032314684448863
2671.0,157,1,61,0,-60,-0.5898317,-0.5703336,0.0040625947121641,0.0,99.99999869538296,0.0,0.0032314684448863
2671.5,158,1,61,0,-60,-0.28385,-0.014795024,0.0040625947121641,0.0,99.99999869538296,0.0,0.0032314684448863
2672.0,159,1,62,0,-61,0.11743103,-0.44739696,0.0040625947121641,0.0,99.99999869538296,0.0,0.0032314684448863
2672.5,159,1,62,0,-61,0.11743103,-0.44739696,0.0040625947121641,0.0,99.99999869538296,0.0,0.0032314684448863
2673.0,157,1,61,0,-60,-0.52838975,0.4036539,0.0040625947121641,0.0,99.99999869538296,0.0,0.0032314684448863
2673.5,157,1,61,0,-60,-0.18315579,0.33854237,0.0040625947121641,0.0,99.99999869538296,0.0,0.0032314684448863
2674.0,157,1,61,0,-60,-0.18315579,0.33854237,0.0040625947121641,0.0,99.99999869538296,0.0,0.0032314684448863
2674.5,156,1,60,0,-59,0.0709296,0.33442235,0.0040625947121641,0.0,99.99999869538296,0.0,0.0032314684448863
2675.0,156,1,60,0,-59,0.0709296,0.33442235,0.0040625947121641,0.0,99.99999869538296,0.0,0.0032314684448863
2675.5,157,1,60,0,-59,-0.04169888,-0.034642894,0.0040625947121641,0.0,99.99999869538296,0.0,0.0032314684448863
2676.0,156,1,59,0,-58,0.10046153,0.20717493,0.0040625947121641,0.0,99.99999869538296,0.0,0.0032314684448863
2676.5,156,1,59,0,-58,0.10046153,0.20717493,0.0040625947121641,0.0,99.99999869538296,0.0,0.0032314684448863
2677.0,155,1,58,0,-57,-0.08867483,-0.23597226,0.0040625947121641,0.0,99.99999869538296,0.0,0.0032314684448863
2677.5,155,1,58,0,-57,-0.08867483,-0.23597226,0.0040625947121641,0.0,99.99999869538296,0.0,0.0032314684448863
2678.0,157,1,58,0,-57,-0.23367624,0.31001642,0.0040625947121641,0.0,99.99999869538296,0.0,0.0032314684448863
2678.5,157,1,58,0,-57,-0.23367624,0.31001642,0.0040625947121641,0.0,99.99999869538296,0.0,0.0032314684448863
2679.0,156,1,58,0,-57,0.11946522,-0.7516608,0.0040625947121641,0.0,99.99999869538296,0.0,0.0032314684448863
2679.5,158,1,59,0,-58,0.79056007,0.56101876,0.0040625947121641,0.0,99.99999869538296,0.0,0.0032314684448863
2680.0,158,1,59,0,-58,0.79056007,0.56101876,0.0040625947121641,0.0,99.99999869538296,0.0,0.0032314684448863
2680.5,157,1,58,0,-57,0.2517103,-0.6689006,0.0040625947121641,0.0,99.99999869538296,0.0,0.0032314684448863
2681.0,157,1,58,0,-57,0.2517103,-0.6689006,0.0040625947121641,0.0,99.99999869538296,0.0,0.0032314684448863
2681.5,157,1,59,0,-58,0.87403923,-0.46030945,0.0040625947121641,0.0,99.99999869538296,0.0,0.0032314684448863
2682.0,157,1,59,0,-58,0.9153376,0.1568647,0.0040625947121641,0.0,99.99999869538296,0.0,0.0032314684448863
2682.5,157,1,59,0,-58,0.9153376,0.1568647,0.0040625947121641,0.0,99.99999869538296,0.0,0.0032314684448863
2683.0,157,1,59,0,-58,0.9153376,0.1568647,0.0040625947121641,0.0,99.99999869538296,0.0,0.0032314684448863
2683.5,156,1,59,0,-58,0.9153376,0.1568647,0.0040625947121641,0.0,99.99999869538296,0.0,0.0032314684448863
2684.0,156,1,59,0,-58,0.61222816,0.23445602,0.0040625947121641,0.0,99.99999869538296,0.0,0.0032314684448863
2684.5,154,1,59,0,-58,-0.067846954,-0.19809927,0.0040625947121641,0.0,99.99999869538296,0.0,0.0032314684448863
2685.0,154,1,59,0,-58,-0.067846954,-0.19809927,0.0040625947121641,0.0,99.99999869538296,0.0,0.0032314684448863
2685.5,153,1,58,0,-57,0.14690262,-1.1057323,0.0040625947121641,0.0,99.99999869538296,0.0,0.0032314684448863
2686.0,152,1,57,0,-56,0.051643148,0.024482157,0.0040625947121641,0.0,99.99999869538296,0.0,0.0032314684448863
2686.5,152,1,57,0,-56,0.051643148,0.024482157,0.0040625947121641,0.0,99.99999869538296,0.0,0.0032314684448863
2687.0,151,1,56,0,-55,0.40952694,-0.73795533,0.0040625947121641,0.0,99.99999869538296,0.0,0.0032314684448863
2687.5,151,1,56,0,-55,0.40952694,-0.73795533,0.0040625947121641,0.0,99.99999869538296,0.0,0.0032314684448863
2688.0,151,1,56,0,-55,0.40952694,-0.73795533,0.0040625947121641,0.0,99.99999869538296,0.0,0.0032314684448863
2688.5,151,1,56,0,-55,0.40952694,-0.73795533,0.0040625947121641,0.0,99.99999869538296,0.0,0.0032314684448863
2689.0,151,1,56,0,-55,0.40952694,-0.73795533,0.0040625947121641,0.0,99.99999869538296,0.0,0.0032314684448863
2689.5,150,1,55,0,-54,0.47755402,0.58558863,0.0040625947121641,0.0,99.99999869538296,0.0,0.0032314684448863
2690.0,146,1,52,0,-51,0.49287802,0.6260887,0.0040625947121641,0.0,99.99999869538296,0.0,0.0032314684448863
2690.5,146,1,52,0,-51,0.49287802,0.6260887,0.0040625947121641,0.0,99.99999869538296,0.0,0.0032314684448863
2691.0,145,1,52,0,-51,0.22698428,-0.5315501,0.0040625947121641,0.0,99.99999869538296,0.0,0.0032314684448863
2691.5,145,1,52,0,-51,0.37456292,0.65021795,0.0040625947121641,0.0,99.99999869538296,0.0,0.0032314684448863
2692.0,146,1,52,0,-51,-1.518526,0.41774595,0.0040625947121641,0.0,99.99999869538296,0.0,0.0032314684448863
2692.5,146,1,52,0,-51,-1.518526,0.41774595,0.0040625947121641,0.0,99.99999869538296,0.0,0.0032314684448863
2693.0,147,1,53,0,-52,0.3645112,0.3124299,0.0040625947121641,0.0,99.99999869538296,0.0,0.0032314684448863
2693.5,151,1,56,0,-55,0.15005705,-0.6867397,0.0040625947121641,0.0,99.99999869538296,0.0,0.0032314684448863
2694.0,152,1,57,0,-56,0.29311323,-0.37167415,0.0040625947121641,0.0,99.99999869538296,0.0,0.0032314684448863
2694.5,153,1,58,0,-57,0.22712137,0.7909335,0.0040625947121641,0.0,99.99999869538296,0.0,0.0032314684448863
2695.0,154,1,58,0,-57,0.4690935,0.42339593,0.0040625947121641,0.0,99.99999869538296,0.0,0.0032314684448863
2695.5,154,1,57,0,-56,-1.3673408,0.13730752,0.0040625947121641,0.0,99.99999869538296,0.0,0.0032314684448863
2696.0,154,1,57,0,-56,-1.3673408,0.13730752,0.0040625947121641,0.0,99.99999869538296,0.0,0.0032314684448863
2696.5,155,1,57,0,-56,-1.3673408,0.13730752,0.0040625947121641,0.0,99.99999869538296,0.0,0.0032314684448863
2697.0,155,1,57,0,-56,-1.3673408,0.13730752,0.0040625947121641,0.0,99.99999869538296,0.0,0.0032314684448863
2697.5,155,1,57,0,-56,-1.2476138,0.18565436,0.0040625947121641,0.0,99.99999869538296,0.0,0.0032314684448863
2698.0,153,1,56,0,-55,0.30234534,0.5918113,0.0040625947121641,0.0,99.99999869538296,0.0,0.0032314684448863
2698.5,153,1,56,0,-55,0.30234534,0.5918113,0.0040625947121641,0.0,99.99999869538296,0.0,0.0032314684448863
2699.0,153,1,56,0,-55,0.30234534,0.5918113,0.0040625947121641,0.0,99.99999869538296,0.0,0.0032314684448863
2699.5,153,1,56,0,-55,0.30234534,0.5918113,0.0040625947121641,0.0,99.99999869538296,0.0,0.0032314684448863
2700.0,152,1,55,0,-54,-0.06302412,0.6119672,0.0040625947121641,0.0,99.99999869538296,0.0,0.0032314684448863
2700.5,152,1,55,0,-54,-0.06302412,0.6119672,0.0040625947121641,0.0,99.99999869538296,0.0,0.0032314684448863
2701.0,152,1,55,0,-54,-0.06302412,0.6119672,0.0040625947121641,0.0,99.99999869538296,0.0,0.0032314684448863
2701.5,152,1,55,0,-54,-0.06302412,0.6119672,0.0040625947121641,0.0,99.99999869538296,0.0,0.0032314684448863
2702.0,152,1,55,0,-54,-0.06302412,0.6119672,0.0040625947121641,0.0,99.99999869538296,0.0,0.0032314684448863
2702.5,153,1,55,0,-54,0.16793747,-0.76030576,0.0040625947121641,0.0,99.99999869538296,0.0,0.0032314684448863
2703.0,153,1,55,0,-54,0.16793747,-0.76030576,0.0040625947121641,0.0,99.99999869538296,0.0,0.0032314684448863
2703.5,153,1,56,0,-55,-0.15328105,-0.060888324,0.0040625947121641,0.0,99.99999869538296,0.0,0.0032314684448863
2704.0,155,1,57,0,-56,-0.5112428,0.7772686,0.0040625947121641,0.0,99.99999869538296,0.0,0.0032314684448863
2704.5,155,1,57,0,-56,0.31838512,-0.6808835,0.0040625947121641,0.0,99.99999869538296,0.0,0.0032314684448863
2705.0,155,1,57,0,-56,0.31838512,-0.6808835,0.0040625947121641,0.0,99.99999869538296,0.0,0.0032314684448863
2705.5,155,1,57,0,-56,0.31838512,-0.6808835,0.0040625947121641,0.0,99.99999869538296,0.0,0.0032314684448863
2706.0,155,1,57,0,-56,0.31838512,-0.6808835,0.0040625947121641,0.0,99.99999869538296,0.0,0.0032314684448863
2706.5,155,1,57,0,-56,0.31838512,-0.6808835,0.0040625947121641,0.0,99.99999869538296,0.0,0.0032314684448863
2707.0,155,1,57,0,-56,0.15457311,0.7696437,0.0040625947121641,0.0,99.99999869538296,0.0,0.0032314684448863
2707.5,155,1,57,0,-56,0.15457311,0.7696437,0.0040625947121641,0.0,99.99999869538296,0.0,0.0032314684448863
2708.0,154,1,57,0,-56,-0.12841223,0.4358717,0.0040625947121641,0.0,99.99999869538296,0.0,0.0032314684448863
2708.5,153,1,57,0,-56,0.17745675,0.7098548,0.0040625947121641,0.0,99.99999869538296,0.0,0.0032314684448863
2709.0,149,1,54,0,-53,-0.13560636,-0.9994112,0.0040625947121641,0.0,99.99999869538296,0.0,0.0032314684448863
2709.5,149,1,54,0,-53,-0.13560636,-0.9994112,0.0040625947121641,0.0,99.99999869538296,0.0,0.0032314684448863
2710.0,149,1,54,0,-53,-0.13560636,-0.9994112,0.0040625947121641,0.0,99.99999869538296,0.0,0.0032314684448863
2710.5,149,1,54,0,-53,-0.13560636,-0.9994112,0.0040625947121641,0.0,99.99999869538296,0.0,0.0032314684448863
2711.0,152,1,56,0,-55,-0.70550996,-0.086061224,0.0040625947121641,0.0,99.99999869538296,0.0,0.0032314684448863
2711.5,152,1,56,0,-55,-0.70550996,-0.086061224,0.0040625947121641,0.0,99.99999869538296,0.0,0.0032314684448863
2712.0,152,1,56,0,-55,-0.70550996,-0.086061224,0.0040625947121641,0.0,99.99999869538296,0.0,0.0032314684448863
2712.5,152,1,56,0,-55,-0.48381394,-1.013398,0.0040625947121641,0.0,99.99999869538296,0.0,0.0032314684448863
2713.0,152,1,56,0,-55,-0.48381394,-1.013398,0.0040625947121641,0.0,99.99999869538296,0.0,0.0032314684448863
2713.5,152,1,56,0,-55,-0.48381394,-1.013398,0.0040625947121641,0.0,99.99999869538296,0.0,0.0032314684448863
2714.0,152,1,56,0,-55,-0.48381394,-1.013398,0.0040625947121641,0.0,99.99999869538296,0.0,0.0032314684448863
2714.5,151,1,56,0,-55,0.4500305,-0.075724736,0.0040625947121641,0.0,99.99999869538296,0.0,0.0032314684448863
2715.0,151,1,56,0,-55,0.4500305,-0.075724736,0.0040625947121641,0.0,99.99999869538296,0.0,0.0032314684448863
2715.5,151,1,56,0,-55,0.4500305,-0.075724736,0.0040625947121641,0.0,99.99999869538296,0.0,0.0032314684448863
2716.0,152,1,57,0,-56,0.42271048,0.30587998,0.0040625947121641,0.0,99.99999869538296,0.0,0.0032314684448863
2716.5,152,1,58,0,-57,-0.20075202,-0.6914526,0.0040625947121641,0.0,99.99999869538296,0.0,0.0032314684448863
2717.0,152,1,58,0,-57,-0.20075202,-0.6914526,0.0040625947121641,0.0,99.99999869538296,0.0,0.0032314684448863
2717.5,152,1,58,0,-57,-0.20075202,-0.6914526,0.0040625947121641,0.0,99.99999869538296,0.0,0.0032314684448863
2718.0,151,1,57,0,-56,-0.9702224,-0.38769555,0.0040625947121641,0.0,99.99999869538296,0.0,0.0032314684448863
2718.5,152,1,58,0,-57,-0.62732255,-0.08604771,0.0040625947121641,0.0,99.99999869538296,0.0,0.0032314684448863
2719.0,151,1,57,0,-56,0.3111983,0.47309345,0.0040625947121641,0.0,99.99999869538296,0.0,0.0032314684448863
2719.5,150,1,56,0,-55,-1.2172084,-0.29954627,0.0040625947121641,0.0,99.99999869538296,0.0,0.0032314684448863
2720.0,150,1,56,0,-55,-1.2172084,-0.29954627,0.0040625947121641,0.0,99.99999869538296,0.0,0.0032314684448863
2720.5,150,1,56,0,-55,-1.2172084,-0.29954627,0.0040625947121641,0.0,99.99999869538296,0.0,0.0032314684448863
2721.0,150,1,56,0,-55,-1.2172084,-0.29954627,0.0040625947121641,0.0,99.99999869538296,0.0,0.0032314684448863
2721.5,151,1,56,0,-55,-1.5430659,0.16176023,0.0040625947121641,0.0,99.99999869538296,0.0,0.0032314684448863
2722.0,151,1,56,0,-55,1.0162197,-0.04820061,0.0040625947121641,0.0,99.99999869538296,0.0,0.0032314684448863
2722.5,151,1,56,0,-55,1.0162197,-0.04820061,0.0040625947121641,0.0,99.99999869538296,0.0,0.0032314684448863
2723.0,150,1,55,0,-54,-1.1815966,-0.32629013,0.0040625947121641,0.0,99.99999869538296,0.0,0.0032314684448863
2723.5,149,1,55,0,-54,0.82390475,-0.07556209,0.0040625947121641,0.0,99.99999869538296,0.0,0.0032314684448863
2724.0,150,1,56,0,-55,0.32498068,-0.6040399,0.0040625947121641,0.0,99.99999869538296,0.0,0.0032314684448863
2724.5,150,1,56,0,-55,0.32498068,-0.6040399,0.0040625947121641,0.0,99.99999869538296,0.0,0.0032314684448863
2725.0,151,1,57,0,-56,-1.5066732,0.009454679,0.0040625947121641,0.0,99.99999869538296,0.0,0.0032314684448863
2725.5,152,1,57,0,-56,0.87335116,0.16169752,0.0040625947121641,0.0,99.99999869538296,0.0,0.0032314684448863
2726.0,152,1,57,0,-56,0.87335116,0.16169752,0.0040625947121641,0.0,99.99999869538296,0.0,0.0032314684448863
2726.5,152,1,57,0,-56,0.87335116,0.16169752,0.0040625947121641,0.0,99.99999869538296,0.0,0.0032314684448863
2727.0,152,1,57,0,-56,0.0074498802,-1.3053365,0.0040625947121641,0.0,99.99999869538296,0.0,0.0032314684448863
2727.5,152,1,57,0,-56,0.0074498802,-1.3053365,0.0040625947121641,0.0,99.99999869538296,0.0,0.0032314684448863
2728.0,151,1,56,0,-55,0.06083046,-1.1398658,0.0040625947121641,0.0,99.99999869538296,0.0,0.0032314684448863
2728.5,152,1,56,0,-55,0.577738,-1.052506,0.0040625947121641,0.0,99.99999869538296,0.0,0.0032314684448863
2729.0,152,1,56,0,-55,0.577738,-1.052506,0.0040625947121641,0.0,99.99999869538296,0.0,0.0032314684448863
2729.5,153,1,57,0,-56,0.46074462,0.9099238,0.0040625947121641,0.0,99.99999869538296,0.0,0.0032314684448863
2730.0,153,1,57,0,-56,0.46074462,0.9099238,0.0040625947121641,0.0,99.99999869538296,0.0,0.0032314684448863
2730.5,153,1,56,0,-55,-1.0737423,0.6079768,0.0040625947121641,0.0,99.99999869538296,0.0,0.0032314684448863
2731.0,153,1,56,0,-55,-1.0737423,0.6079768,0.0040625947121641,0.0,99.99999869538296,0.0,0.0032314684448863
2731.5,152,1,56,0,-55,0.5684247,0.58922565,0.0040625947121641,0.0,99.99999869538296,0.0,0.0032314684448863
2732.0,151,1,55,0,-54,0.72458357,0.374444,0.0040625947121641,0.0,99.99999869538296,0.0,0.0032314684448863
2732.5,151,1,55,0,-54,0.72458357,0.374444,0.0040625947121641,0.0,99.99999869538296,0.0,0.0032314684448863
2733.0,151,1,55,0,-54,0.07571994,-1.0012605,0.0040625947121641,0.0,99.99999869538296,0.0,0.0032314684448863
2733.5,152,1,56,0,-55,-0.2933967,0.33501732,0.0040625947121641,0.0,99.99999869538296,0.0,0.0032314684448863
2734.0,153,1,57,0,-56,-0.3343922,0.45464182,0.0040625947121641,0.0,99.99999869538296,0.0,0.0032314684448863
2734.5,154,1,57,0,-56,0.051830277,0.09698546,0.0040625947121641,0.0,99.99999869538296,0.0,0.0032314684448863
2735.0,155,1,57,0,-56,0.2534417,-0.7373207,0.0040625947121641,0.0,99.99999869538296,0.0,0.0032314684448863
2735.5,155,1,57,0,-56,0.2534417,-0.7373207,0.0040625947121641,0.0,99.99999869538296,0.0,0.0032314684448863
2736.0,155,1,57,0,-56,0.46062046,-0.8715913,0.0040625947121641,0.0,99.99999869538296,0.0,0.0032314684448863
2736.5,156,1,57,0,-56,0.56972456,0.45424944,0.0040625947121641,0.0,99.99999869538296,0.0,0.0032314684448863
2737.0,156,1,56,0,-55,0.087962404,-0.61183786,0.0040625947121641,0.0,99.99999869538296,0.0,0.0032314684448863
2737.5,156,1,56,0,-55,0.087962404,-0.61183786,0.0040625947121641,0.0,99.99999869538296,0.0,0.0032314684448863
2738.0,155,1,56,0,-55,-0.015709229,-0.32710156,0.0040625947121641,0.0,99.99999869538296,0.0,0.0032314684448863
2738.5,155,1,55,0,-54,-0.029754028,-0.5321903,0.0040625947121641,0.0,99.99999869538296,0.0,0.0032314684448863
2739.0,155,1,55,0,-54,-0.029754028,-0.5321903,0.0040625947121641,0.0,99.99999869538296,0.0,0.0032314684448863
2739.5,155,1,55,0,-54,-0.029754028,-0.5321903,0.0040625947121641,0.0,99.99999869538296,0.0,0.0032314684448863
2740.0,154,1,55,0,-54,-0.37162536,0.5459118,0.0040625947121641,0.0,99.99999869538296,0.0,0.0032314684448863
2740.5,156,1,57,0,-56,0.011418104,-0.7457168,0.0040625947121641,0.0,99.99999869538296,0.0,0.0032314684448863
2741.0,156,1,58,0,-57,0.80810356,0.22221771,0.0040625947121641,0.0,99.99999869538296,0.0,0.0032314684448863
2741.5,156,1,58,0,-57,0.80810356,0.22221771,0.0040625947121641,0.0,99.99999869538296,0.0,0.0032314684448863
2742.0,160,1,60,0,-59,0.22970657,-1.0180969,0.0040625947121641,0.0,99.99999869538296,0.0,0.0032314684448863
2742.5,160,1,60,0,-59,0.22970657,-1.0180969,0.0040625947121641,0.0,99.99999869538296,0.0,0.0032314684448863
2743.0,160,1,60,0,-59,0.22970657,-1.0180969,0.0040625947121641,0.0,99.99999869538296,0.0,0.0032314684448863
2743.5,158,1,59,0,-58,-0.60202515,0.19663443,0.0040625947121641,0.0,99.99999869538296,0.0,0.0032314684448863
2744.0,159,1,60,0,-59,0.49597085,-0.04790854,0.0040625947121641,0.0,99.99999869538296,0.0,0.0032314684448863
2744.5,159,1,60,0,-59,0.49597085,-0.04790854,0.0040625947121641,0.0,99.99999869538296,0.0,0.0032314684448863
2745.0,158,1,59,0,-58,-0.5527576,-0.03235652,0.0040625947121641,0.0,99.99999869538296,0.0,0.0032314684448863
2745.5,158,1,59,0,-58,-0.5527576,-0.03235652,0.0040625947121641,0.0,99.99999869538296,0.0,0.0032314684448863
2746.0,159,1,60,0,-59,-0.028753802,0.26059332,0.0040625947121641,0.0,99.99999869538296,0.0,0.0032314684448863
2746.5,160,1,60,0,-59,-0.08487304,0.08670649,0.0040625947121641,0.0,99.99999869538296,0.0,0.0032314684448863
2747.0,160,1,60,0,-59,-0.08487304,0.08670649,0.0040625947121641,0.0,99.99999869538296,0.0,0.0032314684448863
2747.5,160,1,60,0,-59,-0.08487304,0.08670649,0.0040625947121641,0.0,99.99999869538296,0.0,0.0032314684448863
2748.0,161,1,61,0,-60,-0.8116262,0.13751899,0.0040625947121641,0.0,99.99999869538296,0.0,0.0032314684448863
2748.5,159,1,59,0,-58,0.24436475,-0.95183975,0.0040625947121641,0.0,99.99999869538296,0.0,0.0032314684448863
2749.0,159,1,59,0,-58,0.24436475,-0.95183975,0.0040625947121641,0.0,99.99999869538296,0.0,0.0032314684448863
2749.5,159,1,59,0,-58,0.24436475,-0.95183975,0.0040625947121641,0.0,99.99999869538296,0.0,0.0032314684448863
2750.0,158,1,59,0,-58,-0.34525645,0.27839172,0.0040625947121641,0.0,99.99999869538296,0.0,0.0032314684448863
2750.5,159,1,60,0,-59,-0.046303477,-0.18775666,0.0040625947121641,0.0,99.99999869538296,0.0,0.0032314684448863
2751.0,159,1,59,0,-58,0.05160445,-0.1722983,0.0040625947121641,0.0,99.99999869538296,0.0,0.0032314684448863
2751.5,158,1,58,0,-57,-0.3387006,0.12677352,0.0040625947121641,0.0,99.99999869538296,0.0,0.0032314684448863
2752.0,158,1,58,0,-57,-0.3387006,0.12677352,0.0040625947121641,0.0,99.99999869538296,0.0,0.0032314684448863
2752.5,158,1,58,0,-57,-0.3387006,0.12677352,0.0040625947121641,0.0,99.99999869538296,0.0,0.0032314684448863
2753.0,158,1,58,0,-57,-0.3387006,0.12677352,0.0040625947121641,0.0,99.99999869538296,0.0,0.0032314684448863
2753.5,158,1,58,0,-57,-1.2607129,0.3681678,0.0040625947121641,0.0,99.99999869538296,0.0,0.0032314684448863
2754.0,158,1,58,0,-57,-1.2607129,0.3681678,0.0040625947121641,0.0,99.99999869538296,0.0,0.0032314684448863
2754.5,158,1,58,0,-57,-1.2607129,0.3681678,0.0040625947121641,0.0,99.99999869538296,0.0,0.0032314684448863
2755.0,158,1,58,0,-57,-1.2607129,0.3681678,0.0040625947121641,0.0,99.99999869538296,0.0,0.0032314684448863
2755.5,158,1,58,0,-57,-1.2607129,0.3681678,0.0040625947121641,0.0,99.99999869538296,0.0,0.0032314684448863
2756.0,158,1,58,0,-57,-0.3387006,0.12677352,0.0040625947121641,0.0,99.99999869538296,0.0,0.0032314684448863
2756.5,157,1,58,0,-57,0.5063539,-0.029460657,0.0040625947121641,0.0,99.99999869538296,0.0,0.0032314684448863
2757.0,155,1,58,0,-57,1.4724435,0.568468,0.0040625947121641,0.0,99.99999869538296,0.0,0.0032314684448863
2757.5,156,1,59,0,-58,0.83430564,-0.53314364,0.0040625947121641,0.0,99.99999869538296,0.0,0.0032314684448863
2758.0,156,1,59,0,-58,0.83430564,-0.53314364,0.0040625947121641,0.0,99.99999869538296,0.0,0.0032314684448863
2758.5,156,1,59,0,-58,0.83430564,-0.53314364,0.0040625947121641,0.0,99.99999869538296,0.0,0.0032314684448863
2759.0,155,1,58,0,-57,-0.10831925,0.34626532,0.0040625947121641,0.0,99.99999869538296,0.0,0.0032314684448863
2759.5,155,1,58,0,-57,-0.10831925,0.34626532,0.0040625947121641,0.0,99.99999869538296,0.0,0.0032314684448863
2760.0,155,1,58,0,-57,-0.10831925,0.34626532,0.0040625947121641,0.0,99.99999869538296,0.0,0.0032314684448863
2760.5,155,1,57,0,-56,-0.5365061,-0.5955623,0.0040625947121641,0.0,99.99999869538296,0.0,0.0032314684448863
2761.0,154,1,56,0,-55,-0.28285912,-1.0055038,0.0040625947121641,0.0,99.99999869538296,0.0,0.0032314684448863
2761.5,154,1,56,0,-55,-0.28285912,-1.0055038,0.0040625947121641,0.0,99.99999869538296,0.0,0.0032314684448863
2762.0,154,1,56,0,-55,-0.28285912,-1.0055038,0.0040625947121641,0.0,99.99999869538296,0.0,0.0032314684448863
2762.5,155,1,56,0,-55,-0.4705152,0.03832345,0.0040625947121641,0.0,99.99999869538296,0.0,0.0032314684448863
2763.0,155,1,56,0,-55,-0.4705152,0.03832345,0.0040625947121641,0.0,99.99999869538296,0.0,0.0032314684448863
2763.5,155,1,56,0,-55,-0.4705152,0.03832345,0.0040625947121641,0.0,99.99999869538296,0.0,0.0032314684448863
2764.0,155,1,56,0,-55,-0.4705152,0.03832345,0.0040625947121641,0.0,99.99999869538296,0.0,0.0032314684448863
2764.5,156,1,57,0,-56,-0.35810733,0.17795365,0.0040625947121641,0.0,99.99999869538296,0.0,0.0032314684448863
2765.0,157,1,58,0,-57,-0.026194349,0.585531,0.0040625947121641,0.0,99.99999869538296,0.0,0.0032314684448863
2765.5,156,1,57,0,-56,-0.79381543,-0.32830516,0.0040625947121641,0.0,99.99999869538296,0.0,0.0032314684448863
2766.0,156,1,57,0,-56,-0.79381543,-0.32830516,0.0040625947121641,0.0,99.99999869538296,0.0,0.0032314684448863
2766.5,155,1,56,0,-55,0.3711272,0.894008,0.0040625947121641,0.0,99.99999869538296,0.0,0.0032314684448863
2767.0,154,1,56,0,-55,-0.06591271,0.6182166,0.0040625947121641,0.0,99.99999869538296,0.0,0.0032314684448863
2767.5,154,1,56,0,-55,-0.06591271,0.6182166,0.0040625947121641,0.0,99.99999869538296,0.0,0.0032314684448863
2768.0,154,1,56,0,-55,-0.06591271,0.6182166,0.0040625947121641,0.0,99.99999869538296,0.0,0.0032314684448863
2768.5,154,1,56,0,-55,-0.06591271,0.6182166,0.0040625947121641,0.0,99.99999869538296,0.0,0.0032314684448863
2769.0,153,1,56,0,-55,-0.20052549,0.1858452,0.0040625947121641,0.0,99.99999869538296,0.0,0.0032314684448863
2769.5,153,1,56,0,-55,0.22536792,-0.0090952255,0.0040625947121641,0.0,99.99999869538296,0.0,0.0032314684448863
2770.0,152,1,55,0,-54,0.28733242,-0.9096775,0.0040625947121641,0.0,99.99999869538296,0.0,0.0032314684448863
2770.5,153,1,56,0,-55,0.041826636,-0.3872129,0.0040625947121641,0.0,99.99999869538296,0.0,0.0032314684448863
2771.0,153,1,56,0,-55,0.041826636,-0.3872129,0.0040625947121641,0.0,99.99999869538296,0.0,0.0032314684448863
2771.5,153,1,56,0,-55,0.041826636,-0.3872129,0.0040625947121641,0.0,99.99999869538296,0.0,0.0032314684448863
2772.0,153,1,57,0,-56,0.20520748,-0.9353682,0.0040625947121641,0.0,99.99999869538296,0.0,0.0032314684448863
2772.5,153,1,57,0,-56,0.20520748,-0.9353682,0.0040625947121641,0.0,99.99999869538296,0.0,0.0032314684448863
2773.0,152,1,56,0,-55,0.29755694,-0.5234746,0.0040625947121641,0.0,99.99999869538296,0.0,0.0032314684448863
2773.5,153,1,56,0,-55,-1.3306533,0.85387987,0.0040625947121641,0.0,99.99999869538296,0.0,0.0032314684448863
2774.0,153,1,56,0,-55,-1.3306533,0.85387987,0.0040625947121641,0.0,99.99999869538296,0.0,0.0032314684448863
2774.5,154,1,57,0,-56,-1.6592342,0.027916815,0.0040625947121641,0.0,99.99999869538296,0.0,0.0032314684448863
2775.0,154,1,58,0,-57,1.0425574,0.24926078,0.0040625947121641,0.0,99.99999869538296,0.0,0.0032314684448863
2775.5,154,1,58,0,-57,1.0425574,0.24926078,0.0040625947121641,0.0,99.99999869538296,0.0,0.0032314684448863
2776.0,154,1,58,0,-57,-0.7893377,0.43620574,0.0040625947121641,0.0,99.99999869538296,0.0,0.0032314684448863
2776.5,154,1,58,0,-57,-0.7893377,0.43620574,0.0040625947121641,0.0,99.99999869538296,0.0,0.0032314684448863
2777.0,154,1,57,0,-56,-1.4115039,0.3936369,0.0040625947121641,0.0,99.99999869538296,0.0,0.0032314684448863
2777.5,154,1,57,0,-56,-1.4115039,0.3936369,0.0040625947121641,0.0,99.99999869538296,0.0,0.0032314684448863
2778.0,153,1,56,0,-55,-1.3315772,0.44660267,0.0040625947121641,0.0,99.99999869538296,0.0,0.0032314684448863
2778.5,153,1,56,0,-55,-1.3315772,0.44660267,0.0040625947121641,0.0,99.99999869538296,0.0,0.0032314684448863
2779.0,153,1,56,0,-55,-1.3315772,0.44660267,0.0040625947121641,0.0,99.99999869538296,0.0,0.0032314684448863
2779.5,153,1,56,0,-55,-1.3315772,0.44660267,0.0040625947121641,0.0,99.99999869538296,0.0,0.0032314684448863
2780.0,154,1,57,0,-56,-0.54334396,0.61584866,0.0040625947121641,0.0,99.99999869538296,0.0,0.0032314684448863
2780.5,154,1,57,0,-56,-0.54334396,0.61584866,0.0040625947121641,0.0,99.99999869538296,0.0,0.0032314684448863
2781.0,154,1,57,0,-56,-0.54334396,0.61584866,0.0040625947121641,0.0,99.99999869538296,0.0,0.0032314684448863
2781.5,156,1,58,0,-57,-0.7223194,0.4766246,0.0040625947121641,0.0,99.99999869538296,0.0,0.0032314684448863
2782.0,156,1,58,0,-57,-0.7223194,0.4766246,0.0040625947121641,0.0,99.99999869538296,0.0,0.0032314684448863
2782.5,154,1,57,0,-56,1.5328153,0.40581965,0.0040625947121641,0.0,99.99999869538296,0.0,0.0032314684448863
2783.0,154,1,57,0,-56,1.5328153,0.40581965,0.0040625947121641,0.0,99.99999869538296,0.0,0.0032314684448863
2783.5,154,1,57,0,-56,1.5328153,0.40581965,0.0040625947121641,0.0,99.99999869538296,0.0,0.0032314684448863
2784.0,154,1,57,0,-56,1.5328153,0.40581965,0.0040625947121641,0.0,99.99999869538296,0.0,0.0032314684448863
2784.5,153,1,57,0,-56,1.4212948,0.26865107,0.0040625947121641,0.0,99.99999869538296,0.0,0.0032314684448863
2785.0,152,1,57,0,-56,-1.3647909,0.4574827,0.0040625947121641,0.0,99.99999869538296,0.0,0.0032314684448863
2785.5,154,1,59,0,-58,1.3472341,0.6513717,0.0040625947121641,0.0,99.99999869538296,0.0,0.0032314684448863
2786.0,154,1,59,0,-58,1.3472341,0.6513717,0.0040625947121641,0.0,99.99999869538296,0.0,0.0032314684448863
2786.5,153,1,58,0,-57,-0.41117817,0.3882095,0.0040625947121641,0.0,99.99999869538296,0.0,0.0032314684448863
2787.0,154,1,59,0,-58,-0.2328024,-0.8471638,0.0040625947121641,0.0,99.99999869538296,0.0,0.0032314684448863
2787.5,154,1,59,0,-58,-0.2328024,-0.8471638,0.0040625947121641,0.0,99.99999869538296,0.0,0.0032314684448863
2788.0,154,1,59,0,-58,-0.2328024,-0.8471638,0.0040625947121641,0.0,99.99999869538296,0.0,0.0032314684448863
2788.5,154,1,59,0,-58,-0.2328024,-0.8471638,0.0040625947121641,0.0,99.99999869538296,0.0,0.0032314684448863
2789.0,154,1,59,0,-58,-0.2328024,-0.8471638,0.0040625947121641,0.0,99.99999869538296,0.0,0.0032314684448863
2789.5,156,1,61,0,-60,0.25208634,-1.2018251,0.0040625947121641,0.0,99.99999869538296,0.0,0.0032314684448863
2790.0,156,1,61,0,-60,0.25208634,-1.2018251,0.0040625947121641,0.0,99.99999869538296,0.0,0.0032314684448863
2790.5,155,1,60,0,-59,-0.02230069,-1.0534807,0.0040625947121641,0.0,99.99999869538296,0.0,0.0032314684448863
2791.0,155,1,60,0,-59,-0.02230069,-1.0534807,0.0040625947121641,0.0,99.99999869538296,0.0,0.0032314684448863
2791.5,155,1,60,0,-59,-0.02230069,-1.0534807,0.0040625947121641,0.0,99.99999869538296,0.0,0.0032314684448863
2792.0,155,1,60,0,-59,-0.02230069,-1.0534807,0.0040625947121641,0.0,99.99999869538296,0.0,0.0032314684448863
2792.5,155,1,60,0,-59,-0.02230069,-1.0534807,0.0040625947121641,0.0,99.99999869538296,0.0,0.0032314684448863
2793.0,158,1,63,0,-62,0.054307,0.2579548,0.0040625947121641,0.0,99.99999869538296,0.0,0.0032314684448863
2793.5,158,1,63,0,-62,0.054307,0.2579548,0.0040625947121641,0.0,99.99999869538296,0.0,0.0032314684448863
2794.0,159,1,63,0,-62,0.19975795,0.039230566,0.0040625947121641,0.0,99.99999869538296,0.0,0.0032314684448863
2794.5,161,1,63,0,-62,0.2543469,-1.2932379,0.0040625947121641,0.0,99.99999869538296,0.0,0.0032314684448863
2795.0,160,1,63,0,-62,1.2539254,0.8633866,0.0040625947121641,0.0,99.99999869538296,0.0,0.0032314684448863
2795.5,160,1,63,0,-62,1.2539254,0.8633866,0.0040625947121641,0.0,99.99999869538296,0.0,0.0032314684448863
2796.0,159,1,62,0,-61,-0.38696748,0.9398257,0.0040625947121641,0.0,99.99999869538296,0.0,0.0032314684448863
2796.5,158,1,61,0,-60,-0.18849128,0.8758054,0.0040625947121641,0.0,99.99999869538296,0.0,0.0032314684448863
2797.0,158,1,61,0,-60,-0.18849128,0.8758054,0.0040625947121641,0.0,99.99999869538296,0.0,0.0032314684448863
2797.5,158,1,61,0,-60,-0.18849128,0.8758054,0.0040625947121641,0.0,99.99999869538296,0.0,0.0032314684448863
2798.0,158,1,61,0,-60,-0.18849128,0.8758054,0.0040625947121641,0.0,99.99999869538296,0.0,0.0032314684448863
2798.5,158,1,61,0,-60,-0.18849128,0.8758054,0.0040625947121641,0.0,99.99999869538296,0.0,0.0032314684448863
2799.0,157,1,60,0,-59,1.1959015,0.6341032,0.0040625947121641,0.0,99.99999869538296,0.0,0.0032314684448863
2799.5,157,1,60,0,-59,1.1959015,0.6341032,0.0040625947121641,0.0,99.99999869538296,0.0,0.0032314684448863
2800.0,157,1,60,0,-59,1.1959015,0.6341032,0.0040625947121641,0.0,99.99999869538296,0.0,0.0032314684448863
2800.5,158,1,61,0,-60,0.102277786,-0.974015,0.0040625947121641,0.0,99.99999869538296,0.0,0.0032314684448863
2801.0,158,1,61,0,-60,0.102277786,-0.974015,0.0040625947121641,0.0,99.99999869538296,0.0,0.0032314684448863
2801.5,158,1,61,0,-60,0.13779049,-0.24918377,0.0040625947121641,0.0,99.99999869538296,0.0,0.0032314684448863
2802.0,157,1,60,0,-59,0.15046242,0.017504182,0.0040625947121641,0.0,99.99999869538296,0.0,0.0032314684448863
2802.5,156,1,59,0,-58,-0.057935983,-0.7295377,0.0040625947121641,0.0,99.99999869538296,0.0,0.0032314684448863
2803.0,156,1,59,0,-58,-0.057935983,-0.7295377,0.0040625947121641,0.0,99.99999869538296,0.0,0.0032314684448863
2803.5,155,1,58,0,-57,1.2527262,0.53677773,0.0040625947121641,0.0,99.99999869538296,0.0,0.0032314684448863
2804.0,155,1,58,0,-57,1.2527262,0.53677773,0.0040625947121641,0.0,99.99999869538296,0.0,0.0032314684448863
2804.5,155,1,58,0,-57,1.42988,0.10577327,0.0040625947121641,0.0,99.99999869538296,0.0,0.0032314684448863
2805.0,155,1,58,0,-57,1.4193344,0.74768794,0.0040625947121641,0.0,99.99999869538296,0.0,0.0032314684448863
2805.5,155,1,58,0,-57,1.4193344,0.74768794,0.0040625947121641,0.0,99.99999869538296,0.0,0.0032314684448863
2806.0,155,1,58,0,-57,1.4193344,0.74768794,0.0040625947121641,0.0,99.99999869538296,0.0,0.0032314684448863
2806.5,155,1,58,0,-57,1.4690343,0.64902604,0.0040625947121641,0.0,99.99999869538296,0.0,0.0032314684448863
2807.0,156,1,59,0,-58,-0.1976926,0.59315515,0.0040625947121641,0.0,99.99999869538296,0.0,0.0032314684448863
2807.5,156,1,59,0,-58,-0.1976926,0.59315515,0.0040625947121641,0.0,99.99999869538296,0.0,0.0032314684448863
2808.0,157,1,60,0,-59,-0.5982104,0.5355417,0.0040625947121641,0.0,99.99999869538296,0.0,0.0032314684448863
2808.5,157,1,60,0,-59,-0.5713119,0.6924007,0.0040625947121641,0.0,99.99999869538296,0.0,0.0032314684448863
2809.0,159,1,62,0,-61,0.16183506,0.69955504,0.0040625947121641,0.0,99.99999869538296,0.0,0.0032314684448863
2809.5,158,1,61,0,-60,0.30168492,-0.75397,0.0040625947121641,0.0,99.99999869538296,0.0,0.0032314684448863
2810.0,158,1,61,0,-60,0.30168492,-0.75397,0.0040625947121641,0.0,99.99999869538296,0.0,0.0032314684448863
2810.5,159,1,61,0,-60,0.015611559,-0.707286,0.0040625947121641,0.0,99.99999869538296,0.0,0.0032314684448863
2811.0,160,1,62,0,-61,0.23613994,-0.38434172,0.0040625947121641,0.0,99.99999869538296,0.0,0.0032314684448863
2811.5,161,1,62,0,-61,0.14106835,-0.49506646,0.0040625947121641,0.0,99.99999869538296,0.0,0.0032314684448863
2812.0,161,1,62,0,-61,0.14106835,-0.49506646,0.0040625947121641,0.0,99.99999869538296,0.0,0.0032314684448863
2812.5,162,1,62,0,-61,0.14106835,-0.49506646,0.0040625947121641,0.0,99.99999869538296,0.0,0.0032314684448863
2813.0,162,1,62,0,-61,0.14106835,-0.49506646,0.0040625947121641,0.0,99.99999869538296,0.0,0.0032314684448863
2813.5,163,1,63,0,-62,0.54241407,0.54264206,0.0040625947121641,0.0,99.99999869538296,0.0,0.0032314684448863
2814.0,163,1,63,0,-62,0.54241407,0.54264206,0.0040625947121641,0.0,99.99999869538296,0.0,0.0032314684448863
2814.5,162,1,63,0,-62,0.54241407,0.54264206,0.0040625947121641,0.0,99.99999869538296,0.0,0.0032314684448863
2815.0,162,1,63,0,-62,0.54241407,0.54264206,0.0040625947121641,0.0,99.99999869538296,0.0,0.0032314684448863
2815.5,162,1,63,0,-62,0.54241407,0.54264206,0.0040625947121641,0.0,99.99999869538296,0.0,0.0032314684448863
2816.0,162,1,62,0,-61,0.25624806,-0.49487257,0.0040625947121641,0.0,99.99999869538296,0.0,0.0032314684448863
2816.5,163,1,63,0,-62,-0.05377853,0.55411506,0.0040625947121641,0.0,99.99999869538296,0.0,0.0032314684448863
2817.0,162,1,63,0,-62,0.21420301,-0.76610416,0.0040625947121641,0.0,99.99999869538296,0.0,0.0032314684448863
2817.5,162,1,63,0,-62,0.21420301,-0.76610416,0.0040625947121641,0.0,99.99999869538296,0.0,0.0032314684448863
2818.0,161,1,63,0,-62,0.105176866,-0.819996,0.0040625947121641,0.0,99.99999869538296,0.0,0.0032314684448863
2818.5,161,1,63,0,-62,0.105176866,-0.819996,0.0040625947121641,0.0,99.99999869538296,0.0,0.0032314684448863
2819.0,161,1,63,0,-62,0.105176866,-0.819996,0.0040625947121641,0.0,99.99999869538296,0.0,0.0032314684448863
2819.5,160,1,62,0,-61,-0.54719234,0.31306797,0.0040625947121641,0.0,99.99999869538296,0.0,0.0032314684448863
2820.0,160,1,62,0,-61,-0.54719234,0.31306797,0.0040625947121641,0.0,99.99999869538296,0.0,0.0032314684448863
2820.5,159,1,62,0,-61,1.1944481,0.7072567,0.0040625947121641,0.0,99.99999869538296,0.0,0.0032314684448863
2821.0,161,1,63,0,-62,1.3724989,0.73441136,0.0040625947121641,0.0,99.99999869538296,0.0,0.0032314684448863
2821.5,162,1,64,0,-63,0.27457368,-0.5842863,0.0040625947121641,0.0,99.99999869538296,0.0,0.0032314684448863
2822.0,161,1,63,0,-62,0.20792161,-0.32796034,0.0040625947121641,0.0,99.99999869538296,0.0,0.0032314684448863
2822.5,161,1,63,0,-62,0.20792161,-0.32796034,0.0040625947121641,0.0,99.99999869538296,0.0,0.0032314684448863
2823.0,161,1,63,0,-62,0.20792161,-0.32796034,0.0040625947121641,0.0,99.99999869538296,0.0,0.0032314684448863
2823.5,160,1,63,0,-62,0.18274887,-0.6914133,0.0040625947121641,0.0,99.99999869538296,0.0,0.0032314684448863
2824.0,160,1,63,0,-62,0.18274887,-0.6914133,0.0040625947121641,0.0,99.99999869538296,0.0,0.0032314684448863
2824.5,160,1,63,0,-62,0.18274887,-0.6914133,0.0040625947121641,0.0,99.99999869538296,0.0,0.0032314684448863
2825.0,160,1,63,0,-62,0.18274887,-0.6914133,0.0040625947121641,0.0,99.99999869538296,0.0,0.0032314684448863
2825.5,161,1,64,0,-63,-0.5102445,0.564872,0.0040625947121641,0.0,99.99999869538296,0.0,0.0032314684448863
2826.0,161,1,64,0,-63,-0.5102445,0.564872,0.0040625947121641,0.0,99.99999869538296,0.0,0.0032314684448863
2826.5,162,1,65,0,-64,0.1132599,0.48585656,0.0040625947121641,0.0,99.99999869538296,0.0,0.0032314684448863
2827.0,162,1,65,0,-64,0.1132599,0.48585656,0.0040625947121641,0.0,99.99999869538296,0.0,0.0032314684448863
2827.5,162,1,65,0,-64,0.1132599,0.48585656,0.0040625947121641,0.0,99.99999869538296,0.0,0.0032314684448863
2828.0,162,1,65,0,-64,0.1132599,0.48585656,0.0040625947121641,0.0,99.99999869538296,0.0,0.0032314684448863
2828.5,162,1,65,0,-64,0.1132599,0.48585656,0.0040625947121641,0.0,99.99999869538296,0.0,0.0032314684448863
2829.0,163,1,64,0,-63,-0.014867164,0.4615743,0.0040625947121641,0.0,99.99999869538296,0.0,0.0032314684448863
2829.5,163,1,64,0,-63,-0.014867164,0.4615743,0.0040625947121641,0.0,99.99999869538296,0.0,0.0032314684448863
2830.0,162,1,63,0,-62,-0.02311866,0.62586915,0.0040625947121641,0.0,99.99999869538296,0.0,0.0032314684448863
2830.5,163,1,64,0,-63,0.055410847,0.6360289,0.0040625947121641,0.0,99.99999869538296,0.0,0.0032314684448863
2831.0,163,1,64,0,-63,0.5428689,0.45594704,0.0040625947121641,0.0,99.99999869538296,0.0,0.0032314684448863
2831.5,163,1,64,0,-63,0.5428689,0.45594704,0.0040625947121641,0.0,99.99999869538296,0.0,0.0032314684448863
2832.0,164,1,65,0,-64,0.6220312,0.30678725,0.0040625947121641,0.0,99.99999869538296,0.0,0.0032314684448863
2832.5,164,1,65,0,-64,0.6220312,0.30678725,0.0040625947121641,0.0,99.99999869538296,0.0,0.0032314684448863
2833.0,162,1,64,0,-63,0.81813127,0.3115006,0.0040625947121641,0.0,99.99999869538296,0.0,0.0032314684448863
2833.5,161,1,65,0,-64,-0.23979802,0.32123837,0.0040625947121641,0.0,99.99999869538296,0.0,0.0032314684448863
2834.0,161,1,65,0,-64,-0.23979802,0.32123837,0.0040625947121641,0.0,99.99999869538296,0.0,0.0032314684448863
2834.5,160,1,65,0,-64,-1.1123351,0.030964773,0.0040625947121641,0.0,99.99999869538296,0.0,0.0032314684448863
2835.0,158,1,63,0,-62,1.3772128,0.50951236,0.0040625947121641,0.0,99.99999869538296,0.0,0.0032314684448863
2835.5,159,1,64,0,-63,1.3881468,0.40169078,0.0040625947121641,0.0,99.99999869538296,0.0,0.0032314684448863
2836.0,159,1,64,0,-63,1.3881468,0.40169078,0.0040625947121641,0.0,99.99999869538296,0.0,0.0032314684448863
2836.5,158,1,63,0,-62,-0.91408044,0.7238512,0.0040625947121641,0.0,99.99999869538296,0.0,0.0032314684448863
2837.0,158,1,63,0,-62,-0.91408044,0.7238512,0.0040625947121641,0.0,99.99999869538296,0.0,0.0032314684448863
2837.5,157,1,62,0,-61,-0.15844573,0.5410731,0.0040625947121641,0.0,99.99999869538296,0.0,0.0032314684448863
2838.0,157,1,62,0,-61,-0.15844573,0.5410731,0.0040625947121641,0.0,99.99999869538296,0.0,0.0032314684448863
2838.5,158,1,62,0,-61,-1.4951589,-0.1581479,0.0040625947121641,0.0,99.99999869538296,0.0,0.0032314684448863
2839.0,157,1,61,0,-60,-1.4689361,0.07621226,0.0040625947121641,0.0,99.99999869538296,0.0,0.0032314684448863
2839.5,157,1,61,0,-60,-1.4689361,0.07621226,0.0040625947121641,0.0,99.99999869538296,0.0,0.0032314684448863
2840.0,158,1,62,0,-61,0.90717536,0.5946975,0.0040625947121641,0.0,99.99999869538296,0.0,0.0032314684448863
2840.5,158,1,62,0,-61,0.7157595,0.52203405,0.0040625947121641,0.0,99.99999869538296,0.0,0.0032314684448863
2841.0,157,1,61,0,-60,0.21273722,-1.0794982,0.0040625947121641,0.0,99.99999869538296,0.0,0.0032314684448863
2841.5,156,1,61,0,-60,0.9113342,0.12055348,0.0040625947121641,0.0,99.99999869538296,0.0,0.0032314684448863
2842.0,155,1,60,0,-59,0.38495082,-1.0853374,0.0040625947121641,0.0,99.99999869538296,0.0,0.0032314684448863
2842.5,157,1,62,0,-61,0.9050985,0.06966022,0.0040625947121641,0.0,99.99999869538296,0.0,0.0032314684448863
2843.0,157,1,62,0,-61,0.9050985,0.06966022,0.0040625947121641,0.0,99.99999869538296,0.0,0.0032314684448863
2843.5,157,1,61,0,-60,-0.9729677,0.59785444,0.0040625947121641,0.0,99.99999869538296,0.0,0.0032314684448863
2844.0,157,1,61,0,-60,-0.9729677,0.59785444,0.0040625947121641,0.0,99.99999869538296,0.0,0.0032314684448863
2844.5,157,1,60,0,-59,-1.1118613,-0.13853925,0.0040625947121641,0.0,99.99999869538296,0.0,0.0032314684448863
2845.0,157,1,60,0,-59,-1.2358052,-0.100963354,0.0040625947121641,0.0,99.99999869538296,0.0,0.0032314684448863
2845.5,157,1,60,0,-59,-1.2358052,-0.100963354,0.0040625947121641,0.0,99.99999869538296,0.0,0.0032314684448863
2846.0,156,1,60,0,-59,0.8236402,0.37972677,0.0040625947121641,0.0,99.99999869538296,0.0,0.0032314684448863
2846.5,156,1,60,0,-59,0.8236402,0.37972677,0.0040625947121641,0.0,99.99999869538296,0.0,0.0032314684448863
2847.0,157,1,61,0,-60,-0.22782283,0.2568689,0.0040625947121641,0.0,99.99999869538296,0.0,0.0032314684448863
2847.5,157,1,61,0,-60,-0.22782283,0.2568689,0.0040625947121641,0.0,99.99999869538296,0.0,0.0032314684448863
2848.0,157,1,61,0,-60,-1.221567,0.1319265,0.0040625947121641,0.0,99.99999869538296,0.0,0.0032314684448863
2848.5,156,1,60,0,-59,0.6464525,0.64141726,0.0040625947121641,0.0,99.99999869538296,0.0,0.0032314684448863
2849.0,156,1,60,0,-59,0.6464525,0.64141726,0.0040625947121641,0.0,99.99999869538296,0.0,0.0032314684448863
2849.5,156,1,60,0,-59,0.6464525,0.64141726,0.0040625947121641,0.0,99.99999869538296,0.0,0.0032314684448863
2850.0,155,1,59,0,-58,1.3707088,0.4648974,0.0040625947121641,0.0,99.99999869538296,0.0,0.0032314684448863
2850.5,155,1,59,0,-58,1.3707088,0.4648974,0.0040625947121641,0.0,99.99999869538296,0.0,0.0032314684448863
2851.0,155,1,59,0,-58,1.3707088,0.4648974,0.0040625947121641,0.0,99.99999869538296,0.0,0.0032314684448863
2851.5,155,1,59,0,-58,1.3707088,0.4648974,0.0040625947121641,0.0,99.99999869538296,0.0,0.0032314684448863
2852.0,155,1,59,0,-58,1.3707088,0.4648974,0.0040625947121641,0.0,99.99999869538296,0.0,0.0032314684448863
2852.5,155,1,59,0,-58,1.3707088,0.4648974,0.0040625947121641,0.0,99.99999869538296,0.0,0.0032314684448863
2853.0,154,1,58,0,-57,1.5171977,0.23048045,0.0040625947121641,0.0,99.99999869538296,0.0,0.0032314684448863
2853.5,155,1,59,0,-58,1.505191,0.22893913,0.0040625947121641,0.0,99.99999869538296,0.0,0.0032314684448863
2854.0,155,1,59,0,-58,1.1783483,0.35905543,0.0040625947121641,0.0,99.99999869538296,0.0,0.0032314684448863
2854.5,156,1,60,0,-59,1.3488722,0.072465405,0.0040625947121641,0.0,99.99999869538296,0.0,0.0032314684448863
2855.0,156,1,60,0,-59,1.3488722,0.072465405,0.0040625947121641,0.0,99.99999869538296,0.0,0.0032314684448863
2855.5,156,1,60,0,-59,1.3488722,0.072465405,0.0040625947121641,0.0,99.99999869538296,0.0,0.0032314684448863
2856.0,156,1,60,0,-59,1.3488722,0.072465405,0.0040625947121641,0.0,99.99999869538296,0.0,0.0032314684448863
2856.5,156,1,60,0,-59,1.3488722,0.072465405,0.0040625947121641,0.0,99.99999869538296,0.0,0.0032314684448863
2857.0,155,1,59,0,-58,1.1783483,0.35905543,0.0040625947121641,0.0,99.99999869538296,0.0,0.0032314684448863
2857.5,156,1,59,0,-58,1.4511205,0.25097185,0.0040625947121641,0.0,99.99999869538296,0.0,0.0032314684448863
2858.0,155,1,58,0,-57,-0.16575858,0.29878056,0.0040625947121641,0.0,99.99999869538296,0.0,0.0032314684448863
2858.5,156,1,59,0,-58,-0.35852796,0.40628478,0.0040625947121641,0.0,99.99999869538296,0.0,0.0032314684448863
2859.0,154,1,57,0,-56,-0.7950368,0.022866037,0.0040625947121641,0.0,99.99999869538296,0.0,0.0032314684448863
2859.5,155,1,58,0,-57,-0.018691763,0.48098236,0.0040625947121641,0.0,99.99999869538296,0.0,0.0032314684448863
2860.0,155,1,58,0,-57,-0.018691763,0.48098236,0.0040625947121641,0.0,99.99999869538296,0.0,0.0032314684448863
2860.5,155,1,58,0,-57,-0.018691763,0.48098236,0.0040625947121641,0.0,99.99999869538296,0.0,0.0032314684448863
2861.0,154,1,57,0,-56,-0.10606761,0.21296754,0.0040625947121641,0.0,99.99999869538296,0.0,0.0032314684448863
2861.5,156,1,59,0,-58,-0.31479985,0.63492775,0.0040625947121641,0.0,99.99999869538296,0.0,0.0032314684448863
2862.0,156,1,59,0,-58,-0.31479985,0.63492775,0.0040625947121641,0.0,99.99999869538296,0.0,0.0032314684448863
2862.5,156,1,59,0,-58,-0.31479985,0.63492775,0.0040625947121641,0.0,99.99999869538296,0.0,0.0032314684448863
2863.0,155,1,59,0,-58,0.054835007,-0.71365213,0.0040625947121641,0.0,99.99999869538296,0.0,0.0032314684448863
2863.5,156,1,59,0,-58,-0.11202218,-0.9484123,0.0040625947121641,0.0,99.99999869538296,0.0,0.0032314684448863
2864.0,156,1,59,0,-58,-0.11202218,-0.9484123,0.0040625947121641,0.0,99.99999869538296,0.0,0.0032314684448863
2864.5,156,1,59,0,-58,-0.11202218,-0.9484123,0.0040625947121641,0.0,99.99999869538296,0.0,0.0032314684448863
2865.0,156,1,59,0,-58,-0.11202218,-0.9484123,0.0040625947121641,0.0,99.99999869538296,0.0,0.0032314684448863
2865.5,155,1,58,0,-57,0.13372882,-1.0401242,0.0040625947121641,0.0,99.99999869538296,0.0,0.0032314684448863
2866.0,155,1,58,0,-57,0.03615336,-0.7446524,0.0040625947121641,0.0,99.99999869538296,0.0,0.0032314684448863
2866.5,154,1,57,0,-56,1.5102328,0.021362808,0.0040625947121641,0.0,99.99999869538296,0.0,0.0032314684448863
2867.0,155,1,57,0,-56,1.5382308,0.35374963,0.0040625947121641,0.0,99.99999869538296,0.0,0.0032314684448863
2867.5,153,1,56,0,-55,1.512131,-0.35347927,0.0040625947121641,0.0,99.99999869538296,0.0,0.0032314684448863
2868.0,154,1,57,0,-56,1.3791965,0.40576768,0.0040625947121641,0.0,99.99999869538296,0.0,0.0032314684448863
2868.5,154,1,57,0,-56,1.3791965,0.40576768,0.0040625947121641,0.0,99.99999869538296,0.0,0.0032314684448863
2869.0,154,1,57,0,-56,1.3791965,0.40576768,0.0040625947121641,0.0,99.99999869538296,0.0,0.0032314684448863
2869.5,154,1,57,0,-56,1.3791965,0.40576768,0.0040625947121641,0.0,99.99999869538296,0.0,0.0032314684448863
2870.0,155,1,58,0,-57,1.4553818,0.33546042,0.0040625947121641,0.0,99.99999869538296,0.0,0.0032314684448863
2870.5,155,1,58,0,-57,1.4553818,0.33546042,0.0040625947121641,0.0,99.99999869538296,0.0,0.0032314684448863
2871.0,154,1,57,0,-56,1.4776604,0.53030485,0.0040625947121641,0.0,99.99999869538296,0.0,0.0032314684448863
2871.5,154,1,55,0,-54,0.8290726,0.30166888,0.0040625947121641,0.0,99.99999869538296,0.0,0.0032314684448863
2872.0,154,1,55,0,-54,0.8290726,0.30166888,0.0040625947121641,0.0,99.99999869538296,0.0,0.0032314684448863
2872.5,155,1,55,0,-54,1.0376009,0.22891475,0.0040625947121641,0.0,99.99999869538296,0.0,0.0032314684448863
2873.0,155,1,55,0,-54,1.0376009,0.22891475,0.0040625947121641,0.0,99.99999869538296,0.0,0.0032314684448863
2873.5,156,1,56,0,-55,0.6884837,0.49029154,0.0040625947121641,0.0,99.99999869538296,0.0,0.0032314684448863
2874.0,156,1,56,0,-55,0.6884837,0.49029154,0.0040625947121641,0.0,99.99999869538296,0.0,0.0032314684448863
2874.5,156,1,56,0,-55,0.6884837,0.49029154,0.0040625947121641,0.0,99.99999869538296,0.0,0.0032314684448863
2875.0,156,1,56,0,-55,0.6884837,0.49029154,0.0040625947121641,0.0,99.99999869538296,0.0,0.0032314684448863
2875.5,156,1,56,0,-55,0.6884837,0.49029154,0.0040625947121641,0.0,99.99999869538296,0.0,0.0032314684448863
2876.0,156,1,56,0,-55,-0.09972515,-1.006032,0.0040625947121641,0.0,99.99999869538296,0.0,0.0032314684448863
2876.5,156,1,56,0,-55,-0.09972515,-1.006032,0.0040625947121641,0.0,99.99999869538296,0.0,0.0032314684448863
2877.0,156,1,56,0,-55,-0.09972515,-1.006032,0.0040625947121641,0.0,99.99999869538296,0.0,0.0032314684448863
2877.5,157,1,57,0,-56,-0.23613125,-1.1054966,0.0040625947121641,0.0,99.99999869538296,0.0,0.0032314684448863
2878.0,157,1,56,0,-55,0.508637,-1.0589982,0.0040625947121641,0.0,99.99999869538296,0.0,0.0032314684448863
2878.5,157,1,56,0,-55,0.508637,-1.0589982,0.0040625947121641,0.0,99.99999869538296,0.0,0.0032314684448863
2879.0,157,1,56,0,-55,0.508637,-1.0589982,0.0040625947121641,0.0,99.99999869538296,0.0,0.0032314684448863
2879.5,157,1,56,0,-55,0.508637,-1.0589982,0.0040625947121641,0.0,99.99999869538296,0.0,0.0032314684448863
2880.0,157,1,56,0,-55,0.508637,-1.0589982,0.0040625947121641,0.0,99.99999869538296,0.0,0.0032314684448863
2880.5,155,1,55,0,-54,0.11815657,0.036602106,0.0040625947121641,0.0,99.99999869538296,0.0,0.0032314684448863
2881.0,156,1,55,0,-54,0.46481496,0.012823101,0.0040625947121641,0.0,99.99999869538296,0.0,0.0032314684448863
2881.5,156,1,56,0,-55,0.02493824,0.25922787,0.0040625947121641,0.0,99.99999869538296,0.0,0.0032314684448863
2882.0,155,1,55,0,-54,-0.45256555,0.43057832,0.0040625947121641,0.0,99.99999869538296,0.0,0.0032314684448863
2882.5,154,1,54,0,-53,-0.08332862,-0.9931097,0.0040625947121641,0.0,99.99999869538296,0.0,0.0032314684448863
2883.0,154,1,54,0,-53,-0.08332862,-0.9931097,0.0040625947121641,0.0,99.99999869538296,0.0,0.0032314684448863
2883.5,152,1,54,0,-53,0.5430443,0.24920815,0.0040625947121641,0.0,99.99999869538296,0.0,0.0032314684448863
2884.0,153,1,55,0,-54,-0.14169739,0.11334485,0.0040625947121641,0.0,99.99999869538296,0.0,0.0032314684448863
2884.5,153,1,55,0,-54,-0.14169739,0.11334485,0.0040625947121641,0.0,99.99999869538296,0.0,0.0032314684448863
2885.0,153,1,55,0,-54,-0.14169739,0.11334485,0.0040625947121641,0.0,99.99999869538296,0.0,0.0032314684448863
2885.5,153,1,55,0,-54,-0.14169739,0.11334485,0.0040625947121641,0.0,99.99999869538296,0.0,0.0032314684448863
2886.0,152,1,55,0,-54,-0.30384022,0.28758198,0.0040625947121641,0.0,99.99999869538296,0.0,0.0032314684448863
2886.5,151,1,54,0,-53,-0.04006274,0.15860344,0.0040625947121641,0.0,99.99999869538296,0.0,0.0032314684448863
2887.0,151,1,54,0,-53,-0.04006274,0.15860344,0.0040625947121641,0.0,99.99999869538296,0.0,0.0032314684448863
2887.5,153,1,56,0,-55,-0.40568328,0.67531264,0.0040625947121641,0.0,99.99999869538296,0.0,0.0032314684448863
2888.0,155,1,58,0,-57,-1.3353966,0.71134686,0.0040625947121641,0.0,99.99999869538296,0.0,0.0032314684448863
2888.5,155,1,58,0,-57,-1.3353966,0.71134686,0.0040625947121641,0.0,99.99999869538296,0.0,0.0032314684448863
2889.0,154,1,57,0,-56,-0.60995024,0.8435483,0.0040625947121641,0.0,99.99999869538296,0.0,0.0032314684448863
2889.5,154,1,57,0,-56,-0.60995024,0.8435483,0.0040625947121641,0.0,99.99999869538296,0.0,0.0032314684448863
2890.0,155,1,58,0,-57,-0.51401836,0.68724465,0.0040625947121641,0.0,99.99999869538296,0.0,0.0032314684448863
2890.5,155,1,58,0,-57,-0.51401836,0.68724465,0.0040625947121641,0.0,99.99999869538296,0.0,0.0032314684448863
2891.0,155,1,58,0,-57,-0.51401836,0.68724465,0.0040625947121641,0.0,99.99999869538296,0.0,0.0032314684448863
2891.5,155,1,58,0,-57,-0.51401836,0.68724465,0.0040625947121641,0.0,99.99999869538296,0.0,0.0032314684448863
2892.0,154,1,57,0,-56,-1.4173673,0.12532058,0.0040625947121641,0.0,99.99999869538296,0.0,0.0032314684448863
2892.5,153,1,56,0,-55,-1.482639,0.101019636,0.0040625947121641,0.0,99.99999869538296,0.0,0.0032314684448863
2893.0,153,1,56,0,-55,-1.482639,0.101019636,0.0040625947121641,0.0,99.99999869538296,0.0,0.0032314684448863
2893.5,153,1,56,0,-55,-1.482639,0.101019636,0.0040625947121641,0.0,99.99999869538296,0.0,0.0032314684448863
2894.0,153,1,56,0,-55,-1.482639,0.101019636,0.0040625947121641,0.0,99.99999869538296,0.0,0.0032314684448863
2894.5,155,1,58,0,-57,-0.32908475,0.32996947,0.0040625947121641,0.0,99.99999869538296,0.0,0.0032314684448863
2895.0,155,1,58,0,-57,-1.4725968,0.5909387,0.0040625947121641,0.0,99.99999869538296,0.0,0.0032314684448863
2895.5,155,1,58,0,-57,-1.4725968,0.5909387,0.0040625947121641,0.0,99.99999869538296,0.0,0.0032314684448863
2896.0,155,1,58,0,-57,-1.4725968,0.5909387,0.0040625947121641,0.0,99.99999869538296,0.0,0.0032314684448863
2896.5,153,1,57,0,-56,-1.4558691,0.6893883,0.0040625947121641,0.0,99.99999869538296,0.0,0.0032314684448863
2897.0,153,1,57,0,-56,-1.1653491,0.5909727,0.0040625947121641,0.0,99.99999869538296,0.0,0.0032314684448863
2897.5,152,1,56,0,-55,0.041158795,-0.6726207,0.0040625947121641,0.0,99.99999869538296,0.0,0.0032314684448863
2898.0,152,1,56,0,-55,0.041158795,-0.6726207,0.0040625947121641,0.0,99.99999869538296,0.0,0.0032314684448863
2898.5,153,1,56,0,-55,0.9577903,0.37712315,0.0040625947121641,0.0,99.99999869538296,0.0,0.0032314684448863
2899.0,153,1,56,0,-55,0.9577903,0.37712315,0.0040625947121641,0.0,99.99999869538296,0.0,0.0032314684448863
2899.5,152,1,55,0,-54,-1.372205,0.0640606,0.0040625947121641,0.0,99.99999869538296,0.0,0.0032314684448863
2900.0,152,1,55,0,-54,-1.372205,0.0640606,0.0040625947121641,0.0,99.99999869538296,0.0,0.0032314684448863
2900.5,152,1,55,0,-54,-1.372205,0.0640606,0.0040625947121641,0.0,99.99999869538296,0.0,0.0032314684448863
2901.0,152,1,55,0,-54,-0.6355607,0.26542428,0.0040625947121641,0.0,99.99999869538296,0.0,0.0032314684448863
2901.5,153,1,56,0,-55,-0.47758508,0.018489828,0.0040625947121641,0.0,99.99999869538296,0.0,0.0032314684448863
2902.0,152,1,55,0,-54,-1.3260335,0.79427075,0.0040625947121641,0.0,99.99999869538296,0.0,0.0032314684448863
2902.5,153,1,56,0,-55,1.4637126,0.6845321,0.0040625947121641,0.0,99.99999869538296,0.0,0.0032314684448863
2903.0,154,1,57,0,-56,-0.25471824,-1.1340864,0.0040625947121641,0.0,99.99999869538296,0.0,0.0032314684448863
2903.5,154,1,57,0,-56,-0.25471824,-1.1340864,0.0040625947121641,0.0,99.99999869538296,0.0,0.0032314684448863
2904.0,155,1,58,0,-57,-0.03160961,-0.24712324,0.0040625947121641,0.0,99.99999869538296,0.0,0.0032314684448863
2904.5,155,1,59,0,-58,-0.17449723,-0.6869346,0.0040625947121641,0.0,99.99999869538296,0.0,0.0032314684448863
2905.0,155,1,59,0,-58,-0.17449723,-0.6869346,0.0040625947121641,0.0,99.99999869538296,0.0,0.0032314684448863
2905.5,156,1,60,0,-59,-0.2417888,-0.79615235,0.0040625947121641,0.0,99.99999869538296,0.0,0.0032314684448863
2906.0,156,1,60,0,-59,-0.2417888,-0.79615235,0.0040625947121641,0.0,99.99999869538296,0.0,0.0032314684448863
2906.5,154,1,58,0,-57,-0.15472615,0.75633305,0.0040625947121641,0.0,99.99999869538296,0.0,0.0032314684448863
2907.0,155,1,59,0,-58,-0.5764567,0.17791122,0.0040625947121641,0.0,99.99999869538296,0.0,0.0032314684448863
2907.5,154,1,58,0,-57,-0.20009817,-0.64726996,0.0040625947121641,0.0,99.99999869538296,0.0,0.0032314684448863
2908.0,154,1,58,0,-57,-0.20009817,-0.64726996,0.0040625947121641,0.0,99.99999869538296,0.0,0.0032314684448863
2908.5,155,1,59,0,-58,1.6360676,0.41546643,0.0040625947121641,0.0,99.99999869538296,0.0,0.0032314684448863
2909.0,155,1,59,0,-58,1.4638109,0.54268223,0.0040625947121641,0.0,99.99999869538296,0.0,0.0032314684448863
2909.5,154,1,58,0,-57,-0.16225217,-0.081064954,0.0040625947121641,0.0,99.99999869538296,0.0,0.0032314684448863
2910.0,154,1,58,0,-57,-0.16225217,-0.081064954,0.0040625947121641,0.0,99.99999869538296,0.0,0.0032314684448863
2910.5,155,1,60,0,-59,-0.33792782,0.2249408,0.0040625947121641,0.0,99.99999869538296,0.0,0.0032314684448863
2911.0,156,1,60,0,-59,0.10613167,0.45025778,0.0040625947121641,0.0,99.99999869538296,0.0,0.0032314684448863
2911.5,156,1,60,0,-59,0.10613167,0.45025778,0.0040625947121641,0.0,99.99999869538296,0.0,0.0032314684448863
2912.0,156,1,60,0,-59,0.10613167,0.45025778,0.0040625947121641,0.0,99.99999869538296,0.0,0.0032314684448863
2912.5,157,1,61,0,-60,-0.44248837,0.31406897,0.0040625947121641,0.0,99.99999869538296,0.0,0.0032314684448863
2913.0,157,1,61,0,-60,-0.44248837,0.31406897,0.0040625947121641,0.0,99.99999869538296,0.0,0.0032314684448863
2913.5,158,1,61,0,-60,-0.32002547,0.8526832,0.0040625947121641,0.0,99.99999869538296,0.0,0.0032314684448863
2914.0,159,1,62,0,-61,0.98525625,1.0521009,0.0040625947121641,0.0,99.99999869538296,0.0,0.0032314684448863
2914.5,158,1,61,0,-60,-1.2127054,0.34025893,0.0040625947121641,0.0,99.99999869538296,0.0,0.0032314684448863
2915.0,158,1,61,0,-60,-1.2127054,0.34025893,0.0040625947121641,0.0,99.99999869538296,0.0,0.0032314684448863
2915.5,159,1,62,0,-61,-0.9284262,0.7690157,0.0040625947121641,0.0,99.99999869538296,0.0,0.0032314684448863
2916.0,158,1,61,0,-60,0.20579891,0.0758678,0.0040625947121641,0.0,99.99999869538296,0.0,0.0032314684448863
2916.5,158,1,61,0,-60,0.20579891,0.0758678,0.0040625947121641,0.0,99.99999869538296,0.0,0.0032314684448863
2917.0,156,1,59,0,-58,-0.10197352,0.43851495,0.0040625947121641,0.0,99.99999869538296,0.0,0.0032314684448863
2917.5,156,1,59,0,-58,-0.10197352,0.43851495,0.0040625947121641,0.0,99.99999869538296,0.0,0.0032314684448863
2918.0,156,1,59,0,-58,-0.10197352,0.43851495,0.0040625947121641,0.0,99.99999869538296,0.0,0.0032314684448863
2918.5,155,1,58,0,-57,-1.5928577,0.27913305,0.0040625947121641,0.0,99.99999869538296,0.0,0.0032314684448863
2919.0,155,1,58,0,-57,-1.5928577,0.27913305,0.0040625947121641,0.0,99.99999869538296,0.0,0.0032314684448863
2919.5,155,1,58,0,-57,-1.5928577,0.27913305,0.0040625947121641,0.0,99.99999869538296,0.0,0.0032314684448863
2920.0,157,1,58,0,-57,-1.3386537,0.3122679,0.0040625947121641,0.0,99.99999869538296,0.0,0.0032314684448863
2920.5,157,1,58,0,-57,-1.3386537,0.3122679,0.0040625947121641,0.0,99.99999869538296,0.0,0.0032314684448863
2921.0,158,1,59,0,-58,1.2508932,0.09433736,0.0040625947121641,0.0,99.99999869538296,0.0,0.0032314684448863
2921.5,160,1,61,0,-60,1.5382041,0.57543206,0.0040625947121641,0.0,99.99999869538296,0.0,0.0032314684448863
2922.0,160,1,61,0,-60,0.21974798,0.49842247,0.0040625947121641,0.0,99.99999869538296,0.0,0.0032314684448863
2922.5,160,1,61,0,-60,0.21974798,0.49842247,0.0040625947121641,0.0,99.99999869538296,0.0,0.0032314684448863
2923.0,160,1,61,0,-60,0.21974798,0.49842247,0.0040625947121641,0.0,99.99999869538296,0.0,0.0032314684448863
2923.5,160,1,61,0,-60,0.21974798,0.49842247,0.0040625947121641,0.0,99.99999869538296,0.0,0.0032314684448863
2924.0,161,1,62,0,-61,-0.18397728,0.60702276,0.0040625947121641,0.0,99.99999869538296,0.0,0.0032314684448863
2924.5,158,1,60,0,-59,-0.63072425,-0.5909575,0.0040625947121641,0.0,99.99999869538296,0.0,0.0032314684448863
2925.0,156,1,58,0,-57,-0.17776388,0.2642081,0.0040625947121641,0.0,99.99999869538296,0.0,0.0032314684448863
2925.5,156,1,58,0,-57,-0.17776388,0.2642081,0.0040625947121641,0.0,99.99999869538296,0.0,0.0032314684448863
2926.0,156,1,58,0,-57,-0.17776388,0.2642081,0.0040625947121641,0.0,99.99999869538296,0.0,0.0032314684448863
2926.5,156,1,58,0,-57,-0.17776388,0.2642081,0.0040625947121641,0.0,99.99999869538296,0.0,0.0032314684448863
2927.0,156,1,58,0,-57,-0.17776388,0.2642081,0.0040625947121641,0.0,99.99999869538296,0.0,0.0032314684448863
2927.5,156,1,58,0,-57,-0.17776388,0.2642081,0.0040625947121641,0.0,99.99999869538296,0.0,0.0032314684448863
2928.0,156,1,58,0,-57,-0.17776388,0.2642081,0.0040625947121641,0.0,99.99999869538296,0.0,0.0032314684448863
2928.5,155,1,57,0,-56,0.39644647,-1.0327222,0.0040625947121641,0.0,99.99999869538296,0.0,0.0032314684448863
2929.0,153,1,56,0,-55,1.5977117,0.5975322,0.0040625947121641,0.0,99.99999869538296,0.0,0.0032314684448863
2929.5,155,1,58,0,-57,0.08453147,0.64571375,0.0040625947121641,0.0,99.99999869538296,0.0,0.0032314684448863
2930.0,156,1,59,0,-58,-0.2903704,0.09267993,0.0040625947121641,0.0,99.99999869538296,0.0,0.0032314684448863
2930.5,156,1,59,0,-58,-0.2903704,0.09267993,0.0040625947121641,0.0,99.99999869538296,0.0,0.0032314684448863
2931.0,156,1,59,0,-58,-0.2903704,0.09267993,0.0040625947121641,0.0,99.99999869538296,0.0,0.0032314684448863
2931.5,155,1,59,0,-58,-0.0017274469,0.2442247,0.0040625947121641,0.0,99.99999869538296,0.0,0.0032314684448863
2932.0,157,1,59,0,-58,-0.37313104,0.46290904,0.0040625947121641,0.0,99.99999869538296,0.0,0.0032314684448863
2932.5,156,1,58,0,-57,-0.58208203,0.2980289,0.0040625947121641,0.0,99.99999869538296,0.0,0.0032314684448863
2933.0,156,1,58,0,-57,-0.58208203,0.2980289,0.0040625947121641,0.0,99.99999869538296,0.0,0.0032314684448863
2933.5,156,1,58,0,-57,-0.58208203,0.2980289,0.0040625947121641,0.0,99.99999869538296,0.0,0.0032314684448863
2934.0,156,1,58,0,-57,-0.58208203,0.2980289,0.0040625947121641,0.0,99.99999869538296,0.0,0.0032314684448863
2934.5,156,1,58,0,-57,-0.58208203,0.2980289,0.0040625947121641,0.0,99.99999869538296,0.0,0.0032314684448863
2935.0,157,1,59,0,-58,0.034096733,0.16023391,0.0040625947121641,0.0,99.99999869538296,0.0,0.0032314684448863
2935.5,158,1,59,0,-58,-0.05632501,0.197662,0.0040625947121641,0.0,99.99999869538296,0.0,0.0032314684448863
2936.0,158,1,59,0,-58,-0.05632501,0.197662,0.0040625947121641,0.0,99.99999869538296,0.0,0.0032314684448863
2936.5,156,1,57,0,-56,0.17778881,-1.116414,0.0040625947121641,0.0,99.99999869538296,0.0,0.0032314684448863
2937.0,156,1,57,0,-56,0.17778881,-1.116414,0.0040625947121641,0.0,99.99999869538296,0.0,0.0032314684448863
2937.5,156,1,59,0,-58,-0.049467385,0.18484259,0.0040625947121641,0.0,99.99999869538296,0.0,0.0032314684448863
2938.0,156,1,59,0,-58,-0.049467385,0.18484259,0.0040625947121641,0.0,99.99999869538296,0.0,0.0032314684448863
2938.5,155,1,59,0,-58,-0.04984329,-0.45029232,0.0040625947121641,0.0,99.99999869538296,0.0,0.0032314684448863
2939.0,155,1,59,0,-58,-0.04984329,-0.45029232,0.0040625947121641,0.0,99.99999869538296,0.0,0.0032314684448863
2939.5,154,1,58,0,-57,0.42693806,-1.2383988,0.0040625947121641,0.0,99.99999869538296,0.0,0.0032314684448863
2940.0,154,1,58,0,-57,0.42693806,-1.2383988,0.0040625947121641,0.0,99.99999869538296,0.0,0.0032314684448863
2940.5,154,1,57,0,-56,1.5935069,0.16829722,0.0040625947121641,0.0,99.99999869538296,0.0,0.0032314684448863
2941.0,154,1,57,0,-56,-0.49141532,-1.011957,0.0040625947121641,0.0,99.99999869538296,0.0,0.0032314684448863
2941.5,154,1,57,0,-56,-0.49141532,-1.011957,0.0040625947121641,0.0,99.99999869538296,0.0,0.0032314684448863
2942.0,154,1,57,0,-56,-0.49141532,-1.011957,0.0040625947121641,0.0,99.99999869538296,0.0,0.0032314684448863
2942.5,154,1,57,0,-56,-0.49141532,-1.011957,0.0040625947121641,0.0,99.99999869538296,0.0,0.0032314684448863
2943.0,153,1,56,0,-55,1.3623586,0.6420811,0.0040625947121641,0.0,99.99999869538296,0.0,0.0032314684448863
2943.5,153,1,56,0,-55,1.3623586,0.6420811,0.0040625947121641,0.0,99.99999869538296,0.0,0.0032314684448863
2944.0,153,1,56,0,-55,1.4653307,0.45479974,0.0040625947121641,0.0,99.99999869538296,0.0,0.0032314684448863
2944.5,155,1,58,0,-57,0.3090821,-0.9293915,0.0040625947121641,0.0,99.99999869538296,0.0,0.0032314684448863
2945.0,155,1,58,0,-57,0.3090821,-0.9293915,0.0040625947121641,0.0,99.99999869538296,0.0,0.0032314684448863
2945.5,155,1,59,0,-58,0.64027953,0.46674603,0.0040625947121641,0.0,99.99999869538296,0.0,0.0032314684448863
2946.0,156,1,60,0,-59,0.46925223,0.4046898,0.0040625947121641,0.0,99.99999869538296,0.0,0.0032314684448863
2946.5,156,1,60,0,-59,0.46925223,0.4046898,0.0040625947121641,0.0,99.99999869538296,0.0,0.0032314684448863
2947.0,156,1,60,0,-59,0.46925223,0.4046898,0.0040625947121641,0.0,99.99999869538296,0.0,0.0032314684448863
2947.5,158,1,61,0,-60,0.15538226,-1.1820911,0.0040625947121641,0.0,99.99999869538296,0.0,0.0032314684448863
2948.0,158,1,61,0,-60,0.15538226,-1.1820911,0.0040625947121641,0.0,99.99999869538296,0.0,0.0032314684448863
2948.5,158,1,61,0,-60,1.3002089,0.8502967,0.0040625947121641,0.0,99.99999869538296,0.0,0.0032314684448863
2949.0,157,1,61,0,-60,0.31654626,0.46584067,0.0040625947121641,0.0,99.99999869538296,0.0,0.0032314684448863
2949.5,156,1,60,0,-59,0.32657707,-0.82535183,0.0040625947121641,0.0,99.99999869538296,0.0,0.0032314684448863
2950.0,156,1,60,0,-59,0.32657707,-0.82535183,0.0040625947121641,0.0,99.99999869538296,0.0,0.0032314684448863
2950.5,157,1,60,0,-59,0.19185938,-1.2125722,0.0040625947121641,0.0,99.99999869538296,0.0,0.0032314684448863
2951.0,157,1,60,0,-59,0.19185938,-1.2125722,0.0040625947121641,0.0,99.99999869538296,0.0,0.0032314684448863
2951.5,157,1,60,0,-59,0.19185938,-1.2125722,0.0040625947121641,0.0,99.99999869538296,0.0,0.0032314684448863
2952.0,157,1,60,0,-59,0.19185938,-1.2125722,0.0040625947121641,0.0,99.99999869538296,0.0,0.0032314684448863
2952.5,157,1,60,0,-59,0.19185938,-1.2125722,0.0040625947121641,0.0,99.99999869538296,0.0,0.0032314684448863
2953.0,155,1,58,0,-57,0.28620732,-1.1671991,0.0040625947121641,0.0,99.99999869538296,0.0,0.0032314684448863
2953.5,156,1,59,0,-58,0.17762889,-0.7363596,0.0040625947121641,0.0,99.99999869538296,0.0,0.0032314684448863
2954.0,156,1,59,0,-58,0.17762889,-0.7363596,0.0040625947121641,0.0,99.99999869538296,0.0,0.0032314684448863
2954.5,156,1,59,0,-58,0.17762889,-0.7363596,0.0040625947121641,0.0,99.99999869538296,0.0,0.0032314684448863
2955.0,156,1,59,0,-58,0.17762889,-0.7363596,0.0040625947121641,0.0,99.99999869538296,0.0,0.0032314684448863
2955.5,157,1,59,0,-58,0.42873335,-1.2871037,0.0040625947121641,0.0,99.99999869538296,0.0,0.0032314684448863
2956.0,157,1,59,0,-58,0.42873335,-1.2871037,0.0040625947121641,0.0,99.99999869538296,0.0,0.0032314684448863
2956.5,155,1,57,0,-56,0.5357304,-1.0780137,0.0040625947121641,0.0,99.99999869538296,0.0,0.0032314684448863
2957.0,155,1,57,0,-56,0.5357304,-1.0780137,0.0040625947121641,0.0,99.99999869538296,0.0,0.0032314684448863
2957.5,156,1,58,0,-57,1.6172589,0.06544685,0.0040625947121641,0.0,99.99999869538296,0.0,0.0032314684448863
2958.0,156,1,58,0,-57,1.6172589,0.06544685,0.0040625947121641,0.0,99.99999869538296,0.0,0.0032314684448863
2958.5,156,1,58,0,-57,1.6172589,0.06544685,0.0040625947121641,0.0,99.99999869538296,0.0,0.0032314684448863
2959.0,156,1,58,0,-57,1.6172589,0.06544685,0.0040625947121641,0.0,99.99999869538296,0.0,0.0032314684448863
2959.5,155,1,57,0,-56,1.5595839,0.59740883,0.0040625947121641,0.0,99.99999869538296,0.0,0.0032314684448863
2960.0,155,1,58,0,-57,1.6230984,0.57561547,0.0040625947121641,0.0,99.99999869538296,0.0,0.0032314684448863
2960.5,155,1,58,0,-57,1.6230984,0.57561547,0.0040625947121641,0.0,99.99999869538296,0.0,0.0032314684448863
2961.0,155,1,58,0,-57,1.6230984,0.57561547,0.0040625947121641,0.0,99.99999869538296,0.0,0.0032314684448863
2961.5,155,1,58,0,-57,1.6230984,0.57561547,0.0040625947121641,0.0,99.99999869538296,0.0,0.0032314684448863
2962.0,155,1,58,0,-57,1.6230984,0.57561547,0.0040625947121641,0.0,99.99999869538296,0.0,0.0032314684448863
2962.5,155,1,58,0,-57,1.6230984,0.57561547,0.0040625947121641,0.0,99.99999869538296,0.0,0.0032314684448863
2963.0,155,1,58,0,-57,1.6230984,0.57561547,0.0040625947121641,0.0,99.99999869538296,0.0,0.0032314684448863
2963.5,154,1,57,0,-56,1.5790454,0.24251084,0.0040625947121641,0.0,99.99999869538296,0.0,0.0032314684448863
2964.0,154,1,57,0,-56,1.5790454,0.24251084,0.0040625947121641,0.0,99.99999869538296,0.0,0.0032314684448863
2964.5,155,1,58,0,-57,1.4975461,0.55877763,0.0040625947121641,0.0,99.99999869538296,0.0,0.0032314684448863
2965.0,153,1,57,0,-56,1.4786263,0.2732437,0.0040625947121641,0.0,99.99999869538296,0.0,0.0032314684448863
2965.5,152,1,57,0,-56,-0.10887322,0.10842952,0.0040625947121641,0.0,99.99999869538296,0.0,0.0032314684448863
2966.0,152,1,57,0,-56,-0.10887322,0.10842952,0.0040625947121641,0.0,99.99999869538296,0.0,0.0032314684448863
2966.5,152,1,57,0,-56,-0.10887322,0.10842952,0.0040625947121641,0.0,99.99999869538296,0.0,0.0032314684448863
2967.0,152,1,57,0,-56,-0.10887322,0.10842952,0.0040625947121641,0.0,99.99999869538296,0.0,0.0032314684448863
2967.5,152,1,57,0,-56,-0.10887322,0.10842952,0.0040625947121641,0.0,99.99999869538296,0.0,0.0032314684448863
2968.0,152,1,57,0,-56,-0.10887322,0.10842952,0.0040625947121641,0.0,99.99999869538296,0.0,0.0032314684448863
2968.5,152,1,57,0,-56,-0.10887322,0.10842952,0.0040625947121641,0.0,99.99999869538296,0.0,0.0032314684448863
2969.0,152,1,57,0,-56,-0.17227095,-0.07446684,0.0040625947121641,0.0,99.99999869538296,0.0,0.0032314684448863
2969.5,151,1,56,0,-55,-1.3205104,-0.11537027,0.0040625947121641,0.0,99.99999869538296,0.0,0.0032314684448863
2970.0,151,1,56,0,-55,-1.3205104,-0.11537027,0.0040625947121641,0.0,99.99999869538296,0.0,0.0032314684448863
2970.5,151,1,56,0,-55,-1.3205104,-0.11537027,0.0040625947121641,0.0,99.99999869538296,0.0,0.0032314684448863
2971.0,150,1,55,0,-54,-0.11665717,0.050919384,0.0040625947121641,0.0,99.99999869538296,0.0,0.0032314684448863
2971.5,151,1,56,0,-55,1.6020702,0.17628926,0.0040625947121641,0.0,99.99999869538296,0.0,0.0032314684448863
2972.0,151,1,56,0,-55,1.6020702,0.17628926,0.0040625947121641,0.0,99.99999869538296,0.0,0.0032314684448863
2972.5,151,1,56,0,-55,1.6020702,0.17628926,0.0040625947121641,0.0,99.99999869538296,0.0,0.0032314684448863
2973.0,151,1,56,0,-55,1.6020702,0.17628926,0.0040625947121641,0.0,99.99999869538296,0.0,0.0032314684448863
2973.5,153,1,58,0,-57,1.440824,0.5163777,0.0040625947121641,0.0,99.99999869538296,0.0,0.0032314684448863
2974.0,153,1,58,0,-57,-0.030552432,-0.80750585,0.0040625947121641,0.0,99.99999869538296,0.0,0.0032314684448863
2974.5,153,1,58,0,-57,-0.030552432,-0.80750585,0.0040625947121641,0.0,99.99999869538296,0.0,0.0032314684448863
2975.0,153,1,58,0,-57,-0.030552432,-0.80750585,0.0040625947121641,0.0,99.99999869538296,0.0,0.0032314684448863
2975.5,153,1,58,0,-57,-0.030552432,-0.80750585,0.0040625947121641,0.0,99.99999869538296,0.0,0.0032314684448863
2976.0,154,1,59,0,-58,0.48648167,-0.8778384,0.0040625947121641,0.0,99.99999869538296,0.0,0.0032314684448863
2976.5,154,1,59,0,-58,0.48648167,-0.8778384,0.0040625947121641,0.0,99.99999869538296,0.0,0.0032314684448863
2977.0,154,1,59,0,-58,0.48648167,-0.8778384,0.0040625947121641,0.0,99.99999869538296,0.0,0.0032314684448863
2977.5,155,1,59,0,-58,0.33814126,0.54741836,0.0040625947121641,0.0,99.99999869538296,0.0,0.0032314684448863
2978.0,154,1,58,0,-57,0.4538043,0.06264977,0.0040625947121641,0.0,99.99999869538296,0.0,0.0032314684448863
2978.5,154,1,58,0,-57,0.4538043,0.06264977,0.0040625947121641,0.0,99.99999869538296,0.0,0.0032314684448863
2979.0,155,1,59,0,-58,-0.24622482,0.3060236,0.0040625947121641,0.0,99.99999869538296,0.0,0.0032314684448863
2979.5,156,1,60,0,-59,0.3265574,-0.14980862,0.0040625947121641,0.0,99.99999869538296,0.0,0.0032314684448863
2980.0,155,1,60,0,-59,0.00937973,0.17305738,0.0040625947121641,0.0,99.99999869538296,0.0,0.0032314684448863
2980.5,156,1,61,0,-60,0.20986994,0.014740255,0.0040625947121641,0.0,99.99999869538296,0.0,0.0032314684448863
2981.0,156,1,61,0,-60,0.20986994,0.014740255,0.0040625947121641,0.0,99.99999869538296,0.0,0.0032314684448863
2981.5,152,1,58,0,-57,-0.0057566687,-0.8192285,0.0040625947121641,0.0,99.99999869538296,0.0,0.0032314684448863
2982.0,153,1,59,0,-58,-0.006715402,0.15054938,0.0040625947121641,0.0,99.99999869538296,0.0,0.0032314684448863
2982.5,154,1,60,0,-59,-0.22594434,0.019240271,0.0040625947121641,0.0,99.99999869538296,0.0,0.0032314684448863
2983.0,153,1,59,0,-58,-1.1021935,-0.1781961,0.0040625947121641,0.0,99.99999869538296,0.0,0.0032314684448863
2983.5,153,1,59,0,-58,-1.1021935,-0.1781961,0.0040625947121641,0.0,99.99999869538296,0.0,0.0032314684448863
2984.0,152,1,58,0,-57,0.07571469,-1.2753968,0.0040625947121641,0.0,99.99999869538296,0.0,0.0032314684448863
2984.5,152,1,58,0,-57,0.5917147,0.38573,0.0040625947121641,0.0,99.99999869538296,0.0,0.0032314684448863
2985.0,151,1,57,0,-56,0.31940532,0.41827792,0.0040625947121641,0.0,99.99999869538296,0.0,0.0032314684448863
2985.5,151,1,57,0,-56,0.31940532,0.41827792,0.0040625947121641,0.0,99.99999869538296,0.0,0.0032314684448863
2986.0,151,1,57,0,-56,0.31940532,0.41827792,0.0040625947121641,0.0,99.99999869538296,0.0,0.0032314684448863
2986.5,151,1,57,0,-56,0.31940532,0.41827792,0.0040625947121641,0.0,99.99999869538296,0.0,0.0032314684448863
2987.0,151,1,57,0,-56,0.31940532,0.41827792,0.0040625947121641,0.0,99.99999869538296,0.0,0.0032314684448863
2987.5,153,1,59,0,-58,1.4630483,0.44605324,0.0040625947121641,0.0,99.99999869538296,0.0,0.0032314684448863
2988.0,155,1,61,0,-60,0.31180817,-1.0327177,0.0040625947121641,0.0,99.99999869538296,0.0,0.0032314684448863
2988.5,155,1,61,0,-60,0.31180817,-1.0327177,0.0040625947121641,0.0,99.99999869538296,0.0,0.0032314684448863
2989.0,155,1,61,0,-60,0.31180817,-1.0327177,0.0040625947121641,0.0,99.99999869538296,0.0,0.0032314684448863
2989.5,155,1,61,0,-60,0.31180817,-1.0327177,0.0040625947121641,0.0,99.99999869538296,0.0,0.0032314684448863
2990.0,156,1,62,0,-61,1.5135907,0.196519,0.0040625947121641,0.0,99.99999869538296,0.0,0.0032314684448863
2990.5,156,1,62,0,-61,1.5135907,0.196519,0.0040625947121641,0.0,99.99999869538296,0.0,0.0032314684448863
2991.0,155,1,61,0,-60,0.7190594,0.35171723,0.0040625947121641,0.0,99.99999869538296,0.0,0.0032314684448863
2991.5,155,1,61,0,-60,0.7190594,0.35171723,0.0040625947121641,0.0,99.99999869538296,0.0,0.0032314684448863
2992.0,154,1,60,0,-59,0.45771712,0.63249457,0.0040625947121641,0.0,99.99999869538296,0.0,0.0032314684448863
2992.5,154,1,60,0,-59,0.45771712,0.63249457,0.0040625947121641,0.0,99.99999869538296,0.0,0.0032314684448863
2993.0,154,1,60,0,-59,0.45771712,0.63249457,0.0040625947121641,0.0,99.99999869538296,0.0,0.0032314684448863
2993.5,154,1,60,0,-59,0.45771712,0.63249457,0.0040625947121641,0.0,99.99999869538296,0.0,0.0032314684448863
2994.0,154,1,60,0,-59,0.45771712,0.63249457,0.0040625947121641,0.0,99.99999869538296,0.0,0.0032314684448863
2994.5,155,1,61,0,-60,-0.58800864,0.5422786,0.0040625947121641,0.0,99.99999869538296,0.0,0.0032314684448863
2995.0,156,1,62,0,-61,1.5657208,0.06139761,0.0040625947121641,0.0,99.99999869538296,0.0,0.0032314684448863
2995.5,156,1,62,0,-61,1.5657208,0.06139761,0.0040625947121641,0.0,99.99999869538296,0.0,0.0032314684448863
2996.0,158,1,62,0,-61,-0.23039655,0.082692966,0.0040625947121641,0.0,99.99999869538296,0.0,0.0032314684448863
2996.5,159,1,63,0,-62,-0.069863066,-0.8444893,0.0040625947121641,0.0,99.99999869538296,0.0,0.0032314684448863
2997.0,159,1,63,0,-62,-0.069863066,-0.8444893,0.0040625947121641,0.0,99.99999869538296,0.0,0.0032314684448863
2997.5,159,1,63,0,-62,-0.069863066,-0.8444893,0.0040625947121641,0.0,99.99999869538296,0.0,0.0032314684448863
2998.0,158,1,62,0,-61,0.07176091,0.2719986,0.0040625947121641,0.0,99.99999869538296,0.0,0.0032314684448863
2998.5,158,1,63,0,-62,-0.04104708,0.06447975,0.0040625947121641,0.0,99.99999869538296,0.0,0.0032314684448863
2999.0,157,1,63,0,-62,0.10477163,-0.69815075,0.0040625947121641,0.0,99.99999869538296,0.0,0.0032314684448863
2999.5,156,1,62,0,-61,1.3546847,0.5927875,0.0040625947121641,0.0,99.99999869538296,0.0,0.0032314684448863
3000.0,156,1,62,0,-61,1.3546847,0.5927875,0.0040625947121641,0.0,99.99999869538296,0.0,0.0032314684448863
