Frame,Time_fs,LBHB_Fraction,Avg_Wire_Length,Hodge_Gradient_Pct,Hodge_Curl_Pct,Hodge_Harmonic_Pct
0.0,0.0,0.0,0.0,99.99999787400094,0.0,0.004251656410933944
0.5,0.25,0.0,0.0,99.9999978740977,0.0,0.004250368312087523
1.0,0.5,0.0,0.0,99.99999787434083,0.0,0.004248843257360128
1.5,0.75,0.0,0.0,99.99999768299102,0.0,0.004487167988754401
2.0,1.0,0.0,0.0,99.99999887498994,0.0,0.0034946513518891776
2.5,1.25,0.0,0.0,99.99999856805591,0.0,0.0037343667631249133
3.0,1.5,0.0,0.0,99.99999857251728,0.0,0.0037299426501584344
3.5,1.75,0.000968054211035818,0.0,99.99999857641123,0.0,0.0037261150630775505
4.0,2.0,0.0017211703958691911,0.0,99.99999852443192,0.0,0.003238568011368455
4.5,2.25,0.0023237800154918666,0.0,99.99999852249803,0.0,0.0032401553394723454
5.0,2.5,0.0028169014084507044,0.0,99.99999866912141,0.0,0.003197208411232461
5.5,2.75,0.003229974160206718,0.0,99.99999789341788,0.0,0.004222633276488959
6.0,3.0,0.003579952267303103,0.0,99.99999789783307,0.0,0.0042160550304207066
6.5,3.25,0.0033333333333333335,0.0,99.99999671972259,0.0,0.005478865374195224
7.0,3.5,0.003116883116883117,0.0,99.99999803999195,0.0,0.004503769095150682
7.5,3.75,0.002926829268292683,0.0,99.99999804000271,0.0,0.004502135040927078
8.0,4.0,0.0027611596870685687,0.0,99.999997324518,0.0,0.004987271713020475
8.5,4.25,0.002613240418118467,0.0,99.99999732475797,0.0,0.004984622356890835
9.0,4.5,0.0024803637866887144,0.0,99.99999732485412,0.0,0.004982072917105868
9.5,4.75,0.0023584905660377358,0.0,99.99999810861918,0.0,0.004128433390848263
10.0,5.0,0.0022488755622188904,0.0,99.99999722247507,0.0,0.005630209835121429
10.5,5.25,0.002148997134670487,0.0,99.99999721462915,0.0,0.005630675842862213
11.0,5.5,0.00205761316872428,0.0,99.99999720791575,0.0,0.005631046479629171
11.5,5.75,0.002303389272787101,0.0,99.99999778033086,0.0,0.005660042791345129
12.0,6.0,0.0028462998102466793,0.0,99.99999795759543,0.0,0.00513332452485402
12.5,6.25,0.0033485540334855404,0.0,99.9999979589982,0.0,0.005130125879045287
13.0,6.5,0.0038145539906103286,0.0,99.99999796068988,0.0,0.005126496127828202
13.5,6.75,0.00424929178470255,0.0,99.99999787454605,0.0,0.004674486335586096
14.0,7.0,0.004654983570646221,0.0,99.99999787974578,0.0,0.004668751005996993
14.5,7.25,0.005031779661016949,0.0,99.99999836859618,0.0,0.004038488232927689
15.0,7.5,0.005384615384615384,0.0,99.99999837311076,0.0,0.004032129419354281
15.5,7.75,0.005714285714285714,0.0,99.99999839055845,0.0,0.004038025457503622
16.0,8.0,0.006025548324897566,0.0,99.99999815160574,0.0,0.004035849213194784
16.5,8.25,0.006320224719101123,0.0,99.99999759762326,0.0,0.00446776592381847
17.0,8.5,0.0065969062784349405,0.0,99.99999766515374,0.0,0.004305712509214848
17.5,8.75,0.007078080070780801,0.0,99.99999731080327,0.0,0.004768017126331123
18.0,9.0,0.007531740908112761,0.0,99.99999849786934,0.0,0.003549686519227984
18.5,9.25,0.007751937984496124,0.0,99.99999749308137,0.0,0.004515795036864726
19.0,9.5,0.007756685037762809,0.0,99.99999749013776,0.0,0.004518332326459155
19.5,9.75,0.007762738853503185,0.0,99.99999862343847,0.0,0.0027585418327301854
20.0,10.0,0.007768498737618955,0.0,99.9999986237155,0.0,0.0027582777308779423
20.5,10.25,0.0077725118483412325,0.0,99.99999755960174,0.0,0.003955342687745975
21.0,10.5,0.007780659503519822,0.0,99.9999975705567,0.0,0.004818235075323446
21.5,10.75,0.007787033683448026,0.0,99.99999822160676,0.0,0.0038122146999896656
22.0,11.0,0.0077931278781438185,0.0,99.99999822047852,0.0,0.00381336650307429
22.5,11.25,0.0078003120124804995,0.0,99.99999745754835,0.0,0.004766502828476036
23.0,11.5,0.007805871372815205,0.0,99.99999709266288,0.0,0.004826907888652363
23.5,11.75,0.007647547797173733,0.0,99.99999759543557,0.0,0.004949904175141405
24.0,12.0,0.0074955189832165555,0.0,99.99999759993567,0.0,0.004940898087921851
24.5,12.25,0.007349416839750759,0.0,99.9999965177108,0.0,0.005751281455580582
25.0,12.5,0.0072089014261087605,0.0,99.99999652345197,0.0,0.005746533682678022
25.5,12.75,0.007072570725707257,0.0,99.99999740262447,0.0,0.004882166095932405
26.0,13.0,0.006943396226415094,0.0,99.99999707642382,0.0,0.005373371581874495
26.5,13.25,0.006966058989180376,0.0,99.99999823782323,0.0,0.0034777760718467353
27.0,13.5,0.006988934187536401,0.0,99.9999970427471,0.0,0.004804389692620379
27.5,13.75,0.007011017312920303,0.0,99.99999704155753,0.0,0.004804724211311819
28.0,14.0,0.0070293828201883875,0.0,99.99999629740323,0.0,0.00596507146504322
28.5,14.25,0.007050041470832181,0.0,99.9999967763149,0.0,0.005368552728254685
29.0,14.5,0.007071943424452604,0.0,99.99999546360829,0.0,0.005733263872299161
29.5,14.75,0.0070931477516059955,0.0,99.99999546677677,0.0,0.0057305248153510895
30.0,15.0,0.007113687261230404,0.0,99.99999546977466,0.0,0.005728020440235494
30.5,15.25,0.007264236606563757,0.0,99.99999597399962,0.0,0.005479520011296869
31.0,15.5,0.00740929994890138,0.0,99.99999666328002,0.0,0.00521526207296217
31.5,15.75,0.007548119260284312,0.0,99.99999746866965,0.0,0.0038644934759059766
32.0,16.0,0.007683727847316892,0.0,99.9999966726795,0.0,0.0046430551776257
32.5,16.25,0.007695126419934042,0.0,99.99999828692293,0.0,0.0036498581090307616
33.0,16.5,0.007706201083684527,0.0,99.9999982877408,0.0,0.003648496135558737
33.5,16.75,0.007716965451739285,0.0,99.99999828770932,0.0,0.0036479602372812207
34.0,17.0,0.007728337236533958,0.0,99.99999589485546,0.0,0.006427913711762766
34.5,17.25,0.007741190063547083,0.0,99.99999574241002,0.0,0.006656557299658457
35.0,17.5,0.007752821799110706,0.0,99.99999726451122,0.0,0.004098669590364911
35.5,17.75,0.007763276327632763,0.0,99.99999698846364,0.0,0.005160959503440937
36.0,18.0,0.007773459189339256,0.0,99.99999794995749,0.0,0.0040777744249834436
36.5,18.25,0.007892140743176587,0.0,99.99999709729731,0.0,0.005258788522002757
37.0,18.5,0.008007791364570934,0.0,99.99999709501039,0.0,0.005260385692727385
37.5,18.75,0.008122261408571124,0.0,99.99999582686726,0.0,0.006366051946801625
38.0,19.0,0.008233928005911538,0.0,99.99999582185154,0.0,0.006369522821678806
38.5,19.25,0.00834289289811242,0.0,99.99999706506007,0.0,0.005259211356508788
39.0,19.5,0.008448382443849165,0.0,99.99999689946193,0.0,0.004223976259254406
39.5,19.75,0.008550488599348535,0.0,99.99999640154725,0.0,0.004628334788861681
40.0,20.0,0.008650170991752162,0.0,99.99999463945443,0.0,0.005451055619159294
40.5,20.25,0.008746645462677666,0.0,99.99999554986105,0.0,0.005028343669374929
41.0,20.5,0.008841732979664015,0.0,99.99999777440024,0.0,0.0034329622993739765
41.5,20.75,0.008935508935508936,0.0,99.99999791806862,0.0,0.0033467917763039053
42.0,21.0,0.00902717756650341,0.0,99.99999791730457,0.0,0.0033476857071594703
42.5,21.25,0.009116809116809116,0.0,99.99999596892906,0.0,0.0062773778530690735
43.0,21.5,0.009203606311044327,0.0,99.99999572699652,0.0,0.006397443267274352
43.5,21.75,0.009288500835965075,0.0,99.99999573458459,0.0,0.0063914244106299785
44.0,22.0,0.009370693615066605,0.0,99.99999559134712,0.0,0.006237359807773551
44.5,22.25,0.009451967645187676,0.0,99.99999678960046,0.0,0.006693351421023351
45.0,22.5,0.009532374100719424,0.0,99.9999968228365,0.0,0.006526107081872801
45.5,22.75,0.009611961552153792,0.0,99.99999713594096,0.0,0.0060748592257150996
46.0,23.0,0.009602678178134086,0.0,99.99999692908827,0.0,0.006013245645549615
46.5,23.25,0.00959358102215245,0.0,99.99999692771787,0.0,0.0060143404474513286
47.0,23.5,0.009584664536741214,0.0,99.99999692605772,0.0,0.0060156872260766926
47.5,23.75,0.009575104727707959,0.0,99.99999667808956,0.0,0.006091929619341584
48.0,24.0,0.009565732667400321,0.0,99.99999745743182,0.0,0.004467948741523883
48.5,24.25,0.009556542878698969,0.0,99.9999974395695,0.0,0.004484171324488817
49.0,24.5,0.009545945048559807,0.0,99.99999740434161,0.0,0.004933292140152595
49.5,24.75,0.00953320184089415,0.0,99.9999965952382,0.0,0.006212876872296432
50.0,25.0,0.00951916036123993,0.0,99.99999753586322,0.0,0.004537214214416585
50.5,25.25,0.009506162893740433,0.0,99.999997641434,0.0,0.004284522454762762
51.0,25.5,0.009493418428400478,0.0,99.99999764184926,0.0,0.004283886054572676
51.5,25.75,0.009481668773704172,0.0,99.99999647226055,0.0,0.00599237174200744
52.0,26.0,0.009470141660796743,0.0,99.99999646885023,0.0,0.005995140279112175
52.5,26.25,0.009458830826484726,0.0,99.99999646548578,0.0,0.005997936286205511
53.0,26.5,0.009448455984022124,0.0,99.99999648672278,0.0,0.005739225544020804
53.5,26.75,0.009438270665245852,0.0,99.99999633363792,0.0,0.0052421133590932366
54.0,27.0,0.009502979108530055,0.0,99.99999678445707,0.0,0.004727714933571273
54.5,27.25,0.00956794737628943,0.0,99.99999705052892,0.0,0.004582304859059029
55.0,27.5,0.009631770022968066,0.0,99.99999826793695,0.0,0.0035654548351351793
55.5,27.75,0.00969518912963643,0.0,99.99999821241555,0.0,0.004008982911613118
56.0,28.0,0.009758228954267405,0.0,99.99999684092529,0.0,0.004518411579941129
56.5,28.25,0.009819494584837545,0.0,99.99999686896633,0.0,0.004915810189754006
57.0,28.5,0.009880432447912937,0.0,99.99999742509063,0.0,0.004547345235036981
57.5,28.75,0.009941063693815238,0.0,99.99999748271186,0.0,0.004749851444731406
58.0,29.0,0.01,0.0,99.99999758597228,0.0,0.005229489403532878
58.5,29.25,0.009988126004051127,0.0,99.99999718971571,0.0,0.005217718015079051
59.0,29.5,0.009977135730617336,0.0,99.99999776291229,0.0,0.005190127865722093
59.5,29.75,0.009966320709327101,0.0,99.99999810354642,0.0,0.004568915757071774
60.0,30.0,0.009955676781452438,0.0,99.99999809147602,0.0,0.004580618687277312
60.5,30.25,0.009945872801082544,0.0,99.99999829049018,0.0,0.0044522994020552605
61.0,30.5,0.009934219358303128,0.0,99.99999804137299,0.0,0.004289892870942031
61.5,30.75,0.009922749067661161,0.0,99.9999980416772,0.0,0.004289740360973372
62.0,31.0,0.00991014799154334,0.0,99.9999982196467,0.0,0.004258637513237262
62.5,31.25,0.009897745149449397,0.0,99.99999822076727,0.0,0.004257436757793844
63.0,31.5,0.009884893022045912,0.0,99.99999683643009,0.0,0.00666390629783892
63.5,31.75,0.00987160461965288,0.0,99.99999735089847,0.0,0.005346844377869812
64.0,32.0,0.009858523782088215,0.0,99.99999734350104,0.0,0.005359193045269924
64.5,32.25,0.009782746792021344,0.0,99.99999777978796,0.0,0.004888004098082527
65.0,32.5,0.009708125827397088,0.0,99.99999826438174,0.0,0.003904005539196798
65.5,32.75,0.009634031904910854,0.0,99.99999580337932,0.0,0.004828524006252478
66.0,33.0,0.009562247749146227,0.0,99.99999750350199,0.0,0.005153318079868423
66.5,33.25,0.009491525423728813,0.0,99.99999750017855,0.0,0.005156430090428969
67.0,33.5,0.009424724602203182,0.0,99.99999832517051,0.0,0.003849463305121872
67.5,33.75,0.009358288770053475,0.0,99.99999760200414,0.0,0.005136477276710817
68.0,34.0,0.009292783007482501,0.0,99.99999759785317,0.0,0.0051401089400561996
68.5,34.25,0.00922874093605801,0.0,99.99999720800453,0.0,0.005134797090661265
69.0,34.5,0.00916557552672301,0.0,99.99999720663416,0.0,0.005134203491583209
69.5,34.75,0.009103268901105396,0.0,99.99999826792171,0.0,0.0034409478860431067
70.0,35.0,0.009042334566378957,0.0,99.99999629432479,0.0,0.005611855536819171
70.5,35.25,0.008982210557013707,0.0,99.99999629369555,0.0,0.005612331140409939
71.0,35.5,0.008922363847045192,0.0,99.99999631760659,0.0,0.005435126693151811
71.5,35.75,0.008863309352517985,0.0,99.9999963190791,0.0,0.005434145354047233
72.0,36.0,0.00880503144654088,0.0,99.99999632061422,0.0,0.005433133541800611
72.5,36.25,0.00874751491053678,0.0,99.99999632223539,0.0,0.005432062816485063
73.0,36.5,0.008690254500310366,0.0,99.99999744108855,0.0,0.0043967036555887734
73.5,36.75,0.008632770895229553,0.0,99.99999556635026,0.0,0.007591740606719296
74.0,37.0,0.008576042768836665,0.0,99.99999678696823,0.0,0.0038164575805469062
74.5,37.25,0.008519583978756361,0.0,99.9999958535827,0.0,0.00420028848347016
75.0,37.5,0.008463863698818356,0.0,99.99999529779193,0.0,0.00424520963793957
75.5,37.75,0.008463470568963634,0.0,99.9999953017177,0.0,0.004242432179349068
76.0,38.0,0.008463541666666666,0.0,99.99999506458911,0.0,0.004573409102360231
76.5,38.25,0.008464068143835247,0.0,99.99999573397503,0.0,0.005461421803203522
77.0,38.5,0.008463681165631027,0.0,99.99999735393507,0.0,0.0047877430098611316
77.5,38.75,0.008463299089796136,0.0,99.99999735095344,0.0,0.004789598881576332
78.0,39.0,0.008462921823759652,0.0,99.99999735038001,0.0,0.004789558589204603
78.5,39.25,0.00846343899490091,0.0,99.9999958656034,0.0,0.006368407647448492
79.0,39.5,0.008463949843260187,0.0,99.99999587233478,0.0,0.00636179016640132
79.5,39.75,0.00846445448408371,0.0,99.99999587954277,0.0,0.006354727281202782
80.0,40.0,0.008465826966756143,0.0,99.99999512972765,0.0,0.006648487194353748
80.5,40.25,0.008467183250372042,0.0,99.999995156699,0.0,0.006626324863205515
81.0,40.5,0.008468091618629802,0.0,99.9999946727988,0.0,0.0068783650755779675
81.5,40.75,0.008468130419349932,0.0,99.99999495382002,0.0,0.006420039193946236
82.0,41.0,0.008467741935483872,0.0,99.99999664215979,0.0,0.005377580007522355
82.5,41.25,0.008468630988173983,0.0,99.99999622020769,0.0,0.005944475157363803
83.0,41.5,0.008470353761833582,0.0,99.99999656736394,0.0,0.006425388147980272
83.5,41.75,0.00847205707491082,0.0,99.99999656069657,0.0,0.006431711551213459
84.0,42.0,0.008473741255296088,0.0,99.99999655540365,0.0,0.0064368105296996
84.5,42.25,0.008474161156012735,0.0,99.99999641182497,0.0,0.006810663708016866
85.0,42.5,0.008473750852245056,0.0,99.9999974783303,0.0,0.0048723222265406665
85.5,42.75,0.008473345276715246,0.0,99.99999747578087,0.0,0.004873617521094166
86.0,43.0,0.008424802618910071,0.0,99.99999747356586,0.0,0.004874818046827852
86.5,43.25,0.008376412023741144,0.0,99.99999778012918,0.0,0.005110589490491425
87.0,43.5,0.008328574148105844,0.0,99.99999777715334,0.0,0.00511444019872301
87.5,43.75,0.00832938949361098,0.0,99.99999562869377,0.0,0.0060909419600810805
88.0,44.0,0.008330979949166902,0.0,99.99999752758136,0.0,0.0036379264531380224
88.5,44.25,0.008334113681056278,0.0,99.99999693235094,0.0,0.005674800479232439
89.0,44.5,0.008337214718211458,0.0,99.99999694211148,0.0,0.005665226749715045
89.5,44.75,0.008340283569641367,0.0,99.99999689816218,0.0,0.005735824042330947
90.0,45.0,0.00834332073384346,0.0,99.99999640938748,0.0,0.005503506907629034
90.5,45.25,0.008345943962947678,0.0,99.99999654884888,0.0,0.0054652561588416065
91.0,45.5,0.008347778487364291,0.0,99.99999779845336,0.0,0.0043296224162209865
91.5,45.75,0.008349593864863638,0.0,99.99999779331165,0.0,0.004334002634158729
92.0,46.0,0.008351390393643915,0.0,99.99999778873715,0.0,0.004337797245252345
92.5,46.25,0.008352793245913419,0.0,99.999997699384,0.0,0.004290306111255598
93.0,46.5,0.008354181558255897,0.0,99.99999770069209,0.0,0.004288558872199987
93.5,46.75,0.00835481290551951,0.0,99.99999586106323,0.0,0.008024961986352202
94.0,47.0,0.008355807064856979,0.0,99.99999644493339,0.0,0.005669182396824891
94.5,47.25,0.008399296394019349,0.0,99.99999546589444,0.0,0.006407271312295937
95.0,47.5,0.008443064001049915,0.0,99.99999680433308,0.0,0.004486236794325974
95.5,47.75,0.008486008964706906,0.0,99.99999790986001,0.0,0.003961359242687001
96.0,48.0,0.008528138528138529,0.0,99.99999799815689,0.0,0.0037083435869694472
96.5,48.25,0.008526397381793126,0.0,99.99999657541792,0.0,0.004810580498770604
97.0,48.5,0.008525039626440474,0.0,99.99999607711113,0.0,0.005267532155927033
97.5,48.75,0.008523695874531197,0.0,99.99999607711536,0.0,0.005268757330879823
98.0,49.0,0.008522004578987535,0.0,99.99999682781132,0.0,0.005431952927196265
98.5,49.25,0.008520690091534146,0.0,99.99999607437869,0.0,0.005274140418754526
99.0,49.5,0.008518673940411246,0.0,99.99999600600917,0.0,0.005340565509550596
99.5,49.75,0.008516678495386799,0.0,99.99999635315332,0.0,0.005247229870698831
100.0,50.0,0.008514349794409603,0.0,99.99999727395387,0.0,0.004525032176095325
100.5,50.25,0.008512748460680194,0.0,99.99999820194571,0.0,0.002917563049947527
101.0,50.5,0.008511513157894737,0.0,99.99999767534857,0.0,0.0032340637132140023
101.5,50.75,0.00851063829787234,0.0,99.99999692236324,0.0,0.004447334749872785
102.0,51.0,0.008509771986970683,0.0,99.9999969221102,0.0,0.004447222725708215
102.5,51.25,0.008508914100486223,0.0,99.9999969213018,0.0,0.004447544990315517
103.0,51.5,0.008468766383030206,0.0,99.99999532205261,0.0,0.006035583569076916
103.5,51.75,0.008427980896576634,0.0,99.9999970373768,0.0,0.00413802081576978
104.0,52.0,0.00838758637216919,0.0,99.99999703836028,0.0,0.004137422280764263
104.5,52.25,0.00834691362931754,0.0,99.99999473889636,0.0,0.0059432783553218654
105.0,52.5,0.008306962025316455,0.0,99.99999741052804,0.0,0.0035819820084118754
105.5,52.75,0.00826739104759655,0.0,99.99999740551296,0.0,0.003586277773695118
106.0,53.0,0.00822658361734634,0.0,99.99999659929752,0.0,0.004285124766945063
106.5,53.25,0.008186496179635116,0.0,99.99999762511447,0.0,0.003438204539152286
107.0,53.5,0.008147113594040968,0.0,99.9999984122246,0.0,0.003401778263193218
107.5,53.75,0.008107795065827574,0.0,99.99999792149083,0.0,0.004570007741521703
108.0,54.0,0.008068854222700376,0.0,99.99999792130868,0.0,0.004569894368270587
108.5,54.25,0.00803059273422562,0.0,99.9999981901835,0.0,0.0037773253653647543
109.0,54.5,0.007992692395524092,0.0,99.9999981899159,0.0,0.0037774149857869904
109.5,54.75,0.007954846774499034,0.0,99.99999753631266,0.0,0.00433832551321125
110.0,55.0,0.007917357864575479,0.0,99.99999753351257,0.0,0.004340716642522111
110.5,55.25,0.007879924953095686,0.0,99.99999624174961,0.0,0.005557323048720799
111.0,55.5,0.00784313725490196,0.0,99.99999810593299,0.0,0.0032290784442699895
111.5,55.75,0.007807562181655947,0.0,99.9999970010159,0.0,0.004534477663897419
112.0,56.0,0.007772020725388601,0.0,99.999997444976,0.0,0.0044142035613138775
112.5,56.25,0.007736516357206013,0.0,99.99999604954385,0.0,0.005326458878264907
113.0,56.5,0.007701617339641325,0.0,99.99999746315677,0.0,0.00493402992924845
113.5,56.75,0.007666751852798364,0.0,99.99999756608024,0.0,0.004833136930867903
114.0,57.0,0.007632478011194301,0.0,99.99999752201053,0.0,0.004355633603077681
114.5,57.25,0.00759823431507345,0.0,99.99999752539664,0.0,0.004351569404255119
115.0,57.5,0.007599222070157747,0.0,99.99999862867878,0.0,0.0032791858741540595
115.5,57.75,0.007564621948159036,0.0,99.99999663342345,0.0,0.004995161672558468
116.0,58.0,0.007530335474660956,0.0,99.99999663160692,0.0,0.004996310144386201
116.5,58.25,0.007496358404092798,0.0,99.9999980694863,0.0,0.003999781072358034
117.0,58.5,0.007462686567164179,0.0,99.99999807058298,0.0,0.003998877750371105
117.5,58.75,0.007429315869159537,0.0,99.99999734968415,0.0,0.0055091422097579635
118.0,59.0,0.007396501559925685,0.0,99.99999731800932,0.0,0.005495802095512506
118.5,59.25,0.007363718852516228,0.0,99.99999674814164,0.0,0.0060026392747772
119.0,59.5,0.007330970745604892,0.0,99.99999685965375,0.0,0.005752849853047873
119.5,59.75,0.007298765090456259,0.0,99.99999676043373,0.0,0.006183488119276474
120.0,60.0,0.0072665909012639045,0.0,99.9999968160475,0.0,0.006143112786704853
120.5,60.25,0.0072349471951721304,0.0,99.99999660391488,0.0,0.006461489901454033
121.0,60.5,0.007203823830658928,0.0,99.99999596680127,0.0,0.0068552495734987
121.5,60.75,0.007172723255260563,0.0,99.99999722369446,0.0,0.005361125133776188
122.0,61.0,0.00714237356983278,0.0,99.99999740943875,0.0,0.004223110577962948
122.5,61.25,0.007112039908318727,0.0,99.99999786890271,0.0,0.003798695037828321
123.0,61.5,0.007082200516899943,0.0,99.99999782513419,0.0,0.0038385487074495835
123.5,61.75,0.0070526104686142125,0.0,99.99999782736847,0.0,0.003837081507859607
124.0,62.0,0.007023266651133376,0.0,99.99999782959974,0.0,0.0038355468514944153
124.5,62.25,0.006994397851957437,0.0,99.99999745541704,0.0,0.005019140356975271
125.0,62.5,0.006965765408867321,0.0,99.99999745784946,0.0,0.0050172867632630675
125.5,62.75,0.006936910280435283,0.0,99.99999678276524,0.0,0.005840292810693081
126.0,63.0,0.006908293225943752,0.0,99.99999678345472,0.0,0.005839730099690346
126.5,63.25,0.0068801356462762486,0.0,99.99999729218342,0.0,0.005144318372326548
127.0,63.5,0.006852206670347157,0.0,99.99999729291741,0.0,0.005143571131205435
127.5,63.75,0.0068240620957309185,0.0,99.99999687784616,0.0,0.007489845347001904
128.0,64.0,0.006796366681698126,0.0,99.99999699703822,0.0,0.007213316684282076
128.5,64.25,0.006768895162325163,0.0,99.999995478344,0.0,0.00936495636244605
129.0,64.5,0.006741429438640212,0.0,99.9999970480046,0.0,0.00498389369395409
129.5,64.75,0.006714185706103226,0.0,99.99999704733457,0.0,0.004984717851619801
130.0,65.0,0.006687161284188508,0.0,99.9999970459388,0.0,0.004986133486295971
130.5,65.25,0.006660353535353536,0.0,99.99999704418157,0.0,0.004987854548518002
131.0,65.5,0.0066333427646263635,0.0,99.99999715887891,0.0,0.004308825001868374
131.5,65.75,0.006606343341995679,0.0,99.99999627305712,0.0,0.005672937631347088
132.0,66.0,0.006580178382086945,0.0,99.99999630059173,0.0,0.005760419219119546
132.5,66.25,0.006554016276324781,0.0,99.99999672851541,0.0,0.005415968316947989
133.0,66.5,0.006528667347380798,0.0,99.99999659565378,0.0,0.005849671472363495
133.5,66.75,0.006503513746763654,0.0,99.99999659304791,0.0,0.005851409004440248
134.0,67.0,0.006478354313785692,0.0,99.99999729790059,0.0,0.005160818149983643
134.5,67.25,0.0064533887937362365,0.0,99.99999730399131,0.0,0.0051536978504404035
135.0,67.5,0.006428614953384925,0.0,99.99999731180729,0.0,0.005144808058086155
135.5,67.75,0.006403641881638847,0.0,99.99999771546089,0.0,0.004636649760067861
136.0,68.0,0.006379054932430389,0.0,99.99999748729526,0.0,0.004707259044498465
136.5,68.25,0.006354656065534273,0.0,99.99999748621566,0.0,0.00470814100122779
137.0,68.5,0.006330253210128405,0.0,99.99999670812876,0.0,0.005044980159998618
137.5,68.75,0.006306225529752832,0.0,99.99999671382847,0.0,0.005873212181146628
138.0,69.0,0.006282566622003871,0.0,99.99999795843817,0.0,0.004688006694569645
138.5,69.25,0.006259084571801489,0.0,99.99999793085665,0.0,0.004720791235225611
139.0,69.5,0.00623577740343411,0.0,99.99999790243733,0.0,0.004754788698316163
139.5,69.75,0.006212460252031563,0.0,99.99999794509336,0.0,0.004678553819684051
140.0,70.0,0.006189316828488458,0.0,99.9999979239392,0.0,0.004704859192750717
140.5,70.25,0.006166345198433573,0.0,99.9999979041137,0.0,0.004729423931146848
141.0,70.5,0.006143185722188255,0.0,99.99999713069616,0.0,0.005705615611847381
141.5,70.75,0.006120554620873702,0.0,99.99999749758318,0.0,0.005429001679283164
142.0,71.0,0.006098265895953758,0.0,99.9999964012556,0.0,0.00452335823569977
142.5,71.25,0.00607613891608593,0.0,99.99999770152229,0.0,0.003904447627666216
143.0,71.5,0.0060539982211000485,0.0,99.99999771315325,0.0,0.003665854453799392
143.5,71.75,0.006032190743017239,0.0,99.9999973470297,0.0,0.0042725464541776455
144.0,72.0,0.006010368597960463,0.0,99.99999770288902,0.0,0.0036726592557403195
144.5,72.25,0.005988193892609831,0.0,99.99999539590796,0.0,0.005446958524569343
145.0,72.5,0.005966182208901205,0.0,99.99999538947571,0.0,0.005449356623902188
145.5,72.75,0.005944331755690782,0.0,99.99999538385562,0.0,0.0054513483286193955
146.0,73.0,0.0059229732764428476,0.0,99.99999756589311,0.0,0.0037570996480384
146.5,73.25,0.005901767733273663,0.0,99.99999757307366,0.0,0.003751802542058995
147.0,73.5,0.005880549594492907,0.0,99.99999693191253,0.0,0.004261886987500466
147.5,73.75,0.00585980893134859,0.0,99.99999807595505,0.0,0.0032836181680359505
148.0,74.0,0.00583889088745607,0.0,99.99999688414304,0.0,0.004257147383139854
148.5,74.25,0.005817961231973971,0.0,99.99999633323958,0.0,0.0044470636841983414
149.0,74.5,0.005797181086353271,0.0,99.9999963477528,0.0,0.00443854153507441
149.5,74.75,0.005776865160848734,0.0,99.99999670323211,0.0,0.004457046825997028
150.0,75.0,0.005756691130330396,0.0,99.99999699488754,0.0,0.004457132113809289
150.5,75.25,0.005736501549671035,0.0,99.99999739725264,0.0,0.004203538180912791
151.0,75.5,0.00571645308986481,0.0,99.99999734864018,0.0,0.004234289610177408
151.5,75.75,0.005696544276457883,0.0,99.99999730136852,0.0,0.004264541289710693
152.0,76.0,0.005676773655465576,0.0,99.99999716897176,0.0,0.004065681475108647
152.5,76.25,0.0056571397930183925,0.0,99.99999717111538,0.0,0.0040644789294085075
153.0,76.5,0.005637942551770207,0.0,99.99999746524804,0.0,0.003927889519559439
153.5,76.75,0.005618725534577797,0.0,99.99999532378807,0.0,0.00520275123586284
154.0,77.0,0.005599639075396088,0.0,99.99999534478341,0.0,0.00519351766323884
154.5,77.25,0.005580829454083792,0.0,99.99999545880752,0.0,0.005162510466745804
155.0,77.5,0.005561412756984713,0.0,99.9999963486569,0.0,0.004165491668762244
155.5,77.75,0.005542130699726833,0.0,99.9999963481227,0.0,0.004166022974996847
156.0,78.0,0.005523271032930213,0.0,99.99999462604056,0.0,0.004713267823323244
156.5,78.25,0.005504539288323072,0.0,99.99999473521984,0.0,0.004664996720757663
157.0,78.5,0.005485934168789975,0.0,99.99999487230062,0.0,0.004605237055173301
157.5,78.75,0.005467171062859512,0.0,99.99999598744617,0.0,0.00449119461795485
158.0,79.0,0.005448535867375923,0.0,99.99999597723243,0.0,0.004496790707119959
158.5,79.25,0.005430027278810026,0.0,99.99999596605903,0.0,0.004502810569315503
159.0,79.5,0.005411782810536305,0.0,99.99999765726967,0.0,0.003930887565602697
159.5,79.75,0.005394487907143222,0.0,99.99999520757373,0.0,0.0052507817211960225
160.0,80.0,0.005377303193251612,0.0,99.99999520473969,0.0,0.005251762064696231
160.5,80.25,0.005360227619144396,0.0,99.99999520200726,0.0,0.005252629470260799
161.0,80.5,0.0053433954619124795,0.0,99.99999535637019,0.0,0.005118525877634696
161.5,80.75,0.005326803160738179,0.0,99.99999715670478,0.0,0.004156900519811655
162.0,81.0,0.005310046305617073,0.0,99.99999662902538,0.0,0.004235932216920019
162.5,81.25,0.005293394546047515,0.0,99.99999662537765,0.0,0.004238055662550802
163.0,81.5,0.005276846896413744,0.0,99.99999662251382,0.0,0.004239635138893673
163.5,81.75,0.005260271240526525,0.0,99.99999713806615,0.0,0.00417367238423894
164.0,82.0,0.005243929716430151,0.0,99.99999491558343,0.0,0.00611158371587908
164.5,82.25,0.005227559893962292,0.0,99.99999746842997,0.0,0.004954941661699816
165.0,82.5,0.005211291955839858,0.0,99.99999748177632,0.0,0.004944150873304577
165.5,82.75,0.00519512495383479,0.0,99.99999749201974,0.0,0.004936069802583934
166.0,83.0,0.0051790579514494,0.0,99.9999974990036,0.0,0.004930811977170846
166.5,83.25,0.005163090023735532,0.0,99.99999731433316,0.0,0.004660201186609831
167.0,83.5,0.005147094696784895,0.0,99.99999539699215,0.0,0.005865780351056559
167.5,83.75,0.005130823849820057,0.0,99.999997189975,0.0,0.004187871483360859
168.0,84.0,0.005114531571930675,0.0,99.99999734641887,0.0,0.004206357812672409
168.5,84.25,0.005098712031510523,0.0,99.99999755088153,0.0,0.0040054756320689715
169.0,84.5,0.005082867604548082,0.0,99.99999755456771,0.0,0.003894902014250327
169.5,84.75,0.00506699966380097,0.0,99.9999974207459,0.0,0.003974397156728531
170.0,85.0,0.005051351416054201,0.0,99.99999655685278,0.0,0.004979528016651407
170.5,85.25,0.0050356793393952414,0.0,99.9999965519185,0.0,0.004994465987330691
171.0,85.5,0.005020343096433415,0.0,99.9999958901341,0.0,0.005330600504810272
171.5,85.75,0.005005218711452699,0.0,99.99999480460417,0.0,0.004661183613427166
172.0,86.0,0.0049903032023083105,0.0,99.99999629033842,0.0,0.0039014058441048066
172.5,86.25,0.004975593651991416,0.0,99.99999654961982,0.0,0.003548427998333782
173.0,86.5,0.004960853925187502,0.0,99.99999615861958,0.0,0.004911494473890996
173.5,86.75,0.004946201270540801,0.0,99.99999602758948,0.0,0.005005447955838176
174.0,87.0,0.00493151965596223,0.0,99.99999571028827,0.0,0.007112396162778057
174.5,87.25,0.004916695794011418,0.0,99.99999530448534,0.0,0.007508630168685294
175.0,87.5,0.00490207466951653,0.0,99.99999544599416,0.0,0.007426342649339861
175.5,87.75,0.004910931455442563,0.0,99.99999599441993,0.0,0.00621012878269589
176.0,88.0,0.004920077612491915,0.0,99.9999948381956,0.0,0.006759059472673279
176.5,88.25,0.0049290584116454764,0.0,99.99999524534677,0.0,0.006231781171594681
177.0,88.5,0.004937988056959118,0.0,99.99999523605648,0.0,0.00624055758590712
177.5,88.75,0.004923852055421962,0.0,99.99999517469853,0.0,0.006777164063618418
178.0,89.0,0.004909796757250514,0.0,99.99999517692784,0.0,0.0067783442922593985
178.5,89.25,0.004895932959876122,0.0,99.9999954116453,0.0,0.00649013040146199
179.0,89.5,0.004882036376847794,0.0,99.99999688653226,0.0,0.0046660393213831565
179.5,89.75,0.004890750594362051,0.0,99.99999675163417,0.0,0.005477702665928775
180.0,90.0,0.004899304614828863,0.0,99.99999650585531,0.0,0.00581009402679949
180.5,90.25,0.004884966908288686,0.0,99.99999685334193,0.0,0.00481834975581542
181.0,90.5,0.0048707128748428806,0.0,99.9999968447782,0.0,0.004825082373320208
181.5,90.75,0.004856541784163645,0.0,99.99999683714078,0.0,0.004831203545078085
182.0,91.0,0.0048423448552875285,0.0,99.9999977790193,0.0,0.004066705552064772
182.5,91.25,0.004828230687077252,0.0,99.99999736036753,0.0,0.004425733990971963
183.0,91.5,0.004814198557958957,0.0,99.99999736128281,0.0,0.004424933089843504
183.5,91.75,0.004800141570995642,0.0,99.99999823737895,0.0,0.003604572879484435
184.0,92.0,0.004786272001411619,0.0,99.999997776755,0.0,0.004340946863478677
184.5,92.25,0.004772377391686827,0.0,99.99999703709913,0.0,0.005535384925116438
185.0,92.5,0.004758980657046362,0.0,99.99999773700343,0.0,0.004736268918619987
185.5,92.75,0.004745970299411675,0.0,99.99999805845067,0.0,0.004196829119150875
186.0,93.0,0.0047330308846623625,0.0,99.9999980569579,0.0,0.004198582770432087
186.5,93.25,0.004720161834120027,0.0,99.99999805547695,0.0,0.00420029557270382
187.0,93.5,0.004707464694014795,0.0,99.9999970342219,0.0,0.005144788799010196
187.5,93.75,0.004694632542240876,0.0,99.9999977705895,0.0,0.004744153363784167
188.0,94.0,0.004681870159010982,0.0,99.99999776858975,0.0,0.004746137611951421
188.5,94.25,0.004668875597056672,0.0,99.99999762161336,0.0,0.00500577063318017
189.0,94.5,0.004656052868729348,0.0,99.99999744234039,0.0,0.005337026760650228
189.5,94.75,0.004643399738942503,0.0,99.99999681525075,0.0,0.005892185381841013
190.0,95.0,0.004630815194195476,0.0,99.99999681451816,0.0,0.005890966941032124
190.5,95.25,0.004618102109004235,0.0,99.99999726608091,0.0,0.005027528783764581
191.0,95.5,0.004605458635765525,0.0,99.9999972655171,0.0,0.005025422197631638
191.5,95.75,0.004592786996274975,0.0,99.999997431497,0.0,0.005750453595278888
192.0,96.0,0.004580184895943265,0.0,99.99999742654111,0.0,0.005754426749763537
192.5,96.25,0.004567651763913446,0.0,99.99999604137899,0.0,0.0071019659533649365
193.0,96.5,0.004555378285330422,0.0,99.99999775323504,0.0,0.0051202727202061425
193.5,96.75,0.004543170588727912,0.0,99.99999775353969,0.0,0.005120953403616811
194.0,97.0,0.004531028146663326,0.0,99.99999775415188,0.0,0.005121200487449769
194.5,97.25,0.004518950437317784,0.0,99.99999775501168,0.0,0.005121092990031005
195.0,97.5,0.004506936944421367,0.0,99.999996386627,0.0,0.0056027589584323485
195.5,97.75,0.004494987157179551,0.0,99.99999638820573,0.0,0.005600895576366837
196.0,98.0,0.00448310057020081,0.0,99.99999459669915,0.0,0.007310587959127333
196.5,98.25,0.004471460951988461,0.0,99.99999603387393,0.0,0.004861336606878075
197.0,98.5,0.004459881617888853,0.0,99.99999722622985,0.0,0.004535241346374384
197.5,98.75,0.004448362100774876,0.0,99.99999541416183,0.0,0.006190386477923406
198.0,99.0,0.004436901938333197,0.0,99.9999979180415,0.0,0.004819119622083535
198.5,99.25,0.004425590928558318,0.0,99.99999571137374,0.0,0.007322049400419494
199.0,99.5,0.0044142476453955535,0.0,99.9999958099483,0.0,0.007562683520745774
199.5,99.75,0.004403051700348997,0.0,99.99999803169375,0.0,0.0032749460237069105
200.0,100.0,0.0043920012953367876,0.0,99.99999746532845,0.0,0.004153400192262793
200.5,100.25,0.00438091777199039,0.0,99.99999741198052,0.0,0.003983635465543435
201.0,100.5,0.004369890047927826,0.0,99.99999741082298,0.0,0.003984452538914869
201.5,100.75,0.0043586550435865505,0.0,99.99999642734498,0.0,0.005298917479291364
202.0,101.0,0.004347477661577914,0.0,99.99999643742501,0.0,0.005293323847542101
202.5,101.25,0.004336184157941012,0.0,99.99999644238737,0.0,0.005164220781280588
203.0,101.5,0.0043249491768645116,0.0,99.9999964393441,0.0,0.005166733154832588
203.5,101.75,0.004313772264631043,0.0,99.99999643659388,0.0,0.005169020653792799
204.0,102.0,0.004302738286439434,0.0,99.99999658115,0.0,0.004908700910971409
204.5,102.25,0.004291675731265945,0.0,99.99999545415949,0.0,0.0054370710971206404
205.0,102.5,0.004280754359662274,0.0,99.99999757274811,0.0,0.0037844659271362322
205.5,102.75,0.004269972451790634,0.0,99.99999770649863,0.0,0.0036182788252715832
206.0,103.0,0.004259244720106775,0.0,99.99999770934114,0.0,0.00361651305363653
206.5,103.25,0.004248321227901877,0.0,99.99999636870808,0.0,0.004666356170246396
207.0,103.5,0.004237453622339387,0.0,99.99999637676429,0.0,0.004660961990648365
207.5,103.75,0.00422664147562377,0.0,99.99999638460085,0.0,0.004655457219671155
208.0,104.0,0.004215966272269822,0.0,99.99999717811653,0.0,0.0052588497159782935
208.5,104.25,0.004205344857657797,0.0,99.99999717252695,0.0,0.005262853227557979
209.0,104.5,0.004194857916102842,0.0,99.99999722309809,0.0,0.006134993250732104
209.5,104.75,0.0041844231473803966,0.0,99.99999646811658,0.0,0.006442178474042226
210.0,105.0,0.004174040163114565,0.0,99.99999650207516,0.0,0.006421433550306171
210.5,105.25,0.004163628688744771,0.0,99.99999704045389,0.0,0.005671946543566317
211.0,105.5,0.004153189534727937,0.0,99.99999750197955,0.0,0.005119425811539095
211.5,105.75,0.004142802596410844,0.0,99.99999749760204,0.0,0.005123837415220789
212.0,106.0,0.00413254618167968,0.0,99.99999737302574,0.0,0.005294190593034866
212.5,106.25,0.004122497055359246,0.0,99.99999753392454,0.0,0.005175684307962966
213.0,106.5,0.004112418746565088,0.0,99.9999961549015,0.0,0.0066465998612126554
213.5,106.75,0.004102312040380362,0.0,99.99999642676858,0.0,0.006475441707977463
214.0,107.0,0.004092409240924092,0.0,99.99999759568239,0.0,0.003790431776824275
214.5,107.25,0.004082630945213727,0.0,99.99999785308478,0.0,0.003788132047739553
215.0,107.5,0.004072899266127367,0.0,99.99999785716038,0.0,0.0037827991596931275
215.5,107.75,0.004063213871100625,0.0,99.99999786125412,0.0,0.003777366789785032
216.0,108.0,0.004053347280334728,0.0,99.99999712548455,0.0,0.004422157202565676
216.5,108.25,0.00404345314625375,0.0,99.99999697037092,0.0,0.005192038383050597
217.0,108.5,0.00403360719729358,0.0,99.99999697699327,0.0,0.005184034415031001
217.5,108.75,0.004023809082311929,0.0,99.99999698153094,0.0,0.005178196348523371
218.0,109.0,0.004014058453570107,0.0,99.9999969840153,0.0,0.005174491721794486
218.5,109.25,0.004004354966691886,0.0,99.99999698471905,0.0,0.005172634287185105
219.0,109.5,0.003994698280622952,0.0,99.99999698401663,0.0,0.005172262017806811
219.5,109.75,0.00398508805759095,0.0,99.99999698213921,0.0,0.005173202230708372
220.0,110.0,0.003975669634678099,0.0,99.99999735535027,0.0,0.005134936914190294
220.5,110.25,0.003966295626108095,0.0,99.9999973605728,0.0,0.005128879031189448
221.0,110.5,0.003957182194503711,0.0,99.99999697121508,0.0,0.0055369873959205534
221.5,110.75,0.003948110547095319,0.0,99.99999696865846,0.0,0.0055396584295387625
222.0,111.0,0.003939080397175479,0.0,99.9999969760086,0.0,0.005532560652308684
222.5,111.25,0.003948202481209816,0.0,99.99999682988035,0.0,0.004276405776044271
223.0,111.5,0.00395714001770775,0.0,99.99999541489645,0.0,0.0068284730356823736
223.5,111.75,0.003965964811075858,0.0,99.99999567000361,0.0,0.005072385237303552
224.0,112.0,0.003974820143884892,0.0,99.99999607545938,0.0,0.004857365698640448
224.5,112.25,0.003983634797588286,0.0,99.99999608175602,0.0,0.00485286880419944
225.0,112.5,0.003992337576310937,0.0,99.99999757419714,0.0,0.004931687020531537
225.5,112.75,0.004000928787039848,0.0,99.99999685969733,0.0,0.00400573040623473
226.0,113.0,0.003991660281198211,0.0,99.9999978830126,0.0,0.004665111782685319
226.5,113.25,0.003982434618735221,0.0,99.99999788311146,0.0,0.004666401598518855
227.0,113.5,0.003973251503272611,0.0,99.99999788272325,0.0,0.00466840144855589
227.5,113.75,0.003964040489842146,0.0,99.99999763724895,0.0,0.004654764657776119
228.0,114.0,0.003955011741441108,0.0,99.9999963875262,0.0,0.006424393507837297
228.5,114.25,0.003945885005636978,0.0,99.99999853620957,0.0,0.003256533444672638
229.0,114.5,0.003936661921583101,0.0,99.99999682067084,0.0,0.004825109237279168
229.5,114.75,0.0039275507162519945,0.0,99.99999780587649,0.0,0.004369265710403515
230.0,115.0,0.003918481588384501,0.0,99.99999717796622,0.0,0.0051748762834751385
230.5,115.25,0.003909727191803537,0.0,99.99999650307082,0.0,0.007659690407249913
231.0,115.5,0.0039010118249420945,0.0,99.99999650295443,0.0,0.00765948706980723
231.5,115.75,0.003892199961773036,0.0,99.99999723787857,0.0,0.0046083631438861555
232.0,116.0,0.003883495145631068,0.0,99.99999796232561,0.0,0.003923854144549966
232.5,116.25,0.0038749632397460515,0.0,99.99999782667163,0.0,0.004130393733760961
233.0,116.5,0.003883461631399082,0.0,99.99999798708392,0.0,0.0033532673004737913
233.5,116.75,0.0038919216793814257,0.0,99.99999798617064,0.0,0.00335277907127729
234.0,117.0,0.003900343642611684,0.0,99.99999684384578,0.0,0.004218794270277265
234.5,117.25,0.003908794788273616,0.0,99.99999727251169,0.0,0.00385628293620885
235.0,117.5,0.003917208347588095,0.0,99.99999726639344,0.0,0.003860050392910687
235.5,117.75,0.003925450573457127,0.0,99.99999562302348,0.0,0.0050470859548887356
236.0,118.0,0.003933655745521422,0.0,99.99999573389559,0.0,0.005371450657709337
236.5,118.25,0.003941891088267777,0.0,99.99999600425915,0.0,0.005534838389693668
237.0,118.5,0.003950089851829247,0.0,99.99999600425957,0.0,0.005534651188484791
237.5,118.75,0.0039583192367548545,0.0,99.99999594377823,0.0,0.005685409980612287
238.0,119.0,0.003966579458182125,0.0,99.99999737591938,0.0,0.004441132062164684
238.5,119.25,0.00397480378616903,0.0,99.99999760395858,0.0,0.0045802190625410825
239.0,119.5,0.003982791651262058,0.0,99.99999648486535,0.0,0.005889340351516993
239.5,119.75,0.003990744156410342,0.0,99.99999648312003,0.0,0.005891716602956654
240.0,120.0,0.003998862248397945,0.0,99.99999834899339,0.0,0.0030592750803916414
240.5,120.25,0.0040069453719780955,0.0,99.99999834822377,0.0,0.0030605124159627344
241.0,120.5,0.0039982008096356636,0.0,99.9999971638652,0.0,0.004649332211304879
241.5,120.75,0.0039895606496334595,0.0,99.99999783583614,0.0,0.004054185696202143
242.0,121.0,0.003980891719745223,0.0,99.99999750693118,0.0,0.004181971075659786
242.5,121.25,0.003972326127975107,0.0,99.9999962730212,0.0,0.005877605899687973
243.0,121.5,0.003963797317830481,0.0,99.99999699115743,0.0,0.004943560586985622
243.5,121.75,0.003955109507094478,0.0,99.99999696066956,0.0,0.005705671989330168
244.0,122.0,0.0039465245917813625,0.0,99.99999595428675,0.0,0.006553972507220706
244.5,122.25,0.0039379768643859215,0.0,99.99999595496537,0.0,0.006554024626282656
245.0,122.5,0.0039459034645359875,0.0,99.99999689025194,0.0,0.0044669883369669
245.5,122.75,0.003953925332897639,0.0,99.99999662288317,0.0,0.0054841476324855
246.0,123.0,0.003961978054228555,0.0,99.99999531595462,0.0,0.007171644355022543
246.5,123.25,0.003969997234018321,0.0,99.9999969997755,0.0,0.005863251252026672
247.0,123.5,0.003977983081394405,0.0,99.99999700056746,0.0,0.0058620513320762745
247.5,123.75,0.003985871220713568,0.0,99.99999760817924,0.0,0.005186414874253601
248.0,124.0,0.0039936618807398785,0.0,99.99999725935416,0.0,0.005575435328848541
248.5,124.25,0.0040014198586595245,0.0,99.99999725803683,0.0,0.00557655308667637
249.0,124.5,0.00400908080954451,0.0,99.99999611804789,0.0,0.006321274304443607
249.5,124.75,0.004016774048426228,0.0,99.99999703486502,0.0,0.005773207942657956
250.0,125.0,0.004024306167930609,0.0,99.99999640743845,0.0,0.006681494880848012
250.5,125.25,0.0040318064732892825,0.0,99.99999640729156,0.0,0.006681504586891929
251.0,125.5,0.004039275165642213,0.0,99.99999640714985,0.0,0.006681473589685234
251.5,125.75,0.004030716288554678,0.0,99.99999765426233,0.0,0.005249928700145191
252.0,126.0,0.004022257551669317,0.0,99.99999792264795,0.0,0.005122137915697284
252.5,126.25,0.004013770564624879,0.0,99.99999736364337,0.0,0.004987292507952648
253.0,126.5,0.004005382727776458,0.0,99.99999723305034,0.0,0.005613943856887881
253.5,126.75,0.003997029875033572,0.0,99.99999723712995,0.0,0.005610401054117608
254.0,127.0,0.003988648904303957,0.0,99.99999536027573,0.0,0.007209270206979242
254.5,127.25,0.003980365627261571,0.0,99.99999566166787,0.0,0.007061968174221678
255.0,127.5,0.00397224141179426,0.0,99.99999601338968,0.0,0.006573965274562314
255.5,127.75,0.0039642124065746385,0.0,99.9999963558906,0.0,0.006058907172013707
256.0,128.0,0.0039562157935887415,0.0,99.99999635230786,0.0,0.0060612757896678195
256.5,128.25,0.003948189762796504,0.0,99.99999473053963,0.0,0.00846803155876191
257.0,128.5,0.003940196231116648,0.0,99.99999472605661,0.0,0.008471918314760782
257.5,128.75,0.0039322961189946996,0.0,99.99999690869484,0.0,0.004928588185779616
258.0,129.0,0.003924427623006763,0.0,99.99999414127679,0.0,0.006715255734743751
258.5,129.25,0.00391640866873065,0.0,99.99999429171861,0.0,0.006833164617424418
259.0,129.5,0.003908362040999181,0.0,99.99999610235206,0.0,0.005488965999564172
259.5,129.75,0.0039002882821773783,0.0,99.99999532804428,0.0,0.0062019433578352125
260.0,130.0,0.00389242745930644,0.0,99.99999523445608,0.0,0.0058406523769562405
260.5,130.25,0.003884598258840148,0.0,99.99999522820228,0.0,0.005844721282100972
261.0,130.5,0.003876800490346307,0.0,99.9999952221547,0.0,0.005848636285979112
261.5,130.75,0.0038688564700125392,0.0,99.99999591179505,0.0,0.004984060000159403
262.0,131.0,0.0038608860199301075,0.0,99.99999508977085,0.0,0.006032647804283523
262.5,131.25,0.003853007020696587,0.0,99.9999950381533,0.0,0.005972221608243076
263.0,131.5,0.0038451601136829947,0.0,99.9999972711513,0.0,0.0041004079100001155
263.5,131.75,0.0038373451032139663,0.0,99.99999727543904,0.0,0.004096086002132578
264.0,132.0,0.0038295038295038295,0.0,99.99999649982142,0.0,0.004638727715218933
264.5,132.25,0.003821636808555633,0.0,99.99999600815167,0.0,0.005147308317795542
265.0,132.5,0.0038137445544852953,0.0,99.9999964682105,0.0,0.004706837521820804
265.5,132.75,0.0038058848306155605,0.0,99.99999651412875,0.0,0.0046678375933688135
266.0,133.0,0.00379805743623617,0.0,99.99999654965062,0.0,0.004637498875563674
266.5,133.25,0.003790375741595254,0.0,99.99999620466174,0.0,0.005147301582383214
267.0,133.5,0.003782668500687758,0.0,99.99999527600339,0.0,0.0061035220011623125
267.5,133.75,0.003774992539540436,0.0,99.99999564231898,0.0,0.00662394351567235
268.0,134.0,0.0037674037674037676,0.0,99.99999623879674,0.0,0.0059972937660852385
268.5,134.25,0.003759845445088423,0.0,99.9999962363894,0.0,0.005998052537011506
269.0,134.5,0.0037522617387951234,0.0,99.9999955803698,0.0,0.006456810815984747
269.5,134.75,0.003744763991059931,0.0,99.9999957519392,0.0,0.00561957184722796
270.0,135.0,0.0037373513553438215,0.0,99.99999579426681,0.0,0.005573896157444447
270.5,135.25,0.003729968007784281,0.0,99.99999580317169,0.0,0.005566218118060048
271.0,135.5,0.003722613775142357,0.0,99.99999581253091,0.0,0.005558207653293818
271.5,135.75,0.0037152884855426818,0.0,99.99999582236224,0.0,0.005549853522882235
272.0,136.0,0.0037079376245749795,0.0,99.99999582158243,0.0,0.004509501820064343
272.5,136.25,0.003700507539966944,0.0,99.99999526619662,0.0,0.005327101859594376
273.0,136.5,0.0036931071730943277,0.0,99.99999527871599,0.0,0.005318423781284131
273.5,136.75,0.0036857900410827192,0.0,99.99999564353499,0.0,0.005953869136486389
274.0,137.0,0.0036785018465206897,0.0,99.99999565957651,0.0,0.005944681293524477
274.5,137.25,0.003671189146049481,0.0,99.9999951914678,0.0,0.00623668389443345
275.0,137.5,0.003663905462549962,0.0,99.99999518717615,0.0,0.00623981759207293
275.5,137.75,0.003656650623654049,0.0,99.99999518315146,0.0,0.006242802032501232
276.0,138.0,0.0036493718176179553,0.0,99.99999558668627,0.0,0.005290927659625814
276.5,138.25,0.0036565176707694523,0.0,99.99999661275106,0.0,0.0042619973261030465
277.0,138.5,0.0036636351881384425,0.0,99.99999453215601,0.0,0.0068468426945380205
277.5,138.75,0.00367072453793321,0.0,99.99999452370031,0.0,0.006852783527716624
278.0,139.0,0.0036778911515949453,0.0,99.99999675406252,0.0,0.004887491106166692
278.5,139.25,0.0036707468612971876,0.0,99.99999511621319,0.0,0.008039116835664875
279.0,139.5,0.003663682499857444,0.0,99.99999634823025,0.0,0.005906674165954488
279.5,139.75,0.003656593250241876,0.0,99.99999622546986,0.0,0.006099575458803235
280.0,140.0,0.0036494795586543786,0.0,99.9999960813069,0.0,0.006363326454658686
280.5,140.25,0.0036423934918790213,0.0,99.99999605021821,0.0,0.0063990858681363975
281.0,140.5,0.0036353348893132472,0.0,99.99999602193982,0.0,0.006431426429871126
281.5,140.75,0.0036282523682464388,0.0,99.99999572572551,0.0,0.006650884451335659
282.0,141.0,0.003621197390483437,0.0,99.9999957257875,0.0,0.006652082957913475
282.5,141.25,0.003614169795665809,0.0,99.99999572604807,0.0,0.006653085301778858
283.0,141.5,0.0036071694246775305,0.0,99.99999783214224,0.0,0.0043001024263236405
283.5,141.75,0.0036001456868293502,0.0,99.99999782673659,0.0,0.0042362485031517344
284.0,142.0,0.0035930487787828374,0.0,99.99999749656116,0.0,0.004543846217522081
284.5,142.25,0.003585979795724731,0.0,99.99999749799743,0.0,0.004543217071641936
285.0,142.5,0.003578888734159588,0.0,99.99999620731774,0.0,0.0060009756667961395
285.5,142.75,0.0035718753040263514,0.0,99.99999584430594,0.0,0.006248180110694644
286.0,143.0,0.0035648893081063086,0.0,99.99999646101155,0.0,0.004524419157202752
286.5,143.25,0.0035579798427289844,0.0,99.9999973953168,0.0,0.0036671252594865193
287.0,143.5,0.003551097109379318,0.0,99.9999974000713,0.0,0.0036644393516801336
287.5,143.75,0.0035579827065491706,0.0,99.99999730495108,0.0,0.0045092084344278615
288.0,144.0,0.003564841577889724,0.0,99.99999730528914,0.0,0.004508283263477496
288.5,144.25,0.00357167387870046,0.0,99.99999730574626,0.0,0.004507188200732768
289.0,144.5,0.0035785288270377734,0.0,99.9999982165511,0.0,0.0035674169858251263
289.5,144.75,0.0035854065741577033,0.0,99.99999666497314,0.0,0.005541096741822733
290.0,145.0,0.0035922582055099503,0.0,99.99999808816476,0.0,0.003761377138769358
290.5,145.25,0.0035990348043024823,0.0,99.99999823969466,0.0,0.004692632540436452
291.0,145.5,0.0036057855850217028,0.0,99.99999708170216,0.0,0.0038857425070115545
291.5,145.75,0.0036124616345709864,0.0,99.99999639758703,0.0,0.004453819585405517
292.0,146.0,0.003619112165367672,0.0,99.99999639771903,0.0,0.004453311655981903
292.5,146.25,0.003625786376242982,0.0,99.99999551059148,0.0,0.005294651322003282
293.0,146.5,0.0036323372537369865,0.0,99.99999705622507,0.0,0.004859633061119681
293.5,146.75,0.0036388630574536044,0.0,99.99999705900065,0.0,0.004857315871839826
294.0,147.0,0.0036453639310743734,0.0,99.99999706168248,0.0,0.004855110652738041
294.5,147.25,0.0036518890470180715,0.0,99.99999580745384,0.0,0.005241403003946239
295.0,147.5,0.0036583404802744426,0.0,99.99999690457021,0.0,0.004564142771706
295.5,147.75,0.0036781916672239683,0.0,99.99999698499349,0.0,0.006516026270030231
296.0,148.0,0.003697968120043788,0.0,99.99999698135402,0.0,0.006520264257597903
296.5,148.25,0.0037043946379553875,0.0,99.99999793945085,0.0,0.00467651689692866
297.0,148.5,0.0037107972228872395,0.0,99.99999793129145,0.0,0.004694774902134256
297.5,148.75,0.0037171266610909765,0.0,99.9999968932624,0.0,0.004683047799382419
298.0,149.0,0.0037234324481899613,0.0,99.99999689366878,0.0,0.004681162460749927
298.5,149.25,0.003729813377068261,0.0,99.99999744858559,0.0,0.0053885906065269246
299.0,149.5,0.00373617088691152,0.0,99.99999744225104,0.0,0.005391560662903746
299.5,149.75,0.003729376416635918,0.0,99.99999629611266,0.0,0.006314757007380977
300.0,150.0,0.0037226066138749308,0.0,99.9999962788906,0.0,0.006341758532033592
300.5,150.25,0.003715958927492844,0.0,99.99999744769949,0.0,0.005785687560415351
301.0,150.5,0.0037093835607460712,0.0,99.99999713531007,0.0,0.005248972020282066
301.5,150.75,0.003702782975048738,0.0,99.9999967653292,0.0,0.005241101414678861
302.0,151.0,0.0036962058381767126,0.0,99.99999674582713,0.0,0.005266721769063984
302.5,151.25,0.003689652025397322,0.0,99.9999967269987,0.0,0.005291388276967348
303.0,151.5,0.0036831214128609916,0.0,99.9999967086797,0.0,0.005315396007572487
303.5,151.75,0.003676613877593442,0.0,99.99999599015914,0.0,0.00653872280492465
304.0,152.0,0.003670081701465439,0.0,99.99999617969408,0.0,0.005201673887615824
304.5,152.25,0.003663572695379756,0.0,99.99999617720935,0.0,0.005202342462213716
305.0,152.5,0.0036569922208151344,0.0,99.99999516922875,0.0,0.006572119124938472
305.5,152.75,0.0036503882568428656,0.0,99.99999607136354,0.0,0.00561610060980318
306.0,153.0,0.0036436673576330323,0.0,99.99999739449406,0.0,0.004134572156344757
306.5,153.25,0.0036368776826792093,0.0,99.99999833490372,0.0,0.0031317496340894997
307.0,153.5,0.0036301132646647596,0.0,99.99999833629589,0.0,0.0031297713331312066
307.5,153.75,0.0036233739629212332,0.0,99.99999833784382,0.0,0.003127643117798361
308.0,154.0,0.0036166596378228474,0.0,99.99999811479542,0.0,0.0032559300896814348
308.5,154.25,0.0036100622512501277,0.0,99.99999767536237,0.0,0.0038792575847143365
309.0,154.5,0.0036034888903036864,0.0,99.99999767730147,0.0,0.0038756766033496855
309.5,154.75,0.003596939423981291,0.0,99.99999738598098,0.0,0.00420088147180849
310.0,155.0,0.003590413722231385,0.0,99.99999738618513,0.0,0.004202207332968545
310.5,155.25,0.0035840478210762273,0.0,99.9999977365396,0.0,0.00474544665787585
311.0,155.5,0.0035776139969406974,0.0,99.99999730245915,0.0,0.00480089854674121
311.5,155.75,0.003571203230487728,0.0,99.99999729833897,0.0,0.004803941127306777
312.0,156.0,0.003564815397987076,0.0,99.99999729399548,0.0,0.004807233718153941
312.5,156.25,0.0035584951212151695,0.0,99.99999688368975,0.0,0.004879661634154693
313.0,156.5,0.003552197215981122,0.0,99.99999688587057,0.0,0.004878751832836057
313.5,156.75,0.0035458327068611235,0.0,99.99999798694365,0.0,0.0033749623139920602
314.0,157.0,0.0035394909636670626,0.0,99.99999798621097,0.0,0.0033748348314527796
314.5,157.25,0.003533083645443196,0.0,99.99999830667291,0.0,0.0030475787448091783
315.0,157.5,0.0035266994828338214,0.0,99.99999830650022,0.0,0.0030477170733865747
315.5,157.75,0.003520425934219038,0.0,99.99999811702226,0.0,0.0033087758344955507
316.0,158.0,0.0035141746656567035,0.0,99.99999826537969,0.0,0.0031412453029337423
316.5,158.25,0.0035079890421826384,0.0,99.99999635997901,0.0,0.004880780359988061
317.0,158.5,0.0035017384956135466,0.0,99.99999801781763,0.0,0.003745750054690496
317.5,158.75,0.0034955101839157124,0.0,99.99999801637738,0.0,0.0037467555573856923
318.0,159.0,0.0034893039886566795,0.0,99.99999661706002,0.0,0.004997170104238038
318.5,159.25,0.0034832055337427844,0.0,99.99999779647635,0.0,0.003726483699597531
319.0,159.5,0.003477128358869135,0.0,99.99999780311126,0.0,0.0048561769435318865
319.5,159.75,0.0034711149270207284,0.0,99.99999744641912,0.0,0.004461162117448969
320.0,160.0,0.0034650798315212067,0.0,99.99999687128386,0.0,0.005045540074967306
320.5,160.25,0.003459065685579485,0.0,99.99999686417817,0.0,0.005047801655774921
321.0,160.5,0.0034530723803016254,0.0,99.99999643948313,0.0,0.004957096619071081
321.5,160.75,0.0034470998075470777,0.0,99.99999643810997,0.0,0.00495833458985611
322.0,161.0,0.003441147859922179,0.0,99.9999964364657,0.0,0.004959735561875082
322.5,161.25,0.0034352581299085952,0.0,99.9999970690223,0.0,0.004668118607870238
323.0,161.5,0.003429430084463349,0.0,99.99999701830272,0.0,0.004653853839513967
323.5,161.75,0.003423663198645052,0.0,99.9999970037008,0.0,0.004500730952609721
324.0,162.0,0.0034179569554820166,0.0,99.9999985755552,0.0,0.0031453156392062865
324.5,162.25,0.003412228559026731,0.0,99.99999866712281,0.0,0.0029809040613845944
325.0,162.5,0.0034065193316962783,0.0,99.99999866595893,0.0,0.0029831012384728965
325.5,162.75,0.0034008291774319534,0.0,99.99999866479833,0.0,0.002985391078731784
326.0,163.0,0.0033951172695099274,0.0,99.9999965891412,0.0,0.004217669442757961
326.5,163.25,0.0033893839225831177,0.0,99.99999701045596,0.0,0.003690925151961191
327.0,163.5,0.003383710363958104,0.0,99.9999974468435,0.0,0.005564789231298556
327.5,163.75,0.0033780960907191884,0.0,99.99999710701417,0.0,0.005664106747688555
328.0,164.0,0.0033725004170936912,0.0,99.99999731265254,0.0,0.005015830786588347
328.5,164.25,0.0033668831941371024,0.0,99.99999667650326,0.0,0.004729945900549728
329.0,164.5,0.0033612846521129773,0.0,99.9999966765806,0.0,0.004729857851097664
329.5,164.75,0.003355664907808146,0.0,99.99999740345835,0.0,0.0049003742090801905
330.0,165.0,0.003350103580941107,0.0,99.99999808793285,0.0,0.0033407914269209297
330.5,165.25,0.0033445211307554126,0.0,99.99999676582013,0.0,0.005073081352091893
331.0,165.5,0.003338957254268084,0.0,99.99999676541536,0.0,0.005073317511481229
331.5,165.75,0.00333345112312567,0.0,99.99999748993898,0.0,0.004338345590660074
332.0,166.0,0.003327923986923493,0.0,99.99999777691062,0.0,0.0038461347968970876
332.5,166.25,0.003322415149273882,0.0,99.99999712319294,0.0,0.005990488117855625
333.0,166.5,0.003316924519456165,0.0,99.99999712550567,0.0,0.0059883535704936906
333.5,166.75,0.003311568255751363,0.0,99.99999702577509,0.0,0.005908424903197577
334.0,167.0,0.003306190637522343,0.0,99.99999750906063,0.0,0.0041623706765223445
334.5,167.25,0.003300868956668805,0.0,99.99999756826338,0.0,0.0041954665260093464
335.0,167.5,0.003307209483772548,0.0,99.99999706646345,0.0,0.005019204280281591
335.5,167.75,0.003313529664810315,0.0,99.99999707136872,0.0,0.005013849129904813
336.0,168.0,0.003319713993871297,0.0,99.99999775605116,0.0,0.004733727651266017
336.5,168.25,0.0033258781129407947,0.0,99.99999766330563,0.0,0.004947637020389826
337.0,168.5,0.0033319835714698907,0.0,99.99999724038612,0.0,0.005414995764081629
337.5,168.75,0.0033265185903877475,0.0,99.99999641827796,0.0,0.0056293286506599385
338.0,169.0,0.0033211481024481935,0.0,99.99999835956925,0.0,0.00336382284024442
338.5,169.25,0.0033156804052498273,0.0,99.99999657517594,0.0,0.005649709641617424
339.0,169.5,0.0033102687294544954,0.0,99.9999967145911,0.0,0.005504276464813107
339.5,169.75,0.0033048746901679976,0.0,99.99999671115599,0.0,0.005507483534072457
340.0,170.0,0.0032995360027496135,0.0,99.99999663675491,0.0,0.005660347348650598
340.5,170.25,0.003294176856119963,0.0,99.99999648564406,0.0,0.005381141912272449
341.0,170.5,0.0032888726475424814,0.0,99.99999788769979,0.0,0.004043740229936692
341.5,170.75,0.003283510620104662,0.0,99.9999972807717,0.0,0.00456574739954253
342.0,171.0,0.0032782033624349765,0.0,99.99999749880779,0.0,0.0044536725008350675
342.5,171.25,0.0032729132337064606,0.0,99.9999975231371,0.0,0.00443481289178501
343.0,171.5,0.003267640151128357,0.0,99.99999752152274,0.0,0.00443652905772773
343.5,171.75,0.0032623101233561014,0.0,99.99999737122816,0.0,0.004393245149520514
344.0,172.0,0.003257107959557576,0.0,99.99999704102586,0.0,0.004761916487638603
344.5,172.25,0.0032519223603536466,0.0,99.99999704051301,0.0,0.00476231655641772
345.0,172.5,0.0032580266955266955,0.0,99.9999974917783,0.0,0.004384719239089703
345.5,172.75,0.00326411165512972,0.0,99.99999749136555,0.0,0.004384720723128364
346.0,173.0,0.003292430780294858,0.0,99.99999832255972,0.0,0.003765504133645238
346.5,173.25,0.003320693755749512,0.0,99.99999823665135,0.0,0.0039254738236715065
347.0,173.5,0.003348901806614921,0.0,99.9999976185472,0.0,0.006271139033825738
347.5,173.75,0.003377018383504048,0.0,99.99999760378284,0.0,0.006283651366255297
348.0,174.0,0.0034050439306487447,0.0,99.9999978278047,0.0,0.0069876881783558975
348.5,174.25,0.0034330554193231977,0.0,99.99999824553512,0.0,0.005441343378318982
349.0,174.5,0.003449849208203964,0.0,99.99999735332385,0.0,0.004414044576527857
349.5,174.75,0.0034444444444444444,0.0,99.99999776810017,0.0,0.004372140918240097
350.0,175.0,0.0034390947415132017,0.0,99.99999687742955,0.0,0.005849622974763129
350.5,175.25,0.003433761630482942,0.0,99.99999688301186,0.0,0.005844219730731878
351.0,175.5,0.0034284071178155517,0.0,99.9999980722371,0.0,0.003907148570709435
351.5,175.75,0.0034230692785053333,0.0,99.99999807087784,0.0,0.003910245704930603
352.0,176.0,0.00341774803479488,0.0,99.99999806937144,0.0,0.003913597969878591
352.5,176.25,0.0034124433094095373,0.0,99.99999692248316,0.0,0.004381746703099273
353.0,176.5,0.0034071550255536627,0.0,99.99999620567677,0.0,0.004868559158677128
353.5,176.75,0.00340188310690692,0.0,99.99999620911353,0.0,0.004868016541563076
354.0,177.0,0.0033966646944097473,0.0,99.99999623395126,0.0,0.00469993909957521
354.5,177.25,0.0033914622672472266,0.0,99.99999623881405,0.0,0.00469808068032562
355.0,177.5,0.0033972363318586487,0.0,99.99999690986422,0.0,0.005189999244385637
355.5,177.75,0.003402992888617425,0.0,99.99999690715865,0.0,0.005192918955525414
356.0,178.0,0.003408769140293176,0.0,99.99999852995259,0.0,0.003163856726349108
356.5,178.25,0.003414639451047772,0.0,99.99999773382116,0.0,0.004933552154913022
357.0,178.5,0.0034205296934553867,0.0,99.99999783709407,0.0,0.005464291037094747
357.5,178.75,0.003426439972241499,0.0,99.99999801796541,0.0,0.0053480079782546866
358.0,179.0,0.003432296065311072,0.0,99.99999728647066,0.0,0.00595643449598463
358.5,179.25,0.0034381351900704925,0.0,99.999997281403,0.0,0.0059648331555670064
359.0,179.5,0.003443883059118193,0.0,99.99999782866136,0.0,0.005000182663629421
359.5,179.75,0.003460356815609335,0.0,99.99999807052343,0.0,0.004510077665994062
360.0,180.0,0.003465943339361061,0.0,99.99999699195298,0.0,0.005651076211546174
360.5,180.25,0.0034715131713293854,0.0,99.99999699084314,0.0,0.005651780640368077
361.0,180.5,0.003477029071826406,0.0,99.99999717502214,0.0,0.005632123726919424
361.5,180.75,0.003482528422789666,0.0,99.9999971748545,0.0,0.005631867053238822
362.0,181.0,0.0034880112985887462,0.0,99.99999771402791,0.0,0.004908979474091608
362.5,181.25,0.0034934777731482967,0.0,99.99999770180975,0.0,0.0049200948225889725
363.0,181.5,0.003498927919951356,0.0,99.99999769325323,0.0,0.004927645070427621
363.5,181.75,0.003504361812042649,0.0,99.99999768732508,0.0,0.004932591738363849
364.0,182.0,0.0035097795220318433,0.0,99.99999675563951,0.0,0.006203338299032049
364.5,182.25,0.0035151811220967897,0.0,99.99999681865592,0.0,0.006100253180229038
365.0,182.5,0.003520753356380835,0.0,99.99999628001551,0.0,0.0061484800641012525
365.5,182.75,0.0035263470010166048,0.0,99.99999522215646,0.0,0.006786931369897373
366.0,183.0,0.0035320368431627593,0.0,99.99999694279735,0.0,0.006631445090228264
366.5,183.25,0.003537748302408837,0.0,99.99999571733473,0.0,0.005483805468233543
367.0,183.5,0.003543406732472792,0.0,99.99999647268179,0.0,0.004810064834494839
367.5,183.75,0.003549049549786741,0.0,99.99999647250817,0.0,0.004810246840441429
368.0,184.0,0.0035546020528352683,0.0,99.9999960069003,0.0,0.0046522715182051875
368.5,184.25,0.0035601764335223694,0.0,99.99999489321534,0.0,0.0065830202433066485
369.0,184.5,0.0035552479234835137,0.0,99.99999336422317,0.0,0.0086230097738054
369.5,184.75,0.0035502958579881655,0.0,99.99999271905,0.0,0.009399817309136976
370.0,185.0,0.0035453946473953377,0.0,99.99999296494147,0.0,0.009551756923365823
370.5,185.25,0.0035405069504642348,0.0,99.99999296134243,0.0,0.009551392935151858
371.0,185.5,0.003535522089191106,0.0,99.99999408565577,0.0,0.00862795810345056
371.5,185.75,0.0035305512450660805,0.0,99.99999408050897,0.0,0.008629483376448584
372.0,186.0,0.003525631025553025,0.0,99.99999304003175,0.0,0.00742983565771676
372.5,186.25,0.003520724500711415,0.0,99.99999302787188,0.0,0.007439115406976817
373.0,186.5,0.0035157586882797673,0.0,99.99999676531843,0.0,0.004488930477600103
373.5,186.75,0.0035108068641970195,0.0,99.99999676841261,0.0,0.004487008364870723
374.0,187.0,0.003505868969439992,0.0,99.99999677154489,0.0,0.004485072161054101
374.5,187.25,0.003500981100898482,0.0,99.9999939919433,0.0,0.00614231270018841
375.0,187.5,0.003496070787698781,0.0,99.99999374287493,0.0,0.006977282751389852
375.5,187.75,0.0035014005602240898,0.0,99.999995039154,0.0,0.006377886181441058
376.0,188.0,0.0035067152053639373,0.0,99.99999503072323,0.0,0.006385254039135738
376.5,188.25,0.0035121229859207,0.0,99.99999440244567,0.0,0.006506999612006307
377.0,188.5,0.00351744364911705,0.0,99.99999640526241,0.0,0.005718893382343682
377.5,188.75,0.0035227854582693292,0.0,99.99999507667077,0.0,0.00667035854662429
378.0,189.0,0.0035280041722484125,0.0,99.99999639916533,0.0,0.006287161769311765
378.5,189.25,0.003533171991953354,0.0,99.99999601544548,0.0,0.006679066044469454
379.0,189.5,0.00353832505684773,0.0,99.99999601428765,0.0,0.006680541484629351
379.5,189.75,0.003543463430031871,0.0,99.99999601345586,0.0,0.006681751601506558
380.0,190.0,0.003548551093035079,0.0,99.99999762150418,0.0,0.005309386872059228
380.5,190.25,0.003553624189012194,0.0,99.99999762365546,0.0,0.005306814503794047
381.0,190.5,0.0035586467003943913,0.0,99.99999717685264,0.0,0.005537970079120314
381.5,190.75,0.003563654770944065,0.0,99.99999706292249,0.0,0.0072066541483641125
382.0,191.0,0.0035686484628526948,0.0,99.99999705044709,0.0,0.007220058589864334
382.5,191.25,0.003573627837955158,0.0,99.99999703682666,0.0,0.007234589169119828
383.0,191.5,0.003578592957732281,0.0,99.99999702287727,0.0,0.00724939927856619
383.5,191.75,0.003583543883313369,0.0,99.99999700963271,0.0,0.007263426110495124
384.0,192.0,0.0035884806754787153,0.0,99.9999969982721,0.0,0.0072754684539401105
384.5,192.25,0.0035934033946620897,0.0,99.99999699009864,0.0,0.007284202233816037
385.0,192.5,0.0035983121009532017,0.0,99.99999698568294,0.0,0.007289068706151227
385.5,192.75,0.0035932339105194675,0.0,99.99999604840666,0.0,0.008510708451703713
386.0,193.0,0.0035881700332830255,0.0,99.99999605051345,0.0,0.008510232211151374
386.5,193.25,0.0035830846466320004,0.0,99.99999669628029,0.0,0.0062875431009856006
387.0,193.5,0.003578013654258235,0.0,99.99999669536749,0.0,0.006291045963553968
387.5,193.75,0.0035730281164468775,0.0,99.99999676503167,0.0,0.007043741913581201
388.0,194.0,0.0035680564528151864,0.0,99.99999677024829,0.0,0.007040411412890021
388.5,194.25,0.0035630986055282614,0.0,99.99999677457403,0.0,0.007037930550265686
389.0,194.5,0.0035581545170722036,0.0,99.99999677750957,0.0,0.007036670294774148
389.5,194.75,0.003553224130251893,0.0,99.99999677865907,0.0,0.007036945698624479
390.0,195.0,0.003548307388188782,0.0,99.99999677776336,0.0,0.007038987475284359
390.5,195.25,0.003543404234318709,0.0,99.9999967746969,0.0,0.0070429254183809065
391.0,195.5,0.0035385146123897296,0.0,99.99999676949824,0.0,0.007048752424478631
391.5,195.75,0.0035336384664599635,0.0,99.99999651585242,0.0,0.006236923926908801
392.0,196.0,0.0035287757408954635,0.0,99.99999651123078,0.0,0.006241673736353142
392.5,196.25,0.003523857200349441,0.0,99.99999786495425,0.0,0.004448825260665365
393.0,196.5,0.0035287544477009183,0.0,99.99999723243963,0.0,0.0066318369534108116
393.5,196.75,0.003533638081068118,0.0,99.9999972227273,0.0,0.006648616003514609
394.0,197.0,0.003538577335509917,0.0,99.99999711345204,0.0,0.00479046060301963
394.5,197.25,0.003543468499248355,0.0,99.99999772322118,0.0,0.0059484641014909126
395.0,197.5,0.003548346217209479,0.0,99.99999759736757,0.0,0.005941522041493541
395.5,197.75,0.003553348909657321,0.0,99.99999646379713,0.0,0.005696944843195775
396.0,198.0,0.003558372870809676,0.0,99.9999965040531,0.0,0.005326307063264662
396.5,198.25,0.003563348965463672,0.0,99.99999631195948,0.0,0.0055187289345927995
397.0,198.5,0.00356827723962727,0.0,99.99999595064854,0.0,0.006251332250142485
397.5,198.75,0.0035731923423292567,0.0,99.99999595128949,0.0,0.006247537364910557
398.0,199.0,0.003578163531744113,0.0,99.9999962118105,0.0,0.0061052169645092105
398.5,199.25,0.0035734981649604017,0.0,99.99999833209577,0.0,0.0027247261623676725
399.0,199.5,0.0035688793718772305,0.0,99.99999492393086,0.0,0.0063602290296574365
399.5,199.75,0.003564272503082614,0.0,99.99999727919284,0.0,0.0038666002888770356
400.0,200.0,0.0035596432660208,0.0,99.99999667460231,0.0,0.004159090014297891
400.5,200.25,0.0035549918811671904,0.0,99.99999807656064,0.0,0.003101914312878591
401.0,200.5,0.0035503526363767214,0.0,99.99999807543173,0.0,0.003104685279476244
401.5,200.75,0.0035457254841831896,0.0,99.99999807430012,0.0,0.0031074148465472856
402.0,201.0,0.0035411103773675193,0.0,99.9999980731824,0.0,0.0031100846409609453
402.5,201.25,0.0035365072689561568,0.0,99.9999980720833,0.0,0.0031126894321807153
403.0,201.5,0.003531916112219475,0.0,99.99999807098648,0.0,0.003115255806769634
403.5,201.75,0.0035273032336790725,0.0,99.99999607012148,0.0,0.004628199090872907
404.0,202.0,0.0035227023887730523,0.0,99.99999606535472,0.0,0.004624332248702356
404.5,202.25,0.0035180466283801773,0.0,99.99999754992866,0.0,0.004876207460059785
405.0,202.5,0.0035134698838655766,0.0,99.9999974859397,0.0,0.004540766338613403
405.5,202.75,0.0035089050319594864,0.0,99.99999748655488,0.0,0.004540026205458706
406.0,203.0,0.003504352026367881,0.0,99.99999748725324,0.0,0.004539227659985147
406.5,203.25,0.0034998108210367008,0.0,99.99999748801397,0.0,0.004538398817821859
407.0,203.5,0.0034952483515653045,0.0,99.99999719521011,0.0,0.004993859873032126
407.5,203.75,0.003490664830136702,0.0,99.99999749951259,0.0,0.004789362949682675
408.0,204.0,0.003486093314238336,0.0,99.99999750006647,0.0,0.004788671878299948
408.5,204.25,0.0034815337567631146,0.0,99.99999750047085,0.0,0.004788106874138784
409.0,204.5,0.003476920763794918,0.0,99.99999841461911,0.0,0.0036557199540517005
409.5,204.75,0.0034723199789783873,0.0,99.9999965510742,0.0,0.0052615793550366795
410.0,205.0,0.0034677313539147876,0.0,99.99999655235658,0.0,0.0052602515569659955
410.5,205.25,0.0034631224260576565,0.0,99.99999749936144,0.0,0.004528280557113925
411.0,205.5,0.003458493405494331,0.0,99.99999779350838,0.0,0.004055513449162435
411.5,205.75,0.0034538767432742753,0.0,99.99999779212112,0.0,0.004056153348316045
412.0,206.0,0.0034492402349212267,0.0,99.99999771099051,0.0,0.0044353155219368995
412.5,206.25,0.003444616158042713,0.0,99.99999802759187,0.0,0.004147544984874737
413.0,206.5,0.003440004462708492,0.0,99.99999802699539,0.0,0.0041483958396402445
413.5,206.75,0.0034353413058010843,0.0,99.99999790788763,0.0,0.004479408841807791
414.0,207.0,0.0034306907742234585,0.0,99.99999790614713,0.0,0.004481812242896121
414.5,207.25,0.0034260528167709917,0.0,99.9999979050403,0.0,0.004483436206981545
415.0,207.5,0.0034214590210928323,0.0,99.99999813850589,0.0,0.0038053899275954654
415.5,207.75,0.0034168459741243176,0.0,99.99999790449974,0.0,0.004484676172160402
416.0,208.0,0.003412213881254957,0.0,99.9999980826391,0.0,0.004334606070407593
416.5,208.25,0.0034075629478182387,0.0,99.99999817062002,0.0,0.004372268952617263
417.0,208.5,0.0034029559731074506,0.0,99.99999811576836,0.0,0.004356285250374637
417.5,208.75,0.0033983926521239955,0.0,99.99999820269274,0.0,0.004205887850116978
418.0,209.0,0.003393841553462177,0.0,99.99999826662943,0.0,0.004127705874517027
418.5,209.25,0.0033893026280835785,0.0,99.99999830528866,0.0,0.004081239020812835
419.0,209.5,0.003384775827211768,0.0,99.99999823635973,0.0,0.004163771667277713
419.5,209.75,0.0033803228665137907,0.0,99.99999790308209,0.0,0.00449547626954689
420.0,210.0,0.003375943211160686,0.0,99.99999847411917,0.0,0.003673702108690907
420.5,210.25,0.0033715748899681977,0.0,99.99999842379043,0.0,0.0037262420656431453
421.0,210.5,0.003367187215609188,0.0,99.99999858727944,0.0,0.0035544788112583073
421.5,210.75,0.0033628109464040644,0.0,99.99999832456402,0.0,0.003681137167415588
422.0,211.0,0.0033584155540024143,0.0,99.99999749390524,0.0,0.004688188782096459
422.5,211.25,0.003363035615544295,0.0,99.99999738565947,0.0,0.004511845657729477
423.0,211.5,0.003367643464327422,0.0,99.99999739054793,0.0,0.004507227871861159
423.5,211.75,0.0033721781739609984,0.0,99.99999787604565,0.0,0.004373324314328347
424.0,212.0,0.003376731251918597,0.0,99.99999754374372,0.0,0.005052967387114146
424.5,212.25,0.0033812722600423785,0.0,99.99999753926556,0.0,0.005058082766810333
425.0,212.5,0.003385801246263012,0.0,99.9999975347753,0.0,0.005063247508837397
425.5,212.75,0.003390348747279627,0.0,99.99999737041234,0.0,0.005175956101327355
426.0,213.0,0.003394914812785716,0.0,99.99999790376081,0.0,0.004219937529143654
426.5,213.25,0.0033905906624209533,0.0,99.99999795146205,0.0,0.0041162268291726044
427.0,213.5,0.003386307849425761,0.0,99.99999831378464,0.0,0.0038638016427425988
427.5,213.75,0.0033820358424221817,0.0,99.99999831116388,0.0,0.003866284209187847
428.0,214.0,0.0033777746005647495,0.0,99.99999830838672,0.0,0.0038689333658023344
428.5,214.25,0.0033734939759036144,0.0,99.9999985451723,0.0,0.0035102982099237475
429.0,214.5,0.003369254218252801,0.0,99.99999870794103,0.0,0.0033153797880848177
429.5,214.75,0.0033650550604908706,0.0,99.99999845409442,0.0,0.0035364424187787876
430.0,215.0,0.003360776712840301,0.0,99.99999806324172,0.0,0.004747414858527239
430.5,215.25,0.0033741187334623787,0.0,99.99999809464694,0.0,0.003344919317715329
431.0,215.5,0.0033874257337944487,0.0,99.9999982670048,0.0,0.0042886328195336915
431.5,215.75,0.0033831057264821014,0.0,99.99999845733313,0.0,0.004486327448583054
432.0,216.0,0.0033788266095863147,0.0,99.9999983638334,0.0,0.004290090846401454
432.5,216.25,0.003374588114735996,0.0,99.99999723858825,0.0,0.005887505701296296
433.0,216.5,0.003370360240336683,0.0,99.99999723568736,0.0,0.0058903521604004175
433.5,216.75,0.0033661429465206244,0.0,99.99999723275073,0.0,0.005893238468884145
434.0,217.0,0.003361877018666338,0.0,99.99999860114352,0.0,0.003987824926133748
434.5,217.25,0.0033576218895852196,0.0,99.99999860060034,0.0,0.00398911144203294
435.0,217.5,0.0033533775183250667,0.0,99.99999860006011,0.0,0.003990360516900721
435.5,217.75,0.0033491438641404885,0.0,99.99999784303579,0.0,0.005504319836314969
436.0,218.0,0.0033449208864915984,0.0,99.99999784549509,0.0,0.005500658602263716
436.5,218.25,0.003340708545042721,0.0,99.99999784845997,0.0,0.005496259512751693
437.0,218.5,0.0033365067996611085,0.0,99.99999869870507,0.0,0.002838072289519882
437.5,218.75,0.003332315610415667,0.0,99.99999870716691,0.0,0.002828244286827992
438.0,219.0,0.003328076946532963,0.0,99.99999866686252,0.0,0.003170725361077632
438.5,219.25,0.0033238201308645413,0.0,99.99999835088073,0.0,0.0034810796786830804
439.0,219.5,0.0033195741907451662,0.0,99.99999835288162,0.0,0.0034785051873194523
439.5,219.75,0.0033153390845498255,0.0,99.99999835485896,0.0,0.0034758969736717583
440.0,220.0,0.0033111721722849687,0.0,99.99999889658775,0.0,0.0025838753806644143
440.5,220.25,0.003307072980694312,0.0,99.9999988132284,0.0,0.002848681362653786
441.0,220.5,0.0033029839260546637,0.0,99.99999881125272,0.0,0.0028509276829570933
441.5,220.75,0.003298904970810736,0.0,99.99999880836016,0.0,0.0028541904870119997
442.0,221.0,0.003294807659134035,0.0,99.99999859798828,0.0,0.003557186587550246
442.5,221.25,0.0032907205127321593,0.0,99.999998600251,0.0,0.0035547843433379077
443.0,221.5,0.003286643493822487,0.0,99.99999860257377,0.0,0.003552297010620589
443.5,221.75,0.0032825765648094043,0.0,99.99999860489206,0.0,0.00354979925336383
444.0,222.0,0.0032784634133781903,0.0,99.99999844640892,0.0,0.003783597744658837
444.5,222.25,0.003274388623642457,0.0,99.99999822966619,0.0,0.0033569509120001855
445.0,222.5,0.003270323950414355,0.0,99.99999822596524,0.0,0.0033613723145372765
445.5,222.75,0.0032662414282538434,0.0,99.9999987272743,0.0,0.0028484234448970026
446.0,223.0,0.003262196944465794,0.0,99.99999874663766,0.0,0.0029258433013573523
446.5,223.25,0.003258190254428836,0.0,99.99999858170138,0.0,0.003213205601065622
447.0,223.5,0.003254193394498539,0.0,99.99999858098113,0.0,0.0032139392546735876
447.5,223.75,0.003250206328543108,0.0,99.99999858033385,0.0,0.00321456695043366
448.0,224.0,0.0032462290206076057,0.0,99.99999857977512,0.0,0.0032150602326494883
448.5,224.25,0.003242261434912875,0.0,99.99999857932677,0.0,0.003215385807772542
449.0,224.5,0.003238303535854463,0.0,99.99999857898935,0.0,0.00321554068417801
449.5,224.75,0.0032343279032749687,0.0,99.9999971399518,0.0,0.004890982468514255
450.0,225.0,0.0032304166560959313,0.0,99.99999759483619,0.0,0.004630621921325638
450.5,225.25,0.003226514857171816,0.0,99.99999759857769,0.0,0.004627398477396056
451.0,225.5,0.003222649659175272,0.0,99.99999868783368,0.0,0.0032313329479143264
451.5,225.75,0.00321882083301735,0.0,99.99999882079304,0.0,0.0030969357145597047
452.0,226.0,0.00321500109411032,0.0,99.99999881230137,0.0,0.00310929521024449
452.5,226.25,0.003211136422861274,0.0,99.9999978967581,0.0,0.005230856367591677
453.0,226.5,0.0032072810317033853,0.0,99.9999978906087,0.0,0.0052384214521141075
453.5,226.75,0.003203461751337571,0.0,99.99999822492444,0.0,0.004240914777228452
454.0,227.0,0.0031996783569400353,0.0,99.9999979150288,0.0,0.004690604142895112
454.5,227.25,0.003195823677539718,0.0,99.99999765338285,0.0,0.005174460299520774
455.0,227.5,0.0031919782744934196,0.0,99.99999765532458,0.0,0.005171455117549697
455.5,227.75,0.00318814211435582,0.0,99.99999765733875,0.0,0.005168319087527078
456.0,228.0,0.003184341708207599,0.0,99.99999756616269,0.0,0.004940683126557361
456.5,228.25,0.003180523870580987,0.0,99.9999983081243,0.0,0.0035427865911744744
457.0,228.5,0.0031767415945246945,0.0,99.99999793908619,0.0,0.004188281563210681
457.5,228.75,0.0031729419484521526,0.0,99.99999820895916,0.0,0.003811719462981922
458.0,229.0,0.003169151380903789,0.0,99.9999982129572,0.0,0.0038072026482190995
458.5,229.25,0.0031653960888299634,0.0,99.99999784771258,0.0,0.004295283790152619
459.0,229.5,0.003161623518506257,0.0,99.9999982498362,0.0,0.0037756612721431713
459.5,229.75,0.003157859929898816,0.0,99.99999824660327,0.0,0.003780655506899695
460.0,230.0,0.0031541052909703415,0.0,99.99999824360046,0.0,0.0037853308017610616
460.5,230.25,0.003150411532815412,0.0,99.99999892684868,0.0,0.002535790996981384
461.0,230.5,0.0031467264160268873,0.0,99.99999892582649,0.0,0.002537927650422559
461.5,230.75,0.003143049910316115,0.0,99.99999892505268,0.0,0.002539669620967596
462.0,231.0,0.003139381985535832,0.0,99.99999892436162,0.0,0.002541236678824464
462.5,231.25,0.0031357226116793353,0.0,99.99999892371102,0.0,0.0025426815646028174
463.0,231.5,0.0031320460787930965,0.0,99.99999872689031,0.0,0.002751576808313534
463.5,231.75,0.003128403777015241,0.0,99.99999834016224,0.0,0.003901829825665156
464.0,232.0,0.003124769936768399,0.0,99.99999833832676,0.0,0.0039039220331077203
464.5,232.25,0.003121068026210435,0.0,99.9999975620152,0.0,0.004578683516791087
465.0,232.5,0.0031173748765699083,0.0,99.99999756314118,0.0,0.00457783457309774
465.5,232.75,0.0031137412171304674,0.0,99.99999764142315,0.0,0.004534649404847804
466.0,233.0,0.0031101413404546344,0.0,99.99999770864027,0.0,0.004483744551130211
466.5,233.25,0.003106549777987411,0.0,99.99999770968742,0.0,0.004481911470614401
467.0,233.5,0.003102966500958508,0.0,99.9999977107574,0.0,0.004480051016459303
467.5,233.75,0.003099366333741714,0.0,99.99999727231703,0.0,0.005098220428865509
468.0,234.0,0.003095774510916252,0.0,99.99999727647105,0.0,0.005092937768984271
468.5,234.25,0.003092165973222814,0.0,99.999998024388,0.0,0.0036264742399360864
469.0,234.5,0.003088565838197959,0.0,99.99999802581736,0.0,0.0036251772436598838
469.5,234.75,0.0030849740765267392,0.0,99.99999802716566,0.0,0.0036239592370539025
470.0,235.0,0.0030813658032927058,0.0,99.99999750202369,0.0,0.004298497888834752
470.5,235.25,0.003077815556665646,0.0,99.9999969926042,0.0,0.005088470313618959
471.0,235.5,0.003074273481574479,0.0,99.9999969953562,0.0,0.005085016647756766
471.5,235.75,0.0030707642344391835,0.0,99.999997458912,0.0,0.005483419931875278
472.0,236.0,0.003067262989698172,0.0,99.99999745992054,0.0,0.005484111993140909
472.5,236.25,0.0030637942926805793,0.0,99.99999789488979,0.0,0.005595870910705764
473.0,236.5,0.0030603089149522527,0.0,99.99999829343426,0.0,0.004917865773811426
473.5,236.75,0.003056855919657504,0.0,99.9999980148088,0.0,0.004259356535795918
474.0,237.0,0.0030534351145038168,0.0,99.99999815871725,0.0,0.0038886467645420793
474.5,237.25,0.003049997604713923,0.0,99.99999756274433,0.0,0.004378092266223612
475.0,237.5,0.0030465192321495506,0.0,99.99999810856791,0.0,0.004056227854826477
475.5,237.75,0.0030430972675854376,0.0,99.99999866402428,0.0,0.003046514299586424
476.0,238.0,0.0030396829817539448,0.0,99.99999866480206,0.0,0.0030437416027771854
476.5,238.25,0.003036228082725293,0.0,99.99999758028787,0.0,0.0057240842046456086
477.0,238.5,0.0030327569507296085,0.0,99.99999745667043,0.0,0.0059545403663705644
477.5,238.75,0.0030292937463323342,0.0,99.99999730351948,0.0,0.0047760920393739035
478.0,239.0,0.003025814474799401,0.0,99.9999972740165,0.0,0.0048656341846155466
478.5,239.25,0.003022319274010428,0.0,99.99999857114716,0.0,0.0031982524370121265
479.0,239.5,0.0030188559958273403,0.0,99.99999854899711,0.0,0.003199015080330162
479.5,239.75,0.0030154006457062117,0.0,99.99999854990342,0.0,0.003196039081355219
480.0,240.0,0.0030119531964550414,0.0,99.99999855072168,0.0,0.00319316651674879
480.5,240.25,0.003008489927071684,0.0,99.99999779134195,0.0,0.003597963350258538
481.0,240.5,0.0030050818924149216,0.0,99.99999904083288,0.0,0.002374541182589003
481.5,240.75,0.0030017051571180485,0.0,99.99999835942397,0.0,0.003096565187494271
482.0,241.0,0.0029983124681134963,0.0,99.99999833088631,0.0,0.003027900798742749
482.5,241.25,0.002994950920437796,0.0,99.99999796631548,0.0,0.004477123575286987
483.0,241.5,0.0029915969018959833,0.0,99.99999796741078,0.0,0.004476503608895972
483.5,241.75,0.002988367271902307,0.0,99.99999751140636,0.0,0.006488780836313025
484.0,242.0,0.0029851446075941455,0.0,99.9999975254812,0.0,0.0064679834878888075
484.5,242.25,0.0029818590564211446,0.0,99.99999740498566,0.0,0.005577360256583948
485.0,242.5,0.0029785575048732944,0.0,99.99999766994233,0.0,0.004752645893850721
485.5,242.75,0.00297526325627765,0.0,99.99999766947242,0.0,0.0047542518423267085
486.0,243.0,0.0029719994087121595,0.0,99.99999800515313,0.0,0.004368414601178576
486.5,243.25,0.002968788858492912,0.0,99.9999973445625,0.0,0.005066858743281593
487.0,243.5,0.0029655622147004936,0.0,99.9999976989493,0.0,0.004495731280827361
487.5,243.75,0.0029623425770829454,0.0,99.99999769902794,0.0,0.004496997735453104
488.0,244.0,0.0029591070003795713,0.0,99.99999705480963,0.0,0.004640171353070064
488.5,244.25,0.0029558556118698493,0.0,99.99999710625941,0.0,0.0046735379931184505
489.0,244.5,0.002952611360597324,0.0,99.99999710350461,0.0,0.004676595526065918
489.5,244.75,0.00294937422308696,0.0,99.9999971006867,0.0,0.004679667127584007
490.0,245.0,0.0029461214542425692,0.0,99.99999723682889,0.0,0.004570809607857394
490.5,245.25,0.002942875852239898,0.0,99.99999723668486,0.0,0.00457077007522076
491.0,245.5,0.002939637393418906,0.0,99.9999972370112,0.0,0.004570205533556204
491.5,245.75,0.0029364737716007627,0.0,99.9999976980166,0.0,0.0042117232415248215
492.0,246.0,0.0029333394764526556,0.0,99.99999709462642,0.0,0.005319907162597851
492.5,246.25,0.0029301893884188484,0.0,99.99999781486774,0.0,0.0037686536943769672
493.0,246.5,0.0029270684872726156,0.0,99.99999790120327,0.0,0.0036296450665214497
493.5,246.75,0.002923954227103984,0.0,99.9999978990928,0.0,0.0036325491246315695
494.0,247.0,0.002920824253545896,0.0,99.9999979918472,0.0,0.004064363387762342
494.5,247.25,0.002917700973839985,0.0,99.99999799291271,0.0,0.004064729664843214
495.0,247.5,0.0029145398918110584,0.0,99.99999776534841,0.0,0.0036395512879132696
495.5,247.75,0.002911385651898879,0.0,99.99999776380334,0.0,0.003641744052544393
496.0,248.0,0.0029082160911139535,0.0,99.99999831785036,0.0,0.0033377116004366107
496.5,248.25,0.002905075516753616,0.0,99.99999829832193,0.0,0.003472868743132625
497.0,248.5,0.002901963763436776,0.0,99.99999846288495,0.0,0.003619018506970833
497.5,248.75,0.0028988806678049706,0.0,99.99999711275957,0.0,0.004514322646408525
498.0,249.0,0.002895760212861117,0.0,99.99999821400768,0.0,0.00549732157546246
498.5,249.25,0.0028926683729876266,0.0,99.99999822387771,0.0,0.005123226397428647
499.0,249.5,0.0028895831284654195,0.0,99.99999820279099,0.0,0.003123477412168101
499.5,249.75,0.0028865262696559594,0.0,99.99999753684195,0.0,0.004495703800595479
500.0,250.0,0.0028834758716475817,0.0,99.99999753317823,0.0,0.004499553559085862
500.5,250.25,0.0028804319139791434,0.0,99.99999752966262,0.0,0.004503254040724687
501.0,250.5,0.0028849268222870014,0.0,99.99999813471828,0.0,0.003550122133041403
501.5,250.75,0.0028894557439219848,0.0,99.99999803371861,0.0,0.003642229742962221
502.0,251.0,0.0028939535163414413,0.0,99.99999629794243,0.0,0.0052160985836318076
502.5,251.25,0.00289844189975596,0.0,99.99999629776234,0.0,0.005216450774837765
503.0,251.5,0.0029029209235339123,0.0,99.9999962971564,0.0,0.005217091508351535
503.5,251.75,0.0029073906169213132,0.0,99.99999629587819,0.0,0.005218181591666162
504.0,252.0,0.0029118510090424578,0.0,99.99999629372857,0.0,0.0052198510240814575
504.5,252.25,0.0029163021289005542,0.0,99.99999629059457,0.0,0.00522217456186083
505.0,252.5,0.0029132305485837216,0.0,99.99999770734576,0.0,0.004532835118275134
505.5,252.75,0.002910143716328145,0.0,99.99999801284207,0.0,0.0034564283113159627
506.0,253.0,0.0029070634187065804,0.0,99.99999801012542,0.0,0.0034597150085991075
506.5,253.25,0.002903968011675441,0.0,99.99999914102528,0.0,0.0020753548195660714
507.0,253.5,0.0029008791895389833,0.0,99.99999914016017,0.0,0.0020755928672343124
507.5,253.75,0.002897775400115911,0.0,99.9999990588832,0.0,0.0021205583272865705
508.0,254.0,0.0028946782453796484,0.0,99.99999905828753,0.0,0.0021206076698009604
508.5,254.25,0.0028916091434163993,0.0,99.99999912778158,0.0,0.002008540404282769
509.0,254.5,0.0028885679368959006,0.0,99.99999858305154,0.0,0.0025718929731924057
509.5,254.75,0.002885511771408278,0.0,99.99999856184395,0.0,0.003198398564511777
510.0,255.0,0.002882419458548591,0.0,99.99999812392353,0.0,0.003431702978702438
510.5,255.25,0.002879333766463883,0.0,99.99999828239439,0.0,0.0032399423414333378
511.0,255.5,0.0028762546739138453,0.0,99.99999846009173,0.0,0.0030321332404597673
511.5,255.75,0.002873245662504144,0.0,99.99999791513963,0.0,0.004602140360136698
512.0,256.0,0.0028702429403063066,0.0,99.99999791705841,0.0,0.004603893502892119
512.5,256.25,0.0028672464876230526,0.0,99.99999772057582,0.0,0.0066313422938511155
513.0,256.5,0.002864256284839271,0.0,99.99999806582663,0.0,0.0055609550470174
513.5,256.75,0.0028612513205775324,0.0,99.99999831506125,0.0,0.004463886415944669
514.0,257.0,0.002858252654876985,0.0,99.99999832607905,0.0,0.004426584616206357
514.5,257.25,0.002855239364233368,0.0,99.99999737469233,0.0,0.004371642935438018
515.0,257.5,0.002852169843057526,0.0,99.99999799395847,0.0,0.0037383633186094728
515.5,257.75,0.002849127728587709,0.0,99.99999786623916,0.0,0.00396013373921338
516.0,258.0,0.002846071326926024,0.0,99.99999818729583,0.0,0.003867591345194511
516.5,258.25,0.0028430422009520545,0.0,99.99999813069009,0.0,0.003864607386883915
517.0,258.5,0.002840019516031546,0.0,99.9999981317915,0.0,0.0038619901598220896
517.5,258.75,0.002837023889196031,0.0,99.99999741745589,0.0,0.004592072789055902
518.0,259.0,0.0028340139811356404,0.0,99.99999870467371,0.0,0.0032234984758587352
518.5,259.25,0.0028310104529616726,0.0,99.99999870428869,0.0,0.003224068312412087
519.0,259.5,0.0028280132844111204,0.0,99.9999987040531,0.0,0.0032244535257630316
519.5,259.75,0.002825063382832307,0.0,99.99999903440504,0.0,0.00314640713743541
520.0,260.0,0.0028221196289274497,0.0,99.99999903660698,0.0,0.0031416928080067073
520.5,260.25,0.00281916162470453,0.0,99.99999889468546,0.0,0.0038135240047681125
521.0,260.5,0.0028161894790049466,0.0,99.99999771047793,0.0,0.005860616982220198
521.5,260.75,0.0028276095879047557,0.0,99.99999776523163,0.0,0.005854839046185614
522.0,261.0,0.00283902579622424,0.0,99.99999831069063,0.0,0.003894812452969078
522.5,261.25,0.0028504178453432377,0.0,99.99999831144785,0.0,0.003892623386819058
523.0,261.5,0.0028617858118699397,0.0,99.99999834480145,0.0,0.005024518569920731
523.5,261.75,0.0028731710470553586,0.0,99.99999769159156,0.0,0.004815478380715647
524.0,262.0,0.0028845325909130047,0.0,99.99999769148195,0.0,0.004814753847508211
524.5,262.25,0.0028958497598738442,0.0,99.99999785606525,0.0,0.004814236054625011
525.0,262.5,0.002907101633991608,0.0,99.99999761241611,0.0,0.006019744327978387
525.5,262.75,0.0029183923091779147,0.0,99.9999979177894,0.0,0.005230921585230623
526.0,263.0,0.0029296386540811296,0.0,99.99999777019826,0.0,0.005473036306603521
526.5,263.25,0.002940882550287664,0.0,99.99999672512902,0.0,0.006802133089207255
527.0,263.5,0.002952124245924785,0.0,99.9999968448056,0.0,0.006165128365350845
527.5,263.75,0.0029633428787166445,0.0,99.99999683580764,0.0,0.0061692547268007636
528.0,264.0,0.002974559686888454,0.0,99.99999851424191,0.0,0.0034165944437026647
528.5,264.25,0.002971620315077063,0.0,99.99999745157946,0.0,0.004206966790726008
529.0,264.5,0.0029686867467312488,0.0,99.99999745838454,0.0,0.0041974714232248895
529.5,264.75,0.0029657800072370706,0.0,99.99999819758875,0.0,0.004463254278200659
530.0,265.0,0.0029628789543447286,0.0,99.99999819725561,0.0,0.004461341268211601
530.5,265.25,0.0029599835713830487,0.0,99.99999819670927,0.0,0.004459296966449278
531.0,265.5,0.0029570729222671835,0.0,99.9999979518147,0.0,0.0048935461536457146
531.5,265.75,0.0029542097488921715,0.0,99.99999698225783,0.0,0.005711625288433328
532.0,266.0,0.0029512896005874337,0.0,99.99999719139068,0.0,0.004641833215588845
532.5,266.25,0.0029483752195410976,0.0,99.99999719194936,0.0,0.004640904216494048
533.0,266.5,0.0029454665886846166,0.0,99.99999870101634,0.0,0.0027535098492722032
533.5,266.75,0.002942542976614527,0.0,99.99999779168559,0.0,0.004937098370874355
534.0,267.0,0.002939604489577766,0.0,99.99999757055416,0.0,0.005769987298272863
534.5,267.25,0.0029366924973829715,0.0,99.99999782565317,0.0,0.00534231119629021
535.0,267.5,0.0029337656777490015,0.0,99.99999769525851,0.0,0.0051136643611250756
535.5,267.75,0.0029308446862663985,0.0,99.99999768427497,0.0,0.005128861346203233
536.0,268.0,0.0029279500147097967,0.0,99.99999837191787,0.0,0.003369471806598835
536.5,268.25,0.0029320177740456946,0.0,99.99999842225412,0.0,0.0034477097481548646
537.0,268.5,0.002936056875616048,0.0,99.99999847888247,0.0,0.0033476906896008156
537.5,268.75,0.0029400673212564774,0.0,99.99999822045234,0.0,0.0042824542010340885
538.0,269.0,0.00293713416633528,0.0,99.99999724454301,0.0,0.005769829676475695
538.5,269.25,0.002934227308525986,0.0,99.99999747337827,0.0,0.005346365896299961
539.0,269.5,0.0029313261988149365,0.0,99.99999748936807,0.0,0.005341970249736992
539.5,269.75,0.002928410450460477,0.0,99.9999973966939,0.0,0.005294486096365754
540.0,270.0,0.002925520826094812,0.0,99.99999783485269,0.0,0.004993322989459969
540.5,270.25,0.0029225963207219715,0.0,99.99999779632837,0.0,0.005364748519002342
541.0,270.5,0.0029196776564905614,0.0,99.99999778299227,0.0,0.005371771892633535
541.5,270.75,0.0029167850239370362,0.0,99.99999839009205,0.0,0.003387001301510971
542.0,271.0,0.0029138981173864897,0.0,99.99999838861633,0.0,0.003385766046806883
542.5,271.25,0.002911057177035147,0.0,99.99999835410524,0.0,0.005847027728014344
543.0,271.5,0.00290822177090673,0.0,99.99999834592242,0.0,0.005859737045330185
543.5,271.75,0.0029054119335826974,0.0,99.99999796481174,0.0,0.004515143114996095
544.0,272.0,0.0029026075205802458,0.0,99.99999796600754,0.0,0.004512986392340743
544.5,272.25,0.0028997885427357196,0.0,99.99999821762466,0.0,0.003655595585723482
545.0,272.5,0.0028969551006365044,0.0,99.99999773343782,0.0,0.004059892690789979
545.5,272.75,0.0028941271903593253,0.0,99.99999773247235,0.0,0.004060764395756891
546.0,273.0,0.002891304795720045,0.0,99.99999773193043,0.0,0.004061231551584902
546.5,273.25,0.0028885077186963978,0.0,99.99999809260875,0.0,0.003458652912779722
547.0,273.5,0.002885735828363836,0.0,99.99999764215536,0.0,0.004320645907310949
547.5,273.75,0.002882969252893241,0.0,99.9999976442063,0.0,0.004318303598227297
548.0,274.0,0.002880207977013067,0.0,99.99999764658914,0.0,0.004315610999844471
548.5,274.25,0.0028774323188277026,0.0,99.99999836207888,0.0,0.0034581475797453797
549.0,274.5,0.0028746816341301868,0.0,99.99999854316022,0.0,0.003284298220885089
549.5,274.75,0.0028718970210037313,0.0,99.99999677395664,0.0,0.005071934633847373
550.0,275.0,0.0028826299398259517,0.0,99.99999839945501,0.0,0.00414492315408265
550.5,275.25,0.0028798039282431835,0.0,99.99999729284536,0.0,0.005526357895952153
551.0,275.5,0.002883784831563841,0.0,99.9999972906314,0.0,0.005528118602306535
551.5,275.75,0.00288777756638491,0.0,99.99999715784989,0.0,0.0065252384058563165
552.0,276.0,0.002891782179562024,0.0,99.99999839591477,0.0,0.004890967383302983
552.5,276.25,0.002895779079861111,0.0,99.99999839460175,0.0,0.004893401006156281
553.0,276.5,0.002899768289543219,0.0,99.99999839321805,0.0,0.004895969429605117
553.5,276.75,0.0029037498307838095,0.0,99.99999839166792,0.0,0.004898853783087403
554.0,277.0,0.002907704063347376,0.0,99.99999692988398,0.0,0.006173768222826244
554.5,277.25,0.002911611316777907,0.0,99.99999693955071,0.0,0.0049003629449490835
555.0,277.5,0.0029154715707777963,0.0,99.99999734782095,0.0,0.005798229755957727
555.5,277.75,0.002919324173082887,0.0,99.99999803964414,0.0,0.004788484990972208
556.0,278.0,0.0029231691464211384,0.0,99.99999803962658,0.0,0.004788138577749964
556.5,278.25,0.002926986818466259,0.0,99.99999806057436,0.0,0.004557104479312242
557.0,278.5,0.002930816595412869,0.0,99.99999739437273,0.0,0.005034243988817797
557.5,278.75,0.002927903728376491,0.0,99.99999851594983,0.0,0.0036756530279642564
558.0,279.0,0.0029249966456460484,0.0,99.999998513457,0.0,0.0036785016522369873
558.5,279.25,0.0029221149141796295,0.0,99.9999973802217,0.0,0.00504803325594194
559.0,279.5,0.002919258401237337,0.0,99.99999767089245,0.0,0.005288654810554773
559.5,279.75,0.0029231746881166593,0.0,99.9999974388428,0.0,0.004792216317190663
560.0,280.0,0.002927063981074326,0.0,99.99999807848349,0.0,0.0038196133255300867
560.5,280.25,0.0029309067117096067,0.0,99.99999864819085,0.0,0.00327474011714399
561.0,280.5,0.0029480227571349487,0.0,99.99999812157803,0.0,0.005314519870474781
561.5,280.75,0.0029651050446764704,0.0,99.99999813312023,0.0,0.005215366313300262
562.0,281.0,0.002982153674106519,0.0,99.99999813666457,0.0,0.005210386094985822
562.5,281.25,0.0029925386037479886,0.0,99.99999893006712,0.0,0.003329145813286564
563.0,281.5,0.0030029231995748074,0.0,99.99999860532249,0.0,0.004833167235000905
563.5,281.75,0.0030133076693326256,0.0,99.99999852486971,0.0,0.004918426052395079
564.0,282.0,0.0030236721702804853,0.0,99.99999851777422,0.0,0.004931202264244867
564.5,282.25,0.003034016759961578,0.0,99.99999851069279,0.0,0.00494392528991343
565.0,282.5,0.0030376831544254874,0.0,99.99999881656836,0.0,0.003688240502147237
565.5,282.75,0.0030413424220986584,0.0,99.9999988217337,0.0,0.0036743020679992303
566.0,283.0,0.0030449945837406536,0.0,99.99999882748037,0.0,0.0036586570093289313
566.5,283.25,0.0030486396600304866,0.0,99.9999988339456,0.0,0.0036408472510908838
567.0,283.5,0.0030522776715670116,0.0,99.99999884116723,0.0,0.003620674121695171
567.5,283.75,0.0030493025461346963,0.0,99.99999879831365,0.0,0.0038986514010214083
568.0,284.0,0.0030463332149013723,0.0,99.99999805478569,0.0,0.004928222120795053
568.5,284.25,0.003043369660956788,0.0,99.99999804850188,0.0,0.004938764822179026
569.0,284.5,0.003040431833255626,0.0,99.9999981324161,0.0,0.00504622433935905
569.5,284.75,0.0030374996719762775,0.0,99.9999981279106,0.0,0.005052880183916626
570.0,285.0,0.00303459304992987,0.0,99.99999726288102,0.0,0.006519923535430483
570.5,285.25,0.0030317118367721107,0.0,99.9999984641966,0.0,0.0041975138531816095
571.0,285.5,0.003028836089595981,0.0,99.99999846350785,0.0,0.004196671423322842
571.5,285.75,0.0030259657928618576,0.0,99.99999846305218,0.0,0.004195671626223767
572.0,286.0,0.003023081192256211,0.0,99.99999788445263,0.0,0.004322400020038466
572.5,286.25,0.0030202611906221867,0.0,99.99999828337809,0.0,0.004974596207152176
573.0,286.5,0.003017387450796382,0.0,99.99999772472098,0.0,0.0032056738236933293
573.5,286.75,0.00301447992082921,0.0,99.99999868697886,0.0,0.002661981629990964
574.0,287.0,0.0030115779888122804,0.0,99.99999868657244,0.0,0.0026623574966910214
574.5,287.25,0.003008701189834099,0.0,99.99999833523175,0.0,0.003844765857484402
575.0,287.5,0.003005771340651921,0.0,99.999998847928,0.0,0.0033431008075958967
575.5,287.75,0.003002886143269449,0.0,99.99999741134684,0.0,0.004948745868131973
576.0,288.0,0.003000006479495636,0.0,99.99999741242056,0.0,0.004948074727836608
576.5,288.25,0.0029970741306543074,0.0,99.9999974768711,0.0,0.004717842390634152
577.0,288.5,0.0029941475086494003,0.0,99.99999747358707,0.0,0.004720656478105487
577.5,288.75,0.0029912265967206335,0.0,99.99999747018828,0.0,0.00472358406793109
578.0,289.0,0.002988311378173064,0.0,99.99999746674226,0.0,0.004726521217217613
578.5,289.25,0.0029853825867727562,0.0,99.99999856143754,0.0,0.003916154114554906
579.0,289.5,0.0029824403189858415,0.0,99.99999842511227,0.0,0.00426644075882351
579.5,289.75,0.002979523018906779,0.0,99.99999859182277,0.0,0.003289734361284909
580.0,290.0,0.00298305956475618,0.0,99.99999827379659,0.0,0.00453035918770442
580.5,290.25,0.002986589250847806,0.0,99.9999982724981,0.0,0.004531061562047746
581.0,290.5,0.0029901120971208943,0.0,99.99999827140113,0.0,0.00453159815699343
581.5,290.75,0.00299366650426934,0.0,99.99999824089349,0.0,0.00446631681859569
582.0,291.0,0.0029972141278939448,0.0,99.99999823603233,0.0,0.00447354460360217
582.5,291.25,0.0030007549873955494,0.0,99.99999823165193,0.0,0.004480095132387647
583.0,291.5,0.003004289102101085,0.0,99.99999822774485,0.0,0.004485965915795518
583.5,291.75,0.0030077972834034726,0.0,99.99999799066164,0.0,0.00461134753733876
584.0,292.0,0.0030112795386107285,0.0,99.99999810179246,0.0,0.005092178657722248
584.5,292.25,0.0030147550909844162,0.0,99.99999810294297,0.0,0.0050909191203727805
585.0,292.5,0.0030182047412558024,0.0,99.99999810543648,0.0,0.004702851362399178
585.5,292.75,0.003021647720405346,0.0,99.99999847880991,0.0,0.004919222959064507
586.0,293.0,0.003025026373654308,0.0,99.99999863396413,0.0,0.004482447144633717
586.5,293.25,0.0030283983772355864,0.0,99.99999828062482,0.0,0.004416423454834771
587.0,293.5,0.003031879130776745,0.0,99.99999803209914,0.0,0.0045464309785759275
587.5,293.75,0.0030353533113233254,0.0,99.99999803640193,0.0,0.00454041432897706
588.0,294.0,0.0030388016991966167,0.0,99.99999843244262,0.0,0.003354178636964683
588.5,294.25,0.003035918713276452,0.0,99.99999817576891,0.0,0.0030308967146460567
589.0,294.5,0.0030330411924906955,0.0,99.99999817964596,0.0,0.00302702875533751
589.5,294.75,0.0030301691213140834,0.0,99.99999818343838,0.0,0.003023249990757629
590.0,295.0,0.003027283391566493,0.0,99.99999784800227,0.0,0.0036436186360018306
590.5,295.25,0.003024403152940287,0.0,99.99999785131082,0.0,0.0036412337696519045
591.0,295.5,0.0030215283897771623,0.0,99.99999785466095,0.0,0.003638798462280677
591.5,295.75,0.003018697054883686,0.0,99.99999756219002,0.0,0.00390298447316319
592.0,296.0,0.0030158710212493246,0.0,99.999997567784,0.0,0.00389826840613539
592.5,296.25,0.0030130502739992592,0.0,99.99999824870837,0.0,0.0026230773213517097
593.0,296.5,0.0030102347983142685,0.0,99.99999825291468,0.0,0.0026193822422550563
593.5,296.75,0.003007424579430469,0.0,99.99999825731372,0.0,0.0026155117772871535
594.0,297.0,0.0030046196026390576,0.0,99.99999826195234,0.0,0.002611446528834676
594.5,297.25,0.003001819853286055,0.0,99.99999826683049,0.0,0.002607209563898079
595.0,297.5,0.0029990065790706827,0.0,99.99999787075792,0.0,0.003819237225557156
595.5,297.75,0.0029961985730604297,0.0,99.99999787113735,0.0,0.0038190744303274082
596.0,298.0,0.002993395820471086,0.0,99.99999787156663,0.0,0.0038187310608223343
596.5,298.25,0.0029968287197124042,0.0,99.99999823744034,0.0,0.0029620704705156506
597.0,298.5,0.0030002552084305925,0.0,99.99999823972315,0.0,0.002959770845602834
597.5,298.75,0.0030036753045652132,0.0,99.99999824225368,0.0,0.0029573624132845375
598.0,299.0,0.0030071077091306723,0.0,99.99999813352734,0.0,0.003178588113535419
598.5,299.25,0.0030105150774043772,0.0,99.99999792425585,0.0,0.004091185437624685
599.0,299.5,0.0030139347973035828,0.0,99.99999816825337,0.0,0.0038317385018018842
599.5,299.75,0.0030173295084912734,0.0,99.99999785292827,0.0,0.0046174140158104756
600.0,300.0,0.003020699217589383,0.0,99.99999768664182,0.0,0.0047991153586940775
600.5,300.25,0.00302406263334632,0.0,99.99999767736631,0.0,0.0048089184522352784
601.0,300.5,0.0030274010688579284,0.0,99.99999759439386,0.0,0.003905689593541198
601.5,300.75,0.0030307706552266905,0.0,99.99999783013018,0.0,0.0032084365405881396
602.0,301.0,0.0030341152963812624,0.0,99.9999982027311,0.0,0.0029207403990033818
602.5,301.25,0.003037453714257549,0.0,99.9999981953521,0.0,0.002927884001218397
603.0,301.5,0.0030408046436903305,0.0,99.99999821096728,0.0,0.0032273906352603687
603.5,301.75,0.0030379435459073857,0.0,99.99999844217169,0.0,0.002617088218312967
604.0,302.0,0.0030350878270860083,0.0,99.99999844273691,0.0,0.0026165997991351516
604.5,302.25,0.003032256084461222,0.0,99.99999853166585,0.0,0.002558757467408024
605.0,302.5,0.0030294296209533505,0.0,99.99999853358405,0.0,0.0025567287444956946
605.5,302.75,0.003026626965163156,0.0,99.99999834131252,0.0,0.002883596947159803
606.0,303.0,0.0030238294902949765,0.0,99.99999833971901,0.0,0.002885474436057822
606.5,303.25,0.003021037181996086,0.0,99.9999983379206,0.0,0.002887585344651417
607.0,303.5,0.003018250025966726,0.0,99.99999833595646,0.0,0.0028898813682626877
607.5,303.75,0.0030154680079598588,0.0,99.99999833388807,0.0,0.0028922905755463125
608.0,304.0,0.0030126911137809275,0.0,99.99999823596912,0.0,0.0029933731177315256
608.5,304.25,0.0030099193292876117,0.0,99.9999986764417,0.0,0.002278794364365769
609.0,304.5,0.0030071343348998026,0.0,99.99999664903854,0.0,0.004333248701681302
609.5,304.75,0.0030043544895030044,0.0,99.9999966662804,0.0,0.004322577424434834
610.0,305.0,0.0030015980167579096,0.0,99.99999746496053,0.0,0.0037893658032315306
610.5,305.25,0.0029988465974625142,0.0,99.99999746369697,0.0,0.003789026680413952
611.0,305.5,0.002996100217732789,0.0,99.99999768291167,0.0,0.0034933710314662306
611.5,305.75,0.002993340725794235,0.0,99.99999754456681,0.0,0.0035335289770702326
612.0,306.0,0.002990586312316494,0.0,99.99999754647251,0.0,0.0035310360896423447
612.5,306.25,0.002987836963293153,0.0,99.99999754831647,0.0,0.0035286681435437884
613.0,306.5,0.0029850746268656717,0.0,99.99999816248202,0.0,0.002959124110241371
613.5,306.75,0.002982299389051218,0.0,99.99999806623046,0.0,0.0030731304960707907
614.0,307.0,0.002979529306746764,0.0,99.99999806899919,0.0,0.0030709366113817927
614.5,307.25,0.0029767823032099835,0.0,99.99999698524498,0.0,0.0041911219480772295
615.0,307.5,0.002974040360256225,0.0,99.99999812558742,0.0,0.004226924905916627
615.5,307.75,0.0029713034639143013,0.0,99.99999812162949,0.0,0.004231608392185078
616.0,308.0,0.0029685716002644073,0.0,99.99999811765441,0.0,0.004236404394088687
616.5,308.25,0.002971848489760631,0.0,99.9999981137439,0.0,0.004241245697076759
617.0,308.5,0.0029751193646680584,0.0,99.99999810996772,0.0,0.004246068516826881
617.5,308.75,0.0029783842415307816,0.0,99.99999810636781,0.0,0.004250832758067005
618.0,309.0,0.0029816431368322738,0.0,99.99999810300591,0.0,0.004255459017579869
618.5,309.25,0.0029848960669956633,0.0,99.99999809991816,0.0,0.004259889271141604
619.0,309.5,0.002988143048384012,0.0,99.99999809713445,0.0,0.004264063602349434
619.5,309.75,0.002991384097300589,0.0,99.9999969507853,0.0,0.004226865146362655
620.0,310.0,0.002994619229989143,0.0,99.99999810552292,0.0,0.002760692793166218
620.5,310.25,0.0029978663297295363,0.0,99.99999879862301,0.0,0.002728080160544338
621.0,310.5,0.0030011075515964224,0.0,99.99999879782308,0.0,0.0027292352708040025
621.5,310.75,0.003004342911535487,0.0,99.99999879703564,0.0,0.002730392346369889
622.0,311.0,0.00301940622306755,0.0,99.99999758903883,0.0,0.003064633551674727
622.5,311.25,0.0030344237860820303,0.0,99.99999700983322,0.0,0.003535183585631805
623.0,311.5,0.0030494316428961296,0.0,99.9999971688409,0.0,0.003455978555459967
623.5,311.75,0.00306439375977998,0.0,99.99999601440065,0.0,0.004261414267716262
624.0,312.0,0.0030675936563584467,0.0,99.99999671503693,0.0,0.0039017782956811253
624.5,312.25,0.003070787873050434,0.0,99.99999673539959,0.0,0.003888889166391473
625.0,312.5,0.003073976424965418,0.0,99.9999967579412,0.0,0.0038746284671675037
625.5,312.75,0.0030771593271593273,0.0,99.99999678293369,0.0,0.0038588371821882
626.0,313.0,0.0030803729493685825,0.0,99.99999590003215,0.0,0.004659394811146107
626.5,313.25,0.003083580963162115,0.0,99.99999591519698,0.0,0.0046490982689527055
627.0,313.5,0.003086783383208841,0.0,99.99999593113162,0.0,0.00463822452014613
627.5,313.75,0.0030899802241265654,0.0,99.99999594735604,0.0,0.004627123542629041
628.0,314.0,0.0030931715004822056,0.0,99.99999596331016,0.0,0.0046162048016070495
628.5,314.25,0.0030963572267920093,0.0,99.99999597831075,0.0,0.004605962866791168
629.0,314.5,0.0030995374175217787,0.0,99.99999599166246,0.0,0.004596899153526697
629.5,314.75,0.003102693889042036,0.0,99.99999570410165,0.0,0.004670694239091423
630.0,315.0,0.003105844848399611,0.0,99.99999569744716,0.0,0.004675310403041597
630.5,315.25,0.00310900851317962,0.0,99.99999811872125,0.0,0.00273035287954223
631.0,315.5,0.003112148493942425,0.0,99.99999500437595,0.0,0.0049403636796038555
631.5,315.75,0.003115264797507788,0.0,99.99999624124118,0.0,0.004208502176397495
632.0,316.0,0.0031183756416320665,0.0,99.9999962409455,0.0,0.0042096170486302055
632.5,316.25,0.0031214992531740106,0.0,99.99999500687191,0.0,0.004942089661277193
633.0,316.5,0.0031246174383966516,0.0,99.99999500783633,0.0,0.004942476632731163
633.5,316.75,0.003127730211427573,0.0,99.99999500879129,0.0,0.004942775110344293
634.0,317.0,0.003130837586345358,0.0,99.99999500971242,0.0,0.004942985885767807
634.5,317.25,0.0031281252180384678,0.0,99.99999501057964,0.0,0.00494311061417304
635.0,317.5,0.0031254175453272683,0.0,99.99999501137765,0.0,0.004943156005831037
635.5,317.75,0.0031227145560289286,0.0,99.99999501208218,0.0,0.0049431329480892575
636.0,318.0,0.003120016238002726,0.0,99.9999981254138,0.0,0.0032223655251472196
636.5,318.25,0.003117322579149863,0.0,99.99999915534913,0.0,0.0025181706331848575
637.0,318.5,0.003114633567413291,0.0,99.99999915186355,0.0,0.0025231755650324222
637.5,318.75,0.0031119491907775246,0.0,99.99999914839506,0.0,0.0025281468962352243
638.0,319.0,0.0031092694372684662,0.0,99.99999914502537,0.0,0.0025329631291299
638.5,319.25,0.0031066122335849035,0.0,99.99999812752452,0.0,0.0037737603888042775
639.0,319.5,0.003103959567753437,0.0,99.99999812370004,0.0,0.0037771347272280947
639.5,319.75,0.0031070580368465954,0.0,99.9999979640788,0.0,0.008535225730161893
640.0,320.0,0.0031101511879049674,0.0,99.99999780160887,0.0,0.008936494827399881
640.5,320.25,0.003113239034608169,0.0,99.99999761464662,0.0,0.009376788454751215
641.0,320.5,0.0031105719197575938,0.0,99.99999740206583,0.0,0.0098529878996131
641.5,320.75,0.003107909370835057,0.0,99.9999971651326,0.0,0.01035711852235304
642.0,321.0,0.0031052335525938173,0.0,99.99999882955389,0.0,0.0027404274129041216
642.5,321.25,0.0031025623379900445,0.0,99.99999883076555,0.0,0.002738690766862801
643.0,321.5,0.0030998601911484953,0.0,99.99999748497392,0.0,0.004439408195470229
643.5,321.75,0.003097162747028785,0.0,99.99999748398436,0.0,0.004440543613712707
644.0,322.0,0.003094469993364907,0.0,99.99999748305196,0.0,0.004441645255932504
644.5,322.25,0.003091799587379057,0.0,99.99999762122187,0.0,0.00427534819711545
645.0,322.5,0.0030891337863301546,0.0,99.99999762043497,0.0,0.004544046870240533
645.5,322.75,0.003086490187129165,0.0,99.99999852524762,0.0,0.0035605022444361585
646.0,323.0,0.0030838511087043267,0.0,99.99999852403162,0.0,0.003561949170487463
646.5,323.25,0.0030811989907791847,0.0,99.99999843110082,0.0,0.003826378091819687
647.0,323.5,0.003078568949132481,0.0,99.9999985029629,0.0,0.0036447867267910845
647.5,323.75,0.003075943393544499,0.0,99.9999985021647,0.0,0.003645720479348388
648.0,324.0,0.003073322312547222,0.0,99.99999850154269,0.0,0.0036463109498991275
648.5,324.25,0.003070723124077648,0.0,99.99999813133381,0.0,0.004052669976644962
649.0,324.5,0.0030681283282954024,0.0,99.99999813062354,0.0,0.004053189193909197
649.5,324.75,0.0030655379140742756,0.0,99.99999866897558,0.0,0.003514967349875542
650.0,325.0,0.003062934529066739,0.0,99.99999874092613,0.0,0.003432431760704178
650.5,325.25,0.0030603528739598478,0.0,99.99999814289171,0.0,0.0035231201339897774
651.0,325.5,0.0030577582844902133,0.0,99.99999670640311,0.0,0.004405530037280988
651.5,325.75,0.0030551680907175975,0.0,99.99999670468621,0.0,0.0044060993904340455
652.0,326.0,0.003052582281480813,0.0,99.99999670289833,0.0,0.004406728218416073
652.5,326.25,0.0030499836507345895,0.0,99.99999812412317,0.0,0.0038062300009342786
653.0,326.5,0.003053022323113407,0.0,99.99999812454202,0.0,0.0038063532204725744
653.5,326.75,0.003056055830706889,0.0,99.99999812483648,0.0,0.003806592174692287
654.0,327.0,0.0030590841866716153,0.0,99.9999981250229,0.0,0.003806923980873507
654.5,327.25,0.003062141813686931,0.0,99.99999856075772,0.0,0.003218235066349899
655.0,327.5,0.0030651943254607615,0.0,99.99999856744776,0.0,0.0032115481101297606
655.5,327.75,0.003073833710083633,0.0,99.9999991094794,0.0,0.0025219196665105695
656.0,328.0,0.0030824758445983816,0.0,99.99999851937672,0.0,0.0030624044134440922
656.5,328.25,0.003091103557569004,0.0,99.99999851952026,0.0,0.00306371950375761
657.0,328.5,0.0030997342285634354,0.0,99.99999684897658,0.0,0.005272760515752332
657.5,328.75,0.0031083506174772045,0.0,99.99999685134118,0.0,0.005270569334237905
658.0,329.0,0.0031169701709306222,0.0,99.99999678537417,0.0,0.005190290784495794
658.5,329.25,0.003125575580324502,0.0,99.99999679840312,0.0,0.005176808187747144
659.0,329.5,0.00313416688044436,0.0,99.9999968248654,0.0,0.005149536961062217
659.5,329.75,0.0031427265939307485,0.0,99.99999824170985,0.0,0.0034912187691879645
660.0,330.0,0.0031512722008796836,0.0,99.99999816364809,0.0,0.0035355351455482985
660.5,330.25,0.003159803736134136,0.0,99.99999872949347,0.0,0.002943971494681344
661.0,330.5,0.0031683388455017924,0.0,99.9999988698963,0.0,0.002824727219988929
661.5,330.75,0.0031768776624400866,0.0,99.99999738279384,0.0,0.004949406783675549
662.0,331.0,0.0031854026426633075,0.0,99.99999738535489,0.0,0.0049471961711928395
662.5,331.25,0.0031939138197767587,0.0,99.99999738817223,0.0,0.0049447537687183915
663.0,331.5,0.0032024112272770085,0.0,99.99999739126231,0.0,0.00494208156055923
663.5,331.75,0.0032108948985523295,0.0,99.99999739461335,0.0,0.004939204963809115
664.0,332.0,0.003219329251091087,0.0,99.99999780072967,0.0,0.0046687795750968
664.5,332.25,0.0032222228363298715,0.0,99.99999780388539,0.0,0.004665799908426579
665.0,332.5,0.003225111691582127,0.0,99.9999978071698,0.0,0.004662672324445722
665.5,332.75,0.0032279958284361604,0.0,99.9999978105881,0.0,0.004659393763829227
666.0,333.0,0.0032308752584424534,0.0,99.9999978140961,0.0,0.004656011101125008
666.5,333.25,0.00323374999311382,0.0,99.99999781765607,0.0,0.004652567614390668
667.0,333.5,0.0032366378598557826,0.0,99.99999788288225,0.0,0.004635741783945201
667.5,333.75,0.0032395210568868698,0.0,99.99999788721716,0.0,0.004631130014394945
668.0,334.0,0.0032423995955243893,0.0,99.99999789144148,0.0,0.004626658471111734
668.5,334.25,0.0032452734870491075,0.0,99.99999789554928,0.0,0.004622331841526679
669.0,334.5,0.00324821403096777,0.0,99.99999779506385,0.0,0.004797423735163797
669.5,334.75,0.0032511499640893214,0.0,99.9999977991159,0.0,0.004793722458334412
670.0,335.0,0.003254063470672342,0.0,99.99999783855651,0.0,0.004697015484963973
670.5,335.25,0.0032569723841585243,0.0,99.99999784358494,0.0,0.004691983172271782
671.0,335.5,0.0032599123761807612,0.0,99.99999814104893,0.0,0.004217611978519841
671.5,335.75,0.003262829972126578,0.0,99.99999835681048,0.0,0.003973572361373942
672.0,336.0,0.003265743011146123,0.0,99.99999836019136,0.0,0.003969087353862857
672.5,336.25,0.0032686515039071027,0.0,99.99999836368325,0.0,0.0039644562680905635
673.0,336.5,0.0032715554610439532,0.0,99.99999836722145,0.0,0.003959761734580536
673.5,336.75,0.0032744548931579695,0.0,99.99999837072724,0.0,0.003955104149104325
674.0,337.0,0.003277242760940928,0.0,99.99999794221975,0.0,0.004256798829030956
674.5,337.25,0.003285465622280244,0.0,99.99999794803344,0.0,0.004248641675021266
675.0,337.5,0.003293693066939148,0.0,99.99999766051232,0.0,0.00429405175588138
675.5,337.75,0.003301925217910772,0.0,99.99999736968066,0.0,0.0046235871049338725
676.0,338.0,0.003310144235465211,0.0,99.99999737493096,0.0,0.004617011277385802
676.5,338.25,0.0033183501510066203,0.0,99.99999737964944,0.0,0.004611104787536392
677.0,338.5,0.003326542995839112,0.0,99.99999738369745,0.0,0.004606080346026168
677.5,338.75,0.003334722801167153,0.0,99.99999738694666,0.0,0.004602130435226482
678.0,339.0,0.0033428895980959594,0.0,99.99999738937022,0.0,0.004599284384975238
678.5,339.25,0.003345638508893777,0.0,99.99999739107805,0.0,0.00459736615572028
679.0,339.5,0.0033483830550214947,0.0,99.99999739222757,0.0,0.004596133525479129
679.5,339.75,0.0033511232468660794,0.0,99.99999739300173,0.0,0.004595322812230248
680.0,340.0,0.003353859094781568,0.0,99.99999739360655,0.0,0.004594653953420415
680.5,340.25,0.003356590609089195,0.0,99.99999739424135,0.0,0.004593862044518897
681.0,340.5,0.003359372055838793,0.0,99.99999762201342,0.0,0.004787112882665522
681.5,340.75,0.0033567697546438005,0.0,99.99999762180268,0.0,0.004787144641332159
682.0,341.0,0.0033541714820170183,0.0,99.99999762131735,0.0,0.004787582805439692
682.5,341.25,0.0033515592269929423,0.0,99.99999840534865,0.0,0.003955105338755605
683.0,341.5,0.003348933064273754,0.0,99.99999851438379,0.0,0.003872051774251296
683.5,341.75,0.003346311013867885,0.0,99.99999833136755,0.0,0.0041068897536602755
684.0,342.0,0.0033436572322662924,0.0,99.99999759739168,0.0,0.0036590590717258324
684.5,342.25,0.003341025544924479,0.0,99.99999674699176,0.0,0.00419426133531675
685.0,342.5,0.003338397996961202,0.0,99.9999985101792,0.0,0.0026100948006253853
685.5,342.75,0.003335756746354189,0.0,99.99999818277772,0.0,0.0029266069161175104
686.0,343.0,0.0033331018679258386,0.0,99.99999834021031,0.0,0.002768739290983993
686.5,343.25,0.003330486763450043,0.0,99.99999764793274,0.0,0.003577836000425642
687.0,343.5,0.0033278757593049857,0.0,99.99999767823174,0.0,0.003606607520735186
687.5,343.75,0.003325268845854605,0.0,99.99999767820042,0.0,0.0036067124902838927
688.0,344.0,0.0033226837060702876,0.0,99.99999830398377,0.0,0.003143210935062577
688.5,344.25,0.003320084917556545,0.0,99.99999746112998,0.0,0.004481701309855536
689.0,344.5,0.0033175078285741628,0.0,99.99999673240536,0.0,0.004767589756553423
689.5,344.75,0.003314934737222361,0.0,99.99999865503152,0.0,0.0028209687518684443
690.0,345.0,0.003312348051341395,0.0,99.99999797885334,0.0,0.0040361443424310394
690.5,345.25,0.0033097829546177835,0.0,99.99999875776768,0.0,0.0028461492728635764
691.0,345.5,0.003307256884818419,0.0,99.99999796831848,0.0,0.004166210088352768
691.5,345.75,0.0033047171659931892,0.0,99.99999816869635,0.0,0.0038913861908521307
692.0,346.0,0.0033021813447921848,0.0,99.99999816704131,0.0,0.003893610842409966
692.5,346.25,0.0032996668605573477,0.0,99.99999830104693,0.0,0.003770892417627873
693.0,346.5,0.0032971562027751065,0.0,99.99999916767234,0.0,0.002620982962402371
693.5,346.75,0.00329463196743383,0.0,99.9999990382666,0.0,0.002829648494289082
694.0,347.0,0.003292094225645625,0.0,99.99999912715514,0.0,0.002983107630305099
694.5,347.25,0.0032896124161781452,0.0,99.99999847587972,0.0,0.0037967111723694637
695.0,347.5,0.0032871343458128546,0.0,99.99999847301389,0.0,0.0038020619365556744
695.5,347.75,0.0032846772962473614,0.0,99.9999986330607,0.0,0.0034556323745532145
696.0,348.0,0.0032822239171028064,0.0,99.99999892293032,0.0,0.0026038039361270847
696.5,348.25,0.0032797569615995122,0.0,99.99999850645477,0.0,0.003655255039194911
697.0,348.5,0.0032773109243697477,0.0,99.99999839158438,0.0,0.003753201424049651
697.5,348.75,0.0032747825995686104,0.0,99.99999774422486,0.0,0.004389450606345941
698.0,349.0,0.0032722581727794267,0.0,99.9999977398134,0.0,0.004392935334250182
698.5,349.25,0.0032697376349945764,0.0,99.99999773534076,0.0,0.004396443328617983
699.0,349.5,0.003267220977234172,0.0,99.99999773086205,0.0,0.004399952202893826
699.5,349.75,0.0032646911099949772,0.0,99.99999778420857,0.0,0.004424491095053408
700.0,350.0,0.0032621651575667596,0.0,99.99999778399155,0.0,0.004424100101497819
700.5,350.25,0.003259677166588309,0.0,99.99999853254458,0.0,0.002876519363369821
701.0,350.5,0.0032571759657996522,0.0,99.99999867238898,0.0,0.0028019148738258224
701.5,350.75,0.0032546786004882017,0.0,99.99999867325788,0.0,0.0028000552284635164
702.0,351.0,0.0032522020117788084,0.0,99.99999763458854,0.0,0.004219675259617102
702.5,351.25,0.0032497291892342305,0.0,99.99999763507648,0.0,0.004220045970904783
703.0,351.5,0.003247260124270147,0.0,99.99999763541723,0.0,0.00422059106544594
703.5,351.75,0.003244811681322053,0.0,99.99999781942319,0.0,0.004028817212042525
704.0,352.0,0.003242333232876428,0.0,99.99999827143276,0.0,0.003607323948006742
704.5,352.25,0.003239858567712525,0.0,99.99999826906658,0.0,0.0036086517052338514
705.0,352.5,0.0032373876771743418,0.0,99.99999826633993,0.0,0.003610310928961095
705.5,352.75,0.003234870242304223,0.0,99.99999845676805,0.0,0.0036986383282352725
706.0,353.0,0.0032323567195723345,0.0,99.9999984572443,0.0,0.003697809365406286
706.5,353.25,0.003229847099866458,0.0,99.99999845769774,0.0,0.0036971338074922797
707.0,353.5,0.0032325468331385184,0.0,99.99999834046878,0.0,0.003783532874273121
707.5,353.75,0.003235225716426781,0.0,99.99999914741063,0.0,0.002986721511944141
708.0,354.0,0.003237900477164281,0.0,99.99999914314685,0.0,0.0030021260420533998
708.5,354.25,0.003235444370481601,0.0,99.9999985630403,0.0,0.003635554736727934
709.0,354.5,0.0032329919871299075,0.0,99.99999856305654,0.0,0.003634240168024935
709.5,354.75,0.0032305433186490457,0.0,99.9999985631271,0.0,0.0036328512686984176
710.0,355.0,0.003228098356604473,0.0,99.99999856324527,0.0,0.00363139273317391
710.5,355.25,0.0032256902822864844,0.0,99.9999975929816,0.0,0.004978260088102234
711.0,355.5,0.0032232857980074234,0.0,99.99999759392144,0.0,0.004976236363788912
711.5,355.75,0.0032208848957450413,0.0,99.9999975949353,0.0,0.004974142874914967
712.0,356.0,0.003218454525855431,0.0,99.99999860562998,0.0,0.00333073097534677
712.5,356.25,0.0032160278209488052,0.0,99.99999860751517,0.0,0.0033261619466859135
713.0,356.5,0.0032135718312746656,0.0,99.99999834989565,0.0,0.0039031703299342714
713.5,356.75,0.0032111524810890264,0.0,99.99999749493932,0.0,0.005059635788980323
714.0,357.0,0.003208753192120899,0.0,99.9999972978105,0.0,0.005141443223150536
714.5,357.25,0.003206357485847537,0.0,99.99999729437893,0.0,0.005144492268457785
715.0,357.5,0.0032039653542502364,0.0,99.99999729081306,0.0,0.0051476952399726284
715.5,357.75,0.0032015767893342046,0.0,99.99999728712332,0.0,0.00515105745963233
716.0,358.0,0.0031991917831284728,0.0,99.99999728331743,0.0,0.0051545902154374245
716.5,358.25,0.003196810327685805,0.0,99.99999727938832,0.0,0.005158316748083875
717.0,358.5,0.003199543504620997,0.0,99.99999825244558,0.0,0.004700764760694218
717.5,358.75,0.0032022726462786946,0.0,99.99999824514978,0.0,0.004712034778868725
718.0,359.0,0.0032049814568929995,0.0,99.99999876447362,0.0,0.0035676311139849837
718.5,359.25,0.003207686246600412,0.0,99.99999876125825,0.0,0.0035771093932675047
719.0,359.5,0.0032103870243471284,0.0,99.99999875818155,0.0,0.0035862475779899904
719.5,359.75,0.0032130837990528255,0.0,99.99999875522572,0.0,0.00359508283719077
720.0,360.0,0.0032157928907644863,0.0,99.99999894233187,0.0,0.003335976556473949
720.5,360.25,0.0032184816875994687,0.0,99.99999899738975,0.0,0.0033246534160683823
721.0,360.5,0.003221166507971881,0.0,99.99999899659989,0.0,0.003330115153078081
721.5,360.75,0.0032238473606963913,0.0,99.9999989956894,0.0,0.003335751725504422
722.0,361.0,0.0032265242545616375,0.0,99.99999899457808,0.0,0.003341723708541694
722.5,361.25,0.0032241273884062805,0.0,99.999997288621,0.0,0.004985042978508638
723.0,361.5,0.003221734080694844,0.0,99.999997287894,0.0,0.0049840807641153406
723.5,361.75,0.0032193443235087825,0.0,99.99999728649243,0.0,0.0049837797087924525
724.0,362.0,0.0032169581089530265,0.0,99.99999728439047,0.0,0.004984159204720094
724.5,362.25,0.0032145592325365795,0.0,99.99999825485298,0.0,0.0036150411373145515
725.0,362.5,0.0032121639311247607,0.0,99.99999825494423,0.0,0.0036147602115296266
725.5,362.75,0.0032097883451478364,0.0,99.99999804699125,0.0,0.003589250055170511
726.0,363.0,0.0032074162703479895,0.0,99.99999805082686,0.0,0.0035854691981668904
726.5,363.25,0.003205047698946554,0.0,99.99999805407504,0.0,0.003582255480318405
727.0,363.5,0.003202682623187824,0.0,99.99999805696888,0.0,0.0035793744348249262
727.5,363.75,0.003200337088796814,0.0,99.99999807297051,0.0,0.003486845826350911
728.0,364.0,0.0031980110175990856,0.0,99.99999812868543,0.0,0.0038529518915564635
728.5,364.25,0.003195672318365098,0.0,99.9999980599234,0.0,0.00398539031944199
729.0,364.5,0.0031933849880873724,0.0,99.99999742664443,0.0,0.0043570201251149545
729.5,364.75,0.003191100929820788,0.0,99.99999742695141,0.0,0.004356849614691578
730.0,365.0,0.003188836074832686,0.0,99.99999801758335,0.0,0.004594783544858234
730.5,365.25,0.0031865744324850787,0.0,99.999998194347,0.0,0.004482951724707392
731.0,365.5,0.003184315995947234,0.0,99.99999727740611,0.0,0.004938698102795304
731.5,365.75,0.0031820448877805485,0.0,99.99999833777835,0.0,0.0037914680565633886
732.0,366.0,0.0031797453213386825,0.0,99.99999712925138,0.0,0.005019544575899466
732.5,366.25,0.003177449076149211,0.0,99.99999712777017,0.0,0.005020004267680545
733.0,366.5,0.003175156145022022,0.0,99.99999712686167,0.0,0.005020037123599902
733.5,366.75,0.003172866520787746,0.0,99.99999742312036,0.0,0.005201665021900939
734.0,367.0,0.0031705801962976766,0.0,99.99999735906215,0.0,0.004996997191376021
734.5,367.25,0.003168297164423698,0.0,99.99999735777813,0.0,0.004996619925082483
735.0,367.5,0.0031660174180582093,0.0,99.99999735645436,0.0,0.004996272864577795
735.5,367.75,0.0031637409501140534,0.0,99.99999735504569,0.0,0.004996007415249449
736.0,368.0,0.0031614990857420353,0.0,99.99999722302147,0.0,0.005311786244288717
736.5,368.25,0.003159260396343577,0.0,99.99999722358044,0.0,0.005310920707068025
737.0,368.5,0.003161973190030135,0.0,99.99999722427017,0.0,0.005309884021085602
737.5,368.75,0.0031646195533930653,0.0,99.99999822466027,0.0,0.004535453082367686
738.0,369.0,0.0031672620724072674,0.0,99.9999982360709,0.0,0.004519538819740467
738.5,369.25,0.003169900755443638,0.0,99.9999982449716,0.0,0.0045058302601159225
739.0,369.5,0.0031725043048367123,0.0,99.99999838329032,0.0,0.00411785773997289
739.5,369.75,0.0031751040290295225,0.0,99.99999838906083,0.0,0.004105473128881896
740.0,370.0,0.0031776999364460014,0.0,99.99999839426945,0.0,0.004093763644588467
740.5,370.25,0.003185230769230769,0.0,99.99999777888712,0.0,0.0047740430801497145
741.0,370.5,0.0031927663426344994,0.0,99.999997565644,0.0,0.004665605557113497
741.5,370.75,0.0032002752924982793,0.0,99.99999846502678,0.0,0.004138211403823317
742.0,371.0,0.003207741808714447,0.0,99.99999742761503,0.0,0.004652165003857384
742.5,371.25,0.003215197329668172,0.0,99.99999743408719,0.0,0.004641728767598568
743.0,371.5,0.0032226418796291755,0.0,99.99999744039464,0.0,0.004631368404837503
743.5,371.75,0.0032300754827958044,0.0,99.99999744652864,0.0,0.004621099273500684
744.0,372.0,0.003237498163295293,0.0,99.99999745252745,0.0,0.004610884294599329
744.5,372.25,0.003244909945184025,0.0,99.99999745846083,0.0,0.004600657916402197
745.0,372.5,0.003257169685824954,0.0,99.99999802688315,0.0,0.003885776701571163
745.5,372.75,0.0032693952351863166,0.0,99.99999822423999,0.0,0.003691150185249091
746.0,373.0,0.003281602515895262,0.0,99.9999982233076,0.0,0.003692088442296843
746.5,373.25,0.003288927926609086,0.0,99.99999716086786,0.0,0.0056437006234905775
747.0,373.5,0.0033011185769594603,0.0,99.99999802707453,0.0,0.004410184940018309
747.5,373.75,0.00330841868306421,0.0,99.9999980261764,0.0,0.004411643662124164
748.0,374.0,0.0033157079839911193,0.0,99.99999802530766,0.0,0.0044130898771292774
748.5,374.25,0.0033230026710519274,0.0,99.99999807079233,0.0,0.0043623272604743375
749.0,374.5,0.003330286647738322,0.0,99.99999839416523,0.0,0.003412815234226025
749.5,374.75,0.0033375923667756527,0.0,99.99999870691826,0.0,0.0030473678310601006
750.0,375.0,0.003349742215490373,0.0,99.99999870501445,0.0,0.0030493670504521293
750.5,375.25,0.0033618744997210566,0.0,99.99999870321153,0.0,0.0030512666214956062
751.0,375.5,0.003373989257528456,0.0,99.99999870151439,0.0,0.00305306053578409
751.5,375.75,0.003386037319072255,0.0,99.9999976600787,0.0,0.0037103271060422004
752.0,376.0,0.003393243524519936,0.0,99.9999975625765,0.0,0.0038089020694712485
752.5,376.25,0.00340048854814134,0.0,99.99999865213027,0.0,0.003957429871686825
753.0,376.5,0.0034077232058699843,0.0,99.99999864792409,0.0,0.003964290271857806
753.5,376.75,0.003414964014877071,0.0,99.99999846872102,0.0,0.004239595611821766
754.0,377.0,0.0034221945486226754,0.0,99.99999846313247,0.0,0.0042480623394719665
754.5,377.25,0.0034294148289633615,0.0,99.99999845712722,0.0,0.004257191032361411
755.0,377.5,0.00343662487769375,0.0,99.9999984506555,0.0,0.004267062998737699
755.5,377.75,0.003443824716546735,0.0,99.99999844379046,0.0,0.0042775542936188725
756.0,378.0,0.0034510143671937043,0.0,99.9999984367059,0.0,0.0042883733418926494
756.5,378.25,0.0034581938512447574,0.0,99.9999984296355,0.0,0.00429914011494581
757.0,378.5,0.0034653798460044793,0.0,99.999998482194,0.0,0.004027943771431813
757.5,378.75,0.0034725724413192894,0.0,99.99999849735343,0.0,0.004064818713049021
758.0,379.0,0.003479738323678059,0.0,99.99999832472312,0.0,0.0043197433547320285
758.5,379.25,0.003486894170123984,0.0,99.99999831750674,0.0,0.0043300769409422984
759.0,379.5,0.0034940734953675967,0.0,99.99999825405268,0.0,0.003878110118336844
759.5,379.75,0.003501242917287327,0.0,99.99999825149268,0.0,0.0038813894299710053
760.0,380.0,0.0035084024563603556,0.0,99.9999982498503,0.0,0.0038846928560680705
760.5,380.25,0.0035155185031065703,0.0,99.99999902287166,0.0,0.0028081310357537786
761.0,380.5,0.003522590944503659,0.0,99.9999982363404,0.0,0.004214434436127231
761.5,380.75,0.0035248771308073307,0.0,99.99999881727379,0.0,0.002840933378502155
762.0,381.0,0.003522387204856885,0.0,99.99999881853374,0.0,0.0028394668229850145
762.5,381.25,0.0035199007941239596,0.0,99.999998818283,0.0,0.0028379649513907124
763.0,381.5,0.0035174178911697557,0.0,99.99999881993743,0.0,0.002836435916368097
763.5,381.75,0.0035149384885764497,0.0,99.99999731208663,0.0,0.0051570194148615744
764.0,382.0,0.0035123957108793838,0.0,99.99999846708928,0.0,0.002846002583057848
764.5,382.25,0.0035098566095165622,0.0,99.99999801578791,0.0,0.004484290257022968
765.0,382.5,0.0035073378450307963,0.0,99.99999821099381,0.0,0.004251996792706255
765.5,382.75,0.003504822693014575,0.0,99.99999820937695,0.0,0.004254278502392922
766.0,383.0,0.003502277904328018,0.0,99.99999761565684,0.0,0.005076834791620704
766.5,383.25,0.0034997368084107496,0.0,99.99999762483178,0.0,0.0050652172283665725
767.0,383.5,0.003497199397230673,0.0,99.99999763809865,0.0,0.0050486157224289415
767.5,383.75,0.003494682211215183,0.0,99.99999747636996,0.0,0.004948756840029848
768.0,384.0,0.0034922016959418535,0.0,99.99999756552313,0.0,0.004571545969862975
768.5,384.25,0.0034897577030017593,0.0,99.99999830139757,0.0,0.0032842634092511086
769.0,384.5,0.0034873336074056223,0.0,99.99999842842617,0.0,0.0037892372648873148
769.5,384.75,0.0034848964211341496,0.0,99.99999763019227,0.0,0.004377991280162413
770.0,385.0,0.0034824626390271753,0.0,99.99999763062512,0.0,0.004376875612530985
770.5,385.25,0.0034799994341464333,0.0,99.99999816098682,0.0,0.0035511187044104504
771.0,385.5,0.003477523324851569,0.0,99.99999786027648,0.0,0.003754670142930289
771.5,385.75,0.0034750507366825036,0.0,99.9999978539746,0.0,0.0037622302787987927
772.0,386.0,0.0034725980020797946,0.0,99.99999837829674,0.0,0.0036947860247189966
772.5,386.25,0.0034701160937213467,0.0,99.99999852658371,0.0,0.00354519801546232
773.0,386.5,0.003467637730529778,0.0,99.99999852532169,0.0,0.003546816095241758
773.5,386.75,0.003465179175118323,0.0,99.99999713936981,0.0,0.005360767794300855
774.0,387.0,0.0034627403507784126,0.0,99.99999857660525,0.0,0.00356829759371372
774.5,387.25,0.0034603049569571823,0.0,99.9999972781007,0.0,0.005223502558368221
775.0,387.5,0.0034672276703509863,0.0,99.99999849459253,0.0,0.003657443972068216
775.5,387.75,0.0034741405950051035,0.0,99.99999849385358,0.0,0.0036583992967912787
776.0,388.0,0.003481060038927983,0.0,99.99999865028794,0.0,0.0034321532274289687
776.5,388.25,0.0034879534690175286,0.0,99.99999809766197,0.0,0.004525165400411112
777.0,388.5,0.0034948371723590153,0.0,99.99999810129721,0.0,0.0045190306609702744
777.5,388.75,0.003501711169524841,0.0,99.99999810444766,0.0,0.004513534002359675
778.0,389.0,0.0035039588669755375,0.0,99.9999988204253,0.0,0.0024553984895814888
778.5,389.25,0.00350623615806038,0.0,99.99999733167772,0.0,0.004552692851977416
779.0,389.5,0.0035085103508044413,0.0,99.99999733045559,0.0,0.0045539552880958485
779.5,389.75,0.0035107977985342187,0.0,99.99999740809211,0.0,0.004452963408147346
780.0,390.0,0.003513065812983919,0.0,99.9999973245322,0.0,0.004863961706379992
780.5,390.25,0.003515330747984265,0.0,99.99999732138791,0.0,0.004866407230004892
781.0,390.5,0.003517592609802792,0.0,99.99999731798268,0.0,0.004869194350026582
781.5,390.75,0.0035198514046900393,0.0,99.99999731445848,0.0,0.0048721730326302054
782.0,391.0,0.003522107138879608,0.0,99.99999731082103,0.0,0.004875335546280483
782.5,391.25,0.003524359818588216,0.0,99.99999730715504,0.0,0.0048785911363215875
783.0,391.5,0.003526609450015756,0.0,99.99999730350075,0.0,0.004881883910149034
783.5,391.75,0.003528839697131081,0.0,99.99999851979703,0.0,0.003495290369566929
784.0,392.0,0.0035310832511882117,0.0,99.99999872969327,0.0,0.003791756790599943
784.5,392.25,0.003533323775476698,0.0,99.99999872234378,0.0,0.0038107462064554194
785.0,392.5,0.0035355612761296465,0.0,99.99999871513938,0.0,0.003829239725986037
785.5,392.75,0.003537746741670592,0.0,99.99999801040693,0.0,0.004376337247440913
786.0,393.0,0.0035399128636833554,0.0,99.99999786081734,0.0,0.004511271208124237
786.5,393.25,0.0035420759885989427,0.0,99.9999978623472,0.0,0.004509130720739054
787.0,393.5,0.0035442524577017206,0.0,99.9999977909655,0.0,0.004544619027037357
787.5,393.75,0.0035464259395725866,0.0,99.99999778978122,0.0,0.004545274103592669
788.0,394.0,0.003548629106122881,0.0,99.999998501957,0.0,0.0036648691904452193
788.5,394.25,0.0035508292934217666,0.0,99.99999850101457,0.0,0.0036660681962312016
789.0,394.5,0.0035530101764094835,0.0,99.99999771594234,0.0,0.00448488284313505
789.5,394.75,0.0035551717644032687,0.0,99.99999743933236,0.0,0.005032730967591377
790.0,395.0,0.003557330395666942,0.0,99.9999974443239,0.0,0.005027679771065974
790.5,395.25,0.0035548991096697844,0.0,99.9999974492726,0.0,0.005022798670118886
791.0,395.5,0.0035524711447666372,0.0,99.999998306906,0.0,0.003182013329194545
791.5,395.75,0.0035500464941573104,0.0,99.99999832002682,0.0,0.003169837077757224
792.0,396.0,0.003547625151060168,0.0,99.99999833342592,0.0,0.003157529544194213
792.5,396.25,0.0035452071087120605,0.0,99.99999834676133,0.0,0.0031453617749726474
793.0,396.5,0.003542808555768378,0.0,99.99999843480107,0.0,0.003034766797240391
793.5,396.75,0.0035404132461706434,0.0,99.99999843883303,0.0,0.003030604906298795
794.0,397.0,0.0035380211733447766,0.0,99.99999844156216,0.0,0.003027524717272731
794.5,397.25,0.0035356323307344536,0.0,99.99999844305253,0.0,0.003025464596798063
795.0,397.5,0.003533262820045226,0.0,99.9999987986628,0.0,0.0026995889782525993
795.5,397.75,0.0035308803965520383,0.0,99.99999862801712,0.0,0.003240741552260408
796.0,398.0,0.0035285172487581895,0.0,99.9999987556508,0.0,0.003072363875294821
796.5,398.25,0.0035261412185434078,0.0,99.99999875418094,0.0,0.003051238926370511
797.0,398.5,0.003523768386114079,0.0,99.99999875480141,0.0,0.0030502129975930685
797.5,398.75,0.0035214307459526264,0.0,99.99999779784412,0.0,0.005361963981049943
798.0,399.0,0.00351911218475566,0.0,99.99999748164697,0.0,0.004706050953416459
798.5,399.25,0.0035167647579331406,0.0,99.99999745924603,0.0,0.0056128138259912315
799.0,399.5,0.0035144045238321973,0.0,99.9999983200501,0.0,0.004418505273631839
799.5,399.75,0.003512079286889295,0.0,99.99999847692051,0.0,0.004301524909397904
800.0,400.0,0.0035097730195822693,0.0,99.99999746239584,0.0,0.005709890309255721
800.5,400.25,0.0035074856532522312,0.0,99.99999825757797,0.0,0.0046086949119463535
801.0,400.5,0.0035052012663952963,0.0,99.99999825826646,0.0,0.004608802131377076
801.5,400.75,0.003502919853193759,0.0,99.99999825896735,0.0,0.004608868024439351
802.0,401.0,0.003500657220161979,0.0,99.99999831700194,0.0,0.004478834639020398
802.5,401.25,0.00349838171632864,0.0,99.99999833025956,0.0,0.0033508327591430164
803.0,401.5,0.0034961249402275414,0.0,99.99999844080935,0.0,0.0032011198318739036
803.5,401.75,0.003493871073903263,0.0,99.99999844122773,0.0,0.0032013678836493634
804.0,402.0,0.0034916201117318434,0.0,99.99999844164421,0.0,0.003201611950294622
804.5,402.25,0.0034893249169315552,0.0,99.9999985466924,0.0,0.0032776152494597578
805.0,402.5,0.003487001358805691,0.0,99.9999986248048,0.0,0.0028952854044922835
805.5,402.75,0.0034846808931574356,0.0,99.9999986255827,0.0,0.002894689686003214
806.0,403.0,0.003482379161443098,0.0,99.9999980171189,0.0,0.00366881710888119
806.5,403.25,0.0034801117228124693,0.0,99.99999692548198,0.0,0.004425997590828179
807.0,403.5,0.003477831628073954,0.0,99.99999874195483,0.0,0.0026283838455261072
807.5,403.75,0.0034755389327628967,0.0,99.9999974605689,0.0,0.0040652784065382044
808.0,404.0,0.003473218127061523,0.0,99.99999738709671,0.0,0.0042853551371534095
808.5,404.25,0.0034708848741076465,0.0,99.99999871452064,0.0,0.002778936317818656
809.0,404.5,0.0034685547539340124,0.0,99.99999862401792,0.0,0.002867541518171407
809.5,404.75,0.003466227760235435,0.0,99.9999986055835,0.0,0.002886273502857203
810.0,405.0,0.0034639038867236385,0.0,99.99999859881777,0.0,0.0028934772639917852
810.5,405.25,0.003461583127127199,0.0,99.99999859525647,0.0,0.002897523059455998
811.0,405.5,0.0034592654751914873,0.0,99.99999859286149,0.0,0.00290043225297311
811.5,405.75,0.0034569355047348867,0.0,99.99999815056678,0.0,0.0035119424891458064
812.0,406.0,0.003454608670844886,0.0,99.99999815136438,0.0,0.0035116664581045197
812.5,406.25,0.0034522695888458284,0.0,99.9999984262594,0.0,0.0031611927848706665
813.0,406.5,0.0034499336722429467,0.0,99.99999842708733,0.0,0.0031603396787778823
813.5,406.75,0.0034475855779710404,0.0,99.99999851820716,0.0,0.0031037817223311557
814.0,407.0,0.0034452406778455466,0.0,99.99999851753303,0.0,0.003104961346318425
814.5,407.25,0.0034428989653533305,0.0,99.99999851675929,0.0,0.003106247971145032
815.0,407.5,0.0034405604339989523,0.0,99.9999985158809,0.0,0.003107650159618599
815.5,407.75,0.003438225077304609,0.0,99.99999851490303,0.0,0.0031091559816280832
816.0,408.0,0.0034358928888100727,0.0,99.99999851382547,0.0,0.0031107609484411418
816.5,408.25,0.0034335942864991073,0.0,99.99999892284175,0.0,0.002365439075590209
817.0,408.5,0.003431298757648476,0.0,99.99999892163358,0.0,0.002367427465482928
817.5,408.75,0.0034289759529234787,0.0,99.99999851004934,0.0,0.0031160824147687784
818.0,409.0,0.003426656290898801,0.0,99.99999850864053,0.0,0.0031179941302938792
818.5,409.25,0.0034243397652007545,0.0,99.99999850716695,0.0,0.0031199713550057497
819.0,409.5,0.0034220565897771027,0.0,99.99999693630977,0.0,0.005197959662159599
819.5,409.75,0.003419776456935086,0.0,99.99999693055287,0.0,0.005204488688017491
820.0,410.0,0.003417499360596894,0.0,99.9999980032276,0.0,0.004495771610866213
820.5,410.25,0.003415240344785038,0.0,99.99999782629308,0.0,0.004500260005601288
821.0,410.5,0.003417388164210786,0.0,99.99999864125536,0.0,0.003497130457685215
821.5,410.75,0.0034195331479069113,0.0,99.99999863941169,0.0,0.003499582642188215
822.0,411.0,0.003421705399081681,0.0,99.99999766789087,0.0,0.00526858468018307
822.5,411.25,0.0034238597755811553,0.0,99.99999842023406,0.0,0.0038316111853989874
823.0,411.5,0.003426026380403129,0.0,99.99999780334275,0.0,0.0053890113796548796
823.5,411.75,0.003428190170180452,0.0,99.99999780496958,0.0,0.005387870275089785
824.0,412.0,0.003430351150395894,0.0,99.99999817020243,0.0,0.004832720872314204
824.5,412.25,0.003432509326517998,0.0,99.99999817426915,0.0,0.0048281778212171216
825.0,412.5,0.0034346647040011213,0.0,99.99999817880098,0.0,0.004823060493187814
825.5,412.75,0.0034368473820854876,0.0,99.99999776295547,0.0,0.004960396355817805
826.0,413.0,0.0034434176905036927,0.0,99.9999979569903,0.0,0.004778701342853249
826.5,413.25,0.003449964582112655,0.0,99.99999749980599,0.0,0.00524829280876551
827.0,413.5,0.0034564729119145625,0.0,99.9999984031435,0.0,0.0041607441028224616
827.5,413.75,0.0034629728289824187,0.0,99.99999840346885,0.0,0.0041605494726706235
828.0,414.0,0.003469464349617268,0.0,99.99999840378855,0.0,0.004160345402195996
828.5,414.25,0.0034759171711180505,0.0,99.99999733445439,0.0,0.005277349712552519
829.0,414.5,0.003482361555425772,0.0,99.99999733567118,0.0,0.005276883557688187
829.5,414.75,0.0034931682862133096,0.0,99.99999776802304,0.0,0.004857742756087212
830.0,415.0,0.0035039609993906154,0.0,99.99999776720801,0.0,0.004858763300216027
830.5,415.25,0.003514739722213764,0.0,99.99999815311958,0.0,0.004332811889385049
831.0,415.5,0.0035255198076831118,0.0,99.99999845430727,0.0,0.0038892668992138797
831.5,415.75,0.0035363013936676744,0.0,99.99999742577613,0.0,0.005119779134677487
832.0,416.0,0.0035470692177778937,0.0,99.99999742093011,0.0,0.005123719812340291
832.5,416.25,0.003557823306345942,0.0,99.9999974160831,0.0,0.005127642461672097
833.0,416.5,0.003568563685636856,0.0,99.99999741126115,0.0,0.005131539696244125
833.5,416.75,0.003579352423212924,0.0,99.99999848233955,0.0,0.004001873057199766
834.0,417.0,0.003585781596452328,0.0,99.99999730249644,0.0,0.006032274581725879
834.5,417.25,0.003583546845786303,0.0,99.99999820495033,0.0,0.005016744819943145
835.0,417.5,0.0035856401384083045,0.0,99.99999820238196,0.0,0.005020427639658148
835.5,417.75,0.0035877308250916386,0.0,99.99999820002353,0.0,0.005023848924865348
836.0,418.0,0.0035898034031854645,0.0,99.99999778890678,0.0,0.005521633413593757
836.5,418.25,0.003591842373378922,0.0,99.9999976346854,0.0,0.006050874085343268
837.0,418.5,0.0035938787572859098,0.0,99.99999762923707,0.0,0.00605774120116645
837.5,418.75,0.003595912559824085,0.0,99.99999762237023,0.0,0.006066227907929463
838.0,419.0,0.003597943785898646,0.0,99.9999976138384,0.0,0.006076610633838278
838.5,419.25,0.0035999724404023703,0.0,99.99999760364989,0.0,0.0060888810927545315
839.0,419.5,0.003601998528215655,0.0,99.99999759222023,0.0,0.006102565876653503
839.5,419.75,0.003604022054206556,0.0,99.99999758029315,0.0,0.006116815016567851
840.0,420.0,0.0036060740212238303,0.0,99.99999814431148,0.0,0.0045160944821518645
840.5,420.25,0.003608123432184461,0.0,99.99999814537333,0.0,0.004514305847713231
841.0,420.5,0.0036101857893471615,0.0,99.9999980485103,0.0,0.004538735024268594
841.5,420.75,0.0036122455983800665,0.0,99.99999804923172,0.0,0.00453757283035699
842.0,421.0,0.003614302864002744,0.0,99.99999804975347,0.0,0.004536653349420855
842.5,421.25,0.003616357590923114,0.0,99.99999707451771,0.0,0.005295200305578647
843.0,421.5,0.00361842527844746,0.0,99.99999850425988,0.0,0.003602495141183135
843.5,421.75,0.0036204594474305864,0.0,99.9999978107713,0.0,0.0034109371385800504
844.0,422.0,0.003622491093461981,0.0,99.999999104932,0.0,0.0021907538340645762
844.5,422.25,0.003624489237660495,0.0,99.9999982097865,0.0,0.003014121069789937
845.0,422.5,0.003626484872560452,0.0,99.99999799354185,0.0,0.0036901780500298766
845.5,422.75,0.00362844702467344,0.0,99.99999741523581,0.0,0.005545261012962279
846.0,423.0,0.0036304066823372822,0.0,99.99999741546937,0.0,0.005544725454620098
846.5,423.25,0.0036323638503056813,0.0,99.9999974158255,0.0,0.005544054888167054
847.0,423.5,0.0036343185333202674,0.0,99.99999741626473,0.0,0.005543294962979019
847.5,423.75,0.003636270736110638,0.0,99.99999741675039,0.0,0.005542488229884383
848.0,424.0,0.0036339343083397514,0.0,99.99999860639119,0.0,0.003748789177643941
848.5,424.25,0.0036316317678477266,0.0,99.99999834117911,0.0,0.0041149925508460385
849.0,424.5,0.003629316719505665,0.0,99.99999825238442,0.0,0.004268596845809364
849.5,424.75,0.0036270200250578667,0.0,99.99999815851021,0.0,0.004396790165764676
850.0,425.0,0.0036247108507883956,0.0,99.99999751424795,0.0,0.00482533586506036
850.5,425.25,0.0036224046149604464,0.0,99.99999752048677,0.0,0.00481832234574734
851.0,425.5,0.003624355670103093,0.0,99.99999857419117,0.0,0.003885829744924007
851.5,425.75,0.003626288899997458,0.0,99.99999830821459,0.0,0.00449330813205608
852.0,426.0,0.0036282196745186365,0.0,99.99999830781607,0.0,0.004493878365642564
852.5,426.25,0.003630147998341471,0.0,99.9999976181621,0.0,0.0049565000941131756
853.0,426.5,0.003632089233540378,0.0,99.99999779011735,0.0,0.004831506875335791
853.5,426.75,0.0036340280242719266,0.0,99.99999778886445,0.0,0.004832899807727116
854.0,427.0,0.00363597972972973,0.0,99.99999799904037,0.0,0.004435623674590892
854.5,427.25,0.0036379136438642913,0.0,99.99999868764739,0.0,0.003480757099873571
855.0,427.5,0.0036440781621024307,0.0,99.99999824349509,0.0,0.004166257223886317
855.5,427.75,0.003646019937195726,0.0,99.99999773791984,0.0,0.004576023663724571
856.0,428.0,0.0036479746579497203,0.0,99.99999817439986,0.0,0.004205169487847453
856.5,428.25,0.0036499269593624627,0.0,99.99999817437727,0.0,0.004205155384196585
857.0,428.5,0.0036518922102783094,0.0,99.99999793200061,0.0,0.004283159660358007
857.5,428.75,0.0036538396851559084,0.0,99.99999838081325,0.0,0.0038769019595124334
858.0,429.0,0.00365578475411696,0.0,99.99999838080105,0.0,0.003876764112600766
858.5,429.25,0.003657727421617127,0.0,99.99999838078567,0.0,0.0038766427315659983
859.0,429.5,0.0036596676921010775,0.0,99.99999838074363,0.0,0.0038765448903974762
859.5,429.75,0.003661620927862293,0.0,99.9999980910915,0.0,0.0043233087695305344
860.0,430.0,0.003663587129659127,0.0,99.99999737369501,0.0,0.005099751106426835
860.5,430.25,0.0036655509427797025,0.0,99.99999873549966,0.0,0.0028784978093057156
861.0,430.5,0.003667512371574267,0.0,99.999998734863,0.0,0.0028795906319385683
861.5,430.75,0.0036694867739478993,0.0,99.99999839214946,0.0,0.0033425058199685127
862.0,431.0,0.003671428093533603,0.0,99.999998773144,0.0,0.002809106941787348
862.5,431.25,0.0036816327895159134,0.0,99.99999818664878,0.0,0.004386968983904641
863.0,431.5,0.0036918245297517622,0.0,99.99999908170669,0.0,0.0028743345304020817
863.5,431.75,0.0037019878881974617,0.0,99.99999879417312,0.0,0.0034670937890688893
864.0,432.0,0.003712138275065275,0.0,99.9999981326957,0.0,0.004554589497070094
864.5,432.25,0.0037222757151729627,0.0,99.99999813273496,0.0,0.004554523811475878
865.0,432.5,0.003724131036091579,0.0,99.99999848657865,0.0,0.0035404302723400574
865.5,432.75,0.0037301316370115653,0.0,99.99999752645185,0.0,0.00575466849388474
866.0,433.0,0.0037361092042253814,0.0,99.9999986807533,0.0,0.0031123970245261427
866.5,433.25,0.0037420948246828577,0.0,99.9999985966181,0.0,0.003232049356875136
867.0,433.5,0.003748088557941626,0.0,99.99999769175274,0.0,0.003823183098258545
867.5,433.75,0.003762286606508839,0.0,99.99999762933895,0.0,0.004912056971320653
868.0,434.0,0.003776466389449134,0.0,99.99999762861526,0.0,0.00491294071674114
868.5,434.25,0.0037906436629064366,0.0,99.99999841551464,0.0,0.004628781187656098
869.0,434.5,0.0038048186079669088,0.0,99.99999791037119,0.0,0.005708308062408768
869.5,434.75,0.0038149283406511475,0.0,99.99999813550102,0.0,0.005759016241041838
870.0,435.0,0.0038250257692482833,0.0,99.99999812938864,0.0,0.005768783473947471
870.5,435.25,0.003835095049955526,0.0,99.99999779647959,0.0,0.0052102578108521
871.0,435.5,0.003845167905665214,0.0,99.99999740888865,0.0,0.0043025471585975625
871.5,435.75,0.0038552125945208876,0.0,99.99999744200228,0.0,0.004244332046485189
872.0,436.0,0.0038652450053271005,0.0,99.9999974399106,0.0,0.004245640184946425
872.5,436.25,0.0038752491673785736,0.0,99.99999839433794,0.0,0.0037710786394680625
873.0,436.5,0.003889397576447491,0.0,99.99999848915097,0.0,0.0046813695718198765
873.5,436.75,0.003903528839534874,0.0,99.99999848593583,0.0,0.004686948599550521
874.0,437.0,0.003917642987789806,0.0,99.99999848268243,0.0,0.004692551080308153
874.5,437.25,0.003931740052285967,0.0,99.99999789310908,0.0,0.005738675071048191
875.0,437.5,0.003941705548835181,0.0,99.9999978893839,0.0,0.005743830580823566
875.5,437.75,0.00394757943475597,0.0,99.99999799168901,0.0,0.005638715820330464
876.0,438.0,0.003953430073191881,0.0,99.99999782519579,0.0,0.00482691977450388
876.5,438.25,0.003959273695061997,0.0,99.99999810918384,0.0,0.0046100623381944445
877.0,438.5,0.003965110312981016,0.0,99.99999809895667,0.0,0.0046243464333338155
877.5,438.75,0.003970939939533414,0.0,99.99999808884304,0.0,0.0046384536942478205
878.0,439.0,0.003972646545150419,0.0,99.99999800880056,0.0,0.004914638121009972
878.5,439.25,0.003974351094995185,0.0,99.99999800383584,0.0,0.004918880690529645
879.0,439.5,0.003976053592780043,0.0,99.99999799903935,0.0,0.004922927145524902
879.5,439.75,0.0039777540422083904,0.0,99.99999799433769,0.0,0.004926821929223592
880.0,440.0,0.003979452446974716,0.0,99.99999798966832,0.0,0.004930606629880906
880.5,440.25,0.003981165083465494,0.0,99.999997956343,0.0,0.005142975935325417
881.0,440.5,0.003982908217454534,0.0,99.99999785364005,0.0,0.005161022980060931
881.5,440.75,0.0039805341672722525,0.0,99.99999880769467,0.0,0.0033216935540421005
882.0,441.0,0.00397817917719014,0.0,99.99999755167958,0.0,0.00482017403532228
882.5,441.25,0.003975826972010178,0.0,99.99999755170252,0.0,0.004819889905075788
883.0,441.5,0.0039734775467953395,0.0,99.99999755185739,0.0,0.004819448984043137
883.5,441.75,0.003971130896620262,0.0,99.99999755214087,0.0,0.004818840064119023
884.0,442.0,0.003968787016571212,0.0,99.99999755255561,0.0,0.0048180470734988205
884.5,442.25,0.00396644590174605,0.0,99.99999755310755,0.0,0.00481705524132423
885.0,442.5,0.003968173298584712,0.0,99.99999865513222,0.0,0.0034353760270372504
885.5,442.75,0.003969898659905243,0.0,99.99999848764907,0.0,0.0035477931582381587
886.0,443.0,0.003971621989303423,0.0,99.99999802904559,0.0,0.003712350725504935
886.5,443.25,0.00397334329036657,0.0,99.99999751428619,0.0,0.004231191783099554
887.0,443.5,0.003975062566673562,0.0,99.99999751221674,0.0,0.0042339579001249945
887.5,443.75,0.003976795942938451,0.0,99.99999848614983,0.0,0.0036228367847587735
888.0,444.0,0.00397852729666768,0.0,99.99999849106544,0.0,0.003620597474539111
888.5,444.25,0.003980240515042313,0.0,99.99999808108954,0.0,0.004334904312406043
889.0,444.5,0.003981951722882059,0.0,99.99999808102571,0.0,0.004336676163139646
889.5,444.75,0.003983660923724015,0.0,99.99999808090966,0.0,0.004338381130550672
890.0,445.0,0.003985384229842686,0.0,99.99999896386899,0.0,0.002597523232654548
890.5,445.25,0.003987105531048524,0.0,99.99999895961028,0.0,0.0026037458590425955
891.0,445.5,0.003988840934874501,0.0,99.9999984907346,0.0,0.0031110311099930045
891.5,445.75,0.0039905743360475155,0.0,99.99999842384537,0.0,0.003181001693652181
892.0,446.0,0.003992321837597187,0.0,99.9999983137486,0.0,0.00330962731907174
892.5,446.25,0.0039900691611987945,0.0,99.999997808683,0.0,0.004641054955985413
893.0,446.5,0.003987835088920666,0.0,99.99999734154163,0.0,0.004718091299067479
893.5,446.75,0.003985603516993164,0.0,99.99999735538435,0.0,0.004704201389056216
894.0,447.0,0.003983374441221085,0.0,99.99999736952799,0.0,0.004690034414013207
894.5,447.25,0.0039811478574186075,0.0,99.99999867150424,0.0,0.0028374489705957403
895.0,447.5,0.003978907769721717,0.0,99.99999808698709,0.0,0.004123938115160476
895.5,447.75,0.003980655060774279,0.0,99.99999795875932,0.0,0.0046368145277684274
896.0,448.0,0.003982400359700678,0.0,99.99999795055552,0.0,0.0046484088409625484
896.5,448.25,0.003988155899180703,0.0,99.99999741684583,0.0,0.005252151663595812
897.0,448.5,0.003997930860256878,0.0,99.9999971077283,0.0,0.005041636269382467
897.5,448.75,0.0040076947739660146,0.0,99.9999987231127,0.0,0.003233097189867911
898.0,449.0,0.004017447659025639,0.0,99.9999987168811,0.0,0.003241534257925083
898.5,449.25,0.004027189534111016,0.0,99.99999871076122,0.0,0.0032498529245768475
899.0,449.5,0.0040369365692840735,0.0,99.99999865925369,0.0,0.002953390922406961
899.5,449.75,0.004046672691357235,0.0,99.99999865201204,0.0,0.002961923274926105
900.0,450.0,0.004052401467496863,0.0,99.99999736338872,0.0,0.0052995102130419065
900.5,450.25,0.004054113427303555,0.0,99.99999711941695,0.0,0.005888789328971619
901.0,450.5,0.004055823459904832,0.0,99.99999712528307,0.0,0.005881856579006344
901.5,450.75,0.004057515380257415,0.0,99.99999877946102,0.0,0.003848656192092316
902.0,451.0,0.004059189198888308,0.0,99.99999772614278,0.0,0.005122676600848423
902.5,451.25,0.00406086110978273,0.0,99.99999772553373,0.0,0.005123041432003054
903.0,451.5,0.004062547296812892,0.0,99.99999786364903,0.0,0.00473645455410482
903.5,451.75,0.004064247755906295,0.0,99.99999716484788,0.0,0.004717842676651266
904.0,452.0,0.004065930131247588,0.0,99.99999765984899,0.0,0.005105251623515199
904.5,452.25,0.004071586765752548,0.0,99.99999730419218,0.0,0.005337069891204318
905.0,452.5,0.004077237016225496,0.0,99.99999818258026,0.0,0.003955554039983579
905.5,452.75,0.004082848461981452,0.0,99.99999861616834,0.0,0.004069266040214755
906.0,453.0,0.004088469721507732,0.0,99.99999859082004,0.0,0.004098221078326175
906.5,453.25,0.0040940683614205465,0.0,99.99999831310527,0.0,0.004888737536378649
907.0,453.5,0.004099660608367431,0.0,99.99999831044988,0.0,0.004892190882296609
907.5,453.75,0.004105246473292122,0.0,99.99999830915249,0.0,0.004893490889475786
908.0,454.0,0.004110809686936892,0.0,99.99999782247285,0.0,0.0053320449204674525
908.5,454.25,0.004116382807768881,0.0,99.99999847988974,0.0,0.004521604799016324
909.0,454.5,0.00412194957930006,0.0,99.99999846352165,0.0,0.004542378195033058
909.5,454.75,0.004123540156085681,0.0,99.99999766902687,0.0,0.0055848945419063045
910.0,455.0,0.004125128910278446,0.0,99.999997670009,0.0,0.0055836575365821525
910.5,455.25,0.004126715845009241,0.0,99.99999857837022,0.0,0.004377265316247688
911.0,455.5,0.004128333550406321,0.0,99.99999874344917,0.0,0.0038205038562812094
911.5,455.75,0.004129949430800666,0.0,99.99999874450594,0.0,0.003818650168713342
912.0,456.0,0.004131530913549292,0.0,99.9999985816489,0.0,0.004374477182003019
912.5,456.25,0.004133110589273612,0.0,99.99999858486979,0.0,0.004368411185434286
913.0,456.5,0.004134688461068955,0.0,99.99999858954617,0.0,0.004358869683497836
913.5,456.75,0.004136264532023582,0.0,99.99999836544553,0.0,0.004049603953085741
914.0,457.0,0.004141772112067779,0.0,99.99999875057186,0.0,0.003378888683483749
914.5,457.25,0.004147273413422228,0.0,99.99999848173402,0.0,0.004176613821614279
915.0,457.5,0.004152752131379405,0.0,99.99999870895947,0.0,0.003380360617112863
915.5,457.75,0.004158224567686001,0.0,99.99999870973085,0.0,0.00337974112840322
916.0,458.0,0.004163690733139211,0.0,99.99999880705094,0.0,0.0030335513877822753
916.5,458.25,0.0041691506385115,0.0,99.9999975856619,0.0,0.004584483663904922
917.0,458.5,0.004170733523838643,0.0,99.99999794913201,0.0,0.004964253403482771
917.5,458.75,0.004168396969293331,0.0,99.99999795019247,0.0,0.004961983450540644
918.0,459.0,0.004166095655748938,0.0,99.99999861178655,0.0,0.004083470860051148
918.5,459.25,0.004163780587547009,0.0,99.99999840601575,0.0,0.004314722359401214
919.0,459.5,0.00416145181476846,0.0,99.9999983087687,0.0,0.004601206051647105
919.5,459.75,0.004159076872561819,0.0,99.99999819799463,0.0,0.004663770315440016
920.0,460.0,0.004156720878537022,0.0,99.99999837834821,0.0,0.0047189360823802476
920.5,460.25,0.004154367552202908,0.0,99.99999837552974,0.0,0.004728465946460997
921.0,460.5,0.0041520492938784586,0.0,99.99999689227549,0.0,0.005029042804454447
921.5,460.75,0.004149749805967996,0.0,99.99999844184356,0.0,0.0034818471115728323
922.0,461.0,0.004147436697018835,0.0,99.99999875373754,0.0,0.0027510390642798595
922.5,461.25,0.004145126165329759,0.0,99.99999875280363,0.0,0.0027525907495079857
923.0,461.5,0.004142802076073371,0.0,99.99999849462877,0.0,0.003133347424143927
923.5,461.75,0.004144372020624574,0.0,99.9999984932828,0.0,0.003135521221306859
924.0,462.0,0.004145924082140635,0.0,99.99999860011076,0.0,0.0030319959637992626
924.5,462.25,0.004147474394107243,0.0,99.99999856971577,0.0,0.0030708507624825935
925.0,462.5,0.004149022959480984,0.0,99.99999854361099,0.0,0.00310459754563495
925.5,462.75,0.00415056978121178,0.0,99.99999852345982,0.0,0.003130937473212579
926.0,463.0,0.00415213097450902,0.0,99.99999819281626,0.0,0.0037151680828163007
926.5,463.25,0.0041536743147019125,0.0,99.99999832655281,0.0,0.004180946998391431
927.0,463.5,0.004151355877017536,0.0,99.99999813453053,0.0,0.004443736204108628
927.5,463.75,0.004149040026033193,0.0,99.9999981355477,0.0,0.004443240729154703
928.0,464.0,0.004146726757422292,0.0,99.99999813648888,0.0,0.004442791097913805
928.5,464.25,0.004144400029409375,0.0,99.99999804670846,0.0,0.004542344395249651
929.0,464.5,0.004142059891633503,0.0,99.99999765185166,0.0,0.005201373062313421
929.5,464.75,0.004139722395086447,0.0,99.99999698528927,0.0,0.005932189190205034
930.0,465.0,0.004137387535299139,0.0,99.99999698493659,0.0,0.005933100949787164
930.5,465.25,0.00413503934271793,0.0,99.99999741651403,0.0,0.0055354898849982685
931.0,465.5,0.004132693814078942,0.0,99.9999974158968,0.0,0.00553660954471224
931.5,465.75,0.004130366873763493,0.0,99.99999752585332,0.0,0.005730165922551525
932.0,466.0,0.004128026641382022,0.0,99.99999752227542,0.0,0.0055429565713132215
932.5,466.25,0.004125689059412234,0.0,99.99999752291424,0.0,0.005542348134737248
933.0,466.5,0.004123338248485992,0.0,99.99999788095477,0.0,0.005321609133982335
933.5,466.75,0.004120990115010639,0.0,99.99999788005026,0.0,0.005325047172193723
934.0,467.0,0.004118676332032226,0.0,99.9999977102324,0.0,0.004460662530329999
934.5,467.25,0.004120176952375828,0.0,99.99999846507144,0.0,0.003926921386307135
935.0,467.5,0.004121691698997426,0.0,99.99999874437431,0.0,0.003755745471461147
935.5,467.75,0.004123220565426374,0.0,99.99999709602436,0.0,0.005302691275690186
936.0,468.0,0.004124731892426992,0.0,99.99999746522718,0.0,0.004888790670651571
936.5,468.25,0.004126257338870802,0.0,99.99999757763032,0.0,0.004750242463468606
937.0,468.5,0.004127749437560603,0.0,99.99999798728136,0.0,0.0050360964572033
937.5,468.75,0.004125440985509245,0.0,99.99999877558507,0.0,0.0035660019946686774
938.0,469.0,0.004123103544643985,0.0,99.99999767472325,0.0,0.0055928361886733655
938.5,469.25,0.004120784517787862,0.0,99.9999981066506,0.0,0.004153709049083475
939.0,469.5,0.004118468098124319,0.0,99.99999809859726,0.0,0.004164643919422516
939.5,469.75,0.004116154281259077,0.0,99.99999809022566,0.0,0.0041758777580640115
940.0,470.0,0.004113843062807727,0.0,99.99999808185956,0.0,0.004187088597963321
940.5,470.25,0.0041115344383957,0.0,99.99999807373511,0.0,0.004198063653958929
941.0,470.5,0.004109212725205461,0.0,99.99999809788804,0.0,0.004536171074560674
941.5,470.75,0.004106893632598897,0.0,99.99999809672411,0.0,0.004539148213862884
942.0,471.0,0.004104577156141621,0.0,99.99999809605707,0.0,0.0045417464116304825
942.5,471.25,0.004102278916876478,0.0,99.99999722317263,0.0,0.005565986518130375
943.0,471.5,0.004099983249836305,0.0,99.99999722642535,0.0,0.005564587157906406
943.5,471.75,0.004097705741353727,0.0,99.99999843071133,0.0,0.0034585744804581297
944.0,472.0,0.004095446335202966,0.0,99.99999813720545,0.0,0.0038208030805937042
944.5,472.25,0.004093204975695408,0.0,99.99999852677081,0.0,0.0034146974699719233
945.0,472.5,0.00409096606815238,0.0,99.99999852916844,0.0,0.003411877031194745
945.5,472.75,0.0040887296085525444,0.0,99.99999853109709,0.0,0.003409590861446689
946.0,473.0,0.004086495592883351,0.0,99.99999853254627,0.0,0.0034078128497633765
946.5,473.25,0.0040880562771383605,0.0,99.99999853361902,0.0,0.003406451137617713
947.0,473.5,0.004089584257185199,0.0,99.99999877665826,0.0,0.0026530976384154244
947.5,473.75,0.004091126044562969,0.0,99.99999819667333,0.0,0.0036368645734141227
948.0,474.0,0.0040926661391506485,0.0,99.99999819395515,0.0,0.0036408662836007097
948.5,474.25,0.0040942045437345805,0.0,99.9999981912318,0.0,0.0036448177009412953
949.0,474.5,0.004095741261094996,0.0,99.99999818852972,0.0,0.0036486652121473164
949.5,474.75,0.0040935274640540665,0.0,99.9999979288053,0.0,0.0045073790405486935
950.0,475.0,0.004095078350484308,0.0,99.99999913794109,0.0,0.002462767544737101
950.5,475.25,0.004096627550481023,0.0,99.99999778532437,0.0,0.003725734163416435
951.0,475.5,0.004098175066793461,0.0,99.99999778403512,0.0,0.0037266732320015276
951.5,475.75,0.004099705439747153,0.0,99.99999772112787,0.0,0.003688568456405025
952.0,476.0,0.004101218680146407,0.0,99.99999769954006,0.0,0.003756215681675931
952.5,476.25,0.004102730255846108,0.0,99.99999769590548,0.0,0.003759898074664375
953.0,476.5,0.004104255623583279,0.0,99.99999865121147,0.0,0.00297445312697992
953.5,476.75,0.004109558109603269,0.0,99.99999822754023,0.0,0.004220818972744468
954.0,477.0,0.004114854851692206,0.0,99.9999982261972,0.0,0.004222200571916749
954.5,477.25,0.004120145859178226,0.0,99.99999822462512,0.0,0.004223549440301907
955.0,477.5,0.004129188364631003,0.0,99.99999635081636,0.0,0.00631933054018906
955.5,477.75,0.004138221090657835,0.0,99.99999802540025,0.0,0.004139833680126931
956.0,478.0,0.004147259618452115,0.0,99.99999812471124,0.0,0.00397201995317056
956.5,478.25,0.00416374391849565,0.0,99.99999642838856,0.0,0.006068126515058776
957.0,478.5,0.004172774613933993,0.0,99.99999706334334,0.0,0.005148288378244834
957.5,478.75,0.004178032914655715,0.0,99.99999699216234,0.0,0.0050525136391997615
958.0,479.0,0.004183285583206936,0.0,99.9999969915096,0.0,0.00505304522541257
958.5,479.25,0.004188532628631746,0.0,99.99999699101461,0.0,0.005053432106925539
959.0,479.5,0.004193774059954882,0.0,99.99999699087623,0.0,0.005053502323071631
959.5,479.75,0.004199025586760543,0.0,99.99999800829026,0.0,0.0038097124706092346
960.0,480.0,0.004204271539884522,0.0,99.99999800702115,0.0,0.0038116410255600074
960.5,480.25,0.004216919221158551,0.0,99.99999826242608,0.0,0.0036673990622275486
961.0,480.5,0.004233222960941612,0.0,99.99999868253852,0.0,0.0033802449436338548
961.5,480.75,0.00424579338133791,0.0,99.99999859590912,0.0,0.0034634197419304313
962.0,481.0,0.004258349833506725,0.0,99.99999859339545,0.0,0.0034666133762151527
962.5,481.25,0.004267165558570108,0.0,99.99999857982841,0.0,0.0034090565830507923
963.0,481.5,0.004275987425319209,0.0,99.99999877290651,0.0,0.002871807211797575
963.5,481.75,0.004284815522125804,0.0,99.99999777592225,0.0,0.004058336384051348
964.0,482.0,0.0042936339621237486,0.0,99.99999776780714,0.0,0.00406660621663933
964.5,482.25,0.004302442761149351,0.0,99.99999775961619,0.0,0.004074983259137847
965.0,482.5,0.004311241935004311,0.0,99.99999775142085,0.0,0.004083399098256416
965.5,482.75,0.004320015452505832,0.0,99.99999799741862,0.0,0.004077126645173671
966.0,483.0,0.004328763258229662,0.0,99.99999777634049,0.0,0.004296738117650476
966.5,483.25,0.0043375013914140476,0.0,99.99999776208426,0.0,0.004311377952603111
967.0,483.5,0.0043462137506489655,0.0,99.99999801941652,0.0,0.0042915249230168805
967.5,483.75,0.004354916422667803,0.0,99.99999800946685,0.0,0.004303662750299937
968.0,484.0,0.004363641751679891,0.0,99.99999789277706,0.0,0.003717089193598625
968.5,484.25,0.0043723575188999875,0.0,99.99999788760732,0.0,0.00371948762321872
969.0,484.5,0.004381063740037151,0.0,99.99999843064383,0.0,0.0035302434353046853
969.5,484.75,0.004382445071505971,0.0,99.99999838963163,0.0,0.004289189309606706
970.0,485.0,0.0043838249427071785,0.0,99.99999838578694,0.0,0.004291851467483058
970.5,485.25,0.004385203355955121,0.0,99.99999838192409,0.0,0.004294505200143112
971.0,485.5,0.0043865803135592595,0.0,99.9999983780195,0.0,0.004297160707906593
971.5,485.75,0.004387972011455227,0.0,99.99999881862519,0.0,0.0032766166321983427
972.0,486.0,0.0043893460612074026,0.0,99.99999860611248,0.0,0.003490553653131715
972.5,486.25,0.004387096774193549,0.0,99.99999750799024,0.0,0.0054859114328453485
973.0,486.5,0.0043848497912590415,0.0,99.99999751295938,0.0,0.005488004335880406
973.5,486.75,0.004382605108865384,0.0,99.99999751806011,0.0,0.005490144551415754
974.0,487.0,0.0043803627234813205,0.0,99.99999783556031,0.0,0.005707625248775479
974.5,487.25,0.004381737242927045,0.0,99.99999765391777,0.0,0.004830268456044963
975.0,487.5,0.004383110316856222,0.0,99.99999767109509,0.0,0.004811269770369101
975.5,487.75,0.004388092613009923,0.0,99.99999802017007,0.0,0.004199398905506895
976.0,488.0,0.004393069528773504,0.0,99.99999802170672,0.0,0.004198149450742892
976.5,488.25,0.00439805721879784,0.0,99.9999980056452,0.0,0.005680828263527019
977.0,488.5,0.004403039564979691,0.0,99.99999801320016,0.0,0.005670050570692699
977.5,488.75,0.004408016575902598,0.0,99.99999802105668,0.0,0.005658803676485952
978.0,489.0,0.004412972085385878,0.0,99.99999764329458,0.0,0.006142493611302251
978.5,489.25,0.004417922257756091,0.0,99.9999976547645,0.0,0.006124648097498361
979.0,489.5,0.004422867101630749,0.0,99.99999766642836,0.0,0.006106523306804528
979.5,489.75,0.004427806625608824,0.0,99.99999767832406,0.0,0.006088075836540402
980.0,490.0,0.0044327084140998166,0.0,99.99999808925028,0.0,0.00432738750099679
980.5,490.25,0.004433933297267264,0.0,99.99999833759374,0.0,0.003992586674687263
981.0,490.5,0.0044351892444834135,0.0,99.99999784102748,0.0,0.004091908474454026
981.5,490.75,0.004436476232902223,0.0,99.99999751550827,0.0,0.004479456049304681
982.0,491.0,0.004437761849845992,0.0,99.99999753041408,0.0,0.0044677113369304055
982.5,491.25,0.004435398565790529,0.0,99.99999754732801,0.0,0.004454302580716663
983.0,491.5,0.004433037797480168,0.0,99.99999756559441,0.0,0.0044398228078720145
983.5,491.75,0.004430663397109138,0.0,99.99999678139753,0.0,0.006915450153319847
984.0,492.0,0.0044282915389041435,0.0,99.99999679036698,0.0,0.006905065932167535
984.5,492.25,0.00442593832804356,0.0,99.99999696806468,0.0,0.006248795909759004
985.0,492.5,0.004423571524713432,0.0,99.99999813615031,0.0,0.00430223951205944
985.5,492.75,0.00442120725136163,0.0,99.99999814517241,0.0,0.004291140366311319
986.0,493.0,0.004418845503933717,0.0,99.99999815283796,0.0,0.004281316061097929
986.5,493.25,0.004416486278383915,0.0,99.99999815907015,0.0,0.004272863163566964
987.0,493.5,0.0044141295706750785,0.0,99.99999816388394,0.0,0.0042657883770700145
987.5,493.75,0.004411743364244562,0.0,99.99999815282202,0.0,0.0044791603912169055
988.0,494.0,0.004409359736308684,0.0,99.99999815213204,0.0,0.004479848563843571
988.5,494.25,0.004406962711151863,0.0,99.99999779508396,0.0,0.004645384688394361
989.0,494.5,0.004404584244918066,0.0,99.99999789497723,0.0,0.004519076982404877
989.5,494.75,0.0044021924076661865,0.0,99.99999776097931,0.0,0.004718154041658637
990.0,495.0,0.004399787247129827,0.0,99.99999739377925,0.0,0.0051248476555917
990.5,495.25,0.004397384713302089,0.0,99.9999973933371,0.0,0.0051252110001454455
991.0,495.5,0.004394968917160619,0.0,99.99999769867742,0.0,0.005107568373378697
991.5,495.75,0.004392603376091378,0.0,99.9999982196772,0.0,0.004479721664340549
992.0,496.0,0.004390256230661751,0.0,99.99999824411913,0.0,0.00402844771809176
992.5,496.25,0.004387911592241768,0.0,99.99999824247729,0.0,0.004029989973190172
993.0,496.5,0.004385553640081652,0.0,99.99999834061066,0.0,0.0037480602223230654
993.5,496.75,0.0043831824211315535,0.0,99.9999972105232,0.0,0.004877062699569034
994.0,497.0,0.004380813764977988,0.0,99.99999720535733,0.0,0.0048814483675184445
994.5,497.25,0.004378447667468422,0.0,99.99999677946366,0.0,0.005684346991880254
995.0,497.5,0.004376084124459287,0.0,99.99999737950299,0.0,0.005162835292521835
995.5,497.75,0.004373707400413632,0.0,99.99999842995621,0.0,0.003728875870939372
996.0,498.0,0.00437134897097151,0.0,99.9999979061294,0.0,0.0053530023677503995
996.5,498.25,0.004369008781132781,0.0,99.99999801488029,0.0,0.004927849108300967
997.0,498.5,0.0043702621079961075,0.0,99.99999799788199,0.0,0.004941855709059668
997.5,498.75,0.004371514094364408,0.0,99.9999979812167,0.0,0.004955934381374034
998.0,499.0,0.004372764742387121,0.0,99.99999796490701,0.0,0.004969714086320133
998.5,499.25,0.004373998372298966,0.0,99.9999976937133,0.0,0.004265753089384952
999.0,499.5,0.004375230676064514,0.0,99.99999769414745,0.0,0.0042640064353445745
999.5,499.75,0.0043764773297041756,0.0,99.99999793721969,0.0,0.00400100291424899
1000.0,500.0,0.004377706983570176,0.0,99.99999792125625,0.0,0.004070886115436078
1000.5,500.25,0.004378919651832957,0.0,99.99999780696844,0.0,0.004231942438578563
1001.0,500.5,0.004380146672339999,0.0,99.99999729904015,0.0,0.004503034558249546
1001.5,500.75,0.004381372377341229,0.0,99.99999729789292,0.0,0.004501679040875027
1002.0,501.0,0.00438259676895107,0.0,99.99999729696715,0.0,0.0045001536085226695
1002.5,501.25,0.004383835499071826,0.0,99.99999891350981,0.0,0.0025983803032370916
1003.0,501.5,0.004385072912095165,0.0,99.99999891351476,0.0,0.0025975641439092085
1003.5,501.75,0.004386340294419719,0.0,99.9999985517557,0.0,0.0032832727740092194
1004.0,502.0,0.004384026460985729,0.0,99.99999767915811,0.0,0.0053158019868183295
1004.5,502.25,0.00438171506740004,0.0,99.99999766090338,0.0,0.005320660136788345
1005.0,502.5,0.0043794061098055975,0.0,99.99999764364604,0.0,0.005325289997945871
1005.5,502.75,0.004377052855582166,0.0,99.99999862420054,0.0,0.002995807813956982
1006.0,503.0,0.004374717688441853,0.0,99.99999859273059,0.0,0.003028973368080759
1006.5,503.25,0.004372385011606372,0.0,99.99999858365389,0.0,0.003041014071475031
1007.0,503.5,0.0043700548210942195,0.0,99.99999857534596,0.0,0.003052192853881967
1007.5,503.75,0.004367727112932378,0.0,99.99999856753242,0.0,0.003062890395050629
1008.0,504.0,0.004365401883156292,0.0,99.99999856002627,0.0,0.0030733748148072727
1008.5,504.25,0.004363079127809841,0.0,99.9999985526489,0.0,0.00308390303182607
1009.0,504.5,0.004360727922485402,0.0,99.99999827405796,0.0,0.0037562120458234406
1009.5,504.75,0.004358379249862693,0.0,99.99999827505815,0.0,0.003759321241348055
1010.0,505.0,0.004356033105851605,0.0,99.99999827634385,0.0,0.003762188199248392
1010.5,505.25,0.004353689486370828,0.0,99.99999827788642,0.0,0.003764789035090938
1011.0,505.5,0.004351363781087487,0.0,99.99999845535396,0.0,0.003952468448485013
1011.5,505.75,0.004349040559222971,0.0,99.99999845794316,0.0,0.003952737736459193
1012.0,506.0,0.0043467198168016625,0.0,99.99999846015578,0.0,0.003953527564067745
1012.5,506.25,0.00434441689448365,0.0,99.99999840510317,0.0,0.003591399807459805
1013.0,506.5,0.004342131739570941,0.0,99.99999833780483,0.0,0.003787602224516429
1013.5,506.75,0.00433984898736857,0.0,99.99999834286766,0.0,0.0037840179179134087
1014.0,507.0,0.004337553337800191,0.0,99.99999806099794,0.0,0.005659602124906184
1014.5,507.25,0.004335244835595532,0.0,99.99999791238064,0.0,0.0050180283114660456
1015.0,507.5,0.004332938789313494,0.0,99.99999790332801,0.0,0.005027593762615916
1015.5,507.75,0.00433065044257135,0.0,99.99999787023599,0.0,0.005349217878518769
1016.0,508.0,0.004328364511633799,0.0,99.99999786257311,0.0,0.005353500082511679
1016.5,508.25,0.004326080992677317,0.0,99.99999785526022,0.0,0.005357337686561216
1017.0,508.5,0.004323799881886442,0.0,99.99999784799274,0.0,0.005360791432511493
1017.5,508.75,0.00432152117545376,0.0,99.99999876094147,0.0,0.004114632129201768
1018.0,509.0,0.004319244869579874,0.0,99.99999872677921,0.0,0.004150895931380806
1018.5,509.25,0.0043169709604733925,0.0,99.99999869044157,0.0,0.004191241778502844
1019.0,509.5,0.004314714579876592,0.0,99.99999892106581,0.0,0.0037214076249869462
1019.5,509.75,0.00431247567658536,0.0,99.99999873767564,0.0,0.0030793740369925117
1020.0,510.0,0.004310239095620727,0.0,99.99999834899772,0.0,0.0029782171997111595
1020.5,510.25,0.004308004833371276,0.0,99.99999785022766,0.0,0.0063186740074224045
1021.0,510.5,0.004305787959196533,0.0,99.99999758248066,0.0,0.007514186513253902
1021.5,510.75,0.004303543250609668,0.0,99.99999832042114,0.0,0.0038945056188723353
1022.0,511.0,0.0043013008812421314,0.0,99.9999983160145,0.0,0.0039038538104109576
1022.5,511.25,0.004299045821537171,0.0,99.99999880989418,0.0,0.003298885935610418
1023.0,511.5,0.0042967931251309995,0.0,99.99999878770566,0.0,0.00338824462878226
1023.5,511.75,0.004294542788310464,0.0,99.99999876442136,0.0,0.003479257521263904
1024.0,512.0,0.004292294807370184,0.0,99.99999874024282,0.0,0.0035711672187712477
1024.5,512.25,0.004290049178612535,0.0,99.99999892643496,0.0,0.002966440480762884
1025.0,512.5,0.004287805898347626,0.0,99.99999893260726,0.0,0.0029110247539524082
1025.5,512.75,0.004285564962893279,0.0,99.99999893772593,0.0,0.0028595610888576713
1026.0,513.0,0.004283311452460466,0.0,99.99999803869468,0.0,0.005385430249459876
1026.5,513.25,0.004281045410406073,0.0,99.99999877962573,0.0,0.004989628584202152
1027.0,513.5,0.004278796649319567,0.0,99.99999759101337,0.0,0.006052320099950877
1027.5,513.75,0.0042765502494654314,0.0,99.9999976272193,0.0,0.006011105691008039
1028.0,514.0,0.004274306207126623,0.0,99.99999766526825,0.0,0.005967405765184103
1028.5,514.25,0.0042720645185939,0.0,99.9999977046465,0.0,0.005921648694024558
1029.0,514.5,0.004269840002499419,0.0,99.99999838840696,0.0,0.004897855791160137
1029.5,514.75,0.004267617801864567,0.0,99.99999842186821,0.0,0.004837627576804085
1030.0,515.0,0.004265397913076045,0.0,99.99999845582572,0.0,0.004774998262630279
1030.5,515.25,0.004263195108763465,0.0,99.99999835454396,0.0,0.0047635062467966185
1031.0,515.5,0.004260994578490638,0.0,99.999998388596,0.0,0.004702980426830895
1031.5,515.75,0.004258781572979243,0.0,99.99999840556654,0.0,0.005842835607913891
1032.0,516.0,0.004256570864983648,0.0,99.99999836144072,0.0,0.00593375836126514
1032.5,516.25,0.0042578065551543325,0.0,99.99999851313392,0.0,0.004053045608471796
1033.0,516.5,0.004259040955242043,0.0,99.99999850381141,0.0,0.004050720028045922
1033.5,516.75,0.00426027406726603,0.0,99.99999849394932,0.0,0.004049801569017244
1034.0,517.0,0.004261505893241335,0.0,99.99999848351554,0.0,0.004050007630336499
1034.5,517.25,0.004262736435178794,0.0,99.99999847249053,0.0,0.004050881825000811
1035.0,517.5,0.004263965695085055,0.0,99.9999982819089,0.0,0.004941343117650803
1035.5,517.75,0.004265193674962589,0.0,99.99999798033612,0.0,0.005233428108850782
1036.0,518.0,0.004266405673837077,0.0,99.99999823907734,0.0,0.005294540491569499
1036.5,518.25,0.0042676164036290236,0.0,99.9999982127338,0.0,0.005313686129250516
1037.0,518.5,0.004268825866330669,0.0,99.9999983202606,0.0,0.0051230779259932215
1037.5,518.75,0.004270034063930083,0.0,99.99999829301738,0.0,0.005143500486448643
1038.0,519.0,0.004271240998411181,0.0,99.9999982655239,0.0,0.005163031073215653
1038.5,519.25,0.004272446671753731,0.0,99.9999982382577,0.0,0.005181394479307031
1039.0,519.5,0.004273636404236534,0.0,99.99999761714386,0.0,0.006591421214769601
1039.5,519.75,0.004274839564756094,0.0,99.99999827078234,0.0,0.005652719659500801
1040.0,520.0,0.004276056144685817,0.0,99.99999791047317,0.0,0.0037921130955296503
1040.5,520.25,0.004273826755664707,0.0,99.99999796813654,0.0,0.003790105264784064
1041.0,520.5,0.004271599690086186,0.0,99.9999979578257,0.0,0.003802048996022594
1041.5,520.75,0.004269389573232366,0.0,99.99999727723971,0.0,0.0048763840507112955
1042.0,521.0,0.004267196356101988,0.0,99.99999712512289,0.0,0.004989390540458445
1042.5,521.25,0.004265019990141848,0.0,99.99999836030624,0.0,0.003651923459891626
1043.0,521.5,0.004262845843041058,0.0,99.99999835997755,0.0,0.003653279714681617
1043.5,521.75,0.004260659342162404,0.0,99.99999851744911,0.0,0.003394963679620708
1044.0,522.0,0.00425847508313596,0.0,99.9999987325371,0.0,0.0028377490760075506
1044.5,522.25,0.004256293062515585,0.0,99.999998730118,0.0,0.002841071206287639
1045.0,522.5,0.0042541568506948004,0.0,99.99999726835566,0.0,0.005052549566369107
1045.5,522.75,0.004252008271964728,0.0,99.99999792378136,0.0,0.004250067953274206
1046.0,523.0,0.004249847367038784,0.0,99.99999790849681,0.0,0.004150714824352945
1046.5,523.25,0.004247674176800062,0.0,99.99999722913499,0.0,0.0058896416360733
1047.0,523.5,0.004245503207978548,0.0,99.99999896106372,0.0,0.003047786560344435
1047.5,523.75,0.0042433344571699075,0.0,99.99999895649646,0.0,0.0030630519365196264
1048.0,524.0,0.0042411534848257925,0.0,99.99999868074498,0.0,0.003490435434029043
1048.5,524.25,0.004238974753265133,0.0,99.99999867449313,0.0,0.0035056095003845574
1049.0,524.5,0.0042368270721688745,0.0,99.99999862138912,0.0,0.0036065345746948913
1049.5,524.75,0.004234681566220428,0.0,99.99999862463721,0.0,0.0035945506929513987
1050.0,525.0,0.004232538232117017,0.0,99.99999862752776,0.0,0.00358391020184793
1050.5,525.25,0.0042303970665625475,0.0,99.99999863010792,0.0,0.0035745781237665206
1051.0,525.5,0.004228243717868232,0.0,99.99999827921658,0.0,0.00443785568391375
1051.5,525.75,0.00422606389293067,0.0,99.99999828028947,0.0,0.004321669736032214
1052.0,526.0,0.0042238863144049435,0.0,99.99999827706709,0.0,0.004325632403014281
1052.5,526.25,0.004221710978820293,0.0,99.99999827460913,0.0,0.004328605903858096
1053.0,526.5,0.004219537882713102,0.0,99.99999827275461,0.0,0.004330785235905804
1053.5,526.75,0.004217367022626885,0.0,99.99999810307747,0.0,0.003835348690773269
1054.0,527.0,0.004218581379378005,0.0,99.99999809880048,0.0,0.0038403875350166853
1054.5,527.25,0.004219780219780219,0.0,99.99999697478842,0.0,0.005579285795003777
1055.0,527.5,0.004220977820434399,0.0,99.99999696999697,0.0,0.005583360584334641
1055.5,527.75,0.004222174183262626,0.0,99.9999969657804,0.0,0.0055868884711827525
1056.0,528.0,0.004223355052158941,0.0,99.99999811069186,0.0,0.0038292798879542046
1056.5,528.25,0.004224548948417987,0.0,99.99999733857501,0.0,0.00542034096313207
1057.0,528.5,0.0042257701154077044,0.0,99.9999981836914,0.0,0.004140186255172515
1057.5,528.75,0.00422700428767899,0.0,99.99999768952019,0.0,0.005106564658518779
1058.0,529.0,0.004228237212530407,0.0,99.99999767810496,0.0,0.005118391795978142
1058.5,529.25,0.004229468891852211,0.0,99.99999748755526,0.0,0.005266251030563774
1059.0,529.5,0.004230699327530847,0.0,99.99999748291822,0.0,0.005271105031555279
1059.5,529.75,0.004231928521448948,0.0,99.99999747921035,0.0,0.005275073890385384
1060.0,530.0,0.004233142242321335,0.0,99.99999689174072,0.0,0.006322416026858676
1060.5,530.25,0.004234340501466896,0.0,99.99999713684248,0.0,0.005855677796976351
1061.0,530.5,0.004235537537073549,0.0,99.99999714277031,0.0,0.005849136561386015
1061.5,530.75,0.004240090508978719,0.0,99.99999714874178,0.0,0.00584254969630554
1062.0,531.0,0.00424463883659986,0.0,99.99999715467732,0.0,0.005836006563398719
1062.5,531.25,0.00424918252703949,0.0,99.9999971604955,0.0,0.005829598984638062
1063.0,531.5,0.004253735846020796,0.0,99.99999689710938,0.0,0.006321844901315522
1063.5,531.75,0.004258284557939138,0.0,99.99999689811045,0.0,0.006321502667755876
1064.0,532.0,0.004262814395119027,0.0,99.99999813625638,0.0,0.004868473911758324
1064.5,532.25,0.004267339623336156,0.0,99.99999813758542,0.0,0.004867171564507864
1065.0,532.5,0.004271845959308743,0.0,99.99999857550009,0.0,0.0039030192378475535
1065.5,532.75,0.004273004176042422,0.0,99.99999857578443,0.0,0.0039013383958857546
1066.0,533.0,0.004274146925053719,0.0,99.99999846661214,0.0,0.004114812483627639
1066.5,533.25,0.004275288498471919,0.0,99.99999846782292,0.0,0.0041127270320619295
1067.0,533.5,0.004276414621932899,0.0,99.99999822650358,0.0,0.00447001106733548
1067.5,533.75,0.004277553853135093,0.0,99.99999783622869,0.0,0.005348020499298424
1068.0,534.0,0.004278691914172708,0.0,99.9999978363494,0.0,0.005347613458292744
1068.5,534.25,0.004279828806847726,0.0,99.99999783646118,0.0,0.005347216882857555
1069.0,534.5,0.00428096453295843,0.0,99.99999783656511,0.0,0.005346829006038414
1069.5,534.75,0.004282113352801521,0.0,99.99999762067627,0.0,0.005581121027966093
1070.0,535.0,0.004283261002689102,0.0,99.99999762309893,0.0,0.0055787483537704284
1070.5,535.25,0.0042843932327875835,0.0,99.99999834039997,0.0,0.004557459228549724
1071.0,535.5,0.004285538551561113,0.0,99.99999818430845,0.0,0.005106507542233767
1071.5,535.75,0.004286668461086022,0.0,99.99999864811102,0.0,0.004409187093887443
1072.0,536.0,0.004287797214758525,0.0,99.99999864832104,0.0,0.004408947501034435
1072.5,536.25,0.0042889248143513,0.0,99.99999864850795,0.0,0.004408723310889517
1073.0,536.5,0.004290065495663483,0.0,99.99999763434637,0.0,0.005810509208794171
1073.5,536.75,0.004291233480906664,0.0,99.99999860624523,0.0,0.003536812383453148
1074.0,537.0,0.004295714891811625,0.0,99.99999860095694,0.0,0.0035428646065390444
1074.5,537.25,0.004300177572818107,0.0,99.99999779548972,0.0,0.005763060804992586
1075.0,537.5,0.004304635761589404,0.0,99.99999779579602,0.0,0.005762480640917551
1075.5,537.75,0.004309075203622006,0.0,99.99999806687923,0.0,0.005260651205916405
1076.0,538.0,0.004310202245406972,0.0,99.99999806746527,0.0,0.0052597819277694245
1076.5,538.25,0.004311328146955455,0.0,99.99999806809737,0.0,0.0052589134401694266
1077.0,538.5,0.0043124386592776915,0.0,99.99999784595988,0.0,0.0054173254646033555
1077.5,538.75,0.00431356228902849,0.0,99.9999985848318,0.0,0.0034873043361453304
1078.0,539.0,0.004314670540076588,0.0,99.99999741068754,0.0,0.005029011133212797
1078.5,539.25,0.004315777664860727,0.0,99.99999746980649,0.0,0.004950310922091783
1079.0,539.5,0.00431688366509689,0.0,99.99999740980243,0.0,0.00503085176988681
1079.5,539.75,0.004317988542497577,0.0,99.99999740917092,0.0,0.005032159369034355
1080.0,540.0,0.004319078069559889,0.0,99.99999760374727,0.0,0.005502091762794931
1080.5,540.25,0.0043201664844645235,0.0,99.99999760474482,0.0,0.005500703174561724
1081.0,540.5,0.004321253788913499,0.0,99.99999760578234,0.0,0.005499278811584096
1081.5,540.75,0.004322339984605365,0.0,99.99999760686585,0.0,0.005497808035183554
1082.0,541.0,0.004323439287733926,0.0,99.99999867007521,0.0,0.004049118362603558
1082.5,541.25,0.004324551689236927,0.0,99.9999972996897,0.0,0.005701022639541277
1083.0,541.5,0.004325662972719091,0.0,99.9999973017757,0.0,0.005698218561011577
1083.5,541.75,0.004326773139865075,0.0,99.99999730382922,0.0,0.005695457687194236
1084.0,542.0,0.004327882192356153,0.0,99.99999792591053,0.0,0.004962868274596214
1084.5,542.25,0.004328990131870222,0.0,99.99999792449292,0.0,0.004964583752201579
1085.0,542.5,0.004330096960081816,0.0,99.99999792285553,0.0,0.004966537887105324
1085.5,542.75,0.00433120267866211,0.0,99.99999792105022,0.0,0.004968680149291591
1086.0,543.0,0.00433232147593646,0.0,99.999997848818,0.0,0.005016980490426378
1086.5,543.25,0.004333439160019769,0.0,99.99999808652052,0.0,0.004640552282588443
1087.0,543.5,0.004337841286042358,0.0,99.99999802486309,0.0,0.004644781418708079
1087.5,543.75,0.0043422390651106976,0.0,99.99999802520799,0.0,0.004644307955891759
1088.0,544.0,0.004343364358920728,0.0,99.99999802569147,0.0,0.004643731671327209
1088.5,544.25,0.004344488542636419,0.0,99.99999865274569,0.0,0.0038780415486669904
1089.0,544.5,0.00434561161789961,0.0,99.9999986532536,0.0,0.0038772910841248127
1089.5,544.75,0.004346719401640789,0.0,99.99999735092968,0.0,0.005520815366222665
1090.0,545.0,0.004347826086956522,0.0,99.99999735760481,0.0,0.005514573921495472
1090.5,545.25,0.004348931675479719,0.0,99.99999736498118,0.0,0.005507639324254948
1091.0,545.5,0.004350050343279253,0.0,99.99999775565264,0.0,0.005504043232720677
1091.5,545.75,0.0043511679107880305,0.0,99.9999977575343,0.0,0.005501119182585454
1092.0,546.0,0.004352284379628575,0.0,99.99999776097548,0.0,0.005496068394535
1092.5,546.25,0.004353399751420224,0.0,99.9999977662016,0.0,0.00548859332935622
1093.0,546.5,0.004354528188984572,0.0,99.99999792446502,0.0,0.005103133430739118
1093.5,546.75,0.004355669684213948,0.0,99.99999778249557,0.0,0.0052141735235822296
1094.0,547.0,0.0043568100742704535,0.0,99.99999780878161,0.0,0.005183030569056217
1094.5,547.25,0.004357949360758322,0.0,99.99999783835555,0.0,0.005148333366049947
1095.0,547.5,0.004359115842773216,0.0,99.99999846327064,0.0,0.004428731688198504
1095.5,547.75,0.004360281212184131,0.0,99.99999811569508,0.0,0.004735689635924806
1096.0,548.0,0.004361445470582132,0.0,99.9999979061556,0.0,0.004420887532340341
1096.5,548.25,0.004362608619555247,0.0,99.99999791264048,0.0,0.0044124305841489134
1097.0,548.5,0.004363784797701157,0.0,99.99999853474844,0.0,0.003374912222679578
1097.5,548.75,0.0043649598637407186,0.0,99.99999853471985,0.0,0.003374591437010695
1098.0,549.0,0.004366133819250475,0.0,99.99999853424319,0.0,0.00337451816332466
1098.5,549.25,0.004367306665803989,0.0,99.99999853335498,0.0,0.003374707946288812
1099.0,549.5,0.004368478404971852,0.0,99.99999853213633,0.0,0.0033751283605384383
1099.5,549.75,0.004369649038321693,0.0,99.99999853070558,0.0,0.0033756947201864225
1100.0,550.0,0.004370832687238331,0.0,99.99999783370296,0.0,0.005703183527796996
1100.5,550.25,0.00437201522778716,0.0,99.9999978244539,0.0,0.005714079466664887
1101.0,550.5,0.004373196661524261,0.0,99.99999781527087,0.0,0.005724798164920932
1101.5,550.75,0.004374376990002806,0.0,99.99999852275238,0.0,0.003299020789750347
1102.0,551.0,0.004375570323508453,0.0,99.99999780606167,0.0,0.0059772747669131114
1102.5,551.25,0.004376762549351381,0.0,99.99999779688747,0.0,0.005990898024178271
1103.0,551.5,0.004377939565749629,0.0,99.99999809117556,0.0,0.005837447962601699
1103.5,551.75,0.0043823354209263764,0.0,99.99999879904176,0.0,0.003064205943744433
1104.0,552.0,0.004386727173248367,0.0,99.99999880094838,0.0,0.0030609819443958046
1104.5,552.25,0.004391128954428767,0.0,99.9999977824427,0.0,0.0052688053020767955
1105.0,552.5,0.004395512525763748,0.0,99.99999758335304,0.0,0.00592286504441563
1105.5,552.75,0.004399892011415936,0.0,99.99999758576442,0.0,0.005920002466376527
1106.0,553.0,0.004404267417094726,0.0,99.9999975879945,0.0,0.005917346076264114
1106.5,553.25,0.0044086387484988795,0.0,99.99999758993499,0.0,0.005914992780569149
1107.0,553.5,0.004409768246459187,0.0,99.99999808305796,0.0,0.004862289171701981
1107.5,553.75,0.004410882529376478,0.0,99.99999817263739,0.0,0.004891715022380983
1108.0,554.0,0.004411981608192947,0.0,99.99999737379686,0.0,0.005080618188904227
1108.5,554.25,0.004413079637339077,0.0,99.99999738608034,0.0,0.005067059150967898
1109.0,554.5,0.004414176618317872,0.0,99.99999739885584,0.0,0.00505275130448943
1109.5,554.75,0.004412084886207912,0.0,99.99999738018907,0.0,0.006232850099893793
1110.0,555.0,0.004409995135564147,0.0,99.99999738528773,0.0,0.006225758567349504
1110.5,555.25,0.004407907363572388,0.0,99.99999738989631,0.0,0.006218982808076623
1111.0,555.5,0.004405821567423777,0.0,99.99999739410973,0.0,0.006212464593558283
1111.5,555.75,0.004403751817586245,0.0,99.9999976402384,0.0,0.0062032070741722635
1112.0,556.0,0.004401684011473766,0.0,99.99999763909464,0.0,0.006205075167105529
1112.5,556.25,0.0044028109026241265,0.0,99.9999976376964,0.0,0.006207316803036664
1113.0,556.5,0.004403936736491402,0.0,99.99999763629323,0.0,0.006209531960500965
1113.5,556.75,0.004405061514562859,0.0,99.99999763511282,0.0,0.006211363890514561
1114.0,557.0,0.0044061852383229716,0.0,99.99999763427566,0.0,0.006212630990721891
1114.5,557.25,0.004407307909253435,0.0,99.99999763375088,0.0,0.006213391749717151
1115.0,557.5,0.004408415486789087,0.0,99.99999871090304,0.0,0.0038766268530224034
1115.5,557.75,0.0044095220205480545,0.0,99.99999784478469,0.0,0.005921662634483974
1116.0,558.0,0.004410627512005117,0.0,99.99999788768702,0.0,0.004299932866383671
1116.5,558.25,0.004411745995394226,0.0,99.99999861318304,0.0,0.0034296331136890426
1117.0,558.5,0.004412877463167734,0.0,99.9999981563276,0.0,0.0036699459083994832
1117.5,558.75,0.004414007881021991,0.0,99.99999816081834,0.0,0.0036652970149030303
1118.0,559.0,0.004415123226406884,0.0,99.99999824375041,0.0,0.0036098258012696475
1118.5,559.25,0.004416251551720306,0.0,99.99999807017656,0.0,0.003685309442259723
1119.0,559.5,0.004417378831489057,0.0,99.99999807368398,0.0,0.003681851372853996
1119.5,559.75,0.004418519082419813,0.0,99.9999979651019,0.0,0.003670225898793346
1120.0,560.0,0.004419658284956992,0.0,99.99999796474852,0.0,0.0036709312068394424
1120.5,560.25,0.004420796440545834,0.0,99.9999979644964,0.0,0.0036715413586067077
1121.0,560.5,0.004421919543870763,0.0,99.99999819433346,0.0,0.0032737587411287316
1121.5,560.75,0.004423041608885343,0.0,99.99999819588953,0.0,0.0032721117828750936
1122.0,561.0,0.004424162637028785,0.0,99.99999819741,0.0,0.003270476033195485
1122.5,561.25,0.004425282629737647,0.0,99.99999819883016,0.0,0.003268930762639735
1123.0,561.5,0.004426415583512235,0.0,99.99999791291775,0.0,0.0036854656295413446
1123.5,561.75,0.004427547498957109,0.0,99.99999791236233,0.0,0.0036860172514988593
1124.0,562.0,0.004428678377499029,0.0,99.99999791172941,0.0,0.0036866623721206137
1124.5,562.25,0.004426636861066119,0.0,99.99999845249584,0.0,0.0033401863403383497
1125.0,562.5,0.004424597225947959,0.0,99.99999845492144,0.0,0.003337178029636643
1125.5,562.75,0.0044225455187816235,0.0,99.9999986415183,0.0,0.003098467303870881
1126.0,563.0,0.004420509651340972,0.0,99.99999852480343,0.0,0.0034183047470940156
1126.5,563.25,0.00441847565741371,0.0,99.99999851205028,0.0,0.0034376606995278644
1127.0,563.5,0.004416443534414868,0.0,99.99999850211329,0.0,0.0034529553622615634
1127.5,563.75,0.004414413279764229,0.0,99.99999849441407,0.0,0.0034650317901800507
1128.0,564.0,0.004412384890886316,0.0,99.99999848839198,0.0,0.003474707938655777
1128.5,564.25,0.0044135041272397825,0.0,99.9999984936928,0.0,0.003702498831518654
1129.0,564.5,0.004414608455044256,0.0,99.99999853963891,0.0,0.003619315526690684
1129.5,564.75,0.0044157117624504215,0.0,99.99999853744215,0.0,0.00362285133840237
1130.0,565.0,0.004416827925912895,0.0,99.99999843220466,0.0,0.0034833142368661013
1130.5,565.25,0.004417998555593933,0.0,99.99999689047863,0.0,0.005887087068234443
1131.0,565.5,0.004419112662264293,0.0,99.99999842821819,0.0,0.003489625800241263
1131.5,565.75,0.004423376761899981,0.0,99.99999851913559,0.0,0.0034179391991543432
1132.0,566.0,0.004424487389740583,0.0,99.99999854658434,0.0,0.003538225480494679
1132.5,566.25,0.004425597001125205,0.0,99.99999854665359,0.0,0.0035380069314480023
1133.0,566.5,0.0044267055974486135,0.0,99.99999854675946,0.0,0.0035376909295958573
1133.5,566.75,0.004427813180103024,0.0,99.99999854695568,0.0,0.0035372488671607627
1134.0,567.0,0.004428933612945632,0.0,99.99999855103506,0.0,0.003492936318942028
1134.5,567.25,0.004430066889004299,0.0,99.99999809740561,0.0,0.0035178706752996792
1135.0,567.5,0.004431199144406432,0.0,99.99999809450445,0.0,0.0035212245790372052
1135.5,567.75,0.004432371944148363,0.0,99.99999791824875,0.0,0.0032885687850421996
1136.0,568.0,0.004433543710554271,0.0,99.99999791597477,0.0,0.003290241600032381
1136.5,568.25,0.004434700595249249,0.0,99.99999754364529,0.0,0.003489746268520764
1137.0,568.5,0.004435856454311615,0.0,99.9999975500378,0.0,0.0034852562296938012
1137.5,568.75,0.004437011289104672,0.0,99.99999755664265,0.0,0.003480591193200175
1138.0,569.0,0.004438192785363632,0.0,99.99999740441105,0.0,0.004561833555063005
1138.5,569.25,0.004439373250282137,0.0,99.99999740905703,0.0,0.0045579977401952266
1139.0,569.5,0.00444053884770354,0.0,99.99999683734782,0.0,0.005131382367986592
1139.5,569.75,0.004441717256351873,0.0,99.99999679323675,0.0,0.0052885732223481585
1140.0,570.0,0.004442880805011395,0.0,99.99999790740037,0.0,0.004179527091304865
1140.5,570.25,0.0044440433325345675,0.0,99.99999790644979,0.0,0.0041800422118492804
1141.0,570.5,0.004445218668051974,0.0,99.99999659255944,0.0,0.005171317909323031
1141.5,570.75,0.00444639298029595,0.0,99.99999659235226,0.0,0.005171476162004261
1142.0,571.0,0.004447566270602239,0.0,99.99999659209851,0.0,0.005171654856136581
1142.5,571.25,0.004448710899031039,0.0,99.99999631584066,0.0,0.005354545438567814
1143.0,571.5,0.0044498545180152345,0.0,99.99999631576344,0.0,0.0053543063743167274
1143.5,571.75,0.004450983313468415,0.0,99.99999655691973,0.0,0.004967213165341352
1144.0,572.0,0.004458316140221333,0.0,99.99999655681863,0.0,0.004967195357094806
1144.5,572.25,0.004465642463298001,0.0,99.99999655679925,0.0,0.0049672075454910685
1145.0,572.5,0.004472962291347003,0.0,99.9999965568764,0.0,0.0049672410491443456
1145.5,572.75,0.004480261751391949,0.0,99.99999653145547,0.0,0.005132341288960776
1146.0,573.0,0.004487554700783231,0.0,99.99999653420879,0.0,0.0051306804237785135
1146.5,573.25,0.004494841148227602,0.0,99.99999653708636,0.0,0.005128969483484208
1147.0,573.5,0.004502121102416293,0.0,99.999996539918,0.0,0.005127284696352657
1147.5,573.75,0.004509394572025052,0.0,99.99999654250442,0.0,0.005125718391515062
1148.0,574.0,0.0045166615657141794,0.0,99.99999654467453,0.0,0.005124349182918795
1148.5,574.25,0.004527012202847228,0.0,99.99999654631434,0.0,0.005123226798231681
1149.0,574.5,0.004537353632508332,0.0,99.99999654739153,0.0,0.005122359452049698
1149.5,574.75,0.004544584473081364,0.0,99.99999790098121,0.0,0.004209273172744404
1150.0,575.0,0.004551794795832716,0.0,99.99999639193061,0.0,0.005985673722837186
1150.5,575.25,0.004555885945539118,0.0,99.99999779787115,0.0,0.004045876885515381
1151.0,575.5,0.00455995930259446,0.0,99.99999756890668,0.0,0.004201131079930476
1151.5,575.75,0.004564028918870611,0.0,99.9999975880124,0.0,0.0042919760190289445
1152.0,576.0,0.004568108870694488,0.0,99.99999783230801,0.0,0.0039496213513959925
1152.5,576.25,0.004572171026906534,0.0,99.99999738697166,0.0,0.004443396119510323
1153.0,576.5,0.004576229457746045,0.0,99.99999738868803,0.0,0.0044413419486074215
1153.5,576.75,0.0045802982577025295,0.0,99.99999704297318,0.0,0.004646210470034616
1154.0,577.0,0.004581359095535174,0.0,99.99999824704868,0.0,0.003635302387939363
1154.5,577.25,0.004582419000903576,0.0,99.99999824522858,0.0,0.0036372353924323986
1155.0,577.5,0.004583477975036634,0.0,99.99999824343561,0.0,0.003639187756218859
1155.5,577.75,0.004584465631860961,0.0,99.99999701787401,0.0,0.004665848484652966
1156.0,578.0,0.004585480539331084,0.0,99.99999688321797,0.0,0.005024479801974671
1156.5,578.25,0.004586494537623061,0.0,99.99999688194536,0.0,0.005025211339647727
1157.0,578.5,0.004584469228858544,0.0,99.99999704939474,0.0,0.0050164110885574905
1157.5,578.75,0.004582431661997389,0.0,99.99999673533087,0.0,0.005576925838097753
1158.0,579.0,0.004580409939029995,0.0,99.99999664221839,0.0,0.005889682827324087
1158.5,579.25,0.004578389999203758,0.0,99.99999664477627,0.0,0.005886805417424438
1159.0,579.5,0.004576371840160648,0.0,99.99999664755309,0.0,0.0058836769836412015
1159.5,579.75,0.004574369456063105,0.0,99.99999656289071,0.0,0.006136218899435833
1160.0,580.0,0.004572354839202973,0.0,99.99999831046861,0.0,0.003638122948897746
1160.5,580.25,0.004570341996093045,0.0,99.99999831447505,0.0,0.0036337768499227906
1161.0,580.5,0.004568316964804097,0.0,99.99999653882378,0.0,0.005668568798264701
1161.5,580.75,0.004566293727225801,0.0,99.99999653362798,0.0,0.005672703178547325
1162.0,581.0,0.004564258346181441,0.0,99.99999675198721,0.0,0.005412019137959638
1162.5,581.25,0.0045621830122004065,0.0,99.99999741430129,0.0,0.005097531608195063
1163.0,581.5,0.004560095655250668,0.0,99.99999744449273,0.0,0.005117634072961225
1163.5,581.75,0.004558024104172955,0.0,99.99999774984977,0.0,0.004819671758118905
1164.0,582.0,0.004555940550308859,0.0,99.9999980331238,0.0,0.004000286974144732
1164.5,582.25,0.004556891079337423,0.0,99.99999783388938,0.0,0.004092516970129366
1165.0,582.5,0.004557840734369529,0.0,99.99999785022052,0.0,0.004076123742813312
1165.5,582.75,0.004558803390191573,0.0,99.99999785987988,0.0,0.005606996651114429
1166.0,583.0,0.004559779037792325,0.0,99.99999787585512,0.0,0.005582290446187157
1166.5,583.25,0.004560753801388293,0.0,99.9999978787968,0.0,0.005579536218717892
1167.0,583.5,0.004558716265499635,0.0,99.99999681925104,0.0,0.0054903104510484945
1167.5,583.75,0.004556680549353407,0.0,99.999997763942,0.0,0.004217592963332087
1168.0,584.0,0.0045546466505128535,0.0,99.99999776318987,0.0,0.004218831118895007
1168.5,584.25,0.004552614566545567,0.0,99.99999776223783,0.0,0.004220142454705492
1169.0,584.5,0.004550570489853745,0.0,99.99999794065086,0.0,0.003976570414676271
1169.5,584.75,0.004548514455178939,0.0,99.99999825663494,0.0,0.004064407557524011
1170.0,585.0,0.004546460277576555,0.0,99.99999798939547,0.0,0.00426465083504718
1170.5,585.25,0.004544407954531684,0.0,99.99999799010193,0.0,0.0042644183431998295
1171.0,585.5,0.0045423574835339545,0.0,99.99999799084924,0.0,0.004264199871626951
1171.5,585.75,0.004540308862077525,0.0,99.9999979916518,0.0,0.004263982842605019
1172.0,586.0,0.004538262087661071,0.0,99.99999733075374,0.0,0.004932628352332235
1172.5,586.25,0.004536230876006665,0.0,99.99999842882072,0.0,0.0036375459858013345
1173.0,586.5,0.004534201481777044,0.0,99.9999984289378,0.0,0.0036381054164881716
1173.5,586.75,0.00453217390253409,0.0,99.99999842921119,0.0,0.003638489590812587
1174.0,587.0,0.004530148135844042,0.0,99.99999842957912,0.0,0.003638752931125718
1174.5,587.25,0.004528124179277493,0.0,99.99999842996259,0.0,0.0036389794142974194
1175.0,587.5,0.004526088373384187,0.0,99.99999873068111,0.0,0.0031706407404970462
1175.5,587.75,0.004524081686818937,0.0,99.99999846092564,0.0,0.0034808932727425834
1176.0,588.0,0.004522076778834269,0.0,99.99999734445369,0.0,0.004127701179845446
1176.5,588.25,0.004520073647066623,0.0,99.9999973362519,0.0,0.004134983785886096
1177.0,588.5,0.004518072289156626,0.0,99.99999863282191,0.0,0.0036595231716412473
1177.5,588.75,0.004516072702749084,0.0,99.99999863169074,0.0,0.003660943039466718
1178.0,589.0,0.00451408847011523,0.0,99.99999731132961,0.0,0.0046707658393443695
1178.5,589.25,0.004515127632821759,0.0,99.99999734155588,0.0,0.004733328574519356
1179.0,589.5,0.004516165889417078,0.0,99.99999734462358,0.0,0.004730898951127819
1179.5,589.75,0.004517189664862396,0.0,99.99999753856352,0.0,0.00457962448287175
1180.0,590.0,0.004518212542245588,0.0,99.99999753904952,0.0,0.004579658156278372
1180.5,590.25,0.004519234522747815,0.0,99.99999708289032,0.0,0.005225522705043226
1181.0,590.5,0.004523257105295542,0.0,99.99999708452654,0.0,0.005224966440879703
1181.5,590.75,0.004527276163845994,0.0,99.99999708651666,0.0,0.005224272709944977
1182.0,591.0,0.0045312917030279586,0.0,99.99999708882714,0.0,0.00522345492770776
1182.5,591.25,0.004535303727462118,0.0,99.99999709140124,0.0,0.005222532684741176
1183.0,591.5,0.004539298640907021,0.0,99.99999733738245,0.0,0.005034459996064288
1183.5,591.75,0.004543303643627695,0.0,99.99999798642327,0.0,0.004376061168586675
1184.0,592.0,0.004547305145429943,0.0,99.99999723069412,0.0,0.004762425376510835
1184.5,592.25,0.0045513167698517905,0.0,99.99999697893385,0.0,0.005269007238302584
1185.0,592.5,0.004555324914606352,0.0,99.99999697835985,0.0,0.005269311398710392
1185.5,592.75,0.004559315953121263,0.0,99.9999976671895,0.0,0.0044922867780982
1186.0,593.0,0.004560301469994949,0.0,99.99999755205927,0.0,0.004566174866218968
1186.5,593.25,0.004561286121383381,0.0,99.99999753965827,0.0,0.004578716346974032
1187.0,593.5,0.004562269908426166,0.0,99.99999753071887,0.0,0.00458794273176609
1187.5,593.75,0.004563252832260914,0.0,99.99999752436486,0.0,0.004594692016902643
1188.0,594.0,0.004564234894023239,0.0,99.99999752000043,0.0,0.00459953553002104
1188.5,594.25,0.004565216094846763,0.0,99.99999751717725,0.0,0.004602903516656155
1189.0,594.5,0.004566196435863121,0.0,99.99999751554431,0.0,0.004605135250448942
1189.5,594.75,0.004567189524958663,0.0,99.99999766806266,0.0,0.004254327977832151
1190.0,595.0,0.004568168146705499,0.0,99.99999769015278,0.0,0.0041530095062279814
1190.5,595.25,0.0045661556779282636,0.0,99.99999821742914,0.0,0.004523638010943082
1191.0,595.5,0.004564144981523246,0.0,99.99999821759768,0.0,0.004523699563283145
1191.5,595.75,0.0045621360551500985,0.0,99.99999698228999,0.0,0.005615681916609147
1192.0,596.0,0.00456011534059662,0.0,99.99999827279098,0.0,0.004531977441040286
1192.5,596.25,0.0045580828715327815,0.0,99.99999702578016,0.0,0.00553923944732543
1193.0,596.5,0.004556038681778222,0.0,99.99999835511527,0.0,0.004004460687643675
1193.5,596.75,0.004553982805300907,0.0,99.99999874176146,0.0,0.0037047537086625343
1194.0,597.0,0.004551982812852378,0.0,99.99999819895139,0.0,0.004122334703282976
1194.5,597.25,0.0045499710806922835,0.0,99.99999833147687,0.0,0.003937332961863328
1195.0,597.5,0.004547961125902032,0.0,99.99999833320722,0.0,0.003934549328503058
1195.5,597.75,0.004545952946127198,0.0,99.99999753258142,0.0,0.005958182328839708
1196.0,598.0,0.004543946539017512,0.0,99.99999753567842,0.0,0.005955088031977153
1196.5,598.25,0.004541941902226855,0.0,99.99999753857684,0.0,0.005952171161480575
1197.0,598.5,0.0045398584179747615,0.0,99.99999878375418,0.0,0.0031138685041706203
1197.5,598.75,0.004537776844322307,0.0,99.99999740383355,0.0,0.005206854403329431
1198.0,599.0,0.004535683767633431,0.0,99.999997866699,0.0,0.0047533463818466995
1198.5,599.25,0.004533579222375903,0.0,99.99999849262238,0.0,0.004003161150076704
1199.0,599.5,0.004531503401581595,0.0,99.99999753541883,0.0,0.00508304761651503
1199.5,599.75,0.004529402732995547,0.0,99.99999883927543,0.0,0.0029529859327523584
1200.0,600.0,0.004527304011120522,0.0,99.99999883952849,0.0,0.0029519650862244477
1200.5,600.25,0.004525207233251718,0.0,99.99999817002401,0.0,0.003543520934927605
1201.0,600.5,0.004523112396689341,0.0,99.99999817007277,0.0,0.003542591317574968
1201.5,600.75,0.004521019498738594,0.0,99.99999811765747,0.0,0.003870090299941782
1202.0,601.0,0.004518915224679051,0.0,99.99999764098692,0.0,0.004653972502536136
1202.5,601.25,0.004516799608975888,0.0,99.99999828501794,0.0,0.004081057643417611
1203.0,601.5,0.004514672686230248,0.0,99.99999841772453,0.0,0.0038894045851313535
1203.5,601.75,0.004512561040183562,0.0,99.99999845406852,0.0,0.0038806968640760675
1204.0,602.0,0.0045104513685720925,0.0,99.99999845439443,0.0,0.0038805932277159914
1204.5,602.25,0.004508343668627924,0.0,99.99999845469564,0.0,0.0038805307780414786
1205.0,602.5,0.0045062379375883106,0.0,99.99999845499036,0.0,0.003880485716986865
1205.5,602.75,0.004504160622948316,0.0,99.99999838062249,0.0,0.003971205433256392
1206.0,603.0,0.00450209843571156,0.0,99.99999839834916,0.0,0.003912261982889491
1206.5,603.25,0.004500051336961145,0.0,99.99999836908867,0.0,0.004034910861116023
1207.0,603.5,0.004498006098991321,0.0,99.99999836662028,0.0,0.004038457284910804
1207.5,603.75,0.004498880408914524,0.0,99.99999824939148,0.0,0.004987570515923013
1208.0,604.0,0.00449974073759422,0.0,99.99999767909154,0.0,0.005421471740707124
1208.5,604.25,0.004500626632465418,0.0,99.99999848648804,0.0,0.0039204090631358365
1209.0,604.5,0.004501498548281352,0.0,99.9999976119152,0.0,0.005200813466761397
1209.5,604.75,0.004502369668246445,0.0,99.999997611682,0.0,0.005202124538806232
1210.0,605.0,0.004503239993449833,0.0,99.99999761157025,0.0,0.005203221940301146
1210.5,605.25,0.004501186676487438,0.0,99.9999986427824,0.0,0.0033360103526509886
1211.0,605.5,0.004499135231150376,0.0,99.99999864452292,0.0,0.003333401559592511
1211.5,605.75,0.004497098787243425,0.0,99.99999868911432,0.0,0.0032973970051466397
1212.0,606.0,0.004495064186013929,0.0,99.99999869050797,0.0,0.0032953263733338377
1212.5,606.25,0.004493005207801491,0.0,99.99999753196532,0.0,0.005651922393125831
1213.0,606.5,0.004490948114968272,0.0,99.99999752947237,0.0,0.005655337482288679
1213.5,606.75,0.004488892904925831,0.0,99.99999752653909,0.0,0.005659286180220544
1214.0,607.0,0.004486852647680093,0.0,99.99999790478972,0.0,0.00499480068517923
1214.5,607.25,0.004484801183521559,0.0,99.99999787297425,0.0,0.0050516991410881375
1215.0,607.5,0.004482751594433238,0.0,99.99999786997657,0.0,0.00505539640568917
1215.5,607.75,0.004480729951643031,0.0,99.99999795573532,0.0,0.004952666317848534
1216.0,608.0,0.00447869710629635,0.0,99.99999799257004,0.0,0.004877052157538759
1216.5,608.25,0.004476679118036075,0.0,99.99999747574545,0.0,0.005245649247037931
1217.0,608.5,0.004474688951005061,0.0,99.99999766302511,0.0,0.00518504168985913
1217.5,608.75,0.004472687562443366,0.0,99.99999801654711,0.0,0.004461445068969594
1218.0,609.0,0.004470687963398419,0.0,99.99999801589024,0.0,0.0044628071706522745
1218.5,609.25,0.004468690151471185,0.0,99.99999801527663,0.0,0.00446414018725557
1219.0,609.5,0.0044666811688782535,0.0,99.99999831870063,0.0,0.004366900399609489
1219.5,609.75,0.004464673991824428,0.0,99.9999983186853,0.0,0.004367472846221391
1220.0,610.0,0.00446556645464161,0.0,99.99999762356173,0.0,0.005076032640684372
1220.5,610.25,0.004466445178875047,0.0,99.99999776899479,0.0,0.004416902438320011
1221.0,610.5,0.004467323109349531,0.0,99.99999766370499,0.0,0.004632033858428968
1221.5,610.75,0.004468200247140092,0.0,99.99999766482041,0.0,0.00463123007009385
1222.0,611.0,0.004469089520635913,0.0,99.99999779465153,0.0,0.004510336247216538
1222.5,611.25,0.004469990921234481,0.0,99.999997551346,0.0,0.004988429766850033
1223.0,611.5,0.004470891519467308,0.0,99.99999754942588,0.0,0.004991862142946679
1223.5,611.75,0.004471791316405235,0.0,99.99999739249574,0.0,0.005671031333104567
1224.0,612.0,0.004472690313117197,0.0,99.99999739148785,0.0,0.005672437713496076
1224.5,612.25,0.004476474696806146,0.0,99.9999983122236,0.0,0.004371055305065808
1225.0,612.5,0.004483140621754483,0.0,99.99999831211996,0.0,0.004371048713098721
1225.5,612.75,0.004489839467332597,0.0,99.99999841530521,0.0,0.003932890497766417
1226.0,613.0,0.004496545442491778,0.0,99.99999854469543,0.0,0.0037145108741128167
1226.5,613.25,0.004503245621364342,0.0,99.99999854819299,0.0,0.0037106842399189034
1227.0,613.5,0.004509927023275371,0.0,99.99999717055546,0.0,0.005170385633540627
1227.5,613.75,0.004516602616693294,0.0,99.99999716645472,0.0,0.005174110532471567
1228.0,614.0,0.004523272409189264,0.0,99.99999716014214,0.0,0.005179794201951248
1228.5,614.25,0.004527060258220756,0.0,99.99999715208978,0.0,0.005187030046436243
1229.0,614.5,0.004530883896100162,0.0,99.99999852033224,0.0,0.0037157426120196487
1229.5,614.75,0.004528956874330068,0.0,99.99999753732527,0.0,0.004318197405836232
1230.0,615.0,0.004527044494872605,0.0,99.99999720820463,0.0,0.004014009422339156
1230.5,615.25,0.004525120736882605,0.0,99.99999775593899,0.0,0.0036190811216383796
1231.0,615.5,0.004523198613191897,0.0,99.99999775661547,0.0,0.0036183091001558906
1231.5,615.75,0.004521265150971814,0.0,99.99999876181172,0.0,0.0028044449552107505
1232.0,616.0,0.004519333340980259,0.0,99.99999876127438,0.0,0.0028051580838803127
1232.5,616.25,0.0045174031811002855,0.0,99.99999876056748,0.0,0.002806028585386452
1233.0,616.5,0.004515474669218559,0.0,99.99999850027696,0.0,0.004505716826324502
1233.5,616.75,0.004513547803225354,0.0,99.99999850054529,0.0,0.00450472709117225
1234.0,617.0,0.004511609665608423,0.0,99.99999791335645,0.0,0.0054726421156266495
1234.5,617.25,0.004509673191766985,0.0,99.99999791724045,0.0,0.005466219133674851
1235.0,617.5,0.004507738379559581,0.0,99.99999792333182,0.0,0.005456367689049305
1235.5,617.75,0.00450867713068588,0.0,99.99999844388661,0.0,0.0037167495052698196
1236.0,618.0,0.004509615082347629,0.0,99.9999984442524,0.0,0.003716010560225678
1236.5,618.25,0.004510539350813697,0.0,99.99999813907795,0.0,0.005300984699853048
1237.0,618.5,0.004511462827545051,0.0,99.99999766774495,0.0,0.005933801779046386
1237.5,618.75,0.004512385513558563,0.0,99.99999767010694,0.0,0.00593104640937018
1238.0,619.0,0.004513307409869365,0.0,99.99999767238302,0.0,0.005928338161007066
1238.5,619.25,0.00451420277125853,0.0,99.99999748781632,0.0,0.004227195281505035
1239.0,619.5,0.004515110226838682,0.0,99.99999743415081,0.0,0.0037359930657555693
1239.5,619.75,0.004516029768756482,0.0,99.99999783609188,0.0,0.0031820540277815355
1240.0,620.0,0.004516948525014098,0.0,99.99999783586952,0.0,0.003182407379991837
1240.5,620.25,0.00451789221966009,0.0,99.99999704498941,0.0,0.003534183762407455
1241.0,620.5,0.004518835119430422,0.0,99.99999704715601,0.0,0.003531971852096563
1241.5,620.75,0.004519790081492754,0.0,99.99999726940202,0.0,0.0032966856853846776
1242.0,621.0,0.004520744245291602,0.0,99.99999727283614,0.0,0.0032935758172810544
1242.5,621.25,0.004521697611827465,0.0,99.9999972766041,0.0,0.0032902612485856226
1243.0,621.5,0.004522675878683197,0.0,99.99999863241779,0.0,0.0029554719293920667
1243.5,621.75,0.004523653339921454,0.0,99.99999863381211,0.0,0.002954017601166733
1244.0,622.0,0.004524604310012035,0.0,99.99999847173505,0.0,0.002965604019104089
1244.5,622.25,0.004525567327390039,0.0,99.99999803865003,0.0,0.003547349813143532
1245.0,622.5,0.004526542385283632,0.0,99.99999741831702,0.0,0.00427284130587413
1245.5,622.75,0.004527503805994902,0.0,99.99999770957827,0.0,0.0040353797245734424
1246.0,623.0,0.004528464431150621,0.0,99.99999870880893,0.0,0.0029386321859495987
1246.5,623.25,0.004532256922314284,0.0,99.99999870775686,0.0,0.0029399683933176517
1247.0,623.5,0.004536033434134076,0.0,99.9999973502503,0.0,0.0037976433873892486
1247.5,623.75,0.004539806803483538,0.0,99.99999735194955,0.0,0.0037965092506212334
1248.0,624.0,0.004543564179965881,0.0,99.99999751261858,0.0,0.003633985910154106
1248.5,624.25,0.004547331270820725,0.0,99.99999706394527,0.0,0.003931410534566497
1249.0,624.5,0.004551069501332813,0.0,99.99999822700487,0.0,0.0030745481513634147
1249.5,624.75,0.00455480458419042,0.0,99.99999822423264,0.0,0.0030771856056388746
1250.0,625.0,0.00455851077350641,0.0,99.99999775769422,0.0,0.004674694141223639
1250.5,625.25,0.004559390650849486,0.0,99.9999977505157,0.0,0.004681334802558959
1251.0,625.5,0.004560256909522923,0.0,99.99999774369248,0.0,0.005173603385608285
1251.5,625.75,0.004561122425377555,0.0,99.99999773818934,0.0,0.005178831918754112
1252.0,626.0,0.0045619743367797195,0.0,99.99999804823803,0.0,0.004250000774735606
1252.5,626.25,0.004562851232448946,0.0,99.99999853000433,0.0,0.0037553404187988877
1253.0,626.5,0.004563714525570887,0.0,99.99999713100432,0.0,0.0045593521242134494
1253.5,626.75,0.00456458993312214,0.0,99.99999714043621,0.0,0.004281219544676787
1254.0,627.0,0.004565477447048061,0.0,99.99999823928036,0.0,0.0031262250725407653
1254.5,627.25,0.004566351364278359,0.0,99.99999779336099,0.0,0.00402450681336535
1255.0,627.5,0.004567224539269975,0.0,99.99999778934547,0.0,0.004026993493306445
1255.5,627.75,0.00456809697296811,0.0,99.999997785354,0.0,0.004029391082881843
1256.0,628.0,0.00456896866631636,0.0,99.9999977814229,0.0,0.004031632453442565
1256.5,628.25,0.00456983962025672,0.0,99.99999777758022,0.0,0.004033681416825043
1257.0,628.5,0.004570697003217456,0.0,99.99999814700675,0.0,0.003957533553385647
1257.5,628.75,0.004571540825346935,0.0,99.99999832720552,0.0,0.0045761084903634544
1258.0,629.0,0.004572396749390581,0.0,99.9999980735497,0.0,0.004708964606041121
1258.5,629.25,0.00457323912068192,0.0,99.99999830963228,0.0,0.004414921828460415
1259.0,629.5,0.004574080769521823,0.0,99.99999831034454,0.0,0.004414508352943105
1259.5,629.75,0.004574921696839298,0.0,99.99999831131966,0.0,0.0044136826718171205
1260.0,630.0,0.004575749089890787,0.0,99.99999765883398,0.0,0.005440453328622949
1260.5,630.25,0.004576575769620494,0.0,99.99999766131785,0.0,0.005437272450003972
1261.0,630.5,0.004577401736950488,0.0,99.99999785770825,0.0,0.005095652430833271
1261.5,630.75,0.004578214188828263,0.0,99.99999783303139,0.0,0.005167146998445001
1262.0,631.0,0.0045790259366316486,0.0,99.99999783298654,0.0,0.005168044710603535
1262.5,631.25,0.004579875373739067,0.0,99.9999974183109,0.0,0.004759110233199498
1263.0,631.5,0.004580724089581087,0.0,99.99999741812847,0.0,0.0047591034824538015
1263.5,631.75,0.004581559293641377,0.0,99.9999973697179,0.0,0.004997782075270223
1264.0,632.0,0.004582393784465629,0.0,99.99999736687872,0.0,0.005000021692580863
1264.5,632.25,0.0045832147778689025,0.0,99.99999778790796,0.0,0.004464314223101306
1265.0,632.5,0.0045840478480906775,0.0,99.99999759163785,0.0,0.004681488348386634
1265.5,632.75,0.004584892986646673,0.0,99.99999829328836,0.0,0.004247350735008321
1266.0,633.0,0.004585724633643506,0.0,99.99999783004296,0.0,0.00459462003965706
1266.5,633.25,0.004586568344602498,0.0,99.99999780560555,0.0,0.003942391457467644
1267.0,633.5,0.004587411341595128,0.0,99.99999780708376,0.0,0.0039417290009053025
1267.5,633.75,0.004588253625527274,0.0,99.99999780854564,0.0,0.003940997776702277
1268.0,634.0,0.004589095197303281,0.0,99.9999978099854,0.0,0.003940204117942024
1268.5,634.25,0.004589948818317538,0.0,99.9999978403152,0.0,0.0039891861742153995
1269.0,634.5,0.004590814480518218,0.0,99.9999975204464,0.0,0.00449532556366824
1269.5,634.75,0.0045889143828576826,0.0,99.99999773808295,0.0,0.004071241476845638
1270.0,635.0,0.004587015857413778,0.0,99.99999774282203,0.0,0.004067069644621652
1270.5,635.25,0.0045851316282490735,0.0,99.9999965710161,0.0,0.005083053830802345
1271.0,635.5,0.004583248946435359,0.0,99.99999657611514,0.0,0.0050799293591641415
1271.5,635.75,0.0045813678100673615,0.0,99.99999658114665,0.0,0.005076928749526554
1272.0,636.0,0.004579475522537007,0.0,99.99999676629065,0.0,0.004985930476204387
1272.5,636.25,0.00457757211338635,0.0,99.99999815079363,0.0,0.0040348991160984535
1273.0,636.5,0.0045756576122933405,0.0,99.99999816851906,0.0,0.004004145866300184
1273.5,636.75,0.004573744711953753,0.0,99.99999816783051,0.0,0.004005041974542482
1274.0,637.0,0.004571833410360793,0.0,99.9999981671771,0.0,0.004005912314593286
1274.5,637.25,0.004569923705511019,0.0,99.99999768166286,0.0,0.004160603507116542
1275.0,637.5,0.004568015595404333,0.0,99.9999976803311,0.0,0.004162088542523016
1275.5,637.75,0.00456608383683713,0.0,99.99999844077065,0.0,0.0033621790276379977
1276.0,638.0,0.004564153711413976,0.0,99.99999844495477,0.0,0.003358029810516302
1276.5,638.25,0.004562200018779032,0.0,99.9999989984067,0.0,0.0026647727364051367
1277.0,638.5,0.004560247997990399,0.0,99.99999733937288,0.0,0.0042607300689069295
1277.5,638.75,0.004558310224466427,0.0,99.99999741641989,0.0,0.004081710022394658
1278.0,639.0,0.00455637409706842,0.0,99.99999743573768,0.0,0.004068194619904703
1278.5,639.25,0.004554427057487235,0.0,99.99999873617459,0.0,0.0035664349671940677
1279.0,639.5,0.0045524942267098035,0.0,99.99999870975414,0.0,0.0037390605609475777
1279.5,639.75,0.004550563035765442,0.0,99.99999874585171,0.0,0.003632558718940089
1280.0,640.0,0.00454862095834928,0.0,99.99999848031052,0.0,0.0040951711867328565
1280.5,640.25,0.0045466930514310245,0.0,99.99999778422523,0.0,0.005440607078676135
1281.0,640.5,0.0045447667780849806,0.0,99.99999778294206,0.0,0.005442522167705622
1281.5,640.75,0.004542829643888354,0.0,99.99999868821317,0.0,0.0035709667544921195
1282.0,641.0,0.004540881678696888,0.0,99.99999887417556,0.0,0.0027808982533372465
1282.5,641.25,0.004538935383364197,0.0,99.99999887100725,0.0,0.002785052981887136
1283.0,641.5,0.004537028136715049,0.0,99.99999872461632,0.0,0.0029863353291868363
1283.5,641.75,0.004535122492230995,0.0,99.99999878213414,0.0,0.0029080463552456142
1284.0,642.0,0.004533218447894056,0.0,99.99999877813899,0.0,0.0029134245141575594
1284.5,642.25,0.004531316001689643,0.0,99.99999877460759,0.0,0.002918209050975655
1285.0,642.5,0.004529415151606544,0.0,99.99999766495458,0.0,0.004586225627849271
1285.5,642.75,0.0045275034874383705,0.0,99.99999745377156,0.0,0.004970574612005166
1286.0,643.0,0.004525593436245839,0.0,99.99999745256748,0.0,0.00497275179423301
1286.5,643.25,0.004523684995988379,0.0,99.99999745152024,0.0,0.004974870289803598
1287.0,643.5,0.0045217905414652575,0.0,99.99999779829312,0.0,0.004523271135518343
1287.5,643.75,0.004519910039562893,0.0,99.99999821378758,0.0,0.004014248313975537
1288.0,644.0,0.004520765986774093,0.0,99.99999821398262,0.0,0.0040142741042829486
1288.5,644.25,0.004521621222642005,0.0,99.99999821323591,0.0,0.00401533382560278
1289.0,644.5,0.004522488106266174,0.0,99.99999774863788,0.0,0.004380132773734047
1289.5,644.75,0.0045233542747883096,0.0,99.99999773537483,0.0,0.0043957610504347586
1290.0,645.0,0.004524244434797092,0.0,99.99999746325291,0.0,0.0051571313312522085
1290.5,645.25,0.0045251215205281674,0.0,99.99999725344834,0.0,0.005589671109469975
1291.0,645.5,0.004525997888413282,0.0,99.99999725602457,0.0,0.005587022804622702
1291.5,645.75,0.0045268735393333495,0.0,99.99999848356943,0.0,0.0033545531613829614
1292.0,646.0,0.0045277484741678455,0.0,99.99999775522377,0.0,0.003891937893369321
1292.5,646.25,0.004528622693794806,0.0,99.99999775560701,0.0,0.0038916875311272524
1293.0,646.5,0.004529459188564954,0.0,99.99999755402355,0.0,0.00450308735086142
1293.5,646.75,0.004530294986455398,0.0,99.99999755358938,0.0,0.004503646562004674
1294.0,647.0,0.004531142419385126,0.0,99.99999720136321,0.0,0.004517483781022451
1294.5,647.25,0.004531939838906676,0.0,99.99999812700737,0.0,0.004571737563774656
1295.0,647.5,0.004532736581930505,0.0,99.99999812453082,0.0,0.004574178154402997
1295.5,647.75,0.004533532649317116,0.0,99.99999812195706,0.0,0.004576744575136891
1296.0,648.0,0.004534340360791133,0.0,99.99999824142193,0.0,0.004442874904264796
1296.5,648.25,0.004535172024234656,0.0,99.99999857385166,0.0,0.003792071432130645
1297.0,648.5,0.004536002996856558,0.0,99.99999857243002,0.0,0.003793571612893442
1297.5,648.75,0.0045368332795172285,0.0,99.99999857102829,0.0,0.0037950320968843415
1298.0,649.0,0.004537650565646758,0.0,99.9999978774842,0.0,0.004702431225616503
1298.5,649.25,0.004538454864876589,0.0,99.99999796473868,0.0,0.004645369226808597
1299.0,649.5,0.004539258488413373,0.0,99.99999796487946,0.0,0.004644925613712835
1299.5,649.75,0.0045400614371082304,0.0,99.9999978004652,0.0,0.004509633651321189
1300.0,650.0,0.004540851416409884,0.0,99.99999858423328,0.0,0.00326287651646509
1300.5,650.25,0.004538934148916015,0.0,99.99999876504491,0.0,0.0032862416920823186
1301.0,650.5,0.004537018499780859,0.0,99.99999876564331,0.0,0.0032854584470036327
1301.5,650.75,0.004535104466956206,0.0,99.99999876638212,0.0,0.0032844581245277216
1302.0,651.0,0.004533192048397299,0.0,99.9999987672478,0.0,0.003283250466755079
1302.5,651.25,0.004531281242062827,0.0,99.99999876822127,0.0,0.0032818600824120556
1303.0,651.5,0.004532072923700203,0.0,99.99999876928075,0.0,0.0032803214115635173
1303.5,651.75,0.004532863938489117,0.0,99.99999877040595,0.0,0.003278670564284667
1304.0,652.0,0.004533654287271765,0.0,99.99999868808973,0.0,0.0034663429812846385
1304.5,652.25,0.004534431739403699,0.0,99.99999884089273,0.0,0.0031583417860838606
1305.0,652.5,0.004535220761712167,0.0,99.99999864140203,0.0,0.003333012111646661
1305.5,652.75,0.00453599689514651,0.0,99.99999888446841,0.0,0.0034663294363211903
1306.0,653.0,0.004536784594329558,0.0,99.99999883794281,0.0,0.0034745073192580783
1306.5,653.25,0.0045375838510487605,0.0,99.99999864168142,0.0,0.003907401629747944
1307.0,653.5,0.004538382440820677,0.0,99.99999864267998,0.0,0.0039058047034252006
1307.5,653.75,0.0045391803644797704,0.0,99.99999864358333,0.0,0.003904368214309789
1308.0,654.0,0.004539965412348814,0.0,99.99999791023846,0.0,0.005151499882920611
1308.5,654.25,0.004540725386929486,0.0,99.9999979654828,0.0,0.004839020111160355
1309.0,654.5,0.004541460307905635,0.0,99.99999893397613,0.0,0.003270366536963219
1309.5,654.75,0.004544880696881707,0.0,99.99999893432022,0.0,0.003269608916164129
1310.0,655.0,0.004548310359085613,0.0,99.99999890711254,0.0,0.00329333750997621
1310.5,655.25,0.004551749310259686,0.0,99.99999873268969,0.0,0.003927604392714405
1311.0,655.5,0.0045551853461457984,0.0,99.99999873197984,0.0,0.003928913073784902
1311.5,655.75,0.004558606246363171,0.0,99.99999901281129,0.0,0.003036777371832427
1312.0,656.0,0.004562036458766106,0.0,99.9999986514841,0.0,0.004488990152768388
1312.5,656.25,0.004562772279349906,0.0,99.99999846766191,0.0,0.005058259051527497
1313.0,656.5,0.004563519694908355,0.0,99.99999821362687,0.0,0.005381765204052489
1313.5,656.75,0.004561589489069854,0.0,99.99999821746279,0.0,0.005375187717513052
1314.0,657.0,0.0045596731163920785,0.0,99.99999822351798,0.0,0.0053781192505862815
1314.5,657.25,0.004557758353215573,0.0,99.99999822703799,0.0,0.005371993972038477
1315.0,657.5,0.004555845197513535,0.0,99.9999982315263,0.0,0.005364296798298947
1315.5,657.75,0.004553970158667376,0.0,99.99999875625541,0.0,0.003601577255924596
1316.0,658.0,0.004552108823183698,0.0,99.99999803051439,0.0,0.0036356669117933913
1316.5,658.25,0.00455023685798668,0.0,99.99999815370406,0.0,0.0037526911535132137
1317.0,658.5,0.004548354291174751,0.0,99.99999835369013,0.0,0.0036742309826638814
1317.5,658.75,0.004546461150969725,0.0,99.99999843425947,0.0,0.003548663080724409
1318.0,659.0,0.0045445695860547855,0.0,99.99999843713037,0.0,0.0035453622988274682
1318.5,659.25,0.004542691704789021,0.0,99.999997553629,0.0,0.005672481415516424
1319.0,659.5,0.004540803274494755,0.0,99.99999780913372,0.0,0.005286596410562231
1319.5,659.75,0.004538916413616749,0.0,99.99999781001986,0.0,0.00528540915616223
1320.0,660.0,0.004537043200426014,0.0,99.99999799153291,0.0,0.0050575889357633375
1320.5,660.25,0.004535171532749581,0.0,99.9999982931023,0.0,0.004484004058973148
1321.0,660.5,0.004533265227940238,0.0,99.99999778110453,0.0,0.005122406062136016
1321.5,660.75,0.004531372575090747,0.0,99.99999814901645,0.0,0.004608207885130492
1322.0,661.0,0.004529493542016103,0.0,99.9999981763244,0.0,0.004762249712595495
1322.5,661.25,0.004527616066660112,0.0,99.99999817675909,0.0,0.0047619321678624305
1323.0,661.5,0.004525740147086555,0.0,99.999998177265,0.0,0.004761536936107023
1323.5,661.75,0.004523865781362416,0.0,99.99999817782894,0.0,0.004761096432556833
1324.0,662.0,0.004521992967557885,0.0,99.99999817843074,0.0,0.004760643339260689
1324.5,662.25,0.004520121703746343,0.0,99.99999817904947,0.0,0.004760205331675174
1325.0,662.5,0.004518251988004359,0.0,99.99999817966624,0.0,0.004759804012120208
1325.5,662.75,0.004516383818411685,0.0,99.99999818025275,0.0,0.004759464725538373
1326.0,663.0,0.004514529153684746,0.0,99.99999776820808,0.0,0.005169164763004147
1326.5,663.25,0.0045126760115782975,0.0,99.99999776823499,0.0,0.005169622648482496
1327.0,663.5,0.004510836331292339,0.0,99.99999804546749,0.0,0.004866170504967961
1327.5,663.75,0.004508998150358153,0.0,99.99999804546054,0.0,0.004866585294061131
1328.0,664.0,0.004507185310384777,0.0,99.99999739868043,0.0,0.005670797310966376
1328.5,664.25,0.004505350103247607,0.0,99.99999822255002,0.0,0.0046689490224213785
1329.0,664.5,0.004503516389998176,0.0,99.9999982253118,0.0,0.004665161738867567
1329.5,664.75,0.004501684168813157,0.0,99.99999822797007,0.0,0.004661486539459541
1330.0,665.0,0.0044998415548748285,0.0,99.99999791409219,0.0,0.004544880556891508
1330.5,665.25,0.004500616360070426,0.0,99.99999819595176,0.0,0.004393484975346413
1331.0,665.5,0.004501378646156282,0.0,99.99999867090092,0.0,0.0030426653345435603
1331.5,665.75,0.004502140296924988,0.0,99.99999867396593,0.0,0.0030381104553430455
1332.0,666.0,0.004502913184466531,0.0,99.99999841755927,0.0,0.003641893473440527
1332.5,666.25,0.004503685432461848,0.0,99.99999841555169,0.0,0.0036447045242027996
1333.0,666.5,0.004504468907310674,0.0,99.99999833911005,0.0,0.0035772298282747226
1333.5,666.75,0.004505251738511081,0.0,99.9999983385467,0.0,0.0035779065217622294
1334.0,667.0,0.004506022066874421,0.0,99.99999861167608,0.0,0.003302749714983483
1334.5,667.25,0.004506791758859016,0.0,99.9999977366134,0.0,0.004390611718052531
1335.0,667.5,0.004507560815253123,0.0,99.99999773494689,0.0,0.004392119745447831
1335.5,667.75,0.004508329236843697,0.0,99.9999977333658,0.0,0.004393527807549557
1336.0,668.0,0.0045091088729067195,0.0,99.99999789485695,0.0,0.004218268525758502
1336.5,668.25,0.004512526331825656,0.0,99.99999871741272,0.0,0.0029923683030491453
1337.0,668.5,0.004515941009207793,0.0,99.99999871853055,0.0,0.0029909652406319522
1337.5,668.75,0.004519400352733686,0.0,99.9999975248559,0.0,0.00499103152385108
1338.0,669.0,0.004522856955466649,0.0,99.99999752798757,0.0,0.0049876956604710775
1338.5,669.25,0.0045263108206626355,0.0,99.99999753121162,0.0,0.004984257959625094
1339.0,669.5,0.0045297738258763326,0.0,99.99999805255335,0.0,0.00418196257834197
1339.5,669.75,0.004533210351441718,0.0,99.99999842943274,0.0,0.003602674485505444
1340.0,670.0,0.004536644140604537,0.0,99.99999843011237,0.0,0.0036019399675002615
1340.5,670.25,0.004540075196631861,0.0,99.99999843111108,0.0,0.0036008521505052765
1341.0,670.5,0.004543479740163209,0.0,99.99999898856375,0.0,0.002685974479603656
1341.5,670.75,0.004546857749802481,0.0,99.9999983784185,0.0,0.0034899619294600226
1342.0,671.0,0.004550233003310687,0.0,99.99999838049904,0.0,0.00348731083644508
1342.5,671.25,0.0045535936009201295,0.0,99.99999872607235,0.0,0.0029955697003521383
1343.0,671.5,0.004556939534324677,0.0,99.99999882545777,0.0,0.0030019158222429564
1343.5,671.75,0.004560294616971818,0.0,99.99999881905894,0.0,0.0029933385305708957
1344.0,672.0,0.004563646949170685,0.0,99.99999849974482,0.0,0.0034891282176667017
1344.5,672.25,0.004567008452880217,0.0,99.99999879006548,0.0,0.0033523458203006764
1345.0,672.5,0.004570379143210431,0.0,99.99999793011246,0.0,0.004160455242579438
1345.5,672.75,0.004573770962030399,0.0,99.99999842558488,0.0,0.003932760332878705
1346.0,673.0,0.004577148144769253,0.0,99.99999795322321,0.0,0.004475128215602141
1346.5,673.25,0.004580474879039507,0.0,99.99999892452728,0.0,0.0031342346494764154
1347.0,673.5,0.004583798875406617,0.0,99.99999892441352,0.0,0.003134174608118814
1347.5,673.75,0.004587108195355618,0.0,99.99999892713635,0.0,0.003012967370456191
1348.0,674.0,0.004590414776763758,0.0,99.999998926825,0.0,0.0030132868239252284
1348.5,674.25,0.004593718623028941,0.0,99.99999892657084,0.0,0.0030135503081300976
1349.0,674.5,0.004597019737543454,0.0,99.99999892637878,0.0,0.00301374972057461
1349.5,674.75,0.004600306167269212,0.0,99.99999798407002,0.0,0.00465793917707947
1350.0,675.0,0.004603589864828002,0.0,99.99999798321458,0.0,0.004658725010539007
1350.5,675.25,0.004606870833625483,0.0,99.9999979825242,0.0,0.004659350099551827
1351.0,675.5,0.004610137110046257,0.0,99.99999825084794,0.0,0.004212774244579275
1351.5,675.75,0.004613400657500408,0.0,99.99999826564479,0.0,0.004193959711356838
1352.0,676.0,0.004616661479406577,0.0,99.9999982805578,0.0,0.004175088237869105
1352.5,676.25,0.0046199195791776955,0.0,99.9999981249689,0.0,0.0048385366075390885
1353.0,676.5,0.004623174960221,0.0,99.99999812504144,0.0,0.004838533147706248
1353.5,676.75,0.004626427625938043,0.0,99.99999866280552,0.0,0.003947514259719965
1354.0,677.0,0.004627112236601571,0.0,99.999998737452,0.0,0.0033274752224616675
1354.5,677.25,0.004627796283786407,0.0,99.99999873782428,0.0,0.0033268821406472605
1355.0,677.5,0.00462588061192018,0.0,99.99999854052464,0.0,0.0034376372932433006
1355.5,677.75,0.0046239665253788005,0.0,99.99999854035525,0.0,0.0034377779019244084
1356.0,678.0,0.004622054022195165,0.0,99.99999854020693,0.0,0.003437855696529546
1356.5,678.25,0.004620131162112857,0.0,99.99999850047932,0.0,0.003451502449097006
1357.0,678.5,0.004618197972952031,0.0,99.99999794883546,0.0,0.004956417363699043
1357.5,678.75,0.004616290237630511,0.0,99.9999988368479,0.0,0.002484889623208866
1358.0,679.0,0.004614372169245261,0.0,99.99999813287349,0.0,0.0033166748526054493
1358.5,679.25,0.0046124437955149915,0.0,99.99999778553442,0.0,0.003666282408292357
1359.0,679.5,0.004610528921528179,0.0,99.99999867356647,0.0,0.0028039389719202988
1359.5,679.75,0.0046086156368163435,0.0,99.99999867318014,0.0,0.002804928752424544
1360.0,680.0,0.0046066920704607465,0.0,99.99999873022563,0.0,0.0027141756390393775
1360.5,680.25,0.004604770109170137,0.0,99.99999872958102,0.0,0.002715193617070186
1361.0,680.5,0.004602861600086497,0.0,99.99999878190667,0.0,0.003169786117855088
1361.5,680.75,0.004600966511757168,0.0,99.99999867955127,0.0,0.0029537842037665575
1362.0,681.0,0.00459907298327563,0.0,99.99999867933431,0.0,0.002953882465538937
1362.5,681.25,0.0045972164728447975,0.0,99.99999801976533,0.0,0.003487384820782408
1363.0,681.5,0.00459537327127352,0.0,99.99999813561166,0.0,0.003423809224174449
1363.5,681.75,0.004593519745969109,0.0,99.99999878049341,0.0,0.0028571999780168497
1364.0,682.0,0.004591667715285785,0.0,99.99999778887293,0.0,0.0038322654053165274
1364.5,682.25,0.004589817177416457,0.0,99.9999977892414,0.0,0.0038316983976364794
1365.0,682.5,0.004587968130556946,0.0,99.9999977896234,0.0,0.0038311315477809367
1365.5,682.75,0.0045861205729059796,0.0,99.99999779004419,0.0,0.003830541454087364
1366.0,683.0,0.0045842745026651865,0.0,99.99999779053722,0.0,0.0038298937431290488
1366.5,683.25,0.004582394685652338,0.0,99.99999831345082,0.0,0.003243618216632683
1367.0,683.5,0.004580528144117557,0.0,99.99999801661173,0.0,0.003563181008449468
1367.5,683.75,0.004578663122556062,0.0,99.99999801636504,0.0,0.0035637127529796367
1368.0,684.0,0.004576799619111978,0.0,99.99999801614209,0.0,0.003564225390316177
1368.5,684.25,0.00457493763193245,0.0,99.99999801595031,0.0,0.003564712476091987
1369.0,684.5,0.004573077159167638,0.0,99.99999801579685,0.0,0.003565169435251686
1369.5,684.75,0.004571218198970709,0.0,99.99999801568993,0.0,0.0035655855818769004
1370.0,685.0,0.004569384104267825,0.0,99.99999716080333,0.0,0.004227135283563306
1370.5,685.25,0.004567551480750121,0.0,99.99999716250895,0.0,0.004226669649362557
1371.0,685.5,0.004568273861506484,0.0,99.99999716400308,0.0,0.004226364932636567
1371.5,685.75,0.004568995663282887,0.0,99.99999716531433,0.0,0.004226188760137418
1372.0,686.0,0.004569728546387465,0.0,99.99999693638941,0.0,0.004391012558836424
1372.5,686.25,0.0045704608463004006,0.0,99.99999693701884,0.0,0.004391029155425924
1373.0,686.5,0.004571204217847328,0.0,99.99999881944127,0.0,0.0029022838117595644
1373.5,686.75,0.004571947002112678,0.0,99.99999881956184,0.0,0.002902259650289326
1374.0,687.0,0.004572689199792128,0.0,99.99999881967842,0.0,0.002902238851045899
1374.5,687.25,0.0045734308115802525,0.0,99.9999988198131,0.0,0.002902191757533928
1375.0,687.5,0.004574171838170535,0.0,99.99999881998247,0.0,0.0029020950347264244
1375.5,687.75,0.00457491228025536,0.0,99.9999988201971,0.0,0.002901934740487605
1376.0,688.0,0.004575652138526024,0.0,99.99999722276442,0.0,0.004162022119483325
1376.5,688.25,0.004576403048901409,0.0,99.99999706282696,0.0,0.004430472348850644
1377.0,688.5,0.004577153371488985,0.0,99.99999706469836,0.0,0.004429594816437118
1377.5,688.75,0.004577914736973139,0.0,99.99999851084696,0.0,0.0032958943344602934
1378.0,689.0,0.004578675510815629,0.0,99.99999849262025,0.0,0.0033509993552271883
1378.5,689.25,0.004579435693705815,0.0,99.99999849192544,0.0,0.0033521803802053036
1379.0,689.5,0.0045801836640961815,0.0,99.99999857059967,0.0,0.003391909410662533
1379.5,689.75,0.004580931050139127,0.0,99.99999857043082,0.0,0.003392464730430587
1380.0,690.0,0.004581689469467236,0.0,99.99999848916505,0.0,0.003356518448510366
1380.5,690.25,0.004582447300588773,0.0,99.999998487843,0.0,0.003358424552329364
1381.0,690.5,0.004583204544187767,0.0,99.99999848627924,0.0,0.003360604669130539
1381.5,690.75,0.0045839612009471835,0.0,99.9999984844821,0.0,0.0033630485574234806
1382.0,691.0,0.00458471727154893,0.0,99.99999848248036,0.0,0.0033657240608556006
1382.5,691.25,0.004585495964915388,0.0,99.99999770959661,0.0,0.003906541069529836
1383.0,691.5,0.004586285665137905,0.0,99.999997474533,0.0,0.004130291720998966
1383.5,691.75,0.004587074766284242,0.0,99.99999747285227,0.0,0.004131972491839765
1384.0,692.0,0.004587863269035841,0.0,99.99999747109757,0.0,0.004133694379094208
1384.5,692.25,0.00458865117407311,0.0,99.99999746934543,0.0,0.004135396614675037
1385.0,692.5,0.004589415297882605,0.0,99.99999827994833,0.0,0.003625840818539735
1385.5,692.75,0.0045901556562685415,0.0,99.99999850928373,0.0,0.003065043398691237
1386.0,693.0,0.004590895439138456,0.0,99.9999985170104,0.0,0.0030555915740461755
1386.5,693.25,0.004591634647163152,0.0,99.99999852397755,0.0,0.0030470591171978725
1387.0,693.5,0.00459237328101239,0.0,99.99999852995776,0.0,0.0030397202748316
1387.5,693.75,0.004593111341354892,0.0,99.99999853485778,0.0,0.003033688830294655
1388.0,694.0,0.004593860405106417,0.0,99.99999792911427,0.0,0.003746680827290916
1388.5,694.25,0.004594597317803057,0.0,99.99999786598904,0.0,0.003750005024767097
1389.0,694.5,0.004595356801128066,0.0,99.99999691175346,0.0,0.004798906120144406
1389.5,694.75,0.004593587100704014,0.0,99.99999756180868,0.0,0.004472343576902147
1390.0,695.0,0.004594311708701516,0.0,99.99999773553844,0.0,0.0036992393718628005
1390.5,695.25,0.004595035751742316,0.0,99.99999773920277,0.0,0.003695809724154381
1391.0,695.5,0.004595759230486879,0.0,99.99999774235319,0.0,0.0036928769424154724
1391.5,695.75,0.0045939690334319315,0.0,99.99999774565617,0.0,0.0036896914164479245
1392.0,696.0,0.00459466927927249,0.0,99.99999800749141,0.0,0.0034409759358907405
1392.5,696.25,0.004595368972972701,0.0,99.99999800737682,0.0,0.003441141032940558
1393.0,696.5,0.004596091188858935,0.0,99.99999787600319,0.0,0.003525459289039262
1393.5,696.75,0.004596812842973174,0.0,99.99999787727164,0.0,0.003523965521559088
1394.0,697.0,0.004597533935970624,0.0,99.99999787886854,0.0,0.003522190522045489
1394.5,697.25,0.004598254468505467,0.0,99.99999788078699,0.0,0.0035201416460550654
1395.0,697.5,0.004598962915065802,0.0,99.9999978129099,0.0,0.0036560848762614328
1395.5,697.75,0.004599670807873554,0.0,99.9999978147064,0.0,0.0036539138926710525
1396.0,698.0,0.0046003781475777265,0.0,99.99999781659183,0.0,0.0036516703871522643
1396.5,698.25,0.004601084934826308,0.0,99.99999781851442,0.0,0.0036494067065988172
1397.0,698.5,0.004601791170266273,0.0,99.99999782041725,0.0,0.0036471811510964806
1397.5,698.75,0.004602462317339777,0.0,99.99999735392078,0.0,0.004162270481407644
1398.0,699.0,0.004603132930777982,0.0,99.99999735335204,0.0,0.004162479148674759
1398.5,699.25,0.004603814517761677,0.0,99.99999764580252,0.0,0.0038032411496274968
1399.0,699.5,0.004604507070404237,0.0,99.9999986484303,0.0,0.002593326220330497
1399.5,699.75,0.004605222082089831,0.0,99.99999833684309,0.0,0.0028346831822657183
1400.0,700.0,0.0046059250420025415,0.0,99.99999862979972,0.0,0.0026481378548488697
1400.5,700.25,0.004606638950305196,0.0,99.99999856657783,0.0,0.0028103057912236516
1401.0,700.5,0.004607352306544835,0.0,99.99999856706242,0.0,0.002809917983935542
1401.5,700.75,0.004608065111361573,0.0,99.99999856751748,0.0,0.002809563107413992
1402.0,701.0,0.004608777365394538,0.0,99.99999856792417,0.0,0.002809270567886551
1402.5,701.25,0.004609489069281866,0.0,99.99999856826516,0.0,0.0028090686404504705
1403.0,701.5,0.004610188741276507,0.0,99.99999737295306,0.0,0.004502168379953019
1403.5,701.75,0.004610910829167247,0.0,99.999997208557,0.0,0.004651792989546779
1404.0,702.0,0.004611632363554914,0.0,99.9999985915991,0.0,0.0028390732725504836
1404.5,702.25,0.00461234187056087,0.0,99.99999858233754,0.0,0.003307295972153461
1405.0,702.5,0.004613073774364739,0.0,99.99999856609769,0.0,0.003290062187336319
1405.5,702.75,0.004613816590846943,0.0,99.99999847927612,0.0,0.0034395884807234627
1406.0,703.0,0.004612062431819255,0.0,99.99999738060852,0.0,0.004553015165275188
1406.5,703.25,0.004610309606136481,0.0,99.9999973788971,0.0,0.004553628553209929
1407.0,703.5,0.0046085581122789765,0.0,99.99999737700854,0.0,0.004554281456922464
1407.5,703.75,0.004606807948729405,0.0,99.9999975989291,0.0,0.004863588174760586
1408.0,704.0,0.004605047688047718,0.0,99.99999769036637,0.0,0.0045147420385605935
1408.5,704.25,0.004603288772042957,0.0,99.99999769402584,0.0,0.004511546131023444
1409.0,704.5,0.004601531199174898,0.0,99.99999769745934,0.0,0.004508680987884316
1409.5,704.75,0.004599774967905665,0.0,99.9999977008175,0.0,0.004506003926208889
1410.0,705.0,0.004598031467777858,0.0,99.9999989181876,0.0,0.002234420730416335
1410.5,705.25,0.0045962892888629136,0.0,99.99999891746224,0.0,0.0022356419458591614
1411.0,705.5,0.004594548429659592,0.0,99.999998916756,0.0,0.0022368488139818546
1411.5,705.75,0.004592808888668927,0.0,99.99999891607764,0.0,0.002238038694955218
1412.0,706.0,0.0045910706643942185,0.0,99.99999891543693,0.0,0.00223921024347481
1412.5,706.25,0.00458934510342099,0.0,99.99999845840631,0.0,0.002815410839543299
1413.0,706.5,0.004587620839069919,0.0,99.99999846318386,0.0,0.002812478999022077
1413.5,706.75,0.00458589786988009,0.0,99.99999846848165,0.0,0.0028091717793392226
1414.0,707.0,0.004584176194392782,0.0,99.9999984740357,0.0,0.002805749490469898
1414.5,707.25,0.004582433183136844,0.0,99.99999870423143,0.0,0.0028240621920525007
1415.0,707.5,0.004580702802225195,0.0,99.9999985563043,0.0,0.0030302319501480453
1415.5,707.75,0.004578985024547899,0.0,99.99999834344706,0.0,0.003661941385330644
1416.0,708.0,0.0045772685347315045,0.0,99.99999833980769,0.0,0.0036655333809693016
1416.5,708.25,0.004575553331328241,0.0,99.99999833630261,0.0,0.0036690763949052464
1417.0,708.5,0.00457383941289251,0.0,99.99999833308925,0.0,0.0036723673263758757
1417.5,708.75,0.004572092988882621,0.0,99.99999746492416,0.0,0.003797401365057204
1418.0,709.0,0.004570359152415075,0.0,99.99999883950375,0.0,0.002696897809754136
1418.5,709.25,0.004568626630465552,0.0,99.99999752699847,0.0,0.004466080990589254
1419.0,709.5,0.004566895421539703,0.0,99.99999786098803,0.0,0.004489314050566933
1419.5,709.75,0.004565165524145446,0.0,99.99999786006966,0.0,0.004490678749328225
1420.0,710.0,0.004563448157163581,0.0,99.9999988687792,0.0,0.002768780270688149
1420.5,710.25,0.004561743293794948,0.0,99.99999737731764,0.0,0.00457527334548509
1421.0,710.5,0.004560039703793973,0.0,99.99999887084188,0.0,0.002891646554244719
1421.5,710.75,0.004558337385734565,0.0,99.9999988706334,0.0,0.00289221525889116
1422.0,711.0,0.004556625151294194,0.0,99.99999831816766,0.0,0.003528824333659361
1422.5,711.25,0.004554914202693682,0.0,99.99999831673603,0.0,0.0035308410690147495
1423.0,711.5,0.004553204538485127,0.0,99.99999807083351,0.0,0.0038032337796966545
1423.5,711.75,0.004551496157222803,0.0,99.99999806505063,0.0,0.0038099271216339775
1424.0,712.0,0.004549789057463149,0.0,99.99999805953848,0.0,0.0038162481709866298
1424.5,712.25,0.004548083237764774,0.0,99.99999805438112,0.0,0.003822107668652847
1425.0,712.5,0.0045463898333317,0.0,99.99999694626598,0.0,0.00525741302586209
1425.5,712.75,0.0045446976894521875,0.0,99.99999694180485,0.0,0.00526251851648538
1426.0,713.0,0.004543006804719244,0.0,99.99999693787494,0.0,0.005266982203539642
1426.5,713.25,0.004541317177727971,0.0,99.99999756013825,0.0,0.005359742597350091
1427.0,713.5,0.004539606600040113,0.0,99.99999700713713,0.0,0.005621875165815043
1427.5,713.75,0.004537908405644024,0.0,99.9999971161803,0.0,0.005536875557795058
1428.0,714.0,0.00453621148130768,0.0,99.99999711602842,0.0,0.00553756034701009
1428.5,714.25,0.004536947906944927,0.0,99.99999789490496,0.0,0.0043393789118333715
1429.0,714.5,0.004537683778635276,0.0,99.99999789656874,0.0,0.00433729202553877
1429.5,714.75,0.004538419097003521,0.0,99.99999789821932,0.0,0.004335174813710842
1430.0,715.0,0.004539142785325391,0.0,99.99999736155088,0.0,0.0054403918825233705
1430.5,715.25,0.004539865926366839,0.0,99.99999736521522,0.0,0.005436496172120268
1431.0,715.5,0.004540599593248114,0.0,99.99999718380423,0.0,0.005421832723270107
1431.5,715.75,0.004541332709296203,0.0,99.99999718447619,0.0,0.0054211974827434485
1432.0,716.0,0.004542065275131218,0.0,99.9999971841405,0.0,0.005421801890528209
1432.5,716.25,0.004542797291372339,0.0,99.9999971827982,0.0,0.005423650865401216
1433.0,716.5,0.004543517695613533,0.0,99.99999739514531,0.0,0.005239029010653761
1433.5,716.75,0.004541803577948156,0.0,99.99999703527669,0.0,0.005786213343522087
1434.0,717.0,0.0045400907531538545,0.0,99.99999703569306,0.0,0.005785562159245411
1434.5,717.25,0.00453837921976846,0.0,99.99999723606037,0.0,0.005519230853765158
1435.0,717.5,0.004536646917098004,0.0,99.99999824970392,0.0,0.0040610548589676875
1435.5,717.75,0.00453491593636536,0.0,99.99999825258209,0.0,0.004057630697718047
1436.0,718.0,0.0045331862760579255,0.0,99.99999825619842,0.0,0.004053235442944138
1436.5,718.25,0.00453145793466541,0.0,99.99999837370895,0.0,0.0039024906362472886
1437.0,718.5,0.004529719914746108,0.0,99.99999815906374,0.0,0.004075909227150135
1437.5,718.75,0.004527994215038474,0.0,99.99999835256007,0.0,0.0038444805917797367
1438.0,719.0,0.004526280808908963,0.0,99.99999843811034,0.0,0.0037769961662717047
1438.5,719.25,0.004524557728119181,0.0,99.9999981501057,0.0,0.004321092680094685
1439.0,719.5,0.004522824996243098,0.0,99.99999803300774,0.0,0.004161373973897839
1439.5,719.75,0.004521082636959003,0.0,99.9999985700357,0.0,0.003536560358954019
1440.0,720.0,0.004519341619600283,0.0,99.99999857033,0.0,0.0035358442635489667
1440.5,720.25,0.0045176019426172555,0.0,99.9999985705996,0.0,0.003535196801040324
1441.0,720.5,0.004515863604462622,0.0,99.99999857084761,0.0,0.003534615048261525
1441.5,720.75,0.004514137523949604,0.0,99.99999820748258,0.0,0.004120323814280179
1442.0,721.0,0.004512390938461241,0.0,99.99999797512015,0.0,0.004349836484459206
1442.5,721.25,0.004510656607531781,0.0,99.99999839996178,0.0,0.0037174883334391453
1443.0,721.5,0.004508912714118986,0.0,99.99999832073676,0.0,0.0038323431704214562
1443.5,721.75,0.004507181055347024,0.0,99.99999855735126,0.0,0.003266711925516791
1444.0,722.0,0.004505450726159863,0.0,99.99999855695579,0.0,0.0032675560649158947
1444.5,722.25,0.004503732595100923,0.0,99.9999985971871,0.0,0.0032446269063681893
1445.0,722.5,0.004502026635784598,0.0,99.99999858056565,0.0,0.003181869142149912
1445.5,722.75,0.004500321968372335,0.0,99.99999858292831,0.0,0.0031791835493641925
1446.0,723.0,0.004498618591397175,0.0,99.99999858508686,0.0,0.0031768874774367735
1446.5,723.25,0.004496894829052929,0.0,99.99999717189709,0.0,0.005063903178935742
1447.0,723.5,0.004497581375628746,0.0,99.99999766025708,0.0,0.004668521672867424
1447.5,723.75,0.0044982890608256335,0.0,99.9999981041033,0.0,0.004063669329177987
1448.0,724.0,0.004499007040982127,0.0,99.9999979858337,0.0,0.004165861746529326
1448.5,724.25,0.004499713654585617,0.0,99.9999982911297,0.0,0.003950353403811504
1449.0,724.5,0.004500452210056382,0.0,99.99999820641226,0.0,0.003956323845342224
1449.5,724.75,0.004501190218567409,0.0,99.99999820740037,0.0,0.003956282580557786
1450.0,725.0,0.004501938501549119,0.0,99.99999796133821,0.0,0.004476590774972626
1450.5,725.25,0.004502686234370345,0.0,99.99999796417033,0.0,0.004474626852441307
1451.0,725.5,0.004505835248793681,0.0,99.99999796689248,0.0,0.004472723873821752
1451.5,725.75,0.004508981949666508,0.0,99.99999807079062,0.0,0.004188979560798715
1452.0,726.0,0.0045121263395375075,0.0,99.99999807401935,0.0,0.004186218286069204
1452.5,726.25,0.004515268420951613,0.0,99.99999807701185,0.0,0.0041836226981295035
1453.0,726.5,0.004518397359951266,0.0,99.9999981643317,0.0,0.004254287558483036
1453.5,726.75,0.004521523988530768,0.0,99.99999817317288,0.0,0.004242562129403715
1454.0,727.0,0.004522251779423395,0.0,99.99999714837378,0.0,0.004502225551618845
1454.5,727.25,0.004523011539908151,0.0,99.9999976265212,0.0,0.004401085099251798
1455.0,727.5,0.004523770750912417,0.0,99.99999762722129,0.0,0.004401565246890675
1455.5,727.75,0.004524551075957397,0.0,99.99999757353761,0.0,0.004620934824268862
1456.0,728.0,0.004525320015028561,0.0,99.99999712232609,0.0,0.005005584407618072
1456.5,728.25,0.004526088402257303,0.0,99.99999712051574,0.0,0.005008653707220925
1457.0,728.5,0.004526856238237467,0.0,99.99999711861287,0.0,0.005011774859909385
1457.5,728.75,0.004527634346911455,0.0,99.99999728657303,0.0,0.0044753328177264875
1458.0,729.0,0.004528401080125218,0.0,99.99999771220335,0.0,0.004180178524644262
1458.5,729.25,0.004529178083173482,0.0,99.99999722428076,0.0,0.004382425278084477
1459.0,729.5,0.004529943715986618,0.0,99.9999969310346,0.0,0.004628565253401919
1459.5,729.75,0.004530708800507974,0.0,99.999996907491,0.0,0.00465225250906548
1460.0,730.0,0.004531462524160641,0.0,99.99999819180941,0.0,0.00392225049687208
1460.5,730.25,0.00453221570484303,0.0,99.99999818711677,0.0,0.003929258955617017
1461.0,730.5,0.00453296834314165,0.0,99.99999818448563,0.0,0.003933461411573951
1461.5,730.75,0.004533731246513889,0.0,99.99999765385468,0.0,0.004440903652198885
1462.0,731.0,0.004534493604529251,0.0,99.99999765386471,0.0,0.004441245378079804
1462.5,731.25,0.004532884253050705,0.0,99.99999771002064,0.0,0.004466260793282271
1463.0,731.5,0.004531265254029445,0.0,99.99999822681337,0.0,0.004009001847978922
1463.5,731.75,0.004529636629360043,0.0,99.9999979678394,0.0,0.004377264453344605
1464.0,732.0,0.004528019948985419,0.0,99.9999978660701,0.0,0.004464611664072968
1464.5,732.25,0.004526415188584776,0.0,99.99999777224168,0.0,0.004837000565421052
1465.0,732.5,0.004524790047839609,0.0,99.99999843056314,0.0,0.003798414333197155
1465.5,732.75,0.004523166073639901,0.0,99.99999843067134,0.0,0.00379818742746256
1466.0,733.0,0.004521543264730062,0.0,99.99999764588607,0.0,0.004731449638630523
1466.5,733.25,0.004519910884363436,0.0,99.99999722477993,0.0,0.00466522168324472
1467.0,733.5,0.004518279682224618,0.0,99.9999971447403,0.0,0.004751178350532581
1467.5,733.75,0.004516649657038426,0.0,99.99999795101868,0.0,0.003795912461195133
1468.0,734.0,0.004515010095306335,0.0,99.99999811093912,0.0,0.00368317022635018
1468.5,734.25,0.004513371723477122,0.0,99.99999764028864,0.0,0.004172316678814733
1469.0,734.5,0.0045117452369436775,0.0,99.99999786216677,0.0,0.00390990520982599
1469.5,734.75,0.004510109233281431,0.0,99.99999771409807,0.0,0.004010067682926036
1470.0,735.0,0.00450847441565149,0.0,99.99999731792848,0.0,0.004595587953939643
1470.5,735.25,0.004506851456260095,0.0,99.99999726939515,0.0,0.0047127587430503695
1471.0,735.5,0.004505250996695045,0.0,99.9999973798017,0.0,0.004622116070487791
1471.5,735.75,0.004503641015082346,0.0,99.99999734361495,0.0,0.0049610282560109045
1472.0,736.0,0.004502021533053071,0.0,99.99999824997133,0.0,0.003933851646431822
1472.5,736.25,0.0045004032153169796,0.0,99.99999824980927,0.0,0.0039337595793573045
1473.0,736.5,0.0044987860606189554,0.0,99.99999750374889,0.0,0.004788033451531934
1473.5,736.75,0.004497180695444212,0.0,99.99999767278112,0.0,0.004617521344354578
1474.0,737.0,0.004495576475590886,0.0,99.99999767256418,0.0,0.004617398468097146
1474.5,737.25,0.004494005237889447,0.0,99.99999781381122,0.0,0.005624875474426445
1475.0,737.5,0.004492435098122998,0.0,99.99999781614834,0.0,0.005621243141676288
1475.5,737.75,0.004490855457227138,0.0,99.99999736090031,0.0,0.0063316603561333765
1476.0,738.0,0.0044892875172801005,0.0,99.99999711190185,0.0,0.005071596482513879
1476.5,738.25,0.004487731254937566,0.0,99.99999750632239,0.0,0.004551639506425637
1477.0,738.5,0.004486186647052861,0.0,99.999997204055,0.0,0.004867592120134842
1477.5,738.75,0.004484653670676068,0.0,99.99999859644939,0.0,0.0030379846061975575
1478.0,739.0,0.004483132303053148,0.0,99.99999790286414,0.0,0.0046279810289959825
1478.5,739.25,0.004481611967293417,0.0,99.99999790360317,0.0,0.00462688215434967
1479.0,739.5,0.004480103209524281,0.0,99.99999825464569,0.0,0.0031442967036412694
1479.5,739.75,0.004478584927196519,0.0,99.99999836895735,0.0,0.0030438801284269922
1480.0,740.0,0.004477036075076813,0.0,99.99999817001253,0.0,0.00408796835203297
1480.5,740.25,0.0044754882938817745,0.0,99.99999817008413,0.0,0.00408815749361923
1481.0,740.5,0.004473931064315991,0.0,99.99999740165539,0.0,0.004913085726363775
1481.5,740.75,0.0044723644072178275,0.0,99.99999815125891,0.0,0.0039725671372066755
1482.0,741.0,0.004470798846942683,0.0,99.99999815112727,0.0,0.003972358641138026
1482.5,741.25,0.004469244878452039,0.0,99.99999801935554,0.0,0.004088041244179332
1483.0,741.5,0.004467681501028295,0.0,99.99999814197932,0.0,0.004090367315317127
1483.5,741.75,0.004466119216985804,0.0,99.99999814304962,0.0,0.004089260463508562
1484.0,742.0,0.004464568499337236,0.0,99.99999775874488,0.0,0.00456164909474247
1484.5,742.25,0.004463008391300065,0.0,99.99999814616164,0.0,0.0040860150129351505
1485.0,742.5,0.004461459832794895,0.0,99.99999771373692,0.0,0.004441202589848225
1485.5,742.75,0.0044599018962199815,0.0,99.99999787007475,0.0,0.004155847367965182
1486.0,743.0,0.004458334602346073,0.0,99.9999982105717,0.0,0.0036706802961890355
1486.5,743.25,0.004456768409638611,0.0,99.99999821191352,0.0,0.00366901938435739
1487.0,743.5,0.004455203316937498,0.0,99.99999821324673,0.0,0.0036672340378081634
1487.5,743.75,0.004453639323084268,0.0,99.99999821456117,0.0,0.0036653301521155667
1488.0,744.0,0.004452086842597791,0.0,99.99999817606276,0.0,0.0037999849693852875
1488.5,744.25,0.004450545852549651,0.0,99.9999972816645,0.0,0.005400422602487938
1489.0,744.5,0.004449016330204449,0.0,99.9999969395531,0.0,0.005763759634556631
1489.5,744.75,0.004447498253018947,0.0,99.99999802048566,0.0,0.004447947201113101
1490.0,745.0,0.004445970824338594,0.0,99.99999802083462,0.0,0.004632629840866416
1490.5,745.25,0.004444454824440531,0.0,99.99999783170684,0.0,0.004957399117265437
1491.0,745.5,0.004442929485129143,0.0,99.9999972676095,0.0,0.00582747769846668
1491.5,745.75,0.004441415558257695,0.0,99.99999714609892,0.0,0.005717175182552542
1492.0,746.0,0.004439892304031133,0.0,99.99999742344559,0.0,0.0052695316842140474
1492.5,746.25,0.004438370094294957,0.0,99.9999974237977,0.0,0.005270290054938448
1493.0,746.5,0.00443684892797523,0.0,99.99999742440517,0.0,0.005270901080923886
1493.5,746.75,0.004435328803999487,0.0,99.99999742520778,0.0,0.005271413867218335
1494.0,747.0,0.004433820051677419,0.0,99.9999974846898,0.0,0.005266590040904206
1494.5,747.25,0.00443231232546169,0.0,99.99999728645726,0.0,0.005717010576429669
1495.0,747.5,0.004430805624305868,0.0,99.99999728784262,0.0,0.005716360161600912
1495.5,747.75,0.004431627482607492,0.0,99.99999709614939,0.0,0.005861406131246887
1496.0,748.0,0.0044324487825308,0.0,99.99999709822193,0.0,0.005860447969206331
1496.5,748.25,0.0044332695246446525,0.0,99.99999710019341,0.0,0.005859509433485898
1497.0,748.5,0.004434079399550779,0.0,99.99999863862638,0.0,0.0038533977993419
1497.5,748.75,0.004434888721018072,0.0,99.99999863506157,0.0,0.003861031574092864
1498.0,749.0,0.004435707796296684,0.0,99.99999841066759,0.0,0.004956843558332381
1498.5,749.25,0.0044365572315882874,0.0,99.9999983317957,0.0,0.00528887882293371
1499.0,749.5,0.004437395798986667,0.0,99.99999754491206,0.0,0.0045791338917121754
1499.5,749.75,0.004438223503550347,0.0,99.99999842650563,0.0,0.0042504936368870355
1500.0,750.0,0.004439050651122641,0.0,99.99999842947294,0.0,0.004247246418840616
1500.5,750.25,0.004439866943172487,0.0,99.99999827193915,0.0,0.004994219031490977
1501.0,750.5,0.004440672385046876,0.0,99.99999829736086,0.0,0.004865070209465919
1501.5,750.75,0.00444146698223645,0.0,99.99999867923323,0.0,0.0033590529937906465
1502.0,751.0,0.00444226103439566,0.0,99.9999982801631,0.0,0.004831391579435187
1502.5,751.25,0.00444304424975561,0.0,99.99999867183985,0.0,0.004591996981300831
1503.0,751.5,0.004443837215226221,0.0,99.99999849554212,0.0,0.005180415523129867
1503.5,751.75,0.004444639926293055,0.0,99.99999882836897,0.0,0.004566245586913844
1504.0,752.0,0.004445390655191804,0.0,99.99999904095898,0.0,0.002635813399390529
1504.5,752.25,0.004446140856148143,0.0,99.99999753384986,0.0,0.004400044850061298
1505.0,752.5,0.0044469008130682925,0.0,99.99999818163155,0.0,0.0036138377493201822
1505.5,752.75,0.004447660239443164,0.0,99.99999817935792,0.0,0.0036164552447115724
1506.0,753.0,0.004448408856146545,0.0,99.99999864288198,0.0,0.003211891565327077
1506.5,753.25,0.004449156947129878,0.0,99.99999864316797,0.0,0.0032112546544935897
1507.0,753.5,0.004449904512946751,0.0,99.99999864375822,0.0,0.0032102348998164364
1507.5,753.75,0.004450651554149978,0.0,99.9999986446063,0.0,0.003208889637589379
1508.0,754.0,0.004451398071291598,0.0,99.99999864562452,0.0,0.0032073302761962963
1508.5,754.25,0.004452144064922872,0.0,99.99999864671689,0.0,0.0032056767741836445
1509.0,754.5,0.004452899803989392,0.0,99.99999829009386,0.0,0.003668057779234208
1509.5,754.75,0.004453655016931727,0.0,99.99999829009755,0.0,0.0036682463656352716
1510.0,755.0,0.004454409704299093,0.0,99.99999828982024,0.0,0.0036686640872126554
1510.5,755.25,0.0044551638666399445,0.0,99.99999828917076,0.0,0.003669383202206062
1511.0,755.5,0.004455907243439914,0.0,99.9999978507762,0.0,0.004187206826716876
1511.5,755.75,0.004456650100021408,0.0,99.99999785182958,0.0,0.00418665009818545
1512.0,756.0,0.00445509125343164,0.0,99.99999861978743,0.0,0.0036580004561927184
1512.5,756.25,0.004455833875839351,0.0,99.99999838971483,0.0,0.004098873971382372
1513.0,756.5,0.004456565730895177,0.0,99.99999806839438,0.0,0.004230267890465639
1513.5,756.75,0.004457297071148943,0.0,99.9999980670597,0.0,0.0042321530772095745
1514.0,757.0,0.004458017652830726,0.0,99.99999764235488,0.0,0.004812253850526526
1514.5,757.25,0.0044587377246884516,0.0,99.99999764259957,0.0,0.00481173621556665
1515.0,757.5,0.004459457287262991,0.0,99.99999764229882,0.0,0.004811723701246701
1515.5,757.75,0.004460176341094454,0.0,99.99999764136929,0.0,0.004812315325916567
1516.0,758.0,0.0044608948867221835,0.0,99.99999763981711,0.0,0.004813510307203759
1516.5,758.25,0.004461602690266136,0.0,99.99999762750177,0.0,0.005280263101493828
1517.0,758.5,0.004462309990667214,0.0,99.99999761713968,0.0,0.0052910460844431155
1517.5,758.75,0.0044630167884617145,0.0,99.99999760488797,0.0,0.005303631359616733
1518.0,759.0,0.004463733312557573,0.0,99.99999827890524,0.0,0.003958707355888166
1518.5,759.25,0.004464439104729923,0.0,99.99999786489656,0.0,0.004886202208364399
1519.0,759.5,0.004462854578261387,0.0,99.99999901445175,0.0,0.0025766189519932027
1519.5,759.75,0.004461281388055943,0.0,99.99999833039611,0.0,0.0036629359241578717
1520.0,760.0,0.004459699101882044,0.0,99.99999819972194,0.0,0.003830623555369752
1520.5,760.25,0.004458107740272336,0.0,99.99999780009988,0.0,0.004814178110915936
1521.0,760.5,0.00445651751395377,0.0,99.99999783067503,0.0,0.004788046067049128
1521.5,760.75,0.004454928421711891,0.0,99.99999785906752,0.0,0.004764167039773949
1522.0,761.0,0.004453350637955617,0.0,99.99999844970169,0.0,0.0040686422937844455
1522.5,761.25,0.004451784139862312,0.0,99.999997619047,0.0,0.004159304352716946
1523.0,761.5,0.004450218743435414,0.0,99.99999762001613,0.0,0.004159075336384287
1523.5,761.75,0.004448644293341185,0.0,99.99999886243963,0.0,0.002890653926583305
1524.0,762.0,0.0044493526762285915,0.0,99.99999886108951,0.0,0.002892842175124009
1524.5,762.25,0.004450040257924425,0.0,99.99999808666654,0.0,0.0041813367866546875
1525.0,762.5,0.00445072734734826,0.0,99.99999808765338,0.0,0.004180010636331372
1525.5,762.75,0.0044514240910251265,0.0,99.99999861093274,0.0,0.003511298315393295
1526.0,763.0,0.004452130483422991,0.0,99.99999846374767,0.0,0.005123648906579969
1526.5,763.25,0.004452836377053885,0.0,99.99999848517488,0.0,0.00508820593527457
1527.0,763.5,0.004453541772445873,0.0,99.9999985058701,0.0,0.005053708036579956
1527.5,763.75,0.004454246670126276,0.0,99.99999855372059,0.0,0.002886886937943305
1528.0,764.0,0.004454951070621668,0.0,99.99999824388362,0.0,0.0032681512317604853
1528.5,764.25,0.004453380520667962,0.0,99.99999818495945,0.0,0.003343627409252553
1529.0,764.5,0.004451811077688423,0.0,99.99999816607446,0.0,0.003368316197635345
1529.5,764.75,0.004450242740513119,0.0,99.99999815598403,0.0,0.0033817581104964834
1530.0,765.0,0.004448675507973762,0.0,99.99999814862238,0.0,0.003391698068068531
1530.5,765.25,0.0044471093789037125,0.0,99.99999814231279,0.0,0.0034002928542171107
1531.0,765.5,0.004445564539016754,0.0,99.99999816737459,0.0,0.0032364581505596197
1531.5,765.75,0.004444020772052148,0.0,99.9999981628132,0.0,0.0032414005691006427
1532.0,766.0,0.004442478076892535,0.0,99.99999844632079,0.0,0.003471772983688048
1532.5,766.25,0.004440936452422102,0.0,99.9999984472571,0.0,0.0034706081429173342
1533.0,766.5,0.00443939589752659,0.0,99.99999844867659,0.0,0.003468850136943026
1533.5,766.75,0.004437856411093281,0.0,99.99999845033535,0.0,0.003466825892942189
1534.0,767.0,0.004436317992011002,0.0,99.99999845213394,0.0,0.0034646712447898983
1534.5,767.25,0.004434780639170121,0.0,99.99999740087888,0.0,0.004782329010303504
1535.0,767.5,0.004433244351462541,0.0,99.99999780592374,0.0,0.003738807979373342
1535.5,767.75,0.004431719158471306,0.0,99.99999777268133,0.0,0.004193056077752201
1536.0,768.0,0.004430215062278687,0.0,99.99999779019278,0.0,0.004251874739670589
1536.5,768.25,0.004428711986700293,0.0,99.99999779406339,0.0,0.004248870660709592
1537.0,768.5,0.004427209930697658,0.0,99.99999779793099,0.0,0.004245936959952467
1537.5,768.75,0.004425708893233729,0.0,99.99999800177827,0.0,0.004348918687202508
1538.0,769.0,0.004424208873272852,0.0,99.99999800535083,0.0,0.0043468701587141435
1538.5,769.25,0.004422699879832669,0.0,99.99999785386599,0.0,0.004601927604349671
1539.0,769.5,0.0044211919154057535,0.0,99.9999978581509,0.0,0.004599963176983336
1539.5,769.75,0.0044196750026522565,0.0,99.99999760628431,0.0,0.0055073621022135155
1540.0,770.0,0.004418179069384366,0.0,99.99999845884666,0.0,0.004136113248854161
1540.5,770.25,0.0044166941112249,0.0,99.99999820845923,0.0,0.003524599417490816
1541.0,770.5,0.004415220107065705,0.0,99.99999784245225,0.0,0.003983222551529783
1541.5,770.75,0.004413747086430996,0.0,99.99999784292898,0.0,0.003982811585741396
1542.0,771.0,0.004412265105472967,0.0,99.99999824021141,0.0,0.003641571942959058
1542.5,771.25,0.0044107741832295965,0.0,99.99999849965674,0.0,0.003474539039838398
1543.0,771.5,0.004409284268223203,0.0,99.99999817163537,0.0,0.0038932129216897766
1543.5,771.75,0.004407795359433425,0.0,99.99999817288796,0.0,0.003891840637195299
1544.0,772.0,0.004406317371872482,0.0,99.99999818386647,0.0,0.0038279853810431128
1544.5,772.25,0.004404850284583024,0.0,99.99999828819892,0.0,0.003336518410731312
1545.0,772.5,0.004407832448393502,0.0,99.9999985897997,0.0,0.003179723782769111
1545.5,772.75,0.004410812560699255,0.0,99.99999859259073,0.0,0.003176204423483854
1546.0,773.0,0.004413790623616477,0.0,99.99999859531967,0.0,0.003172749476389767
1546.5,773.25,0.004416756716682804,0.0,99.9999987512396,0.0,0.0029188254498903254
1547.0,773.5,0.004419720758089908,0.0,99.99999875356217,0.0,0.002915707491703876
1547.5,773.75,0.00442266289206233,0.0,99.99999898749931,0.0,0.0024315568127291722
1548.0,774.0,0.0044278471865328815,0.0,99.99999860015913,0.0,0.0030850533001016475
1548.5,774.25,0.004433027852247361,0.0,99.99999860547854,0.0,0.003079583919702486
1549.0,774.5,0.0044382048930143685,0.0,99.99999861038215,0.0,0.0030744507673376993
1549.5,774.75,0.004443388274118048,0.0,99.99999845308028,0.0,0.003511792241107712
1550.0,775.0,0.004448578023800453,0.0,99.99999850654213,0.0,0.002923413367325572
1550.5,775.25,0.004453764192452797,0.0,99.999998522826,0.0,0.0029040418312760554
1551.0,775.5,0.004458946783780273,0.0,99.99999854185043,0.0,0.002881353704189653
1551.5,775.75,0.004464125801482967,0.0,99.99999856412617,0.0,0.002854794192272697
1552.0,776.0,0.004469291246947924,0.0,99.9999977100662,0.0,0.005247091076072267
1552.5,776.25,0.004474453109968634,0.0,99.99999771929312,0.0,0.0052390662350520496
1553.0,776.5,0.00447961139427066,0.0,99.99999877716577,0.0,0.0030868329393779277
1553.5,776.75,0.004482560492209735,0.0,99.99999814921468,0.0,0.003748088979226044
1554.0,777.0,0.004481087798031451,0.0,99.99999890655344,0.0,0.00283711442441517
1554.5,777.25,0.004479616071209139,0.0,99.99999890661282,0.0,0.0028373660910704338
1555.0,777.5,0.004478145310789985,0.0,99.9999989067358,0.0,0.0028375445558492533
1555.5,777.75,0.004476675515822424,0.0,99.99999890691372,0.0,0.002837656729013386
1556.0,778.0,0.004477438708640608,0.0,99.99999890713627,0.0,0.0028377110872443282
1556.5,778.25,0.004478201400804603,0.0,99.99999890738968,0.0,0.0028377230957468778
1557.0,778.5,0.004478953602234124,0.0,99.9999984720036,0.0,0.0034918518154722668
1557.5,778.75,0.004479695318283579,0.0,99.99999818440641,0.0,0.004015456860342517
1558.0,779.0,0.004480416567287609,0.0,99.9999989806547,0.0,0.0027761708913954636
1558.5,779.25,0.004481147316325326,0.0,99.99999868734525,0.0,0.003122306704827999
1559.0,779.5,0.004481867593335115,0.0,99.99999824332689,0.0,0.0037600119485515678
1559.5,779.75,0.0044825873859590136,0.0,99.99999779661222,0.0,0.004219579225915935
1560.0,780.0,0.004483316674866046,0.0,99.99999807013741,0.0,0.0039919923720911025
1560.5,780.25,0.0044840454768999335,0.0,99.99999806950738,0.0,0.003992790570493052
1561.0,780.5,0.004484773792548068,0.0,99.99999806895025,0.0,0.003993512635243618
1561.5,780.75,0.004485501622297191,0.0,99.99999806847943,0.0,0.0039941437377825385
1562.0,781.0,0.004486228966633394,0.0,99.99999806808671,0.0,0.003994692263206377
1562.5,781.25,0.004486955826042123,0.0,99.99999806774599,0.0,0.003995184942629991
1563.0,781.5,0.004489893851000395,0.0,99.99999847223029,0.0,0.0034453746361779837
1563.5,781.75,0.0044928299054129385,0.0,99.99999847100037,0.0,0.0034471032304053445
1564.0,782.0,0.004495763991261567,0.0,99.99999846970793,0.0,0.003448936730209167
1564.5,782.25,0.004498706094892293,0.0,99.99999714929464,0.0,0.0049231051512041045
1565.0,782.5,0.004501646240271208,0.0,99.99999715261984,0.0,0.004922998900437922
1565.5,782.75,0.004504614401902096,0.0,99.99999779620687,0.0,0.004607436294193426
1566.0,783.0,0.004507580628711049,0.0,99.99999779561091,0.0,0.004608713481580448
1566.5,783.25,0.004510514930136889,0.0,99.99999762789635,0.0,0.006380301485325938
1567.0,783.5,0.004513457281688924,0.0,99.99999719636841,0.0,0.005550649113761844
1567.5,783.75,0.004514192683818237,0.0,99.99999787966026,0.0,0.004152056717195469
1568.0,784.0,0.004514937601303774,0.0,99.99999808687663,0.0,0.00412467852673186
1568.5,784.25,0.004515682034004856,0.0,99.999998086809,0.0,0.004125760615494
1569.0,784.5,0.004516425982394569,0.0,99.9999980865247,0.0,0.004127164583584486
1569.5,784.75,0.004514957316951773,0.0,99.99999808607531,0.0,0.00412883469489392
1570.0,785.0,0.0045135095688172,0.0,99.99999763673767,0.0,0.0040739252227524145
1570.5,785.25,0.004512062748843245,0.0,99.99999813328678,0.0,0.004673569157549438
1571.0,785.5,0.004510616856137621,0.0,99.99999813658171,0.0,0.004667110102700999
1571.5,785.75,0.004509132041790662,0.0,99.99999751029137,0.0,0.005037318983397703
1572.0,786.0,0.004507638249331363,0.0,99.99999791691148,0.0,0.00460137178699642
1572.5,786.25,0.004506145446276193,0.0,99.99999704420392,0.0,0.005741308763983056
1573.0,786.5,0.004504653631642488,0.0,99.99999705082384,0.0,0.0057352656767382165
1573.5,786.75,0.004503162804448887,0.0,99.99999705722927,0.0,0.005729378974255044
1574.0,787.0,0.0045016729637153245,0.0,99.99999769669921,0.0,0.004000069536035533
1574.5,787.25,0.0045001940309038315,0.0,99.99999829042177,0.0,0.0032321378673317016
1575.0,787.5,0.004498706153595218,0.0,99.99999673631967,0.0,0.006057831270677655
1575.5,787.75,0.004497229169191447,0.0,99.99999793199463,0.0,0.00528003231180126
1576.0,788.0,0.004495743251429012,0.0,99.99999843500036,0.0,0.0035667794408014903
1576.5,788.25,0.0044942880043687735,0.0,99.99999781798338,0.0,0.00397949574684702
1577.0,788.5,0.0044928139191381545,0.0,99.99999654350816,0.0,0.006644159753561937
1577.5,788.75,0.004491340800563343,0.0,99.99999654147949,0.0,0.006643525035315582
1578.0,789.0,0.0044898686476938,0.0,99.9999981318062,0.0,0.004062249373651758
1578.5,789.25,0.004488397459580232,0.0,99.99999812734036,0.0,0.004067024458632254
1579.0,789.5,0.004486937099341359,0.0,99.99999793993538,0.0,0.004312834316429899
1579.5,789.75,0.0044854678314378334,0.0,99.99999765900829,0.0,0.004465829661290425
1580.0,790.0,0.004483979823189272,0.0,99.9999981927696,0.0,0.003987304527848421
1580.5,790.25,0.0044825026464555065,0.0,99.9999982014087,0.0,0.004044202941476673
1581.0,790.5,0.004481026442666573,0.0,99.99999819586253,0.0,0.004050647270498193
1581.5,790.75,0.004479570874229628,0.0,99.99999733686032,0.0,0.006896617457837156
1582.0,791.0,0.00447811625110801,0.0,99.99999733315397,0.0,0.00690128404683588
1582.5,791.25,0.004476662572381119,0.0,99.9999979174158,0.0,0.005526266457157312
1583.0,791.5,0.004475170587100282,0.0,99.99999820298316,0.0,0.005573993311426897
1583.5,791.75,0.004473679595987936,0.0,99.9999981314125,0.0,0.004538272266367361
1584.0,792.0,0.00447218959805073,0.0,99.99999814724711,0.0,0.004517779371350186
1584.5,792.25,0.004470700592296639,0.0,99.99999816002578,0.0,0.004501808120373283
1585.0,792.5,0.004469202791445232,0.0,99.99999731041898,0.0,0.005547259402997853
1585.5,792.75,0.004467686434519171,0.0,99.9999973342414,0.0,0.006047681153533082
1586.0,793.0,0.004466171106214345,0.0,99.99999733434879,0.0,0.006047442464637491
1586.5,793.25,0.0044646665718754445,0.0,99.99999722952147,0.0,0.006165183243519297
1587.0,793.5,0.004463172810727359,0.0,99.99999844964547,0.0,0.0045328366814663835
1587.5,793.75,0.004461680048792111,0.0,99.99999844984703,0.0,0.0045318402010738655
1588.0,794.0,0.004460178538258979,0.0,99.99999819790875,0.0,0.004324750441827737
1588.5,794.25,0.004458678038006899,0.0,99.99999820070404,0.0,0.004320409108915197
1589.0,794.5,0.004457188280717692,0.0,99.99999806882103,0.0,0.00452101062364549
1589.5,794.75,0.004455718973154348,0.0,99.99999798769917,0.0,0.004830469989001278
1590.0,795.0,0.00445426035490045,0.0,99.9999978321091,0.0,0.004886825399892634
1590.5,795.25,0.0044528026913167075,0.0,99.99999783342275,0.0,0.00488597922677018
1591.0,795.5,0.004451336273265375,0.0,99.9999982687675,0.0,0.004322351226030965
1591.5,795.75,0.004449870820751529,0.0,99.99999827084889,0.0,0.00431999865401724
1592.0,796.0,0.004448386942099046,0.0,99.99999824732399,0.0,0.004481760162081073
1592.5,796.25,0.004451222833487663,0.0,99.9999984011314,0.0,0.004529150702412629
1593.0,796.5,0.004454056785412474,0.0,99.99999840481382,0.0,0.004523447674628562
1593.5,796.75,0.004459066078220902,0.0,99.99999797835235,0.0,0.0048179475714073255
1594.0,797.0,0.004464071947519404,0.0,99.99999798183529,0.0,0.004813360751331813
1594.5,797.25,0.00447125018766196,0.0,99.99999798549301,0.0,0.004808548809773503
1595.0,797.5,0.004478423525317557,0.0,99.99999798927047,0.0,0.004803584087936257
1595.5,797.75,0.00448129207326619,0.0,99.9999974672645,0.0,0.005444730673052856
1596.0,798.0,0.00448413923219712,0.0,99.99999780447814,0.0,0.0047770744122891465
1596.5,798.25,0.004486994235353169,0.0,99.99999852266703,0.0,0.0035527262765000325
1597.0,798.5,0.004489847340846099,0.0,99.99999852420775,0.0,0.0035510598960411892
1597.5,798.75,0.004492708306190339,0.0,99.99999819576071,0.0,0.004484409036218698
1598.0,799.0,0.004495567383584124,0.0,99.999998198915,0.0,0.00448086914858123
1598.5,799.25,0.004498424574895622,0.0,99.99999821390773,0.0,0.005047653001478408
1599.0,799.5,0.004501289646599954,0.0,99.99999776370221,0.0,0.005388975411568302
1599.5,799.75,0.004501984256066619,0.0,99.99999776793713,0.0,0.005383643446336897
1600.0,800.0,0.004502678410773476,0.0,99.99999777201573,0.0,0.0053784709289844395
1600.5,800.25,0.004503372111166976,0.0,99.99999777601657,0.0,0.005373362732431846
1601.0,800.5,0.004504084873510825,0.0,99.99999731808771,0.0,0.00581819715308419
1601.5,800.75,0.004504797175838694,0.0,99.99999732342887,0.0,0.005812125529748316
1602.0,801.0,0.004505489509202587,0.0,99.99999850396824,0.0,0.00369739767239284
1602.5,801.25,0.004506161884190341,0.0,99.99999760313433,0.0,0.004172275822493204
1603.0,801.5,0.004506824062935429,0.0,99.99999785557422,0.0,0.0038729787833940367
1603.5,801.75,0.0045074955498214525,0.0,99.99999739897332,0.0,0.004623394952654698
1604.0,802.0,0.004508166592431469,0.0,99.99999796994172,0.0,0.0036128614833947073
1604.5,802.25,0.004508837191206255,0.0,99.9999984762202,0.0,0.0032728533939952163
1605.0,802.5,0.004509507346585998,0.0,99.9999981125414,0.0,0.0037504469078780633
1605.5,802.75,0.00451017705901031,0.0,99.9999981131171,0.0,0.0037495317294167605
1606.0,803.0,0.004513015406873171,0.0,99.99999805449876,0.0,0.0032900003354768502
1606.5,803.25,0.00451585189214626,0.0,99.99999805209434,0.0,0.0032921741987398776
1607.0,803.5,0.004518696267651831,0.0,99.99999797922555,0.0,0.003388910519994887
1607.5,803.75,0.0045215095283910245,0.0,99.99999770030841,0.0,0.0039473475591786066
1608.0,804.0,0.004524291650762639,0.0,99.99999817956117,0.0,0.003914247080081474
1608.5,804.25,0.004527071889901611,0.0,99.99999818211087,0.0,0.003910432288049958
1609.0,804.5,0.004529850247719451,0.0,99.99999819705283,0.0,0.004239328081050104
1609.5,804.75,0.004530472435856007,0.0,99.9999988975414,0.0,0.0026714277784320012
1610.0,805.0,0.004531094203257478,0.0,99.99999890958138,0.0,0.0026532808880040627
1610.5,805.25,0.004531715550350482,0.0,99.9999989233126,0.0,0.002632748778946122
1611.0,805.5,0.004530184370971526,0.0,99.99999889964239,0.0,0.002713851505618542
1611.5,805.75,0.004528654225955105,0.0,99.99999888989528,0.0,0.002724041831514775
1612.0,806.0,0.004527125114253455,0.0,99.9999988810443,0.0,0.0027334173670363984
1612.5,806.25,0.004525597034820223,0.0,99.99999887308269,0.0,0.0027419555395685365
1613.0,806.5,0.0045240699866104725,0.0,99.99999886598043,0.0,0.002749655741016822
1613.5,806.75,0.0045225439685806735,0.0,99.99999885970105,0.0,0.002756522938423714
1614.0,807.0,0.0045210286897393055,0.0,99.99999852051663,0.0,0.0032726730543908926
1614.5,807.25,0.004519514425946522,0.0,99.99999850934378,0.0,0.003285061756904871
1615.0,807.5,0.004518010873274624,0.0,99.9999986177587,0.0,0.0030706194497423706
1615.5,807.75,0.004518634539875984,0.0,99.99999886891077,0.0,0.003354046261780855
1616.0,808.0,0.0045192674797201356,0.0,99.99999905820427,0.0,0.0027707256525387157
1616.5,808.25,0.0045198999961405025,0.0,99.99999905817718,0.0,0.0027723876786814156
1617.0,808.5,0.004518388641439711,0.0,99.99999800867543,0.0,0.003727039472452503
1617.5,808.75,0.0045168589402951815,0.0,99.99999903643591,0.0,0.0030273898209603454
1618.0,809.0,0.0045153206027567444,0.0,99.99999784169707,0.0,0.004314317332805595
1618.5,809.25,0.004513773647527381,0.0,99.9999979002465,0.0,0.0043229350551122975
1619.0,809.5,0.004512227751913095,0.0,99.99999789545309,0.0,0.00432899605837446
1619.5,809.75,0.004510682914825553,0.0,99.99999789072068,0.0,0.004334984085857475
1620.0,810.0,0.004509139135177916,0.0,99.99999788607961,0.0,0.004340861144947852
1620.5,810.25,0.004507577134523807,0.0,99.9999981770602,0.0,0.004154499402551757
1621.0,810.5,0.004506016215673155,0.0,99.99999817622012,0.0,0.004155791464712812
1621.5,810.75,0.004506593216391264,0.0,99.99999817566957,0.0,0.004156679424397952
1622.0,811.0,0.004507160190027,0.0,99.99999888845143,0.0,0.0033356705229528405
1622.5,811.25,0.0045077267689784695,0.0,99.99999888896971,0.0,0.00333440794324811
1623.0,811.5,0.004508273706859748,0.0,99.99999831457642,0.0,0.004199599775289003
1623.5,811.75,0.004510954107336809,0.0,99.99999907898591,0.0,0.002769264625810738
1624.0,812.0,0.0045136422490566356,0.0,99.99999910040363,0.0,0.0026306385810835908
1624.5,812.25,0.004516328510656446,0.0,99.99999910039521,0.0,0.0026310244308439634
1625.0,812.5,0.004519032159734997,0.0,99.99999797621872,0.0,0.004252030730095888
1625.5,812.75,0.004521733942197665,0.0,99.99999792895443,0.0,0.004314946539010745
1626.0,813.0,0.004522294079053876,0.0,99.99999900981086,0.0,0.003042862829421553
1626.5,813.25,0.0045228538270711115,0.0,99.99999901862189,0.0,0.0030310373918501134
1627.0,813.5,0.004523413186654121,0.0,99.99999887241287,0.0,0.0031385932463604558
1627.5,813.75,0.004523981784908712,0.0,99.99999860832621,0.0,0.003857105620241042
1628.0,814.0,0.0045245596159123255,0.0,99.99999787087101,0.0,0.004880928724083225
1628.5,814.25,0.004525137051260787,0.0,99.99999852034159,0.0,0.0038061929012935514
1629.0,814.5,0.0045257237119012295,0.0,99.99999877966404,0.0,0.003457657882017392
1629.5,814.75,0.004526300355091451,0.0,99.99999882708137,0.0,0.003361319616735494
1630.0,815.0,0.0045268766038441275,0.0,99.99999882743002,0.0,0.0033607541565595007
1630.5,815.25,0.0045274428442194405,0.0,99.9999983674717,0.0,0.00403572528772893
1631.0,815.5,0.004528018307374535,0.0,99.99999880807142,0.0,0.003443246849264092
1631.5,815.75,0.004528583767128084,0.0,99.9999987055769,0.0,0.0036146348888609833
1632.0,816.0,0.004529148838225592,0.0,99.99999870564383,0.0,0.0036148194089139175
1632.5,816.25,0.004529713521067622,0.0,99.99999889420293,0.0,0.003420772146966673
1633.0,816.5,0.004530277816054185,0.0,99.99999889172705,0.0,0.0034278119678419496
1633.5,816.75,0.0045308417235847475,0.0,99.99999888875107,0.0,0.0034365275183223364
1634.0,817.0,0.004531434043166199,0.0,99.99999787055381,0.0,0.0057167588899764985
1634.5,817.25,0.004532025963849681,0.0,99.9999985219933,0.0,0.004636385539450603
1635.0,817.5,0.004532627081864623,0.0,99.99999871828653,0.0,0.004596884811083192
1635.5,817.75,0.0045332182039821214,0.0,99.99999862546598,0.0,0.0034871934914359544
1636.0,818.0,0.004533818520320731,0.0,99.99999870613726,0.0,0.00462164069541777
1636.5,818.25,0.004534418435456445,0.0,99.99999870587398,0.0,0.004623168965097932
1637.0,818.5,0.004535017949791326,0.0,99.99999787635888,0.0,0.005987864034980079
1637.5,818.75,0.004535617063726899,0.0,99.99999872220472,0.0,0.004594478716331894
1638.0,819.0,0.004536215777664155,0.0,99.99999868811635,0.0,0.004662365574181462
1638.5,819.25,0.004536814092003548,0.0,99.99999867878348,0.0,0.004682414498937882
1639.0,819.5,0.004537412007144998,0.0,99.99999867412978,0.0,0.004693268811602621
1639.5,819.75,0.004538009523487893,0.0,99.99999867119165,0.0,0.004700654080266449
1640.0,820.0,0.004538616217904219,0.0,99.99999851876356,0.0,0.004317951778613393
1640.5,820.25,0.004537103636221738,0.0,99.9999983375371,0.0,0.005176312282776586
1641.0,820.5,0.004535592062397602,0.0,99.99999834304083,0.0,0.005164490185686328
1641.5,820.75,0.004534081495424815,0.0,99.99999834842312,0.0,0.005153028589923495
1642.0,821.0,0.004532581485321263,0.0,99.99999892196517,0.0,0.0032208416325923547
1642.5,821.25,0.004531092012133468,0.0,99.99999824049029,0.0,0.004365993864670451
1643.0,821.5,0.004529593979072476,0.0,99.9999985554637,0.0,0.003846537415272278
1643.5,821.75,0.004528096936219302,0.0,99.99999855579594,0.0,0.0038462932528375154
1644.0,822.0,0.004526591356756848,0.0,99.999998167494,0.0,0.0036437088090592123
1644.5,822.25,0.004525086778163458,0.0,99.99999816767311,0.0,0.0036438407087745145
1645.0,822.5,0.004523583199441439,0.0,99.99999816819187,0.0,0.0036435881452995607
1645.5,822.75,0.004522080619594421,0.0,99.99999816907054,0.0,0.003642929504144259
1646.0,823.0,0.004520579037627358,0.0,99.99999833873832,0.0,0.0033523016793280827
1646.5,823.25,0.004519078452546525,0.0,99.9999983400439,0.0,0.0033511286210124907
1647.0,823.5,0.004517578863359516,0.0,99.9999983416975,0.0,0.0033495463439744693
1647.5,823.75,0.0045160802690752426,0.0,99.99999834366562,0.0,0.0033475867276579626
1648.0,824.0,0.004514573193383663,0.0,99.99999853173381,0.0,0.003259039943770437
1648.5,824.25,0.004513067123218692,0.0,99.99999853297354,0.0,0.003257793745602736
1649.0,824.5,0.0045115620575743275,0.0,99.99999853445952,0.0,0.0032561946926897675
1649.5,824.75,0.004510057995445911,0.0,99.99999853618354,0.0,0.0032542517078100147
1650.0,825.0,0.004508554935830121,0.0,99.99999853813047,0.0,0.003251986050516665
1650.5,825.25,0.004507052877724975,0.0,99.99999854026777,0.0,0.00324944217760713
1651.0,825.5,0.004505551820129825,0.0,99.99999862266735,0.0,0.00331529761419376
1651.5,825.75,0.004504051762045355,0.0,99.99999862233476,0.0,0.0033160925806066544
1652.0,826.0,0.004502571552371961,0.0,99.99999809883533,0.0,0.0036717265633582127
1652.5,826.25,0.004501092315289903,0.0,99.99999809849443,0.0,0.0036719809202586623
1653.0,826.5,0.004499614049840913,0.0,99.99999809798658,0.0,0.0036723956133386136
1653.5,826.75,0.0044981367550679845,0.0,99.99999809729916,0.0,0.0036729889927520224
1654.0,827.0,0.004496660430015365,0.0,99.9999980964576,0.0,0.003673740411434718
1654.5,827.25,0.004495175679657606,0.0,99.99999830030707,0.0,0.003495506474656566
1655.0,827.5,0.004493691909474357,0.0,99.99999829901171,0.0,0.0034964797978423627
1655.5,827.75,0.0044922091184953295,0.0,99.99999829784281,0.0,0.0034973361909121795
1656.0,828.0,0.004490736681239118,0.0,99.99999805541542,0.0,0.003927936597264516
1656.5,828.25,0.004489265208925101,0.0,99.99999805052995,0.0,0.0039325191696647655
1657.0,828.5,0.004487794700605049,0.0,99.99999804616617,0.0,0.00393662499521102
1657.5,828.75,0.00448632515533197,0.0,99.99999804239368,0.0,0.003940180768722653
1658.0,829.0,0.004484856572160112,0.0,99.99999803923892,0.0,0.003943152675319168
1658.5,829.25,0.004483388950144965,0.0,99.99999803670838,0.0,0.003945525441422922
1659.0,829.5,0.004481903610943263,0.0,99.99999773710738,0.0,0.004481390568977807
1659.5,829.75,0.004480437920626887,0.0,99.9999980986989,0.0,0.004064041910154597
1660.0,830.0,0.00447898251510173,0.0,99.99999808529438,0.0,0.0041846552044068775
1660.5,830.25,0.004477528054804444,0.0,99.99999808885647,0.0,0.004182607706827338
1661.0,830.5,0.00447608385321941,0.0,99.999998396897,0.0,0.003650610693104443
1661.5,830.75,0.004474640582972235,0.0,99.99999839954286,0.0,0.003648569736325067
1662.0,831.0,0.004473207545600306,0.0,99.99999889037163,0.0,0.004387738450750744
1662.5,831.25,0.004471775425816551,0.0,99.99999891190933,0.0,0.0043406468985584135
1663.0,831.5,0.0044703442227399404,0.0,99.99999799827657,0.0,0.0055570050275609234
1663.5,831.75,0.004468923220117842,0.0,99.99999894241273,0.0,0.003474281842994337
1664.0,832.0,0.004467493841878549,0.0,99.99999890761543,0.0,0.004333060503865171
1664.5,832.25,0.004466056104959586,0.0,99.99999856991776,0.0,0.005200066884879389
1665.0,832.5,0.004464610026380843,0.0,99.99999893647932,0.0,0.0031879787548680753
1665.5,832.75,0.004463192666337443,0.0,99.99999877670214,0.0,0.0038854476567953752
1666.0,833.0,0.004461776205934515,0.0,99.99999877866259,0.0,0.0038826058503785674
1666.5,833.25,0.004460360644315787,0.0,99.99999878072371,0.0,0.003879608786472561
1667.0,833.5,0.004458927494232001,0.0,99.99999899247484,0.0,0.0029292988564739815
1667.5,833.75,0.004457495264817908,0.0,99.99999899310264,0.0,0.002929388775340492
1668.0,834.0,0.004456063955186622,0.0,99.9999989937604,0.0,0.0029294298519913216
1668.5,834.25,0.004454633564452397,0.0,99.99999899442994,0.0,0.002929439843253752
1669.0,834.5,0.004453204091730622,0.0,99.99999899509704,0.0,0.002929433176177588
1669.5,834.75,0.0044517939632763215,0.0,99.99999897439638,0.0,0.003072826432337117
1670.0,835.0,0.004450384727587213,0.0,99.99999897497281,0.0,0.0030726781346975553
1670.5,835.25,0.0044489763838157365,0.0,99.9999989755779,0.0,0.0030724406381242002
1671.0,835.5,0.004447568931115408,0.0,99.99999897622268,0.0,0.0030720892432919036
1671.5,835.75,0.00444616236864081,0.0,99.99999897691713,0.0,0.0030716033079104237
1672.0,836.0,0.004444756695547598,0.0,99.9999986592411,0.0,0.0036956710799644914
1672.5,836.25,0.004443351910992493,0.0,99.99999857558292,0.0,0.0046302409257277105
1673.0,836.5,0.004441938841254894,0.0,99.99999802267017,0.0,0.005416712020577488
1673.5,836.75,0.004440526669997234,0.0,99.99999801569672,0.0,0.005424768925607391
1674.0,837.0,0.004439097074034481,0.0,99.99999830567039,0.0,0.0051209737461783405
1674.5,837.25,0.004437668398271971,0.0,99.99999829692636,0.0,0.00513258207994355
1675.0,837.5,0.004436231492500067,0.0,99.99999840021266,0.0,0.004785107550078722
1675.5,837.75,0.004434795516959846,0.0,99.99999839038506,0.0,0.004798659024698373
1676.0,838.0,0.004435403256888581,0.0,99.99999869924177,0.0,0.003734853140080401
1676.5,838.25,0.004436019738536505,0.0,99.99999850645833,0.0,0.004435428303910073
1677.0,838.5,0.004436635818934178,0.0,99.99999849650185,0.0,0.004446147544968052
1677.5,838.75,0.004437251498473215,0.0,99.99999848676775,0.0,0.004456561143507958
1678.0,839.0,0.004435808397777773,0.0,99.99999850393093,0.0,0.0034279724317202694
1678.5,839.25,0.004434366235439126,0.0,99.99999850336036,0.0,0.0034305527016793716
1679.0,839.5,0.0044329250105423395,0.0,99.9999985027498,0.0,0.0034330158724199247
1679.5,839.75,0.004431484722173669,0.0,99.99999850209237,0.0,0.003435368225955302
1680.0,840.0,0.004430045369420558,0.0,99.99999850138481,0.0,0.003437609871674086
1680.5,840.25,0.004428606951371635,0.0,99.99999850061677,0.0,0.003439759759441553
1681.0,840.5,0.004427169467116711,0.0,99.9999984997779,0.0,0.0034418417658197485
1681.5,840.75,0.004425742004912471,0.0,99.99999772663297,0.0,0.004876487634764269
1682.0,841.0,0.004424315462931217,0.0,99.99999771814959,0.0,0.004889985786496215
1682.5,841.25,0.0044228807628289195,0.0,99.99999919972565,0.0,0.0024023804807846174
1683.0,841.5,0.004421437921370215,0.0,99.99999767238293,0.0,0.0044390524533143285
1683.5,841.75,0.00441999602097806,0.0,99.99999767049901,0.0,0.0044422852759654664
1684.0,842.0,0.004418546001062091,0.0,99.99999918769804,0.0,0.0023779370804047043
1684.5,842.25,0.004417096932218571,0.0,99.9999991871915,0.0,0.0023786559449112555
1685.0,842.5,0.0044156488135120905,0.0,99.99999918671489,0.0,0.0023793921731547433
1685.5,842.75,0.004414201644008464,0.0,99.99999918629526,0.0,0.0023800760282533884
1686.0,843.0,0.004412764458714544,0.0,99.99999766959682,0.0,0.004316081016435917
1686.5,843.25,0.0044113191789009985,0.0,99.9999986203293,0.0,0.0031060481990085216
1687.0,843.5,0.004409883869647516,0.0,99.99999853524872,0.0,0.003201174988211492
1687.5,843.75,0.004408458512416306,0.0,99.99999845898412,0.0,0.0034661055926693708
1688.0,844.0,0.004407052101376514,0.0,99.99999814293687,0.0,0.004108437628033994
1688.5,844.25,0.00440565559426263,0.0,99.99999790516446,0.0,0.0042765947838350644
1689.0,844.5,0.004404250970774576,0.0,99.99999821083271,0.0,0.004036839213699187
1689.5,844.75,0.004402838247282192,0.0,99.99999860931071,0.0,0.0033904389308701197
1690.0,845.0,0.004401435419402671,0.0,99.99999744732096,0.0,0.004744367897345619
1690.5,845.25,0.004400033485173623,0.0,99.99999745042922,0.0,0.004741925029339289
1691.0,845.5,0.004398632443741389,0.0,99.99999745461562,0.0,0.0047384107243138626
1691.5,845.75,0.004397223321811452,0.0,99.99999908866539,0.0,0.0028847690525925637
1692.0,846.0,0.0043958240691256084,0.0,99.99999787278637,0.0,0.0034900675755817176
1692.5,846.25,0.0043944257066766725,0.0,99.99999787264969,0.0,0.0034907929344321262
1693.0,846.5,0.004393019278321724,0.0,99.99999843059823,0.0,0.0034028937534446644
1693.5,846.75,0.004391613749928675,0.0,99.99999843084419,0.0,0.00340250164584759
1694.0,847.0,0.004390209120633983,0.0,99.99999843110882,0.0,0.0034021042728461675
1694.5,847.25,0.004388805389575212,0.0,99.99999843139214,0.0,0.003401697273403994
1695.0,847.5,0.004387393623518873,0.0,99.99999806795262,0.0,0.0035908785646658233
1695.5,847.75,0.00438598276542828,0.0,99.99999806401347,0.0,0.0035948285828576072
1696.0,848.0,0.004384572814427788,0.0,99.99999806145445,0.0,0.003597365911632825
1696.5,848.25,0.004383137024388954,0.0,99.99999876334603,0.0,0.00261097023378156
1697.0,848.5,0.004381693265205289,0.0,99.99999783939721,0.0,0.003598996784173623
1697.5,848.75,0.004380250456826585,0.0,99.99999783645804,0.0,0.00360198983496514
1698.0,849.0,0.0043787997009005495,0.0,99.9999979820288,0.0,0.0036018892917205627
1698.5,849.25,0.004377358797170865,0.0,99.99999893104443,0.0,0.0028909421017120703
1699.0,849.5,0.004375918841427261,0.0,99.9999989313985,0.0,0.002890226253233684
1699.5,849.75,0.004374479832734507,0.0,99.99999893180855,0.0,0.0028894205152063387
1700.0,850.0,0.004373050644187901,0.0,99.99999811619945,0.0,0.0036788563277826637
1700.5,850.25,0.004371657862492596,0.0,99.99999877794373,0.0,0.0030136579628418283
1701.0,850.5,0.004370265967694507,0.0,99.99999877732017,0.0,0.003015273512040481
1701.5,850.75,0.004368874958946767,0.0,99.99999877672643,0.0,0.003016839530702155
1702.0,851.0,0.004367458281146767,0.0,99.99999862038072,0.0,0.0031710745414138997
1702.5,851.25,0.0043660425218099526,0.0,99.99999858454296,0.0,0.003217357043748725
1703.0,851.5,0.0043646011605180815,0.0,99.99999858255522,0.0,0.00314814791352887
1703.5,851.75,0.004363160750585129,0.0,99.99999857786308,0.0,0.0031523893969897976
1704.0,852.0,0.004361712462960864,0.0,99.99999862670403,0.0,0.003090553182073961
1704.5,852.25,0.004360256314278372,0.0,99.99999865368146,0.0,0.0031461812115517753
1705.0,852.5,0.004358827586625378,0.0,99.99999888492049,0.0,0.002935954914306743
1705.5,852.75,0.00435739979496968,0.0,99.99999866964852,0.0,0.003262242578171264
1706.0,853.0,0.00435599054820798,0.0,99.99999874086232,0.0,0.002962564178163456
1706.5,853.25,0.004354591011962496,0.0,99.99999828524398,0.0,0.0033938466371934953
1707.0,853.5,0.004353201168395154,0.0,99.9999980217283,0.0,0.0039000821670841053
1707.5,853.75,0.004351803423687946,0.0,99.99999811862692,0.0,0.0038138976636860767
1708.0,854.0,0.004350406576280493,0.0,99.9999981206514,0.0,0.0038118656141961386
1708.5,854.25,0.004349010625309022,0.0,99.99999812277794,0.0,0.0038097307508717536
1709.0,854.5,0.004347624341047424,0.0,99.99999716874667,0.0,0.004971118454739283
1709.5,854.75,0.004346230174736604,0.0,99.99999720712215,0.0,0.005097716563234733
1710.0,855.0,0.004344845662210932,0.0,99.99999792190613,0.0,0.0045246414471235554
1710.5,855.25,0.004343462031490604,0.0,99.99999791849467,0.0,0.00452868337956138
1711.0,855.5,0.004342070532956416,0.0,99.99999720079106,0.0,0.005106000642269148
1711.5,855.75,0.004340688668889045,0.0,99.99999808969181,0.0,0.003915406875824154
1712.0,856.0,0.004339307684098401,0.0,99.99999747885006,0.0,0.004651207170213915
1712.5,856.25,0.004337927577745526,0.0,99.99999747802525,0.0,0.0046520369414828275
1713.0,856.5,0.004336548348992532,0.0,99.99999747736172,0.0,0.004652668814157514
1713.5,856.75,0.0043351699970025975,0.0,99.99999747697981,0.0,0.004652978342790693
1714.0,857.0,0.004333792520939961,0.0,99.9999974769599,0.0,0.004652886286715994
1714.5,857.25,0.004332424629884281,0.0,99.99999780490408,0.0,0.0046386449908899004
1715.0,857.5,0.004331057602061221,0.0,99.99999780864326,0.0,0.004632861781730924
1715.5,857.75,0.004329682737725701,0.0,99.9999978066888,0.0,0.0047704080633144
1716.0,858.0,0.004328308745995561,0.0,99.99999781524174,0.0,0.00476146513501322
1716.5,858.25,0.004326953001861293,0.0,99.99999813364165,0.0,0.004243692870209765
1717.0,858.5,0.004325606789295779,0.0,99.99999774881442,0.0,0.004742553974490355
1717.5,858.75,0.004324304800279324,0.0,99.99999753379261,0.0,0.004679024519341828
1718.0,859.0,0.00432299492273775,0.0,99.99999799928126,0.0,0.003717911170375683
1718.5,859.25,0.004321685838507324,0.0,99.99999800181885,0.0,0.0037178803226526383
1719.0,859.5,0.004320368885324779,0.0,99.99999779531785,0.0,0.0038848601498505638
1719.5,859.75,0.004319052734531578,0.0,99.99999779686365,0.0,0.0038848664790960444
1720.0,860.0,0.004317711432618657,0.0,99.99999769647494,0.0,0.0045896498626904455
1720.5,860.25,0.004316370963542189,0.0,99.99999802538478,0.0,0.004555739504938983
1721.0,860.5,0.0043150313265267306,0.0,99.99999802040821,0.0,0.004562508257348638
1721.5,860.75,0.0043136925207978025,0.0,99.99999801465965,0.0,0.004570131521374053
1722.0,861.0,0.004312345916178401,0.0,99.99999746935589,0.0,0.0051361027030715645
1722.5,861.25,0.004311000152035272,0.0,99.99999746398991,0.0,0.005143106947737029
1723.0,861.5,0.004309655227581794,0.0,99.99999745737547,0.0,0.005151441904047839
1723.5,861.75,0.004308311142032323,0.0,99.9999974490638,0.0,0.005161657086159321
1724.0,862.0,0.004306959286743559,0.0,99.9999980436003,0.0,0.004307358183665848
1724.5,862.25,0.004305608279554854,0.0,99.99999804305637,0.0,0.0043089885822823115
1725.0,862.5,0.004304258119668362,0.0,99.99999887866613,0.0,0.0030290597340830575
1725.5,862.75,0.004302908806287239,0.0,99.99999887620632,0.0,0.003032675456320516
1726.0,863.0,0.004301560338615636,0.0,99.99999887402488,0.0,0.003035983336720198
1726.5,863.25,0.004300212715858706,0.0,99.99999887215542,0.0,0.0030389243605703246
1727.0,863.5,0.004298865937222594,0.0,99.99999887062967,0.0,0.0030414704077743816
1727.5,863.75,0.00429751143177925,0.0,99.99999769584933,0.0,0.005746319916294281
1728.0,864.0,0.004296157779634019,0.0,99.99999769417146,0.0,0.005746674767530934
1728.5,864.25,0.0042948049799808275,0.0,99.99999827524401,0.0,0.004887056051962146
1729.0,864.5,0.004293453032014616,0.0,99.99999826887907,0.0,0.004893781130772236
1729.5,864.75,0.004292101934931336,0.0,99.99999826282733,0.0,0.0048999274736542635
1730.0,865.0,0.004290760231123641,0.0,99.99999813591288,0.0,0.004597132876249582
1730.5,865.25,0.004289427903773502,0.0,99.9999973511866,0.0,0.005642270269097234
1731.0,865.5,0.0042880964035705614,0.0,99.9999973556834,0.0,0.005640594569226327
1731.5,865.75,0.004286765729744783,0.0,99.99999735982378,0.0,0.005638957815301872
1732.0,866.0,0.004285435881527086,0.0,99.99999736347898,0.0,0.00563741943107261
1732.5,866.25,0.004284123891694167,0.0,99.99999828403979,0.0,0.0055191647433044345
1733.0,866.5,0.004284800089034807,0.0,99.9999975717957,0.0,0.004597392628594868
1733.5,866.75,0.004285475872592028,0.0,99.99999757234782,0.0,0.004596667216286424
1734.0,867.0,0.00428615124274552,0.0,99.99999757287354,0.0,0.004595939905326703
1734.5,867.25,0.004286826199874512,0.0,99.99999757335027,0.0,0.004595198411924907
1735.0,867.5,0.004287509254866621,0.0,99.99999735780769,0.0,0.005206879426189645
1735.5,867.75,0.004288208913759575,0.0,99.99999716949772,0.0,0.005932715709803457
1736.0,868.0,0.0042869328889682395,0.0,99.99999831059095,0.0,0.004899174092567059
1736.5,868.25,0.004285640624938026,0.0,99.99999744526362,0.0,0.005468021445063875
1737.0,868.5,0.004284349139759791,0.0,99.99999744615329,0.0,0.005468076708279109
1737.5,868.75,0.004283058432729622,0.0,99.99999744725258,0.0,0.0054678826127376465
1738.0,869.0,0.004281768503144455,0.0,99.99999744857948,0.0,0.005467431618874807
1738.5,869.25,0.00428047935030207,0.0,99.99999745012155,0.0,0.005466759235200982
1739.0,869.5,0.004279190973501095,0.0,99.99999759941967,0.0,0.004673489590523835
1739.5,869.75,0.004277894903544456,0.0,99.99999749397202,0.0,0.005724665213586247
1740.0,870.0,0.004276599618450529,0.0,99.9999974889411,0.0,0.0057307346023278225
1740.5,870.25,0.00427531357575278,0.0,99.99999830615717,0.0,0.004532478383976875
1741.0,870.5,0.004274036759485058,0.0,99.99999751166355,0.0,0.005666272626487139
1741.5,870.75,0.004272752257480282,0.0,99.99999839593377,0.0,0.0048705528915949994
1742.0,871.0,0.004271468527321783,0.0,99.9999983936807,0.0,0.004870462486561347
1742.5,871.25,0.004270185568314077,0.0,99.99999839078582,0.0,0.004871720626758217
1743.0,871.5,0.004268903379762514,0.0,99.99999838739629,0.0,0.0048739670517514745
1743.5,871.75,0.0042676219609732785,0.0,99.9999983836569,0.0,0.004876846769416358
1744.0,872.0,0.004266341311253388,0.0,99.99999837974191,0.0,0.004880013176844942
1744.5,872.25,0.004265044594485244,0.0,99.99999836604371,0.0,0.004813243595604466
1745.0,872.5,0.004263757078310282,0.0,99.99999860806473,0.0,0.0044133056360080814
1745.5,872.75,0.004262470339242144,0.0,99.99999861096505,0.0,0.004408198858225701
1746.0,873.0,0.0042611843765774865,0.0,99.9999986144523,0.0,0.004402299738288994
1746.5,873.25,0.00425989918961381,0.0,99.99999861858248,0.0,0.004395526413758297
1747.0,873.5,0.004258614777649466,0.0,99.99999862339908,0.0,0.004387807970526278
1747.5,873.75,0.004257356301911772,0.0,99.99999835426985,0.0,0.00423477323228461
1748.0,874.0,0.004256090187358565,0.0,99.9999977597238,0.0,0.005227518432026147
1748.5,874.25,0.004254824825652597,0.0,99.99999774915327,0.0,0.005232099838046996
1749.0,874.5,0.004253560216122588,0.0,99.99999773827516,0.0,0.005236785403155085
1749.5,874.75,0.0042522963580980564,0.0,99.99999772724362,0.0,0.0052415872410321585
1750.0,875.0,0.00425103325090932,0.0,99.99999771613842,0.0,0.005246510492294586
1750.5,875.25,0.004249770893887488,0.0,99.99999770509771,0.0,0.005251489614446063
1751.0,875.5,0.004248509286364468,0.0,99.9999976941639,0.0,0.005256463047942002
1751.5,875.75,0.0042472484276729556,0.0,99.99999768336936,0.0,0.005261352168160068
1752.0,876.0,0.004245963289413189,0.0,99.99999874456893,0.0,0.004367697406028753
1752.5,876.25,0.004244678928635968,0.0,99.99999873003345,0.0,0.004403442517448379
1753.0,876.5,0.0042433953446359635,0.0,99.99999871508261,0.0,0.004439538397967257
1753.5,876.75,0.004242104209321636,0.0,99.99999752347448,0.0,0.006339322472311794
1754.0,877.0,0.004240813859474226,0.0,99.99999753572739,0.0,0.004439333277097591
1754.5,877.25,0.004239524294377186,0.0,99.99999753391128,0.0,0.004442234041962306
1755.0,877.5,0.0042382272011422225,0.0,99.99999741314647,0.0,0.0046837336053945165
1755.5,877.75,0.0042388998466780905,0.0,99.99999812348838,0.0,0.004776175435644305
1756.0,878.0,0.004239580393263712,0.0,99.99999868814834,0.0,0.0031500455972004408
1756.5,878.25,0.004240260529131217,0.0,99.99999868254,0.0,0.003153782820151367
1757.0,878.5,0.004240940254652301,0.0,99.9999986776562,0.0,0.0031562235656663108
1757.5,878.75,0.004241636182762429,0.0,99.999998140554,0.0,0.004090268992552347
1758.0,879.0,0.00424232339150948,0.0,99.99999759755212,0.0,0.004489543329246311
1758.5,879.25,0.0042430018846913355,0.0,99.99999737213687,0.0,0.0047573560583017965
1759.0,879.5,0.004241723454500277,0.0,99.99999821259594,0.0,0.005201711072266087
1759.5,879.75,0.00424044579446747,0.0,99.99999822874142,0.0,0.005167105467995227
1760.0,880.0,0.004239168903897181,0.0,99.99999824383448,0.0,0.00513487131171557
1760.5,880.25,0.0042378927820945125,0.0,99.99999825806071,0.0,0.005104607613348214
1761.0,880.5,0.004236609149356106,0.0,99.99999884644724,0.0,0.004669605873001624
1761.5,880.75,0.004235326293991815,0.0,99.9999981749665,0.0,0.005851411743415489
1762.0,881.0,0.00423404421529568,0.0,99.99999820295709,0.0,0.005808911457818842
1762.5,881.25,0.004234715293979832,0.0,99.99999822997961,0.0,0.005767364651475077
1763.0,881.5,0.004235385966624378,0.0,99.99999825597601,0.0,0.005726885254633072
1763.5,881.75,0.004236064499008789,0.0,99.99999875325894,0.0,0.004266791608409727
1764.0,882.0,0.004236742623737463,0.0,99.99999875020286,0.0,0.0042778684053753
1764.5,882.25,0.004239370373548201,0.0,99.99999874679338,0.0,0.004290007860603093
1765.0,882.5,0.004241996545580019,0.0,99.99999874311952,0.0,0.004303094891322308
1765.5,882.75,0.004244637685678538,0.0,99.99999671226131,0.0,0.005315017971903315
1766.0,883.0,0.004245353782729067,0.0,99.99999685107285,0.0,0.004800588131395414
1766.5,883.25,0.0042460694641382425,0.0,99.99999684909557,0.0,0.004801098948847621
1767.0,883.5,0.004246735115495229,0.0,99.99999865256575,0.0,0.002531390899430424
1767.5,883.75,0.004247433436761517,0.0,99.99999729649963,0.0,0.00412275514193648
1768.0,884.0,0.0042481313476286945,0.0,99.99999729531136,0.0,0.004124163460932199
1768.5,884.25,0.004248837114292551,0.0,99.99999710439663,0.0,0.004245890162504889
1769.0,884.5,0.0042495424691689375,0.0,99.99999710260472,0.0,0.00424772130855419
1769.5,884.75,0.004250247412618141,0.0,99.99999710095085,0.0,0.004249460129929138
1770.0,885.0,0.004250943682285208,0.0,99.99999746241663,0.0,0.00418233807137118
1770.5,885.25,0.004251639543356813,0.0,99.99999791397205,0.0,0.0038334419455315263
1771.0,885.5,0.004252334996192519,0.0,99.99999791245361,0.0,0.003835129532190345
1771.5,885.75,0.004253030041151464,0.0,99.99999791089803,0.0,0.003836863664779703
1772.0,886.0,0.0042537246785923685,0.0,99.99999790931874,0.0,0.003838630082007317
1772.5,886.25,0.004254427166225438,0.0,99.99999618009038,0.0,0.005031640320628376
1773.0,886.5,0.004255129244942547,0.0,99.99999618045884,0.0,0.005032251787522196
1773.5,886.75,0.0042558309151006345,0.0,99.99999618080096,0.0,0.005032859091097947
1774.0,887.0,0.004258471371669918,0.0,99.99999618115744,0.0,0.005033426172298361
1774.5,887.25,0.004261102031874904,0.0,99.9999976919992,0.0,0.003968034195424865
1775.0,887.5,0.004263739415751416,0.0,99.9999979308739,0.0,0.003962139047991235
1775.5,887.75,0.004266375266648454,0.0,99.99999793136857,0.0,0.0039612935283418445
1776.0,888.0,0.0042690178547216805,0.0,99.99999830535816,0.0,0.003585621148438501
1776.5,888.25,0.004271658917910953,0.0,99.99999830532472,0.0,0.00358607125708989
1777.0,888.5,0.004274298457535774,0.0,99.99999830536696,0.0,0.0035864153915549516
1777.5,888.75,0.004275001209540858,0.0,99.9999971977386,0.0,0.00475058458887979
1778.0,889.0,0.004275711828631018,0.0,99.9999963793444,0.0,0.004587898365132289
1778.5,889.25,0.00427642204088422,0.0,99.99999638085755,0.0,0.004586946588163974
1779.0,889.5,0.004277123576386875,0.0,99.99999684773465,0.0,0.0043524733023682025
1779.5,889.75,0.004277824707772187,0.0,99.99999684810939,0.0,0.0043523953146583595
1780.0,890.0,0.004278558508417977,0.0,99.99999787394968,0.0,0.0038165440814896994
1780.5,890.25,0.0042793001653761145,0.0,99.99999781552681,0.0,0.003891308769131623
1781.0,890.5,0.004280041409786925,0.0,99.99999781629099,0.0,0.0038905639343465447
1781.5,890.75,0.004280773976292583,0.0,99.99999740417645,0.0,0.004160952182169237
1782.0,891.0,0.004281506132707387,0.0,99.99999740300659,0.0,0.004161806413155293
1782.5,891.25,0.0042822296155063415,0.0,99.99999720059154,0.0,0.004277809811005682
1783.0,891.5,0.004284881948704889,0.0,99.99999743915726,0.0,0.003986895040764295
1783.5,891.75,0.004287532788149977,0.0,99.99999744205851,0.0,0.003984779791486043
1784.0,892.0,0.004290173862911109,0.0,99.99999676801299,0.0,0.005315720535300288
1784.5,892.25,0.004292821715856454,0.0,99.99999668263924,0.0,0.0054078092213836184
1785.0,892.5,0.004293524447844662,0.0,99.99999856240325,0.0,0.003933398233328849
1785.5,892.75,0.0042942350520548365,0.0,99.99999761959064,0.0,0.005409902283796685
1786.0,893.0,0.004294945253892896,0.0,99.99999794606043,0.0,0.004413315830590512
1786.5,893.25,0.004295663324739439,0.0,99.99999643540218,0.0,0.006328162999330878
1787.0,893.5,0.004296372721883012,0.0,99.9999970345719,0.0,0.005632149249220846
1787.5,893.75,0.004295124302667711,0.0,99.99999802310057,0.0,0.003455881768860399
1788.0,894.0,0.0042938766087608935,0.0,99.99999802945212,0.0,0.00344971161406006
1788.5,894.25,0.004292646150946517,0.0,99.99999831680208,0.0,0.0035865208038133346
1789.0,894.5,0.004291416398132695,0.0,99.99999720487253,0.0,0.005052114202603843
1789.5,894.75,0.004290187349713699,0.0,99.99999719990804,0.0,0.005058828471451878
1790.0,895.0,0.004288959005084492,0.0,99.99999719540365,0.0,0.0050649435581596345
1790.5,895.25,0.00428773136364073,0.0,99.99999719138675,0.0,0.005070418755711522
1791.0,895.5,0.004286504424778761,0.0,99.99999718790889,0.0,0.005075181772533332
1791.5,895.75,0.004285269960487968,0.0,99.99999783357347,0.0,0.004321117639470816
1792.0,896.0,0.004284036207015685,0.0,99.99999773972442,0.0,0.004929683646749616
1792.5,896.25,0.004282794945841448,0.0,99.99999814021145,0.0,0.0046545615970517715
1793.0,896.5,0.004281554403747511,0.0,99.99999814040713,0.0,0.004655311114999535
1793.5,896.75,0.004280322788499893,0.0,99.99999791518968,0.0,0.004959285208316664
1794.0,897.0,0.004279091881611791,0.0,99.9999979095433,0.0,0.004973144439477351
1794.5,897.25,0.004277861682472267,0.0,99.99999790373764,0.0,0.004987374464291161
1795.0,897.5,0.004276632190471081,0.0,99.99999671974076,0.0,0.007111927664503217
1795.5,897.75,0.0042754034049986974,0.0,99.99999671506116,0.0,0.00711564469471529
1796.0,898.0,0.004274167140616652,0.0,99.99999706546939,0.0,0.00617666551843427
1796.5,898.25,0.004272931590977835,0.0,99.99999769237495,0.0,0.005669618252180033
1797.0,898.5,0.004271696755462585,0.0,99.99999768530739,0.0,0.005675118959441934
1797.5,898.75,0.004270462633451958,0.0,99.9999976781099,0.0,0.005680979530425775
1798.0,899.0,0.004269229224327721,0.0,99.999997670833,0.0,0.0056870957048918615
1798.5,899.25,0.004269900547457468,0.0,99.99999689732594,0.0,0.004639247685746308
1799.0,899.5,0.004270571480458408,0.0,99.99999689582522,0.0,0.004638973366193111
1799.5,899.75,0.004271258349020095,0.0,99.99999821524162,0.0,0.004613740787701968
1800.0,900.0,0.004271944823896908,0.0,99.99999820960439,0.0,0.00461907574673448
1800.5,900.25,0.004272639066093161,0.0,99.99999724893992,0.0,0.0068379245402844764
1801.0,900.5,0.0042733247535868815,0.0,99.9999979929117,0.0,0.005176262478742702
1801.5,900.75,0.004274001889799853,0.0,99.99999763541186,0.0,0.005577986562447387
1802.0,901.0,0.004274678635766847,0.0,99.99999762587821,0.0,0.00559981508372379
1802.5,901.25,0.004275354991825124,0.0,99.99999761515839,0.0,0.005623945858977168
1803.0,901.5,0.004276039113742259,0.0,99.99999720006988,0.0,0.006043523746894334
1803.5,901.75,0.004276714689933419,0.0,99.9999975411997,0.0,0.006244026815867667
1804.0,902.0,0.004277389877225186,0.0,99.99999754935166,0.0,0.00623664933257118
1804.5,902.25,0.0042780728282349,0.0,99.99999764220058,0.0,0.005660551706891691
1805.0,902.5,0.0042787553889266725,0.0,99.99999765476464,0.0,0.0056445879077926
1805.5,902.75,0.004279437559635019,0.0,99.99999766937476,0.0,0.005625284766209526
1806.0,903.0,0.0042801030423383684,0.0,99.99999825713374,0.0,0.005653527698791747
1806.5,903.25,0.0042807681399691265,0.0,99.99999827151011,0.0,0.005629389503080828
1807.0,903.5,0.004281432852861425,0.0,99.99999828619347,0.0,0.005604591803760582
1807.5,903.75,0.004282097181349003,0.0,99.99999830119103,0.0,0.0055791089979498765
1808.0,904.0,0.004282752981001464,0.0,99.99999711855678,0.0,0.006514233847470751
1808.5,904.25,0.004283408399130771,0.0,99.99999712301947,0.0,0.006510572934600407
1809.0,904.5,0.004284063436069761,0.0,99.99999712776373,0.0,0.006506597667805007
1809.5,904.75,0.004284726233545131,0.0,99.99999814426037,0.0,0.004743455629363837
1810.0,905.0,0.004285388648279006,0.0,99.99999815012787,0.0,0.004738241029327579
1810.5,905.25,0.004286050680602819,0.0,99.99999815632069,0.0,0.0047327506755528055
1811.0,905.5,0.0042867204689953165,0.0,99.99999822650102,0.0,0.005205954167787613
1811.5,905.75,0.004287389873484989,0.0,99.99999823838401,0.0,0.005191999570318734
1812.0,906.0,0.0042880507583778265,0.0,99.9999975429805,0.0,0.005509653808109988
1812.5,906.25,0.00428871126218233,0.0,99.99999754536447,0.0,0.0055083711230460245
1813.0,906.5,0.004287466981194688,0.0,99.99999823076126,0.0,0.004400252095903084
1813.5,906.75,0.004286223422002487,0.0,99.99999823316132,0.0,0.004397219590977392
1814.0,907.0,0.0042849805839778494,0.0,99.9999982355756,0.0,0.004394214364574742
1814.5,907.25,0.004283738466493625,0.0,99.99999823802406,0.0,0.004391202012714658
1815.0,907.5,0.00428249706892339,0.0,99.99999827125333,0.0,0.0043265413770329315
1815.5,907.75,0.00428125639064145,0.0,99.99999827285365,0.0,0.00432437528609573
1816.0,908.0,0.004280016431022831,0.0,99.9999975323918,0.0,0.005029366433593372
1816.5,908.25,0.004278777189443286,0.0,99.99999753700585,0.0,0.00502648539805298
1817.0,908.5,0.00427753057270856,0.0,99.99999818447202,0.0,0.004160450575492957
1817.5,908.75,0.004276284682162919,0.0,99.99999827465872,0.0,0.00579449546502753
1818.0,909.0,0.004275039517172007,0.0,99.99999830205108,0.0,0.005744249806431563
1818.5,909.25,0.004273795077102212,0.0,99.99999832791079,0.0,0.005696285112894467
1819.0,909.5,0.0042725594350621985,0.0,99.99999830602493,0.0,0.005668168942909185
1819.5,909.75,0.004271324507314714,0.0,99.99999832925906,0.0,0.005624399337547965
1820.0,910.0,0.004270090293240566,0.0,99.99999835191326,0.0,0.0055812463271794665
1820.5,910.25,0.004268848732467229,0.0,99.99999770295244,0.0,0.005237783291721952
1821.0,910.5,0.004267607893470239,0.0,99.99999770592734,0.0,0.005235327314887636
1821.5,910.75,0.004266367775620378,0.0,99.99999770913855,0.0,0.005232612122370698
1822.0,911.0,0.004265128378289157,0.0,99.99999771251102,0.0,0.005229686919942894
1822.5,911.25,0.00426388165983993,0.0,99.9999975863642,0.0,0.005419871257493338
1823.0,911.5,0.00426263567002185,0.0,99.99999758763312,0.0,0.005420271294733146
1823.5,911.75,0.004261398439811752,0.0,99.99999774887836,0.0,0.0061762076577702085
1824.0,912.0,0.00426016192760551,0.0,99.99999777253001,0.0,0.00613350337133155
1824.5,912.25,0.004258918110479463,0.0,99.99999802935359,0.0,0.00559651453182741
1825.0,912.5,0.004257675019442944,0.0,99.99999804105379,0.0,0.005584083895956459
1825.5,912.75,0.004256424640952415,0.0,99.99999775167328,0.0,0.005972957055943304
1826.0,913.0,0.0042551749966594716,0.0,99.9999977652377,0.0,0.005960935469826589
1826.5,913.25,0.004253918082444357,0.0,99.99999820240679,0.0,0.005404981373502904
1827.0,913.5,0.004252661910556796,0.0,99.99999818501612,0.0,0.005441489585212054
1827.5,913.75,0.004251414474364591,0.0,99.99999812183384,0.0,0.005448150236068747
1828.0,914.0,0.004250159780442873,0.0,99.99999832761503,0.0,0.00514713302600455
1828.5,914.25,0.004248905826882927,0.0,99.99999830425901,0.0,0.005194037602558956
1829.0,914.5,0.004247652613029641,0.0,99.9999982787875,0.0,0.005244704365749055
1829.5,914.75,0.004248270266615582,0.0,99.99999838412869,0.0,0.005368431430051582
1830.0,915.0,0.0042488955312433695,0.0,99.99999803091904,0.0,0.0049108612585169265
1830.5,915.25,0.0042495124510339415,0.0,99.99999819860945,0.0,0.005360840818713215
1831.0,915.5,0.004250136980132251,0.0,99.99999833527616,0.0,0.005086001722482463
1831.5,915.75,0.004250753167430152,0.0,99.9999986806127,0.0,0.004210093028619252
1832.0,916.0,0.004251368989573175,0.0,99.99999869317642,0.0,0.004183907610688197
1832.5,916.25,0.004251984446885815,0.0,99.99999870567272,0.0,0.004157580076587736
1833.0,916.5,0.004252599539692178,0.0,99.9999986381533,0.0,0.004373813516635049
1833.5,916.75,0.004253206299242105,0.0,99.9999990860751,0.0,0.0025206142378236046
1834.0,917.0,0.004253812697378033,0.0,99.99999908915605,0.0,0.0025168953453012714
1834.5,917.25,0.004252546190965727,0.0,99.99999909233924,0.0,0.002513024555309264
1835.0,917.5,0.004251280438494025,0.0,99.99999909567391,0.0,0.0027610695750901076
1835.5,917.75,0.004250015439289905,0.0,99.99999909652111,0.0,0.002760751695638528
1836.0,918.0,0.004248751192681147,0.0,99.99999909735004,0.0,0.0027604042138909095
1836.5,918.25,0.00424748769799633,0.0,99.99999909815368,0.0,0.002760041367851729
1837.0,918.5,0.004246224954564832,0.0,99.99999909892891,0.0,0.0027596822239983514
1837.5,918.75,0.004244970896434673,0.0,99.99999900214029,0.0,0.0032756273334909256
1838.0,919.0,0.004243709648786778,0.0,99.99999881160839,0.0,0.003298994131126353
1838.5,919.25,0.004242449150389312,0.0,99.99999883632537,0.0,0.003266989424023997
1839.0,919.5,0.00424118940057483,0.0,99.99999900278651,0.0,0.003050299739278791
1839.5,919.75,0.004239922482791068,0.0,99.99999857305063,0.0,0.003850770897337979
1840.0,920.0,0.004238664232840969,0.0,99.99999785261113,0.0,0.004767726872051178
1840.5,920.25,0.0042374146359667126,0.0,99.99999903104785,0.0,0.002812523149710595
1841.0,920.5,0.0042361657756604205,0.0,99.99999903136383,0.0,0.002813242678683294
1841.5,920.75,0.004234917651271035,0.0,99.99999903168222,0.0,0.002813993219011918
1842.0,921.0,0.004233686047292007,0.0,99.99999864946645,0.0,0.003934387696411838
1842.5,921.25,0.004232447271459962,0.0,99.99999846683583,0.0,0.0043872685773762455
1843.0,921.5,0.0042312092203470675,0.0,99.99999847208028,0.0,0.004382940205961791
1843.5,921.75,0.004229971893317539,0.0,99.99999847716309,0.0,0.004378695042021244
1844.0,922.0,0.004228735289736332,0.0,99.99999848203373,0.0,0.004374560937201218
1844.5,922.25,0.004227515148130567,0.0,99.99999847223077,0.0,0.0031983289101742826
1845.0,922.5,0.004226295710430818,0.0,99.99999847527205,0.0,0.003194661386416042
1845.5,922.75,0.00422508483657796,0.0,99.99999844685975,0.0,0.0031323358060614
1846.0,923.0,0.004223874656380078,0.0,99.99999844634499,0.0,0.0031329474428031744
1846.5,923.25,0.004222673020819582,0.0,99.9999985760114,0.0,0.0029151946250936898
1847.0,923.5,0.004221464221650107,0.0,99.99999867352543,0.0,0.002853586758411889
1847.5,923.75,0.004220256114353889,0.0,99.99999867630073,0.0,0.002850090461631711
1848.0,924.0,0.004219048698337089,0.0,99.99999867908824,0.0,0.002846602081328568
1848.5,924.25,0.004217841973006555,0.0,99.9999986819026,0.0,0.0028431072544074258
1849.0,924.5,0.004218500501318281,0.0,99.9999988672184,0.0,0.0025253191174281664
1849.5,924.75,0.004219158655586348,0.0,99.9999988685117,0.0,0.002523795916268221
1850.0,925.0,0.004219808605514699,0.0,99.99999750528504,0.0,0.0039721418725689435
1850.5,925.25,0.004220458184071341,0.0,99.99999750717048,0.0,0.0039701447384850605
1851.0,925.5,0.004221107391574477,0.0,99.99999750904587,0.0,0.003968210607518699
1851.5,925.75,0.004221756228341945,0.0,99.99999751092324,0.0,0.00396632344389157
1852.0,926.0,0.0042224046946912255,0.0,99.99999751281182,0.0,0.003964465541728846
1852.5,926.25,0.00422305279093943,0.0,99.99999751474107,0.0,0.003962596758538134
1853.0,926.5,0.004223708341823975,0.0,99.99999875030989,0.0,0.002872017999401822
1853.5,926.75,0.004224363521204231,0.0,99.99999875025195,0.0,0.0028718167270316746
1854.0,927.0,0.004225018329395908,0.0,99.9999987501395,0.0,0.002871678284858841
1854.5,927.25,0.0042256649453051255,0.0,99.99999901155991,0.0,0.00219194323500857
1855.0,927.5,0.004226311192693144,0.0,99.9999990116675,0.0,0.002191732943587747
1855.5,927.75,0.004226957071874919,0.0,99.99999901166036,0.0,0.002191649585062177
1856.0,928.0,0.004227602583165043,0.0,99.99999901154709,0.0,0.002191688294226339
1856.5,928.25,0.0042282477268777525,0.0,99.9999990113486,0.0,0.0021918304280064338
1857.0,928.5,0.004228892503326926,0.0,99.99999901109791,0.0,0.002192044014035905
1857.5,928.75,0.004229521282492849,0.0,99.99999818942156,0.0,0.003301066484726365
1858.0,929.0,0.004230157513332385,0.0,99.99999865584725,0.0,0.0027800114713330093
1858.5,929.25,0.0042307933799440815,0.0,99.9999986548349,0.0,0.0027809802944011443
1859.0,929.5,0.004231428882640618,0.0,99.99999865395782,0.0,0.002781826813599422
1859.5,929.75,0.004232056210860862,0.0,99.99999861015657,0.0,0.0029604441510327818
1860.0,930.0,0.004232683177944289,0.0,99.99999861406721,0.0,0.0029569032176828135
1860.5,930.25,0.0042333019755409216,0.0,99.99999782124434,0.0,0.003638854112464643
1861.0,930.5,0.004233912607323046,0.0,99.99999802946243,0.0,0.0033435181970105426
1861.5,930.75,0.004234530689747348,0.0,99.9999976381998,0.0,0.003654948366561037
1862.0,931.0,0.004235156219763694,0.0,99.99999861096543,0.0,0.0026741555736124463
1862.5,931.25,0.004235773586018078,0.0,99.99999697917534,0.0,0.004033536922751552
1863.0,931.5,0.004236390595212879,0.0,99.9999969748231,0.0,0.004037067408749705
1863.5,931.75,0.004237007247657769,0.0,99.99999697092017,0.0,0.004040312625603284
1864.0,932.0,0.004237631344481507,0.0,99.99999783821563,0.0,0.0038133070805469508
1864.5,932.25,0.004238255082961589,0.0,99.99999783958582,0.0,0.003811545361956017
1865.0,932.5,0.004238878463406557,0.0,99.99999784097798,0.0,0.003809752334167063
1865.5,932.75,0.00423949368858022,0.0,99.99999701700195,0.0,0.004382165504950334
1866.0,933.0,0.004240108558546963,0.0,99.99999701605992,0.0,0.004383171449410087
1866.5,933.25,0.00424072307361432,0.0,99.99999701485221,0.0,0.004384387745764259
1867.0,933.5,0.004241345028272571,0.0,99.99999732143986,0.0,0.0037546332969559657
1867.5,933.75,0.004241958833341906,0.0,99.99999738296925,0.0,0.003719413916817859
1868.0,934.0,0.004242572284432331,0.0,99.99999738032336,0.0,0.003721826485726814
1868.5,934.25,0.004243200963579345,0.0,99.99999789121095,0.0,0.0038256995692566654
1869.0,934.5,0.004241993718692123,0.0,99.99999789200172,0.0,0.003825671203953137
1869.5,934.75,0.004240787160562698,0.0,99.9999978924729,0.0,0.003825891682516973
1870.0,935.0,0.0042395890662263805,0.0,99.99999807136082,0.0,0.0034089537213865154
1870.5,935.25,0.004238391648662825,0.0,99.9999970069619,0.0,0.0037485590824628706
1871.0,935.5,0.004237194907298756,0.0,99.99999700709225,0.0,0.0037483755031339555
1871.5,935.75,0.0042359910771075015,0.0,99.99999762642206,0.0,0.0035109524892457506
1872.0,936.0,0.004234780170747216,0.0,99.99999873642665,0.0,0.002583412922103672
1872.5,936.25,0.0042335699564918705,0.0,99.99999873528854,0.0,0.002585123924233873
1873.0,936.5,0.0042323604337482675,0.0,99.99999873416088,0.0,0.002586818788244215
1873.5,936.75,0.004231143855229335,0.0,99.99999902812166,0.0,0.002240975474508163
1874.0,937.0,0.00422992023369806,0.0,99.99999896879318,0.0,0.0023374662843952264
1874.5,937.25,0.004228697319690249,0.0,99.99999895923114,0.0,0.002347361421483729
1875.0,937.5,0.004227482845858768,0.0,99.99999871974022,0.0,0.0027226033499613903
1875.5,937.75,0.004226269069416149,0.0,99.99999869814428,0.0,0.002745499905311325
1876.0,938.0,0.00422504826537179,0.0,99.99999865723088,0.0,0.002860509239342712
1876.5,938.25,0.004223835886338422,0.0,99.99999862000985,0.0,0.0027877240340022104
1877.0,938.5,0.004222624202890607,0.0,99.9999986211821,0.0,0.002787210658849335
1877.5,938.75,0.00422141321442989,0.0,99.99999862227946,0.0,0.0027867928251783278
1878.0,939.0,0.0042202029203585074,0.0,99.99999862330745,0.0,0.002786464631392238
1878.5,939.25,0.0042190010223455525,0.0,99.99999744427755,0.0,0.004124581308640684
1879.0,939.5,0.004217799808729806,0.0,99.99999744460037,0.0,0.00412536468516437
1879.5,939.75,0.004216606972454299,0.0,99.9999975489624,0.0,0.003991686769673589
1880.0,940.0,0.004215437878381608,0.0,99.99999702862011,0.0,0.004644782051907214
1880.5,940.25,0.004214261747414183,0.0,99.9999966941414,0.0,0.0048586736082076925
1881.0,940.5,0.004213093953271301,0.0,99.9999968388039,0.0,0.004615333093916784
1881.5,940.75,0.004211926806152949,0.0,99.99999683730127,0.0,0.004618072872908788
1882.0,941.0,0.004210752633314688,0.0,99.9999981325956,0.0,0.00367262403313842
1882.5,941.25,0.004209579114950108,0.0,99.99999811471535,0.0,0.0036902210348445713
1883.0,941.5,0.004208406250512165,0.0,99.99999811203702,0.0,0.0036929400978785764
1883.5,941.75,0.004209046902108711,0.0,99.99999779750229,0.0,0.004151815238298671
1884.0,942.0,0.004209687194579277,0.0,99.99999778994561,0.0,0.004159580373173284
1884.5,942.25,0.004210319467541967,0.0,99.99999726522123,0.0,0.004857805487142075
1885.0,942.5,0.004210951383975102,0.0,99.9999972645261,0.0,0.004858646846275246
1885.5,942.75,0.004211590602843006,0.0,99.99999875957127,0.0,0.0030277754285901984
1886.0,943.0,0.004212229463790643,0.0,99.99999876112618,0.0,0.003026067143899801
1886.5,943.25,0.004212898594185909,0.0,99.99999763857657,0.0,0.004590950206909661
1887.0,943.5,0.004211750383836182,0.0,99.99999857219387,0.0,0.003191547894709474
1887.5,943.75,0.0042106027991971155,0.0,99.9999986300613,0.0,0.0031234594167168874
1888.0,944.0,0.004209455839757384,0.0,99.99999872099667,0.0,0.0030189659030981715
1888.5,944.25,0.004208271304600414,0.0,99.99999755065105,0.0,0.004335085156425812
1889.0,944.5,0.004207102707392195,0.0,99.99999754363526,0.0,0.004846500687514379
1889.5,944.75,0.004205934759020623,0.0,99.99999753684169,0.0,0.00485400477247216
1890.0,945.0,0.00420476745894547,0.0,99.99999753110868,0.0,0.0048601900881829
1890.5,945.25,0.004203600806627109,0.0,99.999997526133,0.0,0.004865478331405689
1891.0,945.5,0.00420243480152651,0.0,99.9999975217808,0.0,0.004870051563454005
1891.5,945.75,0.004201269443105242,0.0,99.99999751797188,0.0,0.004874010861791548
1892.0,946.0,0.0042001123412274185,0.0,99.99999810966813,0.0,0.003938218217055568
1892.5,946.25,0.004198963482784793,0.0,99.9999980304319,0.0,0.00409581151908157
1893.0,946.5,0.00419781525266574,0.0,99.9999979578503,0.0,0.004174623368516745
1893.5,946.75,0.004196667650354943,0.0,99.99999792893252,0.0,0.004207030778519674
1894.0,947.0,0.004195520675337651,0.0,99.99999791599717,0.0,0.0042221347456861125
1894.5,947.25,0.004194374327099675,0.0,99.9999979098973,0.0,0.004229743215899296
1895.0,947.5,0.0041932286051273885,0.0,99.999997907185,0.0,0.004233584263643143
1895.5,947.75,0.0041938920004991435,0.0,99.99999846640571,0.0,0.003940233938849032
1896.0,948.0,0.0041945550336468405,0.0,99.99999772200101,0.0,0.004637926906903904
1896.5,948.25,0.004195217704867067,0.0,99.9999974769352,0.0,0.00483560904668324
1897.0,948.5,0.004197687025659559,0.0,99.99999876796439,0.0,0.003563673402237261
1897.5,948.75,0.00420015499926836,0.0,99.99999876132794,0.0,0.0035706964995242106
1898.0,949.0,0.004202614036767003,0.0,99.9999974953864,0.0,0.004489199942026503
1898.5,949.25,0.0042032661978315625,0.0,99.99999749961471,0.0,0.004483948263271666
1899.0,949.5,0.0042021129696917184,0.0,99.99999750388542,0.0,0.004478756072444552
1899.5,949.75,0.004200967954987566,0.0,99.99999876737775,0.0,0.0035567074404495784
1900.0,950.0,0.004199823564113157,0.0,99.99999877056797,0.0,0.0035509112944941993
1900.5,950.25,0.004198672224015756,0.0,99.99999815916922,0.0,0.004542737649425635
1901.0,950.5,0.004197521515002353,0.0,99.99999781821458,0.0,0.004694412635507289
1901.5,950.75,0.00419635630814378,0.0,99.99999874211315,0.0,0.00354210135423354
1902.0,951.0,0.004195191748014583,0.0,99.99999874301024,0.0,0.003540898713932984
1902.5,951.25,0.004194027834076476,0.0,99.9999987437834,0.0,0.0035398666196852636
1903.0,951.5,0.0041928721174004195,0.0,99.99999759660244,0.0,0.004741496773825544
1903.5,951.75,0.00419170949004469,0.0,99.99999786294975,0.0,0.0045991913887172085
1904.0,952.0,0.004190539964034799,0.0,99.9999988385397,0.0,0.003448857812387764
1904.5,952.25,0.004189378629490131,0.0,99.99999882300284,0.0,0.0034241841356372335
1905.0,952.5,0.0041882254733342445,0.0,99.99999789599329,0.0,0.004997515671368039
1905.5,952.75,0.004187072951832474,0.0,99.99999789986893,0.0,0.004994725299862727
1906.0,953.0,0.004185913537870111,0.0,99.99999879520287,0.0,0.0042774775458359485
1906.5,953.25,0.004184747243423583,0.0,99.99999883801677,0.0,0.004083249314674111
1907.0,953.5,0.004183581598710422,0.0,99.9999988671663,0.0,0.004015604324308629
1907.5,953.75,0.004182439145330777,0.0,99.99999836899492,0.0,0.004724009898688388
1908.0,954.0,0.004181289805771185,0.0,99.99999788457616,0.0,0.004872263978722677
1908.5,954.25,0.0041801410977179805,0.0,99.99999881608032,0.0,0.0038638040252480716
1909.0,954.5,0.0041789930206508315,0.0,99.99999880589712,0.0,0.0038671778672715353
1909.5,954.75,0.004177853071655205,0.0,99.99999824499015,0.0,0.005277666366812404
1910.0,955.0,0.004176713744402342,0.0,99.99999820811398,0.0,0.0053216208273880496
1910.5,955.25,0.004175575038383722,0.0,99.99999817295804,0.0,0.005361905781590009
1911.0,955.5,0.004174429467742311,0.0,99.99999790566783,0.0,0.005563040418451646
1911.5,955.75,0.004173284525504003,0.0,99.99999789083189,0.0,0.005573876037133269
1912.0,956.0,0.004172140211151872,0.0,99.99999787780737,0.0,0.005582555776941397
1912.5,956.25,0.004170996524169563,0.0,99.99999786657516,0.0,0.005589199640891906
1913.0,956.5,0.004169853464041283,0.0,99.99999785691304,0.0,0.005594103223246836
1913.5,956.75,0.004168711030251806,0.0,99.99999892217504,0.0,0.002915704621668436
1914.0,957.0,0.00416756922228647,0.0,99.99999892230215,0.0,0.0029143066345085774
1914.5,957.25,0.004166428039631178,0.0,99.99999892243594,0.0,0.0029129247303059567
1915.0,957.5,0.004165287481772394,0.0,99.99999892256716,0.0,0.0029115749159719703
1915.5,957.75,0.004164147548197146,0.0,99.99999892269426,0.0,0.0029102601181162295
1916.0,958.0,0.0041647964721724,0.0,99.99999770807258,0.0,0.0043159372013272185
1916.5,958.25,0.004165445041153882,0.0,99.99999768513831,0.0,0.0043366213985221785
1917.0,958.5,0.00416609325543281,0.0,99.99999766429518,0.0,0.004355403290789553
1917.5,958.75,0.004164946906307455,0.0,99.99999764301674,0.0,0.004272125484720587
1918.0,959.0,0.0041638086255680355,0.0,99.99999767086004,0.0,0.004265537643152115
1918.5,959.25,0.004162693267901724,0.0,99.99999794931345,0.0,0.0042578868933530935
1919.0,959.5,0.0041615859373744695,0.0,99.99999739866703,0.0,0.005031463956136494
1919.5,959.75,0.004160479195819173,0.0,99.99999740207527,0.0,0.005028031316640261
1920.0,960.0,0.004159365620907103,0.0,99.99999861398202,0.0,0.0033353578078429754
1920.5,960.25,0.00415826005983185,0.0,99.99999881288156,0.0,0.00295946852375955
1921.0,960.5,0.004157155086317592,0.0,99.99999881640323,0.0,0.0029554675887052168
1921.5,960.75,0.004156050699896054,0.0,99.99999882022487,0.0,0.002951086433806211
1922.0,961.0,0.0041549394940278315,0.0,99.99999862304198,0.0,0.003112168105663715
1922.5,961.25,0.004153836284321272,0.0,99.99999828818277,0.0,0.0033912212405937383
1923.0,961.5,0.004152726262118799,0.0,99.9999988034463,0.0,0.0027027225028041606
1923.5,961.75,0.0041516094388114036,0.0,99.99999898881391,0.0,0.0024994008844480093
1924.0,962.0,0.00415227377942381,0.0,99.99999899012788,0.0,0.002498089637377403
1924.5,962.25,0.004152945155490681,0.0,99.99999743015938,0.0,0.004413453413839058
1925.0,962.5,0.004153601389516695,0.0,99.99999810891188,0.0,0.003978229084638628
1925.5,962.75,0.004154249877685362,0.0,99.99999765539278,0.0,0.005156044860105261
1926.0,963.0,0.004154898012905796,0.0,99.99999765305647,0.0,0.005159574090642296
1926.5,963.25,0.004155538406279006,0.0,99.99999781749993,0.0,0.005867987671868887
1927.0,963.5,0.004156171060748004,0.0,99.99999862203985,0.0,0.004168897463277797
1927.5,963.75,0.004156803366673065,0.0,99.99999863330588,0.0,0.004141176688997952
1928.0,964.0,0.004157435324342139,0.0,99.99999864579632,0.0,0.004110187322158014
1928.5,964.25,0.004158066934042863,0.0,99.99999865925382,0.0,0.004076533405234405
1929.0,964.5,0.004158690811459661,0.0,99.9999981320398,0.0,0.0052318276467687285
1929.5,964.75,0.004159321726997247,0.0,99.99999825082665,0.0,0.005045763734824001
1930.0,965.0,0.004159944912674876,0.0,99.9999978654731,0.0,0.004251298294134255
1930.5,965.25,0.0041605677533821245,0.0,99.99999786532621,0.0,0.004249001210476673
1931.0,965.5,0.004161190249405354,0.0,99.99999786536497,0.0,0.004246542867982439
1931.5,965.75,0.0041618124010306115,0.0,99.99999786561646,0.0,0.004243947552930785
1932.0,966.0,0.004162434208543626,0.0,99.99999786608089,0.0,0.0042412395149536136
1932.5,966.25,0.004163063050289943,0.0,99.9999986701565,0.0,0.003298196491843674
1933.0,966.5,0.00416369154664309,0.0,99.9999986671856,0.0,0.0033114165862285433
1933.5,966.75,0.004164319697887551,0.0,99.99999866206201,0.0,0.003333691912617716
1934.0,967.0,0.004164947504307498,0.0,99.99999865507172,0.0,0.003363692180185932
1934.5,967.25,0.004165582340621775,0.0,99.99999863530834,0.0,0.00398012233377765
1935.0,967.5,0.0041662242044529394,0.0,99.99999799047592,0.0,0.006168435133057439
1935.5,967.75,0.004166865720761607,0.0,99.99999802749112,0.0,0.006104974138921088
1936.0,968.0,0.0041675068898299385,0.0,99.99999806566031,0.0,0.006038510600538867
1936.5,968.25,0.004168162453999013,0.0,99.99999722698597,0.0,0.005036910621295398
1937.0,968.5,0.004168810297916125,0.0,99.99999736637011,0.0,0.00505779131937717
1937.5,968.75,0.004169465163137615,0.0,99.9999975419775,0.0,0.00494174611360474
1938.0,969.0,0.00417012704751471,0.0,99.99999870092513,0.0,0.0037883995040485985
1938.5,969.25,0.004170788581119277,0.0,99.99999870309986,0.0,0.0037876070233939596
1939.0,969.5,0.0041714497642300835,0.0,99.99999870499698,0.0,0.0037873516163152445
1939.5,969.75,0.004172117963413192,0.0,99.99999804260091,0.0,0.004293471854738195
1940.0,970.0,0.004172785811116132,0.0,99.99999748710138,0.0,0.0043451185989289865
1940.5,970.25,0.004173431213383215,0.0,99.99999906893848,0.0,0.002313934555888357
1941.0,970.5,0.0041723047176152415,0.0,99.99999829381927,0.0,0.003829700827053
1941.5,970.75,0.004171193543380413,0.0,99.99999922453932,0.0,0.002896713318699708
1942.0,971.0,0.0041700829608470645,0.0,99.99999922659653,0.0,0.0028892650897812317
1942.5,971.25,0.0041689729695426996,0.0,99.99999922848885,0.0,0.0028822067260265297
1943.0,971.5,0.004167863568995325,0.0,99.99999923023456,0.0,0.0028754817922661967
1943.5,971.75,0.004166732735367545,0.0,99.99999809070952,0.0,0.0048598797337179225
1944.0,972.0,0.004165587841063008,0.0,99.99999818179317,0.0,0.004653889646629152
1944.5,972.25,0.004164443575751493,0.0,99.99999818031647,0.0,0.004655310310772251
1945.0,972.5,0.004163299938914796,0.0,99.99999817888032,0.0,0.0046566811149873
1945.5,972.75,0.004162164255016596,0.0,99.99999816454694,0.0,0.004687254288655853
1946.0,973.0,0.004161029190543467,0.0,99.99999816436235,0.0,0.004687399181641257
1946.5,973.25,0.004159894744988778,0.0,99.99999816430926,0.0,0.004687393864649407
1947.0,973.5,0.004158760917846447,0.0,99.99999816441296,0.0,0.004687207008359161
1947.5,973.75,0.004157627708610948,0.0,99.99999816468642,0.0,0.004686818461674525
1948.0,974.0,0.004156502421843695,0.0,99.99999826044797,0.0,0.004599204809682827
1948.5,974.25,0.0041553777440427875,0.0,99.99999826061384,0.0,0.004598961191819696
1949.0,974.5,0.004154246377549855,0.0,99.99999882872707,0.0,0.0037206921797465725
1949.5,974.75,0.004153122920145895,0.0,99.99999903707175,0.0,0.0031238319889509217
1950.0,975.0,0.004152000070224103,0.0,99.99999903142096,0.0,0.0031378720595243315
1950.5,975.25,0.00415087782729189,0.0,99.99999902550834,0.0,0.0031524277123844567
1951.0,975.5,0.004149741628137529,0.0,99.99999880900667,0.0,0.0039526284401087
1951.5,975.75,0.004148613328187767,0.0,99.99999855286379,0.0,0.004663241896386204
1952.0,976.0,0.004147492915064957,0.0,99.99999866224296,0.0,0.004497550562385245
1952.5,976.25,0.004146373106957141,0.0,99.99999862595766,0.0,0.004545136795693799
1953.0,976.5,0.004145253903374394,0.0,99.99999847787589,0.0,0.004666238248585945
1953.5,976.75,0.004144135303827324,0.0,99.99999847321567,0.0,0.004672566737114829
1954.0,977.0,0.004143024565595553,0.0,99.99999843831485,0.0,0.004702130249655093
1954.5,977.25,0.004141914422618881,0.0,99.9999984330212,0.0,0.004709244650771801
1955.0,977.5,0.00414081212443797,0.0,99.99999862713823,0.0,0.004234211762522774
1955.5,977.75,0.004139710412815773,0.0,99.99999862171917,0.0,0.004241808530205442
1956.0,978.0,0.004138602044976892,0.0,99.99999765272321,0.0,0.005168238125876414
1956.5,978.25,0.004137494270488907,0.0,99.999997649297,0.0,0.005171815448916919
1957.0,978.5,0.004136394323432805,0.0,99.9999981578478,0.0,0.004217564593478946
1957.5,978.75,0.004135294961060034,0.0,99.99999815470366,0.0,0.004222360190915735
1958.0,979.0,0.004134196182904531,0.0,99.99999815174333,0.0,0.004226939906218081
1958.5,979.25,0.004133097988500725,0.0,99.99999788797871,0.0,0.004763997267292444
1959.0,979.5,0.004131993158188073,0.0,99.99999806432595,0.0,0.004627050438732486
1959.5,979.75,0.004130888918388307,0.0,99.99999830709312,0.0,0.004765589142625443
1960.0,980.0,0.0041297780571707965,0.0,99.99999822646032,0.0,0.0048649490098797476
1960.5,980.25,0.004128667793248887,0.0,99.99999822805624,0.0,0.004862699989042563
1961.0,980.5,0.004127558126140969,0.0,99.99999822962079,0.0,0.004860508018311922
1961.5,980.75,0.004126449055365954,0.0,99.99999823113431,0.0,0.0048583908755317606
1962.0,981.0,0.004125347776411384,0.0,99.99999842690914,0.0,0.004166015080190049
1962.5,981.25,0.0041259909528144284,0.0,99.99999843071507,0.0,0.004165137316143557
1963.0,981.5,0.00412663378609497,0.0,99.9999984345352,0.0,0.004164305930513581
1963.5,981.75,0.004127283470125125,0.0,99.99999852543338,0.0,0.004060994765926244
1964.0,982.0,0.0041279328100088,0.0,99.99999852937283,0.0,0.004060086942539317
1964.5,982.25,0.0041303238236590385,0.0,99.99999853351363,0.0,0.0040590043278032175
1965.0,982.5,0.0041309792092623105,0.0,99.99999859712719,0.0,0.003601760302555137
1965.5,982.75,0.004131627056672761,0.0,99.9999976509982,0.0,0.006197585630537295
1966.0,983.0,0.0041322601757341985,0.0,99.99999854297182,0.0,0.005176889296869377
1966.5,983.25,0.00413290014739227,0.0,99.99999804261964,0.0,0.006374802396536742
1967.0,983.5,0.004133539778361546,0.0,99.99999812869792,0.0,0.006257367345034017
1967.5,983.75,0.0041341790689139995,0.0,99.99999734763064,0.0,0.007629061876309606
1968.0,984.0,0.004134825208871269,0.0,99.99999804242397,0.0,0.00387561355218818
1968.5,984.25,0.004135471007375706,0.0,99.99999803769497,0.0,0.0038711739852421044
1969.0,984.5,0.004136130840764176,0.0,99.99999813657435,0.0,0.003671193348829117
1969.5,984.75,0.004136775955619569,0.0,99.99999829057202,0.0,0.004727509504957962
1970.0,985.0,0.004137413543342099,0.0,99.99999766997817,0.0,0.005297680721307112
1970.5,985.25,0.0041380507922726285,0.0,99.99999790808161,0.0,0.0072039648683358895
1971.0,985.5,0.004138680517821151,0.0,99.99999871683998,0.0,0.0029765816270056165
1971.5,985.75,0.004139309906748377,0.0,99.99999871875919,0.0,0.0029740988631670796
1972.0,986.0,0.004138203863364664,0.0,99.99999773829647,0.0,0.004239899779821175
1972.5,986.25,0.004137098410903206,0.0,99.99999774076903,0.0,0.0042372510822108215
1973.0,986.5,0.004135986376390368,0.0,99.9999977828189,0.0,0.004150393711812885
1973.5,986.75,0.004134874939537206,0.0,99.99999778370663,0.0,0.004148795216492036
1974.0,987.0,0.004133756935092217,0.0,99.99999811760235,0.0,0.00340693764702478
1974.5,987.25,0.004132646695961962,0.0,99.99999754339838,0.0,0.005301087969776384
1975.0,987.5,0.004131537053044778,0.0,99.99999753902843,0.0,0.005296279198107733
1975.5,987.75,0.004130428005860532,0.0,99.99999753467213,0.0,0.005291622834803672
1976.0,988.0,0.0041293195539296055,0.0,99.9999975303562,0.0,0.0052869865515015844
1976.5,988.25,0.004128233133528004,0.0,99.9999978942854,0.0,0.004638784832882853
1977.0,988.5,0.00412714728464857,0.0,99.99999789316979,0.0,0.004634772596548019
1977.5,988.75,0.00412606200684044,0.0,99.9999978916389,0.0,0.004631136967687131
1978.0,989.0,0.004124977299653225,0.0,99.99999788983651,0.0,0.004627808210736192
1978.5,989.25,0.004123893162637009,0.0,99.99999788794756,0.0,0.004624716270004373
1979.0,989.5,0.004122809595342349,0.0,99.99999788615028,0.0,0.0046217368720634115
1979.5,989.75,0.004121733720447947,0.0,99.99999765145769,0.0,0.0050724568819556365
1980.0,990.0,0.004120658406920633,0.0,99.99999764531495,0.0,0.005072684221544575
1980.5,990.25,0.0041195836543211585,0.0,99.99999860451652,0.0,0.00354344401413379
1981.0,990.5,0.004118509462210733,0.0,99.99999859881528,0.0,0.003536701778453641
1981.5,990.75,0.004119162218339767,0.0,99.99999765447097,0.0,0.004929336949121233
1982.0,991.0,0.004119807523697091,0.0,99.99999823226453,0.0,0.005092697472790171
1982.5,991.25,0.00412045249056161,0.0,99.99999829856303,0.0,0.004870049712928465
1983.0,991.5,0.004121097119199586,0.0,99.99999835467811,0.0,0.004669155899509069
1983.5,991.75,0.00412347309912374,0.0,99.99999826603423,0.0,0.004269155320226101
1984.0,992.0,0.004125840728410025,0.0,99.99999802075082,0.0,0.004698998611008579
1984.5,992.25,0.004128214232772678,0.0,99.99999727249862,0.0,0.006190827759643459
1985.0,992.5,0.004130586501925711,0.0,99.99999730530713,0.0,0.006181483245246883
1985.5,992.75,0.004132936176370769,0.0,99.9999984522525,0.0,0.004469089881978944
1986.0,993.0,0.004135291726660834,0.0,99.99999825588584,0.0,0.005832081882275565
1986.5,993.25,0.004137646035832049,0.0,99.99999817040795,0.0,0.006018750142626929
1987.0,993.5,0.004139991978227601,0.0,99.99999763938294,0.0,0.006957474939277765
1987.5,993.75,0.004140608597183836,0.0,99.99999857544913,0.0,0.004843025856335385
1988.0,994.0,0.004141224887264744,0.0,99.99999851007296,0.0,0.005002953565315325
1988.5,994.25,0.004141840848733367,0.0,99.99999811019916,0.0,0.004767940664656315
1989.0,994.5,0.004142463605129845,0.0,99.999997870478,0.0,0.00560688341736591
1989.5,994.75,0.004141366908948378,0.0,99.99999784725853,0.0,0.005620171769274471
1990.0,995.0,0.00414026367756472,0.0,99.99999869673015,0.0,0.004680440924491853
1990.5,995.25,0.00413916103381088,0.0,99.99999876422517,0.0,0.004509390982599366
1991.0,995.5,0.004138058977217486,0.0,99.99999882936622,0.0,0.004336226042346321
1991.5,995.75,0.004136957507315666,0.0,99.9999980384432,0.0,0.005287555621042663
1992.0,996.0,0.004135856623637048,0.0,99.99999811696853,0.0,0.005100578846862884
1992.5,996.25,0.004134756325713756,0.0,99.99999819105902,0.0,0.0049165419014148394
1993.0,996.5,0.0041336495200573805,0.0,99.99999859437669,0.0,0.0038603837323554495
1993.5,996.75,0.004132543306789448,0.0,99.9999986434321,0.0,0.0036837431619343684
1994.0,997.0,0.004131437685434496,0.0,99.99999868748745,0.0,0.003516797717447252
1994.5,997.25,0.004132047197923346,0.0,99.99999840589395,0.0,0.004559488864104202
1995.0,997.5,0.004132649300740654,0.0,99.99999857795208,0.0,0.004734833471723762
1995.5,997.75,0.004134964699431078,0.0,99.99999869409478,0.0,0.003760565278653246
1996.0,998.0,0.004137285940423082,0.0,99.99999852900113,0.0,0.004130447471886696
1996.5,998.25,0.004141325738048302,0.0,99.99999835788859,0.0,0.0037722158398466005
1997.0,998.5,0.004145363391355864,0.0,99.99999835367421,0.0,0.003772180433304031
1997.5,998.75,0.004147701303881173,0.0,99.99999859175824,0.0,0.005097436859648998
1998.0,999.0,0.0041500379921003815,0.0,99.99999854287722,0.0,0.005161061663364733
1998.5,999.25,0.004152373456974944,0.0,99.99999849664344,0.0,0.005218434041708186
1999.0,999.5,0.004154714805939412,0.0,99.99999775695044,0.0,0.0061298905244143624
1999.5,999.75,0.004157047829135245,0.0,99.999998241894,0.0,0.0051376647512795
2000.0,1000.0,0.004162763185787455,0.0,99.99999831860491,0.0,0.005651360281199566
2000.5,1000.25,0.0041650928643088975,0.0,99.99999835757048,0.0,0.004694681474390811
2001.0,1000.5,0.004167414204064895,0.0,99.99999894635081,0.0,0.003228626754989228
2001.5,1000.75,0.004169741445282606,0.0,99.99999838549408,0.0,0.005543866450621212
2002.0,1001.0,0.004172067470340409,0.0,99.99999809599657,0.0,0.004436285379495045
2002.5,1001.25,0.0041743851531888376,0.0,99.99999837939187,0.0,0.00549253976856095
2003.0,1001.5,0.004176701617597108,0.0,99.99999845125204,0.0,0.005329677440339953
2003.5,1001.75,0.004180716148144103,0.0,99.99999785994571,0.0,0.0047115420957148865
2004.0,1002.0,0.004184728555611852,0.0,99.99999787545319,0.0,0.004707196030517319
2004.5,1002.25,0.004188738841684091,0.0,99.99999789064191,0.0,0.004703703088420137
2005.0,1002.5,0.004192747008042777,0.0,99.99999790520604,0.0,0.004701212215707736
2005.5,1002.75,0.0041967530563680865,0.0,99.99999791897231,0.0,0.0046998488553782235
2006.0,1003.0,0.004200771305920105,0.0,99.99999817122186,0.0,0.0031015778761772617
2006.5,1003.25,0.004204787460601414,0.0,99.99999801173043,0.0,0.003229506935309674
2007.0,1003.5,0.004208794353300267,0.0,99.99999796708735,0.0,0.0033615999688270367
2007.5,1003.75,0.004212806318187778,0.0,99.9999988507863,0.0,0.0024950086873094177
2008.0,1004.0,0.004216816193118946,0.0,99.99999885098406,0.0,0.0024950654769892062
2008.5,1004.25,0.0042208311633495695,0.0,99.9999971576397,0.0,0.004185602346738943
2009.0,1004.5,0.004224844056803139,0.0,99.99999715633,0.0,0.00418686449292469
2009.5,1004.75,0.004228854875090582,0.0,99.9999971550603,0.0,0.004188120208067624
2010.0,1005.0,0.004232863619821162,0.0,99.99999715385974,0.0,0.004189347281253078
2010.5,1005.25,0.00423854886232452,0.0,99.99999821391131,0.0,0.0045703001412425595
2011.0,1005.5,0.0042442311091771935,0.0,99.99999820097287,0.0,0.004571953580994407
2011.5,1005.75,0.004249910362746248,0.0,99.99999781188698,0.0,0.0044604690234167224
2012.0,1006.0,0.0042555938549564505,0.0,99.99999768966485,0.0,0.006466185116384055
2012.5,1006.25,0.004261274374098789,0.0,99.999997632534,0.0,0.0065277427008215965
2013.0,1006.5,0.0042669809030106585,0.0,99.99999717923185,0.0,0.0054009389524001025
2013.5,1006.75,0.0042709869952180565,0.0,99.99999779532237,0.0,0.006340975210765504
2014.0,1007.0,0.0042749910478055665,0.0,99.99999773366095,0.0,0.006406964540988599
2014.5,1007.25,0.0042790003223671935,0.0,99.99999790210776,0.0,0.004498893830139584
2015.0,1007.5,0.004283007570321896,0.0,99.99999754224113,0.0,0.0040439032135062055
2015.5,1007.75,0.004287012793205898,0.0,99.9999975348636,0.0,0.004048836006752121
2016.0,1008.0,0.004291030542439835,0.0,99.9999979583708,0.0,0.0033538172148510634
2016.5,1008.25,0.0042950462895478166,0.0,99.99999795890695,0.0,0.0033537210428563574
2017.0,1008.5,0.004299060036026021,0.0,99.99999731437187,0.0,0.004031982954863738
2017.5,1008.75,0.0043030717833691355,0.0,99.99999731470035,0.0,0.004032292802784707
2018.0,1009.0,0.004305395124165427,0.0,99.99999791737189,0.0,0.003710948938100594
2018.5,1009.25,0.004307731904647406,0.0,99.99999798572968,0.0,0.0034832272183821945
2019.0,1009.5,0.004308367374232069,0.0,99.99999828609413,0.0,0.0030099118515916636
2019.5,1009.75,0.004309009824745496,0.0,99.99999782245453,0.0,0.0034337856837158348
2020.0,1010.0,0.004309651962186061,0.0,99.99999783699833,0.0,0.003423776247003892
2020.5,1010.25,0.0043102937867825555,0.0,99.99999785103296,0.0,0.0034140305964839904
2021.0,1010.5,0.004310935298763544,0.0,99.9999978645462,0.0,0.0034045377579433023
2021.5,1010.75,0.004311576498357374,0.0,99.99999787802146,0.0,0.003394929665573735
2022.0,1011.0,0.0043105269830537125,0.0,99.99999791695443,0.0,0.00336644014580003
2022.5,1011.25,0.0043111461125325745,0.0,99.99999652997607,0.0,0.00444306991120682
2023.0,1011.5,0.004311764934470296,0.0,99.99999653281597,0.0,0.004440527615199163
2023.5,1011.75,0.004312390733342905,0.0,99.99999812042874,0.0,0.0031741265510271607
2024.0,1012.0,0.004313008940121116,0.0,99.99999811119409,0.0,0.005276922234153347
2024.5,1012.25,0.004315315148005518,0.0,99.99999817937577,0.0,0.005142656415208351
2025.0,1012.5,0.0043176202114587415,0.0,99.99999825361577,0.0,0.004998384636131061
2025.5,1012.75,0.004319924131332443,0.0,99.99999833405782,0.0,0.0048439367095700165
2026.0,1013.0,0.004322219616668719,0.0,99.99999768677151,0.0,0.006151231749851867
2026.5,1013.25,0.004324506662169,0.0,99.99999691925929,0.0,0.006649626554334798
2027.0,1013.5,0.004326785262625411,0.0,99.99999751268693,0.0,0.004219816023094711
2027.5,1013.75,0.00432906271072151,0.0,99.99999751291483,0.0,0.0042200956374028225
2028.0,1014.0,0.0043313390073312545,0.0,99.99999751323742,0.0,0.004220313550341667
2028.5,1014.25,0.0043352917686743575,0.0,99.99999839769244,0.0,0.0037001286977796427
2029.0,1014.5,0.004339242519186324,0.0,99.99999769833661,0.0,0.004922778200275465
2029.5,1014.75,0.004343198574609045,0.0,99.99999795104358,0.0,0.004801804776497153
2030.0,1015.0,0.004347145312844619,0.0,99.99999835492073,0.0,0.004508266521498615
2030.5,1015.25,0.004351082721067824,0.0,99.99999856579012,0.0,0.004412467670008234
2031.0,1015.5,0.00435501078656072,0.0,99.9999981024976,0.0,0.004010756914706298
2031.5,1015.75,0.004358936829903888,0.0,99.99999809663478,0.0,0.0040096612764616785
2032.0,1016.0,0.0043611716128598215,0.0,99.99999829479457,0.0,0.005276443785742679
2032.5,1016.25,0.004363405238440339,0.0,99.9999983504067,0.0,0.005181205469540977
2033.0,1016.5,0.004363956676467078,0.0,99.9999984071221,0.0,0.005080966901559042
2033.5,1016.75,0.004364515164043252,0.0,99.99999860996465,0.0,0.003095924515491104
2034.0,1017.0,0.004365066030444571,0.0,99.99999892080686,0.0,0.0027774399515877912
2034.5,1017.25,0.004365616611851498,0.0,99.99999892383038,0.0,0.002769532879132591
2035.0,1017.5,0.004366159576415349,0.0,99.99999790889073,0.0,0.004512082445281501
2035.5,1017.75,0.004366702258395955,0.0,99.99999790167782,0.0,0.0045186525646088525
2036.0,1018.0,0.004367244658013861,0.0,99.9999982412981,0.0,0.0041397814765629145
2036.5,1018.25,0.004367779446434714,0.0,99.9999982836559,0.0,0.004131705605173278
2037.0,1018.5,0.004368313954951343,0.0,99.99999827613942,0.0,0.004139736433682202
2037.5,1018.75,0.00436884818378344,0.0,99.99999826864698,0.0,0.00414773381947492
2038.0,1019.0,0.004369382133150465,0.0,99.99999826128241,0.0,0.0041555833307241035
2038.5,1019.25,0.004369915803271654,0.0,99.99999825410897,0.0,0.004163217382285584
2039.0,1019.5,0.004370449194366009,0.0,99.99999824718206,0.0,0.004170579143564763
2039.5,1019.75,0.004370982306652303,0.0,99.99999824053377,0.0,0.004177636428514092
2040.0,1020.0,0.004371515140349085,0.0,99.99999799978018,0.0,0.0047920656999803045
2040.5,1020.25,0.004372055016560561,0.0,99.99999810938849,0.0,0.004067696960380696
2041.0,1020.5,0.004372594612601845,0.0,99.99999810515702,0.0,0.004071325526727426
2041.5,1020.75,0.004374807535246154,0.0,99.99999804702392,0.0,0.003881299277861678
2042.0,1021.0,0.0043770266336047225,0.0,99.99999818860947,0.0,0.003814986285377851
2042.5,1021.25,0.004379266564851786,0.0,99.99999816017936,0.0,0.0037521173483938946
2043.0,1021.5,0.004381505364835577,0.0,99.99999815894655,0.0,0.0037528462227229714
2043.5,1021.75,0.004383743034412885,0.0,99.99999815767289,0.0,0.0037536188185301285
2044.0,1022.0,0.004384300760023468,0.0,99.99999807235068,0.0,0.004528041628390858
2044.5,1022.25,0.0043848582023084,0.0,99.99999807009023,0.0,0.004529588547484128
2045.0,1022.5,0.004385422687921627,0.0,99.999998281093,0.0,0.004174593177426315
2045.5,1022.75,0.004385979563272683,0.0,99.99999775289359,0.0,0.004609787550695706
2046.0,1023.0,0.0043865361559449504,0.0,99.99999713038473,0.0,0.004850073369916383
2046.5,1023.25,0.0043870851425051455,0.0,99.99999799303593,0.0,0.004150006112958808
2047.0,1023.5,0.004387626526031192,0.0,99.99999791623256,0.0,0.004187046328434954
2047.5,1023.75,0.004388174953031511,0.0,99.99999807432447,0.0,0.004030750106177462
2048.0,1024.0,0.004388715779359858,0.0,99.99999825787678,0.0,0.003737080125792417
2048.5,1024.25,0.004389263647658198,0.0,99.999998093885,0.0,0.004049147533094195
2049.0,1024.5,0.004389803917645744,0.0,99.99999823337257,0.0,0.0038080646956096865
2049.5,1024.75,0.004390343910272971,0.0,99.99999823211616,0.0,0.003809427476865286
2050.0,1025.0,0.004390883625753407,0.0,99.99999823092531,0.0,0.003810726688859872
2050.5,1025.25,0.004391430380168594,0.0,99.99999828878103,0.0,0.0038670049502908784
2051.0,1025.5,0.004391976855930835,0.0,99.99999842618858,0.0,0.003944413235042449
2051.5,1025.75,0.0043908579573269215,0.0,99.99999773208076,0.0,0.004783110972625138
2052.0,1026.0,0.004389732321214542,0.0,99.99999857297234,0.0,0.0037940012830077847
2052.5,1026.25,0.0043886072620882245,0.0,99.99999857285046,0.0,0.0037933436249325513
2053.0,1026.5,0.004389153898244172,0.0,99.99999850121037,0.0,0.0038801167295969235
2053.5,1026.75,0.00438970025616288,0.0,99.99999850018855,0.0,0.0038806570545305086
2054.0,1027.0,0.004390246336056727,0.0,99.99999849903797,0.0,0.003881390732088848
2054.5,1027.25,0.004390792138137879,0.0,99.99999849776306,0.0,0.0038823148665132205
2055.0,1027.5,0.004391352260582378,0.0,99.99999847796374,0.0,0.003852775194415353
2055.5,1027.75,0.00439191210193623,0.0,99.9999984767278,0.0,0.003854195250989485
2056.0,1028.0,0.004392449770908161,0.0,99.99999791454456,0.0,0.0036424223270379408
2056.5,1028.25,0.0043929798686922535,0.0,99.9999975055893,0.0,0.004589159341755295
2057.0,1028.5,0.004393509693616625,0.0,99.99999750538892,0.0,0.004589382844441868
2057.5,1028.75,0.004394031951766909,0.0,99.9999975249353,0.0,0.0046908954761913785
2058.0,1029.0,0.004394561232601404,0.0,99.99999846767076,0.0,0.00339107387499452
2058.5,1029.25,0.004395090241207331,0.0,99.99999845655262,0.0,0.0034005276995700056
2059.0,1029.5,0.00439561897779466,0.0,99.99999790441993,0.0,0.004492721070696371
2059.5,1029.75,0.004396154732706828,0.0,99.9999986790431,0.0,0.0032763561267851998
2060.0,1030.0,0.004396682924888342,0.0,99.99999819846815,0.0,0.004080747631103768
2060.5,1030.25,0.004395553397189299,0.0,99.99999819625143,0.0,0.004084012300114566
2061.0,1030.5,0.004394431731376275,0.0,99.99999789507082,0.0,0.005077815142934617
2061.5,1030.75,0.00439331063787491,0.0,99.99999789276315,0.0,0.005079681404397139
2062.0,1031.0,0.004392190116247295,0.0,99.99999813452763,0.0,0.005091827816479967
2062.5,1031.25,0.004391070166055968,0.0,99.99999813190533,0.0,0.005094526837423778
2063.0,1031.5,0.004389943520032842,0.0,99.99999802885156,0.0,0.0050491658945008774
2063.5,1031.75,0.004388817452003515,0.0,99.99999802586304,0.0,0.005052030566452428
2064.0,1032.0,0.004387677442837762,0.0,99.99999861319758,0.0,0.0031291226953619983
2064.5,1032.25,0.004386538025760159,0.0,99.99999770383974,0.0,0.0047455075463385295
2065.0,1032.5,0.004385406452103655,0.0,99.99999858619302,0.0,0.0033348756496631086
2065.5,1032.75,0.004384275462109577,0.0,99.99999858498761,0.0,0.0033354944361398404
2066.0,1033.0,0.004383145055326464,0.0,99.99999858380028,0.0,0.00333606370166307
2066.5,1033.25,0.004382015231303319,0.0,99.99999858266256,0.0,0.0033365729234571696
2067.0,1033.5,0.004380885989589614,0.0,99.9999985464459,0.0,0.003906567521992276
2067.5,1033.75,0.004379757329735282,0.0,99.99999854365595,0.0,0.0039074834996641475
2068.0,1034.0,0.004378629251290721,0.0,99.99999854110561,0.0,0.00390819458079079
2068.5,1034.25,0.0043774945281318395,0.0,99.9999982353455,0.0,0.0049256867099347745
2069.0,1034.5,0.00437635317104082,0.0,99.9999978837069,0.0,0.0053262318955814535
2069.5,1034.75,0.004375212408973475,0.0,99.9999978701735,0.0,0.005338946207952069
2070.0,1035.0,0.004374072241464621,0.0,99.99999785506444,0.0,0.005353066298333544
2070.5,1035.25,0.004372939878672355,0.0,99.99999863789404,0.0,0.0033924410818366234
2071.0,1035.5,0.004371822515875057,0.0,99.99999734677493,0.0,0.005966213995744842
2071.5,1035.75,0.0043706985206866545,0.0,99.99999873073804,0.0,0.003143739317523341
2072.0,1036.0,0.004369575103307827,0.0,99.99999872362602,0.0,0.003151370270208318
2072.5,1036.25,0.004368459459147821,0.0,99.9999989830424,0.0,0.0025796025178314655
2073.0,1036.5,0.004367351576742371,0.0,99.9999986529058,0.0,0.0029096585691013956
2073.5,1036.75,0.00436624425613324,0.0,99.99999865326579,0.0,0.002908873922665081
2074.0,1037.0,0.004365130311978431,0.0,99.99999891819728,0.0,0.002638109160296024
2074.5,1037.25,0.004364016936071759,0.0,99.99999891866513,0.0,0.0026374817218797635
2075.0,1037.5,0.004362904127978521,0.0,99.9999989190952,0.0,0.0026369076504758207
2075.5,1037.75,0.004361791887264456,0.0,99.99999760345305,0.0,0.004224679960862707
2076.0,1038.0,0.004360673043246629,0.0,99.99999773928583,0.0,0.004286331016228931
2076.5,1038.25,0.0043595547730713655,0.0,99.99999774026917,0.0,0.004284669979550146
2077.0,1038.5,0.004358437076297301,0.0,99.9999977411515,0.0,0.004283081949198888
2077.5,1038.75,0.004358955822237411,0.0,99.99999795017673,0.0,0.003505041906779405
2078.0,1039.0,0.004359488622457444,0.0,99.99999808339369,0.0,0.0033864183226783784
2078.5,1039.25,0.00436002115143971,0.0,99.99999776012093,0.0,0.004173425519884523
2079.0,1039.5,0.004360553409391279,0.0,99.99999770723332,0.0,0.004221904605693524
2079.5,1039.75,0.004361078238432966,0.0,99.99999780797076,0.0,0.004275870277509532
2080.0,1040.0,0.0043616027987771755,0.0,99.99999780583138,0.0,0.004276535077025839
2080.5,1040.25,0.004362134246773103,0.0,99.9999986233426,0.0,0.0034889031559082167
2081.0,1040.5,0.00436266542456443,0.0,99.99999861788692,0.0,0.003495668943445596
2081.5,1040.75,0.004363189178110269,0.0,99.99999862917412,0.0,0.003474162524397199
2082.0,1041.0,0.00436371266378266,0.0,99.99999862596967,0.0,0.0034785761463962455
2082.5,1041.25,0.004364243034091244,0.0,99.99999781293188,0.0,0.004361423793568752
2083.0,1041.5,0.004364773135017965,0.0,99.99999877378575,0.0,0.0029707104449083477
2083.5,1041.75,0.004365295816359458,0.0,99.9999975890697,0.0,0.004012044400912662
2084.0,1042.0,0.0043658253800855475,0.0,99.99999743433682,0.0,0.004058880123012038
2084.5,1042.25,0.004366354675044654,0.0,99.99999807435181,0.0,0.004164539850014928
2085.0,1042.5,0.004366890849006729,0.0,99.99999823312167,0.0,0.004039021080321698
2085.5,1042.75,0.004367426752738846,0.0,99.99999823332286,0.0,0.004038896005291223
2086.0,1043.0,0.004367969532185555,0.0,99.99999825813232,0.0,0.003989436223776149
2086.5,1043.25,0.00436850489514607,0.0,99.99999841372558,0.0,0.0035811456161561343
2087.0,1043.5,0.004369039988488757,0.0,99.99999841372218,0.0,0.0035818467361904685
2087.5,1043.75,0.004369574812417243,0.0,99.99999841367317,0.0,0.0035825861350788518
2088.0,1044.0,0.004370116509201922,0.0,99.99999761127782,0.0,0.004520664352687403
2088.5,1044.25,0.004370657935154142,0.0,99.99999761022809,0.0,0.004521934603450757
2089.0,1044.5,0.004371206230765713,0.0,99.99999692432849,0.0,0.005274339832744815
2089.5,1044.75,0.004371754254172518,0.0,99.99999692408149,0.0,0.005272391557180445
2090.0,1045.0,0.004372309144134363,0.0,99.99999826468633,0.0,0.0040725666266651795
2090.5,1045.25,0.004372863760564898,0.0,99.99999826443229,0.0,0.004072322327302567
2091.0,1045.5,0.004373418103666328,0.0,99.99999826418934,0.0,0.004072042999621686
2091.5,1045.75,0.004373986445699593,0.0,99.9999984415506,0.0,0.0031925507313729216
2092.0,1046.0,0.0043745473762502205,0.0,99.99999842023327,0.0,0.003174960444786013
2092.5,1046.25,0.0043734773547800055,0.0,99.99999840739845,0.0,0.003188335504817072
2093.0,1046.5,0.0043724078566398,0.0,99.99999839320121,0.0,0.003203270770578358
2093.5,1046.75,0.0043729259976399565,0.0,99.9999983170892,0.0,0.004998857211695187
2094.0,1047.0,0.0043734438752232345,0.0,99.99999773639192,0.0,0.005890362061580576
2094.5,1047.25,0.00437396148959046,0.0,99.99999771304304,0.0,0.005917061712312578
2095.0,1047.5,0.004374478840942255,0.0,99.99999832312216,0.0,0.004258033612391089
2095.5,1047.75,0.0043749959294790385,0.0,99.99999832102944,0.0,0.004259952803585098
2096.0,1048.0,0.004375512755401024,0.0,99.99999831907364,0.0,0.00426169577673693
2096.5,1048.25,0.004376043561894408,0.0,99.99999776062845,0.0,0.004636221621434979
2097.0,1048.5,0.0043765669818120285,0.0,99.99999816366861,0.0,0.004434221048260258
2097.5,1048.75,0.004377090137802704,0.0,99.99999816423743,0.0,0.004424788617671295
2098.0,1049.0,0.004377613030066006,0.0,99.99999816566073,0.0,0.004414389707458447
2098.5,1049.25,0.004378135658801304,0.0,99.99999816812569,0.0,0.004402705266045982
2099.0,1049.5,0.004378665141014472,0.0,99.9999980897459,0.0,0.004291836531709641
2099.5,1049.75,0.004379194358232723,0.0,99.9999982669563,0.0,0.004410517332054923
2100.0,1050.0,0.004379723310654944,0.0,99.99999825746745,0.0,0.004419341233819131
2100.5,1050.25,0.004380251998479824,0.0,99.99999824872965,0.0,0.004426891651576957
2101.0,1050.5,0.004380787535051983,0.0,99.99999759029996,0.0,0.00587603061212686
2101.5,1050.75,0.004381322805604977,0.0,99.99999756859633,0.0,0.0059006185530355425
2102.0,1051.0,0.004383480720637089,0.0,99.99999818653544,0.0,0.004341985025479245
2102.5,1051.25,0.004385630448573899,0.0,99.99999823613987,0.0,0.004069894607634016
2103.0,1051.5,0.004387779102492356,0.0,99.99999823776369,0.0,0.00406450795705334
2103.5,1051.75,0.004389948040659319,0.0,99.99999887095287,0.0,0.0029110105739781
2104.0,1052.0,0.004392123037812143,0.0,99.99999869976958,0.0,0.003306088467470035
2104.5,1052.25,0.004395910765604916,0.0,99.99999732672407,0.0,0.006754165076355982
2105.0,1052.5,0.0043996966397013065,0.0,99.99999836532774,0.0,0.005372045204136242
2105.5,1052.75,0.0044034735273151444,0.0,99.99999889476643,0.0,0.0032097408393899816
2106.0,1053.0,0.004405628838728069,0.0,99.99999889605044,0.0,0.0032044673567288495
2106.5,1053.25,0.004407783089140207,0.0,99.99999771778984,0.0,0.004884916938572859
2107.0,1053.5,0.004409914861445461,0.0,99.99999820372774,0.0,0.004479418691211666
2107.5,1053.75,0.0044120384232546475,0.0,99.99999799422564,0.0,0.004781034656581648
2108.0,1054.0,0.004414160912993458,0.0,99.99999799532667,0.0,0.004782258331315056
2108.5,1054.25,0.004416282331473534,0.0,99.99999846865049,0.0,0.004076099397048037
2109.0,1054.5,0.004420019957206832,0.0,99.9999984700924,0.0,0.004075114692332934
2109.5,1054.75,0.004423755697444861,0.0,99.99999847159694,0.0,0.004073985491198409
2110.0,1055.0,0.004427496710494412,0.0,99.99999795810929,0.0,0.004326539300447114
2110.5,1055.25,0.004431235849376766,0.0,99.9999980420122,0.0,0.004389892745946238
2111.0,1055.5,0.004434973115499948,0.0,99.99999809003735,0.0,0.00433813949087455
2111.5,1055.75,0.004438708510270571,0.0,99.99999813598173,0.0,0.004289205329385273
2112.0,1056.0,0.004442449208966287,0.0,99.99999774909936,0.0,0.005353470721073559
2112.5,1056.25,0.004446188047600367,0.0,99.99999776133508,0.0,0.005334308723295888
2113.0,1056.5,0.0044499322099554525,0.0,99.9999981545139,0.0,0.004741061122396706
2113.5,1056.75,0.004453674523529441,0.0,99.99999816460502,0.0,0.004722364794053416
2114.0,1057.0,0.00445741498969132,0.0,99.99999817569812,0.0,0.0047017564242065844
2114.5,1057.25,0.004461153609808732,0.0,99.99999766477826,0.0,0.004275913812367231
2115.0,1057.5,0.004466502841147295,0.0,99.99999766515992,0.0,0.004275718529940407
2115.5,1057.75,0.004470237375569258,0.0,99.99999796462127,0.0,0.00439467096580628
2116.0,1058.0,0.00447397727877101,0.0,99.99999807621239,0.0,0.004246425533864078
2116.5,1058.25,0.004477715350072266,0.0,99.99999807929018,0.0,0.004240640589692336
2117.0,1058.5,0.004481444371776244,0.0,99.99999757331463,0.0,0.00563153399135269
2117.5,1058.75,0.004485171555798916,0.0,99.99999758028198,0.0,0.005622677022967011
2118.0,1059.0,0.004487279600830155,0.0,99.99999734964017,0.0,0.0059226135465824115
2118.5,1059.25,0.004489372147864369,0.0,99.9999975538625,0.0,0.00447476994047042
2119.0,1059.5,0.004491463644249044,0.0,99.99999755094558,0.0,0.004478557629276313
2119.5,1059.75,0.0044935468612744105,0.0,99.99999756033998,0.0,0.004363369151961051
2120.0,1060.0,0.0044956290261615045,0.0,99.9999975499452,0.0,0.004375300974426313
2120.5,1060.25,0.004497710139707207,0.0,99.99999754172497,0.0,0.004384798582156385
2121.0,1060.5,0.004499797436771335,0.0,99.99999788953421,0.0,0.0035200434105441747
2121.5,1060.75,0.004501890922767096,0.0,99.99999732315807,0.0,0.00393631295762217
2122.0,1061.0,0.004503983365952264,0.0,99.99999765964795,0.0,0.0037135875916463734
2122.5,1061.25,0.004506074767105815,0.0,99.99999765942087,0.0,0.003713415558286285
2123.0,1061.5,0.004506559083141679,0.0,99.99999765909755,0.0,0.003713336713301747
2123.5,1061.75,0.004508641562995742,0.0,99.9999974913614,0.0,0.005890373443919862
2124.0,1062.0,0.0045107229998715805,0.0,99.99999749113856,0.0,0.005890664416855616
2124.5,1062.25,0.004512803394552539,0.0,99.99999749101222,0.0,0.005890847622360099
2125.0,1062.5,0.004514882747821176,0.0,99.99999749095373,0.0,0.005890954932572738
2125.5,1062.75,0.004516946569783296,0.0,99.99999781028424,0.0,0.0043614475437197394
2126.0,1063.0,0.0045190093459142894,0.0,99.9999978140534,0.0,0.004357294978132749
2126.5,1063.25,0.004521078325277156,0.0,99.99999793052345,0.0,0.00427824389228122
2127.0,1063.5,0.004523153513137501,0.0,99.9999982022511,0.0,0.004365866299196659
2127.5,1063.75,0.004523625245770819,0.0,99.99999820365902,0.0,0.004363833749291665
2128.0,1064.0,0.0045240967426183045,0.0,99.99999820454063,0.0,0.004362379800512685
2128.5,1064.25,0.004524568003856694,0.0,99.99999820290331,0.0,0.004603035077734168
2129.0,1064.5,0.004525039029662544,0.0,99.99999820092414,0.0,0.004608221265430147
2129.5,1064.75,0.004525502575710522,0.0,99.99999813432017,0.0,0.00492312912574284
2130.0,1065.0,0.004525973132235876,0.0,99.99999720131633,0.0,0.006671152755111337
2130.5,1065.25,0.004526450696247798,0.0,99.99999852100245,0.0,0.0037726888708214893
2131.0,1065.5,0.004526928023444048,0.0,99.99999851781192,0.0,0.0037811163536074642
2131.5,1065.75,0.0045274051140007324,0.0,99.99999851444798,0.0,0.0037899930787086674
2132.0,1066.0,0.004527881968093781,0.0,99.99999851083828,0.0,0.003799529132725836
2132.5,1066.25,0.004528358585898951,0.0,99.99999850687684,0.0,0.00381000771876252
2133.0,1066.5,0.004527244165959535,0.0,99.99999796383013,0.0,0.004177258971021361
2133.5,1066.75,0.004526130294398175,0.0,99.9999979570001,0.0,0.004187760830246559
2134.0,1067.0,0.004525016970810206,0.0,99.99999795035166,0.0,0.004198304732628811
2134.5,1067.25,0.004523911418844255,0.0,99.99999819591011,0.0,0.0036010866248731618
2135.0,1067.5,0.004522806406963174,0.0,99.99999796167083,0.0,0.005655881558505188
2135.5,1067.75,0.004521694717773149,0.0,99.99999762133214,0.0,0.005568328442409609
2136.0,1068.0,0.004520583574947063,0.0,99.99999761469205,0.0,0.005576464790826309
2136.5,1068.25,0.004519472978082231,0.0,99.99999760903924,0.0,0.0055831503190785295
2137.0,1068.5,0.00451835572043292,0.0,99.99999715825285,0.0,0.005908550653612428
2137.5,1068.75,0.004517239015040987,0.0,99.99999715548579,0.0,0.0059105647306155265
2138.0,1069.0,0.004516130060719871,0.0,99.99999738652811,0.0,0.00589687345897402
2138.5,1069.25,0.004515021650748015,0.0,99.99999738407485,0.0,0.005899232576355977
2139.0,1069.5,0.004513920976906187,0.0,99.99999728166205,0.0,0.00578758224217376
2139.5,1069.75,0.0045128208395790155,0.0,99.99999727972528,0.0,0.005789288502432918
2140.0,1070.0,0.00451171405320096,0.0,99.99999790274308,0.0,0.004577731545746276
2140.5,1070.25,0.004512192791955113,0.0,99.99999815823564,0.0,0.004146483230625044
2141.0,1070.5,0.004512678477627621,0.0,99.99999839922829,0.0,0.004406221496097229
2141.5,1070.75,0.004513171107429705,0.0,99.99999754613508,0.0,0.00541049442954069
2142.0,1071.0,0.004513649134976724,0.0,99.99999728575,0.0,0.004749828508523817
2142.5,1071.25,0.004514126926814836,0.0,99.99999720968499,0.0,0.005283556979619515
2143.0,1071.5,0.0045145973039632725,0.0,99.9999977665881,0.0,0.00458750769476332
2143.5,1071.75,0.004515074625916529,0.0,99.9999977880308,0.0,0.004476607110332675
2144.0,1072.0,0.004515544535571238,0.0,99.99999745750368,0.0,0.004257767591224501
2144.5,1072.25,0.004516007036199562,0.0,99.9999971568733,0.0,0.004545053479460687
2145.0,1072.5,0.004518057934084649,0.0,99.99999821983607,0.0,0.0033366744954423547
2145.5,1072.75,0.004520114988167654,0.0,99.9999969329854,0.0,0.00478730267603926
2146.0,1073.0,0.004522171023172951,0.0,99.99999693299671,0.0,0.004787565501120418
2146.5,1073.25,0.004524233221841411,0.0,99.99999705437548,0.0,0.004155062042554135
2147.0,1073.5,0.004526287222443528,0.0,99.99999735931266,0.0,0.004078556202618673
2147.5,1073.75,0.00452834739120225,0.0,99.99999760984426,0.0,0.0042619795850541735
2148.0,1074.0,0.004530399360414208,0.0,99.99999710755768,0.0,0.005265782646036042
2148.5,1074.25,0.004532464690228717,0.0,99.99999739051574,0.0,0.004371594650035935
2149.0,1074.5,0.004532936324849338,0.0,99.99999704845493,0.0,0.005080294260392571
2149.5,1074.75,0.0045334005417889175,0.0,99.99999842768615,0.0,0.0034130995804034785
2150.0,1075.0,0.004533857344341791,0.0,99.99999832036401,0.0,0.0036043421330360405
2150.5,1075.25,0.004534313919646634,0.0,99.99999831762482,0.0,0.0036077136431997116
2151.0,1075.5,0.004534763085159461,0.0,99.99999838381527,0.0,0.0034272429246866958
2151.5,1075.75,0.004535219207540119,0.0,99.99999803825784,0.0,0.0037344788595917665
2152.0,1076.0,0.004535682283767482,0.0,99.999998152625,0.0,0.0035784059834798303
2152.5,1076.25,0.004534562387031626,0.0,99.99999815543131,0.0,0.0035772430406128485
2153.0,1076.5,0.00453342869620806,0.0,99.99999776281486,0.0,0.0055086356471706465
2153.5,1076.75,0.00453230274200361,0.0,99.99999860809005,0.0,0.004048945483276787
2154.0,1077.0,0.004531184513312826,0.0,99.99999861130556,0.0,0.0033866892763943436
2154.5,1077.25,0.004530066836274055,0.0,99.99999860695597,0.0,0.003392255683675124
2155.0,1077.5,0.0045289353919307496,0.0,99.99999865472206,0.0,0.003440040248050584
2155.5,1077.75,0.004527804512632812,0.0,99.99999865316701,0.0,0.003441267624179379
2156.0,1078.0,0.004526674197957071,0.0,99.99999865201355,0.0,0.003441899483313371
2156.5,1078.25,0.004525537298957152,0.0,99.99999862032197,0.0,0.0037271258370622697
2157.0,1078.5,0.004524408115824848,0.0,99.99999832798198,0.0,0.004116624451488925
2157.5,1078.75,0.004523272354675074,0.0,99.999998630844,0.0,0.0036977872231546615
2158.0,1079.0,0.004522137163601925,0.0,99.99999863231182,0.0,0.003696919724232232
2158.5,1079.25,0.004521002542176298,0.0,99.99999863349423,0.0,0.0036964929951776746
2159.0,1079.5,0.0045198684899695205,0.0,99.9999980170034,0.0,0.005328828761305728
2159.5,1079.75,0.004518742133603354,0.0,99.99999764630716,0.0,0.0056777998191438585
2160.0,1080.0,0.0045176163384758996,0.0,99.99999764626678,0.0,0.0056798135616610585
2160.5,1080.25,0.004516491104167783,0.0,99.99999764613914,0.0,0.005682001846268275
2161.0,1080.5,0.0045153735466880165,0.0,99.99999811837999,0.0,0.004983974193806627
2161.5,1080.75,0.004514263655056684,0.0,99.99999818771612,0.0,0.00506147991290832
2162.0,1081.0,0.004513154308920293,0.0,99.99999817830137,0.0,0.005071123607477872
2162.5,1081.25,0.0045120384019352155,0.0,99.99999844587528,0.0,0.005199491443056578
2163.0,1081.5,0.004510923046644361,0.0,99.9999975816622,0.0,0.0052461663754130965
2163.5,1081.75,0.004509801143742238,0.0,99.99999736708122,0.0,0.006855341359076776
2164.0,1082.0,0.004508672703409595,0.0,99.99999721754821,0.0,0.0052817428534962475
2164.5,1082.25,0.00450754482765131,0.0,99.99999843582769,0.0,0.004019474645963462
2165.0,1082.5,0.00450641751604379,0.0,99.99999843661736,0.0,0.004019646029356456
2165.5,1082.75,0.00450529076816387,0.0,99.99999843749559,0.0,0.004019791825143805
2166.0,1083.0,0.004504178745936021,0.0,99.99999773996407,0.0,0.004968828958665423
2166.5,1083.25,0.004503060194833976,0.0,99.99999842738994,0.0,0.004271396753888994
2167.0,1083.5,0.004501942199147695,0.0,99.9999983879175,0.0,0.004156553740826011
2167.5,1083.75,0.004500824758463593,0.0,99.9999983888742,0.0,0.004155156644899992
2168.0,1084.0,0.004501292590300704,0.0,99.9999983059452,0.0,0.00425561651717699
2168.5,1084.25,0.004501760192946039,0.0,99.99999830677176,0.0,0.004254588632400789
2169.0,1084.5,0.004502220498917615,0.0,99.99999766654672,0.0,0.005229986841822532
2169.5,1084.75,0.004502680578050648,0.0,99.99999766818,0.0,0.0052282451625728045
2170.0,1085.0,0.004503133364923259,0.0,99.99999897200578,0.0,0.0030004376959318095
2170.5,1085.25,0.0045035859273528135,0.0,99.99999897315607,0.0,0.0029990592013237217
2171.0,1085.5,0.004504052392542594,0.0,99.99999868929285,0.0,0.0033378172451964225
2171.5,1085.75,0.0045045045045045045,0.0,99.99999907828463,0.0,0.0025197558861556656
2172.0,1086.0,0.004504963453993413,0.0,99.99999880452522,0.0,0.0030935328793161997
2172.5,1086.25,0.004505422177646838,0.0,99.99999880619082,0.0,0.0030914543567776317
2173.0,1086.5,0.004505873616198584,0.0,99.999998545565,0.0,0.0034001786752330333
2173.5,1086.75,0.004506324831306505,0.0,99.99999854638405,0.0,0.0033992541142673404
2174.0,1087.0,0.004506768765806184,0.0,99.99999909231188,0.0,0.0025735328155939378
2174.5,1087.25,0.004507212479295628,0.0,99.99999909266131,0.0,0.0025728625974401572
2175.0,1087.5,0.004507641861593483,0.0,99.99999759659404,0.0,0.0042622388621252755
2175.5,1087.75,0.0045080639735117995,0.0,99.99999913507284,0.0,0.0025438748904024738
2176.0,1088.0,0.004508514083240123,0.0,99.99999772352284,0.0,0.004219182103059732
2176.5,1088.25,0.004508963970515786,0.0,99.99999820983162,0.0,0.003717516408312171
2177.0,1088.5,0.004509413635503658,0.0,99.99999821057327,0.0,0.00371675257880864
2177.5,1088.75,0.004509870128246012,0.0,99.99999876237338,0.0,0.0032803504321392736
2178.0,1089.0,0.004510319348113512,0.0,99.99999861880146,0.0,0.003412501139995039
2178.5,1089.25,0.004510761298386782,0.0,99.99999793517075,0.0,0.004041960276101324
2179.0,1089.5,0.0045111959824113345,0.0,99.99999825024094,0.0,0.003965076657345304
2179.5,1089.75,0.004511630449210972,0.0,99.99999825000734,0.0,0.0039654267340073655
2180.0,1090.0,0.0045120646989484856,0.0,99.99999824988797,0.0,0.003965632294004788
2180.5,1090.25,0.004510937853636456,0.0,99.99999784964105,0.0,0.004675229679361743
2181.0,1090.5,0.00450981157102173,0.0,99.99999786208744,0.0,0.004660425123527304
2181.5,1090.75,0.004508692884689789,0.0,99.99999895815932,0.0,0.0032860849103685612
2182.0,1091.0,0.004507574753214181,0.0,99.99999895594266,0.0,0.003289552952552367
2182.5,1091.25,0.004506457176182204,0.0,99.99999895427806,0.0,0.0032922050814809772
2183.0,1091.5,0.004505319082598555,0.0,99.99999787562022,0.0,0.004711174139425223
2183.5,1091.75,0.004504174543776992,0.0,99.9999989843877,0.0,0.0030498654479912727
2184.0,1092.0,0.004503016553649781,0.0,99.99999767393423,0.0,0.005234848004917809
2184.5,1092.25,0.004501859158791009,0.0,99.99999813099618,0.0,0.004699747959762138
2185.0,1092.5,0.004500702358741796,0.0,99.999998130748,0.0,0.004700239339089836
2185.5,1092.75,0.0044995531585617626,0.0,99.99999857053447,0.0,0.003627823039097125
2186.0,1093.0,0.004498397543158933,0.0,99.9999985016089,0.0,0.0038741083139210352
2186.5,1093.25,0.004497242521194617,0.0,99.99999850146432,0.0,0.0038740519245507353
2187.0,1093.5,0.004496088092211811,0.0,99.99999850131877,0.0,0.003873995407035557
2187.5,1093.75,0.004494941246918477,0.0,99.99999884859109,0.0,0.0033585896496819575
2188.0,1094.0,0.004493794986541939,0.0,99.99999884761134,0.0,0.0033599428573876646
2188.5,1094.25,0.00449265629469338,0.0,99.9999986563497,0.0,0.0036034757329304026
2189.0,1094.5,0.004491532140875585,0.0,99.99999816252219,0.0,0.004277575128428603
2189.5,1094.75,0.004490415526582794,0.0,99.99999888493049,0.0,0.0030698138453234707
2190.0,1095.0,0.004489292493716544,0.0,99.99999756835201,0.0,0.004641083821491348
2190.5,1095.25,0.00448817002244085,0.0,99.99999757033746,0.0,0.004638684409271334
2191.0,1095.5,0.004488600724138145,0.0,99.99999757259685,0.0,0.004636021384522439
2191.5,1095.75,0.004489031210563814,0.0,99.99999757511637,0.0,0.00463310448422329
2192.0,1096.0,0.004489461481879211,0.0,99.99999757784705,0.0,0.004629980402650396
2192.5,1096.25,0.004489884572421497,0.0,99.99999776697402,0.0,0.004360779075590832
2193.0,1096.5,0.004490314415072566,0.0,99.99999801798158,0.0,0.004214933285718002
2193.5,1096.75,0.004490744043096256,0.0,99.99999764793166,0.0,0.004606484153943381
2194.0,1097.0,0.004491180419259521,0.0,99.99999890817382,0.0,0.003020997588535396
2194.5,1097.25,0.004491616578993865,0.0,99.99999890837017,0.0,0.0030202708386034647
2195.0,1097.5,0.004492052522460262,0.0,99.99999890845437,0.0,0.003019733371033887
2195.5,1097.75,0.0044924812903645575,0.0,99.99999917878003,0.0,0.002555492810107276
2196.0,1098.0,0.0044929168028273936,0.0,99.99999908985221,0.0,0.00266320772173646
2196.5,1098.25,0.0044933520995040594,0.0,99.99999909023964,0.0,0.0026623192464644255
2197.0,1098.5,0.004493787180554889,0.0,99.99999909058722,0.0,0.002661468374935516
2197.5,1098.75,0.004494242911972267,0.0,99.99999899236063,0.0,0.0027910254581515813
2198.0,1099.0,0.004494705376317467,0.0,99.99999786283257,0.0,0.004211682253332182
2198.5,1099.25,0.004495146757415213,0.0,99.99999849378818,0.0,0.0031483081159220344
2199.0,1099.5,0.004497134391324923,0.0,99.9999984938302,0.0,0.0031470821353623973
2199.5,1099.75,0.0044991210480014475,0.0,99.99999849385787,0.0,0.0031458899339430503
2200.0,1100.0,0.004499561018437226,0.0,99.99999845263584,0.0,0.0032058183502046726
2200.5,1100.25,0.004500000772664968,0.0,99.99999845144154,0.0,0.0032060858909638977
2201.0,1100.5,0.004500440310844006,0.0,99.99999845014315,0.0,0.003206529434314793
2201.5,1100.75,0.004500879633133517,0.0,99.99999844880327,0.0,0.0032070893165985566
2202.0,1101.0,0.00450132569060219,0.0,99.99999788993824,0.0,0.005154025264875133
2202.5,1101.25,0.004501778480387314,0.0,99.99999801195068,0.0,0.005195133422035692
2203.0,1101.5,0.004502231050731516,0.0,99.99999800502141,0.0,0.005204096148057007
2203.5,1101.75,0.004502683401794284,0.0,99.99999799795847,0.0,0.005213260888358828
2204.0,1102.0,0.004503135533734949,0.0,99.99999799079556,0.0,0.0052225920625847645
2204.5,1102.25,0.004503594392716516,0.0,99.99999794317523,0.0,0.004416084334307702
2205.0,1102.5,0.004504053030945512,0.0,99.9999979387886,0.0,0.004422327196269001
2205.5,1102.75,0.004504511448581202,0.0,99.99999793453301,0.0,0.0044283876825735
2206.0,1103.0,0.00450651086016716,0.0,99.99999733530865,0.0,0.005444005761775363
2206.5,1103.25,0.004508502363650932,0.0,99.99999832461444,0.0,0.003994904539233568
2207.0,1103.5,0.004510492903830068,0.0,99.99999832722638,0.0,0.003990531353637938
2207.5,1103.75,0.004512475531755969,0.0,99.99999862671532,0.0,0.0037568991401720295
2208.0,1104.0,0.004514471097068827,0.0,99.99999711529858,0.0,0.0055838464570569365
2208.5,1104.25,0.004516465703954448,0.0,99.99999712276744,0.0,0.005577681949700342
2209.0,1104.5,0.004518466306954068,0.0,99.99999764797143,0.0,0.004860984686788532
2209.5,1104.75,0.004520472911012229,0.0,99.99999874152341,0.0,0.0032430600000000753
2210.0,1105.0,0.00452247856437456,0.0,99.99999874318884,0.0,0.0032417679190862255
2210.5,1105.25,0.004524469351410706,0.0,99.99999808279246,0.0,0.004973912988208367
2211.0,1105.5,0.0045249286205194675,0.0,99.99999734624461,0.0,0.004278291008287596
2211.5,1105.75,0.004525387670778047,0.0,99.9999973431943,0.0,0.004281885025284832
2212.0,1106.0,0.004525832591834445,0.0,99.9999974118407,0.0,0.004775324090605465
2212.5,1106.25,0.004526277298245722,0.0,99.99999741154262,0.0,0.004774958204471708
2213.0,1106.5,0.004526714836933815,0.0,99.99999750708749,0.0,0.004640949493837915
2213.5,1106.75,0.004527152163296897,0.0,99.99999750862226,0.0,0.004638899477129866
2214.0,1107.0,0.004527582326308339,0.0,99.99999836473226,0.0,0.003878212638582328
2214.5,1107.25,0.004528019229499969,0.0,99.9999980622453,0.0,0.004211761401818257
2215.0,1107.5,0.004528455920829516,0.0,99.999998061731,0.0,0.004212342966370285
2215.5,1107.75,0.004528892400451048,0.0,99.9999980613621,0.0,0.004212721837762958
2216.0,1108.0,0.0045293217214183385,0.0,99.99999779353797,0.0,0.004463360620171859
2216.5,1108.25,0.004529750833035593,0.0,99.999997790924,0.0,0.0044662392908112
2217.0,1108.5,0.0045301936255346545,0.0,99.99999867759519,0.0,0.003556595939033985
2217.5,1108.75,0.004530629260875963,0.0,99.99999858216191,0.0,0.003918299997146427
2218.0,1109.0,0.004531064685277181,0.0,99.99999858201197,0.0,0.003918069236151905
2218.5,1109.25,0.004531499898891483,0.0,99.99999858189588,0.0,0.003917819797235075
2219.0,1109.5,0.0045319487839245234,0.0,99.99999774566695,0.0,0.005315844731883891
2219.5,1109.75,0.004532397454507592,0.0,99.99999774415119,0.0,0.005317034094982683
2220.0,1110.0,0.004532838971699225,0.0,99.99999816393222,0.0,0.004399962158957877
2220.5,1110.25,0.004533280276710693,0.0,99.99999816321157,0.0,0.00440047312573998
2221.0,1110.5,0.004533721369694911,0.0,99.99999816245452,0.0,0.004401141879408814
2221.5,1110.75,0.004534162250804646,0.0,99.99999816165443,0.0,0.0044019676623921235
2222.0,1111.0,0.004534602920192518,0.0,99.99999816081738,0.0,0.004402924408851799
2222.5,1111.25,0.004535036443895361,0.0,99.99999827900709,0.0,0.004288785077326059
2223.0,1111.5,0.004535462825102648,0.0,99.99999751516259,0.0,0.005786434371494999
2223.5,1111.75,0.004535888999093739,0.0,99.99999754483667,0.0,0.005743161656866102
2224.0,1112.0,0.0045363149660196545,0.0,99.99999871144894,0.0,0.0034617554062813063
2224.5,1112.25,0.004536740726031268,0.0,99.9999984460586,0.0,0.003743002448002229
2225.0,1112.5,0.004537159350350863,0.0,99.99999843229013,0.0,0.003727800911732573
2225.5,1112.75,0.004537584698018547,0.0,99.99999843107294,0.0,0.003904929768369143
2226.0,1113.0,0.004538009839223486,0.0,99.99999843039721,0.0,0.003904787959425195
2226.5,1113.25,0.004538441699947046,0.0,99.9999982709663,0.0,0.004317617543799037
2227.0,1113.5,0.004537347680750143,0.0,99.99999826974899,0.0,0.004318373364830332
2227.5,1113.75,0.004536254188866196,0.0,99.99999802942654,0.0,0.003913698472793272
2228.0,1114.0,0.004535161223914054,0.0,99.9999979873089,0.0,0.003958643645396828
2228.5,1114.25,0.004534068785512934,0.0,99.99999793352175,0.0,0.0040166346252955894
2229.0,1114.5,0.004532969964120339,0.0,99.99999781045959,0.0,0.004260444198601883
2229.5,1114.75,0.004531871675192498,0.0,99.99999781012326,0.0,0.004260801212496887
2230.0,1115.0,0.004530773918342474,0.0,99.99999780969084,0.0,0.0042613034468667365
2230.5,1115.25,0.004529676693183705,0.0,99.99999780919265,0.0,0.004261920248093587
2231.0,1115.5,0.004528579999330002,0.0,99.99999780866682,0.0,0.004262608658537292
2231.5,1115.75,0.0045274907288438,0.0,99.9999985940389,0.0,0.0036191766712195123
2232.0,1116.0,0.00452640887139611,0.0,99.99999851243733,0.0,0.0034035746006921643
2232.5,1116.25,0.004525327530851048,0.0,99.99999851279694,0.0,0.0034032573799475337
2233.0,1116.5,0.004524253589433875,0.0,99.9999985590952,0.0,0.0033271104255298695
2233.5,1116.75,0.004523207675156426,0.0,99.99999783856613,0.0,0.004313612364010539
2234.0,1117.0,0.00452216912060993,0.0,99.99999794790853,0.0,0.0041163076278900815
2234.5,1117.25,0.004521131042870173,0.0,99.99999794624567,0.0,0.004118456827886884
2235.0,1117.5,0.004520086571664803,0.0,99.99999782127148,0.0,0.004234120035975801
2235.5,1117.75,0.00451904258293522,0.0,99.9999969034337,0.0,0.005807631234797779
2236.0,1118.0,0.00451798534920958,0.0,99.99999738532667,0.0,0.004801205959537209
2236.5,1118.25,0.004516928610049635,0.0,99.99999738366371,0.0,0.004802425861922456
2237.0,1118.5,0.004515865507989316,0.0,99.99999879508249,0.0,0.003125021401381285
2237.5,1118.75,0.004514809760126063,0.0,99.99999827112202,0.0,0.0036510734190503148
2238.0,1119.0,0.004513747655097469,0.0,99.99999827616588,0.0,0.003538273732542284
2238.5,1119.25,0.004512686049669894,0.0,99.99999827589863,0.0,0.003538817589795563
2239.0,1119.5,0.004511624943490912,0.0,99.99999827574945,0.0,0.003539246013031503
2239.5,1119.75,0.00451055749519976,0.0,99.99999882034973,0.0,0.0029893996574607523
2240.0,1120.0,0.00450949055190463,0.0,99.99999882019821,0.0,0.0029897834936632875
2240.5,1120.25,0.004508424113247248,0.0,99.99999882009338,0.0,0.0029900873963052133
2241.0,1120.5,0.0045073513475828685,0.0,99.99999777474095,0.0,0.0043769698902915485
2241.5,1120.75,0.004506299576492693,0.0,99.99999735054006,0.0,0.005199513179898499
2242.0,1121.0,0.004505248296140544,0.0,99.99999811291266,0.0,0.005016247261795126
2242.5,1121.25,0.004504197506183048,0.0,99.99999811342602,0.0,0.005017065200128167
2243.0,1121.5,0.004503133569240599,0.0,99.99999860273246,0.0,0.003998682067738201
2243.5,1121.75,0.004502070134804756,0.0,99.99999856858443,0.0,0.004166612674987566
2244.0,1122.0,0.004501007202519595,0.0,99.99999856831613,0.0,0.004165928294592432
2244.5,1122.25,0.004499931154382137,0.0,99.99999796925097,0.0,0.004866536033258414
2245.0,1122.5,0.004498848815081279,0.0,99.99999800666887,0.0,0.004956365854130594
2245.5,1122.75,0.0044977601940661026,0.0,99.99999900389757,0.0,0.0037880954760070675
2246.0,1123.0,0.004496665300833562,0.0,99.99999852378865,0.0,0.005032020600696479
2246.5,1123.25,0.004495570940532697,0.0,99.9999985221789,0.0,0.005036354026172731
2247.0,1123.5,0.004494463528199207,0.0,99.99999860453094,0.0,0.004050957644521067
2247.5,1123.75,0.004493356661318152,0.0,99.9999986017238,0.0,0.004055987776775869
2248.0,1124.0,0.004492250339486639,0.0,99.99999859985189,0.0,0.004059714638714607
2248.5,1124.25,0.0044911377800731815,0.0,99.9999979750808,0.0,0.00420827242298938
2249.0,1124.5,0.004490032550471348,0.0,99.99999884618825,0.0,0.0038903071948674594
2249.5,1124.75,0.004488927864710295,0.0,99.99999883195368,0.0,0.003921484103710087
2250.0,1125.0,0.004487844039119997,0.0,99.99999811093932,0.0,0.0042987034732308894
2250.5,1125.25,0.004486760736770166,0.0,99.99999833983472,0.0,0.004310564274677297
2251.0,1125.5,0.0044856914888001,0.0,99.9999983626594,0.0,0.003594482251769915
2251.5,1125.75,0.004484622750337402,0.0,99.99999818860775,0.0,0.003980785807959941
2252.0,1126.0,0.004483554521017981,0.0,99.99999819323533,0.0,0.003974722414989919
2252.5,1126.25,0.0044824935566039155,0.0,99.99999763597137,0.0,0.005363677558349391
2253.0,1126.5,0.004481426341263479,0.0,99.99999857900048,0.0,0.003656982843530894
2253.5,1126.75,0.004480352884283664,0.0,99.99999780182443,0.0,0.004875982324095946
2254.0,1127.0,0.0044792731949989985,0.0,99.99999764898232,0.0,0.004902099898869327
2254.5,1127.25,0.004478200769154322,0.0,99.99999754853457,0.0,0.004948448595642748
2255.0,1127.5,0.004477128856706284,0.0,99.99999754679978,0.0,0.0049505167028976605
2255.5,1127.75,0.0044760574572863115,0.0,99.99999754481841,0.0,0.0049528201527268174
2256.0,1128.0,0.004474993304061801,0.0,99.99999755721079,0.0,0.005001380888991081
2256.5,1128.25,0.004473929656707886,0.0,99.9999975556154,0.0,0.005003369816997403
2257.0,1128.5,0.004472859787727159,0.0,99.99999811731566,0.0,0.00481148920155428
2257.5,1128.75,0.004471797154228885,0.0,99.99999838265074,0.0,0.0041820869834705895
2258.0,1129.0,0.0044707283047912254,0.0,99.99999834741892,0.0,0.0042712861553794645
2258.5,1129.25,0.004469659966184482,0.0,99.9999983480874,0.0,0.004270458949235342
2259.0,1129.5,0.004468592138042534,0.0,99.99999828504482,0.0,0.0037092117698046857
2259.5,1129.75,0.0044675248199996095,0.0,99.99999828561555,0.0,0.0037083913644396227
2260.0,1130.0,0.004466464719584412,0.0,99.99999824447981,0.0,0.003882031539528433
2260.5,1130.25,0.004465418531637055,0.0,99.9999977485554,0.0,0.004134883967961003
2261.0,1130.5,0.004465853856246041,0.0,99.9999974988174,0.0,0.004717687111016694
2261.5,1130.75,0.0044662755674015914,0.0,99.9999982042873,0.0,0.004294890308482065
2262.0,1131.0,0.00446669707481605,0.0,99.99999820358873,0.0,0.0042959623837422875
2262.5,1131.25,0.004467111677791945,0.0,99.99999843470896,0.0,0.004077008678447672
2263.0,1131.5,0.00446752607931471,0.0,99.99999843555739,0.0,0.004075845745243836
2263.5,1131.75,0.004467940279531136,0.0,99.99999843641092,0.0,0.004074641963941091
2264.0,1132.0,0.004468347580781759,0.0,99.99999853514133,0.0,0.004071215824383632
2264.5,1132.25,0.00446876137983123,0.0,99.99999834752614,0.0,0.004154091140948622
2265.0,1132.5,0.004469168282239288,0.0,99.9999986502123,0.0,0.003823920491672566
2265.5,1132.75,0.004469568291228921,0.0,99.9999989588514,0.0,0.0030406704898266086
2266.0,1133.0,0.004469968103745189,0.0,99.9999989577597,0.0,0.0030425452410849977
2266.5,1133.25,0.004470361027314715,0.0,99.9999988718314,0.0,0.003100346881345455
2267.0,1133.5,0.0044722504939232475,0.0,99.99999892678063,0.0,0.002919023630296298
2267.5,1133.75,0.00447414572247727,0.0,99.99999920534836,0.0,0.002388045973051682
2268.0,1134.0,0.004476040021063717,0.0,99.999999205875,0.0,0.0023871477891923704
2268.5,1134.25,0.004476444449762269,0.0,99.99999775248112,0.0,0.0036634242046892176
2269.0,1134.5,0.004476848681318353,0.0,99.99999882030674,0.0,0.003188411531971823
2269.5,1134.75,0.004477252715876084,0.0,99.99999882063584,0.0,0.0031879465567328387
2270.0,1135.0,0.004477656553579435,0.0,99.99999876013457,0.0,0.0028436073092871226
2270.5,1135.25,0.004476579391298761,0.0,99.9999984489249,0.0,0.003440725668021733
2271.0,1135.5,0.004475509432778475,0.0,99.99999842044349,0.0,0.0034287515609847915
2271.5,1135.75,0.004474439985602937,0.0,99.99999841862407,0.0,0.0034315101412028134
2272.0,1136.0,0.004473371049405666,0.0,99.99999859392479,0.0,0.0031713766248401684
2272.5,1136.25,0.004472302623820534,0.0,99.99999859335074,0.0,0.0031723017025911456
2273.0,1136.5,0.004471234708481765,0.0,99.99999859283145,0.0,0.003173148390514204
2273.5,1136.75,0.004470173972725373,0.0,99.99999893209132,0.0,0.002861944539739671
2274.0,1137.0,0.004469107073600048,0.0,99.99999803427619,0.0,0.0035976405525736943
2274.5,1137.25,0.004468040683628121,0.0,99.99999803482372,0.0,0.003596283506829233
2275.0,1137.5,0.004466974802445207,0.0,99.99999803555355,0.0,0.0035947542668087877
2275.5,1137.75,0.0044658761449770075,0.0,99.99999867864231,0.0,0.003152943930427062
2276.0,1138.0,0.0044647846814370165,0.0,99.99999778281953,0.0,0.0038197348360046323
2276.5,1138.25,0.004463693751275714,0.0,99.99999780184616,0.0,0.003801551406715753
2277.0,1138.5,0.004462610001251199,0.0,99.9999991740448,0.0,0.002207908206257419
2277.5,1138.75,0.00446152677735105,0.0,99.99999917143826,0.0,0.0022118780605120954
2278.0,1139.0,0.0044604573606479275,0.0,99.99999861940975,0.0,0.0029990189700682237
2278.5,1139.25,0.004459395094070017,0.0,99.99999866685765,0.0,0.0030220030421462775
2279.0,1139.5,0.004458339967767809,0.0,99.99999881536836,0.0,0.002844293147417027
2279.5,1139.75,0.004457278709352995,0.0,99.9999976807255,0.0,0.004059029125574937
2280.0,1140.0,0.004456217956059549,0.0,99.99999767466646,0.0,0.004064436331264657
2280.5,1140.25,0.004455157707526926,0.0,99.99999766904317,0.0,0.004069454809961284
2281.0,1140.5,0.004454104585230094,0.0,99.99999875582516,0.0,0.0030404826692884183
2281.5,1140.75,0.004454538293125564,0.0,99.99999816329981,0.0,0.003751703957057389
2282.0,1141.0,0.004454971796075821,0.0,99.99999817060619,0.0,0.0037437178200578794
2282.5,1141.25,0.004455405094226098,0.0,99.99999818640751,0.0,0.0037269034460696636
2283.0,1141.5,0.004455838187721492,0.0,99.99999821682535,0.0,0.003695050332881877
2283.5,1141.75,0.0044562644594719,0.0,99.99999811990882,0.0,0.0038567973571911633
2284.0,1142.0,0.004456697145011899,0.0,99.99999883141979,0.0,0.0037461718439521213
2284.5,1142.25,0.00445712962633135,0.0,99.99999884521313,0.0,0.003723828812098939
2285.0,1142.5,0.004457548674680559,0.0,99.99999747833809,0.0,0.0061117423211260085
2285.5,1142.75,0.004457974136332415,0.0,99.99999723961966,0.0,0.0063704419448393215
2286.0,1143.0,0.004458392783514329,0.0,99.99999804929146,0.0,0.004441313167675919
2286.5,1143.25,0.004458811230806871,0.0,99.99999804194434,0.0,0.0044533488259262165
2287.0,1143.5,0.004459229478353169,0.0,99.99999803566968,0.0,0.004463490682054287
2287.5,1143.75,0.0044581720308989265,0.0,99.99999849923469,0.0,0.0035478427456208167
2288.0,1144.0,0.004457128293577764,0.0,99.99999731020426,0.0,0.004986123482691054
2288.5,1144.25,0.004456085044857133,0.0,99.9999972884339,0.0,0.005009410967889349
2289.0,1144.5,0.004455042284394022,0.0,99.9999972694688,0.0,0.005029732149092953
2289.5,1144.75,0.0044540000118457445,0.0,99.99999725309527,0.0,0.005047299509845951
2290.0,1145.0,0.004452958226869932,0.0,99.99999723895114,0.0,0.00506250029827966
2290.5,1145.25,0.004451916929124535,0.0,99.9999972266839,0.0,0.005075726536849436
2291.0,1145.5,0.004450876118267828,0.0,99.99999724446187,0.0,0.005075358874693222
2291.5,1145.75,0.004449835793958401,0.0,99.99999723590791,0.0,0.005084305934675846
2292.0,1146.0,0.004448815695090477,0.0,99.99999795268366,0.0,0.004530250024751697
2292.5,1146.25,0.004447796063818776,0.0,99.99999794998135,0.0,0.0045335886048863275
2293.0,1146.5,0.004446776899821863,0.0,99.99999794746884,0.0,0.004536674342956687
2293.5,1146.75,0.00444574506135069,0.0,99.99999820449291,0.0,0.0038223600269984633
2294.0,1147.0,0.004444707133991371,0.0,99.99999780459547,0.0,0.004379314281311708
2294.5,1147.25,0.0044436696911590474,0.0,99.99999776469492,0.0,0.004419601803339266
2295.0,1147.5,0.004442613048108123,0.0,99.99999828427548,0.0,0.0036873180757172616
2295.5,1147.75,0.004441550349137161,0.0,99.99999715086987,0.0,0.005615285398269224
2296.0,1148.0,0.0044404881584522065,0.0,99.99999715269446,0.0,0.0056131337283713625
2296.5,1148.25,0.004439426475688679,0.0,99.99999715537504,0.0,0.005610087040697783
2297.0,1148.5,0.004438365300482348,0.0,99.99999715906826,0.0,0.005605994273284987
2297.5,1148.75,0.004437291540970451,0.0,99.99999766776278,0.0,0.005361039753030576
2298.0,1149.0,0.004436218300875297,0.0,99.99999766760168,0.0,0.0053613236744544535
2298.5,1149.25,0.0044351455798200875,0.0,99.99999766733977,0.0,0.005361688228631553
2299.0,1149.5,0.004434073377428385,0.0,99.99999766695906,0.0,0.005362156371985241
2299.5,1149.75,0.0044330016933241175,0.0,99.9999976664715,0.0,0.005362728725291942
2300.0,1150.0,0.004431930527131578,0.0,99.99999766591252,0.0,0.005363384654411697
2300.5,1150.25,0.004430866405253405,0.0,99.99999720225671,0.0,0.005787189178148961
2301.0,1150.5,0.004429809317915398,0.0,99.99999835614013,0.0,0.004502080033178112
2301.5,1150.75,0.0044287527348431536,0.0,99.99999835594575,0.0,0.004502353976387498
2302.0,1151.0,0.0044277031731382085,0.0,99.99999840600589,0.0,0.004226343914710678
2302.5,1151.25,0.004426641080053331,0.0,99.99999773849862,0.0,0.0051482146578529136
2303.0,1151.5,0.004425572985172565,0.0,99.99999859249068,0.0,0.0035341151162261125
2303.5,1151.75,0.004424505405604177,0.0,99.99999859182344,0.0,0.003535080875499845
2304.0,1152.0,0.00442343183606244,0.0,99.99999719699694,0.0,0.005662476723322317
2304.5,1152.25,0.004422358787379811,0.0,99.99999719633551,0.0,0.005663671075297224
2305.0,1152.5,0.004421286259177329,0.0,99.99999719573198,0.0,0.005664746314279875
2305.5,1152.75,0.004420220746529436,0.0,99.99999733481854,0.0,0.0055017854145241
2306.0,1153.0,0.004419181716810961,0.0,99.99999764090205,0.0,0.00607057321825133
2306.5,1153.25,0.004418149664819896,0.0,99.99999795766259,0.0,0.005739845657397063
2307.0,1153.5,0.004417118094765392,0.0,99.9999979636042,0.0,0.005731628281936209
2307.5,1153.75,0.00441609348963877,0.0,99.99999783022201,0.0,0.004876417633190509
2308.0,1154.0,0.004415075840082665,0.0,99.999998404428,0.0,0.004222167793697846
2308.5,1154.25,0.0044140327501273,0.0,99.99999822225703,0.0,0.004477465570634294
2309.0,1154.5,0.004414444284695713,0.0,99.99999791043757,0.0,0.004847723086478211
2309.5,1154.75,0.0044148491470980804,0.0,99.99999778422537,0.0,0.004740862572261637
2310.0,1155.0,0.00441525381477343,0.0,99.99999775027455,0.0,0.004770121109925308
2310.5,1155.25,0.0044156518144194785,0.0,99.99999758317115,0.0,0.004944479993093935
2311.0,1155.5,0.004416049621565213,0.0,99.99999768476921,0.0,0.005307426735950093
2311.5,1155.75,0.004416447236350262,0.0,99.99999764763562,0.0,0.005459956826050107
2312.0,1156.0,0.004416838188437113,0.0,99.99999830175888,0.0,0.003580421553247801
2312.5,1156.25,0.004417235419900993,0.0,99.99999875212772,0.0,0.0031866659312406783
2313.0,1156.5,0.0044176324594220615,0.0,99.99999874873605,0.0,0.0031912818588951263
2313.5,1156.75,0.004418029307139406,0.0,99.99999874517364,0.0,0.0031960472272814806
2314.0,1157.0,0.004418419496660208,0.0,99.99999829150757,0.0,0.003593807216637818
2314.5,1157.25,0.004418809496636145,0.0,99.99999828914086,0.0,0.0035969389069004315
2315.0,1157.5,0.004419199307205299,0.0,99.9999982869171,0.0,0.0035998804456206478
2315.5,1157.75,0.004421044934371687,0.0,99.99999832422736,0.0,0.0036414353269007484
2316.0,1158.0,0.004422896127005107,0.0,99.99999847918453,0.0,0.0037712750733542993
2316.5,1158.25,0.004424752889172146,0.0,99.9999971312051,0.0,0.005223039311033509
2317.0,1158.5,0.004426621694099835,0.0,99.99999736746788,0.0,0.004376212616764304
2317.5,1158.75,0.00442848960890198,0.0,99.99999736367279,0.0,0.004379820590772326
2318.0,1159.0,0.004430356634214389,0.0,99.99999736023433,0.0,0.004383073037509181
2318.5,1159.25,0.004432222770672267,0.0,99.99999729089596,0.0,0.004919180347551346
2319.0,1159.5,0.00443408801891021,0.0,99.99999729188144,0.0,0.004917455988321461
2319.5,1159.75,0.004435945904522796,0.0,99.99999900274707,0.0,0.0023345182412863492
2320.0,1160.0,0.004437809377043056,0.0,99.99999878996857,0.0,0.0027398768519391052
2320.5,1160.25,0.004439665485868354,0.0,99.99999762015652,0.0,0.003974142309689915
2321.0,1160.5,0.004441520706675846,0.0,99.99999761385303,0.0,0.003979598274768457
2321.5,1160.75,0.004443375040102663,0.0,99.99999760791157,0.0,0.003984686411013463
2322.0,1161.0,0.004445228486785323,0.0,99.99999760248683,0.0,0.003989245858751732
2322.5,1161.25,0.00444707456538628,0.0,99.99999758514896,0.0,0.004036252009785866
2323.0,1161.5,0.004448913273149869,0.0,99.99999756701364,0.0,0.004034413069012031
2323.5,1161.75,0.004450757575757576,0.0,99.99999800308342,0.0,0.0036162068307178147
2324.0,1162.0,0.004452600991894431,0.0,99.99999795954541,0.0,0.003662493182889462
2324.5,1162.25,0.0044544500086642624,0.0,99.99999876649487,0.0,0.0026778750787406023
2325.0,1162.5,0.004456298142505455,0.0,99.9999973441808,0.0,0.004693795038224289
2325.5,1162.75,0.004458138905303483,0.0,99.99999754030088,0.0,0.004571370673753086
2326.0,1163.0,0.004459978784179226,0.0,99.99999754271897,0.0,0.004569573955507792
2326.5,1163.25,0.0044618177797692135,0.0,99.99999754510755,0.0,0.004567796780817873
2327.0,1163.5,0.004463655892709362,0.0,99.99999754745137,0.0,0.004566054888005487
2327.5,1163.75,0.004464032548177381,0.0,99.99999863812887,0.0,0.0030994566471054495
2328.0,1164.0,0.004464409021856851,0.0,99.99999864142889,0.0,0.003095015670299229
2328.5,1164.25,0.004464785313879349,0.0,99.99999864436255,0.0,0.0030910933219963884
2329.0,1164.5,0.004465154936371905,0.0,99.9999987606306,0.0,0.003231086737125423
2329.5,1164.75,0.004465517892577711,0.0,99.9999982556446,0.0,0.0041791610383449095
2330.0,1165.0,0.004465874185794889,0.0,99.99999832382805,0.0,0.004152249396956808
2330.5,1165.25,0.004466223819376384,0.0,99.99999837608426,0.0,0.003966619533092928
2331.0,1165.5,0.004466573280398319,0.0,99.99999784532419,0.0,0.004687562220034115
2331.5,1165.75,0.004466922568988412,0.0,99.99999784542155,0.0,0.004687631460401062
2332.0,1166.0,0.004467271685274253,0.0,99.99999784556167,0.0,0.004687639277351387
2332.5,1166.25,0.004467633590222265,0.0,99.99999759543104,0.0,0.004459984296165092
2333.0,1166.5,0.004467995318828663,0.0,99.99999759620081,0.0,0.004459191498135417
2333.5,1166.75,0.004468350392901673,0.0,99.99999723981787,0.0,0.004882492650318055
2334.0,1167.0,0.004468705293016905,0.0,99.9999972588279,0.0,0.004775715961223498
2334.5,1167.25,0.00446905354314506,0.0,99.99999877511607,0.0,0.0030217148615484207
2335.0,1167.5,0.004469427522111714,0.0,99.9999984177765,0.0,0.003436376471838751
2335.5,1167.75,0.00446835938065787,0.0,99.99999809221926,0.0,0.0038456100817672806
2336.0,1168.0,0.004467291749628933,0.0,99.99999807589762,0.0,0.0038664370928709053
2336.5,1168.25,0.0044662310945234015,0.0,99.99999818963448,0.0,0.0037651492906288116
2337.0,1168.5,0.004465170942954366,0.0,99.99999794710183,0.0,0.004054908507251264
2337.5,1168.75,0.004464091915435484,0.0,99.99999744699247,0.0,0.004532381704945581
2338.0,1169.0,0.004463013409293773,0.0,99.99999743808937,0.0,0.004543585278575489
2338.5,1169.25,0.004461941877602498,0.0,99.99999815551193,0.0,0.003984309430599789
2339.0,1169.5,0.004460870860319072,0.0,99.99999815535604,0.0,0.003984979860859527
2339.5,1169.75,0.004461252446749762,0.0,99.99999774219316,0.0,0.004802629903407355
2340.0,1170.0,0.004461633851183482,0.0,99.99999774443786,0.0,0.004800437985243312
2340.5,1170.25,0.00446057012068248,0.0,99.99999843199593,0.0,0.0034105424554789943
2341.0,1170.5,0.004459506897283991,0.0,99.99999810770302,0.0,0.004358966485067143
2341.5,1170.75,0.004458444180625482,0.0,99.99999810884597,0.0,0.004358312349575649
2342.0,1171.0,0.00445737553424974,0.0,99.99999885931685,0.0,0.0027763062716126886
2342.5,1171.25,0.004456313833050634,0.0,99.9999990843096,0.0,0.0025306233676950247
2343.0,1171.5,0.004455252637503788,0.0,99.99999748680904,0.0,0.004505762122143079
2343.5,1171.75,0.004454191947248054,0.0,99.99999748816829,0.0,0.004505193881737338
2344.0,1172.0,0.004453125338095643,0.0,99.99999784716496,0.0,0.004214005453956185
2344.5,1172.25,0.004452046398197837,0.0,99.99999855247023,0.0,0.003801194695893895
2345.0,1172.5,0.004450987233870759,0.0,99.99999861861195,0.0,0.003971049094736955
2345.5,1172.75,0.004449941402618071,0.0,99.9999981829106,0.0,0.004827184870812277
2346.0,1173.0,0.004448908886000132,0.0,99.99999816653488,0.0,0.004615277546878441
2346.5,1173.25,0.004447864031087501,0.0,99.99999794799548,0.0,0.004680990940640245
2347.0,1173.5,0.004446819666841447,0.0,99.99999895068072,0.0,0.0033930552533160694
2347.5,1173.75,0.00444578219555681,0.0,99.99999887318815,0.0,0.003627457877035646
2348.0,1174.0,0.004444732408967215,0.0,99.99999849796485,0.0,0.003703759424708616
2348.5,1174.25,0.004443683118034703,0.0,99.99999849734215,0.0,0.003703692044935198
2349.0,1174.5,0.0044426407160034365,0.0,99.99999902921537,0.0,0.0025822230385073013
2349.5,1174.75,0.004441605193527084,0.0,99.99999900520433,0.0,0.002912980511946531
2350.0,1175.0,0.004440570153672209,0.0,99.9999983577528,0.0,0.004467487205039764
2350.5,1175.25,0.0044395355961014925,0.0,99.9999983500394,0.0,0.004476366765317167
2351.0,1175.5,0.004438514283906755,0.0,99.99999842844115,0.0,0.003920299388821297
2351.5,1175.75,0.004437499820315038,0.0,99.99999888532696,0.0,0.002671476759557095
2352.0,1176.0,0.004436492196257653,0.0,99.9999990325419,0.0,0.0023844925793990016
2352.5,1176.25,0.0044354914027331365,0.0,99.99999724429547,0.0,0.004624077690338263
2353.0,1176.5,0.0044344910606291315,0.0,99.99999724522134,0.0,0.004623159612347005
2353.5,1176.75,0.004433478435084081,0.0,99.99999780515115,0.0,0.004054953435282765
2354.0,1177.0,0.004432459907560166,0.0,99.99999884822115,0.0,0.003138812242294493
2354.5,1177.25,0.004431429125126504,0.0,99.99999883341478,0.0,0.0030802144611673313
2355.0,1177.5,0.004430392463596727,0.0,99.9999977233205,0.0,0.004154736645364324
2355.5,1177.75,0.004429356286974077,0.0,99.99999772505427,0.0,0.00415346639453082
2356.0,1178.0,0.004428320594918406,0.0,99.99999772684124,0.0,0.004152131028580876
2356.5,1178.25,0.004427298086093523,0.0,99.99999889142389,0.0,0.0029896759007003084
2357.0,1178.5,0.004426269702778929,0.0,99.99999876327053,0.0,0.003114540673234029
2357.5,1178.75,0.004425248140736366,0.0,99.9999986645367,0.0,0.0036264771763329985
2358.0,1179.0,0.004424227050128341,0.0,99.99999866546068,0.0,0.003625617342227675
2358.5,1179.25,0.004423219106243229,0.0,99.99999727451532,0.0,0.0050576358845651
2359.0,1179.5,0.004422205286590991,0.0,99.99999828625745,0.0,0.003630781704842069
2359.5,1179.75,0.004421191931575359,0.0,99.99999829051788,0.0,0.003626938669241789
2360.0,1180.0,0.004420179040876991,0.0,99.99999829469417,0.0,0.003623208097323732
2360.5,1180.25,0.004419166614176836,0.0,99.99999827208423,0.0,0.0039775139059936345
2361.0,1180.5,0.0044181672978334235,0.0,99.99999798847588,0.0,0.004218757681456375
2361.5,1180.75,0.0044171684333432545,0.0,99.99999840230664,0.0,0.0035622345117937372
2362.0,1181.0,0.0044161700203999305,0.0,99.99999840340463,0.0,0.003561243917104611
2362.5,1181.25,0.004415165743920387,0.0,99.99999845345756,0.0,0.003550624681985267
2363.0,1181.5,0.004414161924099866,0.0,99.99999845519241,0.0,0.0035489861246118895
2363.5,1181.75,0.004413139633625065,0.0,99.99999856309388,0.0,0.0036060568152004816
2364.0,1182.0,0.004412117816551945,0.0,99.99999857005395,0.0,0.0035990042369559512
2364.5,1182.25,0.004411096472551748,0.0,99.99999857578085,0.0,0.003593205214243201
2365.0,1182.5,0.004410075601296022,0.0,99.99999816076611,0.0,0.004037916564172677
2365.5,1182.75,0.004409055202456617,0.0,99.99999816044351,0.0,0.0040379156440984425
2366.0,1183.0,0.004408035275705685,0.0,99.99999816007626,0.0,0.004038011077772244
2366.5,1183.25,0.00440702840370493,0.0,99.99999811422401,0.0,0.004201342481965636
2367.0,1183.5,0.004406021991573322,0.0,99.99999811518194,0.0,0.004200635338731037
2367.5,1183.75,0.004405016038995879,0.0,99.99999811618898,0.0,0.004199903255857216
2368.0,1184.0,0.0044040042627679745,0.0,99.9999985420064,0.0,0.003946536392440947
2368.5,1184.25,0.004403005511244994,0.0,99.99999856919372,0.0,0.004053072684982497
2369.0,1184.5,0.0044020072126182315,0.0,99.99999766869924,0.0,0.004781774821039557
2369.5,1184.75,0.004401021915292803,0.0,99.99999820164437,0.0,0.004235835888006068
2370.0,1185.0,0.004400037058945103,0.0,99.99999820148557,0.0,0.00423568889481154
2370.5,1185.25,0.004399046374527427,0.0,99.99999785209046,0.0,0.005052087625336338
2371.0,1185.5,0.004398056136121761,0.0,99.99999785044761,0.0,0.005053816657071711
2371.5,1185.75,0.004397066343426977,0.0,99.9999978488899,0.0,0.00505540089933893
2372.0,1186.0,0.004396076996142218,0.0,99.99999784737133,0.0,0.005056899590789656
2372.5,1186.25,0.004395088093966898,0.0,99.99999784584776,0.0,0.005058367871777537
2373.0,1186.5,0.004394105891261893,0.0,99.99999860777476,0.0,0.003872138092389699
2373.5,1186.75,0.004393117875592366,0.0,99.99999863855696,0.0,0.003585004862463338
2374.0,1187.0,0.004392111557072552,0.0,99.9999988597818,0.0,0.003268798801628099
2374.5,1187.25,0.004391099453352925,0.0,99.99999764917203,0.0,0.004890963006087275
2375.0,1187.5,0.0043900815727499235,0.0,99.99999788036101,0.0,0.004787519635655041
2375.5,1187.75,0.004389051683322883,0.0,99.99999824240506,0.0,0.004051025851985501
2376.0,1188.0,0.004388028514367346,0.0,99.99999900263542,0.0,0.002940272112283298
2376.5,1188.25,0.004388426945055132,0.0,99.99999876982233,0.0,0.003323035739349749
2377.0,1188.5,0.004388825190066394,0.0,99.99999876444592,0.0,0.00333188131820571
2377.5,1188.75,0.004389223249530893,0.0,99.99999875999023,0.0,0.0033391159781031117
2378.0,1189.0,0.004389621123578272,0.0,99.99999875623304,0.0,0.0033451267017512634
2378.5,1189.25,0.0043885927823195505,0.0,99.99999885667643,0.0,0.0031372453938274454
2379.0,1189.5,0.0043875649227598365,0.0,99.99999885517464,0.0,0.003139279746992742
2379.5,1189.75,0.004386543769646139,0.0,99.99999889728421,0.0,0.003106973888348745
2380.0,1190.0,0.0043855230917441215,0.0,99.9999981351892,0.0,0.004332836483943224
2380.5,1190.25,0.0043845028887221395,0.0,99.99999815117268,0.0,0.004308292974048463
2381.0,1190.5,0.0043834831602488555,0.0,99.99999817404564,0.0,0.00427318082678596
2381.5,1190.75,0.004382470119521913,0.0,99.99999823980428,0.0,0.004310496248020339
2382.0,1191.0,0.0043814637575977505,0.0,99.99999865104951,0.0,0.0038344031295123888
2382.5,1191.25,0.004380451649932331,0.0,99.99999878285806,0.0,0.0035696056578792797
2383.0,1191.5,0.004379446214704795,0.0,99.99999865203915,0.0,0.0032731545670636433
2383.5,1191.75,0.004378466049535735,0.0,99.99999838073929,0.0,0.0040254402442387845
2384.0,1192.0,0.004378902526932658,0.0,99.99999837893854,0.0,0.00402801739339935
2384.5,1192.25,0.004379338809040722,0.0,99.99999837737273,0.0,0.004030237145086806
2385.0,1192.5,0.004379774895990963,0.0,99.99999837603617,0.0,0.0040321044799233405
2385.5,1192.75,0.004380210787914298,0.0,99.99999837491312,0.0,0.0040336396207313165
2386.0,1193.0,0.004380646484941528,0.0,99.9999983739793,0.0,0.004034876256454429
2386.5,1193.25,0.004381069592095119,0.0,99.99999823323661,0.0,0.004485597588139775
2387.0,1193.5,0.004381486311037442,0.0,99.99999792763892,0.0,0.00495808349421793
2387.5,1193.75,0.004381927623960193,0.0,99.99999880853593,0.0,0.003558803307523668
2388.0,1194.0,0.004382368740987871,0.0,99.99999880860413,0.0,0.003559328298062832
2388.5,1194.25,0.004382809662250879,0.0,99.99999880863446,0.0,0.0035599247784922736
2389.0,1194.5,0.004383244194179696,0.0,99.9999988571752,0.0,0.003427650506440075
2389.5,1194.75,0.004383672339211193,0.0,99.99999895276207,0.0,0.003370144554849623
2390.0,1195.0,0.004385494113127387,0.0,99.99999878649743,0.0,0.0037724656243721677
2390.5,1195.25,0.004387308858353608,0.0,99.99999856757013,0.0,0.004066096887343874
2391.0,1195.5,0.004389122768380245,0.0,99.9999987877485,0.0,0.00340315539027075
2391.5,1195.75,0.004390929646326213,0.0,99.9999982925598,0.0,0.004449876658331698
2392.0,1196.0,0.00439273568797889,0.0,99.99999828595466,0.0,0.004459704856541982
2392.5,1196.25,0.0043945594930244304,0.0,99.99999816159941,0.0,0.0036595142947613624
2393.0,1196.5,0.004396388670660135,0.0,99.99999867808125,0.0,0.003812280910678826
2393.5,1196.75,0.0043982046187494095,0.0,99.99999858697717,0.0,0.004208533073425306
2394.0,1197.0,0.004400019737352235,0.0,99.99999857990544,0.0,0.004220069462181106
2394.5,1197.25,0.004401827822709091,0.0,99.99999844878519,0.0,0.004596093210506661
2395.0,1197.5,0.004403635077454657,0.0,99.9999984411401,0.0,0.0046079410270042954
2395.5,1197.75,0.00440544150216116,0.0,99.99999843327036,0.0,0.0046200788996436926
2396.0,1198.0,0.0044072408897302415,0.0,99.99999859713837,0.0,0.004063519225702363
2396.5,1198.25,0.004409033237435804,0.0,99.99999866460418,0.0,0.00401125469699519
2397.0,1198.5,0.004409447932050576,0.0,99.99999889788133,0.0,0.0035957539404481795
2397.5,1198.75,0.004409856232775099,0.0,99.99999826930896,0.0,0.004433133145906466
2398.0,1199.0,0.004410270554759687,0.0,99.99999816586576,0.0,0.004594656697675007
2398.5,1199.25,0.004410684690210953,0.0,99.99999816350622,0.0,0.004596835326651644
2399.0,1199.5,0.004411080025374963,0.0,99.99999859567093,0.0,0.0039330835466040975
2399.5,1199.75,0.004411487586802381,0.0,99.99999802895572,0.0,0.004524128415753484
2400.0,1200.0,0.004411901166665261,0.0,99.99999893275667,0.0,0.0033780178252836622
2400.5,1200.25,0.004412320762646943,0.0,99.99999892974648,0.0,0.003445088803677272
2401.0,1200.5,0.004412733969760124,0.0,99.99999881942679,0.0,0.0036877278601504812
2401.5,1200.75,0.004413128389580465,0.0,99.99999884554552,0.0,0.003664123631373427
2402.0,1201.0,0.004413522628785102,0.0,99.99999884336859,0.0,0.0036664139966321994
2402.5,1201.25,0.004413916687498069,0.0,99.99999884129912,0.0,0.003668473660064266
2403.0,1201.5,0.004414310565843289,0.0,99.99999856715095,0.0,0.004477718767607155
2403.5,1201.75,0.0044147042639445695,0.0,99.99999856204602,0.0,0.004485127320523553
2404.0,1202.0,0.004415103978084468,0.0,99.99999797351643,0.0,0.005219929590420488
2404.5,1202.25,0.004415515901188976,0.0,99.99999794631869,0.0,0.005126968639689114
2405.0,1202.5,0.00441593383393676,0.0,99.99999843693695,0.0,0.0044477022902878185
2405.5,1202.75,0.004416351580293731,0.0,99.99999843512849,0.0,0.004450354294379697
2406.0,1203.0,0.004415366991451098,0.0,99.99999911289663,0.0,0.0031367391909141273
2406.5,1203.25,0.004414382841522394,0.0,99.99999837992374,0.0,0.004383638993159212
2407.0,1203.5,0.004413399130214195,0.0,99.99999886975642,0.0,0.00352233657211633
2407.5,1203.75,0.004412409674512974,0.0,99.99999852958452,0.0,0.004102646281813255
2408.0,1204.0,0.004411433022286913,0.0,99.99999818933658,0.0,0.00442735244811163
2408.5,1204.25,0.004410456802313774,0.0,99.99999818976568,0.0,0.004426819444345424
2409.0,1204.5,0.004409481014306658,0.0,99.99999819016747,0.0,0.004426323801537236
2409.5,1204.75,0.00440850565797892,0.0,99.99999819053275,0.0,0.0044258599687096575
2410.0,1205.0,0.004407530733044163,0.0,99.9999981908563,0.0,0.0044254177390991856
2410.5,1205.25,0.004406556239216252,0.0,99.99999819113812,0.0,0.004424983154507941
2411.0,1205.5,0.004405582176209297,0.0,99.99999847857288,0.0,0.0038677121832152305
2411.5,1205.75,0.004404608543737665,0.0,99.99999874526871,0.0,0.0038190996858727365
2412.0,1206.0,0.004403659974240896,0.0,99.9999984293402,0.0,0.0038884774962868423
2412.5,1206.25,0.0044027118132209985,0.0,99.99999842778831,0.0,0.0038901272877933666
2413.0,1206.5,0.004401757907508568,0.0,99.99999846925417,0.0,0.003475246190200991
2413.5,1206.75,0.004402177330883021,0.0,99.99999793991613,0.0,0.004652628645948872
2414.0,1207.0,0.004402596567902822,0.0,99.99999798053912,0.0,0.0046099357019078035
2414.5,1207.25,0.004403015618692142,0.0,99.99999802374604,0.0,0.004565183749587835
2415.0,1207.5,0.004403440633156944,0.0,99.99999810421664,0.0,0.004401661433217461
2415.5,1207.75,0.0044038654600950305,0.0,99.99999838413586,0.0,0.0035628933260098378
2416.0,1208.0,0.004404290099630486,0.0,99.99999834248695,0.0,0.003607416566354147
2416.5,1208.25,0.004404714551887286,0.0,99.99999830475092,0.0,0.0036481571341212124
2417.0,1208.5,0.004405138816989296,0.0,99.9999982715017,0.0,0.003684336101251447
2417.5,1208.75,0.004405550603147499,0.0,99.999998474542,0.0,0.0036944424941190443
2418.0,1209.0,0.0044059622055195174,0.0,99.9999984450008,0.0,0.0037236109574618572
2418.5,1209.25,0.004404985344603997,0.0,99.99999816533521,0.0,0.00421341609880641
2419.0,1209.5,0.004404008916758795,0.0,99.99999813730864,0.0,0.00423971952307634
2419.5,1209.75,0.004403032921695983,0.0,99.9999981107629,0.0,0.004264802361532713
2420.0,1210.0,0.004402057359127894,0.0,99.9999980867314,0.0,0.004287614745498802
2420.5,1210.25,0.004401088360312465,0.0,99.99999822890912,0.0,0.0037856422855395383
2421.0,1210.5,0.00440012591686701,0.0,99.99999894899673,0.0,0.002806012563106041
2421.5,1210.75,0.004399163894269668,0.0,99.99999807240526,0.0,0.0039970230276637955
2422.0,1211.0,0.004398202292244462,0.0,99.99999807340903,0.0,0.0039964719500563736
2422.5,1211.25,0.004397241110515656,0.0,99.9999980745098,0.0,0.003995866521272709
2423.0,1211.5,0.004396280348807758,0.0,99.99999807570263,0.0,0.003995211648271681
2423.5,1211.75,0.004395320006845512,0.0,99.99999807696713,0.0,0.003994517040887478
2424.0,1212.0,0.004394366197183098,0.0,99.99999817048564,0.0,0.004054244081949205
2424.5,1212.25,0.004393406691218194,0.0,99.9999989140019,0.0,0.0033085107631612184
2425.0,1212.5,0.004392447604176371,0.0,99.9999989148476,0.0,0.003307217218064358
2425.5,1212.75,0.004391476726146455,0.0,99.99999874290246,0.0,0.0033803079792140973
2426.0,1213.0,0.004390518481456001,0.0,99.9999988503041,0.0,0.0033219569699513337
2426.5,1213.25,0.004389560654862977,0.0,99.99999795815158,0.0,0.00437607830412629
2427.0,1213.5,0.004388609342917237,0.0,99.99999821897731,0.0,0.004097857090224661
2427.5,1213.75,0.004387658443221561,0.0,99.99999821231579,0.0,0.00410422205747914
2428.0,1214.0,0.004386707955508033,0.0,99.99999820627295,0.0,0.004110008123041862
2428.5,1214.25,0.004385757879508973,0.0,99.99999820081868,0.0,0.004115255307917874
2429.0,1214.5,0.00438481430124049,0.0,99.99999806768514,0.0,0.004549657193136692
2429.5,1214.75,0.004383871128898856,0.0,99.99999806576712,0.0,0.004551509728151138
2430.0,1215.0,0.004382928362222182,0.0,99.99999806411728,0.0,0.004553152696842032
2430.5,1215.25,0.004381986000948806,0.0,99.99999806267286,0.0,0.004554645512448023
2431.0,1215.5,0.00438104404481729,0.0,99.99999806137222,0.0,0.004556040004854939
2431.5,1215.75,0.0043801024935664215,0.0,99.99999806014294,0.0,0.004557392869611372
2432.0,1216.0,0.0043791492057507,0.0,99.99999799901803,0.0,0.0046427770015006874
2432.5,1216.25,0.004378190264867345,0.0,99.99999788348617,0.0,0.004411890355830271
2433.0,1216.5,0.004377231743867511,0.0,99.99999788529533,0.0,0.004410587106943136
2433.5,1216.75,0.0043762797050894515,0.0,99.99999891435746,0.0,0.003016813885109677
2434.0,1217.0,0.004375334140348641,0.0,99.99999786592447,0.0,0.004447951318213174
2434.5,1217.25,0.004374395041521442,0.0,99.99999862382397,0.0,0.00416005909880876
2435.0,1217.5,0.004373462400544917,0.0,99.99999777554763,0.0,0.004655007369838789
2435.5,1217.75,0.004372530157170243,0.0,99.99999702417962,0.0,0.005037949791031984
2436.0,1218.0,0.004371604360810276,0.0,99.99999748801216,0.0,0.004612702891335743
2436.5,1218.25,0.004370672909299198,0.0,99.9999983730557,0.0,0.003282476331526692
2437.0,1218.5,0.004369741854629658,0.0,99.99999837446335,0.0,0.003280604468919568
2437.5,1218.75,0.0043688111965481,0.0,99.9999983760684,0.0,0.0032784674737508963
2438.0,1219.0,0.004367874895435094,0.0,99.99999853512132,0.0,0.003196755433332026
2438.5,1219.25,0.004366938995562559,0.0,99.99999853558579,0.0,0.0031964842461736443
2439.0,1219.5,0.004366003496672633,0.0,99.99999853620079,0.0,0.0031960867927329412
2439.5,1219.75,0.004365068398507669,0.0,99.99999822883619,0.0,0.004030948627228421
2440.0,1220.0,0.004364133700810245,0.0,99.99999822995555,0.0,0.004029866660580813
2440.5,1220.25,0.004363193376896207,0.0,99.99999866922946,0.0,0.004680526847650734
2441.0,1220.5,0.0043622655057894266,0.0,99.9999985396929,0.0,0.0036661453390597677
2441.5,1220.75,0.004361338029238498,0.0,99.99999854430018,0.0,0.0036591140892910184
2442.0,1221.0,0.0043604169657350455,0.0,99.99999821687659,0.0,0.003907437383175532
2442.5,1221.25,0.004359496291185096,0.0,99.99999821544544,0.0,0.003909315356631337
2443.0,1221.5,0.004358582019021023,0.0,99.99999799207485,0.0,0.004307699095962733
2443.5,1221.75,0.004357668130258273,0.0,99.9999979894099,0.0,0.004310675824938304
2444.0,1222.0,0.004356748616018602,0.0,99.99999830021508,0.0,0.004056512250701221
2444.5,1222.25,0.004355829489751598,0.0,99.99999829657479,0.0,0.004061318696672172
2445.0,1222.5,0.004354904747659531,0.0,99.99999801896658,0.0,0.004334738231982744
2445.5,1222.75,0.004353980398129401,0.0,99.99999801663762,0.0,0.004337855873143686
2446.0,1223.0,0.004353056440911289,0.0,99.99999801444355,0.0,0.0043407746426103
2446.5,1223.25,0.004352132875755492,0.0,99.99999801238873,0.0,0.004343491002570988
2447.0,1223.5,0.004351209702412518,0.0,99.99999801047412,0.0,0.004346007712973916
2447.5,1223.75,0.004350286920633085,0.0,99.99999783885204,0.0,0.004650765583155297
2448.0,1224.0,0.0043493824950778595,0.0,99.99999757503373,0.0,0.0050527438323473926
2448.5,1224.25,0.004348478445504989,0.0,99.99999757633809,0.0,0.005050955118941389
2449.0,1224.5,0.004347574771680071,0.0,99.99999757807403,0.0,0.005048616474024468
2449.5,1224.75,0.004346671473368898,0.0,99.99999758016823,0.0,0.005045816030407111
2450.0,1225.0,0.004345768550337454,0.0,99.99999758249497,0.0,0.005042706517281116
2450.5,1225.25,0.004344866002351922,0.0,99.99999758489835,0.0,0.005039475419282001
2451.0,1225.5,0.004343969802603082,0.0,99.99999843953869,0.0,0.0037520311174202427
2451.5,1225.75,0.004343062030584286,0.0,99.99999870097996,0.0,0.003211036798141561
2452.0,1226.0,0.004342154637885746,0.0,99.99999869852635,0.0,0.003214468551319573
2452.5,1226.25,0.0043412476242697595,0.0,99.99999810229373,0.0,0.004316452739554157
2453.0,1226.5,0.004340346952963774,0.0,99.99999707359967,0.0,0.0056408844304189866
2453.5,1226.75,0.004339440694310511,0.0,99.99999797854677,0.0,0.0046043042720371975
2454.0,1227.0,0.004338528855543058,0.0,99.9999981240792,0.0,0.004782694918311334
2454.5,1227.25,0.004337617399901137,0.0,99.99999812665908,0.0,0.004781717644113057
2455.0,1227.5,0.004336700373678329,0.0,99.99999775217572,0.0,0.004766178948036385
2455.5,1227.75,0.004335789686063573,0.0,99.99999762493457,0.0,0.0048995071050673905
2456.0,1228.0,0.0043348853293154336,0.0,99.9999977574276,0.0,0.00456048443492274
2456.5,1228.25,0.004333981349749139,0.0,99.99999775071215,0.0,0.004566736068233934
2457.0,1228.5,0.004333071803622278,0.0,99.99999729600262,0.0,0.005024025007802194
2457.5,1228.75,0.004332162639177068,0.0,99.9999972908206,0.0,0.005029022491631642
2458.0,1229.0,0.004331259794693624,0.0,99.99999750606104,0.0,0.004766160075414009
2458.5,1229.25,0.004330357326446434,0.0,99.99999750058878,0.0,0.00477119953377941
2459.0,1229.5,0.0043294493006274205,0.0,99.9999977866188,0.0,0.004182936405854146
2459.5,1229.75,0.004328541655533587,0.0,99.99999795294394,0.0,0.004560592870706842
2460.0,1230.0,0.004327628462342509,0.0,99.99999850159053,0.0,0.004013075448658221
2460.5,1230.25,0.0043267156543832135,0.0,99.99999855514116,0.0,0.00392726666601093
2461.0,1230.5,0.004325797307845044,0.0,99.99999841491682,0.0,0.003877046840447437
2461.5,1230.75,0.004324879351062737,0.0,99.99999840013652,0.0,0.0038991873114133423
2462.0,1231.0,0.004323961783788223,0.0,99.99999839369418,0.0,0.003908871941813171
2462.5,1231.25,0.0043230446057736386,0.0,99.99999839054196,0.0,0.003913624960071893
2463.0,1231.5,0.004323496011711748,0.0,99.99999838893949,0.0,0.0039160482330076645
2463.5,1231.75,0.0043239472262309436,0.0,99.99999838817223,0.0,0.003917209520324849
2464.0,1232.0,0.004324398249452954,0.0,99.99999815451741,0.0,0.004532977993127838
2464.5,1232.25,0.004324843168033078,0.0,99.99999789437243,0.0,0.004415856425744971
2465.0,1232.5,0.004323920865276305,0.0,99.9999978245055,0.0,0.004340998908336169
2465.5,1232.75,0.004322998955810559,0.0,99.99999782888568,0.0,0.004335470626299798
2466.0,1233.0,0.004322077439384332,0.0,99.99999783392346,0.0,0.004329168693200864
2466.5,1233.25,0.004321162219134702,0.0,99.99999818015581,0.0,0.003884613141596867
2467.0,1233.5,0.004320235584645476,0.0,99.99999903402843,0.0,0.0033751633080269044
2467.5,1233.75,0.004319303449161129,0.0,99.99999858149629,0.0,0.004322144565303433
2468.0,1234.0,0.004318371715825747,0.0,99.9999985180442,0.0,0.004264395422602823
2468.5,1234.25,0.0043174403843791375,0.0,99.9999984996179,0.0,0.004290678967153352
2469.0,1234.5,0.004316515345259816,0.0,99.99999804391759,0.0,0.004482116659921626
2469.5,1234.75,0.004315590702446638,0.0,99.99999802330746,0.0,0.0045038457459073465
2470.0,1235.0,0.0043146664556849785,0.0,99.99999800122833,0.0,0.00452736418797037
2470.5,1235.25,0.0043137426047204315,0.0,99.99999797819088,0.0,0.004552098074141601
2471.0,1235.5,0.004312819149298809,0.0,99.99999795470379,0.0,0.004577467974004812
2471.5,1235.75,0.004313259319039414,0.0,99.99999881213569,0.0,0.003319334958475556
2472.0,1236.0,0.004313699300403839,0.0,99.9999988077292,0.0,0.003326304180569011
2472.5,1236.25,0.0043141390935129845,0.0,99.99999902806603,0.0,0.002756084132830795
2473.0,1236.5,0.00431457869848765,0.0,99.9999990273192,0.0,0.002755482790112204
2473.5,1236.75,0.004315018115448528,0.0,99.99999902672631,0.0,0.002754558074403716
2474.0,1237.0,0.00431545734451621,0.0,99.99999905083861,0.0,0.002558723408620645
2474.5,1237.25,0.004315890509806057,0.0,99.99999886223713,0.0,0.0032691064402388006
2475.0,1237.5,0.004316335239453836,0.0,99.99999876902875,0.0,0.0033761268042682103
2475.5,1237.75,0.004316773905564447,0.0,99.99999876630325,0.0,0.003344068883122837
2476.0,1238.0,0.004317212384263196,0.0,99.99999876542516,0.0,0.003345012201599674
2476.5,1238.25,0.004317650675670161,0.0,99.9999987645812,0.0,0.0033458990724170566
2477.0,1238.5,0.004318088779905315,0.0,99.99999876373205,0.0,0.0033467854125166507
2477.5,1238.75,0.00431852669708853,0.0,99.99999876284708,0.0,0.0033477129967451084
2478.0,1239.0,0.004317604979927759,0.0,99.99999855844581,0.0,0.0036554448428189686
2478.5,1239.25,0.004316677789088972,0.0,99.99999818418037,0.0,0.004611046488230575
2479.0,1239.5,0.004315768590010137,0.0,99.99999848376588,0.0,0.003665032257149608
2479.5,1239.75,0.0043148421876358575,0.0,99.9999987054985,0.0,0.003326253319463817
2480.0,1240.0,0.004313922042430194,0.0,99.99999804752461,0.0,0.004143885396199842
2480.5,1240.25,0.004312996432543568,0.0,99.99999818562392,0.0,0.003822278565403273
2481.0,1240.5,0.0043120770743045825,0.0,99.99999874668,0.0,0.003747375209837009
2481.5,1240.75,0.004311158107922839,0.0,99.99999874672672,0.0,0.0037475988938993187
2482.0,1241.0,0.004310233683607677,0.0,99.99999849019362,0.0,0.0038982027518984787
2482.5,1241.25,0.00430930965564871,0.0,99.99999848879307,0.0,0.003901284374971091
2483.0,1241.5,0.004308386023791081,0.0,99.99999848748145,0.0,0.003904169279965031
2483.5,1241.75,0.004307462787780152,0.0,99.99999828382016,0.0,0.004434422799984134
2484.0,1242.0,0.004306545786880222,0.0,99.99999811037765,0.0,0.004653238839235515
2484.5,1242.25,0.004305629176331512,0.0,99.99999810996123,0.0,0.004654008000541944
2485.0,1242.5,0.004304718790449922,0.0,99.99999789116447,0.0,0.004906136808229765
2485.5,1242.75,0.004303808789472472,0.0,99.99999788957201,0.0,0.004908252130610095
2486.0,1243.0,0.0043028991731551116,0.0,99.99999788805941,0.0,0.004910241193237838
2486.5,1243.25,0.004301995768439931,0.0,99.99999739425269,0.0,0.005381345072025055
2487.0,1243.5,0.004301086918249555,0.0,99.99999775311353,0.0,0.005296966214737516
2487.5,1243.75,0.0043001726297261615,0.0,99.9999983662347,0.0,0.004064163390211634
2488.0,1244.0,0.004299258729823535,0.0,99.99999829592664,0.0,0.004245624128171475
2488.5,1244.25,0.004298345218293952,0.0,99.99999829481581,0.0,0.004247110500205163
2489.0,1244.5,0.004297432094889898,0.0,99.9999982937111,0.0,0.004248574038770939
2489.5,1244.75,0.004296530984130163,0.0,99.99999856459141,0.0,0.003922990993004743
2490.0,1245.0,0.004295624441237453,0.0,99.9999983593954,0.0,0.004120566811754978
2490.5,1245.25,0.004294724088317701,0.0,99.99999849696549,0.0,0.0038668523104367788
2491.0,1245.5,0.004293818307673172,0.0,99.9999986652034,0.0,0.0034745469885065455
2491.5,1245.75,0.0042929129090161985,0.0,99.99999848821082,0.0,0.0036909061279614516
2492.0,1246.0,0.004292007892105192,0.0,99.99999848449612,0.0,0.003695546013005276
2492.5,1246.25,0.004291103256698769,0.0,99.99999848111142,0.0,0.003699717369498573
2493.0,1246.5,0.004290199002555748,0.0,99.9999987739501,0.0,0.0033745855050693625
2493.5,1246.75,0.004289295129435153,0.0,99.99999877741669,0.0,0.003369800239029691
2494.0,1247.0,0.004288397427501644,0.0,99.99999761181346,0.0,0.004837108357929093
2494.5,1247.25,0.004287500101247641,0.0,99.99999761114239,0.0,0.004837354631206087
2495.0,1247.5,0.004286603150437366,0.0,99.99999779329592,0.0,0.004594655621528009
2495.5,1247.75,0.004285718141164215,0.0,99.99999762257328,0.0,0.0045935804772997595
2496.0,1248.0,0.004284833497252499,0.0,99.99999762958443,0.0,0.004586866454469428
2496.5,1248.25,0.004283954996890896,0.0,99.9999975971633,0.0,0.004692171197827567
2497.0,1248.5,0.004283076856685497,0.0,99.99999759396523,0.0,0.004694877224264563
2497.5,1248.75,0.004282187529072628,0.0,99.99999778349024,0.0,0.004762064774738013
2498.0,1249.0,0.004281292799447853,0.0,99.99999771131493,0.0,0.00474517442424112
2498.5,1249.25,0.0042803984436385,0.0,99.99999771113426,0.0,0.0047452322660185104
2499.0,1249.5,0.004279487162212236,0.0,99.99999837682101,0.0,0.003919220694639167
2499.5,1249.75,0.004278576268720455,0.0,99.99999781484082,0.0,0.004466426715696346
2500.0,1250.0,0.004277671524391886,0.0,99.99999771158703,0.0,0.004590045269941565
2500.5,1250.25,0.004276767162615453,0.0,99.99999754934734,0.0,0.004551947777046435
2501.0,1250.5,0.004275863183148576,0.0,99.99999754900288,0.0,0.0045520905978295115
2501.5,1250.75,0.004274959585748878,0.0,99.99999810350998,0.0,0.003848998923732243
2502.0,1251.0,0.004274050618431978,0.0,99.99999782964345,0.0,0.00428478583595672
2502.5,1251.25,0.004273153536182551,0.0,99.99999815451126,0.0,0.0038082899736337984
2503.0,1251.5,0.004272262577347323,0.0,99.99999787875973,0.0,0.0042215213823103325
2503.5,1251.75,0.004271371989967117,0.0,99.99999790173325,0.0,0.004197010760218964
2504.0,1252.0,0.004270481773809684,0.0,99.9999979314585,0.0,0.00416528273440438
2504.5,1252.25,0.004269591928642966,0.0,99.99999796687989,0.0,0.004127540010262537
2505.0,1252.5,0.004268702454235101,0.0,99.9999979991104,0.0,0.004093273221302377
2505.5,1252.75,0.0042678190853214434,0.0,99.99999808065284,0.0,0.004471429708794627
2506.0,1253.0,0.004266936081942369,0.0,99.99999807670751,0.0,0.004476485924678836
2506.5,1253.25,0.00426604198344088,0.0,99.9999979425439,0.0,0.004353878426904087
2507.0,1253.5,0.004265148259561667,0.0,99.99999794213966,0.0,0.004353905324766156
2507.5,1253.75,0.0042642549100693344,0.0,99.99999794198628,0.0,0.004353672454066821
2508.0,1254.0,0.004263367657738563,0.0,99.99999804125716,0.0,0.004472005045389036
2508.5,1254.25,0.00426247505391843,0.0,99.99999795612553,0.0,0.004513746478698593
2509.0,1254.5,0.004261582823781672,0.0,99.99999795552887,0.0,0.0045141674156481395
2509.5,1254.75,0.004260696682934944,0.0,99.99999791173518,0.0,0.004362761849592692
2510.0,1255.0,0.004259816624014851,0.0,99.99999805331679,0.0,0.0042114874621639615
2510.5,1255.25,0.004258948350864395,0.0,99.99999876015208,0.0,0.003274957383351313
2511.0,1255.5,0.00425808043159989,0.0,99.99999873372408,0.0,0.0033125301900631563
2511.5,1255.75,0.004257207159507204,0.0,99.9999972474723,0.0,0.004949372802001816
2512.0,1256.0,0.004256328541389981,0.0,99.99999775226799,0.0,0.004939194057203728
2512.5,1256.25,0.004255455987651674,0.0,99.99999847668172,0.0,0.004051752683737953
2513.0,1256.5,0.004254583791589695,0.0,99.99999848543317,0.0,0.004037805465325237
2513.5,1256.75,0.0042537119529841615,0.0,99.99999857051087,0.0,0.0039042128315128254
2514.0,1257.0,0.004252851861225266,0.0,99.99999793452722,0.0,0.003413706292493874
2514.5,1257.25,0.0042519921172136065,0.0,99.99999796282758,0.0,0.0033880576628104145
2515.0,1257.5,0.004251144101202929,0.0,99.99999699024664,0.0,0.004741661320869887
2515.5,1257.75,0.0042502964233809126,0.0,99.99999698731644,0.0,0.004744794430568138
2516.0,1258.0,0.004249449083545293,0.0,99.99999698445048,0.0,0.004747869618800373
2516.5,1258.25,0.004248607764946043,0.0,99.99999863973738,0.0,0.0034866087207684666
2517.0,1258.5,0.00424777246063187,0.0,99.99999721258519,0.0,0.005770867918146101
2517.5,1258.75,0.00424693748470581,0.0,99.99999721330255,0.0,0.005769116441486961
2518.0,1259.0,0.004246085806762988,0.0,99.99999878042951,0.0,0.003089543728921012
2518.5,1259.25,0.004245234470341503,0.0,99.99999877960818,0.0,0.003091386508574102
2519.0,1259.5,0.004244383475235974,0.0,99.99999877895692,0.0,0.0030928950921857382
2519.5,1259.75,0.00424353282124118,0.0,99.99999877843496,0.0,0.0030941381833488363
2520.0,1260.0,0.004242682508152068,0.0,99.99999877797096,0.0,0.003095244034090866
2520.5,1260.25,0.004241826870423942,0.0,99.99999837798451,0.0,0.0036774862359963403
2521.0,1260.5,0.004240971577745582,0.0,99.99999839174373,0.0,0.003661329370652914
2521.5,1260.75,0.004240110969151056,0.0,99.99999826792487,0.0,0.004497696936653545
2522.0,1261.0,0.004239245051322094,0.0,99.99999848163407,0.0,0.004006166848140626
2522.5,1261.25,0.004238379487097364,0.0,99.99999848124315,0.0,0.004005088365671989
2523.0,1261.5,0.004237514276260314,0.0,99.99999848085945,0.0,0.004003907042771431
2523.5,1261.75,0.004236649418594569,0.0,99.99999848049671,0.0,0.004002624717763183
2524.0,1262.0,0.004235779264686858,0.0,99.99999906676751,0.0,0.0031707730814143488
2524.5,1262.25,0.004234926408819741,0.0,99.99999766887979,0.0,0.005711030973909177
2525.0,1262.5,0.0042340682516870945,0.0,99.9999978941603,0.0,0.005546825166196635
2525.5,1262.75,0.0042332047999424196,0.0,99.99999831475172,0.0,0.004918926006453417
2526.0,1263.0,0.0042323417002926396,0.0,99.99999832053604,0.0,0.004910095685360151
2526.5,1263.25,0.004231473314805094,0.0,99.9999984554333,0.0,0.004698565624333254
2527.0,1263.5,0.004230605285592498,0.0,99.99999846117088,0.0,0.004689495250889176
2527.5,1263.75,0.004229743245528871,0.0,99.99999762280409,0.0,0.005770772114996421
2528.0,1264.0,0.004228881556697105,0.0,99.9999976474516,0.0,0.005740213646918285
2528.5,1264.25,0.004228014590377805,0.0,99.99999834075093,0.0,0.004367434772100623
2529.0,1264.5,0.00422715360565821,0.0,99.99999817705874,0.0,0.0042890412668619565
2529.5,1264.75,0.00422629297152575,0.0,99.9999981862864,0.0,0.004274908637933452
2530.0,1265.0,0.004225421444546,0.0,99.99999756298264,0.0,0.0052688983050800465
2530.5,1265.25,0.004224550276936829,0.0,99.99999729368926,0.0,0.00567779302823635
2531.0,1265.5,0.00422370193643967,0.0,99.99999689726216,0.0,0.006025721555023886
2531.5,1265.75,0.004222842707086823,0.0,99.99999841555287,0.0,0.003714320457061547
2532.0,1266.0,0.0042219782148051055,0.0,99.99999710871619,0.0,0.005683946277000596
2532.5,1266.25,0.004222443142550318,0.0,99.9999971118753,0.0,0.005682492925195501
2533.0,1266.5,0.0042229134913980395,0.0,99.99999818586741,0.0,0.0039627063994904545
2533.5,1266.75,0.004223383649035357,0.0,99.99999818928357,0.0,0.003959406222142514
2534.0,1267.0,0.004222525359724892,0.0,99.99999812108592,0.0,0.003943086571008309
2534.5,1267.25,0.004221661812884368,0.0,99.99999719586518,0.0,0.005607830906861886
2535.0,1267.5,0.004220798619178809,0.0,99.99999720184776,0.0,0.005602708577034789
2535.5,1267.75,0.004219935778391646,0.0,99.99999720835095,0.0,0.005596951382832754
2536.0,1268.0,0.004219078889741228,0.0,99.99999780615695,0.0,0.005279054059626704
2536.5,1268.25,0.0042182223490151065,0.0,99.99999781333521,0.0,0.0052708167723420855
2537.0,1268.5,0.004217366156001422,0.0,99.99999782041861,0.0,0.0052626580139421945
2537.5,1268.75,0.0042165047178695444,0.0,99.99999737286217,0.0,0.005835255723784395
2538.0,1269.0,0.004215643631580064,0.0,99.99999738124828,0.0,0.005826996309731465
2538.5,1269.25,0.0042147884849698175,0.0,99.99999788192109,0.0,0.0046801404495381265
2539.0,1269.5,0.004213939271024296,0.0,99.99999803611811,0.0,0.004430198297371945
2539.5,1269.75,0.004213095982781836,0.0,99.99999666824073,0.0,0.0065095998925408655
2540.0,1270.0,0.004212253031987418,0.0,99.99999678382821,0.0,0.006366624326700613
2540.5,1270.25,0.004211410418438533,0.0,99.9999968425699,0.0,0.006295516292640544
2541.0,1270.5,0.004210556988213355,0.0,99.99999800409314,0.0,0.004485674004495744
2541.5,1270.75,0.004209698329230456,0.0,99.99999855776753,0.0,0.003955124241410761
2542.0,1271.0,0.004208840020388844,0.0,99.99999857378847,0.0,0.0039312774957177285
2542.5,1271.25,0.00420797092145165,0.0,99.99999845431829,0.0,0.003915433078058433
2543.0,1271.5,0.004207102181367262,0.0,99.9999984527452,0.0,0.0039174970889515135
2543.5,1271.75,0.004206233799913467,0.0,99.99999845135567,0.0,0.003919318281428047
2544.0,1272.0,0.004206699764662928,0.0,99.99999851219313,0.0,0.0038486608844792818
2544.5,1272.25,0.004207171103969104,0.0,99.9999983711138,0.0,0.0041303559729791335
2545.0,1272.5,0.004207642252556387,0.0,99.99999837129884,0.0,0.004129818303012891
2545.5,1272.75,0.004208090957165521,0.0,99.9999988131406,0.0,0.0033694979794223106
2546.0,1273.0,0.004208539475545134,0.0,99.99999881223646,0.0,0.0033716243939621512
2546.5,1273.25,0.004208993370009502,0.0,99.9999982127729,0.0,0.004297637066990579
2547.0,1273.5,0.004209452639033491,0.0,99.99999886744844,0.0,0.0034330770189645527
2547.5,1273.75,0.004209906158853616,0.0,99.99999781820338,0.0,0.003973345240716761
2548.0,1274.0,0.004210359491798515,0.0,99.99999781631286,0.0,0.003974554819239076
2548.5,1274.25,0.004210812637983669,0.0,99.99999781457434,0.0,0.003975607476590375
2549.0,1274.5,0.004211265597524463,0.0,99.99999781296769,0.0,0.003976523870453884
2549.5,1274.75,0.004211712811605374,0.0,99.99999806703374,0.0,0.0038279731652362385
2550.0,1275.0,0.0042121598403813115,0.0,99.99999806602973,0.0,0.0038287447787435746
2550.5,1275.25,0.004211287358353904,0.0,99.99999777610033,0.0,0.004208834053270261
2551.0,1275.5,0.004210415237693241,0.0,99.99999854989383,0.0,0.003669980593424711
2551.5,1275.75,0.004210862257460005,0.0,99.99999854394008,0.0,0.0036772078912348924
2552.0,1276.0,0.004211297986909904,0.0,99.99999866535359,0.0,0.003739399023189998
2552.5,1276.25,0.004211755741895171,0.0,99.9999986726489,0.0,0.0036654117650349273
2553.0,1276.5,0.004212213309856,0.0,99.99999867561188,0.0,0.0036615593000048244
2553.5,1276.75,0.004212654037928381,0.0,99.99999818028445,0.0,0.004645866383237114
2554.0,1277.0,0.00421309458252422,0.0,99.99999818083549,0.0,0.0046445509213970315
2554.5,1277.25,0.004213534943758068,0.0,99.99999818157683,0.0,0.004642980938872525
2555.0,1277.5,0.004213975121744375,0.0,99.99999818244783,0.0,0.004641253311515916
2555.5,1277.75,0.004214415116597502,0.0,99.99999769613348,0.0,0.005652215615503443
2556.0,1278.0,0.0042148549284317105,0.0,99.99999769625605,0.0,0.00565255179857993
2556.5,1278.25,0.004215294557361171,0.0,99.99999769634653,0.0,0.005652855296558544
2557.0,1278.5,0.004215745097420027,0.0,99.99999801892989,0.0,0.005137241536319298
2557.5,1278.75,0.004216195452560237,0.0,99.99999801753694,0.0,0.005139137295514045
2558.0,1279.0,0.004216645622895623,0.0,99.99999801623011,0.0,0.005140860865115594
2558.5,1279.25,0.004217095608539914,0.0,99.9999980149809,0.0,0.005142453049342624
2559.0,1279.5,0.004217550954404961,0.0,99.9999977847857,0.0,0.005178490997344499
2559.5,1279.75,0.004218006114728715,0.0,99.9999977875047,0.0,0.005175271315092568
2560.0,1280.0,0.004218461089624557,0.0,99.99999779060472,0.0,0.005171637753524257
2560.5,1280.25,0.0042189214224242705,0.0,99.99999795954653,0.0,0.004983385472876624
2561.0,1280.5,0.004219376026272578,0.0,99.99999773249199,0.0,0.005289411716489738
2561.5,1280.75,0.004219835987202589,0.0,99.99999880668584,0.0,0.004099559103964741
2562.0,1281.0,0.00422029576210873,0.0,99.99999880678774,0.0,0.004099652652946464
2562.5,1281.25,0.00422075535110383,0.0,99.9999988067677,0.0,0.0040999332621567425
2563.0,1281.5,0.004221209213681653,0.0,99.9999986149522,0.0,0.004335024141448942
2563.5,1281.75,0.004220350593552417,0.0,99.99999900184623,0.0,0.0034303808580170795
2564.0,1282.0,0.004219492322649464,0.0,99.99999900229031,0.0,0.0034304081968487454
2564.5,1282.25,0.004218639934621575,0.0,99.99999771072045,0.0,0.0038230848405075386
2565.0,1282.5,0.00421778789090933,0.0,99.99999771022877,0.0,0.003824308660218404
2565.5,1282.75,0.004218269552275991,0.0,99.9999976310916,0.0,0.004689594164282386
2566.0,1283.0,0.004218734432109577,0.0,99.99999857680247,0.0,0.003881109778562754
2566.5,1283.25,0.004219193595319172,0.0,99.99999838906344,0.0,0.003923177273477799
2567.0,1283.5,0.004219647043560648,0.0,99.9999977797644,0.0,0.0054338046277965235
2567.5,1283.75,0.00422010583674309,0.0,99.99999766894055,0.0,0.0058988389259690705
2568.0,1284.0,0.004220564444822866,0.0,99.99999766866453,0.0,0.005899238438686508
2568.5,1284.25,0.004221022867911975,0.0,99.9999976684199,0.0,0.00589958160469043
2569.0,1284.5,0.004220171713719682,0.0,99.99999789951715,0.0,0.005337848855317881
2569.5,1284.75,0.004219315379096912,0.0,99.99999790898453,0.0,0.005185043083802597
2570.0,1285.0,0.00421845387055904,0.0,99.99999775983393,0.0,0.005452983259624994
2570.5,1285.25,0.004217592713758538,0.0,99.99999775905307,0.0,0.005453641605030964
2571.0,1285.5,0.00421673190848004,0.0,99.99999775815367,0.0,0.005454433304777606
2571.5,1285.75,0.004215871454508353,0.0,99.99999775711603,0.0,0.005455391327269131
2572.0,1286.0,0.004215011351628462,0.0,99.99999773863648,0.0,0.005472620755629522
2572.5,1286.25,0.004214151599625525,0.0,99.99999817707416,0.0,0.004340882831932429
2573.0,1286.5,0.0042132866904325845,0.0,99.999998505382,0.0,0.003970378733898612
2573.5,1286.75,0.0042124276417855044,0.0,99.9999974580558,0.0,0.005321406858078561
2574.0,1287.0,0.004211568943370536,0.0,99.99999744723456,0.0,0.00533317715434126
2574.5,1287.25,0.004210710594973538,0.0,99.9999974374134,0.0,0.005343839957154205
2575.0,1287.5,0.004209885589860746,0.0,99.99999711517363,0.0,0.005056747026018878
2575.5,1287.75,0.004209049914395526,0.0,99.99999789980306,0.0,0.004755868542394597
2576.0,1288.0,0.0042095202530934885,0.0,99.99999788786965,0.0,0.004775438589440953
2576.5,1288.25,0.004209990405138146,0.0,99.99999787572747,0.0,0.004795240661781494
2577.0,1288.5,0.004210460370640588,0.0,99.99999786347725,0.0,0.004815118750772206
2577.5,1288.75,0.004210924654852937,0.0,99.99999716819902,0.0,0.005283704384302573
2578.0,1289.0,0.004211388753713341,0.0,99.99999717296372,0.0,0.0052770901952874875
2578.5,1289.25,0.004211852667332772,0.0,99.99999818847792,0.0,0.003889760378301647
2579.0,1289.5,0.004212316395822113,0.0,99.99999784458691,0.0,0.004094800899712228
2579.5,1289.75,0.0042127799392921595,0.0,99.99999784608184,0.0,0.004093131664315423
2580.0,1290.0,0.004213243297853619,0.0,99.99999784754554,0.0,0.004091495157711328
2580.5,1290.25,0.004213706471617109,0.0,99.99999784895851,0.0,0.004089902328848857
2581.0,1290.5,0.004214174952111648,0.0,99.9999967278676,0.0,0.005954468943733575
2581.5,1290.75,0.004214637756119042,0.0,99.99999828630871,0.0,0.0038487652391237907
2582.0,1291.0,0.004215100375659749,0.0,99.99999828763974,0.0,0.0038455171225742634
2582.5,1291.25,0.004215562810844037,0.0,99.99999686841282,0.0,0.005930420447013657
2583.0,1291.5,0.004216025061782085,0.0,99.99999686044377,0.0,0.0059407217420349
2583.5,1291.75,0.004216487128583982,0.0,99.99999685281429,0.0,0.005950665282723939
2584.0,1292.0,0.004216954499841864,0.0,99.99999666771224,0.0,0.006245581754730875
2584.5,1292.25,0.004217443638374703,0.0,99.99999679935883,0.0,0.004946804283251065
2585.0,1292.5,0.004217932588538204,0.0,99.99999679585714,0.0,0.004955330812553202
2585.5,1292.75,0.004218421350441159,0.0,99.999996792097,0.0,0.004964411806743612
2586.0,1293.0,0.0042189099241922755,0.0,99.999996787895,0.0,0.0049742115232233675
2586.5,1293.25,0.004219403796293166,0.0,99.99999809149247,0.0,0.004683293729267842
2587.0,1293.5,0.00421989747963178,0.0,99.99999808398032,0.0,0.00469892011781233
2587.5,1293.75,0.004220385488736757,0.0,99.99999819825004,0.0,0.0045158838684553415
2588.0,1294.0,0.004220873310123728,0.0,99.99999818974273,0.0,0.004533433238966696
2588.5,1294.25,0.004221360943900985,0.0,99.99999791671426,0.0,0.0037394776970711835
2589.0,1294.5,0.004221848390176733,0.0,99.99999809694648,0.0,0.0035761414673840374
2589.5,1294.75,0.004222346616862631,0.0,99.99999762643742,0.0,0.003993304674459089
2590.0,1295.0,0.0042215406350880015,0.0,99.99999862707189,0.0,0.003120856856108877
2590.5,1295.25,0.00422072400152159,0.0,99.99999731846115,0.0,0.004632864842935186
2591.0,1295.5,0.0042198967287038645,0.0,99.99999763634408,0.0,0.0049184285899901235
2591.5,1295.75,0.004219069780117812,0.0,99.9999976311538,0.0,0.004929061427892545
2592.0,1296.0,0.004218243155572856,0.0,99.99999762577237,0.0,0.004939934076103894
2592.5,1296.25,0.004217416854878569,0.0,99.99999762012732,0.0,0.004951212857635827
2593.0,1296.5,0.004216569002057052,0.0,99.99999630459845,0.0,0.005717978764074662
2593.5,1296.75,0.00421572149006498,0.0,99.999996304482,0.0,0.0057173865425079054
2594.0,1297.0,0.004214863389678447,0.0,99.99999811190038,0.0,0.003854617992948858
2594.5,1297.25,0.004214016563120161,0.0,99.99999815514342,0.0,0.003835416579555001
2595.0,1297.5,0.004213170076772746,0.0,99.9999981545225,0.0,0.003835431935133165
2595.5,1297.75,0.004212323930431222,0.0,99.99999815347303,0.0,0.0038358258491192738
2596.0,1298.0,0.004211478123890779,0.0,99.99999815208331,0.0,0.0038365218211917546
2596.5,1298.25,0.004210627203423418,0.0,99.99999790520391,0.0,0.004154074020787578
2597.0,1298.5,0.004209776626740045,0.0,99.99999790562946,0.0,0.004153269744165227
2597.5,1298.75,0.0042089263936323645,0.0,99.99999790614697,0.0,0.004152384295939135
2598.0,1299.0,0.004208076503892245,0.0,99.9999979067864,0.0,0.0041513929619179475
2598.5,1299.25,0.004207226957311723,0.0,99.9999984659641,0.0,0.003417001459024439
2599.0,1299.5,0.004206383196204293,0.0,99.99999816974353,0.0,0.0036978168927397892
2599.5,1299.75,0.0042055452138153,0.0,99.99999664577592,0.0,0.004897694178819022
2600.0,1300.0,0.004204707565240222,0.0,99.99999664427803,0.0,0.004899374337277236
2600.5,1300.25,0.004203870250279633,0.0,99.99999664295774,0.0,0.0049009121849437395
2601.0,1300.5,0.004203033268734268,0.0,99.99999664173892,0.0,0.004902358135132315
2601.5,1300.75,0.004202196620405019,0.0,99.99999741146041,0.0,0.003956332600814367
2602.0,1301.0,0.004201360305092938,0.0,99.9999974111021,0.0,0.003957482083192602
2602.5,1301.25,0.004200518895228645,0.0,99.9999974292559,0.0,0.003968932884671749
2603.0,1301.5,0.004199677822316553,0.0,99.99999820183868,0.0,0.003529677675938608
2603.5,1301.75,0.004198831663142885,0.0,99.99999897310155,0.0,0.002585288993949334
2604.0,1302.0,0.004197985844872091,0.0,99.99999897365866,0.0,0.0025831291151159463
2604.5,1302.25,0.004197134948668691,0.0,99.99999840179996,0.0,0.0026212088303341438
2605.0,1302.5,0.004196284397334308,0.0,99.99999840242164,0.0,0.0026206221435876747
2605.5,1302.75,0.0041954341906593196,0.0,99.99999753473527,0.0,0.0045438696764375066
2606.0,1303.0,0.004194584328434276,0.0,99.99999753281365,0.0,0.004547012925093829
2606.5,1303.25,0.004193734810449895,0.0,99.99999753076749,0.0,0.0045503039875257984
2607.0,1303.5,0.004192885636497064,0.0,99.99999752866215,0.0,0.004553636048115663
2607.5,1303.75,0.004192036806366841,0.0,99.99999860830101,0.0,0.0037490371782929167
2608.0,1304.0,0.004192472114645806,0.0,99.99999801826823,0.0,0.004582718635370774
2608.5,1304.25,0.004192923458846063,0.0,99.99999746451097,0.0,0.004620049116819984
2609.0,1304.5,0.004193380026675774,0.0,99.99999751944466,0.0,0.0040932467636622845
2609.5,1304.75,0.004193836413322871,0.0,99.99999725983236,0.0,0.004026205654470361
2610.0,1305.0,0.004194292618895186,0.0,99.99999726159517,0.0,0.004025676856406662
2610.5,1305.25,0.004194748643500458,0.0,99.99999726428224,0.0,0.004024204380910245
2611.0,1305.5,0.004195204487246347,0.0,99.99999726769644,0.0,0.004021996621823346
2611.5,1305.75,0.004195665551770573,0.0,99.99999859161736,0.0,0.003186255382515662
2612.0,1306.0,0.0041961210336359,0.0,99.99999834961086,0.0,0.0035214454596505526
2612.5,1306.25,0.0041965763349642625,0.0,99.9999983499717,0.0,0.00352104922273511
2613.0,1306.5,0.00419700985563933,0.0,99.99999826896048,0.0,0.0035533624885727365
2613.5,1306.75,0.004197443200090561,0.0,99.99999827498685,0.0,0.003545864396564303
2614.0,1307.0,0.0041978763684253845,0.0,99.99999915347155,0.0,0.002695812702343443
2614.5,1307.25,0.004197028904722043,0.0,99.99999817481672,0.0,0.0039508601492871595
2615.0,1307.5,0.004196181783120139,0.0,99.99999817616681,0.0,0.003949199487331683
2615.5,1307.75,0.004195340395832423,0.0,99.9999985762506,0.0,0.0033520733732885937
2616.0,1308.0,0.004194499345894557,0.0,99.99999857651292,0.0,0.0033517136046529875
2616.5,1308.25,0.004193664021215006,0.0,99.99999829407199,0.0,0.004475930597067709
2617.0,1308.5,0.004192829029175102,0.0,99.99999850003631,0.0,0.0040200822289218514
2617.5,1308.75,0.0041919836019464985,0.0,99.99999887419732,0.0,0.003330347399792519
2618.0,1309.0,0.004191133133963459,0.0,99.9999982078392,0.0,0.00491306842196155
2618.5,1309.25,0.004190288390436283,0.0,99.9999987523491,0.0,0.0039737971777729355
2619.0,1309.5,0.004189443987364924,0.0,99.99999876518343,0.0,0.003941262467438271
2619.5,1309.75,0.004188599924543604,0.0,99.99999878300989,0.0,0.0038981980820388374
2620.0,1310.0,0.00418775620176671,0.0,99.99999880644586,0.0,0.0038434952005979993
2620.5,1310.25,0.004186912818828793,0.0,99.99999883455185,0.0,0.0037794778140983823
2621.0,1310.5,0.004186069775524573,0.0,99.99999886290568,0.0,0.0037158119257945823
2621.5,1310.75,0.004185227071648933,0.0,99.99999888323231,0.0,0.0036697843260866886
2622.0,1311.0,0.004184379342703745,0.0,99.99999870903567,0.0,0.004455885493184157
2622.5,1311.25,0.004183531957108543,0.0,99.99999870690056,0.0,0.004458544301403306
2623.0,1311.5,0.0041826849146547745,0.0,99.99999870469989,0.0,0.00446131052123722
2623.5,1311.75,0.004181838215134052,0.0,99.99999867380853,0.0,0.00394606245636568
2624.0,1312.0,0.004180991858338159,0.0,99.9999986806121,0.0,0.00393129512488231
2624.5,1312.25,0.004180145844059045,0.0,99.99999868745746,0.0,0.003916232801840158
2625.0,1312.5,0.0041793001720888305,0.0,99.9999986942833,0.0,0.0039010013509787732
2625.5,1312.75,0.004178454842219804,0.0,99.99999870101547,0.0,0.0038857697454159693
2626.0,1313.0,0.0041776098542444205,0.0,99.9999987075736,0.0,0.003870735816970697
2626.5,1313.25,0.004176765207955305,0.0,99.9999990082689,0.0,0.003562682818124969
2627.0,1313.5,0.004175920903145247,0.0,99.99999899925899,0.0,0.003581287087873114
2627.5,1313.75,0.004175076939607205,0.0,99.99999852228545,0.0,0.003962763228319293
2628.0,1314.0,0.004174233317134307,0.0,99.9999985123273,0.0,0.003979088075596271
2628.5,1314.25,0.004173395371673846,0.0,99.99999771810201,0.0,0.005222136690817257
2629.0,1314.5,0.004172547094557281,0.0,99.99999794507957,0.0,0.004027825037405724
2629.5,1314.75,0.004171699162209314,0.0,99.99999794893922,0.0,0.004020884879831687
2630.0,1315.0,0.0041708515744198,0.0,99.99999772749771,0.0,0.004237160673769621
2630.5,1315.25,0.004170009658478253,0.0,99.99999749134959,0.0,0.0046978283335093315
2631.0,1315.5,0.0041691680823615065,0.0,99.99999749274956,0.0,0.004695205718186112
2631.5,1315.75,0.0041683268458638555,0.0,99.9999974934953,0.0,0.004693409313131547
2632.0,1316.0,0.004167501912020255,0.0,99.99999752988408,0.0,0.006127133109182478
2632.5,1316.25,0.0041666773046295565,0.0,99.99999751869312,0.0,0.0061454321331899835
2633.0,1316.5,0.004165847706614049,0.0,99.99999790773549,0.0,0.003931690326947418
2633.5,1316.75,0.004165018438883714,0.0,99.99999791322931,0.0,0.003665079921036311
2634.0,1317.0,0.004164189501241347,0.0,99.99999791328747,0.0,0.0036641959257550628
2634.5,1317.25,0.0041633608934899015,0.0,99.99999791331022,0.0,0.003663323586807748
2635.0,1317.5,0.004162532615432488,0.0,99.99999791336623,0.0,0.003662403019521506
2635.5,1317.75,0.004161699360572234,0.0,99.99999872171182,0.0,0.0031793855461581685
2636.0,1318.0,0.0041608664392467605,0.0,99.99999797444072,0.0,0.0039172500994608984
2636.5,1318.25,0.004160033851255848,0.0,99.99999797212378,0.0,0.0039195058209953604
2637.0,1318.5,0.004159201596399436,0.0,99.99999796983197,0.0,0.003921710081192927
2637.5,1318.75,0.004158369674477624,0.0,99.99999796756867,0.0,0.003923866628877765
2638.0,1319.0,0.004157538085290671,0.0,99.99999857947837,0.0,0.002870468613962552
2638.5,1319.25,0.004156728003025853,0.0,99.99999739602188,0.0,0.0036418189965115805
2639.0,1319.5,0.004155918236383129,0.0,99.99999739628385,0.0,0.0036417409704392685
2639.5,1319.75,0.004155114074685121,0.0,99.99999754147288,0.0,0.0035318679589259857
2640.0,1320.0,0.004154304936673577,0.0,99.99999723263092,0.0,0.003726711603715787
2640.5,1320.25,0.004153496113732497,0.0,99.99999723211165,0.0,0.003727253126861626
2641.0,1320.5,0.004152687605677884,0.0,99.99999723126398,0.0,0.0037280165544592955
2641.5,1320.75,0.004151863568542001,0.0,99.99999785721376,0.0,0.00339751930038928
2642.0,1321.0,0.004151034579237197,0.0,99.99999764443339,0.0,0.0037568826152029446
2642.5,1321.25,0.004150200643891423,0.0,99.99999852710279,0.0,0.003053504504286986
2643.0,1321.5,0.004150638295708507,0.0,99.99999843635898,0.0,0.003506083710483068
2643.5,1321.75,0.004151075771749299,0.0,99.99999843587644,0.0,0.0035069952567128204
2644.0,1322.0,0.004151518347627077,0.0,99.99999833397838,0.0,0.0035626796234920276
2644.5,1322.25,0.004151960746946378,0.0,99.99999833231308,0.0,0.003564749940633866
2645.0,1322.5,0.004151132733358314,0.0,99.99999868409557,0.0,0.0028569901008921902
2645.5,1322.75,0.0041503050499611385,0.0,99.99999868169394,0.0,0.002859662771828498
2646.0,1323.0,0.004149482965280458,0.0,99.99999863901083,0.0,0.002760562029789057
2646.5,1323.25,0.004148655939572821,0.0,99.99999853912325,0.0,0.0030959117232516303
2647.0,1323.5,0.004147829243465392,0.0,99.99999853781152,0.0,0.0030972913967281497
2647.5,1323.75,0.004147002876761175,0.0,99.99999853645475,0.0,0.0030987161053374567
2648.0,1324.0,0.00414617683926333,0.0,99.99999853506793,0.0,0.003100180280433452
2648.5,1324.25,0.004145351130775173,0.0,99.99999853367187,0.0,0.0031016702924142182
2649.0,1324.5,0.004144531007255466,0.0,99.9999985467793,0.0,0.003060823847327861
2649.5,1324.75,0.004143716462270371,0.0,99.99999828995995,0.0,0.003253182250789965
2650.0,1325.0,0.004142902237395397,0.0,99.99999828853447,0.0,0.0032545088698998233
2650.5,1325.25,0.00414208833244188,0.0,99.99999846359854,0.0,0.0030906926392942026
2651.0,1325.5,0.004141274747221303,0.0,99.99999846286062,0.0,0.0030914367448322375
2651.5,1325.75,0.004140471973261775,0.0,99.99999697294626,0.0,0.0051786265656529685
2652.0,1326.0,0.00413966951047268,0.0,99.99999697298281,0.0,0.005177778946729828
2652.5,1326.25,0.004138867358673131,0.0,99.99999697335575,0.0,0.005176677757556536
2653.0,1326.5,0.004138060277913546,0.0,99.99999817168117,0.0,0.0035518957020918332
2653.5,1326.75,0.004137253511854725,0.0,99.9999981737268,0.0,0.003549863710825716
2654.0,1327.0,0.004136447060312638,0.0,99.99999817559994,0.0,0.0035479689446233894
2654.5,1327.25,0.004135635689472985,0.0,99.9999986019496,0.0,0.0033462440184581924
2655.0,1327.5,0.004134824636874336,0.0,99.99999860125051,0.0,0.0033467811952999594
2655.5,1327.75,0.004134019131855982,0.0,99.99999876115457,0.0,0.003062700867450109
2656.0,1328.0,0.004133224395636084,0.0,99.99999906469746,0.0,0.002514003366652757
2656.5,1328.25,0.004132440415975398,0.0,99.99999864358831,0.0,0.0029680817499975996
2657.0,1328.5,0.004131656733664911,0.0,99.99999864425348,0.0,0.0029668607254821856
2657.5,1328.75,0.004130873348535486,0.0,99.99999864500185,0.0,0.0029654989540403957
2658.0,1329.0,0.004130085040826927,0.0,99.99999867871729,0.0,0.0033605632935298385
2658.5,1329.25,0.0041292970339315005,0.0,99.99999867808502,0.0,0.0033615177721581057
2659.0,1329.5,0.004128504112081054,0.0,99.99999869911707,0.0,0.00374084064061107
2659.5,1329.75,0.004127711494691318,0.0,99.9999986990975,0.0,0.0037408955091338377
2660.0,1330.0,0.004126913970007893,0.0,99.99999808641995,0.0,0.004529442907894532
2660.5,1330.25,0.00412611675344811,0.0,99.99999809374972,0.0,0.004517593276240071
2661.0,1330.5,0.004125325052387083,0.0,99.99999822291049,0.0,0.004171962309851984
2661.5,1330.75,0.004124538860652934,0.0,99.99999867185015,0.0,0.003146959771841594
2662.0,1331.0,0.004123752968521683,0.0,99.99999867284262,0.0,0.003145770160705456
2662.5,1331.25,0.004122967375822102,0.0,99.99999867374082,0.0,0.0031447294901311776
2663.0,1331.5,0.004122182082383095,0.0,99.99999867451763,0.0,0.003143873651921907
2663.5,1331.75,0.004121397088033697,0.0,99.99999867514737,0.0,0.0031432357264872934
2664.0,1332.0,0.004120612392603072,0.0,99.99999867561806,0.0,0.0031428281714402646
2664.5,1332.25,0.004119827995920513,0.0,99.99999867594698,0.0,0.0031426223081610265
2665.0,1332.5,0.004119043897815445,0.0,99.99999867618067,0.0,0.0031425468481977264
2665.5,1332.75,0.004118254908385211,0.0,99.99999812323804,0.0,0.003939763459821887
2666.0,1333.0,0.004117466221153798,0.0,99.9999985103378,0.0,0.003697445298750454
2666.5,1333.25,0.004116672650202495,0.0,99.9999977672077,0.0,0.004370290601949078
2667.0,1333.5,0.004115874201352898,0.0,99.99999846988486,0.0,0.004270688284524498
2667.5,1333.75,0.00411507606216938,0.0,99.99999846741177,0.0,0.004273308246962722
2668.0,1334.0,0.004114278232471827,0.0,99.99999846692664,0.0,0.004272691701512038
2668.5,1334.25,0.0041134807120802655,0.0,99.99999846856046,0.0,0.004268649550070616
2669.0,1334.5,0.004112678325128113,0.0,99.99999852083181,0.0,0.004158035452978802
2669.5,1334.75,0.004111871077491406,0.0,99.99999850922481,0.0,0.003946792827564734
2670.0,1335.0,0.0041110641466900145,0.0,99.99999851222749,0.0,0.003941036876102919
2670.5,1335.25,0.004110257532537443,0.0,99.9999980559922,0.0,0.004911227144498113
2671.0,1335.5,0.004109446067292808,0.0,99.99999835666839,0.0,0.004421119145467726
2671.5,1335.75,0.00410862975688931,0.0,99.99999820859776,0.0,0.004909541032853214
2672.0,1336.0,0.0041078086072919885,0.0,99.99999828480509,0.0,0.005140050704892216
2672.5,1336.25,0.00410698778585854,0.0,99.99999829025803,0.0,0.005131717421365896
2673.0,1336.5,0.004106177611028881,0.0,99.99999867899028,0.0,0.003707092028139171
2673.5,1336.75,0.004105367755778355,0.0,99.99999895407264,0.0,0.0032649742892954976
2674.0,1337.0,0.004104558219917909,0.0,99.99999895331675,0.0,0.00326594078486077
2674.5,1337.25,0.004103754156495183,0.0,99.99999883019163,0.0,0.004045529177302354
2675.0,1337.5,0.004102950408035154,0.0,99.99999882796229,0.0,0.004048428791243885
2675.5,1337.75,0.004102141825151853,0.0,99.99999840389026,0.0,0.004414737671235245
2676.0,1338.0,0.004101338708078307,0.0,99.99999831525975,0.0,0.005068180828038856
2676.5,1338.25,0.004100535905411628,0.0,99.99999831071086,0.0,0.005075448978372443
2677.0,1338.5,0.004099738560123645,0.0,99.99999850652509,0.0,0.003452787790189198
2677.5,1338.75,0.004098941524861435,0.0,99.99999850899928,0.0,0.003450381347896178
2678.0,1339.0,0.004098134521140255,0.0,99.99999847531748,0.0,0.0036102555837486602
2678.5,1339.25,0.004097327835123929,0.0,99.99999847786287,0.0,0.0036074059103336767
2679.0,1339.5,0.004096526601725606,0.0,99.99999911307633,0.0,0.0024479889922189055
2679.5,1339.75,0.004095715415455686,0.0,99.9999986926529,0.0,0.0037122022036906936
2680.0,1340.0,0.004094904550381234,0.0,99.99999869434578,0.0,0.0037105513327691944
2680.5,1340.25,0.004094099135328267,0.0,99.99999852991225,0.0,0.00422419847933184
2681.0,1340.5,0.004093294037042557,0.0,99.99999853260546,0.0,0.004220038599371814
2681.5,1340.75,0.004092489255337267,0.0,99.99999827359937,0.0,0.00386080324593341
2682.0,1341.0,0.0040916847900257045,0.0,99.99999898970327,0.0,0.0028593404590872944
2682.5,1341.25,0.0040908806409213246,0.0,99.99999909828357,0.0,0.002693298734740603
2683.0,1341.5,0.004090076807837729,0.0,99.99999898956357,0.0,0.0028595220566708813
2683.5,1341.75,0.0040892784075338825,0.0,99.99999873472507,0.0,0.0032246263596365883
2684.0,1342.0,0.004088480318871439,0.0,99.9999990610181,0.0,0.002867277154229297
2684.5,1342.25,0.004087692767610664,0.0,99.99999887048502,0.0,0.003185909969230012
2685.0,1342.5,0.004088156102782923,0.0,99.99999886973472,0.0,0.003187646083401082
2685.5,1342.75,0.004088624371702218,0.0,99.99999856218597,0.0,0.003771766625111629
2686.0,1343.0,0.00408909757329373,0.0,99.99999790153859,0.0,0.005175567964205456
2686.5,1343.25,0.0040895705950875156,0.0,99.99999790047215,0.0,0.005176482241709336
2687.0,1343.5,0.004090048548238955,0.0,99.99999829066006,0.0,0.003834302125918146
2687.5,1343.75,0.004090526321050093,0.0,99.99999831124052,0.0,0.0038171887719417315
2688.0,1344.0,0.00409100391362298,0.0,99.99999831514347,0.0,0.0038140434758042567
2688.5,1344.25,0.004091481326059589,0.0,99.99999830323283,0.0,0.0038241013055948874
2689.0,1344.5,0.004091958558461813,0.0,99.99999828013735,0.0,0.0038436275526164934
2689.5,1344.75,0.004092440720159703,0.0,99.99999779442919,0.0,0.0039237132611820835
2690.0,1345.0,0.004092943136924488,0.0,99.99999759071918,0.0,0.004075299087944524
2690.5,1345.25,0.004093445370600326,0.0,99.99999758031993,0.0,0.004084222922797016
2691.0,1345.5,0.004093952529615959,0.0,99.99999767155317,0.0,0.004060515911613449
2691.5,1345.75,0.004094459505146768,0.0,99.99999766371684,0.0,0.0042833693702470635
2692.0,1346.0,0.004094961189546935,0.0,99.99999762839681,0.0,0.0042793865675951155
2692.5,1346.25,0.004095462691257734,0.0,99.99999761793038,0.0,0.0042887691779004335
2693.0,1346.5,0.00409595890325557,0.0,99.99999807998469,0.0,0.003940347023086149
2693.5,1346.75,0.0040964345062898845,0.0,99.99999835091879,0.0,0.003465559613110221
2694.0,1347.0,0.0040969048239278185,0.0,99.99999856537347,0.0,0.0033448636266254494
2694.5,1347.25,0.00409736985741452,0.0,99.99999833749168,0.0,0.0038520142491060057
2695.0,1347.5,0.004097829608033689,0.0,99.99999765506341,0.0,0.004690610137941698
2695.5,1347.75,0.004098289182260512,0.0,99.99999866609586,0.0,0.0033078415930361685
2696.0,1348.0,0.004098748580196481,0.0,99.9999986631087,0.0,0.0033113615251583422
2696.5,1348.25,0.004099202697604108,0.0,99.99999826148655,0.0,0.0038146442678555575
2697.0,1348.5,0.004099656639750609,0.0,99.99999826165215,0.0,0.0038143769557724095
2697.5,1348.75,0.004100110406737425,0.0,99.99999840101815,0.0,0.0033621179699791807
2698.0,1349.0,0.00410057420483706,0.0,99.99999857473276,0.0,0.0034770186664820043
2698.5,1349.25,0.004101037826350413,0.0,99.99999857227944,0.0,0.003479399777125727
2699.0,1349.5,0.0041015012713783135,0.0,99.99999857011773,0.0,0.003481500174719792
2699.5,1349.75,0.0041019645400215176,0.0,99.99999856838205,0.0,0.003483302021581921
2700.0,1350.0,0.004102432733906439,0.0,99.99999697497837,0.0,0.005102476528778937
2700.5,1350.25,0.004102900750830837,0.0,99.999996973201,0.0,0.005103384997268897
2701.0,1350.5,0.004103368590895022,0.0,99.99999697187964,0.0,0.005103918676267758
2701.5,1350.75,0.004103836254199224,0.0,99.99999697105466,0.0,0.005104041652443881
2702.0,1351.0,0.004103061142072531,0.0,99.99999697077538,0.0,0.005103714591866583
2702.5,1351.25,0.004102281226162168,0.0,99.99999843692599,0.0,0.0037855666560444286
2703.0,1351.5,0.00410150160669059,0.0,99.99999843854414,0.0,0.003783489416014855
2703.5,1351.75,0.004100722283488818,0.0,99.99999755318453,0.0,0.004755936375128089
2704.0,1352.0,0.004099933074987056,0.0,99.99999706608511,0.0,0.004861013448221916
2704.5,1352.25,0.004099144170202624,0.0,99.9999987294121,0.0,0.0037164091183793627
2705.0,1352.5,0.004098355568960232,0.0,99.99999872900315,0.0,0.003717042449266375
2705.5,1352.75,0.004097567271084726,0.0,99.9999987283957,0.0,0.0037179988417108925
2706.0,1353.0,0.004096779276401087,0.0,99.9999987276114,0.0,0.0037192506981227284
2706.5,1353.25,0.00409599158473443,0.0,99.99999872668334,0.0,0.0037207524490675877
2707.0,1353.5,0.004095204195910005,0.0,99.99999841683422,0.0,0.004395700044039257
2707.5,1353.75,0.004094417109753194,0.0,99.99999841692632,0.0,0.00439586057385157
2708.0,1354.0,0.004093635401144036,0.0,99.99999859159014,0.0,0.004209923354814316
2708.5,1354.25,0.004092859064096255,0.0,99.99999775003002,0.0,0.005477723367657062
2709.0,1354.5,0.004092103306399643,0.0,99.99999841033188,0.0,0.004017806680458002
2709.5,1354.75,0.004091347827756982,0.0,99.9999984112857,0.0,0.004016661996141022
2710.0,1355.0,0.004090592628013746,0.0,99.99999841214574,0.0,0.0040156404977291634
2710.5,1355.25,0.004089837707015521,0.0,99.9999984129448,0.0,0.004014707893789722
2711.0,1355.5,0.004089067873325581,0.0,99.99999761420818,0.0,0.0056377160603597555
2711.5,1355.75,0.004088298329394023,0.0,99.99999761264225,0.0,0.0056400874112493135
2712.0,1356.0,0.004087529075057284,0.0,99.99999761107627,0.0,0.005642437554176699
2712.5,1356.25,0.004086760110151923,0.0,99.99999875366188,0.0,0.0036093893302985344
2713.0,1356.5,0.0040859914345146246,0.0,99.99999875289707,0.0,0.0036107842477253655
2713.5,1356.75,0.004085223047982194,0.0,99.9999987521227,0.0,0.003612263510545481
2714.0,1357.0,0.004084454950391561,0.0,99.99999875141982,0.0,0.0036137123391978433
2714.5,1357.25,0.0040836921920102106,0.0,99.99999864011485,0.0,0.003888665338140862
2715.0,1357.5,0.0040829297184608515,0.0,99.99999863992987,0.0,0.0038895684244790413
2715.5,1357.75,0.00408216752958397,0.0,99.99999863996665,0.0,0.0038901725337429503
2716.0,1358.0,0.004081400580443886,0.0,99.99999783244216,0.0,0.005008862897661925
2716.5,1358.25,0.004080633919435286,0.0,99.9999988884414,0.0,0.0035751841903275314
2717.0,1358.5,0.004079867546395829,0.0,99.99999888840244,0.0,0.0035752380295797814
2717.5,1358.75,0.0040791014611632976,0.0,99.99999888825533,0.0,0.003575546260686753
2718.0,1359.0,0.004078340700777997,0.0,99.99999891207277,0.0,0.0031184682125228323
2718.5,1359.25,0.0040775751887823465,0.0,99.99999797019613,0.0,0.004450958514962733
2719.0,1359.5,0.004076814997543046,0.0,99.99999827340727,0.0,0.0042016269414400014
2719.5,1359.75,0.004076060121269578,0.0,99.99999857520595,0.0,0.0034608078697456477
2720.0,1360.0,0.00407530552449503,0.0,99.99999857467536,0.0,0.0034613698971217035
2720.5,1360.25,0.004074551207064201,0.0,99.99999857393367,0.0,0.0034621853048309994
2721.0,1360.5,0.004073797168822004,0.0,99.99999857281495,0.0,0.0034634754274746964
2721.5,1360.75,0.004073038385488043,0.0,99.99999872860272,0.0,0.003242105264290903
2722.0,1361.0,0.004073513161529658,0.0,99.99999789273197,0.0,0.004527622570215974
2722.5,1361.25,0.004073987760774058,0.0,99.99999789072154,0.0,0.004529827956468591
2723.0,1361.5,0.0040744672063948795,0.0,99.99999802898012,0.0,0.004091238594160628
2723.5,1361.75,0.004074951497476883,0.0,99.99999800432327,0.0,0.0040979674812057845
2724.0,1362.0,0.004075430588281689,0.0,99.99999846757085,0.0,0.004023624538375178
2724.5,1362.25,0.00407590950199483,0.0,99.99999846812216,0.0,0.0040228380347177035
2725.0,1362.5,0.004075151309086922,0.0,99.99999810462181,0.0,0.0044146884686294355
2725.5,1362.75,0.004074388379864047,0.0,99.99999776892918,0.0,0.00486303501504964
2726.0,1363.0,0.004073625736251205,0.0,99.99999776883215,0.0,0.004863266814866564
2726.5,1363.25,0.004072863378088044,0.0,99.99999776866663,0.0,0.0048636072389519145
2727.0,1363.5,0.004072101305214333,0.0,99.99999849428282,0.0,0.003851803289451743
2727.5,1363.75,0.00407133951746996,0.0,99.99999849229674,0.0,0.003854573128228739
2728.0,1364.0,0.004070583023650727,0.0,99.99999845399276,0.0,0.004257783378509414
2728.5,1364.25,0.004069821803811951,0.0,99.99999730919387,0.0,0.006078372180025788
2729.0,1364.5,0.004069060868623949,0.0,99.99999730573052,0.0,0.006082835882824854
2729.5,1364.75,0.004068295214587815,0.0,99.99999765153179,0.0,0.0044250129005833526
2730.0,1365.0,0.004067529848635755,0.0,99.99999765056194,0.0,0.004425909399089123
2730.5,1365.25,0.004066764770605208,0.0,99.99999784630089,0.0,0.004234668128645623
2731.0,1365.5,0.004065999980333737,0.0,99.99999784773122,0.0,0.004233262083056916
2731.5,1365.75,0.0040652404734751665,0.0,99.99999850101148,0.0,0.003427874330824744
2732.0,1366.0,0.004064486244269726,0.0,99.99999848119802,0.0,0.003538121863113176
2732.5,1366.25,0.004063732294878567,0.0,99.99999848054526,0.0,0.0035386819208341838
2733.0,1366.5,0.004062978625146005,0.0,99.9999982431649,0.0,0.0038324697823959785
2733.5,1366.75,0.0040622202465084925,0.0,99.99999815554449,0.0,0.0038282612127623753
2734.0,1367.0,0.004061457164395705,0.0,99.99999856609637,0.0,0.0035948053506313408
2734.5,1367.25,0.004060689384267897,0.0,99.99999768966174,0.0,0.00443009191440561
2735.0,1367.5,0.004059916911615806,0.0,99.99999779457383,0.0,0.004364985518361424
2735.5,1367.75,0.0040591447328056935,0.0,99.99999779148034,0.0,0.004367612824922238
2736.0,1368.0,0.004058372847669932,0.0,99.99999771452785,0.0,0.004302687560869008
2736.5,1368.25,0.0040575962789830495,0.0,99.99999788995544,0.0,0.004123234930862555
2737.0,1368.5,0.00405682000743178,0.0,99.99999774326528,0.0,0.004303084707203553
2737.5,1368.75,0.0040560440328456186,0.0,99.99999774691504,0.0,0.004299892130272043
2738.0,1369.0,0.0040552733264029184,0.0,99.99999760519454,0.0,0.004387627742247473
2738.5,1369.25,0.0040557285787300385,0.0,99.99999772963787,0.0,0.004394911068456791
2739.0,1369.5,0.0040561836581139606,0.0,99.99999773654194,0.0,0.004389454346155184
2739.5,1369.75,0.0040566385646532135,0.0,99.99999774174825,0.0,0.004385440697404362
2740.0,1370.0,0.004057098268260923,0.0,99.99999715082681,0.0,0.004825960450805105
2740.5,1370.25,0.004057547859591453,0.0,99.99999795399643,0.0,0.004503118976040802
2741.0,1370.5,0.0040579972791581305,0.0,99.99999831474435,0.0,0.004102363671138881
2741.5,1370.75,0.004058446527059371,0.0,99.99999831537016,0.0,0.004100771300426415
2742.0,1371.0,0.004058875730591512,0.0,99.99999786889151,0.0,0.004676763102104723
2742.5,1371.25,0.004059304766042331,0.0,99.99999786813105,0.0,0.004677271318855874
2743.0,1371.5,0.004059733633510544,0.0,99.99999786734534,0.0,0.004677762627120316
2743.5,1371.75,0.004060172266784757,0.0,99.99999792133653,0.0,0.005154255645862229
2744.0,1372.0,0.004060605764103267,0.0,99.99999890721237,0.0,0.0035267375692982425
2744.5,1372.25,0.004061039092851177,0.0,99.99999890708506,0.0,0.003527257871688278
2745.0,1372.5,0.004061477218682795,0.0,99.99999892945236,0.0,0.003374639878772601
2745.5,1372.75,0.004061915175280869,0.0,99.99999893001718,0.0,0.0033739621091169385
2746.0,1373.0,0.004063570124388021,0.0,99.99999876605928,0.0,0.0038437265273313765
2746.5,1373.25,0.0040652194632004165,0.0,99.99999865032503,0.0,0.004081320262218185
2747.0,1373.5,0.004066868157240834,0.0,99.99999865240532,0.0,0.0040773787036436525
2747.5,1373.75,0.004068516206887286,0.0,99.99999865441922,0.0,0.004073526997517851
2748.0,1374.0,0.004070158642156977,0.0,99.99999896851352,0.0,0.0032532926438067714
2748.5,1374.25,0.00407181037450888,0.0,99.9999979849457,0.0,0.0054436379502338
2749.0,1374.5,0.004073461465689297,0.0,99.99999798398753,0.0,0.005444262349754427
2749.5,1374.75,0.00407389145727662,0.0,99.99999798356177,0.0,0.005444277916590097
2750.0,1375.0,0.004074326253596609,0.0,99.99999852555355,0.0,0.004116013025378035
2750.5,1375.25,0.004074755911141041,0.0,99.99999889800158,0.0,0.0036554423001734933
2751.0,1375.5,0.004075185402029664,0.0,99.99999810711178,0.0,0.004761597902093381
2751.5,1375.75,0.004075619696633406,0.0,99.9999989190143,0.0,0.003220833396385474
2752.0,1376.0,0.004076053823906672,0.0,99.99999891994912,0.0,0.003219796901273337
2752.5,1376.25,0.004076487783946148,0.0,99.99999892085691,0.0,0.0032188071613480436
2753.0,1376.5,0.004076921576848448,0.0,99.99999892173686,0.0,0.0032178536593220936
2753.5,1376.75,0.004079792354654351,0.0,99.99999908744782,0.0,0.0028820120079445983
2754.0,1377.0,0.00408266202722262,0.0,99.99999908764397,0.0,0.002881864100751706
2754.5,1377.25,0.004085530595191401,0.0,99.99999908783846,0.0,0.00288168182868004
2755.0,1377.5,0.004088398059198348,0.0,99.9999990880368,0.0,0.002881453294404661
2755.5,1377.75,0.004091264419880623,0.0,99.99999908824432,0.0,0.002881170474815449
2756.0,1378.0,0.004092912273867206,0.0,99.9999989269296,0.0,0.0032117048339933845
2756.5,1378.25,0.004094564477827398,0.0,99.99999888605971,0.0,0.0031118072800786207
2757.0,1378.5,0.004096226020162292,0.0,99.99999803293954,0.0,0.0040773751760293875
2757.5,1378.75,0.004097881949852048,0.0,99.99999773766112,0.0,0.005585097811199948
2758.0,1379.0,0.0040983207711509356,0.0,99.99999773874548,0.0,0.005584087529070818
2758.5,1379.25,0.004099975675018244,0.0,99.99999773996275,0.0,0.00558295550280356
2759.0,1379.5,0.0041016349386821995,0.0,99.99999757212035,0.0,0.00502221336540932
2759.5,1379.75,0.004103293576977788,0.0,99.9999975724506,0.0,0.0050217663221759756
2760.0,1380.0,0.00410495159025849,0.0,99.99999757293463,0.0,0.005021161886922032
2760.5,1380.25,0.004106608978877518,0.0,99.99999816785899,0.0,0.0039023498569093055
2761.0,1380.5,0.004108270735162958,0.0,99.99999734617683,0.0,0.004073441646186769
2761.5,1380.75,0.004109931869648463,0.0,99.99999734962238,0.0,0.004070176274721559
2762.0,1381.0,0.0041115923826829685,0.0,99.99999735325069,0.0,0.004066730269089667
2762.5,1381.25,0.004113247279391137,0.0,99.99999898430048,0.0,0.002379980209571076
2763.0,1381.5,0.004114901553196243,0.0,99.99999898409008,0.0,0.0023804169201709054
2763.5,1381.75,0.00411655520444991,0.0,99.99999898386591,0.0,0.0023808703092158255
2764.0,1382.0,0.0041182082335034995,0.0,99.999998983628,0.0,0.0023813361072433223
2764.5,1382.25,0.004121069148045405,0.0,99.99999812311371,0.0,0.0037702522072976625
2765.0,1382.5,0.004123923976147001,0.0,99.99999869342923,0.0,0.004177627350352435
2765.5,1382.75,0.004126782722827464,0.0,99.99999827236249,0.0,0.005039845074961522
2766.0,1383.0,0.004128427571201428,0.0,99.99999826927117,0.0,0.005044500222076771
2766.5,1383.25,0.004130076805362552,0.0,99.99999863257327,0.0,0.003833711254959791
2767.0,1383.5,0.004131730428836763,0.0,99.99999883574861,0.0,0.003401022751982707
2767.5,1383.75,0.0041333834349507265,0.0,99.99999883721257,0.0,0.0033988157140679527
2768.0,1384.0,0.0041350358240501055,0.0,99.99999883857402,0.0,0.0033967670193802693
2768.5,1384.25,0.004136687596480302,0.0,99.99999883983986,0.0,0.0033948517739256505
2769.0,1384.5,0.004138343766013973,0.0,99.99999763500188,0.0,0.005660367468604011
2769.5,1384.75,0.004139999321708713,0.0,99.9999982138921,0.0,0.004591621557920747
2770.0,1385.0,0.004141659279496607,0.0,99.99999766931018,0.0,0.005386841991027947
2770.5,1385.25,0.004143313609610744,0.0,99.99999773421817,0.0,0.005288329330874384
2771.0,1385.5,0.004144967326907665,0.0,99.99999773546514,0.0,0.005287137082871389
2771.5,1385.75,0.0041466204317278195,0.0,99.99999773672114,0.0,0.005285916773176909
2772.0,1386.0,0.0041482729244114004,0.0,99.99999867810523,0.0,0.003907053076611753
2772.5,1386.25,0.004149924805298353,0.0,99.99999867890155,0.0,0.0039058250347327205
2773.0,1386.5,0.0041515810967577265,0.0,99.99999814617668,0.0,0.004180170744437954
2773.5,1386.75,0.004152022311828607,0.0,99.99999823976212,0.0,0.0036241490759388005
2774.0,1387.0,0.004152463363640431,0.0,99.99999818551329,0.0,0.0036869326429584165
2774.5,1387.25,0.004152899231441618,0.0,99.99999875189634,0.0,0.0033360590160339608
2775.0,1387.5,0.004152126166614488,0.0,99.99999860666014,0.0,0.004250967052275442
2775.5,1387.75,0.004151353389546808,0.0,99.99999860652837,0.0,0.0042508253302930244
2776.0,1388.0,0.004150580900077937,0.0,99.99999749718889,0.0,0.004617663028900121
2776.5,1388.25,0.004149808698047355,0.0,99.99999750003451,0.0,0.004614579564624933
2777.0,1388.5,0.004149036783294661,0.0,99.99999842102618,0.0,0.004647432108416132
2777.5,1388.75,0.004148265155659575,0.0,99.99999841943402,0.0,0.004650314203980114
2778.0,1389.0,0.004147498822762343,0.0,99.99999818423963,0.0,0.004990933669986554
2778.5,1389.25,0.004146732772950989,0.0,99.99999818243123,0.0,0.0049940280407204185
2779.0,1389.5,0.0041459670060686815,0.0,99.99999818076215,0.0,0.004996909975608978
2779.5,1389.75,0.004145201521958707,0.0,99.9999981791511,0.0,0.004999702696170196
2780.0,1390.0,0.004144431320076783,0.0,99.9999987010502,0.0,0.004045004754993729
2780.5,1390.25,0.004143661404357419,0.0,99.9999986994054,0.0,0.004047515080626673
2781.0,1390.5,0.00414289177464116,0.0,99.99999869770335,0.0,0.004050100130737364
2781.5,1390.75,0.004142112441169342,0.0,99.99999755939369,0.0,0.005664693863162985
2782.0,1391.0,0.0041413334008485216,0.0,99.999997603576,0.0,0.005604767984729081
2782.5,1391.25,0.004140564635600177,0.0,99.99999789879743,0.0,0.00559419223701202
2783.0,1391.5,0.004139796155714184,0.0,99.99999786650753,0.0,0.005642325012560937
2783.5,1391.75,0.004139027961031685,0.0,99.9999978607138,0.0,0.005651154536020774
2784.0,1392.0,0.004138260051393937,0.0,99.9999978565798,0.0,0.0056575048741909694
2784.5,1392.25,0.00413749741030002,0.0,99.99999793464477,0.0,0.005677291040340402
2785.0,1392.5,0.004136740032082316,0.0,99.99999820294236,0.0,0.00503555608255086
2785.5,1392.75,0.004135972971085516,0.0,99.99999837047028,0.0,0.004279235146847083
2786.0,1393.0,0.004135206194502764,0.0,99.9999983805057,0.0,0.004263706441752631
2786.5,1393.25,0.0041344446784822315,0.0,99.99999818134452,0.0,0.004693283892346446
2787.0,1393.5,0.004133678468408949,0.0,99.99999829838873,0.0,0.004235641563612728
2787.5,1393.75,0.004132912542276627,0.0,99.99999831434026,0.0,0.004215276957832401
2788.0,1394.0,0.004132146899927462,0.0,99.99999833617933,0.0,0.004187543429257411
2788.5,1394.25,0.004131381541203766,0.0,99.99999836682359,0.0,0.004148916662963046
2789.0,1394.5,0.004130616465947968,0.0,99.99999841038849,0.0,0.004094638986719702
2789.5,1394.75,0.004129841743502563,0.0,99.99999849557565,0.0,0.003675135689671743
2790.0,1395.0,0.004129067311610553,0.0,99.9999984937725,0.0,0.003678284502866348
2790.5,1395.25,0.004128298131629614,0.0,99.99999864180378,0.0,0.00364941421490334
2791.0,1395.5,0.004127529238167449,0.0,99.99999864240706,0.0,0.003648869848563531
2791.5,1395.75,0.0041267606310639955,0.0,99.99999864305849,0.0,0.0036480130607952233
2792.0,1396.0,0.00412599231015931,0.0,99.9999986437635,0.0,0.0036468403808644985
2792.5,1396.25,0.0041252242752935694,0.0,99.9999986445253,0.0,0.0036453705783997615
2793.0,1396.5,0.004124441669468325,0.0,99.99999843331078,0.0,0.003959068974138615
2793.5,1396.75,0.004123659360526676,0.0,99.99999843404834,0.0,0.003958205201538297
2794.0,1397.0,0.004122872399799798,0.0,99.99999846922786,0.0,0.004115392053010315
2794.5,1397.25,0.00412207584619557,0.0,99.99999855306395,0.0,0.003723928985007063
2795.0,1397.5,0.004121284545002987,0.0,99.99999896954708,0.0,0.003253717235699857
2795.5,1397.75,0.004120493547559012,0.0,99.99999897032968,0.0,0.003252866921872406
2796.0,1398.0,0.004119707794583094,0.0,99.99999884358415,0.0,0.003026134752838234
2796.5,1398.25,0.004118927280248934,0.0,99.99999850827889,0.0,0.0041543547447829374
2797.0,1398.5,0.004118147061609159,0.0,99.99999850983168,0.0,0.004152030927965899
2797.5,1398.75,0.004117367138495765,0.0,99.9999985113481,0.0,0.004149749386947745
2798.0,1399.0,0.004116587510740878,0.0,99.9999985128075,0.0,0.004147541554395931
2798.5,1399.25,0.004115808178176751,0.0,99.99999851421015,0.0,0.004145407344251604
2799.0,1399.5,0.004115034070325752,0.0,99.99999819859762,0.0,0.004520749635321297
2799.5,1399.75,0.004114260253610907,0.0,99.99999819963439,0.0,0.004519094169034732
2800.0,1400.0,0.004113486727868004,0.0,99.99999820062474,0.0,0.004517504104764177
2800.5,1400.25,0.004112708568801364,0.0,99.99999818830807,0.0,0.004176141343160958
2801.0,1400.5,0.00411193070409182,0.0,99.9999981884678,0.0,0.0041769087913764505
2801.5,1400.75,0.0041111531335723825,0.0,99.99999781737495,0.0,0.004450177194859107
2802.0,1401.0,0.004110380775623468,0.0,99.99999795021223,0.0,0.004297629782448031
2802.5,1401.25,0.0041096136245356496,0.0,99.99999868781856,0.0,0.0033141901903015413
2803.0,1401.5,0.004108846759752679,0.0,99.99999868934347,0.0,0.003312589243751915
2803.5,1401.75,0.00410808509416903,0.0,99.99999753700241,0.0,0.005137550296981264
2804.0,1402.0,0.004108519438342913,0.0,99.99999753798761,0.0,0.005136254589660463
2804.5,1402.25,0.0041089536215458845,0.0,99.99999778191301,0.0,0.004336417431315108
2805.0,1402.5,0.004109387643867414,0.0,99.99999713742945,0.0,0.005700255558911418
2805.5,1402.75,0.0041098215053969045,0.0,99.99999713843079,0.0,0.0056988418261916885
2806.0,1403.0,0.004110255206223691,0.0,99.99999713930816,0.0,0.005697544071768066
2806.5,1403.25,0.0041106887464370445,0.0,99.99999763164409,0.0,0.005166955442005698
2807.0,1403.5,0.00411111721581096,0.0,99.99999767833926,0.0,0.0047166060129710235
2807.5,1403.75,0.004111545525544604,0.0,99.99999767809662,0.0,0.0047162082177863865
2808.0,1404.0,0.004111968766230278,0.0,99.99999861095348,0.0,0.00395028909131508
2808.5,1404.25,0.0041123918482724375,0.0,99.99999877635437,0.0,0.0034381769255080736
2809.0,1404.5,0.004112804954461964,0.0,99.99999894007236,0.0,0.003363697018056037
2809.5,1404.75,0.004113222812098388,0.0,99.99999845619479,0.0,0.0042023512105548565
2810.0,1405.0,0.004112447461008104,0.0,99.999998455038,0.0,0.004204159180472176
2810.5,1405.25,0.004111667497668027,0.0,99.99999857251677,0.0,0.0038383775154971008
2811.0,1405.5,0.004110882927492469,0.0,99.99999845872392,0.0,0.00410436346404956
2811.5,1405.75,0.00411009375592458,0.0,99.99999844938064,0.0,0.004090719401281188
2812.0,1406.0,0.004109304887295131,0.0,99.99999844987563,0.0,0.0040899041917030685
2812.5,1406.25,0.004108511424450827,0.0,99.99999838469857,0.0,0.004150834141968281
2813.0,1406.5,0.004107718267965756,0.0,99.99999838536058,0.0,0.004149814989589029
2813.5,1406.75,0.0041069205244753165,0.0,99.99999829475736,0.0,0.004283816630977115
2814.0,1407.0,0.004106123090777841,0.0,99.9999982956405,0.0,0.004282468620103398
2814.5,1407.25,0.004105330856081177,0.0,99.9999983789773,0.0,0.004197320774057633
2815.0,1407.5,0.004104538927032801,0.0,99.99999838048005,0.0,0.00419477997205475
2815.5,1407.75,0.0041037473034558625,0.0,99.99999838213563,0.0,0.0041919465134918395
2816.0,1408.0,0.004102955985173653,0.0,99.99999851642633,0.0,0.004001103359012031
2816.5,1408.25,0.004102160090159457,0.0,99.99999797624112,0.0,0.005144300906671912
2817.0,1408.5,0.004101369383818926,0.0,99.99999858903506,0.0,0.0033450714052391723
2817.5,1408.75,0.004100578982242721,0.0,99.99999859191352,0.0,0.003341110743977898
2818.0,1409.0,0.0040997937614626525,0.0,99.9999983135837,0.0,0.0037569879156070236
2818.5,1409.25,0.004099008841349213,0.0,99.99999831518387,0.0,0.00375496041402598
2819.0,1409.5,0.004098224221729743,0.0,99.99999831668279,0.0,0.0037530569815717283
2819.5,1409.75,0.004097444773053624,0.0,99.99999840791028,0.0,0.0039328355409674704
2820.0,1410.0,0.004096665620810633,0.0,99.9999984089854,0.0,0.003931630812977856
2820.5,1410.25,0.004095891631761875,0.0,99.99999844215527,0.0,0.003800135007720387
2821.0,1410.5,0.0040951082049478695,0.0,99.99999826467523,0.0,0.003976444113140881
2821.5,1410.75,0.00409432021456281,0.0,99.99999864137722,0.0,0.003676508982246707
2822.0,1411.0,0.004093537388710293,0.0,99.99999850717309,0.0,0.003966145828956827
2822.5,1411.25,0.0040927548621500325,0.0,99.99999851010031,0.0,0.003959970585948465
2823.0,1411.5,0.004091972634710422,0.0,99.99999851766192,0.0,0.003945010138935979
2823.5,1411.75,0.004091195561996389,0.0,99.99999863898852,0.0,0.003853839319606875
2824.0,1412.0,0.0040904187843612385,0.0,99.99999863913428,0.0,0.0038530197394961736
2824.5,1412.25,0.004089642301636925,0.0,99.99999863950512,0.0,0.0038517811392798163
2825.0,1412.5,0.004088866113655532,0.0,99.99999864033845,0.0,0.003849645206997807
2825.5,1412.75,0.004088085371841429,0.0,99.99999846402392,0.0,0.003889605424626875
2826.0,1413.0,0.00408730492812533,0.0,99.99999847191002,0.0,0.0038759367573987487
2826.5,1413.25,0.0040865199376411525,0.0,99.99999864226524,0.0,0.003596907286139604
2827.0,1413.5,0.004085735248622976,0.0,99.99999863893329,0.0,0.003602767245414945
2827.5,1413.75,0.0040849508608971725,0.0,99.99999863274273,0.0,0.0036137798997451305
2828.0,1414.0,0.0040841667742902476,0.0,99.99999862432544,0.0,0.0036288112830368123
2828.5,1414.25,0.0040833829886288385,0.0,99.99999861471674,0.0,0.0036459943040708497
2829.0,1414.5,0.004082594668346922,0.0,99.99999859603861,0.0,0.003747280851659338
2829.5,1414.75,0.004081806652385672,0.0,99.9999985957061,0.0,0.0037474831511145707
2830.0,1415.0,0.004081023772229859,0.0,99.99999850082331,0.0,0.003909983234956824
2830.5,1415.25,0.004080236362517223,0.0,99.9999985162008,0.0,0.0037906642909914527
2831.0,1415.5,0.004080632734769524,0.0,99.99999830490088,0.0,0.0039451158036354845
2831.5,1415.75,0.004081028954125401,0.0,99.99999830453619,0.0,0.003945055606771565
2832.0,1416.0,0.004081420192264466,0.0,99.99999850313948,0.0,0.0037403300784009997
2832.5,1416.25,0.004081811278620582,0.0,99.99999850159499,0.0,0.003742297711925364
2833.0,1416.5,0.004082211868215038,0.0,99.99999820212852,0.0,0.004142200300990466
2833.5,1416.75,0.004082617131385075,0.0,99.99999809785989,0.0,0.004275472151280333
2834.0,1417.0,0.004083022240295434,0.0,99.99999809923506,0.0,0.004273278019550816
2834.5,1417.25,0.00408343202119839,0.0,99.99999881871263,0.0,0.0033119854690755873
2835.0,1417.5,0.00408385129865526,0.0,99.99999806730649,0.0,0.004760435360121877
2835.5,1417.75,0.004084265594226972,0.0,99.99999892649964,0.0,0.0033630259626369037
2836.0,1418.0,0.004084679734176886,0.0,99.99999892525592,0.0,0.003364903120097988
2836.5,1418.25,0.0040850985431114305,0.0,99.99999878439053,0.0,0.003689375972794736
2837.0,1418.5,0.004085517195776567,0.0,99.9999987830394,0.0,0.003691526085994185
2837.5,1418.75,0.004085940515978377,0.0,99.99999808044764,0.0,0.004827065867870785
2838.0,1419.0,0.00408636367928537,0.0,99.99999807075585,0.0,0.004839227180154993
2838.5,1419.25,0.004086781862855012,0.0,99.99999832734694,0.0,0.004393441799998807
2839.0,1419.5,0.004087204713028437,0.0,99.99999796463017,0.0,0.00530614855288153
2839.5,1419.75,0.004087627406568517,0.0,99.99999796407172,0.0,0.005307807893581743
2840.0,1420.0,0.004088045121827519,0.0,99.99999756815274,0.0,0.005858162526120838
2840.5,1420.25,0.00408728343058222,0.0,99.99999817233636,0.0,0.00486858865888492
2841.0,1420.5,0.004087705873822294,0.0,99.99999790148728,0.0,0.005113175903960834
2841.5,1420.75,0.004088132979845787,0.0,99.99999778286181,0.0,0.005395223070237425
2842.0,1421.0,0.004088564747590941,0.0,99.99999825905532,0.0,0.00372645895424659
2842.5,1421.25,0.004088986720809407,0.0,99.99999730803081,0.0,0.0051768638023325896
2843.0,1421.5,0.004089408537921576,0.0,99.9999973097028,0.0,0.005174074592148624
2843.5,1421.75,0.004089830199014059,0.0,99.99999876532053,0.0,0.003093149440987676
2844.0,1422.0,0.0040902517041734,0.0,99.99999876638186,0.0,0.003091618402643694
2844.5,1422.25,0.00409067305348608,0.0,99.99999776883783,0.0,0.004745196784162067
2845.0,1422.5,0.004091094247038519,0.0,99.99999790539476,0.0,0.004285839780889703
2845.5,1422.75,0.0040915152849170695,0.0,99.99999790865755,0.0,0.004282028167197195
2846.0,1423.0,0.004091940982842563,0.0,99.99999791911046,0.0,0.0041737050733425
2846.5,1423.25,0.004092366524488895,0.0,99.99999792797738,0.0,0.004163833777686545
2847.0,1423.5,0.004092787095074068,0.0,99.99999789636325,0.0,0.004156959891791568
2847.5,1423.75,0.004093207510330056,0.0,99.9999978942444,0.0,0.004159687434488259
2848.0,1424.0,0.0040924517784525355,0.0,99.99999810843515,0.0,0.003950405121372367
2848.5,1424.25,0.004091701136505264,0.0,99.99999798437555,0.0,0.004105174626702444
2849.0,1424.5,0.004090950769874615,0.0,99.99999798014892,0.0,0.0041100523910669404
2849.5,1424.75,0.004090200678409147,0.0,99.99999797623651,0.0,0.00411454167780271
2850.0,1425.0,0.004089455667597762,0.0,99.999998117552,0.0,0.0040343787739635885
2850.5,1425.25,0.004088710928137381,0.0,99.99999811441097,0.0,0.004038073825116467
2851.0,1425.5,0.004087966459879781,0.0,99.99999811120561,0.0,0.004041875484151411
2851.5,1425.75,0.004087222262676849,0.0,99.99999810792957,0.0,0.004045792345007492
2852.0,1426.0,0.004086478336380578,0.0,99.99999810459477,0.0,0.004049809054147976
2852.5,1426.25,0.00408573468084307,0.0,99.99999810123408,0.0,0.004053884135429963
2853.0,1426.5,0.004084996091081327,0.0,99.99999741030716,0.0,0.004496480879762174
2853.5,1426.75,0.004084252974873629,0.0,99.99999736232526,0.0,0.0046884986934288475
2854.0,1427.0,0.004083510128982596,0.0,99.9999972900021,0.0,0.00470940666896419
2854.5,1427.25,0.0040827627633264665,0.0,99.999997956185,0.0,0.0042443292471476
2855.0,1427.5,0.0040820156711866,0.0,99.99999795845628,0.0,0.004241443738969489
2855.5,1427.75,0.0040812688524128745,0.0,99.9999979609365,0.0,0.004238283944403417
2856.0,1428.0,0.004080522306855278,0.0,99.99999796368202,0.0,0.004234790291576102
2856.5,1428.25,0.004079776034363907,0.0,99.99999796677041,0.0,0.004230875692620977
2857.0,1428.5,0.004079034815968718,0.0,99.99999731165967,0.0,0.0046884228374801055
2857.5,1428.75,0.004078289087412501,0.0,99.99999755835573,0.0,0.004558447032182849
2858.0,1429.0,0.004077548409170266,0.0,99.99999758721201,0.0,0.004463204056114334
2858.5,1429.25,0.004076803223954734,0.0,99.99999825538622,0.0,0.003925632299740814
2859.0,1429.5,0.004076067859502158,0.0,99.99999866608061,0.0,0.0033208398774565253
2859.5,1429.75,0.004075327987783385,0.0,99.99999779622051,0.0,0.004812006342088954
2860.0,1430.0,0.004074588384613043,0.0,99.99999779474805,0.0,0.0048141538282034544
2860.5,1430.25,0.004073849049844948,0.0,99.99999779355504,0.0,0.004815901967450243
2861.0,1430.5,0.004073114750644617,0.0,99.99999868213287,0.0,0.0030858542834094746
2861.5,1430.75,0.004072371184931291,0.0,99.99999853386198,0.0,0.003755598737016117
2862.0,1431.0,0.004071627890651051,0.0,99.99999853515325,0.0,0.003753461014004947
2862.5,1431.25,0.004070884867655299,0.0,99.99999853642507,0.0,0.0037512694789439416
2863.0,1431.5,0.004070146876162272,0.0,99.99999754022112,0.0,0.005383187118024734
2863.5,1431.75,0.004069404393553502,0.0,99.99999768028836,0.0,0.005278324975949986
2864.0,1432.0,0.00406866218178502,0.0,99.99999768179242,0.0,0.005275286722351894
2864.5,1432.25,0.00406792024070866,0.0,99.99999768331406,0.0,0.005272219954817807
2865.0,1432.5,0.004067178570176361,0.0,99.99999768499563,0.0,0.005268947287936948
2865.5,1432.75,0.004066441921744364,0.0,99.9999975103954,0.0,0.005910307857800498
2866.0,1433.0,0.004065705540107952,0.0,99.99999727925636,0.0,0.005123763654358736
2866.5,1433.25,0.004064974173396846,0.0,99.99999873724092,0.0,0.0033011764413231584
2867.0,1433.5,0.004064238323198042,0.0,99.99999911232787,0.0,0.002374515022223487
2867.5,1433.75,0.004063512229069993,0.0,99.99999894988906,0.0,0.0027485287396483587
2868.0,1434.0,0.004062781651170502,0.0,99.9999974911992,0.0,0.004664404184021621
2868.5,1434.25,0.004062051335924642,0.0,99.99999750147944,0.0,0.004652113400835032
2869.0,1434.5,0.004061321283190798,0.0,99.99999751248654,0.0,0.004638947081114323
2869.5,1434.75,0.004060591492827456,0.0,99.99999752400159,0.0,0.004625153994000329
2870.0,1435.0,0.004059857228354136,0.0,99.99999828896527,0.0,0.0038966638532062915
2870.5,1435.25,0.0040591232293824536,0.0,99.99999828966854,0.0,0.003895465063613925
2871.0,1435.5,0.004058394228683517,0.0,99.9999979293634,0.0,0.0039843974177241155
2871.5,1435.75,0.0040576654897882085,0.0,99.99999787276883,0.0,0.0048896502675048635
2872.0,1436.0,0.004056937012555521,0.0,99.99999787199502,0.0,0.00489166109030661
2872.5,1436.25,0.004056204069025403,0.0,99.99999855222259,0.0,0.004263492761445035
2873.0,1436.5,0.004055471390280853,0.0,99.99999855362455,0.0,0.004262013505777454
2873.5,1436.75,0.0040547342517850155,0.0,99.99999798847918,0.0,0.00511246469880866
2874.0,1437.0,0.004055162322987097,0.0,99.99999799124672,0.0,0.005109442315881183
2874.5,1437.25,0.0040555902386299044,0.0,99.99999799387183,0.0,0.005106593105756687
2875.0,1437.5,0.004056017998798217,0.0,99.9999979963087,0.0,0.005103960567455503
2875.5,1437.75,0.004056445603576751,0.0,99.9999979985265,0.0,0.005101573083921197
2876.0,1438.0,0.004056873053050163,0.0,99.99999778990271,0.0,0.0052048598211065986
2876.5,1438.25,0.004057300347303047,0.0,99.99999779095876,0.0,0.005203911108658249
2877.0,1438.5,0.004057727486419937,0.0,99.99999779194754,0.0,0.005202977391976215
2877.5,1438.75,0.004058149748983426,0.0,99.99999860477867,0.0,0.003180850423960506
2878.0,1439.0,0.004058571857311362,0.0,99.99999829207458,0.0,0.0037220043852523987
2878.5,1439.25,0.004058993811488232,0.0,99.99999829048171,0.0,0.003724292319268525
2879.0,1439.5,0.004059415611598463,0.0,99.99999828886449,0.0,0.0037265483658159254
2879.5,1439.75,0.004059837257726421,0.0,99.99999828720851,0.0,0.0037287873412328136
2880.0,1440.0,0.00406025874995641,0.0,99.9999982854938,0.0,0.003731038209599125
2880.5,1440.25,0.0040606895269308324,0.0,99.99999877987551,0.0,0.002992097643417481
2881.0,1440.5,0.004061115429798478,0.0,99.99999847095513,0.0,0.0032795976912832333
2881.5,1440.75,0.004061541178288414,0.0,99.99999855062481,0.0,0.0029093253943095415
2882.0,1441.0,0.0040619714906982365,0.0,99.99999818254895,0.0,0.0038675205981958507
2882.5,1441.25,0.004062406366062532,0.0,99.99999847590797,0.0,0.003538470976006297
2883.0,1441.5,0.004062841085901396,0.0,99.99999847808918,0.0,0.003535895705953246
2883.5,1441.75,0.004063285084725299,0.0,99.99999876334414,0.0,0.003179165786912416
2884.0,1442.0,0.004063724209976495,0.0,99.99999871903907,0.0,0.003219138135998327
2884.5,1442.25,0.004064163179285069,0.0,99.99999871762849,0.0,0.003221155361782058
2885.0,1442.5,0.004064601992734074,0.0,99.99999871611355,0.0,0.0032232930958816523
2885.5,1442.75,0.0040650406504065045,0.0,99.99999871447585,0.0,0.0032255754446109002
2886.0,1443.0,0.00406664377777984,0.0,99.99999795369702,0.0,0.004174288316599573
2886.5,1443.25,0.004068251057942425,0.0,99.99999716048464,0.0,0.006207077651976371
2887.0,1443.5,0.004069857775283557,0.0,99.99999715889354,0.0,0.006208562981576772
2887.5,1443.75,0.004071454490019024,0.0,99.9999985511169,0.0,0.0034499017847680774
2888.0,1444.0,0.004071882106668707,0.0,99.99999825345297,0.0,0.0040950750311850755
2888.5,1444.25,0.004072309569695712,0.0,99.99999825818034,0.0,0.0040879357763272724
2889.0,1444.5,0.0040727415981600245,0.0,99.99999840261972,0.0,0.0046397493165902986
2889.5,1444.75,0.004073173472473063,0.0,99.99999840727524,0.0,0.004632138086186642
2890.0,1445.0,0.004073600474423302,0.0,99.99999766001828,0.0,0.005229739685532701
2890.5,1445.25,0.004074027323081484,0.0,99.99999766062152,0.0,0.00522941565832732
2891.0,1445.5,0.00407445401853014,0.0,99.99999766165787,0.0,0.005228548264424395
2891.5,1445.75,0.004074880560851743,0.0,99.99999766307862,0.0,0.005227216896047279
2892.0,1446.0,0.004075311667011966,0.0,99.99999756549184,0.0,0.006247775480987138
2892.5,1446.25,0.004075747336067471,0.0,99.99999770134536,0.0,0.005933579778283115
2893.0,1446.5,0.004076182850875113,0.0,99.99999770325034,0.0,0.005931599806926392
2893.5,1446.75,0.004076618211516793,0.0,99.99999770521626,0.0,0.005929591086211566
2894.0,1447.0,0.004077053418074359,0.0,99.99999770711217,0.0,0.00592770523956545
2894.5,1447.25,0.004077479040185025,0.0,99.99999810988388,0.0,0.004859907888549995
2895.0,1447.5,0.004077904509743845,0.0,99.99999865173929,0.0,0.004117382323604991
2895.5,1447.75,0.00407832982683282,0.0,99.99999865115272,0.0,0.004116839733499835
2896.0,1448.0,0.004078754991533896,0.0,99.99999865024114,0.0,0.004117001104504799
2896.5,1448.25,0.004079189431548197,0.0,99.99999730029474,0.0,0.005831873427616307
2897.0,1448.5,0.004079623717968715,0.0,99.99999825090259,0.0,0.004222778048329858
2897.5,1448.75,0.00408006256403977,0.0,99.99999733996256,0.0,0.004842434865139446
2898.0,1449.0,0.0040805012560274885,0.0,99.99999733694044,0.0,0.004845441752055403
2898.5,1449.25,0.004080935081491678,0.0,99.99999771029242,0.0,0.004482500378354806
2899.0,1449.5,0.004081368753687375,0.0,99.99999770942483,0.0,0.004483753991017624
2899.5,1449.75,0.004081806984553547,0.0,99.99999854254085,0.0,0.002947066685593278
2900.0,1450.0,0.004082245061660713,0.0,99.99999854262586,0.0,0.002946862871634026
2900.5,1450.25,0.004082682985089783,0.0,99.99999854284125,0.0,0.002946491223315844
2901.0,1450.5,0.004083120754921609,0.0,99.99999872900021,0.0,0.0030171048036134727
2901.5,1450.75,0.004083553660663612,0.0,99.99999734153916,0.0,0.0061097620827489894
2902.0,1451.0,0.004083991123864533,0.0,99.99999840112073,0.0,0.00449953216086863
2902.5,1451.25,0.004084423723790557,0.0,99.99999782910754,0.0,0.005235517819885156
2903.0,1451.5,0.004084851461519039,0.0,99.99999858142854,0.0,0.0035171772300378722
2903.5,1451.75,0.004085279047383012,0.0,99.99999857929221,0.0,0.0035205440818746863
2904.0,1452.0,0.004085701772583731,0.0,99.99999837900238,0.0,0.003938448884825324
2904.5,1452.25,0.00408612434677898,0.0,99.99999816099636,0.0,0.004311880905342854
2905.0,1452.5,0.004085394656497344,0.0,99.99999816153705,0.0,0.004310670490604705
2905.5,1452.75,0.004084660521629349,0.0,99.99999770618055,0.0,0.004751259502130823
2906.0,1453.0,0.004083926650558229,0.0,99.99999770516975,0.0,0.004751699691516457
2906.5,1453.25,0.004083202446697281,0.0,99.9999986360287,0.0,0.003966451395781889
2907.0,1453.5,0.0040824737995212934,0.0,99.99999846597429,0.0,0.004179510007733037
2907.5,1453.75,0.004081750110792004,0.0,99.99999879219659,0.0,0.0032309287701093484
2908.0,1454.0,0.004081026678589801,0.0,99.99999879318314,0.0,0.003229643330137162
2908.5,1454.25,0.0040802988076690284,0.0,99.99999725195543,0.0,0.00488606219951577
2909.0,1454.5,0.004079571196340581,0.0,99.99999828108737,0.0,0.003963303090134637
2909.5,1454.75,0.0040788485362270996,0.0,99.99999837095908,0.0,0.003818843566058369
2910.0,1455.0,0.004078126132094025,0.0,99.99999836753851,0.0,0.0038233078824733346
2910.5,1455.25,0.004077399295366529,0.0,99.99999768320352,0.0,0.004561707305614216
2911.0,1455.5,0.004076668030921056,0.0,99.9999986747305,0.0,0.004113165724432949
2911.5,1455.75,0.004075937028726965,0.0,99.99999868089665,0.0,0.004101775081585173
2912.0,1456.0,0.004075206288643207,0.0,99.99999868917489,0.0,0.004086804582724605
2912.5,1456.25,0.00407447112882154,0.0,99.99999880834943,0.0,0.004106802798464536
2913.0,1456.5,0.004073736234195029,0.0,99.9999988058463,0.0,0.0041115023585294045
2913.5,1456.75,0.00407299692630012,0.0,99.99999844983073,0.0,0.004251174252943658
2914.0,1457.0,0.004072253210086234,0.0,99.99999876236365,0.0,0.0041865587563764736
2914.5,1457.25,0.004071514440327512,0.0,99.99999825456052,0.0,0.004995774149280476
2915.0,1457.5,0.0040707759385687076,0.0,99.99999825337898,0.0,0.004997717271198858
2915.5,1457.75,0.004070033033150224,0.0,99.99999842672982,0.0,0.0045825485163749425
2916.0,1458.0,0.004069295068647837,0.0,99.99999852386544,0.0,0.004428061820601961
2916.5,1458.25,0.0040685573717073485,0.0,99.99999852263639,0.0,0.0044296029757931454
2917.0,1458.5,0.004067829275063725,0.0,99.99999893273646,0.0,0.0033449578450248743
2917.5,1458.75,0.004067101438969392,0.0,99.99999893249502,0.0,0.0033459661675787093
2918.0,1459.0,0.00406637386328452,0.0,99.99999893229192,0.0,0.003346853901891271
2918.5,1459.25,0.004065651209319124,0.0,99.99999762857385,0.0,0.005678629385133086
2919.0,1459.5,0.004064928812160396,0.0,99.99999762937632,0.0,0.005677245127842353
2919.5,1459.75,0.004064206671671471,0.0,99.99999763015876,0.0,0.005675915775196222
2920.0,1460.0,0.004063475474759698,0.0,99.99999850964895,0.0,0.004328345459802289
2920.5,1460.25,0.004062744540901847,0.0,99.99999850898502,0.0,0.004328788487214913
2921.0,1460.5,0.004062009216843248,0.0,99.9999986756482,0.0,0.0039383145580858606
2921.5,1460.75,0.004061264856086228,0.0,99.99999789910032,0.0,0.005120803490479398
2922.0,1461.0,0.004060520768086552,0.0,99.9999989113519,0.0,0.0031967737581339696
2922.5,1461.25,0.004059776952694325,0.0,99.9999989111498,0.0,0.003196907181040587
2923.0,1461.5,0.004059033409759766,0.0,99.99999891094834,0.0,0.00319707048178864
2923.5,1461.75,0.0040582901391332015,0.0,99.99999891076186,0.0,0.0031972477874337097
2924.0,1462.0,0.004057542497780137,0.0,99.99999841275702,0.0,0.003943845498860933
2924.5,1462.25,0.004056809055401871,0.0,99.9999977135549,0.0,0.004728711791670155
2925.0,1462.5,0.004056085157199037,0.0,99.9999975327244,0.0,0.005661507456318691
2925.5,1462.75,0.004055361517295328,0.0,99.9999975302871,0.0,0.005664451327911537
2926.0,1463.0,0.004054638135552522,0.0,99.99999752800163,0.0,0.005667234979742174
2926.5,1463.25,0.004053915011832493,0.0,99.99999752572529,0.0,0.005670023998581347
2927.0,1463.5,0.004053192145997216,0.0,99.99999752333345,0.0,0.005672960850928913
2927.5,1463.75,0.004052469537908761,0.0,99.99999752070397,0.0,0.005676184598051456
2928.0,1464.0,0.0040517471874293,0.0,99.99999751772096,0.0,0.00567982765951776
2928.5,1464.25,0.004051029722402788,0.0,99.999998769804,0.0,0.003388236531178058
2929.0,1464.5,0.004050321764140146,0.0,99.99999862359465,0.0,0.003115392972729059
2929.5,1464.75,0.004049604803795162,0.0,99.9999979807368,0.0,0.005065931739231741
2930.0,1465.0,0.004048883474138413,0.0,99.99999756091022,0.0,0.005292713572909929
2930.5,1465.25,0.004048162401407381,0.0,99.99999756049742,0.0,0.005292066413218278
2931.0,1465.5,0.004047441585464822,0.0,99.99999755971058,0.0,0.005291838664679899
2931.5,1465.75,0.004046725644326368,0.0,99.99999800136278,0.0,0.004979811550090527
2932.0,1466.0,0.004046000723396633,0.0,99.99999851292266,0.0,0.0037475890269021315
2932.5,1466.25,0.004045280676997001,0.0,99.99999825173724,0.0,0.0037868137448698147
2933.0,1466.5,0.00404456088683784,0.0,99.99999825194853,0.0,0.003788344124105873
2933.5,1466.75,0.004043841352782393,0.0,99.99999825219258,0.0,0.003789659146138744
2934.0,1467.0,0.004043122074694001,0.0,99.99999825245712,0.0,0.0037907608111167617
2934.5,1467.25,0.004042403052436101,0.0,99.99999825270868,0.0,0.0037917029902730455
2935.0,1467.5,0.004041679679218746,0.0,99.99999865320393,0.0,0.004097443965632654
2935.5,1467.75,0.004040951959850304,0.0,99.99999859000499,0.0,0.0041783326616195255
2936.0,1468.0,0.004040224502491813,0.0,99.9999985908923,0.0,0.00417699180958029
2936.5,1468.25,0.004039506510372168,0.0,99.99999827330797,0.0,0.0038377788484031195
2937.0,1468.5,0.004038788773397298,0.0,99.99999838390833,0.0,0.003678772771250372
2937.5,1468.75,0.004038071291431226,0.0,99.99999840098766,0.0,0.0032167458204287935
2938.0,1469.0,0.004037354064338072,0.0,99.99999840413345,0.0,0.003213115019567825
2938.5,1469.25,0.004036641687147747,0.0,99.99999821658365,0.0,0.0035477751738145677
2939.0,1469.5,0.004035929561306066,0.0,99.99999821862859,0.0,0.003545499706428392
2939.5,1469.75,0.0040352222786146875,0.0,99.99999761272502,0.0,0.00404978105580727
2940.0,1470.0,0.004034515243777562,0.0,99.99999761184127,0.0,0.004050935228127098
2940.5,1470.25,0.004033808456664429,0.0,99.99999814967731,0.0,0.003433585786593789
2941.0,1470.5,0.004033101917145119,0.0,99.99999798070726,0.0,0.0037608569792702304
2941.5,1470.75,0.0040323956250895516,0.0,99.9999979811769,0.0,0.0037605096857543825
2942.0,1471.0,0.004031689580367741,0.0,99.99999798162669,0.0,0.0037601516214370552
2942.5,1471.25,0.0040309837828497895,0.0,99.9999979820468,0.0,0.003759768663214435
2943.0,1471.5,0.00403028281310558,0.0,99.9999979449561,0.0,0.0036724668715472776
2943.5,1471.75,0.004029582087109883,0.0,99.99999794429178,0.0,0.003673978032852981
2944.0,1472.0,0.004030017781161059,0.0,99.9999973676478,0.0,0.004267513740763333
2944.5,1472.25,0.0040304441667613315,0.0,99.99999811597094,0.0,0.004298056922547853
2945.0,1472.5,0.004030870402235208,0.0,99.99999811909677,0.0,0.0042948620468220245
2945.5,1472.75,0.004031296487661961,0.0,99.9999980284464,0.0,0.004510742068726517
2946.0,1473.0,0.004031717845602578,0.0,99.99999838993972,0.0,0.003293899610378129
2946.5,1473.25,0.004032139054309008,0.0,99.99999837775876,0.0,0.0033108079478734406
2947.0,1473.5,0.004032560113860521,0.0,99.9999983678499,0.0,0.0033246745146955667
2947.5,1473.75,0.004032971871326183,0.0,99.99999827608046,0.0,0.00327240252879327
2948.0,1474.0,0.004033383481167332,0.0,99.99999827470839,0.0,0.0032746385105201464
2948.5,1474.25,0.0040326605804308765,0.0,99.99999864836549,0.0,0.002930349128165996
2949.0,1474.5,0.004031942511644998,0.0,99.9999985547258,0.0,0.0031335871430865974
2949.5,1474.75,0.0040312292697861915,0.0,99.99999777268553,0.0,0.004860276324570953
2950.0,1475.0,0.004030516280224621,0.0,99.99999777422602,0.0,0.004859755283415298
2950.5,1475.25,0.004029798974810072,0.0,99.9999978776974,0.0,0.00457831621300853
2951.0,1475.5,0.004029081924665802,0.0,99.9999978781718,0.0,0.00457938174684327
2951.5,1475.75,0.0040283651296555666,0.0,99.99999787858916,0.0,0.004580451240830707
2952.0,1476.0,0.004027648589643221,0.0,99.99999787898462,0.0,0.004581423135654045
2952.5,1476.25,0.00402693230449272,0.0,99.99999787939709,0.0,0.004582231577929799
2953.0,1476.5,0.004026225393873569,0.0,99.99999819417954,0.0,0.004567579018814975
2953.5,1476.75,0.004025514173093712,0.0,99.99999745561846,0.0,0.006074798061645559
2954.0,1477.0,0.004024803203539562,0.0,99.99999745656847,0.0,0.006074129636331476
2954.5,1477.25,0.0040240924850780315,0.0,99.99999745764603,0.0,0.006073276260926283
2955.0,1477.5,0.004023382017576124,0.0,99.99999745894425,0.0,0.006072153965244545
2955.5,1477.75,0.004022667249038747,0.0,99.99999744548664,0.0,0.00575143345631721
2956.0,1478.0,0.004021952734418751,0.0,99.99999744571556,0.0,0.005751683519111143
2956.5,1478.25,0.004021247570849745,0.0,99.99999788712628,0.0,0.005106765006786516
2957.0,1478.5,0.004020542654508154,0.0,99.99999788426281,0.0,0.005110303540710498
2957.5,1478.75,0.004019833439812747,0.0,99.99999795650388,0.0,0.0051346006160783685
2958.0,1479.0,0.0040191244752809715,0.0,99.9999979548731,0.0,0.005136446633186827
2958.5,1479.25,0.004018415760780488,0.0,99.99999795325998,0.0,0.005138235569679518
2959.0,1479.5,0.004017707296179053,0.0,99.99999795165661,0.0,0.005139972024906784
2959.5,1479.75,0.004017003620388073,0.0,99.99999835573512,0.0,0.004003965785136292
2960.0,1480.0,0.004016300191042577,0.0,99.99999837772435,0.0,0.003870284383061882
2960.5,1480.25,0.004015597008013121,0.0,99.99999837589085,0.0,0.003872513173927667
2961.0,1480.5,0.00401489407117035,0.0,99.99999837407437,0.0,0.0038747115230070954
2961.5,1480.75,0.004014191380385001,0.0,99.99999837227242,0.0,0.0038768851145035304
2962.0,1481.0,0.004013488935527901,0.0,99.99999837047734,0.0,0.003879047935847449
2962.5,1481.25,0.0040127867364699666,0.0,99.99999836869046,0.0,0.003881203720946918
2963.0,1481.5,0.004012084783082207,0.0,99.99999836691471,0.0,0.003883353068075349
2963.5,1481.75,0.004011387601596431,0.0,99.9999984389389,0.0,0.003805041746576207
2964.0,1482.0,0.0040106906623675375,0.0,99.9999984364315,0.0,0.0038084256611357965
2964.5,1482.25,0.004009989442053115,0.0,99.9999983052627,0.0,0.004341189406111364
2965.0,1482.5,0.004009297510175496,0.0,99.99999862290358,0.0,0.0037836591641280215
2965.5,1482.75,0.00400861033714048,0.0,99.99999852647178,0.0,0.0038538671613907284
2966.0,1483.0,0.004007923399620967,0.0,99.99999852643143,0.0,0.003853919016760389
2966.5,1483.25,0.0040072366974958995,0.0,99.99999852647547,0.0,0.0038538718656504385
2967.0,1483.5,0.004006550230644305,0.0,99.99999852657547,0.0,0.003853766077688415
2967.5,1483.75,0.00400699082426145,0.0,99.99999852670676,0.0,0.003853634223146862
2968.0,1484.0,0.004007431266976941,0.0,99.99999852685362,0.0,0.003853493951221019
2968.5,1484.25,0.004007871558868289,0.0,99.99999852701073,0.0,0.00385334583433297
2969.0,1484.5,0.004008311700012952,0.0,99.99999839627961,0.0,0.003988350813434908
2969.5,1484.75,0.004008756204563676,0.0,99.99999809550954,0.0,0.004591438007388757
2970.0,1485.0,0.004009200557978039,0.0,99.99999809436866,0.0,0.004592398246659324
2970.5,1485.25,0.004009644760333109,0.0,99.99999809318749,0.0,0.004593399154937318
2971.0,1485.5,0.004010093324989758,0.0,99.99999830015388,0.0,0.0045846364934922215
2971.5,1485.75,0.004010537225189865,0.0,99.99999826621524,0.0,0.004180445594439093
2972.0,1486.0,0.004010980974561492,0.0,99.99999826632109,0.0,0.0041800741106693155
2972.5,1486.25,0.004011424573181501,0.0,99.9999982665293,0.0,0.004179590256893174
2973.0,1486.5,0.004011868021126697,0.0,99.99999826687488,0.0,0.0041789638568389565
2973.5,1486.75,0.004012302294591601,0.0,99.99999718206904,0.0,0.00412891529525366
2974.0,1487.0,0.004012736418646801,0.0,99.9999979790153,0.0,0.004730097742226665
2974.5,1487.25,0.004013170393369388,0.0,99.99999797966653,0.0,0.004729149555082968
2975.0,1487.5,0.0040136042188364035,0.0,99.99999798047045,0.0,0.004728036880219304
2975.5,1487.75,0.004014037895124832,0.0,99.99999798136798,0.0,0.004726827585503865
2976.0,1488.0,0.004014466911826667,0.0,99.99999847678745,0.0,0.0037347916330154494
2976.5,1488.25,0.004014895780090655,0.0,99.99999847495982,0.0,0.003736903715098645
2977.0,1488.5,0.004015324499993822,0.0,99.99999847321975,0.0,0.0037389354599128535
2977.5,1488.75,0.004015748562034107,0.0,99.99999846232454,0.0,0.0037667431820381553
2978.0,1489.0,0.00401617698574521,0.0,99.9999984113496,0.0,0.0038648070259428334
2978.5,1489.25,0.004016605261326311,0.0,99.99999841087025,0.0,0.003865211498176127
2979.0,1489.5,0.004017028880181648,0.0,99.99999758088836,0.0,0.004498139796278711
2979.5,1489.75,0.004017447843315045,0.0,99.9999977342725,0.0,0.004932333303142013
2980.0,1490.0,0.0040178711678193315,0.0,99.99999720019943,0.0,0.005513229031912043
2980.5,1490.25,0.004018289837383782,0.0,99.9999973428002,0.0,0.00494240644419072
2981.0,1490.5,0.004018708360438772,0.0,99.99999734386334,0.0,0.004941023823061617
2981.5,1490.75,0.004020266178627659,0.0,99.999998165032,0.0,0.003925408326897151
2982.0,1491.0,0.004021818956479815,0.0,99.99999834225707,0.0,0.0037764860883840634
2982.5,1491.25,0.004023366691366633,0.0,99.99999847867677,0.0,0.004102228634326198
2983.0,1491.5,0.004024918403213658,0.0,99.99999792734107,0.0,0.005055931434068184
2983.5,1491.75,0.004026469582952782,0.0,99.99999786084582,0.0,0.005157937783886851
2984.0,1492.0,0.004028024744060764,0.0,99.99999845753361,0.0,0.004113994665326151
2984.5,1492.25,0.004029579375544027,0.0,99.99999838917168,0.0,0.004265021923331086
2985.0,1492.5,0.0040311379928315415,0.0,99.99999873924295,0.0,0.003789637064185387
2985.5,1492.75,0.004032696082987756,0.0,99.99999873836032,0.0,0.0037904933115545576
2986.0,1493.0,0.004034253646280044,0.0,99.99999873749019,0.0,0.003791364761451177
2986.5,1493.25,0.004035810682975596,0.0,99.99999873657126,0.0,0.0037923353460479455
2987.0,1493.5,0.004037367193341422,0.0,99.99999873554765,0.0,0.0037934829365647974
2987.5,1493.75,0.004037795014755634,0.0,99.99999855471454,0.0,0.003842532031853456
2988.0,1494.0,0.004038213652720339,0.0,99.99999858224348,0.0,0.003673140811255922
2988.5,1494.25,0.0040386321454981555,0.0,99.99999857922892,0.0,0.003676900641483708
2989.0,1494.5,0.0040390504931645975,0.0,99.99999857619252,0.0,0.0036806946146358396
2989.5,1494.75,0.004039468695795128,0.0,99.99999857314724,0.0,0.0036845012966006197
2990.0,1495.0,0.004039882236258754,0.0,99.99999873281486,0.0,0.0032744614795917858
2990.5,1495.25,0.004040295632478432,0.0,99.99999873037446,0.0,0.0032779038598097386
2991.0,1495.5,0.004040713401084677,0.0,99.99999778624478,0.0,0.004402566221650056
2991.5,1495.75,0.004041131024956443,0.0,99.99999778196698,0.0,0.004407149467423046
2992.0,1496.0,0.004041553020102732,0.0,99.99999738184563,0.0,0.004970336689615114
2992.5,1496.25,0.00404197487004347,0.0,99.99999737421759,0.0,0.004977882005754331
2993.0,1496.5,0.00404239657485359,0.0,99.99999736683021,0.0,0.004985236041187916
2993.5,1496.75,0.004042818134607975,0.0,99.99999735966696,0.0,0.004992415324251711
2994.0,1497.0,0.0040443561579286465,0.0,99.99999735268462,0.0,0.004999461318568253
2994.5,1497.25,0.00404588913549263,0.0,99.99999833100077,0.0,0.003766155172317594
2995.0,1497.5,0.004047417064785462,0.0,99.99999878633689,0.0,0.0031260801803894215
2995.5,1497.75,0.004048944462052864,0.0,99.99999878182439,0.0,0.0031318296472425517
2996.0,1498.0,0.004050462288299185,0.0,99.99999821260096,0.0,0.0039041230799655587
2996.5,1498.25,0.004051975058933255,0.0,99.99999839467837,0.0,0.0036329104830791544
2997.0,1498.5,0.004053487292975442,0.0,99.99999839333704,0.0,0.0036339333063760875
2997.5,1498.75,0.004054998990711198,0.0,99.99999839215641,0.0,0.003634752414228846
2998.0,1499.0,0.004056514675595905,0.0,99.99999884686144,0.0,0.002913650546303999
2998.5,1499.25,0.004058029826519225,0.0,99.99999743845137,0.0,0.004813327610673412
2999.0,1499.5,0.004059548968727429,0.0,99.99999901190093,0.0,0.0027719861898216603
2999.5,1499.75,0.004061072105204502,0.0,99.99999869669594,0.0,0.0032294490543652173
3000.0,1500.0,0.004062594712164162,0.0,99.99999869538296,0.0,0.0032314684448863725
