frame_idx,time_fs,time_ps,total_persistence_H0,total_persistence_H1,n_features_H0,n_features_H1,mean_lifetime_H0,mean_lifetime_H1
0,0.0,0.0,424.5040058300665,48.2428434367312,146,65,2.907561683767579,0.7421975913343262
1,0.5,0.0005,424.52115603519394,48.22750697964226,146,65,2.9076791509259854,0.7419616458406502
2,1.0,0.001,424.5323241882698,48.19767384539751,146,65,2.9077556451251354,0.7415026745445772
3,1.5,0.0015,424.5435849148209,48.16935319456471,146,65,2.9078327733891847,0.7410669722240724
4,2.0,0.002,424.5529907639785,48.139559993908044,146,65,2.9078971970135514,0.7406086152908928
5,2.5,0.0025,424.562927493343,48.11025818981054,146,64,2.9079652568037195,0.7517227842157896
6,3.0,0.003,424.5728108568416,48.08286713573689,146,64,2.908032951074257,0.7512947989958889
7,3.5,0.0035,424.5792503395169,48.04987171631354,146,64,2.9080770571199785,0.750779245567399
8,4.0,0.004,424.58041946166117,48.0092639564759,146,65,2.9080850648058987,0.7386040608688601
9,4.5,0.0045,424.5749901880408,47.96252574239475,146,64,2.90804787800028,0.7494144647249179
10,5.0,0.005,424.56844356167704,47.915551517313475,146,64,2.9080030380936788,0.748680492458023
11,5.5,0.0055,424.55556033046093,47.861222796968995,146,64,2.907914796783979,0.7478316062026406
12,6.0,0.006,424.54216048178483,47.805585165932655,146,64,2.9078230169985266,0.7469622682176977
13,6.5,0.0065,424.52894984881186,47.74956605639779,146,64,2.90773253321104,0.7460869696312155
14,7.0,0.007,424.5161552967682,47.693391704540886,146,64,2.907644899292933,0.7452092453834513
15,7.5,0.0075,424.5040728888613,47.637571668007176,146,64,2.9075621430743923,0.744337057312612
16,8.0,0.008,424.49281622852726,47.58243575554792,146,64,2.907485042661145,0.7434755586804364
17,8.5,0.0085,424.4822702827798,47.52920651972312,146,64,2.9074128101560257,0.7426438518706737
18,9.0,0.009,424.47211750982865,47.47790489112104,146,64,2.907343270615265,0.7418422639237663
19,9.5,0.0095,424.45578796946484,47.422484440577996,146,64,2.9072314244483892,0.7409763193840311
20,10.0,0.01,424.4306773190554,47.36299009906253,146,64,2.9070594336921602,0.740046720297852
21,10.5,0.0105,424.4047392710853,47.304376297408766,146,64,2.9068817758293513,0.739130879647012
22,11.0,0.011,424.38087386059357,47.24787822891633,146,64,2.9067183141136548,0.7382480973268176
23,11.5,0.0115,424.359061391557,47.192014455945355,146,64,2.9065689136408017,0.7373752258741462
24,12.0,0.012,424.3404204223289,47.14190572985954,146,64,2.906441235769376,0.7365922770290554
25,12.5,0.0125,424.32763804486456,47.094671266609986,146,64,2.9063536852387983,0.735854238540781
26,13.0,0.013,424.32233419863576,47.054707325494576,146,65,2.906317357524903,0.7239185742383781
27,13.5,0.0135,424.32515865899467,47.02168339853415,146,65,2.9063367031437997,0.7234105138236023
28,14.0,0.014,424.33632079682656,46.994478083432654,146,66,2.906413156142648,0.7120375467186766
29,14.5,0.0145,424.35077412089765,46.968362879022536,146,66,2.9065121515129975,0.7116418618033717
30,15.0,0.015,424.3663441476668,46.94307387284936,146,67,2.9066187955319642,0.7006428936246173
31,15.5,0.0155,424.3856747672696,46.92062448726875,146,67,2.906751197036093,0.7003078281681904
32,16.0,0.016,424.40402993695204,46.89396199777235,146,67,2.9068769173763838,0.6999098805637665
33,16.5,0.0165,424.4193024553547,46.86368050937561,146,67,2.9069815236668126,0.6994579180503822
34,17.0,0.017,424.43752670145415,46.83321250034159,146,67,2.9071063472702336,0.6990031716468894
35,17.5,0.0175,424.4589680287676,46.8062160418476,146,67,2.9072532056764904,0.6986002394305612
36,18.0,0.018,424.4837614434288,46.77632377866554,146,67,2.907423023585129,0.6981540862487395
37,18.5,0.0185,424.51176117760133,46.75115176007066,146,67,2.90761480258631,0.6977783844786666
38,19.0,0.019,424.54276800096716,46.72991736319202,146,67,2.9078271780888163,0.6974614531819705
39,19.5,0.0195,424.5762451927281,46.711761300381276,146,66,2.908056473922795,0.7077539590966861
40,20.0,0.02,424.6118962659523,46.69964822500624,146,66,2.9083006593558376,0.7075704276516097
41,20.5,0.0205,424.6489677327648,46.691002197800735,146,66,2.9085545735120872,0.707439427239405
42,21.0,0.021,424.68672455088546,46.68550522884972,146,66,2.9088131818553804,0.7073561398310564
43,21.5,0.0215,424.7230945431543,46.680855759693216,146,66,2.9090622913914674,0.7072856933286851
44,22.0,0.022,424.7558567235367,46.67377341312781,146,66,2.9092866898872374,0.7071783850473911
45,22.5,0.0225,424.7864425062543,46.66503940611652,146,66,2.909496181549687,0.7070460516078261
46,23.0,0.023,424.8163454554494,46.65570677339117,146,66,2.909700996270201,0.7069046480816843
47,23.5,0.0235,424.84506220872703,46.64486270929943,146,66,2.9098976863611434,0.7067403440802943
48,24.0,0.024,424.8721022939953,46.632217788063805,146,67,2.910082892424625,0.6960032505681164
49,24.5,0.0245,424.8973191198929,46.622055572200416,146,67,2.9102556104102257,0.6958515757044839
50,25.0,0.025,424.9190408702334,46.60794888389448,146,67,2.9104043895221468,0.695641028117828
51,25.5,0.0255,424.93950673344693,46.59271731626716,146,67,2.9105445666674448,0.6954136912875697
52,26.0,0.026,424.95958702196646,46.57393067212771,146,66,2.9106821028901813,0.7056656162443592
53,26.5,0.0265,424.9802232341864,46.555054738804515,146,66,2.9108234468094953,0.7053796172546137
54,27.0,0.027,425.00284245732473,46.533788434319625,146,66,2.910978372995375,0.7050574005199944
55,27.5,0.0275,425.0272349344809,46.50858489071781,146,66,2.911145444756719,0.7046755286472396
56,28.0,0.028,425.050109364266,46.4804151068337,146,66,2.911302118933329,0.7042487137399046
57,28.5,0.0285,425.07562929614807,46.455508098319484,146,66,2.9114769129873155,0.7038713348230223
58,29.0,0.029,425.1057443276938,46.43338655060961,146,66,2.91168318032667,0.7035361598577213
59,29.5,0.0295,425.1407461345169,46.414402874947115,146,66,2.911922918729568,0.7032485284082897
60,30.0,0.03,425.1806886498662,46.40281994446934,146,66,2.912196497601824,0.7030730294616566
61,30.5,0.0305,425.2208744685668,46.394431719412644,146,66,2.9124717429353897,0.7029459351426158
62,31.0,0.031,425.258692069186,46.38856810750382,146,66,2.9127307675971643,0.7028570925379367
63,31.5,0.0315,425.29630200289176,46.391218401398056,146,66,2.9129883698828203,0.7028972485060312
64,32.0,0.032,425.331862811317,46.40096411195047,146,66,2.913231937063815,0.7030449107871284
65,32.5,0.0325,425.36505544794505,46.41289427070545,146,66,2.913459283890035,0.7032256707682644
66,33.0,0.033,425.3964011565654,46.42730357484254,146,66,2.9136739805244205,0.7034439935582202
67,33.5,0.0335,425.426804044976,46.439679823671426,146,66,2.9138822194861365,0.7036315124798701
68,34.0,0.034,425.4570287707882,46.44656831677795,146,66,2.9140892381560835,0.7037358835875447
69,34.5,0.0345,425.4880159358685,46.449809759799535,146,66,2.914301479012798,0.7037849963605989
70,35.0,0.035,425.5206899480068,46.44851589940149,146,66,2.914525273616485,0.703765392415174
71,35.5,0.0355,425.5556543029931,46.44505178873578,146,66,2.914764755499953,0.7037129058899358
72,36.0,0.036,425.5934768033892,46.439729747547396,146,66,2.915023813721844,0.7036322689022333
73,36.5,0.0365,425.6346131966861,46.42890104003029,146,67,2.915305569840316,0.6929686722392581
74,37.0,0.037,425.67925958672316,46.417720427194524,146,67,2.915611367032351,0.6928017974208138
75,37.5,0.0375,425.7221011805102,46.400253466197526,146,67,2.915904802606234,0.6925410965104107
76,38.0,0.038,425.7646714883807,46.38022651388795,146,67,2.9161963800574022,0.6922421867744468
77,38.5,0.0385,425.8100304756449,46.366068361446644,146,68,2.916507058052362,0.6818539464918625
78,39.0,0.039,425.8542476093136,46.35103596176638,146,68,2.916809915132285,0.6816328817906818
79,39.5,0.0395,425.8942080194267,46.329229272894295,146,68,2.917083616571416,0.6813121951896219
80,40.0,0.04,425.9303640102003,46.30460826592998,146,68,2.917331260343838,0.680950121557794
81,40.5,0.0405,425.95885199121534,46.276528941184026,146,68,2.9175263835014746,0.6805371903115297
82,41.0,0.041,425.98053067889293,46.24628005415545,146,68,2.91767486766365,0.6800923537375801
83,41.5,0.0415,425.99774219565876,46.21596757319087,146,68,2.917792754764786,0.6796465819586893
84,42.0,0.042,426.008483894237,46.182884196105064,146,68,2.917866328042719,0.6791600617074273
85,42.5,0.0425,426.0107901409655,46.14428765569288,146,68,2.9178821242531887,0.6785924655248954
86,43.0,0.043,426.0054861194957,46.10232747719666,146,68,2.9178457953390113,0.6779754040764214
87,43.5,0.0435,425.9963548649796,46.06105863179973,146,68,2.91778325249986,0.6773685092911725
88,44.0,0.044,425.9847356727529,46.016375963601845,146,68,2.917703668991458,0.6767114112294389
89,44.5,0.0445,425.96636571948653,45.96316026545251,146,69,2.9175778473937433,0.6661327574703261
90,45.0,0.045,425.9478296526507,45.91101171273491,146,69,2.917450888031854,0.6653769813439842
91,45.5,0.0455,425.9304706652829,45.85506636834391,146,69,2.917331990858102,0.6645661792513611
92,46.0,0.046,425.9077646018732,45.78609642572002,146,69,2.9171764698758444,0.6635666148655074
93,46.5,0.0465,425.88534574645246,45.7152388432735,146,68,2.917022916071592,0.6722829241657868
94,47.0,0.047,425.8648735831897,45.64491219826983,146,68,2.916882695775272,0.6712487087980856
95,47.5,0.0475,425.84818617030766,45.5828027685776,146,68,2.9167683984267647,0.6703353348320237
96,48.0,0.048,425.8356164883439,45.5206160923453,146,68,2.916682304714684,0.6694208248874308
97,48.5,0.0485,425.8275042507774,45.46314563536944,146,68,2.9166267414436806,0.6685756711083741
98,49.0,0.049,425.82422986236264,45.41155430001485,146,68,2.916604314125771,0.6678169750002184
99,49.5,0.0495,425.8262136919492,45.36661685114376,146,68,2.916617901999652,0.6671561301638788
100,50.0,0.05,425.8334816210606,45.329967028229554,146,68,2.9166676823360316,0.6666171621798462
101,50.5,0.0505,425.84522084994546,45.30122652595208,146,68,2.916748088013325,0.6661945077345895
102,51.0,0.051,425.85991287316693,45.27706171258053,146,68,2.916848718309363,0.6658391428320667
103,51.5,0.0515,425.867480507291,45.24699714332032,146,68,2.9169005514198014,0.6653970168135341
104,52.0,0.052,425.87230551766476,45.218239823457544,146,68,2.9169335994360597,0.664974115050846
105,52.5,0.0525,425.8767649690276,45.191017715742255,146,68,2.916964143623477,0.6645737899373863
106,53.0,0.053,425.8827002453272,45.166483249994045,146,68,2.9170047962008714,0.6642129889705005
107,53.5,0.0535,425.8906968231078,45.14292248066317,146,68,2.9170595672815605,0.6638665070685761
108,54.0,0.054,425.90086731524224,45.1193727536432,146,68,2.9171292281865906,0.6635201875535766
109,54.5,0.0545,425.9138438005117,45.09588876403269,146,68,2.917218108222683,0.6631748347651867
110,55.0,0.055,425.93036499126237,45.072694905275554,146,68,2.917331267063441,0.6628337486069934
111,55.5,0.0555,425.9508288284648,45.04997943757216,146,68,2.9174714303319504,0.6624996976113552
112,56.0,0.056,425.9736600638683,45.02630560982157,146,68,2.9176278086566323,0.6621515530856114
113,56.5,0.0565,425.9866374809407,44.99169415507241,146,69,2.9177166950749367,0.6520535384793104
114,57.0,0.057,425.9815214719476,44.9454896835767,146,70,2.9176816539174495,0.6420784240510957
115,57.5,0.0575,425.9771726888347,44.902074774978516,146,70,2.9176518677317445,0.6414582110711217
116,58.0,0.058,425.97452849153774,44.85725710722626,146,70,2.9176337567913544,0.6408179586746607
117,58.5,0.0585,425.9732522848208,44.81655971511494,146,69,2.9176250156494574,0.6495153581900717
118,59.0,0.059,425.97342708308383,44.77808572018979,146,69,2.9176262128978343,0.6489577640607216
119,59.5,0.0595,425.9755306023808,44.75280232662932,146,69,2.917640620564252,0.6485913380670916
120,60.0,0.06,425.97831541689357,44.73205972195791,146,69,2.9176596946362574,0.6482907206080857
121,60.5,0.0605,425.9822448611834,44.72009221417447,146,69,2.9176866086382427,0.6481172784662966
122,61.0,0.061,425.98987222051585,44.71322944044812,146,69,2.917738850825451,0.6480178179775089
123,61.5,0.0615,426.00182584186683,44.70852781610682,146,69,2.917820724944294,0.6479496784943019
124,62.0,0.062,426.0177609616705,44.70410133404791,146,69,2.9179298696004827,0.6478855265804044
125,62.5,0.0625,426.036404549913,44.698348377262896,146,69,2.918057565410363,0.6478021503951146
126,63.0,0.063,426.05476272189907,44.68868184965571,146,69,2.918183306314377,0.6476620557921116
127,63.5,0.0635,426.0723696794612,44.678570373245286,146,69,2.918303901914118,0.6475155126557289
128,64.0,0.064,426.09111977711405,44.66902901578489,146,69,2.9184323272405073,0.6473772321128245
129,64.5,0.0645,426.10963082183355,44.661385816811496,146,70,2.918559115218038,0.6380197973830214
130,65.0,0.065,426.124150068835,44.64922639393295,146,70,2.9186585621153083,0.6378460913418994
131,65.5,0.0655,426.13697638884423,44.631859214215964,146,70,2.918746413622221,0.6375979887745137
132,66.0,0.066,426.1484725098705,44.611476297293876,146,70,2.9188251541771955,0.6373068042470553
133,66.5,0.0665,426.15750695537423,44.589650460337054,146,70,2.918887033940919,0.6369950065762436
134,67.0,0.067,426.1618001948142,44.5653550288679,146,68,2.9189164396905083,0.6553728680715868
135,67.5,0.0675,426.1672054420122,44.5441618044754,146,68,2.9189534619315904,0.6550612030069911
136,68.0,0.068,426.1756463694738,44.52495943405633,146,68,2.9190112765032454,0.6547788152067106
137,68.5,0.0685,426.18825031064716,44.50931712765499,146,68,2.9190976048674457,0.6545487812890439
138,69.0,0.069,426.2062413358545,44.50234400238887,146,68,2.9192208310674967,0.6544462353292481
139,69.5,0.0695,426.2305039804004,44.50222434821451,146,68,2.919387013564386,0.6544444757090371
140,70.0,0.07,426.2562945941454,44.50299611112374,146,68,2.9195636616037355,0.6544558251635845
141,70.5,0.0705,426.28227194109655,44.509812418776036,146,70,2.919741588637647,0.635854463125372
142,71.0,0.071,426.2992733219664,44.509284669708535,146,70,2.9198580364518247,0.6358469238529791
143,71.5,0.0715,426.31441912125695,44.50901893158097,146,69,2.91996177480313,0.6450582453852313
144,72.0,0.072,426.3325784597693,44.51076519114522,146,69,2.920086153834036,0.6450835534948581
145,72.5,0.0725,426.35184665856633,44.50556420572335,146,69,2.9202181277984,0.6450081768945413
146,73.0,0.073,426.37775201658593,44.492970128539575,146,69,2.920395561757438,0.6448256540368056
147,73.5,0.0735,426.4102675458057,44.47569825027193,146,69,2.920618270861683,0.6445753369604628
148,74.0,0.074,426.4475613572578,44.45789996276602,146,69,2.920873707926423,0.6443173907647248
149,74.5,0.0745,426.4914739457414,44.442305823240616,146,69,2.9211744790804204,0.6440913887426177
150,75.0,0.075,426.54089108021583,44.42976731034175,146,69,2.921512952604218,0.6439096711643733
151,75.5,0.0755,426.59031623341394,44.41653122955718,146,69,2.9218514810507803,0.6437178439066256
152,76.0,0.076,426.6344710331172,44.398813341157336,146,70,2.922153911185734,0.6342687620165336
153,76.5,0.0765,426.676896098665,44.386865836895545,146,69,2.9224444938264726,0.6432879106796456
154,77.0,0.077,426.71427928445445,44.378955700126156,146,69,2.9227005430442086,0.643173271016321
155,77.5,0.0775,426.7512155340484,44.37521611013741,146,69,2.9229535310551262,0.6431190740599625
156,78.0,0.078,426.77859397129197,44.3654691333562,146,69,2.9231410545978904,0.6429778135269016
157,78.5,0.0785,426.8072894646848,44.358756728898086,146,69,2.9233375990731836,0.6428805323028708
158,79.0,0.079,426.83670998764967,44.35304664606443,146,69,2.92353910950445,0.6427977774791948
159,79.5,0.0795,426.8687586255194,44.353687331339174,146,70,2.9237586207227353,0.6336241047334168
160,80.0,0.08,426.89693662871133,44.3520471009712,146,70,2.923951620744598,0.6336006728710171
161,80.5,0.0805,426.9267338838478,44.350342014009634,146,71,2.9241557115332037,0.624652704422671
162,81.0,0.081,426.9531748823869,44.34860603510354,146,71,2.9243368142629245,0.6246282540155429
163,81.5,0.0815,426.9767875271723,44.338218793408146,146,71,2.9244985447066596,0.6244819548367343
164,82.0,0.082,426.9916474270811,44.3179850448109,146,72,2.9246003248430212,0.615527570066818
165,82.5,0.0825,427.0080620075358,44.30291643671253,146,71,2.9247127534762725,0.6239847385452469
166,83.0,0.083,427.0267666270064,44.29036832521806,146,71,2.924840867308263,0.6238080045805361
167,83.5,0.0835,427.04757101314743,44.2766028553721,146,71,2.9249833631037494,0.6236141247235507
168,84.0,0.084,427.0626573254338,44.25788062532163,146,71,2.9250866940098206,0.6233504313425582
169,84.5,0.0845,427.07193561518454,44.233497008972726,146,71,2.92515024393962,0.6230070001263766
170,85.0,0.085,427.0817966440169,44.206548482125626,146,71,2.9252177852329924,0.6226274434102201
171,85.5,0.0855,427.09174787776584,44.18223775934051,146,71,2.9252859443682597,0.6222850388639508
172,86.0,0.086,427.10147687350883,44.162014859995665,146,71,2.9253525813254027,0.6220002092957135
173,86.5,0.0865,427.11075216965406,44.14241924482707,146,71,2.925416110751055,0.6217242147158742
174,87.0,0.087,427.11875576897717,44.121150999918136,146,71,2.9254709299245016,0.6214246619706779
175,87.5,0.0875,427.12397043880594,44.100370831376544,146,71,2.9255066468411366,0.6211319835405148
176,88.0,0.088,427.12235930144965,44.075324860115536,146,71,2.9254956116537643,0.620779223381909
177,88.5,0.0885,427.1104744710223,44.04213876365938,146,71,2.9254142087056327,0.6203118135726673
178,89.0,0.089,427.0982061627088,44.01095752824957,146,70,2.925330179196636,0.6287279646892796
179,89.5,0.0895,427.0878221484548,43.98319142505966,146,70,2.9252590558113347,0.6283313060722807
180,90.0,0.09,427.0792637307691,43.95523506390944,146,70,2.925200436512117,0.6279319294844207
181,90.5,0.0905,427.07374998568156,43.92704634172787,146,70,2.9251626711348053,0.6275292334532553
182,91.0,0.091,427.0725794516157,43.89907559320251,146,70,2.92515465377819,0.6271296513314647
183,91.5,0.0915,427.07626848908967,43.87248974994368,146,69,2.9251799211581484,0.6358331847817924
184,92.0,0.092,427.0851061554402,43.84870728826243,146,69,2.925240453119453,0.6354885114240932
185,92.5,0.0925,427.099174243715,43.82690871360987,146,69,2.925336809888459,0.6351725900523171
186,93.0,0.093,427.1182729753857,43.80608549302528,146,69,2.92546762311908,0.634870804246743
187,93.5,0.0935,427.1410234570697,43.78582239293614,146,69,2.9256234483360943,0.6345771361295093
188,94.0,0.094,427.16204600926596,43.76221573069128,146,69,2.92576743841963,0.6342350105897288
189,94.5,0.0945,427.1859635825723,43.74127970453923,146,69,2.9259312574148786,0.6339315899208584
190,95.0,0.095,427.2118215245386,43.723217764616784,146,69,2.926108366606429,0.6336698226756056
191,95.5,0.0955,427.23866089268785,43.70915317806327,146,69,2.926292197895122,0.6334659880878734
192,96.0,0.096,427.26573206981914,43.70228296721815,146,70,2.9264776169165696,0.6243183281031165
193,96.5,0.0965,427.29239686460517,43.699265233746715,146,70,2.926660252497295,0.624275217624953
194,97.0,0.097,427.31432769849886,43.69532569698979,146,70,2.9268104636883483,0.6242189385284256
195,97.5,0.0975,427.32797883497693,43.686587923432946,146,70,2.926903964623129,0.6240941131918992
196,98.0,0.098,427.33695609234803,43.67651832694843,146,70,2.926965452687315,0.6239502618135491
197,98.5,0.0985,427.3365866278754,43.66013357378116,146,70,2.9269629221087357,0.6237161939111594
198,99.0,0.099,427.32846979114146,43.63698360312813,146,70,2.9269073273365853,0.6233854800446875
199,99.5,0.0995,427.31873926769083,43.61260182682175,146,70,2.9268406799156907,0.6230371689545965
200,100.0,0.1,427.30926804934796,43.5906150758441,146,70,2.9267758085571782,0.6227230725120586
201,100.5,0.1005,427.3010496187618,43.56803673706108,146,69,2.9267195179367245,0.6314208222762475
202,101.0,0.101,427.2943749758292,43.54365910953821,146,69,2.9266738012043096,0.6310675233266408
203,101.5,0.1015,427.28714003950114,43.51774212961325,146,69,2.9266242468458987,0.6306919149219311
204,102.0,0.102,427.2765591322348,43.49251026093571,146,69,2.9265517748783205,0.630326235665735
205,102.5,0.1025,427.2669455304997,43.4720629529752,146,69,2.9264859282910938,0.6300298978692057
206,103.0,0.103,427.2580453437823,43.45199227342099,146,69,2.926424968108098,0.6297390184553766
207,103.5,0.1035,427.2495956817171,43.431054022494024,146,69,2.926367093710391,0.6294355655433915
208,104.0,0.104,427.2415057065554,43.406567692411976,146,69,2.9263116829216123,0.6290806911943764
209,104.5,0.1045,427.2338055547381,43.38090922749562,146,69,2.9262589421557403,0.6287088293839945
210,105.0,0.105,427.2265842249207,43.35581363564518,146,69,2.926209480992607,0.6283451251542779
211,105.5,0.1055,427.2199086402708,43.33090192716862,146,70,2.926163757810073,0.6190128846738373
212,106.0,0.106,427.2139148792419,43.31104327966564,146,70,2.9261227046523417,0.6187291897095092
213,106.5,0.1065,427.208922218208,43.2931798603124,146,70,2.92608850834389,0.6184739980044628
214,107.0,0.107,427.2055173921541,43.279358703582034,146,70,2.926065187617494,0.6182765529083147
215,107.5,0.1075,427.202949724363,43.270536303303324,146,70,2.926047600851801,0.6181505186186188
216,108.0,0.108,427.20045625241283,43.26624144550433,146,70,2.926030522276801,0.6180891635072047
217,108.5,0.1085,427.2013338653414,43.271724824018946,146,70,2.9260365333242557,0.6181674974859848
218,109.0,0.109,427.2056144633136,43.28186832747713,146,70,2.9260658524884495,0.6183124046782448
219,109.5,0.1095,427.2133261159725,43.29602087950454,146,70,2.9261186720272088,0.6185145839929219
220,110.0,0.11,427.2246956108479,43.313324431283796,146,70,2.92619654527978,0.6187617775897686
221,110.5,0.1105,427.23737357605376,43.33111423976065,146,69,2.9262833806579023,0.6279871628950819
222,111.0,0.111,427.2421776455114,43.33866515612876,146,69,2.926316285243229,0.6280965964656342
223,111.5,0.1115,427.24474915386264,43.33987527549061,146,69,2.926333898314127,0.6281141344274
224,112.0,0.112,427.2505652836737,43.34120301763041,146,68,2.9263737348196828,0.637370632612212
225,112.5,0.1125,427.2558677224232,43.34367544871665,146,68,2.9264100528933095,0.637406991892892
226,113.0,0.113,427.2641932102968,43.3457331964156,146,68,2.926467076782855,0.6374372528884646
227,113.5,0.1135,427.2746801182027,43.34732606124402,146,68,2.9265389049191963,0.6374606773712356
228,114.0,0.114,427.2868008612232,43.34864724308252,146,68,2.926621923707008,0.6374801065159191
229,114.5,0.1145,427.30083972207024,43.34976188742727,146,68,2.9267180802881523,0.6374964983445186
230,115.0,0.115,427.3170424741113,43.35778346179085,146,68,2.926829058041858,0.6376144626733948
231,115.5,0.1155,427.3317839752636,43.36344538513671,146,68,2.9269300272278325,0.6376977262520104
232,116.0,0.116,427.34562205903137,43.36672227226508,146,68,2.927024808623503,0.6377459157686042
233,116.5,0.1165,427.3586867925288,43.3671109994607,146,68,2.9271142930995118,0.6377516323450104
234,117.0,0.117,427.3725630523858,43.36560462211172,146,68,2.927209335975245,0.637729479736937
235,117.5,0.1175,427.38721661399137,43.363680483836816,146,68,2.927309702835558,0.6377011835858354
236,118.0,0.118,427.3938902487864,43.35216007569586,146,68,2.9273554126629207,0.6375317658190568
237,118.5,0.1185,427.3958050397077,43.33879937987427,146,68,2.9273685276692305,0.637335284998151
238,119.0,0.119,427.39288302690943,43.32442963616262,146,67,2.9273485138829414,0.6466332781516809
239,119.5,0.1195,427.3901807456412,43.30795531962191,146,67,2.927330005107132,0.6463873928301778
240,120.0,0.12,427.38820781886665,43.29055504597737,146,67,2.9273164919100454,0.6461276872533936
241,120.5,0.1205,427.3834691560139,43.26968188319702,146,68,2.927284035315164,0.6363188512234855
242,121.0,0.121,427.38017544445574,43.24940502295894,146,69,2.927261475646957,0.6268029713472312
243,121.5,0.1215,427.3784768498469,43.22923610581061,146,69,2.9272498414373076,0.6265106682001538
244,122.0,0.122,427.3784653797958,43.20814772925621,146,69,2.9272497628753134,0.6262050395544378
245,122.5,0.1225,427.3802774108026,43.186960699716764,146,69,2.927262174046593,0.6258979811553154
246,123.0,0.123,427.38395463866874,43.166552712648794,146,69,2.9272873605388265,0.6256022132267941
247,123.5,0.1235,427.3890324158991,43.14448390789572,146,69,2.9273221398349256,0.6252823754767496
248,124.0,0.124,427.3936870370193,43.11927758498488,146,69,2.927354020801502,0.6249170664490563
249,124.5,0.1245,427.3961513214955,43.08584857058876,146,69,2.927370899462298,0.6244325879795473
250,125.0,0.125,427.39932405702956,43.04436499108756,146,70,2.9273926305276,0.6149194998726792
251,125.5,0.1255,427.4033970390399,42.99475732550154,146,70,2.9274205276646565,0.6142108189357363
252,126.0,0.126,427.408689542822,42.95061226587398,146,69,2.927456777690562,0.6224726415344054
253,126.5,0.1265,427.415331604719,42.91793855453653,146,70,2.927502271265199,0.6131134079219505
254,127.0,0.127,427.4230473741691,42.89542276046542,146,70,2.927555119001158,0.6127917537209344
255,127.5,0.1275,427.43127780513896,42.87636420465373,146,70,2.92761149181602,0.6125194886379103
256,128.0,0.128,427.4341577158315,42.851805276317755,146,69,2.9276312172317223,0.6210406561785183
257,128.5,0.1285,427.42989905945916,42.819398021671724,146,69,2.9276020483524605,0.6205709858213294
258,129.0,0.129,427.42643949176045,42.78689601002743,146,69,2.9275783526832906,0.6200999421743105
259,129.5,0.1295,427.42401441027766,42.754736842994575,146,69,2.9275617425361484,0.6196338672897764
260,130.0,0.13,427.4230391558799,42.72246472624539,146,69,2.9275550627115066,0.6191661554528317
261,130.5,0.1305,427.42396373921514,42.68984994549663,146,69,2.9275613954740765,0.6186934774709657
262,131.0,0.131,427.4252946138064,42.65686549284031,146,69,2.927570511053468,0.6182154419252219
263,131.5,0.1315,427.4262538002872,42.632331674644114,146,69,2.9275770808238852,0.6178598793426682
264,132.0,0.132,427.42460486691795,42.60315888884297,146,69,2.927565786759712,0.6174370853455502
265,132.5,0.1325,427.42376105415775,42.57472003999294,146,69,2.9275600072202583,0.6170249281158399
266,133.0,0.133,427.4247587838475,42.545702743857596,146,69,2.9275668409852567,0.6166043875921393
267,133.5,0.1335,427.4248225371842,42.50997935196348,146,69,2.9275672776519466,0.6160866572748328
268,134.0,0.134,427.41861628435726,42.472572764150016,146,69,2.92752476907094,0.6155445328137682
269,134.5,0.1345,427.4097756139422,42.433629386135856,146,69,2.927464216533851,0.6149801360309545
270,135.0,0.135,427.3882329212213,42.38345308987844,146,69,2.9273166638439814,0.6142529433315715
271,135.5,0.1355,427.3680075631919,42.33901203968323,146,69,2.927178133994465,0.6136088701403367
272,136.0,0.136,427.3487405521434,42.30463598772757,146,69,2.927046168165366,0.6131106664888055
273,136.5,0.1365,427.33006494270774,42.275856499711864,146,69,2.9269182530322446,0.6126935724595922
274,137.0,0.137,427.31156561723003,42.25051903658037,146,69,2.926791545323493,0.6123263628489909
275,137.5,0.1375,427.2929929424633,42.226624355177925,146,69,2.9266643352223514,0.6119800631185206
276,138.0,0.138,427.2739370019156,42.20449482103122,146,69,2.926533815081614,0.6116593452323364
277,138.5,0.1385,427.25454383544286,42.19001368541158,146,69,2.9264009851742663,0.6114494737016171
278,139.0,0.139,427.23532024820923,42.175402138566426,146,69,2.926269316768556,0.6112377121531366
279,139.5,0.1395,427.2168795334458,42.16288158106139,146,69,2.926143010503054,0.6110562547979913
280,140.0,0.14,427.1993922391386,42.15394955684689,146,69,2.9260232345146484,0.6109268051716941
281,140.5,0.1405,427.1790037501168,42.14522702671833,146,69,2.9258835873295674,0.6108003916915699
282,141.0,0.141,427.14558681745024,42.12799523269429,146,69,2.9256547042291112,0.6105506555462941
283,141.5,0.1415,427.11013710731197,42.10580275565625,146,69,2.9254118979952874,0.6102290254442936
284,142.0,0.142,427.07573840035957,42.08226209180234,146,69,2.9251762904134218,0.6098878564029325
285,142.5,0.1425,427.03993569088885,42.05572173921592,146,69,2.9249310663759513,0.609503213611825
286,143.0,0.143,427.001187841272,42.02542119710152,146,69,2.9246656701456986,0.6090640753203119
287,143.5,0.1435,426.9621898191087,41.99485736094305,146,69,2.9243985604048546,0.6086211211730876
288,144.0,0.144,426.92407339086907,41.96571157806876,146,69,2.924137488978555,0.6081987185227357
289,144.5,0.1445,426.886851183012,41.93965927994416,146,69,2.9238825423493973,0.6078211489846981
290,145.0,0.145,426.8507027364187,41.919912105227944,146,69,2.9236349502494434,0.6075349580467818
291,145.5,0.1455,426.81537489206073,41.902771764548966,146,69,2.923392978712745,0.6072865473123038
292,146.0,0.146,426.7781320817137,41.88622173387444,146,69,2.923137890970642,0.6070466917952818
293,146.5,0.1465,426.74011621194717,41.86565677709872,146,69,2.922877508301008,0.6067486489434597
294,147.0,0.147,426.69759097349504,41.83694745365799,146,69,2.9225862395444864,0.6063325717921447
295,147.5,0.1475,426.6498989777058,41.79767800189302,146,69,2.922259582039081,0.6057634493027975
296,148.0,0.148,426.6008642283264,41.756577700255754,146,69,2.9219237275912766,0.6051677927573299
297,148.5,0.1485,426.5512046283507,41.71561160429382,146,70,2.921583593344868,0.5959373086327687
298,149.0,0.149,426.5023122663528,41.67737268155304,146,70,2.9212487141531014,0.5953910383079006
299,149.5,0.1495,426.45537356735286,41.64071899645042,146,70,2.920927216214745,0.594867414235006
300,150.0,0.15,426.4112381661546,41.61168585062315,146,69,2.9206249189462645,0.6030679108785962
301,150.5,0.1505,426.370468977302,41.588734843213885,146,68,2.9203456779267256,0.6115990418119689
302,151.0,0.151,426.3330789639279,41.572531714910625,146,68,2.920089581944712,0.6113607605133914
303,151.5,0.1515,426.29888936161296,41.55732564013189,146,68,2.91985540658639,0.6111371417666456
304,152.0,0.152,426.26776635187235,41.55008086656754,146,67,2.9196422352867963,0.6201504606950379
305,152.5,0.1525,426.2395358635231,41.546260597165904,146,67,2.9194488757775554,0.6200934417487448
306,153.0,0.153,426.2140158512077,41.54508171524135,146,67,2.919274081172655,0.6200758464961398
307,153.5,0.1535,426.1914258509108,41.54987475611877,146,67,2.919119355143225,0.6201473844196831
308,154.0,0.154,426.1718172650528,41.55573115689453,146,67,2.9189850497606358,0.6202347933864855
309,154.5,0.1545,426.1552019543225,41.55438300204056,146,67,2.918871246262483,0.6202146716722471
310,155.0,0.155,426.14165915970506,41.5527672968537,146,67,2.91877848739524,0.6201905566694583
311,155.5,0.1555,426.1314087608085,41.55153524868814,146,67,2.91870827918362,0.6201721678908677
312,156.0,0.156,426.1247045372583,41.55095324599573,146,67,2.9186623598442347,0.6201634812835185
313,156.5,0.1565,426.12148108278024,41.55195474658852,146,67,2.918640281388906,0.62017842905356
314,157.0,0.157,426.1209276631358,41.5515228008759,146,67,2.918636490843396,0.6201719821026255
315,157.5,0.1575,426.1218023958949,41.5514062876436,146,67,2.9186424821636634,0.6201702430991582
316,158.0,0.158,426.1161590843588,41.54725718577805,146,67,2.918603829344923,0.6201083162056424
317,158.5,0.1585,426.1073848963801,41.539412901123654,146,67,2.9185437321669867,0.6199912373302038
318,159.0,0.159,426.0989377220566,41.532090805015905,146,67,2.9184858748086064,0.6198819523136703
319,159.5,0.1595,426.09065579806565,41.52271956134426,146,67,2.9184291493018195,0.6197420830051382
320,160.0,0.16,426.08224919707413,41.511619781117915,146,66,2.9183715698429737,0.6289639360775443
321,160.5,0.1605,426.0696157329937,41.504900314822635,146,67,2.9182850392670803,0.6194761241018303
322,161.0,0.161,426.0561757967784,41.5006671917857,146,67,2.918192984909441,0.6194129431609807
323,161.5,0.1615,426.04115191146724,41.496541465224425,146,67,2.918090081585392,0.6193513651526034
324,162.0,0.162,426.02529988481905,41.4923038203826,146,67,2.917981506060405,0.6192881167221282
325,162.5,0.1625,426.01169950103457,41.49013806457459,146,67,2.9178883527468127,0.6192557920085758
326,163.0,0.163,426.0006247412969,41.48939490723065,146,67,2.9178124982280607,0.6192447001079201
327,163.5,0.1635,425.99199202824326,41.4892073378112,146,67,2.9177533700564604,0.6192419005643462
328,164.0,0.164,425.98551167428053,41.49030346229198,146,67,2.9177089840704142,0.6192582606312236
329,164.5,0.1645,425.98076654833505,41.4913938060064,146,67,2.9176764832077744,0.6192745344180061
330,165.0,0.165,425.9773923279722,41.49115950568789,146,67,2.917653372109399,0.6192710373983268
331,165.5,0.1655,425.97533441894853,41.48965040186199,146,67,2.917639276842113,0.6192485134606266
332,166.0,0.166,425.97498301422866,41.49255664493177,146,67,2.9176368699604702,0.6192918902228622
333,166.5,0.1665,425.97691096629643,41.49565656591699,146,67,2.917650075111619,0.6193381577002536
334,167.0,0.167,425.98124608699715,41.49901251991407,146,67,2.9176797677191586,0.6193882465658817
335,167.5,0.1675,425.9876061436512,41.50324341654682,146,67,2.917723329751035,0.6194513942768183
336,168.0,0.168,425.995679374935,41.50836530105107,146,67,2.917778625855719,0.619527840314195
337,168.5,0.1685,425.99930328622287,41.508791621190696,146,67,2.91780344716591,0.6195342033013537
338,169.0,0.169,425.9992869301059,41.50659564627202,146,67,2.9178033351377115,0.6195014275562989
339,169.5,0.1695,425.9964743826469,41.50329158972375,146,67,2.91778407111402,0.619452113279459
340,170.0,0.17,425.9893007968448,41.498114149844476,146,67,2.917734936964691,0.6193748380573801
341,170.5,0.1705,425.98446562372055,41.501933425678956,146,68,2.917701819340552,0.6103225503776316
342,171.0,0.171,425.9812825489849,41.514319956403256,146,67,2.9176800174588005,0.6196167157672128
343,171.5,0.1715,425.97940894676935,41.53418796407351,146,67,2.9176671845669135,0.6199132531951271
344,172.0,0.172,425.9791257379244,41.55896380214756,146,67,2.917665244780304,0.6202830418230979
345,172.5,0.1725,425.9807973028738,41.587260346954906,146,67,2.9176766938553,0.6207053783127598
346,173.0,0.173,425.9844484642917,41.61742941682546,146,67,2.917701701810217,0.6211556629376934
347,173.5,0.1735,425.9896972023097,41.647871440558134,146,67,2.917737652070614,0.6216100215008676
348,174.0,0.174,425.98835855748024,41.669905949512724,146,67,2.917728483270413,0.6219388947688468
349,174.5,0.1745,425.9839845290927,41.68709386086694,146,67,2.917698524171868,0.6221954307592079
350,175.0,0.175,425.9792130774711,41.70480792080939,146,67,2.917665842996377,0.622459819713573
351,175.5,0.1755,425.9749211387971,41.722519070740155,146,67,2.9176364461561444,0.6227241652349277
352,176.0,0.176,425.9694552057655,41.73968487830896,146,67,2.9175990082586676,0.6229803713180442
353,176.5,0.1765,425.9601030714484,41.75337726981581,146,67,2.9175349525441674,0.6231847353703852
354,177.0,0.177,425.94875955220124,41.75798743455617,146,67,2.9174572572068582,0.6232535437993458
355,177.5,0.1775,425.9340595758879,41.757864728963,146,67,2.9173565724375883,0.6232517123725821
356,178.0,0.178,425.92003287024164,41.7596562896703,146,67,2.9172604991112445,0.6232784520846314
357,178.5,0.1785,425.90554270864976,41.76268389094104,146,67,2.9171612514291074,0.623323640163299
358,179.0,0.179,425.8863019971425,41.76278585773609,146,67,2.9170294657338527,0.6233251620557626
359,179.5,0.1795,425.8660599217782,41.76566659956471,146,67,2.9168908213820424,0.6233681582024585
360,180.0,0.18,425.84024698382916,41.766709257029795,146,67,2.916714020437186,0.6233837202541762
361,180.5,0.1805,425.81109391390913,41.76558405672717,146,67,2.91651434187609,0.6233669262198084
362,181.0,0.181,425.7834040126946,41.76664636472889,146,67,2.916324685018456,0.6233827815631178
363,181.5,0.1815,425.7528288543567,41.76749474020475,146,67,2.916115266125731,0.623395443883653
364,182.0,0.182,425.72237546964857,41.768090106931595,146,67,2.9159066812989627,0.6234043299542029
365,182.5,0.1825,425.68996369103996,41.767967484915644,146,67,2.915684682815342,0.6234024997748604
366,183.0,0.183,425.6566720005964,41.76559225655801,146,67,2.915456657538332,0.6233670486053434
367,183.5,0.1835,425.62105944668934,41.759842831127074,146,67,2.9152127359362283,0.6232812362854786
368,184.0,0.184,425.58545443133846,41.75257065790652,146,67,2.914968865968072,0.6231726963866645
369,184.5,0.1845,425.54587184101024,41.74408633046977,146,67,2.9146977523356865,0.6230460646338772
370,185.0,0.185,425.5028915299949,41.73332852471951,146,67,2.9144033666438007,0.6228855003689479
371,185.5,0.1855,425.45793340695366,41.72191065868749,146,66,2.914095434294203,0.632150161495265
372,186.0,0.186,425.4078872152557,41.704612610308864,146,66,2.913752652159286,0.6318880698531645
373,186.5,0.1865,425.3589024877423,41.6877167910748,146,66,2.913417140327002,0.6316320725920423
374,187.0,0.187,425.3143228400545,41.675136887669616,146,66,2.9131118002743457,0.6314414679949941
375,187.5,0.1875,425.2737643704535,41.6670392760368,146,66,2.912834002537353,0.6313187769096485
376,188.0,0.188,425.2364921773642,41.66343087793501,146,66,2.9125787135435903,0.6312641042111365
377,188.5,0.1885,425.202025415222,41.660157456054705,146,66,2.912342639830287,0.6312145069099198
378,189.0,0.189,425.16984344910145,41.660884175169926,146,65,2.9121222154048043,0.6409366796179988
379,189.5,0.1895,425.13495577552845,41.660720141199015,146,65,2.9118832587364967,0.6409341560184464
380,190.0,0.19,425.1014934924339,41.665598073931264,146,64,2.911654065016671,0.651024969905176
381,190.5,0.1905,425.0692144946465,41.67204393886522,146,64,2.911432975990729,0.6511256865447691
382,191.0,0.191,425.03359142374825,41.67347793495059,146,64,2.91118898235444,0.6511480927336031
383,191.5,0.1915,424.9966487308389,41.670678961125496,146,64,2.9109359502112255,0.6511043587675859
384,192.0,0.192,424.96120929528956,41.662895017790845,146,64,2.9106932143512982,0.650982734652982
385,192.5,0.1925,424.9274530037437,41.65201568754374,146,64,2.910462006874957,0.6508127451178709
386,193.0,0.193,424.89566754951295,41.63819150470344,146,64,2.910244298284335,0.6505967422609913
387,193.5,0.1935,424.8663036007308,41.62261411454731,146,64,2.910043175347471,0.6503533455398016
388,194.0,0.194,424.8396532046391,41.606462248011326,146,64,2.909860638387939,0.650100972625177
389,194.5,0.1945,424.81607328807905,41.59072864446705,146,64,2.9096991321101306,0.6498551350697976
390,195.0,0.195,424.7959271882405,41.57724097496079,146,64,2.909561145124935,0.6496443902337623
391,195.5,0.1955,424.77911844160946,41.56760673010321,146,64,2.909446016723353,0.6494938551578626
392,196.0,0.196,424.7633098558639,41.555114325166386,146,64,2.909337738738794,0.6492986613307248
393,196.5,0.1965,424.74417633548643,41.54217787316942,146,64,2.9092066872293594,0.6490965292682722
394,197.0,0.197,424.7258173340258,41.53447954395932,146,64,2.909080940644012,0.6489762428743644
395,197.5,0.1975,424.70860488287616,41.53211356163709,146,64,2.9089630471429877,0.6489392744005795
396,198.0,0.198,424.69322807827706,41.534828387571615,146,64,2.9088577265635416,0.6489816935558065
397,198.5,0.1985,424.680188038105,41.543141924957865,146,64,2.9087684112198975,0.6491115925774666
398,199.0,0.199,424.66965363679594,41.55095894180905,146,64,2.9086962577862736,0.6492337334657663
399,199.5,0.1995,424.6614055952645,41.56024943895922,146,64,2.9086397643511264,0.6493788974837378
400,200.0,0.2,424.65136605621063,41.56582034923497,146,64,2.9085710003850043,0.6494659429567964
401,200.5,0.2005,424.64160481479024,41.568104050082866,146,64,2.9085041425670566,0.6495016257825448
402,201.0,0.201,424.63211963507615,41.56311349525823,146,64,2.9084391755827133,0.6494236483634098
403,201.5,0.2015,424.62422442899856,41.556597687651966,146,63,2.908385098828757,0.6596285347246342
404,202.0,0.202,424.61695399186095,41.55154724915493,146,63,2.9083353013141164,0.6595483690342053
405,202.5,0.2025,424.61109441690803,41.545158533635174,146,63,2.908295167239096,0.6594469608513521
406,203.0,0.203,424.6093678381585,41.54028928377559,146,63,2.9082833413572495,0.659369671171041
407,203.5,0.2035,424.60843654476054,41.53387823988548,146,63,2.908276962635346,0.6592679085696108
408,204.0,0.204,424.60819495902587,41.526151015228805,146,63,2.9082753079385335,0.6591452542099812
409,204.5,0.2045,424.6147473498305,41.523761320983155,146,63,2.908320187327606,0.6591073225552884
410,205.0,0.205,424.6285884272754,41.53330109936922,146,63,2.908414989227914,0.659258747609035
411,205.5,0.2055,424.6452684579255,41.54689785730835,146,63,2.9085292360131887,0.6594745691636246
412,206.0,0.206,424.65805795914173,41.557087326912395,146,63,2.9086168353365873,0.6596363067763872
413,206.5,0.2065,424.67575985971547,41.57186499318396,146,63,2.908738081230928,0.6598708729076816
414,207.0,0.207,424.69541343585456,41.58480997991203,146,63,2.908872694766127,0.6600763488874926
415,207.5,0.2075,424.71561042835924,41.60071134884673,146,63,2.9090110303312278,0.6603287515689957
416,208.0,0.208,424.7364215108674,41.61981498732642,146,63,2.909153571992242,0.6606319839258162
417,208.5,0.2085,424.75776848897164,41.64178071426803,146,63,2.909299784171039,0.660980646258223
418,209.0,0.209,424.7800311266345,41.666492034470096,146,63,2.9094522679906474,0.6613728894360332
419,209.5,0.2095,424.8031745438526,41.691018619557674,146,63,2.9096107845469357,0.6617622003104394
420,210.0,0.21,424.82756933230894,41.7184144614139,146,63,2.9097778721391023,0.662197054943078
421,210.5,0.2105,424.85391291239284,41.7522949564576,146,62,2.909958307619129,0.6734241122009289
422,211.0,0.211,424.8829015224463,41.79186815654758,146,62,2.910156859742783,0.674062389621735
423,211.5,0.2115,424.91500442473813,41.831126130959724,146,62,2.9103767426351927,0.6746955827574151
424,212.0,0.212,424.9503412761889,41.87506395955777,146,62,2.9106187758643074,0.6754042574122221
425,212.5,0.2125,424.9851390854022,41.916483007128875,146,61,2.9108571170233026,0.6871554591332604
426,213.0,0.213,425.02163303454506,41.95733766089801,146,61,2.9111070755790758,0.6878252075557051
427,213.5,0.2135,425.06118042381183,41.99988832495657,146,61,2.9113779481083,0.6885227594255175
428,214.0,0.214,425.1038882394271,42.042426854917814,146,61,2.911670467393336,0.6892201123757019
429,214.5,0.2145,425.1480956718933,42.082976145323116,146,61,2.9119732580266664,0.6898848548413626
430,215.0,0.215,425.1870711228844,42.11530178459175,146,61,2.912240213170441,0.6904147833539631
431,215.5,0.2155,425.22775136574984,42.15234299597959,146,61,2.912518844970889,0.6910220163275341
432,216.0,0.216,425.2679326921404,42.18775819443545,146,61,2.912794059535208,0.691602593351401
433,216.5,0.2165,425.3090530649285,42.22535956060626,146,61,2.913075705924168,0.6922190091902662
434,217.0,0.217,425.35023851581815,42.265730250468536,146,62,2.913357798053549,0.6817053266204601
435,217.5,0.2175,425.3914919135106,42.310605573322626,146,62,2.9136403555719905,0.682429122150365
436,218.0,0.218,425.43255747203557,42.359210826984,146,62,2.9139216265207915,0.6832130778545809
437,218.5,0.2185,425.47308257568454,42.40874158932562,146,62,2.914199195723867,0.6840119611181552
438,219.0,0.219,425.512756227225,42.456193069017,146,62,2.914470933063185,0.6847773075647902
439,219.5,0.2195,425.5513554130515,42.500562058841446,146,62,2.914735311048298,0.6854929364329267
440,220.0,0.22,425.58900020224524,42.54264708597794,146,63,2.9149931520701724,0.6752801124758403
441,220.5,0.2205,425.6261132579761,42.58453782508057,146,63,2.915247351082028,0.6759450448425487
442,221.0,0.221,425.663001170125,42.62381030999421,146,63,2.9155000080145546,0.6765684176189557
443,221.5,0.2215,425.6991927889733,42.660747836289836,146,64,2.9157478958148855,0.6665741849420288
444,222.0,0.222,425.733506015303,42.6850416761767,146,64,2.915982917913034,0.6669537761902609
445,222.5,0.2225,425.7672036941714,42.706824790121004,146,64,2.9162137239326804,0.6672941373456407
446,223.0,0.223,425.8030819104844,42.732163944486935,146,64,2.916459465140304,0.6676900616326084
447,223.5,0.2235,425.84191203393533,42.759763749063,146,64,2.9167254248899677,0.6681213085791093
448,224.0,0.224,425.8833676374015,42.78947806899514,146,64,2.9170093673794617,0.668585594828049
449,224.5,0.2245,425.9280335125377,42.82226989520786,146,64,2.91731529803108,0.6690979671126229
450,225.0,0.225,425.974763043737,42.85751879354626,146,64,2.917635363313267,0.6696487311491603
451,225.5,0.2255,426.01960715284196,42.89400309969285,146,64,2.917942514745493,0.6702187984327008
452,226.0,0.226,426.0637905437784,42.93227998458976,146,64,2.9182451407108108,0.6708168747592151
453,226.5,0.2265,426.1080271384022,42.97314988973489,146,64,2.918548131084947,0.6714554670271076
454,227.0,0.227,426.14625836720575,43.011891375369856,146,64,2.9188099888164776,0.672060802740154
455,227.5,0.2275,426.17868734069606,43.04824165780945,146,65,2.9190321050732604,0.6622806408893761
456,228.0,0.228,426.2118455710048,43.08573543682738,146,65,2.919259216239759,0.6628574682588826
457,228.5,0.2285,426.245620401636,43.120410465553526,146,65,2.9194905506961373,0.663390930239285
458,229.0,0.229,426.2796166759952,43.15304766199254,146,65,2.919723401890378,0.6638930409537314
459,229.5,0.2295,426.30813412208954,43.179484113327575,146,65,2.919918726863627,0.664299755589655
460,230.0,0.23,426.3318821982212,43.19563358996097,146,65,2.920081384919323,0.6645482090763226
461,230.5,0.2305,426.3497974894242,43.20456736237406,146,65,2.9202040923933166,0.6646856517288317
462,231.0,0.231,426.35956561032987,43.204841250954,146,66,2.920270997331026,0.6546188068326363
463,231.5,0.2315,426.3684418764112,43.202496329434155,146,66,2.9203317936740496,0.6545832777186993
464,232.0,0.232,426.37719669821877,43.20198486523174,146,67,2.920391758206978,0.6448057442571903
465,232.5,0.2325,426.385387399097,43.20150036311317,146,67,2.9204478588979246,0.644798512882286
466,233.0,0.233,426.39101263814274,43.203500299084965,146,67,2.9204863879324847,0.6448283626729098
467,233.5,0.2335,426.39546194567015,43.207814718166176,146,67,2.9205168626415765,0.6448927569875549
468,234.0,0.234,426.40265985786084,43.215601086661934,146,67,2.920566163410006,0.6450089714427153
469,234.5,0.2345,426.4115248100496,43.228064692372165,146,67,2.920626882260614,0.6451949954085399
470,235.0,0.235,426.4202652762423,43.24971724842238,146,67,2.920686748467413,0.6455181678869013
471,235.5,0.2355,426.4306730336346,43.271359060360524,146,67,2.9207580344769495,0.6458411800053808
472,236.0,0.236,426.4408006676433,43.29481040630223,146,67,2.9208274018331735,0.6461912000940632
473,236.5,0.2365,426.4507336942598,43.319314898366,146,67,2.920895436262053,0.646556938781582
474,237.0,0.237,426.4599778154624,43.34253527978215,146,67,2.920958752160702,0.6469035116385395
475,237.5,0.2375,426.4716960926217,43.36753871174565,146,67,2.921039014333025,0.6472766971902336
476,238.0,0.238,426.4859341412885,43.39094754654952,146,67,2.921136535214305,0.6476260827843211
477,238.5,0.2385,426.50235589844806,43.41197308863376,146,68,2.9212490130030697,0.6384113689504964
478,239.0,0.239,426.5202426254768,43.43957717560276,146,68,2.921371524832033,0.6388173114059229
479,239.5,0.2395,426.5387079714183,43.47313964689031,146,68,2.9214979998042354,0.6393108771601517
480,240.0,0.24,426.55720739145,43.509228549246586,146,68,2.9216247081606164,0.6398415963124496
481,240.5,0.2405,426.57396837479826,43.545366459862194,146,68,2.9217395094164265,0.6403730361744442
482,241.0,0.241,426.58811859315483,43.57801161689655,146,68,2.9218364287202387,0.6408531120131845
483,241.5,0.2415,426.59942640151024,43.60856046066424,146,67,2.921913879462399,0.6508740367263322
484,242.0,0.242,426.610425012598,43.640085172635104,146,67,2.9219892124150553,0.6513445548154494
485,242.5,0.2425,426.61702734158285,43.66799652435071,146,67,2.9220344338464574,0.6517611421544883
486,243.0,0.243,426.62121091754454,43.69422872175752,146,67,2.9220630884763326,0.6521526674889182
487,243.5,0.2435,426.622396591589,43.718124440758366,146,67,2.9220712095314316,0.6525093200113189
488,244.0,0.244,426.621947789825,43.74089472230441,146,67,2.9220681355467466,0.6528491749597675
489,244.5,0.2445,426.6245366808833,43.76716622381252,146,67,2.9220858676772834,0.6532412869225748
490,245.0,0.245,426.6306027480803,43.79721311322924,146,67,2.9221274160827417,0.6536897479586454
491,245.5,0.2455,426.6380314809794,43.82397198220989,146,67,2.9221782978149276,0.6540891340628343
492,246.0,0.246,426.6347897516948,43.8386049731308,146,67,2.9221560941896905,0.6543075369124001
493,246.5,0.2465,426.62705062476994,43.84662315859063,146,67,2.922103086471027,0.6544272113222482
494,247.0,0.247,426.62279530314953,43.85457905310508,146,67,2.9220739404325307,0.6545459560164939
495,247.5,0.2475,426.6217578123329,43.861467140535694,146,67,2.9220668343310465,0.6546487632915776
496,248.0,0.248,426.6224644205749,43.868573009321054,146,68,2.922071674113527,0.645126073666486
497,248.5,0.2485,426.6221383583837,43.87351776984347,146,68,2.922069440810848,0.6451987907329921
498,249.0,0.249,426.6160240519794,43.86782653833733,146,68,2.922027561999859,0.6451150961520195
499,249.5,0.2495,426.60813828854526,43.86243563382703,146,67,2.921973549921543,0.6546632184153288
500,250.0,0.25,426.59791323984734,43.85986758485228,146,67,2.92190351534142,0.6546248893261535
501,250.5,0.2505,426.58750283661243,43.859172342839564,146,66,2.921832211209674,0.664532914285448
502,251.0,0.251,426.5773553592988,43.86193237941759,146,66,2.9217627079404025,0.6645747330214786
503,251.5,0.2515,426.5681889656195,43.86963667799186,146,66,2.921699924422052,0.6646914648180585
504,252.0,0.252,426.5607954518715,43.88214662568261,146,66,2.921649283916928,0.6648810094800396
505,252.5,0.2525,426.551158575712,43.894612949717846,146,66,2.921583277915836,0.6650698931775432
506,253.0,0.253,426.54066420965654,43.909209343862855,146,66,2.9215113986962775,0.6652910506645888
507,253.5,0.2535,426.5266399370137,43.92086345753856,146,66,2.92141534203434,0.6654676281445236
508,254.0,0.254,426.51144282559744,43.931335118437666,146,67,2.9213112522301197,0.6556915689319054
509,254.5,0.2545,426.5005855750734,43.94625456048445,146,67,2.921236887500503,0.6559142471714097
510,255.0,0.255,426.49502069842356,43.96449216858359,146,68,2.9211987719070107,0.6465366495379938
511,255.5,0.2555,426.4955263258451,43.98783868652115,146,68,2.9212022351085287,0.6468799806841344
512,256.0,0.256,426.50243648384844,44.01479282144372,146,68,2.9212495649578663,0.6472763650212313
513,256.5,0.2565,426.51536951416426,44.04762067974776,146,67,2.921338147357289,0.6574271743245933
514,257.0,0.257,426.5332332934531,44.07982031496414,146,67,2.921460502009953,0.6579077658949871
515,257.5,0.2575,426.55449574601624,44.1106212188915,146,67,2.921606135246686,0.6583674808789777
516,258.0,0.258,426.5776987762099,44.13929296077893,146,67,2.9217650601110265,0.6587954173250586
517,258.5,0.2585,426.601560007507,44.16517753628328,146,67,2.921928493202102,0.6591817542728848
518,259.0,0.259,426.62526292923025,44.18246363461879,146,67,2.9220908419810296,0.6594397557405789
519,259.5,0.2595,426.6485614971217,44.19931169607292,146,67,2.922250421213162,0.6596912193443719
520,260.0,0.26,426.6715877362097,44.216759046841126,146,67,2.9224081351795186,0.659951627564793
521,260.5,0.2605,426.6911098792151,44.22753285260662,146,67,2.9225418484877745,0.6601124306359196
522,261.0,0.261,426.70714201069916,44.23841878734661,146,68,2.9226516576075285,0.6505649821668618
523,261.5,0.2615,426.7243235783274,44.25682458302501,146,67,2.9227693395775844,0.6605496206421644
524,262.0,0.262,426.74272586120696,44.278549937359706,146,67,2.9228953826110065,0.6608738796620851
525,262.5,0.2625,426.7606795413169,44.30185355582284,146,67,2.9230183530227185,0.6612216948630274
526,263.0,0.263,426.7740502769446,44.326268530241855,146,67,2.9231099334037296,0.6615860974662964
527,263.5,0.2635,426.7817440191616,44.34466472631911,146,67,2.92316263026823,0.6618606675570017
528,264.0,0.264,426.7859043838545,44.36186396607469,146,67,2.9231911259168113,0.6621173726279804
529,264.5,0.2645,426.79038422438146,44.3781884215892,146,67,2.923221809756037,0.6623610212177494
530,265.0,0.265,426.7988703840495,44.39259854358945,146,68,2.9232799341373252,0.6528323315233743
531,265.5,0.2655,426.80914020273394,44.40873742226105,146,67,2.9233502753611913,0.6628169764516574
532,266.0,0.266,426.8153054139438,44.41726438979169,146,67,2.923392502835232,0.6629442446237568
533,266.5,0.2665,426.8242052938032,44.425304523510334,146,67,2.92345346091646,0.6630642466195572
534,267.0,0.267,426.8330761123549,44.42833000531138,146,67,2.923514219947636,0.6631094030643488
535,267.5,0.2675,426.83624023068904,44.42744964006047,146,67,2.9235358919910204,0.6630962632844847
536,268.0,0.268,426.8331263998276,44.41912831401628,146,67,2.9235145643823808,0.6629720643883026
537,268.5,0.2685,426.82669435630305,44.40716504090071,146,67,2.923470509289747,0.6627935080731449
538,269.0,0.269,426.814472600501,44.39283013136682,146,67,2.923386798633568,0.6625795541995048
539,269.5,0.2695,426.79742949174147,44.37860618521039,146,67,2.923270065011928,0.6623672564956774
540,270.0,0.27,426.7803013294728,44.37052632597047,146,67,2.923152748832006,0.6622466615816488
541,270.5,0.2705,426.76325986024136,44.36838513768502,146,67,2.92303602644001,0.6622147035475373
542,271.0,0.271,426.74070350761923,44.36616450240689,146,67,2.9228815308741045,0.6621815597374163
543,271.5,0.2715,426.7140850068945,44.357245386567534,146,67,2.92269921237599,0.6620484386054856
544,272.0,0.272,426.6874451815767,44.34680932505127,146,67,2.9225167478190186,0.6618926764933025
545,272.5,0.2725,426.66072181553614,44.33663961732946,146,67,2.922333711065316,0.6617408898108874
546,273.0,0.273,426.63419312520296,44.32611348918247,146,67,2.9221520077068694,0.6615837834206337
547,273.5,0.2735,426.60848123669,44.3149074567516,146,67,2.9219758988814384,0.6614165292052477
548,274.0,0.274,426.58028316882064,44.29885750440158,146,67,2.9217827614302783,0.6611769776776354
549,274.5,0.2745,426.55275073170355,44.280347000193544,146,67,2.92159418309386,0.660900701495426
550,275.0,0.275,426.524370168409,44.25739521475442,146,67,2.9213997956740347,0.6605581375336479
551,275.5,0.2755,426.49892134423993,44.23400918245732,146,68,2.921225488659178,0.650500135036137
552,276.0,0.276,426.47562688972846,44.212709777885365,146,68,2.92106593760088,0.6501869084983142
553,276.5,0.2765,426.45347785977214,44.19612937883909,146,67,2.9209142319162473,0.6596437220722252
554,277.0,0.277,426.43159244632653,44.18084953734884,146,67,2.9207643318241545,0.6594156647365498
555,277.5,0.2775,426.40822727330533,44.16432580361777,146,67,2.920604296392502,0.6591690418450414
556,278.0,0.278,426.3810778042851,44.14472907463332,146,67,2.9204183411252402,0.6588765533527361
557,278.5,0.2785,426.3539444763835,44.12663138704997,146,68,2.9202324964135857,0.6489210498095581
558,279.0,0.279,426.3254081869805,44.11219650319492,146,68,2.9200370423765785,0.6487087721058077
559,279.5,0.2795,426.29620481770957,44.099096778023416,146,68,2.919837019299381,0.6485161290885797
560,280.0,0.28,426.26884155115243,44.088178689819415,146,68,2.919649599665428,0.6483555689679326
561,280.5,0.2805,426.2428251527991,44.08072698951005,146,68,2.9194714051561585,0.6482459851398535
562,281.0,0.281,426.2154603421491,44.0714386520872,146,68,2.9192839749462265,0.6481093919424588
563,281.5,0.2815,426.18988858051654,44.06591212002524,146,67,2.919108825893949,0.6577001808958992
564,282.0,0.282,426.16500481622796,44.058906130462134,146,67,2.9189383891522467,0.6575956138874945
565,282.5,0.2825,426.1380261563632,44.04703454277935,146,67,2.9187536038107065,0.6574184260116321
566,283.0,0.283,426.1136410747322,44.03440285916708,146,67,2.9185865827036452,0.657229893420404
567,283.5,0.2835,426.09174682741406,44.02252859521763,146,66,2.918436622105576,0.6670080090184488
568,284.0,0.284,426.06437575207104,44.00733020745654,146,66,2.918249148986788,0.666777730416008
569,284.5,0.2845,426.0328556925671,43.983783535982695,146,66,2.9180332581682684,0.6664209626664045
570,285.0,0.285,426.0029180896742,43.95756483565054,146,66,2.9178282060936596,0.6660237096310686
571,285.5,0.2855,425.9724110723013,43.92722026676906,146,66,2.9176192539198715,0.6655639434358949
572,286.0,0.286,425.94435670894444,43.89659591679301,146,66,2.9174271007461954,0.6650999381332275
573,286.5,0.2865,425.918538594224,43.866311326625194,146,66,2.9172502643439997,0.6646410807064425
574,287.0,0.287,425.89509920515184,43.837597113958836,146,66,2.9170897205832316,0.664206016878164
575,287.5,0.2875,425.87448663574907,43.813070289041505,146,66,2.916948538601021,0.6638343983188106
576,288.0,0.288,425.85730729387586,43.79125837941853,146,66,2.9168308718758618,0.6635039148396746
577,288.5,0.2885,425.84425974657177,43.77043587590374,146,66,2.9167415051135053,0.6631884223621779
578,289.0,0.289,425.83582959590854,43.75618054356408,146,66,2.916683764355538,0.6629724324782437
579,289.5,0.2895,425.8321577653249,43.74473097666165,146,66,2.9166586148309923,0.6627989541918432
580,290.0,0.29,425.83299325583806,43.73445378926874,146,66,2.916664337368754,0.6626432392313446
581,290.5,0.2905,425.8380150777866,43.72480450516456,146,66,2.9166987334094974,0.662497037957039
582,291.0,0.291,425.84691005880376,43.71549471090858,146,66,2.916759657937012,0.6623559804683118
583,291.5,0.2915,425.8595618444335,43.70633485024708,146,66,2.916846314002969,0.6622171947007133
584,292.0,0.292,425.8759525210111,43.69980472476726,146,67,2.916958578911035,0.6522358914144367
585,292.5,0.2925,425.8935625639958,43.6964758410859,146,66,2.9170791956438067,0.6620678157740288
586,293.0,0.293,425.9118761408089,43.6991302035332,146,66,2.9172046311014306,0.6621080333868666
587,293.5,0.2935,425.9303591523774,43.70155365149975,146,66,2.917331227071078,0.6621447522954508
588,294.0,0.294,425.949232639843,43.702744621757056,146,66,2.9174604975331713,0.6621627972993492
589,294.5,0.2945,425.96601125879715,43.70101039127095,146,66,2.9175754195808024,0.6621365210798629
590,295.0,0.295,425.9840982083488,43.69863776674204,146,66,2.9176993027969096,0.6621005722233643
591,295.5,0.2955,426.0031972860613,43.69773767122745,146,66,2.9178301183976805,0.6620869344125372
592,296.0,0.296,426.0210881584241,43.68695535392756,146,66,2.9179526586193427,0.6619235659685995
593,296.5,0.2965,426.0401671883357,43.67799534299633,146,66,2.918083336906409,0.6617878082272172
594,297.0,0.297,426.06132722606714,43.671715296820956,146,66,2.918228268671693,0.6616926560124387
595,297.5,0.2975,426.08493401163764,43.66652318665134,146,66,2.9183899589838194,0.6616139876765355
596,298.0,0.298,426.1108053484787,43.66462036576713,146,66,2.918567159921087,0.6615851570570778
597,298.5,0.2985,426.13799984299084,43.665362923831005,146,66,2.9187534235821295,0.6615964079368335
598,299.0,0.299,426.1640459399182,43.665451210764026,146,65,2.9189318215062885,0.6717761724732928
599,299.5,0.2995,426.19107421389936,43.66657493244242,146,65,2.9191169466705436,0.6717934604991141
600,300.0,0.3,426.2157034918019,43.66424149088461,146,65,2.9192856403548078,0.6717575613982248
601,300.5,0.3005,426.2397785352744,43.65968154862483,146,65,2.919450537912838,0.6716874084403821
602,301.0,0.301,426.26437062775466,43.65388278497808,146,65,2.9196189769024294,0.6715981966919705
603,301.5,0.3015,426.2898302677548,43.64735339940316,146,65,2.9197933579983206,0.6714977446062025
604,302.0,0.302,426.31637081447457,43.64096282531912,146,64,2.919975142564894,0.6818900441456113
605,302.5,0.3025,426.3443880394899,43.63482946584493,146,64,2.920167041366369,0.681794210403827
606,303.0,0.303,426.37364463245086,43.62991165930975,146,64,2.92036742898939,0.6817173696767148
607,303.5,0.3035,426.39921376420733,43.622730333239474,146,64,2.9205425600288173,0.6816051614568668
608,304.0,0.304,426.4201737168713,43.61365469433433,146,64,2.920686121348434,0.6814633545989739
609,304.5,0.3045,426.43776360347044,43.604623568594604,146,64,2.92080660002377,0.6813222432592907
610,305.0,0.305,426.4557469868137,43.60285074095825,146,64,2.920929773882286,0.6812945428274727
611,305.5,0.3055,426.4740147544659,43.605129693546075,146,64,2.9210548955785334,0.6813301514616574
612,306.0,0.306,426.48943049361793,43.60702873136107,146,64,2.921160482833,0.6813598239275167
613,306.5,0.3065,426.50323590708075,43.60918817814535,146,65,2.921255040459457,0.6709105873560822
614,307.0,0.307,426.5180370796955,43.61521686049955,146,65,2.9213564183540788,0.6710033363153777
615,307.5,0.3075,426.53425928559494,43.62252451353235,146,65,2.92146752935339,0.6711157617466516
616,308.0,0.308,426.5467005927486,43.625034440356806,146,65,2.92155274378595,0.6711543760054892
617,308.5,0.3085,426.5565014824634,43.620800450365074,146,66,2.921619873167557,0.6609212189449254
618,309.0,0.309,426.56460280272023,43.615876627830076,146,66,2.921675361662467,0.6608466155731829
619,309.5,0.3095,426.5691443460226,43.606203250604175,146,67,2.9217064681234426,0.6508388544866296
620,310.0,0.31,426.5731692615465,43.592249547212276,146,67,2.9217340360379898,0.6506305902568995
621,310.5,0.3105,426.5785021669443,43.58108873743165,146,68,2.92177056278729,0.6408983637857597
622,311.0,0.311,426.5860254194107,43.5739300925206,146,68,2.9218220919137723,0.6407930895958912
623,311.5,0.3115,426.59667318366616,43.564976836949896,146,68,2.9218950218059327,0.6406614240727925
624,312.0,0.312,426.60643219287425,43.55405418550944,146,69,2.9219618643347554,0.6312181766015861
625,312.5,0.3125,426.608401133192,43.535187858474984,146,69,2.921975350227342,0.6309447515721012
626,313.0,0.313,426.6087310151391,43.514972727082686,146,69,2.9219776096927337,0.6306517786533725
627,313.5,0.3135,426.60995985218483,43.496902562461635,146,69,2.9219860263848276,0.6303898922095889
628,314.0,0.314,426.61413920222793,43.48368144556,146,69,2.9220146520700547,0.6301982818197102
629,314.5,0.3145,426.61276357735665,43.466907519863504,146,69,2.922005229981895,0.629955181447297
630,315.0,0.315,426.601939358803,43.442525668961714,146,69,2.9219310914986503,0.6296018212893003
631,315.5,0.3155,426.5906427451789,43.42075205221044,146,69,2.9218537174327324,0.6292862616262382
632,316.0,0.316,426.5772540808556,43.400121277600036,146,69,2.9217620142524354,0.6289872648927539
633,316.5,0.3165,426.5634200788247,43.37983809226229,146,68,2.921667260813868,0.6379387954744453
634,317.0,0.317,426.55080033401333,43.36443681276076,146,67,2.921580824205571,0.6472304001904591
635,317.5,0.3175,426.53932838613014,43.34782933794571,146,67,2.9215022492200697,0.6469825274320256
636,318.0,0.318,426.52866780560777,43.32765943439073,146,67,2.921429231545259,0.6466814840953842
637,318.5,0.3185,426.51851361533954,43.3005254997125,146,67,2.9213596822968464,0.6462764999957088
638,319.0,0.319,426.5085986090338,43.27382301973153,146,68,2.921291771294752,0.6363797502901697
639,319.5,0.3195,426.4969923273834,43.24279226029499,146,68,2.9212122762149546,0.6359234155925735
640,320.0,0.32,426.48299881436395,43.209141006760824,146,68,2.9211164302353696,0.6354285442170708
641,320.5,0.3205,426.4664132240034,43.17640765602273,146,68,2.921002830301393,0.6349471714120988
642,321.0,0.321,426.44322613689764,43.13897925064769,146,68,2.920844014636285,0.6343967536859954
643,321.5,0.3215,426.41258238352754,43.09450101649446,146,68,2.9206341259145727,0.6337426620072715
644,322.0,0.322,426.38283082047394,43.05215074203682,146,68,2.920430348085438,0.6331198638534827
645,322.5,0.3225,426.3545785375085,43.01352021594127,146,68,2.920236839298003,0.6325517678814891
646,323.0,0.323,426.3276500072448,42.98088610166367,146,69,2.920052397309896,0.6229113927777343
647,323.5,0.3235,426.29347843301764,42.95014078124253,146,69,2.9198183454316275,0.622465808423805
648,324.0,0.324,426.25694776455026,42.92257202418288,146,69,2.9195681353736314,0.6220662612200417
649,324.5,0.3245,426.22131072873077,42.89995416771328,146,69,2.9193240460871976,0.6217384661987433
650,325.0,0.325,426.18484333468484,42.8793718291042,146,69,2.9190742694156495,0.6214401714362928
651,325.5,0.3255,426.14802511628596,42.86139297268387,146,69,2.9188220898375756,0.6211796082997662
652,326.0,0.326,426.1132740872533,42.84422432002728,146,69,2.918584069090776,0.6209307872467721
653,326.5,0.3265,426.0764511374712,42.82291948933612,146,69,2.918331857105967,0.6206220215845815
654,327.0,0.327,426.0401897373799,42.80032704053368,146,69,2.9180834913519167,0.6202945947903432
655,327.5,0.3275,426.00510811053374,42.779421003257205,146,69,2.9178432062365323,0.6199916087428581
656,328.0,0.328,425.9710289226756,42.75955819159,146,69,2.917609787141614,0.6197037419071016
657,328.5,0.3285,425.9380655512357,42.74143261860636,146,69,2.917384010624902,0.6194410524435703
658,329.0,0.329,425.90270539261587,42.72050405719126,146,69,2.917141817757643,0.6191377399592937
659,329.5,0.3295,425.86678411647483,42.696566000791556,146,69,2.9168957816196905,0.6187908116056748
660,330.0,0.33,425.83266496618324,42.67096909977042,146,69,2.9166620888094745,0.6184198420256583
661,330.5,0.3305,425.8007393224684,42.64415309209039,146,69,2.916443420016907,0.6180312042331941
662,331.0,0.331,425.7693893133412,42.61654449333937,146,69,2.916228693926995,0.617631079613614
663,331.5,0.3315,425.73828943448177,42.59026861496405,146,69,2.916015681058094,0.6172502697820879
664,332.0,0.332,425.70923053157406,42.566992692804604,146,69,2.915816647476535,0.6169129375768784
665,332.5,0.3325,425.6820648015033,42.54544014709757,146,69,2.9156305808322145,0.616600581841994
666,333.0,0.333,425.6545693594012,42.534640783715304,146,71,2.915442255886309,0.5990794476579622
667,333.5,0.3335,425.6215363800697,42.52110403225531,146,71,2.9152160026032177,0.5988887891866945
668,334.0,0.334,425.5895015929546,42.50830750362818,146,71,2.9149965862531135,0.5987085563891295
669,334.5,0.3345,425.5587629063455,42.49597381011183,146,71,2.9147860473037364,0.5985348423959413
670,335.0,0.335,425.5296338962022,42.4820647359946,146,71,2.9145865335356316,0.598338939943586
671,335.5,0.3355,425.50231145600475,42.46361736070122,146,71,2.914399393534279,0.5980791177563552
672,336.0,0.336,425.4710976450393,42.43989862657989,146,72,2.914185600308489,0.5894430364802763
673,336.5,0.3365,425.44197371466566,42.41707467181096,146,72,2.9139861213333265,0.5891260371084857
674,337.0,0.337,425.4144926616911,42.394561676272666,146,72,2.91379789494309,0.5888133566148981
675,337.5,0.3375,425.3882064334091,42.37231104470129,146,72,2.9136178522836236,0.5885043200652957
676,338.0,0.338,425.36257737030206,42.35703954898183,146,72,2.913442310755493,0.588292215958081
677,338.5,0.3385,425.33478325677777,42.33975453001673,146,72,2.9132519401149164,0.5880521462502324
678,339.0,0.339,425.3067106954499,42.320880241729235,146,72,2.9130596622976026,0.5877900033573504
679,339.5,0.3395,425.2724998867978,42.29435328714168,146,72,2.9128253416903958,0.5874215734325234
680,340.0,0.34,425.2332785239575,42.26715862934438,146,70,2.9125567022188865,0.6038165518477769
681,340.5,0.3405,425.19501864550614,42.24345137137279,146,70,2.9122946482568914,0.603477876733897
682,341.0,0.341,425.1573917483042,42.22126439827667,146,69,2.9120369297829054,0.6119023825837199
683,341.5,0.3415,425.11980798521444,42.20469794360492,146,69,2.9117795067480436,0.6116622890377524
684,342.0,0.342,425.08188422450775,42.18810346655737,146,69,2.9115197549623817,0.6114217893703968
685,342.5,0.3425,425.0436625045216,42.17245171112768,146,69,2.911257962359737,0.6111949523351837
686,343.0,0.343,425.00569161437227,42.1591921598397,146,69,2.910997887769673,0.6110027849252129
687,343.5,0.3435,424.9688508380505,42.15245820585903,146,69,2.910745553685277,0.6109051913892612
688,344.0,0.344,424.93382323949976,42.14761004726599,146,69,2.9105056386267103,0.6108349282212465
689,344.5,0.3445,424.90094853768295,42.14428684400733,146,69,2.9102804694361843,0.6107867658551787
690,345.0,0.345,424.85849513501995,42.12996175473575,146,69,2.909989692705616,0.6105791558657354
691,345.5,0.3455,424.8167888146163,42.1143576638699,146,69,2.909704032976824,0.610353009621303
692,346.0,0.346,424.77845506084583,42.10260118042668,146,70,2.909441473019492,0.6014657311489525
693,346.5,0.3465,424.7395327545167,42.08860620144433,146,70,2.909174881880251,0.601265802877776
694,347.0,0.347,424.6947373702074,42.06665822899015,146,70,2.9088680641795026,0.6009522604141448
695,347.5,0.3475,424.6518659832582,42.04886022225155,146,70,2.9085744245428637,0.6006980031750221
696,348.0,0.348,424.6109438394673,42.030853654803934,146,70,2.908294135886763,0.600440766497199
697,348.5,0.3485,424.5657801689669,42.010345182770315,146,70,2.907984795677855,0.6001477883252904
698,349.0,0.349,424.5238305708189,41.99252767004609,146,70,2.907697469663143,0.5998932524292299
699,349.5,0.3495,424.48546047997905,41.9755209068164,146,70,2.907434660821774,0.5996502986688055
700,350.0,0.35,424.4507047948586,41.95700354269862,146,70,2.9071966081839626,0.5993857648956946
701,350.5,0.3505,424.41944903649073,41.93598910889832,146,70,2.906982527647197,0.5990855586985475
702,351.0,0.351,424.3915785778336,41.91586766336914,146,70,2.906791634094751,0.598798109476702
703,351.5,0.3515,424.3668965684135,41.898517561820626,146,70,2.9066225792357088,0.5985502508831517
704,352.0,0.352,424.3453425728011,41.88621748269566,146,70,2.9064749491287745,0.5983745354670809
705,352.5,0.3525,424.3270773390493,41.873811145088965,146,69,2.906349844788009,0.6068668281896953
706,353.0,0.353,424.312190659838,41.86695558885113,146,69,2.906247881231767,0.6067674723021902
707,353.5,0.3535,424.3007084891466,41.85961464706596,146,69,2.9061692362270315,0.6066610818415357
708,354.0,0.354,424.2924128253814,41.85412505408482,146,69,2.9061124166122014,0.6065815225229684
709,354.5,0.3545,424.28701376931303,41.84717909538708,146,69,2.906075436776116,0.6064808564548851
710,355.0,0.355,424.2827922205622,41.83658798400755,146,69,2.906046522058645,0.606327362087066
711,355.5,0.3555,424.27726067900596,41.8246171740603,146,69,2.906008634787712,0.6061538720878304
712,356.0,0.356,424.2707316126713,41.81344187890461,146,69,2.905963915155283,0.6059919112884726
713,356.5,0.3565,424.26482584550564,41.805223550873016,146,69,2.9059234646952437,0.6058728050851162
714,357.0,0.357,424.2590352112145,41.80080047145973,146,69,2.9058838028165375,0.6058087024849236
715,357.5,0.3575,424.245547311689,41.79150152606254,146,69,2.9057914199430757,0.6056739351603269
716,358.0,0.358,424.2251165413869,41.78225570945932,146,69,2.9056514831601845,0.6055399378182508
717,358.5,0.3585,424.2023917012819,41.77341087828123,146,69,2.9054958335704244,0.6054117518591484
718,359.0,0.359,424.1794628389332,41.76913508420993,146,70,2.9053387865680356,0.5967019297744276
719,359.5,0.3595,424.1575313995311,41.76638090304102,146,70,2.9051885712296643,0.5966625843291574
720,360.0,0.36,424.1363723980324,41.766147766141735,146,70,2.905043646561866,0.596659253802025
721,360.5,0.3605,424.1154663154309,41.764950888497275,146,70,2.90490045421528,0.5966421555499611
722,361.0,0.361,424.0943307423199,41.76168077281237,146,70,2.90475569001589,0.5965954396116053
723,361.5,0.3615,424.07259430227964,41.755982157320304,146,70,2.904606810289587,0.5965140308188615
724,362.0,0.362,424.0422424939758,41.73855831112538,146,70,2.904398921191615,0.5962651187303626
725,362.5,0.3625,424.01129003056496,41.71946891948543,146,70,2.9041869180175683,0.595992413135506
726,363.0,0.363,423.97496361961936,41.69539172682288,146,70,2.9039381069836945,0.5956484532403269
727,363.5,0.3635,423.9367399260784,41.67040197464248,146,70,2.903676300863551,0.595291456780607
728,364.0,0.364,423.8991094695421,41.64753919857216,146,70,2.9034185580105625,0.594964845693888
729,364.5,0.3645,423.8624971512501,41.62760879732507,146,71,2.9031677887071927,0.5863043492580996
730,365.0,0.365,423.82715941276973,41.61199175973403,146,71,2.9029257494025327,0.5860843909821694
731,365.5,0.3655,423.79298038776153,41.598474154717906,146,71,2.9026916464915176,0.5858940021791254
732,366.0,0.366,423.7595552710322,41.58643219452437,146,71,2.902462707335837,0.5857243971059769
733,366.5,0.3665,423.7250156410569,41.57365507850798,146,71,2.9022261345277873,0.5855444377254646
734,367.0,0.367,423.6896576706586,41.562414918956755,146,70,2.9019839566483463,0.5937487845565251
735,367.5,0.3675,423.65541247906555,41.553592183374086,146,69,2.901749400541545,0.6022259736720881
736,368.0,0.368,423.6236754795893,41.547234069323025,146,69,2.9015320238328037,0.6021338270916379
737,368.5,0.3685,423.59433368241986,41.54199530146355,146,69,2.9013310526193137,0.6020579029197615
738,369.0,0.369,423.5654490439114,41.53678359337236,146,69,2.9011332126295306,0.60198237091844
739,369.5,0.3695,423.5375736211233,41.53417977855433,146,69,2.9009422850761863,0.6019446344718019
740,370.0,0.37,423.51074364177884,41.53057809717264,146,69,2.9007585180943756,0.6018924361909078
741,370.5,0.3705,423.4845117306243,41.525522132682305,146,69,2.90057884747003,0.6018191613432218
742,371.0,0.371,423.4467145816653,41.506988507072926,146,69,2.900319962888118,0.6015505580735208
743,371.5,0.3715,423.40195184963505,41.47914456212814,146,69,2.900013368833117,0.6011470226395381
744,372.0,0.372,423.35787223807245,41.44819611754482,146,69,2.899711453685428,0.6006984944571713
745,372.5,0.3725,423.31465758962713,41.419621449553304,146,69,2.8994154629426516,0.600284368834106
746,373.0,0.373,423.2716209376026,41.40267582899929,146,69,2.8991206913534424,0.6000387801304246
747,373.5,0.3735,423.2277380190584,41.39309150317431,146,70,2.8988201234182083,0.591329878616776
748,374.0,0.374,423.1854354867633,41.38476269582392,146,69,2.8985303800463242,0.5997791695046946
749,374.5,0.3745,423.14515471938176,41.3820067779595,146,69,2.8982544843793274,0.5997392286660799
750,375.0,0.375,423.10707022927545,41.38459723792335,146,69,2.8979936317073665,0.5997767715641067
751,375.5,0.3755,423.0714202562891,41.39664702117253,146,69,2.8977494538101993,0.5999514061039497
752,376.0,0.376,423.03452154276096,41.407903650052084,146,69,2.8974967228956228,0.6001145456529289
753,376.5,0.3765,422.99766211398503,41.41870859806437,146,69,2.897244261054692,0.6002711391023822
754,377.0,0.377,422.95867232362434,41.42571816010091,146,69,2.896977207696057,0.6003727269579842
755,377.5,0.3775,422.92370409646827,41.440536018424694,146,68,2.896737699290879,0.6094196473297749
756,378.0,0.378,422.89269880343016,41.45872665118219,146,68,2.8965253342700694,0.6096871566350321
757,378.5,0.3785,422.86482790173164,41.479876120430085,146,68,2.8963344376830933,0.6099981782416191
758,379.0,0.379,422.8369655131955,41.50106668724593,146,68,2.8961435994054483,0.6103098042242048
759,379.5,0.3795,422.80693244752126,41.52195760213251,146,68,2.895937893476173,0.6106170235607723
760,380.0,0.38,422.77738778545194,41.54376442048052,146,68,2.895735532777068,0.6109377120658899
761,380.5,0.3805,422.74798985330216,41.565887189350576,146,68,2.8955341770774123,0.6112630469022144
762,381.0,0.381,422.7187887301599,41.58798323518988,146,68,2.8953341693846566,0.6115879887527924
763,381.5,0.3815,422.68910644725617,41.610494213846025,146,68,2.8951308660770976,0.6119190325565593
764,382.0,0.382,422.6588892873392,41.63312825801903,146,67,2.894923899228351,0.6213899740002841
765,382.5,0.3825,422.6276896086653,41.65826945602895,146,67,2.894710202799078,0.6217652157616259
766,383.0,0.383,422.5873493897025,41.67411377280364,146,67,2.894433899929469,0.6220016981015469
767,383.5,0.3835,422.53907922330376,41.68154842081191,146,67,2.8941032823513955,0.6221126629971927
768,384.0,0.384,422.4940565780866,41.69228055733204,146,67,2.893794908069087,0.6222728441392841
769,384.5,0.3845,422.45301204968627,41.710170144964486,146,67,2.8935137811622345,0.6225398529099178
770,385.0,0.385,422.41632899903493,41.73427174847546,146,67,2.8932625273906503,0.6228995783354547
771,385.5,0.3855,422.38069536897103,41.758573039375214,146,67,2.8930184614313084,0.6232622841697792
772,386.0,0.386,422.34280804856445,41.779683083795,146,67,2.8927589592367426,0.6235773594596271
773,386.5,0.3865,422.3058563255848,41.80407854094123,146,67,2.892505865243731,0.6239414707603169
774,387.0,0.387,422.2725410815867,41.832088974395575,146,66,2.8922776786410047,0.6338195299150845
775,387.5,0.3875,422.24080225154603,41.85786943460073,146,66,2.8920602893941507,0.6342101429484959
776,388.0,0.388,422.2119150815831,41.88561093231463,146,66,2.8918624320656376,0.6346304686714337
777,388.5,0.3885,422.17476712672044,41.90343546822884,146,66,2.891607994018633,0.6349005373974068
778,389.0,0.389,422.1366722108252,41.906664792629776,146,66,2.8913470699371593,0.6349494665549965
779,389.5,0.3895,422.0985273619148,41.905891667500086,146,66,2.8910858038487315,0.6349377525378802
780,390.0,0.39,422.06111584350026,41.90487445020094,146,66,2.8908295605719196,0.6349223401545597
781,390.5,0.3905,422.0249691311899,41.905712256600474,146,65,2.890581980350616,0.6447032654861612
782,391.0,0.391,421.99061379195666,41.90625538535728,146,65,2.8903466698079225,0.6447116213131888
783,391.5,0.3915,421.95843918362084,41.908364770936245,146,65,2.890126295778225,0.6447440733990192
784,392.0,0.392,421.9279446026257,41.91230070285364,146,65,2.8899174287851075,0.6448046261977485
785,392.5,0.3925,421.895586060663,41.91025202795339,146,65,2.889695794936048,0.64477310812236
786,393.0,0.393,421.86677788992347,41.90920868428095,146,65,2.8894984786981057,0.6447570566812454
787,393.5,0.3935,421.8420049738388,41.91332278921029,146,66,2.889328801190677,0.6350503452910651
788,394.0,0.394,421.81950402037364,41.91967115338701,146,66,2.8891746850710525,0.6351465326270759
789,394.5,0.3945,421.8000768147013,41.92633345623226,146,66,2.8890416220185022,0.6352474766095797
790,395.0,0.395,421.78545893446125,41.934896215289676,146,66,2.888941499551105,0.6353772153831769
791,395.5,0.3955,421.7756646845536,41.94451959037637,146,66,2.888874415647628,0.6355230240966118
792,396.0,0.396,421.77024924180677,41.9527618493281,146,66,2.8888373235740183,0.6356479068080015
793,396.5,0.3965,421.76867516590164,41.963779106811586,146,66,2.8888265422322026,0.6358148349516908
794,397.0,0.397,421.77023116095523,41.977849075169765,146,66,2.88883719973257,0.636028016290451
795,397.5,0.3975,421.7724073581656,41.98156220705596,146,66,2.8888521051929152,0.6360842758644845
796,398.0,0.398,421.7716663451977,41.98069494142463,146,66,2.888847029761628,0.6360711354761308
797,398.5,0.3985,421.76804913956744,41.97984462476376,146,66,2.888822254380599,0.6360582518903599
798,399.0,0.399,421.7608011108518,41.97861549915333,146,66,2.8887726103483,0.6360396287750503
799,399.5,0.3995,421.75099354271885,41.980355724547856,146,66,2.8887054352241015,0.6360659958264827
800,400.0,0.4,421.73997926082194,41.98489175720086,146,66,2.888629994937137,0.6361347235939526
801,400.5,0.4005,421.7285496494293,41.99523928909448,146,65,2.8885517099275977,0.6460806044476074
802,401.0,0.401,421.7178323017494,42.011856873118525,146,65,2.8884783034366395,0.6463362595864388
803,401.5,0.4015,421.7072578805836,42.028032932460675,146,65,2.8884058758944082,0.6465851220378567
804,402.0,0.402,421.69954650702033,42.04603471078602,146,65,2.888353058267262,0.646862072473631
805,402.5,0.4025,421.69273393192043,42.06624980532273,146,64,2.8883063967939755,0.6572851532081676
806,403.0,0.403,421.6895878492916,42.09284397849821,146,64,2.888284848282819,0.6577006871640345
807,403.5,0.4035,421.69118370885866,42.12223936377087,146,64,2.888295778827799,0.6581599900589199
808,404.0,0.404,421.6961345914456,42.15300876112674,146,64,2.888329688982504,0.6586407618926053
809,404.5,0.4045,421.7028776414555,42.1837307427253,146,64,2.8883758742565444,0.6591207928550828
810,405.0,0.405,421.71332875892216,42.21690174067693,146,64,2.8884474572528913,0.659639089698077
811,405.5,0.4055,421.7266937921006,42.252423751035394,146,64,2.8885389985760317,0.660194121109928
812,406.0,0.406,421.740458053074,42.29017240374045,146,64,2.888633274336123,0.6607839438084444
813,406.5,0.4065,421.7484471214468,42.32403991022877,146,64,2.8886879939825123,0.6613131235973245
814,407.0,0.407,421.7558835374019,42.35850877617936,146,64,2.8887389283383693,0.6618516996278025
815,407.5,0.4075,421.7547667679215,42.38211990802082,146,64,2.8887312792323394,0.6622206235628253
816,408.0,0.408,421.7489002488102,42.40187442910911,146,64,2.88869109759459,0.6625292879548299
817,408.5,0.4085,421.7360138471448,42.41987896861305,146,62,2.888602834569485,0.6841915962679525
818,409.0,0.409,421.716380856131,42.432623681187835,146,62,2.888468362028295,0.6843971561481909
819,409.5,0.4095,421.69319416046864,42.44030973837418,146,62,2.888309549044306,0.6845211248124871
820,410.0,0.41,421.67353132747377,42.448565986425535,146,62,2.888174872105984,0.6846542901036377
821,410.5,0.4105,421.65882394851815,42.457248096328556,146,62,2.8880741366336857,0.6847943241343316
822,411.0,0.411,421.6501110181018,42.467969458956446,146,62,2.8880144590280947,0.6849672493380072
823,411.5,0.4115,421.6481046619634,42.47925863774178,146,62,2.888000716862763,0.685149332866803
824,412.0,0.412,421.6532428930991,42.491205820104355,146,62,2.888035910226707,0.6853420293565218
825,412.5,0.4125,421.6656541101593,42.50517678921264,146,62,2.888120918562735,0.6855673675679458
826,413.0,0.413,421.68517288679004,42.523075399966864,146,63,2.8882546088136305,0.674969450793125
827,413.5,0.4135,421.7027874985121,42.54408399086074,146,63,2.888375256839124,0.675302920489853
828,414.0,0.414,421.72455462510135,42.565772290176945,146,63,2.888524346747269,0.6756471792091577
829,414.5,0.4145,421.7473772075629,42.58594758019058,146,63,2.8886806658052255,0.6759674219077869
830,415.0,0.415,421.7696241278341,42.60417576851991,146,63,2.8888330419714667,0.6762567582304745
831,415.5,0.4155,421.79413434508496,42.62492145002678,146,64,2.889000920171815,0.6660143976566686
832,416.0,0.416,421.8204649960197,42.65274150227628,146,63,2.8891812670960255,0.6770276428932741
833,416.5,0.4165,421.8459692715232,42.68441714017438,146,64,2.889355953914542,0.6669440178152248
834,417.0,0.417,421.86741586452933,42.71236710986263,146,64,2.889502848387187,0.6673807360916036
835,417.5,0.4175,421.88658145991064,42.74003483204781,146,64,2.889634119588429,0.6678130442507471
836,418.0,0.418,421.89760962190655,42.77177957182237,146,65,2.8897096549445656,0.6580273780280363
837,418.5,0.4185,421.906450274638,42.796133901005035,146,65,2.8897702073605345,0.6584020600154621
838,419.0,0.419,421.9178459994289,42.82174902780501,146,65,2.889848260270061,0.6587961388893079
839,419.5,0.4195,421.92941004483987,42.84585227298763,146,65,2.889927466060547,0.6591669580459636
840,420.0,0.42,421.94119904496046,42.8677283079062,146,65,2.8900082126367157,0.6595035124293261
841,420.5,0.4205,421.9565514037555,42.89016449724383,146,65,2.8901133657791473,0.659848684572982
842,421.0,0.421,421.9755314063658,42.912989292343035,146,65,2.890243365797026,0.6601998352668159
843,421.5,0.4215,421.9941215219207,42.93236939126427,146,65,2.890370695355622,0.6604979906348349
844,422.0,0.422,422.0079210922484,42.938210188821564,146,65,2.8904652129606054,0.6605878490587933
845,422.5,0.4225,422.02392617286563,42.942502647413086,146,65,2.89057483680045,0.6606538868832782
846,423.0,0.423,422.0366312628745,42.94188276114622,146,65,2.890661857964894,0.6606443501714804
847,423.5,0.4235,422.0451114585149,42.93077306445487,146,65,2.890719941496677,0.6604734317608442
848,424.0,0.424,422.0555603272738,42.91946728166512,146,65,2.8907915090909166,0.6602994966410017
849,424.5,0.4245,422.0679374019664,42.910913117513104,146,65,2.890876283575112,0.6601678941155862
850,425.0,0.425,422.0812868972394,42.900381673161576,146,65,2.890967718474243,0.6600058718947934
851,425.5,0.4255,422.0920728231664,42.88764856909596,146,65,2.891041594679222,0.6598099779860916
852,426.0,0.426,422.1046170951919,42.87788602817757,146,65,2.8911275143506288,0.6596597850488857
853,426.5,0.4265,422.1160186928957,42.87131113794513,146,65,2.8912056074855865,0.6595586328914635
854,427.0,0.427,422.1305096572692,42.868915458034735,146,65,2.891304860666227,0.6595217762774574
855,427.5,0.4275,422.1468858115768,42.868887718735124,146,65,2.8914170261066903,0.6595213495190018
856,428.0,0.428,422.16645671419707,42.87225816106041,146,65,2.8915510733849112,0.6595732024778523
857,428.5,0.4285,422.189157489413,42.87852402038612,146,65,2.891706558146664,0.6596696003136326
858,429.0,0.429,422.21492788458113,42.88704120127996,146,66,2.89188306770261,0.6498036545648479
859,429.5,0.4295,422.2425079567425,42.89614891636303,146,66,2.8920719723064554,0.6499416502479247
860,430.0,0.43,422.27189603044457,42.90168785388539,146,66,2.892273260482497,0.650025573543718
861,430.5,0.4305,422.29915927078895,42.90088303234871,146,66,2.8924599950054035,0.6500133792780107
862,431.0,0.431,422.3255925998844,42.892254748270155,146,66,2.892641045204687,0.6498826477010631
863,431.5,0.4315,422.3512216025125,42.880204494278296,146,66,2.892816586318579,0.6497000680951258
864,432.0,0.432,422.3770412976357,42.87011246029327,146,67,2.8929934335454495,0.6398524247804965
865,432.5,0.4325,422.3990934568929,42.859225258628136,146,67,2.893144475732143,0.6396899292332558
866,433.0,0.433,422.4207825657612,42.846653850575755,146,67,2.893293031272337,0.6395022962772502
867,433.5,0.4335,422.44310263599857,42.83357014958753,146,67,2.893445908465744,0.6393070171580226
868,434.0,0.434,422.46636961050854,42.820662037954165,146,67,2.893605271304853,0.6391143587754352
869,434.5,0.4345,422.491098059161,42.80857217908099,146,67,2.893774644240829,0.6389339131206118
870,435.0,0.435,422.5163421867031,42.796485908618166,146,67,2.8939475492239937,0.6387535210241518
871,435.5,0.4355,422.54093553717934,42.785096644450974,146,67,2.8941159968299957,0.6385835320067308
872,436.0,0.436,422.56834247569503,42.778422531631186,146,67,2.8943037155869527,0.6384839183825549
873,436.5,0.4365,422.59905762356175,42.77456471690996,146,67,2.8945140933120665,0.6384263390583576
874,437.0,0.437,422.62439020733393,42.76462691610134,146,67,2.8946876041598215,0.6382780136731543
875,437.5,0.4375,422.64934470904484,42.75349573583806,146,67,2.8948585254044166,0.6381118766542994
876,438.0,0.438,422.6745210958828,42.74749576419015,146,68,2.895030966410156,0.6286396435910315
877,438.5,0.4385,422.7027946805045,42.73920024261518,146,68,2.895224621099346,0.628517650626694
878,439.0,0.439,422.72871789494644,42.73049419332511,146,68,2.8954021773626466,0.628389620490075
879,439.5,0.4395,422.7470393170811,42.71331876278625,146,68,2.89552766655535,0.6281370406292097
880,440.0,0.44,422.7630124916497,42.6943080946617,146,68,2.895637071860614,0.6278574719803192
881,440.5,0.4405,422.7783147599697,42.67594533529687,146,68,2.895741881917601,0.6275874314014246
882,441.0,0.441,422.78914163549945,42.65214766334726,146,68,2.8958160385993112,0.6272374656374595
883,441.5,0.4415,422.79444603088916,42.622253773199255,146,68,2.8958523700745835,0.6267978496058715
884,442.0,0.442,422.79884358459185,42.59348349015157,146,69,2.8958824903054237,0.6172968621761096
885,442.5,0.4425,422.8025522991385,42.570873178440735,146,69,2.8959078924598525,0.6169691764991411
886,443.0,0.443,422.80740836429965,42.550742449223264,146,69,2.895941153180135,0.6166774268003371
887,443.5,0.4435,422.8091465269574,42.52950923042868,146,70,2.895953058403818,0.6075644175775525
888,444.0,0.444,422.81268073732036,42.51084748220842,146,70,2.8959772653241123,0.607297821174406
889,444.5,0.4445,422.81537307308406,42.49116884449578,146,70,2.895995705980028,0.6070166977785113
890,445.0,0.445,422.8182551777434,42.47860519161287,146,69,2.8960154464229,0.6156319592987374
891,445.5,0.4455,422.8243845819795,42.47364040298102,146,69,2.896057428643695,0.6155600058403047
892,446.0,0.446,422.8337702717041,42.472163282383114,146,69,2.8961217141897544,0.6155385982954074
893,446.5,0.4465,422.8463385194333,42.473946388150694,146,69,2.89620779807831,0.6155644404079811
894,447.0,0.447,422.86201910424415,42.478543694405,146,69,2.896315199344138,0.6156310680348551
895,447.5,0.4475,422.87594440172046,42.48070027673374,146,69,2.8964105780939753,0.6156623228512138
896,448.0,0.448,422.89020142504705,42.486052251281,146,68,2.8965082289386785,0.62479488604825
897,448.5,0.4485,422.90593561615935,42.494461561773015,146,68,2.8966159973709544,0.624918552379015
898,449.0,0.449,422.92236677734064,42.501897289162244,146,68,2.8967285395708267,0.6250279013112094
899,449.5,0.4495,422.9380216341421,42.50681913115875,146,68,2.896835764617412,0.6251002813405699
900,450.0,0.45,422.95110104883935,42.50867265440604,146,68,2.896925349649585,0.625127539035383
901,450.5,0.4505,422.96373830810165,42.509791036210764,146,68,2.897011906219874,0.625143985826629
902,451.0,0.451,422.9732854954929,42.50689846859548,146,68,2.8970772979143353,0.6251014480675806
903,451.5,0.4515,422.9824199919715,42.50277395372846,146,68,2.8971398629587086,0.6250407934371833
904,452.0,0.452,422.9931317837937,42.4993473224762,146,68,2.897213231395847,0.6249904018011206
905,452.5,0.4525,422.99863923091704,42.486000316268985,146,69,2.897250953636418,0.615739135018391
906,453.0,0.453,423.00153112591687,42.466059115188344,146,70,2.8972707611364172,0.6066579873598336
907,453.5,0.4535,423.0058422150972,42.44670694346147,146,70,2.8973002891445017,0.6063815277637356
908,454.0,0.454,423.01379485354016,42.429778349962994,146,70,2.897354759270823,0.6061396907137568
909,454.5,0.4545,423.02547978307933,42.41328348723658,146,68,2.89743479303479,0.6237247571652438
910,455.0,0.455,423.0296148592101,42.4026004697324,146,68,2.8974631154740416,0.6235676539666528
911,455.5,0.4555,423.0370931599871,42.39429658162024,146,68,2.8975143367122405,0.6234455379650035
912,456.0,0.456,423.0483148952731,42.38551456246152,146,68,2.8975911979128295,0.623316390624434
913,456.5,0.4565,423.0631357822157,42.369118335692214,146,67,2.897692710837094,0.6323749005327196
914,457.0,0.457,423.0787192637152,42.351945139992836,146,67,2.8977994470117476,0.6321185841789976
915,457.5,0.4575,423.0924284394043,42.33209287686949,146,67,2.8978933454753713,0.6318222817443209
916,458.0,0.458,423.1080056648197,42.31346634129233,146,67,2.8980000388001352,0.6315442737506319
917,458.5,0.4585,423.12458830367086,42.29597006667614,146,68,2.8981136185182934,0.6219995598040607
918,459.0,0.459,423.139204650624,42.27973646952102,146,68,2.898213730483726,0.6217608304341325
919,459.5,0.4595,423.1538765101442,42.263997549579656,146,68,2.8983142226722203,0.6215293757291126
920,460.0,0.46,423.1683966704025,42.24882662198729,146,68,2.898413675824674,0.6213062738527542
921,460.5,0.4605,423.18284077433657,42.23455812702509,146,68,2.898512608043401,0.6210964430444865
922,461.0,0.461,423.1976058768939,42.221444222859986,146,68,2.8986137388828346,0.6209035915126467
923,461.5,0.4615,423.2132295633171,42.209809153957444,146,67,2.8987207504336787,0.6299971515516037
924,462.0,0.462,423.2303322220533,42.202953920732625,146,67,2.898837891931872,0.6298948346378004
925,462.5,0.4625,423.24934862790633,42.20013837371678,146,68,2.8989681412870296,0.6205902702017174
926,463.0,0.463,423.26929853469414,42.20068237320614,146,68,2.8991047844842064,0.620598270194208
927,463.5,0.4635,423.28789473719786,42.19975269571992,146,68,2.8992321557342313,0.6205845984664695
928,464.0,0.464,423.30914967589933,42.201156567467905,146,68,2.89937773750616,0.6206052436392339
929,464.5,0.4645,423.3332153116707,42.2049139787754,146,68,2.8995425706278817,0.6206604996878734
930,465.0,0.465,423.3601920568381,42.21010727741997,146,68,2.899727342855056,0.6207368717267642
931,465.5,0.4655,423.3898450808411,42.21669805124578,146,67,2.8999304457591855,0.630099970914116
932,466.0,0.466,423.4219392927477,42.22723730232572,146,67,2.9001502691284093,0.6302572731690406
933,466.5,0.4665,423.4563599629708,42.239686868543984,146,67,2.900386027143635,0.6304430875902087
934,467.0,0.467,423.4852976079994,42.251301852313865,146,67,2.900584230191777,0.6306164455569233
935,467.5,0.4675,423.51210528114615,42.259212883353236,146,67,2.9007678443914124,0.6307345206470633
936,468.0,0.468,423.5352616713793,42.26470126961874,146,67,2.900926449803968,0.6308164368599813
937,468.5,0.4685,423.5565789569999,42.2724105918826,146,67,2.9010724586095886,0.630931501371382
938,469.0,0.469,423.5692092079499,42.270424274307786,146,66,2.9011589671777394,0.6404609738531483
939,469.5,0.4695,423.5800911502491,42.267313512160605,146,66,2.901233501029103,0.6404138410933425
940,470.0,0.47,423.5911294975594,42.26409992732663,146,66,2.901309106147667,0.6403651504140399
941,470.5,0.4705,423.602821871537,42.261116627168605,146,66,2.901389190900938,0.640319948896494
942,471.0,0.471,423.61025386495675,42.258489951843124,146,66,2.9014400949654577,0.6402801507855018
943,471.5,0.4715,423.61762509942764,42.26189463080897,146,66,2.901490582872792,0.6403317368304389
944,472.0,0.472,423.62665879525963,42.2725097096891,146,67,2.901552457501779,0.6309329807416284
945,472.5,0.4725,423.63760890943445,42.28335701532606,146,67,2.9016274582837975,0.6310948808257622
946,473.0,0.473,423.6506653980684,42.28746288684546,146,67,2.9017168862881393,0.6311561624902307
947,473.5,0.4735,423.65953579310883,42.28814333004583,146,67,2.9017776424185535,0.6311663183588928
948,474.0,0.474,423.66977803332594,42.29107048819134,146,68,2.9018477947488077,0.6219275071792844
949,474.5,0.4745,423.6825400320498,42.292175086964164,146,68,2.901935205698971,0.6219437512788848
950,475.0,0.475,423.697919728554,42.293888323061886,146,68,2.902040546085986,0.6219689459273807
951,475.5,0.4755,423.7158396673634,42.29637132433348,146,68,2.9021632853929002,0.6220054606519632
952,476.0,0.476,423.7360493074294,42.29967296949463,146,68,2.902301707585133,0.6220540142572739
953,476.5,0.4765,423.7504573741526,42.29610114627334,146,68,2.902400392973648,0.6220014874451962
954,477.0,0.477,423.7663561266121,42.293361934595524,146,68,2.902509288538439,0.6219612049205224
955,477.5,0.4775,423.78333354624465,42.29141604244764,146,68,2.902625572234552,0.6219325888595242
956,478.0,0.478,423.79776879588735,42.2867833092187,146,68,2.9027244438074478,0.6218644604296867
957,478.5,0.4785,423.8113557556955,42.28121904210919,146,68,2.902817505175997,0.6217826329721939
958,479.0,0.479,423.8240193742156,42.274552024321906,146,68,2.902904242289148,0.6216845885929692
959,479.5,0.4795,423.8357559939623,42.27002744359216,146,68,2.9029846300956326,0.6216180506410612
960,480.0,0.48,423.84586465521744,42.26761679310754,146,68,2.903053867501489,0.6215825998986402
961,480.5,0.4805,423.8567532757869,42.2664039553244,146,68,2.903128447094431,0.6215647640488884
962,481.0,0.481,423.8681250037462,42.26585916357346,146,68,2.903206335642097,0.6215567524054921
963,481.5,0.4815,423.8785187035137,42.2668178390401,146,67,2.903277525366532,0.6308480274483595
964,482.0,0.482,423.8891671015854,42.26937267514967,146,67,2.9033504595999,0.6308861593305922
965,482.5,0.4825,423.90016827203937,42.27255826854678,146,67,2.903425810082461,0.6309337055006982
966,483.0,0.483,423.90976440526134,42.27540823885264,146,67,2.9034915370223375,0.630976242370935
967,483.5,0.4835,423.91586533759397,42.28376368308038,146,68,2.9035333242300956,0.6218200541629467
968,484.0,0.484,423.9228739390692,42.29376201174642,146,68,2.903581328349789,0.6219670884080356
969,484.5,0.4845,423.93078331501783,42.304886651795194,146,68,2.9036355021576563,0.6221306860558117
970,485.0,0.485,423.93733626954275,42.32394016314047,146,68,2.903680385407827,0.6224108847520657
971,485.5,0.4855,423.94424343345395,42.342674225145004,146,68,2.9037276947496844,0.6226863856638971
972,486.0,0.486,423.9477981904066,42.35750966412091,146,68,2.903752042400045,0.6229045538841309
973,486.5,0.4865,423.9506501448002,42.37169972457918,146,68,2.9037715763342478,0.6231132312438116
974,487.0,0.487,423.9530098011593,42.38518749290608,146,68,2.903787738364105,0.6233115807780306
975,487.5,0.4875,423.9493294468351,42.39192536033423,146,68,2.903762530457775,0.6234106670637386
976,488.0,0.488,423.9401380326894,42.39184588470765,146,68,2.903699575566366,0.6234094983045244
977,488.5,0.4885,423.9295780244038,42.38649368012174,146,68,2.9036272467424915,0.6233307894135551
978,489.0,0.489,423.92118324901224,42.380476354614366,146,68,2.9035697482809057,0.6232422993325643
979,489.5,0.4895,423.91541279422745,42.37500082826932,146,68,2.9035302246179966,0.6231617768863135
980,490.0,0.49,423.9124361780562,42.37062450165066,146,68,2.903509836836002,0.6230974191419213
981,490.5,0.4905,423.9122449590972,42.36783787265873,146,68,2.903508527117104,0.6230564393038049
982,491.0,0.491,423.91481518393084,42.36802968646673,146,68,2.9035261313967866,0.6230592600950989
983,491.5,0.4915,423.9161157305839,42.36604939354198,146,68,2.9035350392505745,0.6230301381403233
984,492.0,0.492,423.9183733497273,42.36381191756285,146,68,2.9035505023953925,0.6229972340818066
985,492.5,0.4925,423.9208910309659,42.36131190782435,146,68,2.9035677467874375,0.6229604692327112
986,493.0,0.493,423.92176353895553,42.35651356738362,146,68,2.9035737228695586,0.6228899054027003
987,493.5,0.4935,423.9257715259346,42.35409611158802,146,68,2.903601174835168,0.6228543545821769
988,494.0,0.494,423.9327795122935,42.35383053498251,146,68,2.9036491747417363,0.6228504490438604
989,494.5,0.4945,423.94250831433556,42.356086908575996,146,68,2.9037158103721614,0.6228836310084706
990,495.0,0.495,423.95459725642223,42.36156139280991,146,68,2.9037986113453575,0.6229641381295578
991,495.5,0.4955,423.9687234069481,42.36449479983521,146,68,2.903895365801014,0.6230072764681648
992,496.0,0.496,423.9788980667986,42.36178962582994,146,68,2.903965055252045,0.6229674944974993
993,496.5,0.4965,423.98890431768837,42.35671286047325,146,68,2.9040335912170434,0.6228928361834303
994,497.0,0.497,424.0012212456297,42.35356085161947,146,68,2.90411795373719,0.622846483112051
995,497.5,0.4975,424.015897759526,42.35015497200738,146,68,2.9042184778049727,0.6227963966471673
996,498.0,0.498,424.03269847933194,42.343392907314815,146,68,2.9043335512283006,0.6226969545193355
997,498.5,0.4985,424.0503490347736,42.336192094277195,146,68,2.9044544454436547,0.6225910602099587
998,499.0,0.499,424.06981366009074,42.3270321094211,146,68,2.904587764795142,0.6224563545503101
999,499.5,0.4995,424.09080764367314,42.31753581589051,146,68,2.9047315592032406,0.6223167031748604
1000,500.0,0.5,424.1131239703542,42.30881855514768,146,68,2.9048844107558507,0.6221885081639364
1001,500.5,0.5005,424.1365663991305,42.30153513534436,146,68,2.90504497533651,0.6220813990491817
1002,501.0,0.501,424.15966487753803,42.29531755794309,146,68,2.905203184092726,0.6219899640873985
1003,501.5,0.5015,424.1770491485221,42.28426640375405,146,68,2.905322254441932,0.6218274471140303
1004,502.0,0.502,424.19485979335724,42.27472653477729,146,68,2.9054442451599813,0.6216871549231954
1005,502.5,0.5025,424.21384478001147,42.27025724164413,146,68,2.9055742793151476,0.6216214300241785
1006,503.0,0.503,424.233727491371,42.26848375786418,146,68,2.9057104622696643,0.6215953493803557
1007,503.5,0.5035,424.25378798177707,42.269139653353605,146,68,2.9058478628888844,0.6216049949022588
1008,504.0,0.504,424.27389847877987,42.27029627185574,146,68,2.90598560601904,0.6216220039978786
1009,504.5,0.5045,424.29466679725243,42.27176506823584,146,68,2.906127854775702,0.6216436039446448
1010,505.0,0.505,424.31617106994526,42.27508292952618,146,67,2.906275144314693,0.6309713870078534
1011,505.5,0.5055,424.3382754796675,42.280577148106495,146,67,2.906426544381284,0.6310533902702461
1012,506.0,0.506,424.36078371315057,42.28181919877937,146,67,2.906580710364045,0.6310719283399907
1013,506.5,0.5065,424.38356530617756,42.28253866502425,146,67,2.9067367486724494,0.631082666642153
1014,507.0,0.507,424.403743520128,42.281579261904064,146,67,2.9068749556173152,0.631068347192598
1015,507.5,0.5075,424.42463268129114,42.2791148266186,146,68,2.9070180320636383,0.6217516886267441
1016,508.0,0.508,424.44737740295517,42.273511700009216,146,68,2.90717381782846,0.6216692897060178
1017,508.5,0.5085,424.4704965801092,42.26628322783148,146,68,2.907332168356913,0.6215629886445806
1018,509.0,0.509,424.4903811447863,42.24936298107138,146,68,2.9074683640053856,0.6213141614863437
1019,509.5,0.5095,424.5091074836226,42.23438990025139,146,67,2.9075966266001547,0.6303640283619611
1020,510.0,0.51,424.528419594706,42.22977416264162,146,67,2.907728901333603,0.6302951367558451
1021,510.5,0.5105,424.5474389137483,42.22917330721897,146,67,2.907859170642112,0.6302861687644623
1022,511.0,0.511,424.5624042852498,42.226183026474466,146,67,2.9079616731866422,0.6302415377085742
1023,511.5,0.5115,424.5769562016954,42.221542176823384,146,67,2.908061343847229,0.6301722712958715
1024,512.0,0.512,424.593605604908,42.220159915819046,146,67,2.908175380855534,0.6301516405346126
1025,512.5,0.5125,424.61223447714906,42.22840354348672,146,67,2.908302975870884,0.6302746797535331
1026,513.0,0.513,424.6327330998572,42.24459431974917,146,67,2.9084433773962823,0.6305163331305847
1027,513.5,0.5135,424.6551244069601,42.26742408635226,146,68,2.9085967425134256,0.6215797659757685
1028,514.0,0.514,424.67758973047864,42.2920970015001,146,68,2.9087506145923196,0.6219426029632368
1029,514.5,0.5145,424.6991434295928,42.315662487000324,146,68,2.908898242668444,0.622289154220593
1030,515.0,0.515,424.7224876394599,42.340649177644465,146,68,2.9090581345168487,0.6226566055535951
1031,515.5,0.5155,424.74540808267346,42.37097847640589,146,68,2.9092151238539277,0.6231026246530279
1032,516.0,0.516,424.76143065218776,42.394505391455134,146,68,2.909324867480738,0.6234486086978697
1033,516.5,0.5165,424.7771240910423,42.41505350542739,146,68,2.909432356787961,0.6237507868445205
1034,517.0,0.517,424.79457591971305,42.438263248836094,146,67,2.909551889861048,0.6334069141617328
1035,517.5,0.5175,424.81215772702905,42.46212685531191,146,67,2.9096723131988296,0.633763087392715
1036,518.0,0.518,424.82661794573966,42.481878392436236,146,67,2.909771355792737,0.6340578864542722
1037,518.5,0.5185,424.836056633863,42.49374695047091,146,67,2.909836004341528,0.6342350291115061
1038,519.0,0.519,424.8452895037927,42.51063551043068,146,66,2.909899243176662,0.6441005380368284
1039,519.5,0.5195,424.8549929127468,42.53098363322419,146,66,2.9099657048818273,0.6444088429276392
1040,520.0,0.52,424.86513642286405,42.55397601111623,146,66,2.9100351809785208,0.6447572122896397
1041,520.5,0.5205,424.8756416602828,42.57965937729485,146,66,2.910107134659471,0.6451463542014373
1042,521.0,0.521,424.88649183160254,42.6082704983549,146,66,2.9101814509013875,0.6455798560356802
1043,521.5,0.5215,424.8951036640619,42.63723812543255,146,66,2.9102404360552185,0.6460187594762506
1044,522.0,0.522,424.90027983226173,42.665872842927755,146,66,2.9102758892620666,0.6464526188322388
1045,522.5,0.5225,424.90465097905707,42.69358913224708,146,66,2.9103058286236787,0.6468725626098042
1046,523.0,0.523,424.9092148290045,42.71882238215788,146,67,2.9103370878698938,0.6375943639128043
1047,523.5,0.5235,424.90816539073455,42.741785765447005,146,67,2.910329899936538,0.6379371009768211
1048,524.0,0.524,424.90754694885493,42.76264579452135,146,67,2.9103256640332535,0.6382484446943485
1049,524.5,0.5245,424.907411571712,42.786030368001335,146,67,2.910324736792548,0.6385974681791243
1050,525.0,0.525,424.90770748891254,42.80888271906931,146,67,2.9103267636226886,0.6389385480458106
1051,525.5,0.5255,424.9084516218363,42.83136729036179,146,67,2.9103318604235366,0.6392741386621162
1052,526.0,0.526,424.9096921140379,42.86021330781687,146,67,2.9103403569454653,0.6397046762360726
1053,526.5,0.5265,424.90719159388783,42.89071030485899,146,69,2.910323230095122,0.6216044971718695
1054,527.0,0.527,424.9016226445198,42.921409670746655,146,69,2.9102850866063,0.6220494155180675
1055,527.5,0.5275,424.8905221904781,42.94503587396349,146,69,2.9102090560991654,0.6223918242603405
1056,528.0,0.528,424.8676057115848,42.95596912803701,146,69,2.9100520939149646,0.6225502772179277
1057,528.5,0.5285,424.84053079308217,42.962515447977,146,69,2.909866649267686,0.6226451514199566
1058,529.0,0.529,424.8138251309907,42.96975092345723,146,69,2.909683733773909,0.6227500133834382
1059,529.5,0.5295,424.7860853451879,42.97669775247742,146,69,2.909493735241013,0.6228506920648903
1060,530.0,0.53,424.7460522555412,42.97463702962223,146,68,2.9092195359968573,0.6319799563179739
1061,530.5,0.5305,424.7043790220437,42.97518769298344,146,69,2.90893410289071,0.6228288071446876
1062,531.0,0.531,424.663036779232,42.98187595484946,146,69,2.908650936844055,0.6229257384760791
1063,531.5,0.5315,424.623562083807,42.99256925122546,146,69,2.908380562217856,0.6230807137858763
1064,532.0,0.532,424.5853005195535,43.00593789305327,146,69,2.90811849670927,0.6232744622181634
1065,532.5,0.5325,424.5447978009813,43.01578958704308,146,69,2.9078410808286392,0.6234172403919286
1066,533.0,0.533,424.5012165982971,43.02311429188188,146,69,2.907542579440391,0.6235233955345201
1067,533.5,0.5335,424.4573576372649,43.02909220816004,146,69,2.907242175597705,0.6236100320023191
1068,534.0,0.534,424.41271817305125,43.02901821400156,146,68,2.906936425842817,0.6327796796176701
1069,534.5,0.5345,424.37017389334386,43.03084018008573,146,68,2.9066450266667387,0.6328064732365548
1070,535.0,0.535,424.32975938006444,43.02680695082397,146,68,2.9063682149319483,0.6327471610415291
1071,535.5,0.5355,424.2916147199013,43.025102617622174,146,68,2.9061069501363104,0.6327220973179731
1072,536.0,0.536,424.2506547639282,43.018453460424034,146,68,2.905826402492659,0.632624315594471
1073,536.5,0.5365,424.2107947201008,43.009250153521116,146,68,2.905553388493841,0.6324889728458988
1074,537.0,0.537,424.17272133328333,43.00495409822989,146,68,2.9052926118718037,0.6324257955622042
1075,537.5,0.5375,424.13396409681934,43.00218695866608,146,68,2.9050271513480777,0.6323851023333247
1076,538.0,0.538,424.0937850067557,43.00414952593266,146,69,2.9047519521010665,0.6232485438540964
1077,538.5,0.5385,424.05516922434003,43.01125937849007,146,69,2.904487460440685,0.6233515851955083
1078,539.0,0.539,424.01820366700434,43.01779399815789,146,69,2.9042342716918106,0.6234462898283752
1079,539.5,0.5395,423.9802712050095,43.02569771067475,146,69,2.903974460308284,0.6235608363865905
1080,540.0,0.54,423.941114206095,43.03787291519144,146,70,2.903706261685582,0.6148267559313063
1081,540.5,0.5405,423.90177163938614,43.05422687528908,146,70,2.90343679205059,0.6150603839327011
1082,541.0,0.541,423.8639241000048,43.06148421695566,146,70,2.9031775623288003,0.6151640602422237
1083,541.5,0.5415,423.8297134209228,43.0719320429937,146,70,2.9029432426090604,0.61531331489991
1084,542.0,0.542,423.7994399198279,43.08657561216685,146,70,2.902735889861835,0.6155225087452406
1085,542.5,0.5425,423.77085667086277,43.102108755756106,146,70,2.902540114183992,0.6157444107965157
1086,543.0,0.543,423.745566491976,43.12217241519353,146,69,2.9023668937806573,0.624959020510051
1087,543.5,0.5435,423.723203975615,43.139607273742264,146,69,2.9022137258603764,0.6252116996194531
1088,544.0,0.544,423.7027164217219,43.152007037611604,146,69,2.90207340014878,0.6253914063421971
1089,544.5,0.5445,423.6839687052373,43.163017442328616,146,69,2.9019449911317627,0.6255509774250524
1090,545.0,0.545,423.6668961488814,43.17634507349373,146,69,2.901828055814256,0.6257441314999092
1091,545.5,0.5455,423.64710010046474,43.18471241385841,146,69,2.9016924664415393,0.6258653973022957
1092,546.0,0.546,423.61347911671515,43.17799881287525,146,69,2.901462185730926,0.6257680987373225
1093,546.5,0.5465,423.57949739010206,43.17094472262035,146,69,2.901229434178781,0.6256658655452225
1094,547.0,0.547,423.546869297277,43.166406568925986,146,69,2.9010059540909383,0.625600095201826
1095,547.5,0.5475,423.5149173600566,43.16415902775081,146,69,2.9007871052058674,0.6255675221413161
1096,548.0,0.548,423.48323982820057,43.16452376446962,146,69,2.900570135809593,0.625572808180719
1097,548.5,0.5485,423.4526486021026,43.16766942690724,146,69,2.900360606863717,0.6256183974914094
1098,549.0,0.549,423.42337230258005,43.17439674777332,146,69,2.900160084264247,0.6257158948952657
1099,549.5,0.5495,423.3951278335777,43.18850914790484,146,69,2.8999666289971078,0.6259204224334034
1100,550.0,0.55,423.3639400242349,43.20744909697983,146,69,2.899753013864623,0.626194914448983
1101,550.5,0.5505,423.33142889240764,43.227812457590225,146,69,2.8995303348795045,0.6264900356172497
1102,551.0,0.551,423.2984169954966,43.24652337829095,146,68,2.899304225996552,0.6359782849748671
1103,551.5,0.5515,423.2650767288169,43.260178372151586,146,68,2.8990758680055957,0.6361790937081117
1104,552.0,0.552,423.2312791774918,43.27045717452728,146,68,2.8988443779280257,0.6363302525665776
1105,552.5,0.5525,423.199765442932,43.2830470455214,146,69,2.8986285304310413,0.6272905368916145
1106,553.0,0.553,423.16763067801134,43.2960614335854,146,69,2.898408429301447,0.6274791512113825
1107,553.5,0.5535,423.13686131495285,43.306464006844315,146,69,2.898197680239403,0.6276299131426712
1108,554.0,0.554,423.09986312875577,43.30562619531474,146,69,2.897944268005177,0.6276177709465905
1109,554.5,0.5545,423.0628933863572,43.304496249502336,146,69,2.8976910505914875,0.6276013949203236
1110,555.0,0.555,423.0215928744982,43.29820841766986,146,69,2.8974081703732755,0.6275102669227517
1111,555.5,0.5555,422.9834833130434,43.2951007947657,146,69,2.897147145979749,0.6274652289096478
1112,556.0,0.556,422.9480941012826,43.297872347427656,146,70,2.896904754118374,0.6185410335346808
1113,556.5,0.5565,422.9150650783308,43.307299356303304,146,70,2.896678527933773,0.6186757050900472
1114,557.0,0.557,422.883799593414,43.32111412757293,146,70,2.8964643807768082,0.6188730589653276
1115,557.5,0.5575,422.8537827513307,43.33368568297732,146,70,2.8962587859680187,0.6190526526139618
1116,558.0,0.558,422.8247322584827,43.3535283051354,146,70,2.896059809989608,0.6193361186447913
1117,558.5,0.5585,422.7964330536656,43.383606786110505,146,70,2.8958659798196273,0.61976581123015
1118,559.0,0.559,422.7688016374724,43.41751664101606,146,70,2.8956767235443315,0.6202502377288007
1119,559.5,0.5595,422.7419181442211,43.4480839835579,146,69,2.895492590028912,0.6296823765733031
1120,560.0,0.56,422.71607352864635,43.48147852650458,146,69,2.8953155721140162,0.6301663554565882
1121,560.5,0.5605,422.6908343806782,43.51502224722118,146,69,2.895142701237522,0.6306524963365386
1122,561.0,0.561,422.65907830024173,43.543673678711805,146,69,2.894925193837272,0.6310677344740839
1123,561.5,0.5615,422.62727687808916,43.571498238501604,146,69,2.8947073758773225,0.6314709889637912
1124,562.0,0.562,422.59237941341894,43.59315701688676,146,69,2.894468352146705,0.6317848843027066
1125,562.5,0.5625,422.55734419000305,43.61116964352884,146,69,2.894228384863035,0.6320459368627368
1126,563.0,0.563,422.5254807752628,43.62860596885886,146,69,2.8940101422963207,0.6322986372298387
1127,563.5,0.5635,422.49715535778995,43.64632859500203,146,69,2.8938161325876024,0.6325554868840874
1128,564.0,0.564,422.471977429999,43.65999922911831,146,69,2.8936436810273904,0.6327536120162074
1129,564.5,0.5645,422.4465509542949,43.67134206787886,146,69,2.893469527084212,0.6329180009837517
1130,565.0,0.565,422.4239325657441,43.6855094914085,146,69,2.8933146066146853,0.6331233259624419
1131,565.5,0.5655,422.39988588837645,43.70301924772573,146,69,2.8931499033450447,0.6333770905467496
1132,566.0,0.566,422.37281062376604,43.720969754642475,146,69,2.892964456327165,0.6336372428209054
1133,566.5,0.5665,422.33431980506555,43.73152654394514,146,68,2.8927008205826406,0.6431106844697814
1134,567.0,0.567,422.29706779658954,43.746523559831964,146,68,2.8924456698396552,0.6433312288210582
1135,567.5,0.5675,422.26117264580745,43.76682714553426,146,68,2.892199812642517,0.6436298109637392
1136,568.0,0.568,422.2252870725253,43.79059338254148,146,68,2.8919540210446937,0.6439793144491394
1137,568.5,0.5685,422.18311964128657,43.80847254555903,146,68,2.8916652030225105,0.6442422433170444
1138,569.0,0.569,422.141557568994,43.829877438268824,146,68,2.8913805312944794,0.6445570211510123
1139,569.5,0.5695,422.1020257223642,43.855364685842744,146,68,2.891109765221673,0.6449318336153343
1140,570.0,0.57,422.0647754620227,43.87786618334898,146,69,2.89085462645221,0.6359111041065069
1141,570.5,0.5705,422.0286125607569,43.89749704577758,146,69,2.89060693534765,0.6361956093590955
1142,571.0,0.571,421.9938901435398,43.91283401505285,146,69,2.8903691105721907,0.6364178842761283
1143,571.5,0.5715,421.96299815574775,43.922629725154366,146,69,2.890157521614711,0.6365598510891937
1144,572.0,0.572,421.93381157588806,43.92973250374556,146,69,2.8899576135334804,0.6366627899093561
1145,572.5,0.5725,421.90717758699884,43.9334472430598,146,68,2.8897751889520467,0.6460801065155855
1146,573.0,0.573,421.8853130976295,43.93870418793508,146,68,2.8896254321755444,0.6461574145284571
1147,573.5,0.5735,421.86815052837386,43.945806629333305,146,68,2.889507880331328,0.646261862196078
1148,574.0,0.574,421.85536175785325,43.957192499537406,146,68,2.889420286012694,0.6464293014637853
1149,574.5,0.5745,421.8465604345966,43.97353648352338,146,68,2.8893600029766886,0.6466696541694616
1150,575.0,0.575,421.8414230010994,43.99531722943495,146,68,2.889324815076023,0.6469899592563962
1151,575.5,0.5755,421.8397091848909,44.02327465893179,146,68,2.889313076608842,0.6474010979254674
1152,576.0,0.576,421.84121416099697,44.05601215262148,146,68,2.8893233846643627,0.6478825316561982
1153,576.5,0.5765,421.84577601505003,44.093696602563874,146,68,2.889354630240069,0.6484367147435864
1154,577.0,0.577,421.8529009033591,44.13290833306723,146,68,2.8894034308449252,0.6490133578392241
1155,577.5,0.5775,421.86250410042516,44.17330093499847,146,68,2.889469206167296,0.6496073666911542
1156,578.0,0.578,421.8728066262204,44.21371016914787,146,68,2.889539771412468,0.6502016201345276
1157,578.5,0.5785,421.8782842401914,44.24771844324806,146,68,2.88957728931638,0.6507017418124715
1158,579.0,0.579,421.88457014523334,44.28002130501685,146,68,2.889620343460502,0.6511767838973067
1159,579.5,0.5795,421.8922500583374,44.310484373821104,146,68,2.8896729456050503,0.6516247702032514
1160,580.0,0.58,421.9012721236095,44.33806323091225,146,68,2.889734740572668,0.6520303416310624
1161,580.5,0.5805,421.90593166586575,44.35076471657931,146,68,2.889766655245656,0.6522171281849898
1162,581.0,0.581,421.91105772703827,44.36197443692159,146,68,2.889801765253687,0.6523819770135527
1163,581.5,0.5815,421.9182980351867,44.37425521492248,146,68,2.8898513564053885,0.6525625766900365
1164,582.0,0.582,421.91893144471146,44.37798611548879,146,68,2.8898556948267906,0.6526174428748351
1165,582.5,0.5825,421.9156305381395,44.376602655943216,146,68,2.889833085877668,0.6525970978815178
1166,583.0,0.583,421.90939444811715,44.37180751295332,146,68,2.889790372932309,0.6525265810728428
1167,583.5,0.5835,421.902628062963,44.36992016859963,146,68,2.8897440278285136,0.6524988260088179
1168,584.0,0.584,421.8977730814173,44.37039590456488,146,68,2.8897107745302555,0.6525058221259541
1169,584.5,0.5845,421.89419745503056,44.37483078407629,146,69,2.8896862839385653,0.6431134896242942
1170,585.0,0.585,421.89047711376094,44.38746693277238,146,69,2.8896608021490473,0.6432966222140923
1171,585.5,0.5855,421.8855193085377,44.39938713720305,146,69,2.889626844579025,0.6434693788000442
1172,586.0,0.586,421.8754609732448,44.406503208774836,146,69,2.88955795187154,0.643572510272099
1173,586.5,0.5865,421.8666635207843,44.414893115285686,146,69,2.8894976953478375,0.6436941031200824
1174,587.0,0.587,421.8591328945378,44.42417279748038,146,69,2.8894461157160123,0.6438285912678318
1175,587.5,0.5875,421.84451475947503,44.42699641717845,146,69,2.8893459915032538,0.6438695132924415
1176,588.0,0.588,421.82939564322686,44.42853618985312,146,69,2.8892424359125126,0.643891828838451
1177,588.5,0.5885,421.8157066179733,44.428997693538264,146,69,2.8891486754655706,0.6438985172976561
1178,589.0,0.589,421.8017057302864,44.42602159379561,146,69,2.889052778974564,0.6438553854173277
1179,589.5,0.5895,421.78757225120876,44.42078286660048,146,70,2.8889559743233475,0.6345826123800069
1180,590.0,0.59,421.77529995019427,44.41587124725881,146,70,2.8888719174670845,0.6345124463894116
1181,590.5,0.5905,421.7648365195165,44.41101044604298,146,70,2.888800250133675,0.6344430063720427
1182,591.0,0.591,421.7560553770628,44.412267128177646,146,70,2.888740105322348,0.6344609589739664
1183,591.5,0.5915,421.7429184167018,44.40822449559713,146,70,2.8886501261417936,0.6344032070799589
1184,592.0,0.592,421.72929439580054,44.40346844326687,146,70,2.8885568109301403,0.6343352634752409
1185,592.5,0.5925,421.7156607928755,44.399655304893436,146,71,2.8884634300881884,0.6253472578154005
1186,593.0,0.593,421.69194602520133,44.384945879902865,146,71,2.888301000172612,0.6251400828155333
1187,593.5,0.5935,421.66903857525676,44.37241221298139,146,71,2.8881440998305257,0.6249635522955125
1188,594.0,0.594,421.64708876642135,44.362306509154116,146,71,2.887993758674119,0.6248212184387902
1189,594.5,0.5945,421.6262250217435,44.35475731953103,146,71,2.8878508563133116,0.6247148918243808
1190,595.0,0.595,421.6032738072911,44.340562501138166,146,71,2.8876936562143225,0.624514964804763
1191,595.5,0.5955,421.5821142670494,44.32572845156642,146,70,2.887548727856503,0.6332246921652348
1192,596.0,0.596,421.5630451031135,44.316449440940275,146,70,2.887418117144613,0.6330921348705754
1193,596.5,0.5965,421.54481718625163,44.31044806932972,146,69,2.8872932683989836,0.64218040680188
1194,597.0,0.597,421.52587539158856,44.308485098811644,146,70,2.887163530079374,0.632978358554452
1195,597.5,0.5975,421.5094174234859,44.30890663554364,146,70,2.887050804270451,0.6329843805077662
1196,598.0,0.598,421.4959076784808,44.31193238714141,146,70,2.8869582717704168,0.6330276055305915
1197,598.5,0.5985,421.4850443080022,44.31985879333476,146,69,2.886883865123303,0.6423167941063009
1198,599.0,0.599,421.46637288523164,44.32050839473502,146,69,2.88675597866597,0.6423262086193482
1199,599.5,0.5995,421.4459088735641,44.321764651468186,146,69,2.886615814202494,0.6423444152386694
1200,600.0,0.6,421.42060851754167,44.31818425596275,146,69,2.886442524092751,0.6422925254487357
1201,600.5,0.6005,421.3926015605686,44.316680383343076,146,69,2.8862506956203333,0.6422707301933779
1202,601.0,0.601,421.36642657055114,44.3200239683176,146,68,2.8860714148667888,0.6517650583576118
1203,601.5,0.6015,421.33774296567,44.31887043305298,146,68,2.8858749518196576,0.6517480946037202
1204,602.0,0.602,421.3068951122588,44.317164729864345,146,68,2.8856636651524576,0.6517230107332994
1205,602.5,0.6025,421.27809863897545,44.318965135212146,146,68,2.8854664290340786,0.6517494872825316
1206,603.0,0.603,421.24969068060915,44.322020342677575,146,68,2.885271853976775,0.651794416804082
1207,603.5,0.6035,421.214091098114,44.32104518128386,146,68,2.885028021219959,0.6517800761953509
1208,604.0,0.604,421.18036500400575,44.316611658858434,146,68,2.8847970205753817,0.6517148773361534
1209,604.5,0.6045,421.1486270059678,44.31002201796775,146,68,2.8845796370271772,0.651617970852467
1210,605.0,0.605,421.11634463221543,44.300590396235386,146,68,2.8843585248781873,0.6514792705328732
1211,605.5,0.6055,421.08265470055545,44.28944336514995,146,68,2.8841277719216123,0.6513153436051463
1212,606.0,0.606,421.04912402236897,44.27929591024317,146,68,2.8838981097422534,0.6511661163271053
1213,606.5,0.6065,421.015837833853,44.26901905270233,146,68,2.883670122149678,0.651014986069152
1214,607.0,0.607,420.98237806617954,44.256719919051314,146,68,2.883440945658764,0.6508341164566369
1215,607.5,0.6075,420.9499745866446,44.24326279295096,146,68,2.8832190040181143,0.6506362175433964
1216,608.0,0.608,420.9187324124894,44.234559176936635,146,67,2.8830050165239003,0.6602173011483081
1217,608.5,0.6085,420.88887365751316,44.229199527597494,146,67,2.882800504503515,0.6601373063820523
1218,609.0,0.609,420.86067008262273,44.225304180442606,146,67,2.882607329333033,0.6600791668722777
1219,609.5,0.6095,420.83441783015485,44.22201075041456,146,67,2.8824275193846227,0.6600300112002173
1220,610.0,0.61,420.8103612012116,44.21809839183828,146,67,2.882262747953504,0.6599716177886311
1221,610.5,0.6105,420.78858175899705,44.21319571793637,146,67,2.8821135736917602,0.6598984435512891
1222,611.0,0.611,420.7692050826376,44.212875205233004,146,66,2.881980856730394,0.6698920485641363
1223,611.5,0.6115,420.75060320923404,44.21856271057713,146,66,2.8818534466385897,0.6699782228875322
1224,612.0,0.612,420.73095947997354,44.22283310712287,146,66,2.881718900547764,0.670042925865498
1225,612.5,0.6125,420.71372985554063,44.223364359179826,146,66,2.8816008894215117,0.6700509751390885
1226,613.0,0.613,420.69842868615757,44.22484536226852,146,66,2.8814960868914907,0.670073414579826
1227,613.5,0.6135,420.6805917569795,44.22881044067386,146,66,2.881373916143695,0.6701334915253615
1228,614.0,0.614,420.66513653148445,44.23914512557436,146,66,2.881268058434825,0.6702900776602175
1229,614.5,0.6145,420.6517263479003,44.252346001814836,146,66,2.881176207862331,0.6704900909365883
1230,615.0,0.615,420.64010544995375,44.26425878141476,146,66,2.8810966126709157,0.6706705875971933
1231,615.5,0.6155,420.63005331846347,44.27491132913459,146,66,2.881027762455229,0.6708319898353725
1232,616.0,0.616,420.62150757682195,44.28475006737857,146,66,2.8809692299782323,0.670981061626948
1233,616.5,0.6165,420.61303081323376,44.29203575548557,146,66,2.880911169953656,0.6710914508406906
1234,617.0,0.617,420.60557258078626,44.298433526029626,146,66,2.8808600861697684,0.6711883867580246
1235,617.5,0.6175,420.59819829202047,44.304114411176144,146,66,2.880809577342606,0.6712744607753961
1236,618.0,0.618,420.59032616271253,44.30965022934918,146,66,2.8807556586487157,0.6713583368083209
1237,618.5,0.6185,420.58122104043156,44.31873466230137,146,66,2.8806932947974766,0.6714959797318389
1238,619.0,0.619,420.57209951619444,44.33426221617241,146,66,2.880630818604072,0.6717312456995819
1239,619.5,0.6195,420.56504912618425,44.35453025060986,146,66,2.880582528261536,0.6720383371304525
1240,620.0,0.62,420.558911400812,44.38241871055583,146,67,2.8805404890466577,0.6624241598590422
1241,620.5,0.6205,420.550215825452,44.41404153701816,146,67,2.8804809303113155,0.6628961423435544
1242,621.0,0.621,420.54153978299763,44.44112914922197,146,67,2.8804215053629973,0.6633004350630146
1243,621.5,0.6215,420.5244432800099,44.454000625280266,146,67,2.880304406027465,0.663492546645974
1244,622.0,0.622,420.5057409021248,44.465396861495904,146,66,2.8801763075488,0.6737181342650893
1245,622.5,0.6225,420.48766925252437,44.47707043881268,146,66,2.8800525291268793,0.673895006648677
1246,623.0,0.623,420.47206941812493,44.48880603555831,146,66,2.8799456809460615,0.6740728187205804
1247,623.5,0.6235,420.4543292872202,44.4967101451201,146,67,2.8798241732001384,0.6641300021659715
1248,624.0,0.624,420.4335988298553,44.498427093980396,146,67,2.8796821837661324,0.6641556282683642
1249,624.5,0.6245,420.4071133701731,44.49074385616945,146,67,2.879500776508035,0.664040953077156
1250,625.0,0.625,420.3756984329008,44.475364826824695,146,67,2.8792856057048,0.6638114153257418
1251,625.5,0.6255,420.34067196096976,44.45352368595802,146,67,2.8790456983628068,0.6634854281486271
1252,626.0,0.626,420.30782110601245,44.43138942692916,146,67,2.878820692506935,0.6631550660735696
1253,626.5,0.6265,420.277465649204,44.411156751651234,146,68,2.8786127784192055,0.6531052463478124
1254,627.0,0.627,420.24970630797617,44.39336215112962,146,68,2.878422645945043,0.6528435610460237
1255,627.5,0.6275,420.22438256869657,44.3783355604656,146,67,2.8782491956760037,0.662363217320382
1256,628.0,0.628,420.2011929887021,44.370840384249824,146,67,2.878090362936315,0.662251349018654
1257,628.5,0.6285,420.1799853665259,44.37214209685747,146,67,2.8779451052501774,0.6622707775650368
1258,629.0,0.629,420.1607905510783,44.37640412561472,146,67,2.8778136339114955,0.6623343899345481
1259,629.5,0.6295,420.1437708880408,44.384030516628684,146,67,2.877697060876992,0.6624482166660998
1260,630.0,0.63,420.12934385914843,44.39523624176293,146,67,2.8775982456106055,0.6626154662949691
1261,630.5,0.6305,420.1172758964154,44.40922870060514,146,67,2.877515588331612,0.6628243089642558
1262,631.0,0.631,420.1039603117649,44.42161884651632,146,67,2.8774243856970196,0.6630092365151689
1263,631.5,0.6315,420.09412059497583,44.436480632776025,146,67,2.877356990376547,0.6632310542205376
1264,632.0,0.632,420.08783454485047,44.45790818016211,146,67,2.877313935238702,0.6635508683606284
1265,632.5,0.6325,420.08501067280343,44.48086282311927,146,67,2.877294593649339,0.6638934749719293
1266,633.0,0.633,420.08005915172,44.4992580759266,146,67,2.8772606791213695,0.664168030983979
1267,633.5,0.6335,420.0767557160889,44.51618978009699,146,67,2.8772380528499237,0.6644207429865222
1268,634.0,0.634,420.07721477295087,44.53325543472949,146,67,2.877241197075006,0.664675454249694
1269,634.5,0.6345,420.08169120679537,44.55499567651392,146,68,2.87727185758079,0.6552205246546163
1270,635.0,0.635,420.09045983957776,44.57856819751885,146,68,2.8773319167094367,0.6555671793752773
1271,635.5,0.6355,420.1035859114552,44.60407682654617,146,68,2.8774218213113367,0.6559423062727379
1272,636.0,0.636,420.1209293871077,44.63076001829162,146,68,2.877540612240464,0.6563347061513473
1273,636.5,0.6365,420.13288939493873,44.64998327902241,146,68,2.87762253010232,0.6566174011620941
1274,637.0,0.637,420.1466676187601,44.67000191064638,146,68,2.877716901498357,0.6569117928036232
1275,637.5,0.6375,420.159859458854,44.68939172833901,146,68,2.8778072565674933,0.657196937181456
1276,638.0,0.638,420.1749987434989,44.711370269955964,146,68,2.8779109502979376,0.6575201510287642
1277,638.5,0.6385,420.1933797016697,44.73755957682159,146,68,2.87803684727171,0.6579052878944351
1278,639.0,0.639,420.21530639481745,44.76734002668461,146,68,2.878187030101489,0.6583432356865382
1279,639.5,0.6395,420.2409505931929,44.80136129617626,146,68,2.878362675295842,0.6588435484731802
1280,640.0,0.64,420.26189316675755,44.83380018788921,146,68,2.8785061175805313,0.6593205909983707
1281,640.5,0.6405,420.2865088931465,44.86874374290013,146,68,2.8786747184462094,0.6598344668073547
1282,641.0,0.641,420.31581933576416,44.90209144725403,146,68,2.878875474902494,0.660324874224324
1283,641.5,0.6415,420.3481945839618,44.93121347818284,146,68,2.8790972231778205,0.6607531393850418
1284,642.0,0.642,420.38321954797715,44.958593883682866,146,68,2.8793371201916247,0.6611557924071009
1285,642.5,0.6425,420.4223913332647,44.98640311847258,146,68,2.8796054200908543,0.661564751742244
1286,643.0,0.643,420.45880694955514,45.00800235610879,146,69,2.879854842120241,0.6522898892189678
1287,643.5,0.6435,420.4961510177994,45.03050295155713,146,69,2.8801106234095846,0.6526159848051758
1288,644.0,0.644,420.53098080178955,45.0513665596209,146,68,2.880349183573901,0.6625200964650133
1289,644.5,0.6445,420.563973669782,45.07124528434072,146,68,2.8805751621217945,0.6628124306520694
1290,645.0,0.645,420.5962246564185,45.089086384981734,146,67,2.8807960592905375,0.6729714385818168
1291,645.5,0.6455,420.6279838971836,45.104318027101264,146,67,2.881013588336874,0.6731987765238994
1292,646.0,0.646,420.65446500858417,45.11570613586689,146,67,2.8811949658122202,0.6733687482965207
1293,646.5,0.6465,420.67540931593885,45.12294965090876,146,67,2.881338419972184,0.6734768604613247
1294,647.0,0.647,420.69358652328566,45.12846087642663,146,67,2.8814629213923677,0.6735591175586065
1295,647.5,0.6475,420.71047673428006,45.13587873325511,146,67,2.8815786077690415,0.6736698318396286
1296,648.0,0.648,420.7253937953539,45.13975095134662,146,67,2.8816807794202317,0.6737276261395018
1297,648.5,0.6485,420.73782110092577,45.15000610392914,146,68,2.8817658979515466,0.663970677998958
1298,649.0,0.649,420.7513986748019,45.1653684715097,146,68,2.88185889503289,0.6641965951692603
1299,649.5,0.6495,420.76631604571566,45.18329451217349,146,68,2.8819610688062713,0.6644602134143159
1300,650.0,0.65,420.78100671298546,45.20138150347799,146,68,2.882061689814969,0.6647261985805586
1301,650.5,0.6505,420.79830487163775,45.221533714735926,146,68,2.8821801703536827,0.6650225546284696
1302,651.0,0.651,420.8184191103763,45.24301530950704,146,68,2.8823179391121663,0.665338460433927
1303,651.5,0.6515,420.8410448493163,45.264932741573105,146,69,2.882472909926824,0.6560135179938131
1304,652.0,0.652,420.85986982024747,45.28528933968744,146,69,2.882601848083887,0.6563085411548905
1305,652.5,0.6525,420.88050334372423,45.30437167153994,146,69,2.882743173587152,0.6565850966889846
1306,653.0,0.653,420.9027299841441,45.32185233281756,146,69,2.882895410850302,0.6568384396060516
1307,653.5,0.6535,420.9262295079618,45.33763648067779,146,69,2.883056366492889,0.6570671953721419
1308,654.0,0.654,420.9450668241974,45.3441881803348,146,69,2.8831853892068313,0.657162147541084
1309,654.5,0.6545,420.9651729468355,45.350318727127195,146,69,2.883323102375585,0.6572509960453217
1310,655.0,0.655,420.98422326350925,45.3596010005347,146,69,2.8834535839966384,0.6573855217468797
1311,655.5,0.6555,420.99836409314355,45.37647890998644,146,70,2.883550438994134,0.6482354129998064
1312,656.0,0.656,421.01393564390145,45.396941810427286,146,70,2.88365709345138,0.6485277401489612
1313,656.5,0.6565,421.03102226805845,45.42867328663759,146,71,2.883774125123688,0.6398404688258814
1314,657.0,0.657,421.04987801928814,45.46086585990722,146,71,2.8839032741047133,0.640293885350806
1315,657.5,0.6575,421.06961489719674,45.495107001555226,146,70,2.884038458199978,0.6499301000222173
1316,658.0,0.658,421.0870937062785,45.52972497356279,146,70,2.8841581760704003,0.6504246424794686
1317,658.5,0.6585,421.10209234720645,45.562658245371,146,70,2.8842609064877154,0.6508951177910143
1318,659.0,0.659,421.11898544517226,45.59765401826587,146,70,2.8843766126381665,0.6513950574037981
1319,659.5,0.6595,421.13933486989794,45.64164667347185,146,70,2.8845159922595744,0.6520235239067408
1320,660.0,0.66,421.16089660294097,45.68640697416631,146,70,2.884663675362609,0.6526629567738044
1321,660.5,0.6605,421.1844528471284,45.72946506450561,146,70,2.884825019500879,0.6532780723500803
1322,661.0,0.661,421.19974452772766,45.758983330687556,146,70,2.884929757039231,0.6536997618669651
1323,661.5,0.6615,421.2092392876545,45.779695479573206,146,70,2.884994789641469,0.6539956497081888
1324,662.0,0.662,421.2228440221241,45.796448668999815,146,70,2.8850879727542744,0.6542349809857118
1325,662.5,0.6625,421.24070262206834,45.80974192019424,146,70,2.8852102919319744,0.6544248845742034
1326,663.0,0.663,421.2574451948024,45.817820103152876,146,71,2.8853249670876875,0.6453214099035616
1327,663.5,0.6635,421.26873068233203,45.81879014945987,146,71,2.8854022649474795,0.6453350725276038
1328,664.0,0.664,421.280327154199,45.81984760699832,146,72,2.885481692836979,0.6363867723194212
1329,664.5,0.6645,421.29575856374777,45.82118850513283,146,72,2.88558738742293,0.6364053959046226
1330,665.0,0.665,421.31411381522133,45.818461385910375,146,72,2.8857131083234338,0.6363675192487553
1331,665.5,0.6655,421.32905218214427,45.81194545488832,146,72,2.8858154259050974,0.6362770202067822
1332,666.0,0.666,421.3407120345676,45.80953784076391,146,72,2.8858952879079975,0.636243581121721
1333,666.5,0.6665,421.3556918374873,45.81308018508401,146,72,2.885997889297858,0.6362927803483891
1334,667.0,0.667,421.3736278236863,45.81945833248736,146,72,2.8861207385183993,0.6363813657289911
1335,667.5,0.6675,421.3939749815848,45.83024550552719,146,72,2.886260102613594,0.6365311875767666
1336,668.0,0.668,421.4107685431872,45.842388720809545,146,72,2.8863751270081317,0.636699843344577
1337,668.5,0.6685,421.42938797526256,45.85904822076201,146,72,2.886502657364812,0.6369312252883613
1338,669.0,0.669,421.44988317729315,45.87856661420838,146,72,2.886643035460912,0.6372023140862275
1339,669.5,0.6695,421.47222278953933,45.90051422987847,146,72,2.886796046503694,0.6375071420816454
1340,670.0,0.67,421.4964145160593,45.924341461097804,146,72,2.88696174326068,0.6378380758485807
1341,670.5,0.6705,421.52256657354593,45.94902252374231,146,72,2.887140866942095,0.6381808683853099
1342,671.0,0.671,421.55072690261494,45.97455608541866,146,72,2.8873337459083217,0.6385355011863703
1343,671.5,0.6715,421.58109773345313,46.00081391561384,146,72,2.887541765297624,0.6389001932724144
1344,672.0,0.672,421.608694441066,46.013662579903915,146,72,2.887730783842918,0.6390786469431099
1345,672.5,0.6725,421.6371922301475,46.02362807633965,146,72,2.887925974179092,0.6392170566158284
1346,673.0,0.673,421.6633639893081,46.03472577203129,146,72,2.88810523280348,0.6393711912782124
1347,673.5,0.6735,421.684588073137,46.03907467195802,146,72,2.8882506032406643,0.6394315926660835
1348,674.0,0.674,421.7026090665665,46.03738655257753,146,73,2.88837403470251,0.6306491308572264
1349,674.5,0.6745,421.719749453297,46.038780468631025,146,73,2.8884914346116233,0.6306682255976852
1350,675.0,0.675,421.7309022053018,46.033761439362266,146,74,2.888567823323985,0.6220778572886794
1351,675.5,0.6755,421.7431898266822,46.02683227850119,146,74,2.888651985114262,0.6219842199797458
1352,676.0,0.676,421.75627152972885,46.009214449810585,146,74,2.88874158582006,0.6217461412136565
1353,676.5,0.6765,421.7678915743203,45.991651395665286,146,74,2.8888211751665773,0.6215088026441254
1354,677.0,0.677,421.7779638168992,45.97727773283813,146,73,2.8888901631294464,0.6298257223676456
1355,677.5,0.6775,421.7844158185522,45.96557073259186,146,73,2.8889343549215902,0.6296653525012583
1356,678.0,0.678,421.79070047663424,45.95647008256357,146,73,2.8889774005248916,0.6295406860625148
1357,678.5,0.6785,421.7967419434434,45.94991879734565,146,73,2.8890187804345437,0.6294509424293924
1358,679.0,0.679,421.8025602427483,45.94582933163971,146,73,2.8890586317996454,0.629394922351229
1359,679.5,0.6795,421.80423340216254,45.940035472427695,146,73,2.889070091795634,0.6293155544168179
1360,680.0,0.68,421.80454470719405,45.9347814541908,146,73,2.8890722240218776,0.6292435815642575
1361,680.5,0.6805,421.805466578513,45.9313232562409,146,73,2.8890785382089934,0.6291962089896014
1362,681.0,0.681,421.8076908413188,45.92942168105854,146,73,2.8890937728857446,0.6291701600145005
1363,681.5,0.6815,421.8105956143245,45.92745118018317,146,73,2.8891136685912637,0.6291431668518244
1364,682.0,0.682,421.8119824852744,45.922272171349064,146,73,2.8891231677073588,0.6290722215253297
1365,682.5,0.6825,421.81542326170455,45.903746329355215,146,73,2.889146734669209,0.6288184428678797
1366,683.0,0.683,421.81893261760825,45.88026196177841,146,73,2.8891707713534815,0.628496739202444
1367,683.5,0.6835,421.8253662256905,45.85682236626534,146,73,2.8892148371622635,0.62817564885295
1368,684.0,0.684,421.833831771119,45.8327843402547,146,73,2.88927282035013,0.6278463608254068
1369,684.5,0.6845,421.8439877315179,45.806806231386076,146,73,2.8893423817227255,0.6274904963203571
1370,685.0,0.685,421.8574445259383,45.77421968991961,146,73,2.889434551547523,0.6270441053413646
1371,685.5,0.6855,421.87079650845914,45.734255440522546,146,73,2.8895260034825965,0.6264966498701718
1372,686.0,0.686,421.8847635921141,45.693077497161255,146,72,2.889621668439138,0.6346260763494619
1373,686.5,0.6865,421.9004681970205,45.65044073240149,146,72,2.889729234226168,0.6340338990611318
1374,687.0,0.687,421.9142168717606,45.61234219084606,146,72,2.8898234032312367,0.6335047526506397
1375,687.5,0.6875,421.92156178516365,45.57117275852784,146,72,2.889873710857285,0.6329329549795533
1376,688.0,0.688,421.92966842151395,45.53064133744741,146,72,2.8899292357637942,0.6323700185756586
1377,688.5,0.6885,421.9386843690498,45.494887065824564,146,72,2.889990988829108,0.6318734314697856
1378,689.0,0.689,421.9484800697419,45.4513474673587,146,71,2.890058082669465,0.6401598234839254
1379,689.5,0.6895,421.956485774962,45.41061696310877,146,70,2.8901129162668635,0.6487230994729825
1380,690.0,0.69,421.96720641498433,45.38060255034194,146,69,2.890186345308112,0.657689892033941
1381,690.5,0.6905,421.98126619877587,45.35354064187296,146,69,2.890282645197095,0.6572976904619271
1382,691.0,0.691,421.9992388831317,45.330726826916894,146,70,2.8904057457748746,0.6475818118130984
1383,691.5,0.6915,422.0215587771476,45.315620077931136,146,69,2.8905586217612846,0.6567481170714659
1384,692.0,0.692,422.04858204618336,45.308520654475345,146,69,2.8907437126450914,0.6566452268764543
1385,692.5,0.6925,422.08050753707977,45.30580552785856,146,69,2.8909623803909574,0.6566058772153415
1386,693.0,0.693,422.1146457580157,45.306543503260805,146,70,2.891196203822026,0.6472363357608686
1387,693.5,0.6935,422.1500253904983,45.311947593486686,146,69,2.891438530071906,0.6566948926592273
1388,694.0,0.694,422.1897827379869,45.31856489852835,146,69,2.891710840671143,0.6567907956308454
1389,694.5,0.6945,422.23221987709314,45.323373192731005,146,69,2.892001506007487,0.6568604810540727
1390,695.0,0.695,422.27729569662375,45.32719283161526,146,69,2.892310244497423,0.6569158381393514
1391,695.5,0.6955,422.32165493714643,45.327349236407684,146,69,2.8926140749119624,0.6569181048754735
1392,696.0,0.696,422.3640430516315,45.323689351135144,146,69,2.8929044044632293,0.6568650630599296
1393,696.5,0.6965,422.40912236197795,45.321602427758535,146,69,2.8932131668628625,0.656834817793602
1394,697.0,0.697,422.45645857017473,45.32175846499138,146,69,2.8935373874669503,0.6568370792027736
1395,697.5,0.6975,422.5059648105724,45.33085369250831,146,70,2.8938764713052905,0.6475836241786902
1396,698.0,0.698,422.55738116914125,45.345566233558635,146,70,2.8942286381448032,0.647793803336552
1397,698.5,0.6985,422.608507031047,45.36225958025942,146,70,2.894578815281144,0.6480322797179916
1398,699.0,0.699,422.6463040866496,45.366143180870274,146,71,2.8948376992236273,0.638959763110849
1399,699.5,0.6995,422.6792088759221,45.36897126663831,146,71,2.895063074492617,0.6389995953047648
1400,700.0,0.7,422.71323528025533,45.38268774695371,146,71,2.8952961320565436,0.639192785168362
1401,700.5,0.7005,422.74653179621004,45.40110145050884,146,71,2.8955241903849998,0.6394521331057584
1402,701.0,0.701,422.778017470602,45.418000400242455,146,71,2.8957398456890546,0.6396901464822882
1403,701.5,0.7015,422.7995965294399,45.43113159617157,146,72,2.895887647461917,0.6309879388357162
1404,702.0,0.702,422.81345799699255,45.441427123152394,146,72,2.8959825890204964,0.6311309322660055
1405,702.5,0.7025,422.82566024776327,45.450703648268224,146,72,2.8960661660805704,0.6312597728926144
1406,703.0,0.703,422.83632257752896,45.45676300643216,146,72,2.8961391957365,0.6313439306448911
1407,703.5,0.7035,422.8464222473498,45.46066848583165,146,72,2.8962083715571905,0.6313981734143285
1408,704.0,0.704,422.8552437309507,45.46021024767125,146,72,2.8962687926777444,0.631391808995434
1409,704.5,0.7045,422.86333852730746,45.45625872870856,146,72,2.8963242364884074,0.6313369267876189
1410,705.0,0.705,422.87042835744296,45.45716184351723,146,72,2.8963727969687874,0.6313494700488503
1411,705.5,0.7055,422.876312446357,45.45874365650089,146,71,2.896413098947651,0.6402639951619844
1412,706.0,0.706,422.8791849916022,45.46052663584202,146,71,2.8964327739150835,0.6402891075470707
1413,706.5,0.7065,422.8809613481793,45.45990015048318,146,71,2.8964449407409547,0.6402802838096223
1414,707.0,0.707,422.88041080897443,45.45606527271241,146,71,2.896441169924482,0.6402262714466537
1415,707.5,0.7075,422.8776442068989,45.453837295305824,146,71,2.8964222205951975,0.6401948914831805
1416,708.0,0.708,422.87506602738426,45.458074696292186,146,71,2.896404561831399,0.640254573187214
1417,708.5,0.7085,422.8710566643031,45.45994071302272,146,71,2.896377100440432,0.640280855112996
1418,709.0,0.709,422.8679576636716,45.462959512836804,146,71,2.8963558744087097,0.6403233734202368
1419,709.5,0.7095,422.86587244293605,45.46831793253672,146,71,2.8963415920749043,0.6403988441202355
1420,710.0,0.71,422.8647936407159,45.476640255385846,146,72,2.896334203018602,0.6316200035470256
1421,710.5,0.7105,422.86461338022934,45.49180667237388,146,72,2.896332968357735,0.6318306482274152
1422,711.0,0.711,422.8644550392185,45.50906965830837,146,73,2.8963318838302636,0.6234119131275119
1423,711.5,0.7115,422.86145582799446,45.524183484188235,146,73,2.896311341287633,0.623618951838195
1424,712.0,0.712,422.8526492210061,45.53375252795054,146,73,2.8962510220616857,0.6237500346294593
1425,712.5,0.7125,422.84111158005396,45.54183324452458,146,74,2.8961719971236572,0.615430178980062
1426,713.0,0.713,422.8295822753355,45.549134805852376,146,74,2.89609302928312,0.6155288487277348
1427,713.5,0.7135,422.81767974774374,45.55850389229449,146,74,2.8960115051215323,0.6156554580039796
1428,714.0,0.714,422.8007946547864,45.56477186614171,146,74,2.8958958537999067,0.6157401603532663
1429,714.5,0.7145,422.78467024982416,45.588212526456324,146,74,2.895785412670028,0.6160569260331936
1430,715.0,0.715,422.76940945108515,45.61540445418741,146,74,2.895680886651269,0.6164243845160462
1431,715.5,0.7155,422.75523540529576,45.64762277200643,146,73,2.8955838041458617,0.6253099009863895
1432,716.0,0.716,422.7366966444885,45.67721617849873,146,73,2.895456826332113,0.625715290116421
1433,716.5,0.7165,422.7151429104626,45.70247916385581,146,73,2.895309198016867,0.6260613584089838
1434,717.0,0.717,422.6934914263738,45.7269619016677,146,73,2.895160900180642,0.6263967383790096
1435,717.5,0.7175,422.67260463416795,45.75450464120325,146,73,2.8950178399600546,0.6267740361808664
1436,718.0,0.718,422.65266066661087,45.79274673181928,146,72,2.89488123744254,0.6360103712752677
1437,718.5,0.7185,422.6336046855976,45.83465840597225,146,71,2.8947507170246407,0.6455585690982006
1438,719.0,0.719,422.6146079351237,45.88145626782798,146,71,2.8946206022953676,0.6462176939130702
1439,719.5,0.7195,422.5882551474885,45.922486620233684,146,70,2.894440103749921,0.6560355231461955
1440,720.0,0.72,422.55928545829147,45.960229958698484,146,70,2.8942416812211746,0.6565747136956928
1441,720.5,0.7205,422.5313265835754,45.998664578473594,146,70,2.894050182079283,0.6571237796924798
1442,721.0,0.721,422.5047525267758,46.03784999770784,146,70,2.893868167991615,0.6576835713958262
1443,721.5,0.7215,422.4798773410525,46.073354855157994,146,70,2.893697790007209,0.6581907836451143
1444,722.0,0.722,422.4569493414545,46.10844900885269,146,70,2.893540748914072,0.6586921286978956
1445,722.5,0.7225,422.4360795635324,46.14300580081161,146,70,2.8933978052296743,0.6591857971544516
1446,723.0,0.723,422.41367748001227,46.175589314510006,146,70,2.893244366301454,0.6596512759215715
1447,723.5,0.7235,422.38239550111217,46.194425655733525,146,71,2.8930301061720014,0.6506257134610356
1448,724.0,0.724,422.3480604163129,46.209821637684556,146,72,2.8927949343583075,0.6418030783011743
1449,724.5,0.7245,422.3169122899502,46.22717420293301,146,72,2.892581591027056,0.6420440861518473
1450,725.0,0.725,422.28875015305,46.245431752162276,146,72,2.8923886996784245,0.6422976632244759
1451,725.5,0.7255,422.259857821758,46.261060744808375,146,72,2.8921908069983426,0.642514732566783
1452,726.0,0.726,422.22891372926716,46.272759123394906,146,72,2.891978861159364,0.6426772100471514
1453,726.5,0.7265,422.2001462020153,46.28525998709283,146,72,2.8917818233014745,0.6428508331540671
1454,727.0,0.727,422.17291030723084,46.29710423918673,146,73,2.8915952760769237,0.6342069073861196
1455,727.5,0.7275,422.14078703246884,46.300211072452704,146,73,2.891375253647047,0.6342494667459273
1456,728.0,0.728,422.1071968821356,46.301953980368346,146,73,2.891145184124216,0.6342733421968266
1457,728.5,0.7285,422.07182035788077,46.304846680687085,146,73,2.8909028791635674,0.6343129682285903
1458,729.0,0.729,422.0378701553577,46.31120130004694,146,73,2.890670343529847,0.6344000178088621
1459,729.5,0.7295,422.0045397546667,46.319351524161576,146,73,2.8904420531141555,0.634511664714542
1460,730.0,0.73,421.9704130890364,46.326692526006454,146,73,2.8902083088290165,0.63461222638365
1461,730.5,0.7305,421.93845669813294,46.332514588894426,146,73,2.8899894294392663,0.6346919806697867
1462,731.0,0.731,421.90933130380597,46.3394811349068,146,73,2.8897899404370273,0.6347874128069423
1463,731.5,0.7315,421.88367848852175,46.34709834034154,146,73,2.889614236222752,0.6348917580868703
1464,732.0,0.732,421.8599335831573,46.355561605195355,146,73,2.8894515998846386,0.6350076932218541
1465,732.5,0.7325,421.83942129099023,46.36403294433308,146,73,2.88931110473281,0.635123738963467
1466,733.0,0.733,421.82123051355114,46.372470905216254,146,73,2.889186510366789,0.6352393274687158
1467,733.5,0.7335,421.7975755806475,46.37653462526857,146,74,2.8890244902784077,0.6267099273684942
1468,734.0,0.734,421.77576722263126,46.39307847458819,146,75,2.888875117963228,0.6185743796611758
1469,734.5,0.7345,421.7508184818121,46.411080183900864,146,75,2.888704236176795,0.6188144024520116
1470,735.0,0.735,421.72517441139814,46.427685874921224,146,75,2.888528591858891,0.6190358116656164
1471,735.5,0.7355,421.7000067580886,46.44304228147277,146,75,2.8883562106718395,0.6192405637529703
1472,736.0,0.736,421.66945939735336,46.45222040178234,146,75,2.8881469821736534,0.6193629386904314
1473,736.5,0.7365,421.633496045333,46.45705843393991,146,75,2.887900657844747,0.6194274457858655
1474,737.0,0.737,421.5961747772513,46.463584610574905,146,76,2.8876450327209,0.6113629554023013
1475,737.5,0.7375,421.5484899317967,46.46742735300684,146,76,2.8873184241903886,0.6114135178027217
1476,738.0,0.738,421.484023941498,46.45326134636846,146,76,2.88687687631163,0.6112271229785323
1477,738.5,0.7385,421.41609333608267,46.42967509615056,146,76,2.8864115981923475,0.6109167775809284
1478,739.0,0.739,421.3468268807417,46.40753557815911,146,76,2.885937170416039,0.6106254681336726
1479,739.5,0.7395,421.27433236245554,46.38383871368839,146,76,2.8854406326195585,0.6103136672853735
1480,740.0,0.74,421.1979362490432,46.348462426204605,146,76,2.8849173715687892,0.6098481898184817
1481,740.5,0.7405,421.12091524015534,46.31351665899335,146,76,2.884389830412023,0.6093883770920178
1482,741.0,0.741,421.0449830961218,46.279916905859494,146,76,2.8838697472337116,0.6089462750770986
1483,741.5,0.7415,420.9703071435324,46.24752067214874,146,76,2.8833582681063863,0.6085200088440624
1484,742.0,0.742,420.89713095246003,46.218480448213285,146,76,2.882857061318219,0.6081379006343852
1485,742.5,0.7425,420.8256170531112,46.19308696117299,146,76,2.8823672400898026,0.6078037758049077
1486,743.0,0.743,420.7549178650322,46.1662798369028,146,76,2.8818829990755637,0.6074510504855632
1487,743.5,0.7435,420.68351209216155,46.136337864657555,146,76,2.8813939184394632,0.6070570771665469
1488,744.0,0.744,420.61285951802313,46.10637008693666,146,76,2.8809099966987888,0.6066627643017983
1489,744.5,0.7445,420.54101817993103,46.073951078425814,146,76,2.880417932739254,0.6062361984003396
1490,745.0,0.745,420.465539912692,46.03355399835453,146,76,2.8799009583061097,0.605704657873086
1491,745.5,0.7455,420.3919634322139,45.99157852798214,146,76,2.8793970098096846,0.6051523490523966
1492,746.0,0.746,420.31965131044,45.9500621716346,146,75,2.8789017213043837,0.6126674956217947
1493,746.5,0.7465,420.248840923669,45.91061213940739,146,75,2.8784167186552674,0.6121414951920986
1494,747.0,0.747,420.17782704005396,45.871576336812254,146,75,2.8779303221921504,0.6116210178241633
1495,747.5,0.7475,420.10688991590433,45.83372165603761,146,75,2.8774444514787967,0.6111162887471682
1496,748.0,0.748,420.03325416796736,45.79483028543757,146,75,2.8769400970408725,0.6105977371391677
1497,748.5,0.7485,419.9557939354587,45.75421320794119,146,75,2.8764095475031417,0.6100561761058826
1498,749.0,0.749,419.8786786932344,45.72227286911944,146,75,2.8758813609125644,0.6096303049215926
1499,749.5,0.7495,419.802941824161,45.701712948665396,146,75,2.875362615233979,0.6093561726488719
1500,750.0,0.75,419.73006345306777,45.691287060135465,146,75,2.8748634483086835,0.6092171608018062
1501,750.5,0.7505,419.6575131759785,45.68286977047322,146,75,2.874366528602592,0.6091049302729762
1502,751.0,0.751,419.58881699623566,45.67907685019625,146,75,2.8738960068235317,0.6090543580026168
1503,751.5,0.7515,419.5184227493925,45.673963888276205,146,75,2.8734138544478935,0.6089861851770161
1504,752.0,0.752,419.4378635351892,45.655078045412175,146,75,2.8728620790081454,0.608734373938829
1505,752.5,0.7525,419.3506583639152,45.627446540295686,146,75,2.8722647833144883,0.6083659538706092
1506,753.0,0.753,419.26792410594965,45.59158861213214,146,75,2.8716981103147234,0.607887848161762
1507,753.5,0.7535,419.18623595789865,45.5493907718811,146,75,2.871138602451361,0.607325210291748
1508,754.0,0.754,419.10715070480336,45.51104336224546,146,73,2.870596922635639,0.6234389501677461
1509,754.5,0.7545,419.0336778930084,45.48067452826577,146,73,2.8700936841986877,0.6230229387433669
1510,755.0,0.755,418.9661265963289,45.45355868709149,146,73,2.8696310040844444,0.6226514888642669
1511,755.5,0.7555,418.90443410970335,45.42664834241007,146,73,2.8692084528061867,0.6222828540056172
1512,756.0,0.756,418.8479735792207,45.40051693694319,146,73,2.8688217368439775,0.621924889547167
1513,756.5,0.7565,418.79615301175096,45.374843321376844,146,73,2.8684668014503485,0.6215731961832445
1514,757.0,0.757,418.74106658370596,45.34220350615753,146,73,2.868089497148671,0.6211260754268156
1515,757.5,0.7575,418.6834097727908,45.30679618864329,146,74,2.8676945874848685,0.6122540025492338
1516,758.0,0.758,418.6288320854277,45.277708574689036,146,74,2.8673207677084087,0.6118609266849869
1517,758.5,0.7585,418.5737887909467,45.24361281570486,146,74,2.8669437588421003,0.611400173185201
1518,759.0,0.759,418.51908611725685,45.20604607285812,146,74,2.8665690829949098,0.6108925144980827
1519,759.5,0.7595,418.46790674827133,45.169517714380994,146,74,2.8662185393717214,0.6103988880321756
1520,760.0,0.76,418.4206799912135,45.134401850685286,146,74,2.865895068432969,0.6099243493335849
1521,760.5,0.7605,418.37840804565144,45.10513453316803,146,74,2.8656055345592564,0.6095288450428111
1522,761.0,0.761,418.341595595987,45.08726264324698,146,75,2.8653533944930616,0.6011635019099597
1523,761.5,0.7615,418.31086976762316,45.076189096478195,146,75,2.865142943613857,0.6010158546197094
1524,762.0,0.762,418.28682219713585,45.07265289369036,146,75,2.864978234226958,0.6009687052492048
1525,762.5,0.7625,418.2698249677691,45.07691055983578,146,75,2.864861814847733,0.6010254741311437
1526,763.0,0.763,418.2584241431572,45.0817733776995,146,75,2.864783727007926,0.60109031170266
1527,763.5,0.7635,418.2492768407635,45.0830268312099,146,75,2.864721074251805,0.601107024416132
1528,764.0,0.764,418.24679511627755,45.090904821090845,146,73,2.8647040761388873,0.6176836276861759
1529,764.5,0.7645,418.2505588755968,45.105517864081904,146,73,2.864729855312307,0.6178838063572863
1530,765.0,0.765,418.2599381726503,45.12136920274433,146,72,2.864794097072947,0.626685683371449
1531,765.5,0.7655,418.27423279771494,45.14770885715153,146,72,2.864892005463801,0.6270515119048823
1532,766.0,0.766,418.2927034400696,45.17719111526922,146,72,2.865018516712806,0.6274609877120725
1533,766.5,0.7665,418.3147430279474,45.213265364886354,146,72,2.86516947279416,0.627962018956755
1534,767.0,0.767,418.3368923320924,45.25021361298256,146,73,2.865321180356797,0.6198659399038706
1535,767.5,0.7675,418.35741369681193,45.28780977758341,146,73,2.865461737649397,0.620380955857307
1536,768.0,0.768,418.37997012908795,45.32967955107377,146,73,2.8656162337608766,0.6209545143982709
1537,768.5,0.7685,418.40429601649254,45.380974173914474,146,72,2.8657828494280313,0.6302913079710343
1538,769.0,0.769,418.4301801889454,45.42769469616912,146,72,2.8659601382804483,0.63094020411346
1539,769.5,0.7695,418.45761666615834,45.4765775606864,146,72,2.8661480593572493,0.6316191327873111
1540,770.0,0.77,418.4867124795444,45.528214347303596,146,71,2.866347345750304,0.6412424555958255
1541,770.5,0.7705,418.5177038908446,45.58141367574889,146,71,2.8665596156907163,0.6419917419119562
1542,771.0,0.771,418.5510093855367,45.63739923608179,146,71,2.8667877355173745,0.6427802709307293
1543,771.5,0.7715,418.58405839629745,45.69416723316883,146,71,2.867014098604777,0.6435798201854764
1544,772.0,0.772,418.61948072066696,45.75239661055268,146,71,2.867256717264842,0.6443999522613053
1545,772.5,0.7725,418.6580453836702,45.81086634268246,146,71,2.8675208587922616,0.6452234696152458
1546,773.0,0.773,418.693327109892,45.85799338667806,146,72,2.8677625144513152,0.6369165748149732
1547,773.5,0.7735,418.7319241463577,45.906752566571114,146,72,2.868026877714778,0.637593785646821
1548,774.0,0.774,418.77358142851216,45.95784288486323,146,72,2.868312201565151,0.6383033734008783
1549,774.5,0.7745,418.8177801614954,46.011393934598686,146,72,2.8686149326129824,0.6390471379805374
1550,775.0,0.775,418.86422698188386,46.067211719466,146,71,2.868933061519753,0.6488339678798029
1551,775.5,0.7755,418.91038006984456,46.11856949251488,146,71,2.869249178560579,0.6495573167959842
1552,776.0,0.776,418.95112644926274,46.16701565960413,146,71,2.869528263351114,0.650239657177523
1553,776.5,0.7765,418.9850997244258,46.212014752176884,146,71,2.869760957016615,0.650873447213759
1554,777.0,0.777,419.0192827257951,46.260973344299174,146,71,2.8699950871629807,0.6515630048492842
1555,777.5,0.7775,419.0533524047343,46.31354805589584,146,71,2.870228441128317,0.6523034937450118
1556,778.0,0.778,419.08697220886677,46.36889005551281,146,71,2.8704587137593616,0.6530829585283493
1557,778.5,0.7785,419.12005133739905,46.42604293354875,146,71,2.8706852831328704,0.6538879286415318
1558,779.0,0.779,419.1484198531342,46.479681615896325,146,71,2.870879588035166,0.6546434030407933
1559,779.5,0.7795,419.17373761634826,46.53237924463797,146,72,2.8710529973722485,0.6462830450644164
1560,780.0,0.78,419.19954202170885,46.59018798111788,146,72,2.871229739874718,0.6470859441821927
1561,780.5,0.7805,419.2221453275556,46.64526454369294,146,72,2.871384557038052,0.6478508964401796
1562,781.0,0.781,419.24380913853054,46.69747165565866,146,72,2.8715329393050038,0.6485759952174813
1563,781.5,0.7815,419.26702292199593,46.74280487999509,146,72,2.87169193782189,0.6492056233332651
1564,782.0,0.782,419.29217116881375,46.78726907654115,146,72,2.8718641860877656,0.6498231816186271
1565,782.5,0.7825,419.3192898559325,46.82983942630591,146,72,2.872049930520085,0.650414436476471
1566,783.0,0.783,419.34860894317643,46.871960536871036,146,72,2.8722507461861397,0.6509994519009866
1567,783.5,0.7835,419.38020550755203,46.91453847163274,146,72,2.8724671610106305,0.6515908121060102
1568,784.0,0.784,419.4143357927628,46.956164199876866,146,71,2.8727009300874164,0.6613544253503784
1569,784.5,0.7845,419.45106490374997,47.00348663274163,146,71,2.8729524993407534,0.6620209384893186
1570,785.0,0.785,419.4894542558645,47.054587066051056,146,71,2.8732154401086603,0.6627406629021276
1571,785.5,0.7855,419.528363425687,47.1069457525309,146,71,2.8734819412718293,0.663478109190576
1572,786.0,0.786,419.56877130160717,47.16177955469704,146,71,2.8737587075452544,0.6642504162633385
1573,786.5,0.7865,419.6127038719828,47.22339560248239,146,71,2.8740596155615257,0.6651182479222872
1574,787.0,0.787,419.65598118450566,47.28626176316048,146,71,2.8743560355103126,0.6660036868050773
1575,787.5,0.7875,419.6888113181707,47.329791670258516,146,71,2.874580899439525,0.6666167840881481
1576,788.0,0.788,419.722525418375,47.365472918998954,146,71,2.8748118179340754,0.6671193368873091
1577,788.5,0.7885,419.7596771770685,47.40437462638266,146,70,2.875066282034716,0.6772053518054667
1578,789.0,0.789,419.7997849479941,47.448347263707284,146,70,2.8753409927944804,0.6778335323386753
1579,789.5,0.7895,419.84104933301813,47.49113139432817,146,70,2.8756236255686174,0.6784447342046882
1580,790.0,0.79,419.86702696519006,47.515773607904606,146,70,2.875801554556096,0.6787967658272087
1581,790.5,0.7905,419.88346178701215,47.535737196233256,146,70,2.8759141218288504,0.6790819599461893
1582,791.0,0.791,419.89982977237725,47.552314283118214,146,70,2.8760262313176526,0.6793187754731175
1583,791.5,0.7915,419.91349341461506,47.56003686507242,146,69,2.876119817908322,0.6892758965952525
1584,792.0,0.792,419.9280524422354,47.5673515818034,146,69,2.876219537275585,0.689381906982658
1585,792.5,0.7925,419.94360179344875,47.573684858785846,146,69,2.8763260396811563,0.6894736936055921
1586,793.0,0.793,419.96010264413997,47.58003547678311,146,69,2.876439059206438,0.6895657315475813
1587,793.5,0.7935,419.9776583456184,47.581549725488074,146,69,2.876559303737112,0.6895876771809865
1588,794.0,0.794,419.99517227408455,47.584712489802044,146,70,2.876679262151264,0.679781606997172
1589,794.5,0.7945,419.9998113193763,47.579760379791495,146,70,2.876711036434085,0.6797108625684499
1590,795.0,0.795,420.0034379060867,47.57590399306021,146,70,2.8767358760690867,0.6796557713294314
1591,795.5,0.7955,420.0086005982972,47.576045721016804,146,70,2.8767712369746383,0.6796577960145259
1592,796.0,0.796,420.0153878665653,47.57834370277095,146,70,2.8768177251134612,0.6796906243252994
1593,796.5,0.7965,420.0238290136583,47.58330611364486,146,70,2.8768755411894404,0.6797615159092122
1594,797.0,0.797,420.033923193786,47.59162625085276,146,70,2.876944679409493,0.6798803750121823
1595,797.5,0.7975,420.039215276931,47.59257741978412,146,70,2.8769809265543222,0.6798939631397732
1596,798.0,0.798,420.04301477519044,47.5944563474907,146,70,2.8770069505150033,0.679920804964153
1597,798.5,0.7985,420.04832153117667,47.599522824302696,146,70,2.877043298158744,0.6799931832043242
1598,799.0,0.799,420.0549805356023,47.60517560694956,146,70,2.8770889077780977,0.6800739372421366
1599,799.5,0.7995,420.06272884339216,47.60693837389614,146,70,2.8771419783793983,0.6800991196270877
1600,800.0,0.8,420.0713085374259,47.60704520201414,146,70,2.877200743407027,0.6801006457430593
1601,800.5,0.8005,420.075033041404,47.6022836397923,146,69,2.8772262537082467,0.689888168692642
1602,801.0,0.801,420.0680602108756,47.58874626193138,146,69,2.8771784945950385,0.6896919748105996
1603,801.5,0.8015,420.0621055765831,47.57751199693208,146,70,2.8771377094286517,0.6796787428133155
1604,802.0,0.802,420.057253159903,47.57078988525272,146,70,2.877104473697966,0.6795827126464674
1605,802.5,0.8025,420.0480895668534,47.5633707459971,146,70,2.8770417093620093,0.6794767249428156
1606,803.0,0.803,420.0329071502432,47.55567121141483,146,70,2.8769377202071453,0.6793667315916403
1607,803.5,0.8035,420.01878923148826,47.54889250487259,146,70,2.876841022133481,0.6792698929267512
1608,804.0,0.804,420.00539167342794,47.54315693817242,146,70,2.876749258037178,0.679187956259606
1609,804.5,0.8045,419.98725884306873,47.53619740358917,146,70,2.876625060568964,0.6790885343369882
1610,805.0,0.805,419.9694404275243,47.53049241792847,146,70,2.876503016626879,0.6790070345418352
1611,805.5,0.8055,419.9525733520461,47.52635763400501,146,70,2.8763874887126444,0.6789479662000717
1612,806.0,0.806,419.9306746240047,47.51648856683272,146,70,2.87623749742469,0.6788069795261817
1613,806.5,0.8065,419.90556378310373,47.49271881812507,146,70,2.8760655053637243,0.6784674116875011
1614,807.0,0.807,419.88280440055007,47.46387994085421,146,70,2.87590961918185,0.6780554277264887
1615,807.5,0.8075,419.86311823822365,47.433135751455396,146,70,2.875774782453587,0.6776162250207913
1616,808.0,0.808,419.84727062132754,47.402563742024824,146,70,2.8756662371323802,0.6771794820289264
1617,808.5,0.8085,419.8360625217712,47.372300491185875,146,70,2.8755894693272,0.6767471498740839
1618,809.0,0.809,419.8234972140701,47.34236545213577,146,70,2.8755034055758224,0.6763195064590823
1619,809.5,0.8095,419.8101854237612,47.30554233398724,146,70,2.8754122289298714,0.6757934619141034
1620,810.0,0.81,419.8034264333964,47.267293120694774,146,70,2.875365934475318,0.6752470445813539
1621,810.5,0.8105,419.80292640152396,47.230378390894664,146,70,2.8753625095994795,0.6747196912984952
1622,811.0,0.811,419.8080931976585,47.19116471590856,146,70,2.8753978986140987,0.674159495941551
1623,811.5,0.8115,419.8181136098184,47.14649267122317,146,70,2.875466531574099,0.6735213238746167
1624,812.0,0.812,419.832037256391,47.10426167157004,146,70,2.8755618990163767,0.6729180238795719
1625,812.5,0.8125,419.8488312481635,47.06426819662212,146,70,2.875676926357284,0.672346688523173
1626,813.0,0.813,419.8624842557999,47.02071379857417,146,70,2.8757704401082185,0.6717244828367738
1627,813.5,0.8135,419.87323002329634,46.973142524692975,146,70,2.8758440412554545,0.6710448932098997
1628,814.0,0.814,419.8848093240506,46.92578751454701,146,70,2.875923351534593,0.6703683930649573
1629,814.5,0.8145,419.8966687143837,46.87996509060973,146,70,2.8760045802355045,0.6697137870087102
1630,815.0,0.815,419.9085059996453,46.832393910266696,146,70,2.876085657531817,0.6690341987180957
1631,815.5,0.8155,419.91585848840276,46.78020441135762,146,70,2.876136017043854,0.668288634447966
1632,816.0,0.816,419.92358736926957,46.72690350410926,146,70,2.876188954584038,0.6675271929158466
1633,816.5,0.8165,419.9320404369058,46.67359142005174,146,70,2.876246852307574,0.666765591715025
1634,817.0,0.817,419.94160272854197,46.619451649394996,146,70,2.876312347455767,0.6659921664199286
1635,817.5,0.8175,419.9526978425974,46.570943348020656,146,71,2.8763883413876528,0.6559287795495866
1636,818.0,0.818,419.96574871134874,46.52253696869678,146,71,2.8764777308996488,0.6552469995591096
1637,818.5,0.8185,419.98107800373003,46.47224099026924,146,71,2.8765827260529457,0.6545386054967499
1638,819.0,0.819,419.9972157284112,46.420966869502244,146,71,2.8766932584137757,0.6538164347817217
1639,819.5,0.8195,420.01035010017176,46.36508887575808,146,71,2.87678321986419,0.6530294207853252
1640,820.0,0.82,420.0201870524399,46.30592418968715,146,71,2.8768505962495885,0.6521961153477063
1641,820.5,0.8205,420.03149623953493,46.25063531047459,146,71,2.8769280564351707,0.6514173987390788
1642,821.0,0.821,420.0442599801276,46.19238046995445,146,71,2.8770154793159426,0.6505969080275275
1643,821.5,0.8215,420.0578800217777,46.133292147462505,146,71,2.87710876727245,0.6497646781332747
1644,822.0,0.822,420.07171475973666,46.07592530199174,146,71,2.877203525751621,0.6489566943942499
1645,822.5,0.8225,420.0851294507493,46.0199506938853,146,71,2.8772954071969137,0.6481683196321874
1646,823.0,0.823,420.09761785944875,45.96914758712501,146,71,2.8773809442427996,0.6474527829172536
1647,823.5,0.8235,420.1080251567497,45.91966937536324,146,71,2.8774522271010254,0.6467559066952571
1648,824.0,0.824,420.11450939144754,45.87170322457822,146,71,2.877496639667449,0.6460803271067352
1649,824.5,0.8245,420.12017637231855,45.825423903836395,146,71,2.877535454604922,0.6454285056878365
1650,825.0,0.825,420.1261155319405,45.78042673676247,146,71,2.8775761337804147,0.6447947427713022
1651,825.5,0.8255,420.1301149566466,45.73389646263158,146,71,2.877603527100319,0.6441393867976278
1652,826.0,0.826,420.1352097919704,45.686627056168,146,72,2.877638423232674,0.6345364868912222
1653,826.5,0.8265,420.13949373565606,45.636606270688944,146,72,2.877667765312713,0.6338417537595686
1654,827.0,0.827,420.14534902766184,45.58986506108144,146,72,2.8777078700524785,0.6331925702927977
1655,827.5,0.8275,420.1543516970405,45.544453624764564,146,72,2.8777695321715098,0.6325618558995079
1656,828.0,0.828,420.16640278918237,45.49375631638214,146,72,2.8778520738985094,0.6318577266164185
1657,828.5,0.8285,420.1783665379537,45.43574972910628,146,72,2.8779340173832444,0.6310520795709205
1658,829.0,0.829,420.1923887198449,45.37942916630224,146,72,2.8780300597249653,0.6302698495319756
1659,829.5,0.8295,420.2073867910485,45.325171979294716,146,72,2.8781327862400583,0.6295162774902044
1660,830.0,0.83,420.2254901492574,45.2735729821235,146,72,2.878256781844229,0.6287996247517151
1661,830.5,0.8305,420.24626086271934,45.22537445000607,146,72,2.878399047004927,0.6281302006945287
1662,831.0,0.831,420.2693716271439,45.18053558555637,146,72,2.878557339911944,0.627507438688283
1663,831.5,0.8315,420.29423717817014,45.1391802261453,146,72,2.8787276519052747,0.6269330586964625
1664,832.0,0.832,420.320362028791,45.101065899092,146,72,2.878906589238295,0.6264036930429445
1665,832.5,0.8325,420.34736472249966,45.06575086338886,146,72,2.879091539195203,0.6259132064359564
1666,833.0,0.833,420.3749871541314,45.03625790160563,146,72,2.879280733932407,0.6255035819667448
1667,833.5,0.8335,420.4028601610989,45.009075601213986,146,72,2.879471644939034,0.6251260500168608
1668,834.0,0.834,420.42831866693916,44.97914573526773,146,72,2.8796460182667065,0.624710357434274
1669,834.5,0.8345,420.45286006463505,44.943794284176526,146,72,2.879814110031747,0.6242193650580075
1670,835.0,0.835,420.47232660008257,44.90438313411698,146,72,2.879947442466319,0.623671987973847
1671,835.5,0.8355,420.4896024291069,44.86878844430581,146,72,2.880065770062376,0.6231776172820251
1672,836.0,0.836,420.50669746966,44.84077112037332,146,72,2.880182859381233,0.6227884877829628
1673,836.5,0.8365,420.52325476194653,44.811372446516394,146,72,2.8802962654927846,0.6223801728682833
1674,837.0,0.837,420.53901956013175,44.78143920439945,146,72,2.880404243562546,0.6219644333944367
1675,837.5,0.8375,420.55361742524207,44.74976903208033,146,72,2.8805042289400142,0.6215245698900047
1676,838.0,0.838,420.5641439743981,44.714217976963425,146,72,2.880576328591768,0.6210308052356033
1677,838.5,0.8385,420.57327652839643,44.67941936813412,146,72,2.8806388803314826,0.620547491224085
1678,839.0,0.839,420.58125021488246,44.64623475128593,146,72,2.8806934946224825,0.6200865937678601
1679,839.5,0.8395,420.58838353939774,44.61835851480519,146,73,2.8807423530095737,0.6112103906137697
1680,840.0,0.84,420.59347537833975,44.59629573335556,146,72,2.880777228618765,0.6193929962966052
1681,840.5,0.8405,420.59483558042604,44.57637719690051,146,72,2.8807865450714107,0.6191163499569515
1682,841.0,0.841,420.59640236028133,44.55458478529228,146,72,2.880797276440283,0.6188136775735038
1683,841.5,0.8415,420.5904824993145,44.528445739687314,146,72,2.8807567294473593,0.6184506352734348
1684,842.0,0.842,420.5844892056,44.508055046547774,146,72,2.880715679490411,0.6181674312020524
1685,842.5,0.8425,420.5801413514878,44.49338028177495,146,71,2.8806858996677245,0.6266673279123232
1686,843.0,0.843,420.5776515692057,44.479942888769536,146,71,2.880668846364423,0.6264780688559088
1687,843.5,0.8435,420.5698914485359,44.45929857220166,146,71,2.8806156948529855,0.6261873038338263
1688,844.0,0.844,420.56242693643424,44.431830318914606,146,71,2.880564568057769,0.6258004270269663
1689,844.5,0.8445,420.5569183364781,44.40188381875898,146,71,2.8805268379210824,0.6253786453346335
1690,845.0,0.845,420.5525923156498,44.37117746977864,146,71,2.880497207641437,0.6249461615461781
1691,845.5,0.8455,420.5323090310326,44.32247169885288,146,71,2.8803582810344697,0.6242601647725756
1692,846.0,0.846,420.51340300224734,44.27289848667445,146,71,2.8802287876866255,0.6235619505165414
1693,846.5,0.8465,420.49657737164966,44.22375220155407,146,71,2.880113543641436,0.6228697493176628
1694,847.0,0.847,420.48206251587976,44.17908950271212,146,71,2.880014126821094,0.6222406972212974
1695,847.5,0.8475,420.4700353056942,44.13969180030397,146,71,2.8799317486691383,0.6216858000042814
1696,848.0,0.848,420.46002648319046,44.102940266391414,146,71,2.879863195090346,0.6211681727660762
1697,848.5,0.8485,420.4499117142662,44.06706351660527,146,71,2.8797939158511383,0.6206628664310602
1698,849.0,0.849,420.43919096410724,44.03297999446578,146,71,2.8797204860555285,0.6201828168234617
1699,849.5,0.8495,420.42533182285206,43.9980420221566,146,71,2.8796255604304934,0.6196907327064309
1700,850.0,0.85,420.40824085138735,43.95807410470235,146,71,2.879508498982105,0.6191278042915823
1701,850.5,0.8505,420.39227600879116,43.91825402376111,146,71,2.8793991507451455,0.6185669580811425
1702,851.0,0.851,420.37465972098084,43.87566596548336,146,71,2.879278491239595,0.6179671262744135
1703,851.5,0.8515,420.35350511277915,43.826315617265934,146,71,2.879133596662871,0.6172720509474073
1704,852.0,0.852,420.3329943188659,43.779844165567475,146,72,2.878993111773054,0.6080533911884373
1705,852.5,0.8525,420.3094819259677,43.73439593095489,146,72,2.87883206798608,0.6074221657077068
1706,853.0,0.853,420.2863888012814,43.687582288724535,146,72,2.8786738958991878,0.6067719762322852
1707,853.5,0.8535,420.2661518228682,43.64290561738368,146,72,2.8785352864580016,0.6061514669081067
1708,854.0,0.854,420.24479537703394,43.602562769539304,146,72,2.8783890094317393,0.6055911495769348
1709,854.5,0.8545,420.2263333362502,43.56333507484742,146,72,2.8782625570976044,0.6050463204839919
1710,855.0,0.855,420.2096126841211,43.524562316566616,146,72,2.8781480320830215,0.6045078099523141
1711,855.5,0.8555,420.1921823355243,43.48662195032361,146,73,2.8780286461337283,0.5957071500044331
1712,856.0,0.856,420.1769867160921,43.4611771530295,146,74,2.877924566548576,0.5873132047706688
1713,856.5,0.8565,420.16045984496577,43.43691006696164,146,74,2.8778113688011357,0.5869852711751573
1714,857.0,0.857,420.1433139723824,43.41443015271412,146,74,2.8776939313176877,0.5866814885501908
1715,857.5,0.8575,420.12768389853625,43.396541291751454,146,74,2.8775868760173715,0.5864397471858306
1716,858.0,0.858,420.1130857449101,43.38168247889637,146,74,2.8774868886637677,0.5862389524175186
1717,858.5,0.8585,420.09898552994656,43.373768061409514,146,74,2.8773903118489494,0.5861320008298583
1718,859.0,0.859,420.0809931786626,43.36787392502738,146,74,2.8772670765661816,0.5860523503382079
1719,859.5,0.8595,420.0531004650287,43.35594850722535,146,74,2.8770760305823884,0.5858911960435857
1720,860.0,0.86,420.02085158620196,43.34402742565464,146,74,2.8768551478506983,0.5857301003466843
1721,860.5,0.8605,419.9836227563155,43.33026569096944,146,73,2.8766001558651753,0.5935652834379376
1722,861.0,0.861,419.94084581458696,43.311334923267005,146,72,2.8763071631136095,0.6015463183787083
1723,861.5,0.8615,419.8852003134946,43.282702960298785,146,72,2.8759260295444835,0.601148652226372
1724,862.0,0.862,419.83078071885564,43.26102166465554,146,71,2.8755532925949017,0.6093101642909231
1725,862.5,0.8625,419.7780026950512,43.24247015516274,146,71,2.875191799281173,0.6090488754248274
1726,863.0,0.863,419.7275833759604,43.21650771797892,146,71,2.874846461479181,0.6086832072954776
1727,863.5,0.8635,419.6799118652659,43.19543748000047,146,70,2.874519944282644,0.617077678285721
1728,864.0,0.864,419.63515277414893,43.17778497129769,146,70,2.874213375165404,0.616825499589967
1729,864.5,0.8645,419.5933870622747,43.15910737761399,146,70,2.873927308645717,0.6165586768230571
1730,865.0,0.865,419.554675283762,43.13810908296213,146,70,2.873662159477822,0.6162587011851735
1731,865.5,0.8655,419.5169379368992,43.11708344739174,146,70,2.873403684499309,0.6159583349627393
1732,866.0,0.866,419.47679977631486,43.092793778089565,146,70,2.8731287655911975,0.6156113396869939
1733,866.5,0.8665,419.4345246685938,43.065688954364795,146,70,2.8728392100588613,0.6152241279194971
1734,867.0,0.867,419.3919816815375,43.03957416278679,146,70,2.8725478197365586,0.6148510594683827
1735,867.5,0.8675,419.3454593422449,43.01637765249634,146,69,2.87222917357702,0.6234257630796572
1736,868.0,0.868,419.2994011122259,43.00162891436639,146,69,2.8719137062481224,0.6232120132516867
1737,868.5,0.8685,419.25512537127827,42.9908678242987,146,68,2.8716104477484814,0.6322186444749809
1738,869.0,0.869,419.2105768810642,42.97866162716629,146,68,2.871305321103179,0.6320391415759747
1739,869.5,0.8695,419.1525273634992,42.953929880312266,146,68,2.8709077216678027,0.6316754394163568
1740,870.0,0.87,419.09435727473624,42.92923716445689,146,68,2.870509296402303,0.6313123112420131
1741,870.5,0.8705,419.0392759482924,42.90665071058567,146,68,2.8701320270430983,0.6309801575086128
1742,871.0,0.871,418.9879075046269,42.89013773350447,146,67,2.869780188387855,0.6401513094552905
1743,871.5,0.8715,418.94107304822666,42.877252704024905,146,66,2.869459404439909,0.6496553440003773
1744,872.0,0.872,418.8990836906085,42.86836468417934,146,65,2.8691718061000584,0.6595133028335283
1745,872.5,0.8725,418.862246396149,42.85978847711954,146,65,2.8689194958640343,0.6593813611864545
1746,873.0,0.873,418.83061567318373,42.852206950256765,146,65,2.8687028470766007,0.6592647223116425
1747,873.5,0.8735,418.80420011141837,42.856560229720074,146,66,2.868521918571359,0.6493418216624255
1748,874.0,0.874,418.78214820204727,42.87376085157648,146,66,2.8683708780962145,0.6496024371450981
1749,874.5,0.8745,418.7610095371917,42.89278718260897,146,66,2.868226092720491,0.6498907148880146
1750,875.0,0.875,418.7441970060877,42.91373825003609,146,66,2.868110938397861,0.6502081553035771
1751,875.5,0.8755,418.73133284435215,42.93599199964355,146,66,2.8680228277010427,0.6505453333279325
1752,876.0,0.876,418.7162761338975,42.94978072317956,146,66,2.8679196995472434,0.6507542533815084
1753,876.5,0.8765,418.70113957890555,42.96296417541488,146,66,2.867816024513052,0.6509540026578012
1754,877.0,0.877,418.6883324396631,42.98043680758018,146,67,2.8677283043812545,0.641499056829555
1755,877.5,0.8775,418.6775596112865,43.00332571766509,146,67,2.8676545178855237,0.6418406823532103
1756,878.0,0.878,418.66859070960396,43.021076416019,146,67,2.8675930870520814,0.6421056181495374
1757,878.5,0.8785,418.6613307969531,43.03342254430986,146,66,2.8675433616229666,0.6520215537016646
1758,879.0,0.879,418.65586884520934,43.04293987238493,146,66,2.867505950994584,0.6521657556421959
1759,879.5,0.8795,418.6492259440228,43.05106419628907,146,66,2.8674604516713886,0.6522888514589251
1760,880.0,0.88,418.63211700089613,43.054737229203155,146,67,2.8673432671294257,0.6426080183463156
1761,880.5,0.8805,418.6148357768702,43.05842984700878,146,67,2.867224902581303,0.6426631320449073
1762,881.0,0.881,418.5990097632429,43.05639752489471,146,67,2.867116505227691,0.6426327988790255
1763,881.5,0.8815,418.5850497219381,43.05011624530754,146,67,2.8670208885064254,0.6425390484374259
1764,882.0,0.882,418.5622612659864,43.03055627958949,146,67,2.866864803191688,0.6422471086505894
1765,882.5,0.8825,418.5431084631328,43.002964218828104,146,67,2.866733619610499,0.6418352868481807
1766,883.0,0.883,418.52730930214875,42.97156590268023,146,67,2.8666254061791014,0.6413666552638841
1767,883.5,0.8835,418.51552871711004,42.941607752080664,146,67,2.8665447172404797,0.6409195186877711
1768,884.0,0.884,418.5068791083278,42.91341895175654,146,67,2.866485473344711,0.6404987903247243
1769,884.5,0.8845,418.50119372387513,42.88819353437365,146,67,2.8664465323553094,0.6401222915578156
1770,885.0,0.885,418.4980510118042,42.868836433190765,146,67,2.866425006930166,0.6398333795998621
1771,885.5,0.8855,418.4910012374782,42.8582917512135,146,66,2.8663767208046447,0.6493680568365683
1772,886.0,0.886,418.48030699684546,42.85750225515073,146,66,2.866303472581133,0.649356094775011
1773,886.5,0.8865,418.4714607775321,42.861612968736985,146,66,2.8662428820378913,0.6494183783141968
1774,887.0,0.887,418.46407375275106,42.87278372143166,146,67,2.866192285977747,0.6398922943497262
1775,887.5,0.8875,418.450436578953,42.88506344201703,146,67,2.8660988806777605,0.6400755737614483
1776,888.0,0.888,418.43621442740164,42.898526822334375,146,67,2.866001468680833,0.6402765197363339
1777,888.5,0.8885,418.42340552330165,42.91446087576038,146,67,2.8659137364609704,0.6405143414292593
1778,889.0,0.889,418.4071908478417,42.92748010532828,146,67,2.8658026770400116,0.6407086582884818
1779,889.5,0.8895,418.390907226348,42.93979537536832,146,68,2.8656911453859455,0.6314675790495339
1780,890.0,0.89,418.37561460645895,42.95390608186981,146,68,2.865586401414102,0.631675089439262
1781,890.5,0.8905,418.36127635757833,42.967816058651174,146,68,2.8654881942299886,0.6318796479213408
1782,891.0,0.891,418.34777314913043,42.98209453345169,146,68,2.865395706500893,0.6320896254919366
1783,891.5,0.8915,418.3350918334145,42.99673126705497,146,68,2.8653088481740716,0.6323048715743378
1784,892.0,0.892,418.32337723964946,43.011767221050725,146,68,2.865228611230476,0.6325259885448636
1785,892.5,0.8925,418.31285094901375,43.02728639227103,146,68,2.8651565133494095,0.6327542116510445
1786,893.0,0.893,418.2997054255811,43.04008380678683,146,68,2.865066475517679,0.6329424089233356
1787,893.5,0.8935,418.28390986836325,43.04796049526256,146,68,2.8649582867696113,0.6330582425773904
1788,894.0,0.894,418.2703185764972,43.05695007968789,146,68,2.864865195729433,0.6331904423483513
1789,894.5,0.8945,418.2522698857666,43.060483674623974,146,68,2.864741574560045,0.6332424069797642
1790,895.0,0.895,418.22887052450363,43.05677599896898,146,68,2.864581304962354,0.6331878823377791
1791,895.5,0.8955,418.2061218884417,43.05836289867003,146,67,2.8644254923865873,0.6426621328159705
1792,896.0,0.896,418.18723184067176,43.0626808634869,146,67,2.8642961084977516,0.6427265800520432
1793,896.5,0.8965,418.1714008716101,43.06999946270945,146,67,2.8641876772028088,0.6428358128762603
1794,897.0,0.897,418.1531598159737,43.076293013581406,146,67,2.8640627384655732,0.6429297464713641
1795,897.5,0.8975,418.1388742436175,43.08068115194496,146,67,2.8639648920795717,0.6429952410738052
1796,898.0,0.898,418.1280965778621,43.085729572198716,146,67,2.86389107245111,0.6430705906298316
1797,898.5,0.8985,418.12042077103035,43.094695625882885,146,67,2.863838498431715,0.6432044123266102
1798,899.0,0.899,418.1154767450906,43.11452528140695,146,67,2.863804635240346,0.6435003773344321
1799,899.5,0.8995,418.11291666390184,43.13866883232508,146,67,2.863787100437684,0.6438607288406728
1800,900.0,0.9,418.10989560942625,43.161944718723745,146,67,2.8637664082837415,0.6442081301302051
1801,900.5,0.9005,418.1056734798654,43.18385103695624,146,67,2.863737489588119,0.6445350901038245
1802,901.0,0.901,418.10326774530114,43.20776855875407,146,67,2.8637210119541177,0.6448920680411057
1803,901.5,0.9015,418.1011547249837,43.232592740514605,146,67,2.8637065392122167,0.6452625782166358
1804,902.0,0.902,418.09821058197826,43.25756202106967,146,67,2.863686373849166,0.6456352540458159
1805,902.5,0.9025,418.08778540460537,43.27648748385482,146,67,2.8636149685246943,0.6459177236396242
1806,903.0,0.903,418.0694039117605,43.290930948750095,146,66,2.863489067888771,0.6559231961931833
1807,903.5,0.9035,418.0548751650623,43.31095311933849,146,67,2.8633895559250844,0.6464321361095298
1808,904.0,0.904,418.0446878692732,43.33229089125442,146,67,2.863319779926529,0.6467506103172301
1809,904.5,0.9045,418.0327964714008,43.352762747199726,146,67,2.8632383319958956,0.647056160405966
1810,905.0,0.905,418.02521140635923,43.37982572656496,146,68,2.8631863794956107,0.6379386136259552
1811,905.5,0.9055,418.02295063015623,43.42716868072751,146,68,2.863170894727097,0.6386348335401106
1812,906.0,0.906,418.00651102078325,43.45631843411125,146,68,2.863058294662899,0.6390635063839888
1813,906.5,0.9065,417.99234263067876,43.483993019053685,146,68,2.86296125089506,0.6394704855743188
1814,907.0,0.907,417.98324561944986,43.51565600277116,146,68,2.862898942598972,0.6399361176878111
1815,907.5,0.9075,417.9788261557115,43.54472518061628,146,68,2.8628686722993932,0.6403636055972983
1816,908.0,0.908,417.978596917386,43.571486420223415,146,68,2.862867102173877,0.6407571532385797
1817,908.5,0.9085,417.9804711130037,43.6009646876084,146,68,2.8628799391301625,0.6411906571707117
1818,909.0,0.909,417.9804852511898,43.63364630109069,146,68,2.8628800359670534,0.6416712691336868
1819,909.5,0.9095,417.9835911668964,43.669357297130674,146,68,2.862901309362304,0.6421964308401569
1820,910.0,0.91,417.98920417513466,43.70733916616181,146,68,2.86293975462421,0.6427549877376738
1821,910.5,0.9105,417.99418780210993,43.74422860819954,146,68,2.8629738890555476,0.6432974795323462
1822,911.0,0.911,418.0022580016549,43.787346599277726,146,68,2.863029164394897,0.6439315676364371
1823,911.5,0.9115,418.01358880556245,43.83332055608936,146,68,2.8631067726408386,0.6446076552366082
1824,912.0,0.912,418.02831908902465,43.88216924324426,146,68,2.863207664993319,0.645326018283004
1825,912.5,0.9125,418.040020333782,43.9274297211675,146,68,2.863287810505356,0.645991613546581
1826,913.0,0.913,418.05107929360736,43.97140503683886,146,68,2.86336355680553,0.6466383093652772
1827,913.5,0.9135,418.05958531718875,44.013899762101936,146,68,2.8634218172410186,0.6472632317956167
1828,914.0,0.914,418.07068848100215,44.05842999487513,146,68,2.8634978663082333,0.6479180881599285
1829,914.5,0.9145,418.08529913721424,44.10543245443113,146,68,2.863597939295988,0.6486093008004579
1830,915.0,0.915,418.10300951795904,44.154404740311016,146,68,2.8637192432736924,0.6493294814751621
1831,915.5,0.9155,418.1233501446384,44.20504728594652,146,68,2.8638585626345097,0.6500742247933311
1832,916.0,0.916,418.1457564563637,44.256207045966946,146,68,2.8640120305230385,0.6508265742053961
1833,916.5,0.9165,418.1696252702139,44.31064202613909,146,68,2.8641755155494097,0.6516270886196927
1834,917.0,0.917,418.1880874708873,44.360144568426094,146,68,2.8643019689786797,0.6523550671827367
1835,917.5,0.9175,418.19401055407343,44.38377394449753,146,68,2.864342538041599,0.6527025580073165
1836,918.0,0.918,418.19805670099186,44.40426789581587,146,69,2.8643702513766565,0.6435401144321141
1837,918.5,0.9185,418.20118488691804,44.433444702867746,146,70,2.8643916773076583,0.6347634957552537
1838,919.0,0.919,418.20264325815964,44.46311657263451,146,70,2.8644016661517786,0.6351873796090645
1839,919.5,0.9195,418.20588170239915,44.49448581782763,146,70,2.8644238472767065,0.6356355116832518
1840,920.0,0.92,418.2074879498649,44.52201286031352,146,70,2.8644348489716775,0.636028755147336
1841,920.5,0.9205,418.2097305775613,44.54715256260065,146,70,2.864450209435351,0.6363878937514379
1842,921.0,0.921,418.2098205356983,44.56971345132658,146,70,2.864450825586975,0.6367101921618082
1843,921.5,0.9215,418.20982441111505,44.59366648088059,146,70,2.864450852130925,0.6370523782982941
1844,922.0,0.922,418.21182793723875,44.61860504526003,146,70,2.8644645749125948,0.6374086435037147
1845,922.5,0.9225,418.2053681824309,44.639075692515526,146,70,2.86442033001665,0.6377010813216503
1846,923.0,0.923,418.1976760387354,44.65898204528263,146,70,2.8643676441009274,0.6379854577897519
1847,923.5,0.9235,418.1894830052048,44.68040682083551,146,69,2.8643115274329096,0.6475421278381958
1848,924.0,0.924,418.1829287351968,44.70681922482743,146,69,2.864266635172581,0.6479249163018469
1849,924.5,0.9245,418.16639700670186,44.7232474942672,146,69,2.8641534041554926,0.6481630071632928
1850,925.0,0.925,418.15258141006063,44.74335734069772,146,70,2.864058776781237,0.6391908191528247
1851,925.5,0.9255,418.14088489040466,44.765586870024975,146,70,2.8639786636329085,0.6395083838574995
1852,926.0,0.926,418.1294593915861,44.78089790372122,146,70,2.8639004067916853,0.6397271129103032
1853,926.5,0.9265,418.1202775970285,44.78712648719863,146,70,2.863837517787867,0.6398160926742663
1854,927.0,0.927,418.1098057682049,44.79247706061622,146,70,2.8637657929329103,0.6398925294373745
1855,927.5,0.9275,418.09569074802926,44.79173952874142,146,70,2.863669114712529,0.6398819932677344
1856,928.0,0.928,418.08356290317687,44.79288214752382,146,70,2.863586047282033,0.6398983163931972
1857,928.5,0.9285,418.07039934106405,44.793638608603324,146,70,2.863495885897699,0.6399091229800474
1858,929.0,0.929,418.0546096875718,44.79230663567469,146,70,2.863387737586108,0.6398900947953527
1859,929.5,0.9295,418.0405699642303,44.793188591569724,146,70,2.8632915750974677,0.6399026941652819
1860,930.0,0.93,418.0302003613297,44.79750734473155,146,70,2.863220550420067,0.6399643906390222
1861,930.5,0.9305,418.0236805702421,44.811119982480015,146,70,2.8631758943167274,0.6401588568925718
1862,931.0,0.931,418.01532315862715,44.83008389967949,146,70,2.863118651771419,0.6404297699954213
1863,931.5,0.9315,418.00441292847245,44.850150853583685,146,70,2.8630439241676195,0.640716440765481
1864,932.0,0.932,417.99781260210557,44.858846719987234,146,70,2.8629987164527777,0.640840667428389
1865,932.5,0.9325,417.9956043364525,44.8710767696759,146,70,2.8629835913455652,0.6410153824239414
1866,933.0,0.933,417.9978224130725,44.88734776090144,146,70,2.862998783651182,0.6412478251557349
1867,933.5,0.9335,418.00453318860275,44.90129463573101,146,70,2.863044747867143,0.6414470662247288
1868,934.0,0.934,418.01571688749334,44.912585110173495,146,70,2.863121348544475,0.6416083587167642
1869,934.5,0.9345,418.0312922994284,44.92212079440155,146,70,2.86322802944814,0.6417445827771652
1870,935.0,0.935,418.0510561401786,44.933450462964295,146,70,2.8633633982204016,0.6419064351852042
1871,935.5,0.9355,418.0730076182513,44.94442645441277,146,70,2.863513750809941,0.6420632350630395
1872,936.0,0.936,418.09289818148306,44.95082624275164,146,70,2.8636499875444046,0.6421546606107377
1873,936.5,0.9365,418.11399171795665,44.95641496643837,146,70,2.863794463821621,0.6422344995205483
1874,937.0,0.937,418.13347680056927,44.96386502986105,146,70,2.8639279232915706,0.6423409289980149
1875,937.5,0.9375,418.1452128925303,44.95800827358349,146,70,2.864008307483085,0.6422572610511926
1876,938.0,0.938,418.15598728446747,44.94911584665247,146,70,2.8640821046881335,0.6421302263807497
1877,938.5,0.9385,418.1629743127439,44.93886274415595,146,71,2.864129961046191,0.6329417287909288
1878,939.0,0.939,418.162716213751,44.927728736379976,146,71,2.8641281932448703,0.6327849117799997
1879,939.5,0.9395,418.1613479385027,44.91488959930362,146,71,2.864118821496594,0.6326040788634314
1880,940.0,0.94,418.154360113613,44.900055308922944,146,71,2.864070959682281,0.6323951451960979
1881,940.5,0.9405,418.1488958661569,44.88669487706396,146,71,2.864033533329842,0.6322069700994923
1882,941.0,0.941,418.1447870560975,44.874745505537206,146,71,2.8640053907951883,0.6320386690920732
1883,941.5,0.9415,418.1412546792937,44.863616920281316,146,71,2.8639811964335187,0.6318819284546663
1884,942.0,0.942,418.12857465982995,44.84409438864375,146,71,2.863894346985137,0.6316069632203344
1885,942.5,0.9425,418.1157176210636,44.82799595564928,146,71,2.863806285075778,0.6313802247274547
1886,943.0,0.943,418.1027403599006,44.81602905123028,146,70,2.863717399725347,0.6402289864461468
1887,943.5,0.9435,418.09219678509953,44.806889573622385,146,70,2.8636451834595857,0.6400984224803199
1888,944.0,0.944,418.0847664993852,44.80219018257616,146,70,2.863594291091679,0.6400312883225167
1889,944.5,0.9445,418.0810799705007,44.80172416629444,146,70,2.8635690408938403,0.6400246309470633
1890,945.0,0.945,418.0756088213504,44.7958736650673,146,70,2.8635315672695234,0.6399410523581044
1891,945.5,0.9455,418.0709197181937,44.7877272469035,146,71,2.863499450124614,0.6308130598155426
1892,946.0,0.946,418.0644422598143,44.77827602075334,146,71,2.863455083971331,0.6306799439542725
1893,946.5,0.9465,418.061704228699,44.77389754408866,146,72,2.863436330333555,0.6218596881123424
1894,947.0,0.947,418.0626514578602,44.77568121608245,146,72,2.8634428182045224,0.6218844613344784
1895,947.5,0.9475,418.06718887494236,44.77691248808933,146,72,2.863473896403715,0.621901562334574
1896,948.0,0.948,418.0752099385404,44.77705673227694,146,72,2.863528835195482,0.6219035657260685
1897,948.5,0.9485,418.08092629935845,44.7708711643592,146,72,2.8635679883517704,0.6218176550605445
1898,949.0,0.949,418.08903353494037,44.76376928281513,146,72,2.8636235173626052,0.6217190178168769
1899,949.5,0.9495,418.1003805897333,44.75743282500153,146,72,2.8637012369159813,0.6216310114583545
1900,950.0,0.95,418.11481575835825,44.75688025786985,146,71,2.863800107933961,0.6303785951812654
1901,950.5,0.9505,418.13216337186975,44.768013033381806,146,70,2.8639189272045873,0.6395430433340259
1902,951.0,0.951,418.1523817194761,44.78905265597777,146,71,2.8640574090375077,0.6308317275489828
1903,951.5,0.9515,418.1753635757446,44.812751081265475,146,71,2.864214819011949,0.6311655081868375
1904,952.0,0.952,418.20118104974387,44.83825286961676,146,71,2.8643916510256435,0.6315246883044614
1905,952.5,0.9525,418.2299971168784,44.864352953028835,146,71,2.864589021348482,0.6318922951130821
1906,953.0,0.953,418.2619395374184,44.89439477154866,146,71,2.8648078050508112,0.6323154193175867
1907,953.5,0.9535,418.2970462160026,44.92831814631229,146,71,2.8650482617534427,0.6327932133283423
1908,954.0,0.954,418.3325700613138,44.96317741761309,146,71,2.8652915757624235,0.6332841889804661
1909,954.5,0.9545,418.3683430560833,44.99865543216173,146,70,2.8655365962745436,0.6428379347451678
1910,955.0,0.955,418.40713848603843,45.03924497732835,146,70,2.8658023183975234,0.6434177853904051
1911,955.5,0.9555,418.44906187159137,45.077986054911904,146,70,2.8660894648739137,0.6439712293558842
1912,956.0,0.956,418.48825266114886,45.11147282708357,146,70,2.8663578949393758,0.6444496118154796
1913,956.5,0.9565,418.5266154858349,45.14148385568443,146,70,2.866620654012568,0.644878340795492
1914,957.0,0.957,418.5654098819128,45.1684927380829,146,70,2.8668863690541975,0.6452641819726128
1915,957.5,0.9575,418.6083166992986,45.1945019497165,146,70,2.867180251365059,0.6456357421388071
1916,958.0,0.958,418.6541285044622,45.21756038967466,146,70,2.867494030852481,0.6459651484239235
1917,958.5,0.9585,418.7023026754001,45.238467748659616,146,70,2.8678239909273975,0.6462638249808518
1918,959.0,0.959,418.75381657520546,45.25995313478149,146,70,2.8681768258575713,0.6465707590683072
1919,959.5,0.9595,418.8050482458807,45.2820696394717,146,70,2.8685277277115118,0.64688670913531
1920,960.0,0.96,418.8534079343198,45.30457359485919,146,70,2.868858958454245,0.6472081942122742
1921,960.5,0.9605,418.89554398570687,45.32163685470195,146,71,2.8691475615459376,0.6383329134465062
1922,961.0,0.961,418.9364422955096,45.34323669660279,146,70,2.8694276869555453,0.6477605242371826
1923,961.5,0.9615,418.9785162981022,45.365361714847026,146,70,2.869715865055495,0.6480765959263863
1924,962.0,0.962,419.0174544659539,45.38295166552826,146,70,2.869982564835301,0.6483278809361179
1925,962.5,0.9625,419.05153581642304,45.40008394192596,146,70,2.8702159987426237,0.6485726277417996
1926,963.0,0.963,419.0805834326627,45.41075515916647,146,70,2.8704149550182376,0.6487250737023782
1927,963.5,0.9635,419.11060535146856,45.42088830386533,146,70,2.8706205845991,0.6488698329123619
1928,964.0,0.964,419.140319062012,45.429102322283164,146,70,2.8708241031644657,0.6489871760326166
1929,964.5,0.9645,419.1661148317674,45.433763278300994,146,71,2.8710007865189553,0.6399121588493096
1930,965.0,0.965,419.19211617930665,45.44083482528745,146,71,2.8711788779404563,0.6400117581026402
1931,965.5,0.9655,419.2183652934101,45.44601423697725,146,71,2.87135866639322,0.6400847075630599
1932,966.0,0.966,419.2450204064739,45.44408708348969,146,70,2.87154123566078,0.6492012440498528
1933,966.5,0.9665,419.27250552396123,45.44795738938298,146,70,2.8717294898901455,0.6492565341340425
1934,967.0,0.967,419.30065224669596,45.45469065692254,146,70,2.8719222756623006,0.6493527236703218
1935,967.5,0.9675,419.32982375791954,45.462191445155874,146,71,2.872122080533695,0.6403125555655755
1936,968.0,0.968,419.36142917373616,45.47259023113401,146,71,2.872338555984494,0.6404590173399156
1937,968.5,0.9685,419.39593943314804,45.484323206248106,146,71,2.8725749276243016,0.6406242705105366
1938,969.0,0.969,419.4336288957873,45.49502531303215,146,71,2.8728330746286797,0.6407750044089036
1939,969.5,0.9695,419.4657534951382,45.499845670081676,146,71,2.873053106131083,0.6408428967617138
1940,970.0,0.97,419.49493138190235,45.501680918325484,146,71,2.873252954670564,0.6408687453285279
1941,970.5,0.9705,419.52195197239257,45.50164137696286,146,71,2.8734380272081683,0.6408681884079277
1942,971.0,0.971,419.537496786672,45.490606490596825,146,71,2.8735444985388496,0.6407127674731947
1943,971.5,0.9715,419.54013250654793,45.467310022487766,146,71,2.873562551414712,0.6403846482040532
1944,972.0,0.972,419.5439395140873,45.45057888277053,146,71,2.873588626808817,0.6401489983488806
1945,972.5,0.9725,419.54885785471095,45.435560575857025,146,71,2.873622314073362,0.6399374728993947
1946,973.0,0.973,419.55225126159934,45.41954022880139,146,71,2.8736455565862973,0.6397118342084703
1947,973.5,0.9735,419.5523467770384,45.40041830519114,146,71,2.873646210801633,0.6394425113407204
1948,974.0,0.974,419.5527821683404,45.381536666422626,146,71,2.8736491929338386,0.6391765727665158
1949,974.5,0.9745,419.549770751757,45.35293812901033,146,71,2.8736285667928563,0.6387737764649342
1950,975.0,0.975,419.54363389124563,45.31595631965219,146,71,2.873586533501683,0.6382529059105941
1951,975.5,0.9755,419.5340294963561,45.274247935982245,146,71,2.8735207499750417,0.637665463887074
1952,976.0,0.976,419.5265964786505,45.2348751519533,146,70,2.8734698388948665,0.6462125021707613
1953,976.5,0.9765,419.52126305455664,45.202481853677284,146,70,2.8734333085928534,0.6457497407668183
1954,977.0,0.977,419.51803650058525,45.17365965056369,146,70,2.8734112089081183,0.6453379950080528
1955,977.5,0.9775,419.5175325378117,45.147905461332975,146,70,2.8734077571082994,0.6449700780190425
1956,978.0,0.978,419.5171250013531,45.12089070082826,146,70,2.8734049657626928,0.6445841528689752
1957,978.5,0.9785,419.5198429868184,45.096959968080256,146,70,2.8734235821014957,0.6442422852582893
1958,979.0,0.979,419.5252361194505,45.07821249362311,146,70,2.8734605213660993,0.6439744641946159
1959,979.5,0.9795,419.530817674529,45.063032007465154,146,70,2.8734987511954038,0.6437576001066452
1960,980.0,0.98,419.5378924788716,45.05794024062607,146,69,2.873547208759394,0.6530136266757403
1961,980.5,0.9805,419.54644377186736,45.05483088324181,146,69,2.873605779259366,0.6529685635252437
1962,981.0,0.981,419.5561566238583,45.05280050503566,146,69,2.8736723056428652,0.6529391377541399
1963,981.5,0.9815,419.56509297761863,45.04947149989013,146,69,2.8737335135453335,0.6528908913027556
1964,982.0,0.982,419.57222720962363,45.04617668356377,146,69,2.873782378148107,0.6528431403415039
1965,982.5,0.9825,419.57907747009654,45.04301063261063,146,69,2.873829297740387,0.6527972555450816
1966,983.0,0.983,419.5788523328355,45.033588078674576,146,69,2.873827755704353,0.652660696792385
1967,983.5,0.9835,419.5684591542959,45.009797959148756,146,69,2.873756569549972,0.6523159124514313
1968,984.0,0.984,419.5575689764979,44.985926545644,146,69,2.8736819792910815,0.6519699499368696
1969,984.5,0.9845,419.53851944573233,44.95441630645757,146,69,2.8735515030529606,0.6515132798037327
1970,985.0,0.985,419.52131414423434,44.925858971118544,146,69,2.873433658522153,0.6510994053785297
1971,985.5,0.9855,419.5061154189552,44.89944595906866,146,69,2.8733295576640767,0.6507166081024444
1972,986.0,0.986,419.49300851908686,44.874210031863626,146,69,2.8732397843773074,0.6503508700270091
1973,986.5,0.9865,419.4819223819621,44.84676077250975,146,69,2.8731638519312472,0.6499530546740544
1974,987.0,0.987,419.46483494988394,44.80666491260252,146,69,2.8730468147252326,0.649371955255109
1975,987.5,0.9875,419.4444268002884,44.76588125229081,146,69,2.872907032878688,0.6487808877143596
1976,988.0,0.988,419.4243533904959,44.734269221539854,146,68,2.8727695437705205,0.6578569003167626
1977,988.5,0.9885,419.4019952931817,44.703541728989464,146,68,2.872616406117683,0.6574050254263156
1978,989.0,0.989,419.3782579359998,44.67419770566016,146,68,2.8724538214794504,0.656973495671473
1979,989.5,0.9895,419.35349063574375,44.64660646452053,146,68,2.8722841824366006,0.6565677421253019
1980,990.0,0.99,419.3289803880938,44.62095549390452,146,68,2.8721163040280397,0.656190521969184
1981,990.5,0.9905,419.302456376291,44.599374275527836,146,68,2.8719346327143223,0.6558731511107035
1982,991.0,0.991,419.2673873743029,44.57160468160647,146,68,2.8716944340705677,0.655464774729507
1983,991.5,0.9915,419.2263624359016,44.539788099453304,146,68,2.8714134413417916,0.6549968838154897
1984,992.0,0.992,419.18134547532077,44.50543232740077,146,68,2.8711051059953476,0.6544916518735407
1985,992.5,0.9925,419.137310631938,44.47310181301889,146,68,2.8708034974790277,0.6540162031326306
1986,993.0,0.993,419.09429537932425,44.44235143668872,146,68,2.870508872461125,0.6535639917160104
1987,993.5,0.9935,419.0522174745564,44.41095810081685,146,68,2.870220667633948,0.6531023250120126
1988,994.0,0.994,419.01083251351764,44.37453586919334,146,68,2.8699372089966966,0.6525667039587255
1989,994.5,0.9945,418.96999884390453,44.34503875262233,146,68,2.8696575263281128,0.6521329228326813
1990,995.0,0.995,418.928678920614,44.3162791014619,146,68,2.8693745131548902,0.6517099867862044
1991,995.5,0.9955,418.87447242094765,44.2754806736415,146,68,2.8690032357599153,0.6511100099064926
1992,996.0,0.996,418.81947109616965,44.235376924609184,146,68,2.8686265143573264,0.6505202488913117
1993,996.5,0.9965,418.7645798363164,44.197620585665,146,68,2.8682505468240844,0.6499650086127206
1994,997.0,0.997,418.709154854057,44.16228103144114,146,68,2.8678709236579247,0.6494453092858989
1995,997.5,0.9975,418.65241978748105,44.129059206175945,146,68,2.867482327311514,0.6489567530319993
1996,998.0,0.998,418.59599722765387,44.099372111421204,146,68,2.867095871422287,0.6485201781091353
1997,998.5,0.9985,418.539757528175,44.07344514964357,146,68,2.8667106680011982,0.6481388992594642
1998,999.0,0.999,418.4799658261601,44.046088831125424,146,68,2.866301135795617,0.647736600457727
1999,999.5,0.9995,418.4179884873686,44.02087830920382,146,68,2.8658766334751267,0.6473658574882915
2000,1000.0,1.0,418.35231956566145,43.99759365793705,146,68,2.865426846340147,0.6470234361461329
2001,1000.5,1.0005,418.2877326578748,43.97706805750003,146,68,2.8649844702594165,0.6467215890808827
2002,1001.0,1.001,418.22557813108875,43.95894849209327,146,68,2.864558754322526,0.6464551248837246
2003,1001.5,1.0015,418.1660835835961,43.93968990889226,146,68,2.864151257421891,0.6461719104248862
2004,1002.0,1.002,418.1064306144292,43.91233243919561,146,67,2.863742675441296,0.6554079468536658
2005,1002.5,1.0025,418.05037647988956,43.88911491573299,146,67,2.863358743012942,0.6550614166527312
2006,1003.0,1.003,417.99767230285926,43.86598276725448,146,67,2.862997755499036,0.6547161607052906
2007,1003.5,1.0035,417.9458142577875,43.84041604636199,146,67,2.8626425634095036,0.654334567856149
2008,1004.0,1.004,417.89500905321097,43.81280525879046,146,67,2.862294582556239,0.6539224665491112
2009,1004.5,1.0045,417.84682251981917,43.78483659440356,146,67,2.8619645378069807,0.6535050237970679
2010,1005.0,1.005,417.79797336143844,43.752016800853454,146,67,2.8616299545304003,0.6530151761321411
2011,1005.5,1.0055,417.74724774794504,43.71785309059107,146,67,2.8612825188215414,0.6525052700088221
2012,1006.0,1.006,417.69733178939964,43.67906931374501,146,67,2.8609406286945176,0.6519264076678359
2013,1006.5,1.0065,417.64664068708754,43.63962593239331,146,67,2.8605934293636137,0.6513377004834823
2014,1007.0,1.007,417.5960953101638,43.60094524218521,146,67,2.8602472281518065,0.6507603767490331
2015,1007.5,1.0075,417.5459343552405,43.563703329966465,146,67,2.859903659967401,0.6502045273129323
2016,1008.0,1.008,417.49011273995364,43.5219257722367,146,67,2.859521320136669,0.6495809816751746
2017,1008.5,1.0085,417.43415308731824,43.478430683122134,146,67,2.8591380348446456,0.648931801240629
2018,1009.0,1.009,417.3724375793614,43.42568820170925,146,67,2.858715325886037,0.6481446000255112
2019,1009.5,1.0095,417.29918611830465,43.36130570896309,146,67,2.858213603550032,0.6471836672979564
2020,1010.0,1.01,417.22804292635703,43.29880194361654,146,67,2.8577263214134043,0.6462507752778588
2021,1010.5,1.0105,417.15970640332927,43.23816588471355,146,67,2.857258263036502,0.6453457594733365
2022,1011.0,1.011,417.09285390232844,43.1774379979216,146,67,2.8568003691940302,0.6444393731033072
2023,1011.5,1.0115,417.02943803736923,43.1180293074167,146,67,2.8563660139545837,0.6435526762300999
2024,1012.0,1.012,416.9701664255021,43.06954226235324,146,66,2.855960044010289,0.6525688221568673
2025,1012.5,1.0125,416.91509456152886,43.02523230790993,146,66,2.8555828394625262,0.6518974592107565
2026,1013.0,1.013,416.86391753547326,42.99092177944236,146,66,2.855232311886803,0.6513776027188236
2027,1013.5,1.0135,416.8160795149689,42.95761942304607,146,67,2.8549046542121164,0.6411584988514339
2028,1014.0,1.014,416.7645964584234,42.91702024999223,146,67,2.8545520305371466,0.6405525410446601
2029,1014.5,1.0145,416.713450180531,42.87388056647772,146,67,2.854201713565281,0.6399086651713092
2030,1015.0,1.015,416.6502850496819,42.80573426070326,146,67,2.8537690756827527,0.6388915561298993
2031,1015.5,1.0155,416.5822864788971,42.73332775615538,146,67,2.8533033320472407,0.6378108620321699
2032,1016.0,1.016,416.51398450486545,42.66404548300627,146,66,2.8528355103072975,0.6464249315607009
2033,1016.5,1.0165,416.4473416404973,42.60128003986607,146,66,2.852379052332173,0.6454739399979708
2034,1017.0,1.017,416.3817797003778,42.54143909370032,146,66,2.8519299979477934,0.6445672589954595
2035,1017.5,1.0175,416.317920667756,42.484099248872695,146,66,2.8514926073133973,0.6436984734677682
2036,1018.0,1.018,416.2542466194347,42.43144676916969,146,66,2.8510564836947583,0.6429007086237832
2037,1018.5,1.0185,416.19055143051327,42.38031744239055,146,66,2.850620215277488,0.6421260218544023
2038,1019.0,1.019,416.1300326497885,42.33002121642768,146,66,2.8502057030807433,0.6413639578246618
2039,1019.5,1.0195,416.0727850725554,42.279662457569415,146,66,2.849813596387366,0.6406009463268092
2040,1020.0,1.02,416.0188118385978,42.232945283551445,146,64,2.849443916702725,0.6598897700554913
2041,1020.5,1.0205,415.968125994598,42.20126373756933,146,64,2.8490967533876574,0.6593947458995209
2042,1021.0,1.021,415.9172428626876,42.17218230227895,146,64,2.8487482387855314,0.6589403484731086
2043,1021.5,1.0215,415.8650968407869,42.14219199754174,146,65,2.8483910742519654,0.6483414153467959
2044,1022.0,1.022,415.81603871097076,42.11902323625871,146,65,2.848055059664184,0.6479849728655187
2045,1022.5,1.0225,415.7702051941115,42.096909176655515,146,65,2.847741131466517,0.6476447565639312
2046,1023.0,1.023,415.7271700069156,42.070934997092934,146,65,2.8474463699103807,0.6472451538014296
2047,1023.5,1.0235,415.6826001140379,42.04610257621238,146,65,2.8471410966714923,0.6468631165571136
2048,1024.0,1.024,415.63572335332776,42.02260688906611,146,65,2.8468200229679983,0.646501644447171
2049,1024.5,1.0245,415.59100298782994,42.00096433595586,146,65,2.8465137190947254,0.6461686820916286
2050,1025.0,1.025,415.5499982549875,41.98327301760719,146,65,2.846232864760188,0.6458965079631875
2051,1025.5,1.0255,415.5129058672812,41.968603918482586,146,65,2.845978807310145,0.6456708295151167
2052,1026.0,1.026,415.4722911561163,41.94938717947742,146,65,2.8457006243569607,0.6453751873765757
2053,1026.5,1.0265,415.43550642969876,41.936401309156764,146,65,2.8454486741760183,0.645175404756258
2054,1027.0,1.027,415.4028876611812,41.92764837508711,146,65,2.8452252579532953,0.6450407442321092
2055,1027.5,1.0275,415.3733078000438,41.92285059590013,146,65,2.8450226561646836,0.6449669322446174
2056,1028.0,1.028,415.34632894219226,41.91472944127407,146,65,2.8448378694670704,0.6448419914042164
2057,1028.5,1.0285,415.32223425149397,41.904776089039665,146,65,2.8446728373389996,0.6446888629083026
2058,1029.0,1.029,415.3008885473871,41.894898540922576,146,65,2.844526633886213,0.6445369006295781
2059,1029.5,1.0295,415.28227990013096,41.88465108831647,146,65,2.844399177398157,0.644379247512561
2060,1030.0,1.03,415.26653201928093,41.878218777167646,146,66,2.8442913152005542,0.6345184663207221
2061,1030.5,1.0305,415.25379226058385,41.871295879576714,146,66,2.8442040565793416,0.6344135739329805
2062,1031.0,1.031,415.2441499677668,41.87048325034238,146,66,2.8441380134778553,0.6344012613688239
2063,1031.5,1.0315,415.23765610682153,41.86901649877328,146,66,2.8440935349782297,0.6343790378602012
2064,1032.0,1.032,415.2343630456622,41.86565800083517,146,66,2.844070979764809,0.6343281515278054
2065,1032.5,1.0325,415.23433177382697,41.86329589984449,146,66,2.8440707655741573,0.6342923621188558
2066,1033.0,1.033,415.23762033794003,41.86238155213972,146,66,2.8440932899858904,0.6342785083657535
2067,1033.5,1.0335,415.2443138585843,41.86329885855799,146,66,2.8441391360177004,0.6342924069478484
2068,1034.0,1.034,415.2544975760985,41.866373683786406,146,66,2.844208887507524,0.6343389952088848
2069,1034.5,1.0345,415.2683504166616,41.870923630395346,146,66,2.8443037699771345,0.6344079337938688
2070,1035.0,1.035,415.28601987656134,41.881545247972056,146,66,2.8444247936750777,0.6345688673935159
2071,1035.5,1.0355,415.307637488167,41.89638921578643,146,65,2.844572859507993,0.644559834089022
2072,1036.0,1.036,415.33321756547525,41.91115352706552,146,65,2.8447480655169537,0.6447869773394697
2073,1036.5,1.0365,415.36277122246827,41.93088256708857,146,65,2.844950487825125,0.645090501032132
2074,1037.0,1.037,415.39621684561615,41.953704072078196,146,66,2.845179567435727,0.6356621829102758
2075,1037.5,1.0375,415.433320516263,41.98321061276493,146,66,2.845433702166185,0.6361092517085595
2076,1038.0,1.038,415.47379466669526,42.0127565984472,146,66,2.8457109223746246,0.6365569181582909
2077,1038.5,1.0385,415.5177287235821,42.03986958684797,146,66,2.84601184057248,0.6369677210128479
2078,1039.0,1.039,415.5650024773534,42.066508753982006,146,66,2.8463356334065306,0.6373713447573032
2079,1039.5,1.0395,415.61570074960736,42.093052237131346,146,66,2.846682881846626,0.6377735187444145
2080,1040.0,1.04,415.6696949683434,42.12114980148501,146,67,2.8470527052626258,0.6286738776341046
2081,1040.5,1.0405,415.72702034455904,42.15489230074182,146,67,2.8474453448257466,0.6291774970259973
2082,1041.0,1.041,415.7874568936513,42.191882044694694,146,67,2.8478592937921325,0.6297295827566374
2083,1041.5,1.0415,415.8476020081061,42.228253481431466,146,67,2.8482712466308633,0.6302724400213653
2084,1042.0,1.042,415.9090955727217,42.265718678899034,146,67,2.848692435429601,0.6308316220731199
2085,1042.5,1.0425,415.9702473582469,42.29972727990323,146,67,2.849111283275664,0.6313392131328841
2086,1043.0,1.043,416.0347436705525,42.33314786246386,146,67,2.8495530388394,0.6318380277979682
2087,1043.5,1.0435,416.1027912447152,42.370365453792225,146,67,2.8500191181144876,0.6323935142357048
2088,1044.0,1.044,416.1744886263965,42.41045681710132,146,67,2.850510196071209,0.632991892792557
2089,1044.5,1.0445,416.2499850227343,42.45787061650907,146,67,2.8510272946762623,0.6336995614404338
2090,1045.0,1.045,416.3219519040616,42.49973738342916,146,67,2.85152021852097,0.6343244385586442
2091,1045.5,1.0455,416.39759801023916,42.54244852191286,146,67,2.8520383425358844,0.6349619182375055
2092,1046.0,1.046,416.4695893450808,42.58473270660114,146,68,2.852531433870416,0.6262460692147225
2093,1046.5,1.0465,416.54524123316213,42.629174825693866,146,68,2.8530495974874124,0.6268996297896158
2094,1047.0,1.047,416.6246331281386,42.67496092160244,146,68,2.8535933775899904,0.6275729547294477
2095,1047.5,1.0475,416.70779016940475,42.72155334092766,146,68,2.8541629463657863,0.6282581373665832
2096,1048.0,1.048,416.79467447788556,42.767943417564624,146,68,2.8547580443690794,0.6289403443759504
2097,1048.5,1.0485,416.8765159515531,42.810235523584936,146,68,2.855318602407898,0.6295622871115432
2098,1049.0,1.049,416.96024993525526,42.84897074485236,146,68,2.8558921228442142,0.630131922718417
2099,1049.5,1.0495,417.04314669746594,42.88449554632834,146,68,2.8564599088867535,0.6306543462695344
2100,1050.0,1.05,417.1208573309483,42.913300109325235,146,68,2.8569921734996457,0.6310779427841947
2101,1050.5,1.0505,417.1901315631664,42.93363895811423,146,68,2.857466654542236,0.63137704350168
2102,1051.0,1.051,417.25821840310357,42.952080357904265,146,68,2.8579330027609835,0.6316482405574156
2103,1051.5,1.0515,417.32109652684437,42.95866529920519,146,68,2.8583636748414003,0.6317450779294881
2104,1052.0,1.052,417.3845591906341,42.96920873358052,146,68,2.858798350620781,0.6319001284350076
2105,1052.5,1.0525,417.4446008269782,42.980467690846275,146,68,2.85920959470533,0.6320657013359746
2106,1053.0,1.053,417.5001749480858,42.98974937972518,146,68,2.859590239370451,0.6322021967606645
2107,1053.5,1.0535,417.55687157507083,43.001972775840905,146,68,2.859978572431992,0.6323819525858958
2108,1054.0,1.054,417.6153071385711,43.01728233306015,146,68,2.8603788160176107,0.6326070931332375
2109,1054.5,1.0545,417.6718528689351,43.02957126961599,146,68,2.860766115540651,0.6327878127884705
2110,1055.0,1.055,417.7115011529031,43.02334372714298,146,68,2.861037679129473,0.6326962312815144
2111,1055.5,1.0555,417.75097649877216,43.015711382876134,146,68,2.8613080582107684,0.632583990924649
2112,1056.0,1.056,417.7874486620069,43.014378841260445,146,68,2.8615578675479925,0.6325643947244183
2113,1056.5,1.0565,417.82537833230015,43.00896011096512,146,68,2.861817659810275,0.6324847075141927
2114,1057.0,1.057,417.866797718854,43.002156569093195,146,68,2.8621013542387255,0.6323846554278412
2115,1057.5,1.0575,417.90863142830693,42.98773869887427,146,68,2.8623878864952528,0.6321726279246217
2116,1058.0,1.058,417.9463618131404,42.966251785196185,146,67,2.8626463137886335,0.6412873400775551
2117,1058.5,1.0585,417.9882912109075,42.94026679791878,146,67,2.862933501444572,0.640899504446549
2118,1059.0,1.059,418.0329138976027,42.91486961248732,146,67,2.86323913628495,0.6405204419774227
2119,1059.5,1.0595,418.08145017950284,42.89329475005683,146,67,2.863571576571937,0.6401984291053258
2120,1060.0,1.06,418.1335190722409,42.87362844026871,146,67,2.863928212823568,0.639904902093563
2121,1060.5,1.0605,418.18855628678205,42.85595547375174,146,67,2.8643051800464523,0.6396411264739066
2122,1061.0,1.061,418.24345251586476,42.836743802121404,146,67,2.864681181615512,0.6393543851062896
2123,1061.5,1.0615,418.29800252332313,42.817390770241694,146,67,2.8650548118035832,0.6390655338842045
2124,1062.0,1.062,418.3510355123177,42.797218499321744,146,67,2.8654180514542307,0.6387644552137575
2125,1062.5,1.0625,418.40121299350704,42.77516580396777,146,67,2.8657617328322402,0.6384353105069815
2126,1063.0,1.063,418.4504930081924,42.75132819512009,146,67,2.8660992671793997,0.6380795253002999
2127,1063.5,1.0635,418.49548289522596,42.72201875262491,146,67,2.8664074170905893,0.6376420709347003
2128,1064.0,1.064,418.53686437366736,42.688996431761645,146,67,2.8666908518744334,0.6371492004740544
2129,1064.5,1.0645,418.57699023881787,42.65178273097329,146,67,2.8669656865672457,0.636593772104079
2130,1065.0,1.065,418.6182588602206,42.622049795742626,146,68,2.8672483483576747,0.6267948499373915
2131,1065.5,1.0655,418.6608761384181,42.59808038982219,146,68,2.8675402475234115,0.6264423586738558
2132,1066.0,1.066,418.7050828996359,42.57488694873197,146,68,2.8678430335591494,0.6261012786578232
2133,1066.5,1.0665,418.7512664692742,42.552771700156,146,68,2.8681593593785903,0.6257760544140588
2134,1067.0,1.067,418.79985944597007,42.53261342903689,146,68,2.8684921879860967,0.6254796092505427
2135,1067.5,1.0675,418.85128203615943,42.51539622765149,146,68,2.8688443975079414,0.625226415112522
2136,1068.0,1.068,418.9057119327364,42.50306187373458,146,68,2.8692172050187423,0.6250450275549203
2137,1068.5,1.0685,418.96333518538523,42.49247807149306,146,67,2.869611884831406,0.6342160906192994
2138,1069.0,1.069,419.0241464577499,42.48678346906934,146,67,2.8700284003955474,0.6341310965532736
2139,1069.5,1.0695,419.08775903686865,42.481179954425336,146,67,2.870464102992251,0.6340474620063483
2140,1070.0,1.07,419.15371280698713,42.472859732094136,146,67,2.8709158411437476,0.6339232795834946
2141,1070.5,1.0705,419.2220164899494,42.464701111965965,146,67,2.8713836745886945,0.6338015091338204
2142,1071.0,1.071,419.2918114800621,42.45602127068659,146,67,2.871861722466179,0.6336719592639791
2143,1071.5,1.0715,419.3578974559705,42.44145744208327,146,67,2.8723143661367843,0.63345458868781
2144,1072.0,1.072,419.4194698990558,42.42999848036373,146,67,2.8727360951990124,0.6332835594084137
2145,1072.5,1.0725,419.4772720526095,42.41950083533182,146,66,2.8731320003603393,0.6427197096262397
2146,1073.0,1.073,419.5346227874254,42.41462329977295,146,66,2.873524813612503,0.6426458075723173
2147,1073.5,1.0735,419.5925643691388,42.414634392372896,146,66,2.8739216737612248,0.6426459756420135
2148,1074.0,1.074,419.64251775122204,42.40307436809573,146,66,2.8742638202138497,0.6424708237590261
2149,1074.5,1.0745,419.6912502004775,42.39385790641249,146,65,2.8745976041128594,0.6522131985601922
2150,1075.0,1.075,419.7403637119107,42.38961921891621,146,65,2.8749339980267856,0.6521479879833262
2151,1075.5,1.0755,419.78693754743495,42.38811237231096,146,65,2.8752529969002394,0.6521248057278609
2152,1076.0,1.076,419.8287242119088,42.37851947330029,146,65,2.8755392069308825,0.6519772226661582
2153,1076.5,1.0765,419.869891083106,42.3700263109985,146,65,2.875821171802096,0.6518465586307461
2154,1077.0,1.077,419.9040337223682,42.351132563909296,146,65,2.8760550254956723,0.6515558855986046
2155,1077.5,1.0775,419.936974161241,42.32620661455959,146,65,2.8762806449400062,0.6511724094547628
2156,1078.0,1.078,419.9708871248904,42.30097753693647,146,65,2.876512925512948,0.6507842697990226
2157,1078.5,1.0785,420.00194897592996,42.270885283131754,146,65,2.8767256779173285,0.650321312048181
2158,1079.0,1.079,420.0342995890144,42.23703314771452,146,65,2.8769472574590025,0.6498005099648386
2159,1079.5,1.0795,420.06603801790266,42.20001762042583,146,65,2.877164643958238,0.6492310403142436
2160,1080.0,1.08,420.1005707968844,42.17001566335596,146,65,2.877401169841674,0.6487694717439378
2161,1080.5,1.0805,420.1378857756688,42.14281571591772,146,65,2.8776567518881424,0.6483510110141187
2162,1081.0,1.081,420.17404706396576,42.11746568846232,146,65,2.877904431944971,0.647961010591728
2163,1081.5,1.0815,420.2106058675617,42.101834082038984,146,65,2.878154834709327,0.6477205243390612
2164,1082.0,1.082,420.2474484323841,42.089199242261785,146,65,2.878407181043727,0.6475261421886428
2165,1082.5,1.0825,420.2826958276879,42.07843772961896,146,65,2.8786486015595067,0.6473605804556765
2166,1083.0,1.083,420.31851981611123,42.07182300451813,146,65,2.8788939713432278,0.647258815454125
2167,1083.5,1.0835,420.3550028142178,42.069701213550346,146,65,2.879143854891903,0.6472261725161592
2168,1084.0,1.084,420.39196579538304,42.07170026999555,146,65,2.8793970259957744,0.6472569272307007
2169,1084.5,1.0845,420.4269001004972,42.07480283441518,146,65,2.8796363020582,0.6473046589910028
2170,1085.0,1.085,420.46039038132255,42.080334432070224,146,65,2.879865687543305,0.6473897604933881
2171,1085.5,1.0855,420.4942681637051,42.0895052390562,146,65,2.880097727148665,0.6475308498316338
2172,1086.0,1.086,420.5287098646353,42.09968424198256,146,65,2.8803336292098307,0.6476874498766547
2173,1086.5,1.0865,420.5638667710745,42.11006143890108,146,65,2.8805744299388665,0.6478470990600167
2174,1087.0,1.087,420.60000273309106,42.12010248762489,146,65,2.880821936528021,0.6480015767326907
2175,1087.5,1.0875,420.6324766605158,42.12454957765719,146,65,2.881044360688465,0.6480699935024185
2176,1088.0,1.088,420.66191194752446,42.12486775918987,146,66,2.881245972243318,0.6382555721089374
2177,1088.5,1.0885,420.69261620175524,42.128610193509566,146,66,2.8814562753544877,0.6383122756592359
2178,1089.0,1.089,420.72254452993434,42.12773649925863,146,66,2.88166126390366,0.6382990378675552
2179,1089.5,1.0895,420.7485052935758,42.122335755947994,146,66,2.8818390773532587,0.6382172084234544
2180,1090.0,1.09,420.7744234507013,42.11575738305698,146,65,2.882016598977406,0.6479347289701075
2181,1090.5,1.0905,420.7931959076289,42.10612197840879,146,65,2.882145177449513,0.6477864919755199
2182,1091.0,1.091,420.8122525020085,42.097551090238,146,65,2.882275702068551,0.6476546321575077
2183,1091.5,1.0915,420.82877158952516,42.08655617817207,146,65,2.882388846503597,0.6474854796641857
2184,1092.0,1.092,420.844948515607,42.07868306578508,146,65,2.882499647367171,0.6473643548582321
2185,1092.5,1.0925,420.86051414088837,42.07673314559262,146,65,2.8826062612389616,0.6473343560860404
2186,1093.0,1.093,420.8758669285663,42.08619234309165,146,65,2.8827114173189474,0.6474798822014101
2187,1093.5,1.0935,420.8885008106662,42.09776884440147,146,65,2.8827979507579875,0.647657982221561
2188,1094.0,1.094,420.89813375103415,42.111706265513895,146,65,2.882863929801604,0.647872404084829
2189,1094.5,1.0945,420.90765608433117,42.12597393528224,146,65,2.8829291512625423,0.6480919066966498
2190,1095.0,1.095,420.91413055948743,42.14125275305504,146,64,2.8829734969827903,0.6584570742664851
2191,1095.5,1.0955,420.9126394291499,42.16292864767482,146,64,2.8829632837613013,0.658795760119919
2192,1096.0,1.096,420.9115207048438,42.1867803676363,146,64,2.8829556212660536,0.6591684432443172
2193,1096.5,1.0965,420.90725465813586,42.204307348787715,146,64,2.882926401768054,0.659442302324808
2194,1097.0,1.097,420.89545329891536,42.20974561519757,146,64,2.8828455705405163,0.659527275237462
2195,1097.5,1.0975,420.86835819244936,42.19639709422594,146,64,2.8826599876195163,0.6593187045972803
2196,1098.0,1.098,420.8414712779502,42.18070597517894,146,64,2.8824758306708915,0.6590735308621709
2197,1098.5,1.0985,420.81534542476237,42.16337557220544,146,64,2.882296886470975,0.65880274331571
2198,1099.0,1.099,420.791581316561,42.146724181902194,146,64,2.8821341186065816,0.6585425653422219
2199,1099.5,1.0995,420.76995328638975,42.13122603030338,146,64,2.8819859814136284,0.6583004067234903
2200,1100.0,1.1,420.7503118704034,42.117330962327365,146,64,2.8818514511671465,0.658083296286365
2201,1100.5,1.1005,420.7325488113935,42.10614627335548,146,64,2.8817297863794074,0.6579085355211793
2202,1101.0,1.101,420.7166314992561,42.102766801582874,146,64,2.881620763693535,0.6578557312747325
2203,1101.5,1.1015,420.702494956465,42.0978484341967,146,64,2.8815239380579794,0.6577788817843234
2204,1102.0,1.102,420.69012600691354,42.09508052322178,146,64,2.8814392192254354,0.6577356331753403
2205,1102.5,1.1025,420.6794481664952,42.09442800470994,146,64,2.881366083332159,0.6577254375735928
2206,1103.0,1.103,420.67044878699255,42.095147771011014,146,64,2.881304443746525,0.6577366839220471
2207,1103.5,1.1035,420.66303788670143,42.09763373103661,146,64,2.881253684155489,0.657775527047447
2208,1104.0,1.104,420.6553029796636,42.10230221936894,146,64,2.8812007053401616,0.6578484721776395
2209,1104.5,1.1045,420.64525679173676,42.10393948811972,146,64,2.8811318958338132,0.6578740545018706
2210,1105.0,1.105,420.62686487252927,42.09619041440918,146,64,2.881005923784447,0.6577529752251434
2211,1105.5,1.1055,420.60805096512195,42.08728186788296,146,65,2.880877061404945,0.6474966441212764
2212,1106.0,1.106,420.58278765584237,42.07077158096555,146,65,2.880704025040016,0.6472426397071623
2213,1106.5,1.1065,420.5525452952677,42.05017857201721,146,64,2.8804968855840247,0.6570340401877689
2214,1107.0,1.107,420.51923049249666,42.024508740779495,146,64,2.8802687020034012,0.6566329490746796
2215,1107.5,1.1075,420.48738106084886,41.99823211679077,146,64,2.8800505552112927,0.6562223768248558
2216,1108.0,1.108,420.45313180817396,41.96786012588459,146,64,2.8798159712888625,0.6557478144669466
2217,1108.5,1.1085,420.415896845226,41.927538775367694,146,64,2.8795609372960684,0.6551177933651202
2218,1109.0,1.109,420.37830199193246,41.89101305976812,146,63,2.8793034383009077,0.6649367152344146
2219,1109.5,1.1095,420.3410950848115,41.85720423023887,146,63,2.879048596471312,0.6644000671466487
2220,1110.0,1.11,420.30482508967555,41.83430747327995,146,64,2.8788001718470926,0.6536610542699992
2221,1110.5,1.1105,420.26542943646973,41.80949197033518,146,64,2.878530338605957,0.6532733120364872
2222,1111.0,1.111,420.22654062955087,41.78493215155073,146,64,2.878263976914732,0.6528895648679801
2223,1111.5,1.1115,420.1863507312922,41.75940411181438,146,64,2.8779887036389877,0.6524906892470997
2224,1112.0,1.112,420.1467062663328,41.732138527791435,146,64,2.8777171662077587,0.6520646644967412
2225,1112.5,1.1125,420.1085063589085,41.70819229401905,146,64,2.877455523006223,0.6516905045940478
2226,1113.0,1.113,420.0717896152927,41.688082387496195,146,64,2.877204038460909,0.6513762873046282
2227,1113.5,1.1135,420.03669354544303,41.673016784371875,146,64,2.8769636544208423,0.6511408872558105
2228,1114.0,1.114,420.00320776346217,41.661147904942084,146,64,2.876734299749741,0.6509554360147201
2229,1114.5,1.1145,419.97126191173066,41.65193678619622,146,64,2.8765154925461,0.6508115122843159
2230,1115.0,1.115,419.9407486962964,41.644713402756395,146,64,2.8763064979198387,0.6506986469180687
2231,1115.5,1.1155,419.9091987257353,41.6372835661602,146,64,2.876090402231063,0.650582555721253
2232,1116.0,1.116,419.8748077591215,41.63139065781843,146,64,2.8758548476652157,0.650490479028413
2233,1116.5,1.1165,419.8424317257245,41.62585663819445,146,65,2.8756330940118118,0.6403977944337609
2234,1117.0,1.117,419.8122523320025,41.621462223425056,146,65,2.875426385835634,0.6403301880526931
2235,1117.5,1.1175,419.78446296137525,41.616709529744085,146,65,2.875236047680653,0.6402570696883706
2236,1118.0,1.118,419.7591741369596,41.61161034057442,146,65,2.875062836554518,0.6401786206242218
2237,1118.5,1.1185,419.72967025567146,41.59935288197265,146,65,2.8748607551758325,0.6399900443380407
2238,1119.0,1.119,419.7000677364831,41.58420860955267,146,65,2.8746579981950897,0.6397570555315795
2239,1119.5,1.1195,419.6711463407336,41.567200246741244,146,65,2.8744599064433807,0.6394953884114037
2240,1120.0,1.12,419.6444590804773,41.55025127725309,146,65,2.8742771169895707,0.6392346350346629
2241,1120.5,1.1205,419.6184812035671,41.53389465962987,146,65,2.8740991863258025,0.6389829947635366
2242,1121.0,1.121,419.59400933755467,41.51139703983291,146,66,2.873931570805169,0.6289605612095897
2243,1121.5,1.1215,419.5758662634265,41.49567350612478,146,66,2.8738073031741544,0.6287223258503755
2244,1122.0,1.122,419.5642165299906,41.484627325110964,146,66,2.873727510479388,0.6285549594713782
2245,1122.5,1.1225,419.55288698929314,41.474390287753685,146,67,2.8736499108855695,0.6190207505634878
2246,1123.0,1.123,419.5440528045339,41.461258458205165,146,66,2.8735894027707802,0.6282008857303814
2247,1123.5,1.1235,419.54078045014506,41.454185651128356,146,66,2.8735669893845555,0.6280937219867933
2248,1124.0,1.124,419.53194574385486,41.43870947790554,146,66,2.873506477697636,0.6278592345137203
2249,1124.5,1.1245,419.52105430031804,41.41333484172159,146,66,2.873431878769302,0.6274747703291149
2250,1125.0,1.125,419.50748983209127,41.38263325906898,146,66,2.87333897145268,0.6270095948343786
2251,1125.5,1.1255,419.49675963997055,41.35388794066028,146,66,2.8732654769860995,0.6265740597069738
2252,1126.0,1.126,419.4893041109392,41.325946335539555,146,66,2.8732144117187626,0.6261507020536297
2253,1126.5,1.1265,419.48482558761066,41.29810198579683,146,66,2.873183736901443,0.6257288179666187
2254,1127.0,1.127,419.4831111405951,41.270299411391306,146,66,2.8731719941136653,0.6253075668392621
2255,1127.5,1.1275,419.4841087949462,41.24288456186742,146,66,2.8731788273626453,0.6248921903313246
2256,1128.0,1.128,419.4877806975924,41.216729187929694,146,66,2.8732039773807703,0.6244958967868136
2257,1128.5,1.1285,419.4942059622932,41.20176527592057,146,66,2.873247986043104,0.6242691708472814
2258,1129.0,1.129,419.5035178191224,41.19252273198514,146,66,2.8733117658844005,0.6241291323028052
2259,1129.5,1.1295,419.5159105818471,41.189472916363954,146,67,2.873396647820871,0.6147682524830441
2260,1130.0,1.13,419.5303208585852,41.19201622686804,146,67,2.8734953483464736,0.614806212341314
2261,1130.5,1.1305,419.5442236559131,41.20354693809824,146,67,2.873590572985706,0.614978312508929
2262,1131.0,1.131,419.5600731924784,41.21581602995275,146,67,2.8736991314553313,0.6151614332828769
2263,1131.5,1.1315,419.5766520298814,41.22462037759648,146,67,2.873812685136174,0.615292841456664
2264,1132.0,1.132,419.5894021843324,41.230085442594586,146,67,2.873900014961181,0.615374409590964
2265,1132.5,1.1325,419.5999414220189,41.23412351431822,146,67,2.8739722015206772,0.6154346793181824
2266,1133.0,1.133,419.6054907412338,41.23940337775176,146,67,2.8740102105563956,0.6155134832500263
2267,1133.5,1.1335,419.60881064966225,41.247205936139586,146,67,2.874032949655221,0.6156299393453669
2268,1134.0,1.134,419.6129151152978,41.25664771014744,146,67,2.8740610624335465,0.6157708613454841
2269,1134.5,1.1345,419.61697356242456,41.26955830618201,146,67,2.874088860016607,0.6159635568086868
2270,1135.0,1.135,419.6203981300866,41.28634796007298,146,67,2.874112315959497,0.6162141486578057
2271,1135.5,1.1355,419.6227621074105,41.30287357747704,146,67,2.8741285075850036,0.6164607996638363
2272,1136.0,1.136,419.61722830219975,41.31171226886899,146,67,2.874090604809587,0.6165927204308804
2273,1136.5,1.1365,419.6090563007496,41.31801461034534,146,66,2.874034632196915,0.6260305243991716
2274,1137.0,1.137,419.60002836921905,41.3277719226734,146,66,2.8739727970494457,0.6261783624647486
2275,1137.5,1.1375,419.58493743100144,41.33077035788782,146,66,2.8738694344589137,0.6262237933013307
2276,1138.0,1.138,419.5693854463348,41.332794180331945,146,66,2.873762914015992,0.6262544572777567
2277,1138.5,1.1385,419.5546734612657,41.33491177450028,146,66,2.8736621469949704,0.6262865420378829
2278,1139.0,1.139,419.54149935885226,41.337891964264166,146,66,2.8735719134167965,0.6263316964282448
2279,1139.5,1.1395,419.53047390849207,41.34531428703252,146,66,2.8734963966335076,0.6264441558641292
2280,1140.0,1.14,419.521318469228,41.35408529800572,146,66,2.873433688145397,0.6265770499697836
2281,1140.5,1.1405,419.50896302429214,41.35065636757207,146,66,2.87334906181022,0.6265250964783647
2282,1141.0,1.141,419.49781160752065,41.34222166882988,146,66,2.873272682243292,0.6263972980125738
2283,1141.5,1.1415,419.4899541452606,41.33783214001847,146,65,2.873218864008634,0.6359666483079764
2284,1142.0,1.142,419.4851261174092,41.33687365436692,146,65,2.8731857953247206,0.6359519023748758
2285,1142.5,1.1425,419.4821636315025,41.337643565797386,146,64,2.87316550432536,0.6459006807155843
2286,1143.0,1.143,419.47741858465355,41.33644706600597,146,64,2.8731330040044765,0.6458819854063433
2287,1143.5,1.1435,419.47391912851737,41.3358939927687,146,64,2.873109035126831,0.645873343637011
2288,1144.0,1.144,419.46485413739794,41.329403398382006,146,64,2.8730469461465615,0.6457719280997188
2289,1144.5,1.1445,419.4543729708657,41.32039226151739,146,64,2.872975157334696,0.6456311290862091
2290,1145.0,1.145,419.44523538617204,41.311588965392474,146,64,2.8729125711381647,0.6454935775842574
2291,1145.5,1.1455,419.4378802690226,41.30503745097861,146,64,2.8728621936234426,0.6453912101715408
2292,1146.0,1.146,419.4322052918115,41.3012575078504,146,64,2.8728233239165166,0.6453321485601625
2293,1146.5,1.1465,419.4296829888754,41.30041933407458,146,64,2.87280604786901,0.6453190520949152
2294,1147.0,1.147,419.42804344449434,41.30209145341099,146,65,2.8727948181129754,0.6354167915909383
2295,1147.5,1.1475,419.43113142795573,41.308455017969656,146,65,2.872815968684628,0.6355146925841486
2296,1148.0,1.148,419.43913221881905,41.31790832241976,146,65,2.8728707686220485,0.6356601280372269
2297,1148.5,1.1485,419.45143876295253,41.32998980105619,146,65,2.8729550600202227,0.635845996939326
2298,1149.0,1.149,419.4688237645008,41.34571068010107,146,65,2.873074135373293,0.6360878566169397
2299,1149.5,1.1495,419.48686564612785,41.36091797701737,146,65,2.8731977099049852,0.6363218150310365
2300,1150.0,1.15,419.50649319750005,41.37906376141622,146,65,2.8733321451883564,0.6366009809448651
2301,1150.5,1.1505,419.5289219216045,41.403575832643426,146,65,2.8734857665863323,0.6369780897329758
2302,1151.0,1.151,419.5541577398658,41.43023610643945,146,65,2.8736586146566148,0.6373882477913762
2303,1151.5,1.1515,419.58124138528586,41.45766426966774,146,65,2.8738441190773005,0.6378102195333498
2304,1152.0,1.152,419.6030550355154,41.47517441778363,146,65,2.873993527640516,0.6380796064274404
2305,1152.5,1.1525,419.62294261259797,41.489174088141034,146,65,2.874129743921904,0.6382949859714006
2306,1153.0,1.153,419.64183122218384,41.50920707860458,146,66,2.8742591179601638,0.6289273799788573
2307,1153.5,1.1535,419.6595478660724,41.53078532571403,146,66,2.8743804648361118,0.6292543231168792
2308,1154.0,1.154,419.6764173334521,41.55267209335967,146,66,2.874496009133233,0.6295859408084798
2309,1154.5,1.1545,419.6930106737483,41.57567019049521,146,66,2.874609662148961,0.629934396825685
2310,1155.0,1.155,419.70643137055436,41.600542031776264,146,66,2.8747015847298245,0.630311242905701
2311,1155.5,1.1555,419.71517810448074,41.62290421365734,146,66,2.8747614938663064,0.630650063843293
2312,1156.0,1.156,419.72566610187494,41.64846740048538,146,66,2.874833329464897,0.631037384855839
2313,1156.5,1.1565,419.73791305163076,41.676738136695626,146,66,2.8749172126824023,0.6314657293438732
2314,1157.0,1.157,419.74633733403056,41.70141500879762,146,66,2.874974913246785,0.6318396213454184
2315,1157.5,1.1575,419.75803862029,41.72681901073565,146,66,2.875055059043082,0.6322245304656915
2316,1158.0,1.158,419.76687657789495,41.747911487438365,146,66,2.8751155929992804,0.6325441134460359
2317,1158.5,1.1585,419.764265089307,41.75590350188271,146,66,2.8750977060911436,0.6326652045739805
2318,1159.0,1.159,419.76297030443686,41.76321655566449,146,66,2.875088837701622,0.632776008419159
2319,1159.5,1.1595,419.7632923272816,41.76678768057821,146,66,2.875091043337545,0.6328301163723972
2320,1160.0,1.16,419.76364406921834,41.76658952268375,146,66,2.8750934525288923,0.6328271139800569
2321,1160.5,1.1605,419.7653530612713,41.768072632034055,146,66,2.875105157953913,0.6328495853338494
2322,1161.0,1.161,419.76805042071123,41.769685777232034,146,66,2.87512363301857,0.6328740269277581
2323,1161.5,1.1615,419.7698745091717,41.769260451317656,146,66,2.8751361267751485,0.632867582595722
2324,1162.0,1.162,419.76873716453093,41.76325401499903,146,66,2.8751283367433627,0.6327765759848338
2325,1162.5,1.1625,419.7674843984983,41.75634342405374,146,66,2.8751197561540978,0.6326718700614203
2326,1163.0,1.163,419.7662581290379,41.753488649607036,146,67,2.875111357048205,0.623186397755329
2327,1163.5,1.1635,419.7585791472371,41.74404084988132,146,67,2.875058761282446,0.6230453858191242
2328,1164.0,1.164,419.74989126361857,41.73104225583429,146,67,2.8749992552302643,0.6228513769527507
2329,1164.5,1.1645,419.742673656325,41.71347671122603,146,67,2.8749498195638696,0.6225892046451645
2330,1165.0,1.165,419.73778745377473,41.70288952402721,146,67,2.8749163524231145,0.6224311869257794
2331,1165.5,1.1655,419.73598899325845,41.69755474387792,146,68,2.8749040342004,0.6131993344687929
2332,1166.0,1.166,419.73782062730044,41.70187766579325,146,68,2.8749165796390446,0.6132629068499007
2333,1166.5,1.1665,419.74357069413225,41.71015057311862,146,68,2.87495596365844,0.6133845672517444
2334,1167.0,1.167,419.7532008370378,41.72254062788986,146,68,2.8750219235413548,0.6135667739395569
2335,1167.5,1.1675,419.7652008620561,41.73881373833455,146,68,2.8751041154935346,0.6138060843872727
2336,1168.0,1.168,419.7791074395199,41.7579378963126,146,68,2.8751993660241086,0.6140873220045971
2337,1168.5,1.1685,419.79534795705973,41.77966001596169,146,68,2.8753106024456145,0.6144067649406131
2338,1169.0,1.169,419.8133478434976,41.802385543576264,146,68,2.8754338893390243,0.6147409638761215
2339,1169.5,1.1695,419.8324495276589,41.821409490507925,146,68,2.8755647227921846,0.615020727801587
2340,1170.0,1.17,419.85213515827695,41.83768714403058,146,68,2.8756995558786094,0.6152601050592733
2341,1170.5,1.1705,419.87062870414894,41.851827398577974,146,68,2.8758262240010204,0.615468049979088
2342,1171.0,1.171,419.8823846472039,41.86579769845676,146,68,2.87590674415893,0.6156734955655405
2343,1171.5,1.1715,419.88224413551654,41.870277996273636,146,68,2.8759057817501135,0.6157393822981417
2344,1172.0,1.172,419.8811783950981,41.87494421944005,146,68,2.875898482158206,0.6158080032270595
2345,1172.5,1.1725,419.8793360872877,41.87995381039374,146,68,2.8758858636115594,0.6158816736822608
2346,1173.0,1.173,419.8772269771083,41.88080148529277,146,68,2.875871417651427,0.6158941394895996
2347,1173.5,1.1735,419.8756267071402,41.877627920781165,146,68,2.875860456898221,0.6158474694232524
2348,1174.0,1.174,419.8753887726149,41.87637491531009,146,68,2.875858827209691,0.6158290428722072
2349,1174.5,1.1745,419.875657124621,41.87591196434453,146,68,2.87586066523713,0.6158222347697724
2350,1175.0,1.175,419.8747152330068,41.874184372285654,146,68,2.875854213924704,0.6157968290042007
2351,1175.5,1.1755,419.8764289772147,41.87875284903497,146,69,2.8758659518987306,0.6069384470874633
2352,1176.0,1.176,419.8808342806988,41.88867147189441,146,69,2.8758961252102657,0.6070821952448465
2353,1176.5,1.1765,419.8878444520143,41.89384175066078,146,69,2.8759441400822903,0.6071571268211706
2354,1177.0,1.177,419.8972745856238,41.896920978192185,146,69,2.876008730038519,0.6072017533071331
2355,1177.5,1.1775,419.90681527106375,41.901012149640074,146,69,2.876074077199067,0.6072610456469577
2356,1178.0,1.178,419.91587429989477,41.90404763998979,146,69,2.876136125341745,0.6073050382607216
2357,1178.5,1.1785,419.92700304292305,41.915566691298686,146,69,2.8762123496090615,0.6074719810333142
2358,1179.0,1.179,419.9398208316003,41.92884615139125,146,70,2.8763001426821937,0.5989835164484463
2359,1179.5,1.1795,419.95396774080274,41.943455126188745,146,70,2.8763970393205667,0.5991922160884107
2360,1180.0,1.18,419.9690665018095,41.95742150372116,146,70,2.8765004554918456,0.5993917357674451
2361,1180.5,1.1805,419.982494486931,41.96787793530592,146,70,2.876592427992678,0.5995411133615132
2362,1181.0,1.181,419.98779704394207,41.96529666058723,146,70,2.8766287468763156,0.5995042380083889
2363,1181.5,1.1815,419.9923253774923,41.95861915847211,146,70,2.8766597628595365,0.5994088451210302
2364,1182.0,1.182,419.99815876709795,41.95182246838718,146,70,2.876699717582863,0.5993117495483882
2365,1182.5,1.1825,420.0033425614029,41.945243772039866,146,71,2.8767352230233074,0.590778081296336
2366,1183.0,1.183,420.0090472083599,41.93960334641876,146,71,2.8767742959476705,0.5906986386819544
2367,1183.5,1.1835,420.01838078418984,41.936216219107834,146,71,2.8768382245492456,0.5906509326634906
2368,1184.0,1.184,420.03226604583494,41.935977770080996,146,71,2.8769333290810613,0.5906475742264929
2369,1184.5,1.1845,420.0515658732796,41.94572383449176,146,71,2.8770655196799972,0.5907848427393205
2370,1185.0,1.185,420.07419799867586,41.959576240879805,146,71,2.877220534237506,0.5909799470546453
2371,1185.5,1.1855,420.1027997440198,41.976891274057465,146,71,2.877416436602875,0.5912238207613728
2372,1186.0,1.186,420.13624988845135,41.99245658242804,146,71,2.8776455471811735,0.5914430504567331
2373,1186.5,1.1865,420.17261887386456,42.008785597093976,146,71,2.8778946498209907,0.5916730365787883
2374,1187.0,1.187,420.20438235572226,42.018473487014234,146,71,2.878112207915906,0.5918094857325948
2375,1187.5,1.1875,420.23104441872465,42.02117976354933,146,71,2.8782948247857854,0.5918476023035115
2376,1188.0,1.188,420.2626223221875,42.02284395053205,146,71,2.878511111795804,0.5918710415567896
2377,1188.5,1.1885,420.29367856820386,42.02027340585826,146,71,2.8787238258096153,0.591834836702229
2378,1189.0,1.189,420.3206491084944,42.021557250374926,146,70,2.878908555537633,0.6003079607196418
2379,1189.5,1.1895,420.3477217737263,42.01914796731934,146,70,2.8790939847515493,0.6002735423902764
2380,1190.0,1.19,420.35921524099524,42.00013084195591,146,70,2.8791727071301043,0.6000018691707986
2381,1190.5,1.1905,420.3730004583181,41.98658934506704,146,69,2.879267126426836,0.608501294856044
2382,1191.0,1.191,420.3892280009908,41.97900222653479,146,69,2.879378273979389,0.6083913366164464
2383,1191.5,1.1915,420.40820195794555,41.97824414572562,146,69,2.879508232588668,0.6083803499380526
2384,1192.0,1.192,420.4245239367716,41.97737212055586,146,69,2.879620026964189,0.6083677118921138
2385,1192.5,1.1925,420.4432252921642,41.98021140815428,146,69,2.87974811843948,0.6084088609877434
2386,1193.0,1.193,420.4657995623591,41.984053698829335,146,69,2.8799027367284875,0.6084645463598456
2387,1193.5,1.1935,420.49236532557774,41.99114567053715,146,69,2.8800846940108067,0.6085673285585094
2388,1194.0,1.194,420.5228518487437,42.003001111610644,146,69,2.8802935058133126,0.6087391465450819
2389,1194.5,1.1945,420.5556802803677,42.01792154302531,146,69,2.8805183580847102,0.6089553846815262
2390,1195.0,1.195,420.5888346680123,42.040284280031294,146,70,2.8807454429315906,0.6005754897147325
2391,1195.5,1.1955,420.6211654302315,42.06234066099069,146,70,2.880966886508435,0.6008905808712957
2392,1196.0,1.196,420.64841498828656,42.07984947931549,146,70,2.881153527317031,0.6011407068473642
2393,1196.5,1.1965,420.67261535256273,42.09505494735577,146,70,2.881319283236731,0.6013579278193679
2394,1197.0,1.197,420.6895867724268,42.10024241555505,146,70,2.88143552583854,0.6014320345079293
2395,1197.5,1.1975,420.70052484376845,42.09317734094918,146,70,2.8815104441354005,0.6013311048707027
2396,1198.0,1.198,420.7096274893521,42.082904447899324,146,70,2.8815727910229594,0.6011843492557046
2397,1198.5,1.1985,420.71548626783454,42.07240547146425,146,70,2.8816129196427025,0.6010343638780608
2398,1199.0,1.199,420.7207280752174,42.06157852223818,146,69,2.8816488224329957,0.609588094525191
2399,1199.5,1.1995,420.7269479625136,42.05458161560925,146,69,2.881691424400778,0.6094866900812934
2400,1200.0,1.2,420.7338665278701,42.04692923807211,146,69,2.8817388118347265,0.6093757860590161
2401,1200.5,1.2005,420.74254104436386,42.03958386613383,146,69,2.8817982263312594,0.609269331393244
2402,1201.0,1.201,420.75335225312625,42.02503628484621,146,69,2.881872275706344,0.6090584968818291
2403,1201.5,1.2015,420.7667034204665,42.010689595466914,146,69,2.8819637220579892,0.6088505738473466
2404,1202.0,1.202,420.78086866091377,41.997003099887706,146,69,2.8820607442528345,0.6086522188389524
2405,1202.5,1.2025,420.7935191484337,41.98538380138192,146,69,2.8821473914276274,0.6084838232084336
2406,1203.0,1.203,420.8093713917703,41.974224675894604,146,69,2.882255968436783,0.6083220967520956
2407,1203.5,1.2035,420.8285110818682,41.95581127414688,146,69,2.8823870622045766,0.6080552358572011
2408,1204.0,1.204,420.8508460706739,41.93553670546375,146,69,2.8825400415799582,0.6077614015284601
2409,1204.5,1.2045,420.875755864003,41.9183084819388,146,69,2.8827106566027605,0.607511717129548
2410,1205.0,1.205,420.90197781265476,41.903515706241244,146,69,2.882890258990786,0.6072973290759599
2411,1205.5,1.2055,420.9310228357851,41.88934095703165,146,69,2.8830891975053774,0.6070918979279949
2412,1206.0,1.206,420.95632414934266,41.869003154589834,146,69,2.88326249417358,0.6067971471679687
2413,1206.5,1.2065,420.9774039415542,41.839422743996,146,69,2.8834068763120153,0.6063684455651596
2414,1207.0,1.207,420.99068404900754,41.79958799160837,146,69,2.8834978359521064,0.6057911303131649
2415,1207.5,1.2075,421.00122464929655,41.756483728922404,146,69,2.8835700318444974,0.6051664308539477
2416,1208.0,1.208,421.00452181300614,41.70516253791314,146,70,2.883592615157576,0.595788036255902
2417,1208.5,1.2085,421.0001691570477,41.65709193469191,146,71,2.883562802445532,0.5867196047139707
2418,1209.0,1.209,420.9974616343155,41.611642378524834,146,70,2.8835442577692842,0.5944520339789262
2419,1209.5,1.2095,420.99403406320016,41.56769439125999,146,70,2.883520781254796,0.5938242055894284
2420,1210.0,1.21,420.9863668253247,41.52200182542131,146,71,2.8834682659268815,0.5848169271186101
2421,1210.5,1.2105,420.97705273031914,41.47468934276328,146,71,2.883404470755611,0.5841505541234265
2422,1211.0,1.211,420.9697197601879,41.42619561934267,146,71,2.883354244932794,0.5834675439344039
2423,1211.5,1.2115,420.9597016251775,41.37787805762143,146,71,2.883285627569709,0.5827870148960765
2424,1212.0,1.212,420.9452752480156,41.33419761702143,146,71,2.88318681676723,0.5821717974228372
2425,1212.5,1.2125,420.93190478804905,41.29135927699068,146,72,2.883095238274309,0.5734911010693151
2426,1213.0,1.213,420.9148376077462,41.24423662232972,146,72,2.8829783397790836,0.5728366197545793
2427,1213.5,1.2135,420.90173234151877,41.1997919949053,146,72,2.882888577681635,0.5722193332625736
2428,1214.0,1.214,420.8925330981696,41.16246987137281,146,72,2.8828255691655458,0.5717009704357335
2429,1214.5,1.2145,420.8860507430829,41.134544057650025,146,72,2.88278116947317,0.5713131119118058
2430,1215.0,1.215,420.8819037585944,41.11279963844027,146,72,2.8827527654698244,0.5710111060894483
2431,1215.5,1.2155,420.8785134488464,41.091635198362574,146,72,2.8827295441701812,0.5707171555328135
2432,1216.0,1.216,420.87784484903773,41.07305826040766,146,72,2.8827249647194364,0.570459142505662
2433,1216.5,1.2165,420.8798726926613,41.05851987128939,146,72,2.882738854059324,0.5702572204345748
2434,1217.0,1.217,420.88421448874936,41.0464621056219,146,72,2.8827685923886945,0.5700897514669708
2435,1217.5,1.2175,420.89039877533634,41.033430587608926,146,72,2.882810950516002,0.569908758161235
2436,1218.0,1.218,420.8979829538129,41.018961008738565,146,72,2.8828628969439243,0.5697077917880357
2437,1218.5,1.2185,420.9041022390446,40.99846506109833,146,72,2.88290480985647,0.5694231258485878
2438,1219.0,1.219,420.91030860216466,40.967991741749785,146,72,2.8829473191929087,0.5689998853020803
2439,1219.5,1.2195,420.915922295703,40.933660925176206,146,72,2.8829857691486507,0.568523068405225
2440,1220.0,1.22,420.92008614966494,40.895096554330536,146,71,2.883014288696335,0.5759872754131061
2441,1220.5,1.2205,420.92566513717014,40.8579610086541,146,71,2.883052500939521,0.5754642395585086
2442,1221.0,1.221,420.9330508535659,40.81949168594854,146,70,2.8831030880381223,0.5831355955135505
2443,1221.5,1.2215,420.93717108622525,40.77920226838999,146,70,2.883131308809762,0.5825600324055712
2444,1222.0,1.222,420.934319045159,40.73040838391126,146,70,2.883111774281911,0.581862976913018
2445,1222.5,1.2225,420.9325472365514,40.67307323704163,146,70,2.883099638606516,0.5810439033863088
2446,1223.0,1.223,420.931882566994,40.60685721529176,146,70,2.883095086075301,0.5800979602184536
2447,1223.5,1.2235,420.93028561716426,40.535291887183554,146,70,2.883084148062769,0.5790755983883364
2448,1224.0,1.224,420.9265849531615,40.46269346515723,146,70,2.8830588010490517,0.5780384780736747
2449,1224.5,1.2245,420.92684671420136,40.387330130043,146,70,2.883060593932886,0.5769618590006141
2450,1225.0,1.225,420.92506507922894,40.310683696412326,146,70,2.883048390953623,0.5758669099487476
2451,1225.5,1.2255,420.9204926854623,40.2305898899652,146,70,2.883017073188098,0.5747227127137884
2452,1226.0,1.226,420.9174510512621,40.15092009007631,146,70,2.8829962400771376,0.5735845727153758
2453,1226.5,1.2265,420.9156342985672,40.071431830435564,146,70,2.882983796565529,0.5724490261490796
2454,1227.0,1.227,420.9143643873529,39.99113289005545,146,70,2.8829750985435134,0.5713018984293635
2455,1227.5,1.2275,420.91331384859893,39.91015204248531,146,70,2.882967903072595,0.5701450291783614
2456,1228.0,1.228,420.90621099050355,39.82307334350149,146,70,2.882919253359614,0.568901047764307
2457,1228.5,1.2285,420.8898575025024,39.73276839338547,146,70,2.882807243167825,0.5676109770483639
2458,1229.0,1.229,420.8692954069857,39.637291108007055,146,70,2.8826664068971626,0.5662470158286721
2459,1229.5,1.2295,420.8512938787507,39.54456726983606,146,70,2.8825431087585662,0.5649223895690867
2460,1230.0,1.23,420.83675498391113,39.4655635388789,146,70,2.8824435272870628,0.5637937648411271
2461,1230.5,1.2305,420.8238452988298,39.40112886757365,146,69,2.882355104786505,0.5710308531532413
2462,1231.0,1.231,420.8135802651089,39.34303035656903,146,70,2.8822847963363625,0.562043290808129
2463,1231.5,1.2315,420.80912489671084,39.29351138845151,146,70,2.882254280114458,0.5613358769778788
2464,1232.0,1.232,420.8048464364332,39.24375936985378,146,70,2.882224975592008,0.5606251338550541
2465,1232.5,1.2325,420.8039675984563,39.20199187996128,146,70,2.8822189561538103,0.5600284554280183
2466,1233.0,1.233,420.8066584799409,39.167331006819644,146,70,2.88223738684891,0.5595333000974235
2467,1233.5,1.2335,420.81302353924997,39.136547862069115,146,70,2.8822809831455474,0.5590935408867016
2468,1234.0,1.234,420.82470455976255,39.10580874952711,146,70,2.8823609901353597,0.5586544107075302
2469,1234.5,1.2345,420.84070502970076,39.074376003126616,146,70,2.882470582395211,0.5582053714732376
2470,1235.0,1.235,420.8598730864461,39.041793261988516,146,70,2.8826018704551104,0.557739903742693
2471,1235.5,1.2355,420.8811543985835,39.01234510416057,146,70,2.882747632867011,0.5573192157737225
2472,1236.0,1.236,420.90355890291187,38.98774666605081,146,70,2.8829010883761086,0.5569678095150116
2473,1236.5,1.2365,420.91904394216465,38.959746586943794,146,71,2.883007150288799,0.5487288251682223
2474,1237.0,1.237,420.93118662170775,38.93005082737625,146,71,2.8830903193267656,0.5483105750334681
2475,1237.5,1.2375,420.9431174632904,38.90150981686384,146,71,2.883172037419797,0.5479085889699132
2476,1238.0,1.238,420.9514586093583,38.870442220257154,146,71,2.8832291685572486,0.5474710171867204
2477,1238.5,1.2385,420.96128794271453,38.84161852565467,146,71,2.8832964927583187,0.547065049657108
2478,1239.0,1.239,420.9734932033183,38.81539289007429,146,71,2.883380090433687,0.5466956745080886
2479,1239.5,1.2395,420.9889031771467,38.792019718109316,146,71,2.883485638199635,0.5463664749029481
2480,1240.0,1.24,421.0081111099182,38.771811289170884,146,71,2.8836171993830013,0.5460818491432516
2481,1240.5,1.2405,421.0292252194038,38.753070155829334,146,70,2.8837618165712593,0.5536152879404193
2482,1241.0,1.241,421.04984312123787,38.735178635367845,146,70,2.8839030350769717,0.553359694790969
2483,1241.5,1.2415,421.0684296354172,38.71445175621135,146,70,2.884030339968611,0.5530635965173052
2484,1242.0,1.242,421.0857929821127,38.69444192436647,146,70,2.884149267000772,0.5527777417766637
2485,1242.5,1.2425,421.1029004420346,38.6750358698641,146,70,2.8842664413837986,0.5525005124266299
2486,1243.0,1.243,421.11955112014726,38.65764670880428,146,69,2.884380487124296,0.5602557494029606
2487,1243.5,1.2435,421.13891326236194,38.64296580881993,146,69,2.8845131045367256,0.5600429827365208
2488,1244.0,1.244,421.16065670332847,38.62988740066227,146,69,2.884662032214579,0.5598534405893083
2489,1244.5,1.2445,421.18412569625553,38.623730561538196,146,70,2.884822778741476,0.5517675794505456
2490,1245.0,1.245,421.2088552570677,38.619310388990826,146,70,2.8849921592949843,0.5517044341284403
2491,1245.5,1.2455,421.2343567598925,38.615296290005936,146,70,2.8851668271225512,0.5516470898572277
2492,1246.0,1.246,421.26047642519967,38.61169720185519,146,70,2.8853457289397237,0.5515956743122171
2493,1246.5,1.2465,421.2868631769583,38.60820347417422,146,70,2.885526460116153,0.5515457639167747
2494,1247.0,1.247,421.30719279498265,38.59877070898416,146,69,2.8856657040752234,0.5594024740432487
2495,1247.5,1.2475,421.32821916536676,38.58967322965949,146,69,2.885809720310731,0.5592706265168041
2496,1248.0,1.248,421.350095168831,38.58279792592654,146,68,2.885959555950897,0.5673940871459786
2497,1248.5,1.2485,421.3687998523246,38.5736987998122,146,68,2.886087670221402,0.5672602764678265
2498,1249.0,1.249,421.38994229875317,38.565746364218235,146,68,2.8862324814983094,0.5671433288855622
2499,1249.5,1.2495,421.4150333195213,38.56322710383119,146,67,2.88640433780494,0.5755705537885252
2500,1250.0,1.25,421.4438995223383,38.573192003203246,146,68,2.8866020515228654,0.5672528235765184
2501,1250.5,1.2505,421.46829794465003,38.5812649491993,146,68,2.8867691640044524,0.567371543370578
2502,1251.0,1.251,421.49338653806325,38.58862090917852,146,68,2.886941003685365,0.5674797192526252
2503,1251.5,1.2515,421.5191896345577,38.59517155602627,146,68,2.8871177372229972,0.5675760522945041
2504,1252.0,1.252,421.54856369514783,38.603619657739706,146,68,2.88731892941882,0.5677002890844074
2505,1252.5,1.2525,421.58092871830416,38.61321575299605,146,68,2.8875406076596177,0.5678414081322948
2506,1253.0,1.253,421.6145877348453,38.62124249559316,146,67,2.8877711488688034,0.5764364551581067
2507,1253.5,1.2535,421.64886184627454,38.63410725205747,146,68,2.8880059030566754,0.5681486360596686
2508,1254.0,1.254,421.6732354408425,38.64055519057833,146,68,2.8881728454852227,0.5682434586849753
2509,1254.5,1.2545,421.689842745304,38.63796719241581,146,68,2.888286594145918,0.5682053998884676
2510,1255.0,1.255,421.69116161966195,38.619148864044256,146,68,2.8882956275319316,0.5679286597653566
2511,1255.5,1.2555,421.69050362745423,38.59662393856841,146,68,2.8882911207359885,0.5675974108613002
2512,1256.0,1.256,421.690739695265,38.573359246286714,146,68,2.8882927376388015,0.5672552830336282
2513,1256.5,1.2565,421.6910364224968,38.55182160839706,146,68,2.8882947700171018,0.5669385530646627
2514,1257.0,1.257,421.6842044720121,38.53258093842933,146,68,2.8882479758356987,0.5666556020357254
2515,1257.5,1.2575,421.67493919272215,38.51215824707494,146,67,2.888184515018645,0.5748083320458945
2516,1258.0,1.258,421.6668232442451,38.50056910865366,146,68,2.888128926330446,0.5661848398331422
2517,1258.5,1.2585,421.6610979922654,38.49423987080212,146,68,2.8880897122757907,0.5660917628059137
2518,1259.0,1.259,421.65733625084164,38.490900131829434,146,68,2.8880639469235723,0.5660426489974916
2519,1259.5,1.2595,421.65556946823784,38.490550101573774,146,68,2.8880518456728623,0.5660375014937321
2520,1260.0,1.26,421.65717577725536,38.49609172402872,146,69,2.88806284778942,0.5579143728120105
2521,1260.5,1.2605,421.65317858078373,38.498783647767624,146,69,2.888035469731395,0.5579533861995308
2522,1261.0,1.261,421.64841332502016,38.500984334552605,146,69,2.8880028309932886,0.5579852802109073
2523,1261.5,1.2615,421.64150799277877,38.49908582166,146,69,2.8879555341971153,0.5579577655313043
2524,1262.0,1.262,421.63873189735517,38.499117332485035,146,69,2.887936519844898,0.5579582222099281
2525,1262.5,1.2625,421.6399169417484,38.50088609123549,146,69,2.887944636587318,0.5579838563947173
2526,1263.0,1.263,421.6447053132218,38.501925470543426,146,69,2.8879774336522037,0.5579989198629483
2527,1263.5,1.2635,421.6521196906372,38.50384547702061,146,69,2.8880282170591594,0.558026746043777
2528,1264.0,1.264,421.6582418205932,38.503174026501746,146,69,2.8880701494561176,0.5580170148768369
2529,1264.5,1.2645,421.6665373191076,38.50383268101314,146,69,2.8881269679390935,0.5580265605943933
2530,1265.0,1.265,421.676574600944,38.503281864318154,146,69,2.8881957164448218,0.5580185777437414
2531,1265.5,1.2655,421.6880076430808,38.512412888540844,146,69,2.8882740249526084,0.5581509114281282
2532,1266.0,1.266,421.6950898414425,38.52465458726367,146,69,2.8883225331605646,0.5583283273516475
2533,1266.5,1.2665,421.6940554324998,38.521815509304744,146,70,2.8883154481678073,0.5503116501329249
2534,1267.0,1.267,421.6891631407531,38.517269209149184,146,70,2.8882819393202266,0.5502467029878454
2535,1267.5,1.2675,421.679891690345,38.50900463837445,146,70,2.8882184362352397,0.5501286376910637
2536,1268.0,1.268,421.6727586822718,38.50317142174326,146,70,2.8881695800155605,0.5500453060249039
2537,1268.5,1.2685,421.6682339553783,38.50375817958195,146,71,2.8881385887354676,0.5423064532335486
2538,1269.0,1.269,421.6667707548876,38.51243983707583,146,71,2.8881285668142986,0.5424287300996596
2539,1269.5,1.2695,421.6655380912714,38.52559919766953,146,71,2.888120123912818,0.542614073206613
2540,1270.0,1.27,421.6665514799677,38.53870706415249,146,71,2.888127064931286,0.5427986910444014
2541,1270.5,1.2705,421.67173329465516,38.55312456842787,146,71,2.8881625568127065,0.5430017544848997
2542,1271.0,1.271,421.67794609883185,38.56521398904293,146,71,2.8882051102659716,0.5431720280146892
2543,1271.5,1.2715,421.68244446926434,38.579107878494625,146,72,2.8882359210223587,0.5358209427568698
2544,1272.0,1.272,421.6908013776825,38.59364192307004,146,72,2.888293160121113,0.5360228044870838
2545,1272.5,1.2725,421.70269212985056,38.60857947628686,146,72,2.8883746036291136,0.5362302705039842
2546,1273.0,1.273,421.71776937772177,38.627178873243466,146,73,2.888477872450149,0.5291394366197734
2547,1273.5,1.2735,421.7292638290022,38.638899755122054,146,73,2.8885566015685082,0.5292999966455076
2548,1274.0,1.274,421.7427460424467,38.64474133329607,146,73,2.88864894549621,0.5293800182643297
2549,1274.5,1.2745,421.755125696736,38.652597553217575,146,73,2.888733737648877,0.5294876377153093
2550,1275.0,1.275,421.7655622214628,38.65481242642706,146,73,2.888805220694951,0.5295179784442062
2551,1275.5,1.2755,421.76879164129383,38.64685696761896,146,73,2.8888273400088624,0.5294089995564241
2552,1276.0,1.276,421.7613185676293,38.628064266454366,146,73,2.888776154572804,0.5291515652938954
2553,1276.5,1.2765,421.7549457973123,38.60508900729438,146,73,2.8887325054610433,0.5288368357163615
2554,1277.0,1.277,421.7499339260883,38.58086144356531,146,73,2.8886981775759475,0.5285049512817166
2555,1277.5,1.2775,421.7466870142995,38.554991753140506,146,73,2.888675938454106,0.5281505719608288
2556,1278.0,1.278,421.74570849081425,38.53043195207217,146,73,2.8886692362384543,0.5278141363297558
2557,1278.5,1.2785,421.7474259655867,38.505562352061766,146,72,2.888680999764292,0.534799477111969
2558,1279.0,1.279,421.7521183004112,38.49488329613219,146,73,2.8887131390439125,0.5273271684401668
2559,1279.5,1.2795,421.7583035807999,38.486053721329085,146,73,2.8887555039780812,0.5272062153606724
2560,1280.0,1.28,421.75805239013863,38.46771810035688,146,73,2.8887537834941006,0.5269550424706422
2561,1280.5,1.2805,421.76088924644796,38.45064451420447,146,73,2.888773214016767,0.5267211577288284
2562,1281.0,1.281,421.765620853268,38.435600038175835,146,73,2.888805622282657,0.5265150690161072
2563,1281.5,1.2815,421.7718229565115,38.42199267527041,146,73,2.8888481024418597,0.5263286667845261
2564,1282.0,1.282,421.77687386682464,38.40339368053646,146,73,2.888882697717977,0.526073886034746
2565,1282.5,1.2825,421.78165300999564,38.39540845831637,146,72,2.888915431575313,0.5332695619210607
2566,1283.0,1.283,421.7882047021283,38.388570472137374,146,72,2.8889603061789617,0.5331745898907969
2567,1283.5,1.2835,421.7962282653807,38.38166874501771,146,72,2.8890152620916485,0.5330787325696904
2568,1284.0,1.284,421.80540220998836,38.379160510681565,146,72,2.8890780973286874,0.5330438959816883
2569,1284.5,1.2845,421.81545385880645,38.38253670289624,146,72,2.8891469442384,0.5330907875402255
2570,1285.0,1.285,421.82625164557436,38.39003508131669,146,72,2.8892209016820165,0.533194931684954
2571,1285.5,1.2855,421.8377274906677,38.40070457552733,146,72,2.889299503360738,0.5333431191045463
2572,1286.0,1.286,421.8472292138596,38.41968527467659,146,71,2.8893645836565724,0.5411223278123463
2573,1286.5,1.2865,421.84229345250924,38.427402101231465,146,71,2.8893307770719816,0.5412310155103023
2574,1287.0,1.287,421.8335919329241,38.43719922731008,146,71,2.889271177622768,0.5413690032015506
2575,1287.5,1.2875,421.8227022030066,38.44484945306197,146,71,2.8891965904315526,0.5414767528600277
2576,1288.0,1.288,421.8127388799253,38.45055855580193,146,71,2.889128348492639,0.5415571627577737
2577,1288.5,1.2885,421.8025083179754,38.450286211120954,146,71,2.889058276150517,0.5415533269171965
2578,1289.0,1.289,421.7944168028337,38.442651544374364,146,70,2.88900285481393,0.5491807363482052
2579,1289.5,1.2895,421.79011231276144,38.43771989159905,146,70,2.8889733720052155,0.5491102841657007
2580,1290.0,1.29,421.78813362371835,38.43412437825024,146,70,2.8889598193405366,0.5490589196892891
2581,1290.5,1.2905,421.79108460704805,38.43188935751252,146,70,2.8889800315551235,0.5490269908216072
2582,1291.0,1.291,421.79871597969367,38.43117253917991,146,70,2.8890323012307784,0.549016750559713
2583,1291.5,1.2915,421.81066248952743,38.436929956903526,146,70,2.8891141266405986,0.549098999384336
2584,1292.0,1.292,421.82657617018947,38.44622816762622,146,70,2.8892231244533524,0.5492318309660889
2585,1292.5,1.2925,421.84611763383674,38.45763867442767,146,70,2.8893569700947728,0.5493948382061095
2586,1293.0,1.293,421.86899188571874,38.47200476198809,146,70,2.8895136430528683,0.5496000680284012
2587,1293.5,1.2935,421.89051730240993,38.48581981120277,146,69,2.8896610774137668,0.557765504510185
2588,1294.0,1.294,421.90912274616653,38.49333032619449,146,70,2.889788511960045,0.5499047189456353
2589,1294.5,1.2945,421.9250687507349,38.50748006457982,146,70,2.8898977311694174,0.550106858065426
2590,1295.0,1.295,421.94152929393584,38.52143388501508,146,70,2.8900104746159987,0.5503061983573583
2591,1295.5,1.2955,421.95844008188914,38.53432430541631,146,70,2.8901263019307475,0.5504903472202329
2592,1296.0,1.296,421.96420369322874,38.53424746800771,146,70,2.890165778720745,0.5504892495429671
2593,1296.5,1.2965,421.958661640469,38.52221928122214,146,70,2.8901278194552673,0.5503174183031735
2594,1297.0,1.297,421.9532430279828,38.512092455086574,146,69,2.890090705671115,0.5581462674650228
2595,1297.5,1.2975,421.948325781778,38.49997248120661,146,69,2.8900570259025895,0.557970615669661
2596,1298.0,1.298,421.94514296645434,38.48322237261571,146,69,2.8900352257976323,0.5577278604726914
2597,1298.5,1.2985,421.9449955538322,38.47321551702436,146,69,2.8900342161221384,0.5575828335800631
2598,1299.0,1.299,421.9480722032837,38.46523045622875,146,69,2.890055289063587,0.5574671080612864
2599,1299.5,1.2995,421.95459389760765,38.455667869590215,146,69,2.890099958202792,0.5573285198491337
2600,1300.0,1.3,421.9618888342155,38.43502753542527,146,69,2.8901499235220234,0.5570293845713805
2601,1300.5,1.3005,421.9550200470672,38.397556228004454,146,69,2.890102877034707,0.556486322144992
2602,1301.0,1.301,421.94495706302126,38.35632421864941,146,69,2.8900339524864465,0.5558887567920203
2603,1301.5,1.3015,421.9382049719005,38.32516322228916,146,69,2.88998770528699,0.5554371481491182
2604,1302.0,1.302,421.93154408562583,38.30149603334347,146,69,2.8899420827782594,0.5550941454107751
2605,1302.5,1.3025,421.9196751181211,38.286465014230316,146,69,2.8898607884802816,0.5548763045540627
2606,1303.0,1.303,421.90863731409155,38.2747168585459,146,71,2.889785187082819,0.5390805191344493
2607,1303.5,1.3035,421.90029404231456,38.270737499209886,146,71,2.889728041385716,0.5390244718198576
2608,1304.0,1.304,421.89456647352694,38.27374263446174,146,71,2.889688811462513,0.5390667976684752
2609,1304.5,1.3045,421.8913634827166,38.27506279730632,146,71,2.8896668731692916,0.5390853915113565
2610,1305.0,1.305,421.8906623288614,38.27140248041457,146,71,2.8896620707456258,0.5390338377523182
2611,1305.5,1.3055,421.89247770949055,38.26773535368758,146,71,2.8896745048595243,0.5389821880801067
2612,1306.0,1.306,421.89122657158595,38.255699261245304,146,71,2.8896659354218213,0.5388126656513423
2613,1306.5,1.3065,421.8857566605887,38.227826998669116,146,71,2.889628470278005,0.5384200985728045
2614,1307.0,1.307,421.87604695343265,38.19414886831745,146,71,2.88956196543447,0.5379457587086965
2615,1307.5,1.3075,421.867896091912,38.16189616504334,146,71,2.889506137615836,0.5374914952823007
2616,1308.0,1.308,421.8632828150578,38.12853012096159,146,71,2.889474539829163,0.537021550999459
2617,1308.5,1.3085,421.86269321068573,38.09222470406169,146,71,2.889470501443053,0.5365102070994606
2618,1309.0,1.309,421.86656079542126,38.05825272414211,146,71,2.8894969917494606,0.5360317285090438
2619,1309.5,1.3095,421.875208925159,38.02907309989117,146,71,2.8895562255147875,0.5356207478857911
2620,1310.0,1.31,421.8874671189981,38.00415433495573,146,71,2.889640185746562,0.5352697793655736
2621,1310.5,1.3105,421.9006579373586,37.97668415123286,146,71,2.8897305338175245,0.5348828753694769
2622,1311.0,1.311,421.9187447124871,37.95068109461914,146,70,2.8898544158389528,0.5421525870659879
2623,1311.5,1.3115,421.93933356917915,37.92300788309626,146,70,2.889995435405336,0.5417572554728038
2624,1312.0,1.312,421.9611330574882,37.892917653271105,146,70,2.8901447469690975,0.5413273950467299
2625,1312.5,1.3125,421.96978934620813,37.84886785194909,146,70,2.890204036617864,0.5406981121707014
2626,1313.0,1.313,421.9808399206418,37.80648013821705,146,69,2.8902797254838477,0.5479200020031456
2627,1313.5,1.3135,421.9939271232757,37.76405839483396,146,69,2.890369363858053,0.5473051941280282
2628,1314.0,1.314,422.00798861448635,37.7183787433697,146,69,2.890465675441687,0.5466431701937637
2629,1314.5,1.3145,422.0215587821804,37.66980917575171,146,69,2.890558621795756,0.5459392634166914
2630,1315.0,1.315,422.035553940446,37.622148408427805,146,69,2.8906544790441506,0.5452485276583738
2631,1315.5,1.3155,422.04823902008565,37.57814223872821,146,68,2.890741363151271,0.5526197388048266
2632,1316.0,1.316,422.05409038788014,37.53607160330509,146,68,2.890781441012878,0.5520010529897809
2633,1316.5,1.3165,422.0514008748937,37.48777442075887,146,68,2.890763019691053,0.5512908003052774
2634,1317.0,1.317,422.0476592029267,37.44494990044485,146,67,2.890737391800868,0.5588798492603709
2635,1317.5,1.3175,422.0328935695449,37.40430010313247,146,67,2.89063625732565,0.5582731358676488
2636,1318.0,1.318,422.01765437298207,37.367280110592425,146,66,2.8905318792670003,0.5661709107665519
2637,1318.5,1.3185,422.00488129768837,37.32962397573902,146,66,2.89044439244992,0.565600363268773
2638,1319.0,1.319,421.9952498962176,37.29466779404847,146,66,2.890378423946696,0.5650707241522495
2639,1319.5,1.3195,421.9875657683177,37.26115440355106,146,66,2.8903257929336825,0.5645629455083494
2640,1320.0,1.32,421.9819011035686,37.227274279208906,146,66,2.890286993860059,0.5640496102910441
2641,1320.5,1.3205,421.97672463838063,37.19211612200977,146,66,2.8902515386190455,0.5635169109395421
2642,1321.0,1.321,421.970879373122,37.15131699542769,146,66,2.89021150255563,0.5628987423549651
2643,1321.5,1.3215,421.963701397709,37.106938182161386,146,67,2.890162338340472,0.5538348982412147
2644,1322.0,1.322,421.958225120927,37.065847701791235,146,67,2.8901248295953903,0.5532216074894213
2645,1322.5,1.3225,421.9549125955,37.02455148539782,146,67,2.8901021410650687,0.5526052460507138
2646,1323.0,1.323,421.9530705068416,36.9777461609811,146,67,2.8900895240194626,0.5519066591191207
2647,1323.5,1.3235,421.94716271777776,36.93022493090124,146,67,2.8900490597108064,0.5511973870283768
2648,1324.0,1.324,421.9390029654119,36.8836218017615,146,67,2.8899931709959716,0.5505018179367389
2649,1324.5,1.3245,421.9225241995562,36.831079134801676,146,67,2.8898803027366866,0.5497175990268907
2650,1325.0,1.325,421.90475476131525,36.780457267162646,146,67,2.8897585942555843,0.5489620487636216
2651,1325.5,1.3255,421.8824477356516,36.7315117977414,146,67,2.8896058064085732,0.5482315193692747
2652,1326.0,1.326,421.8559991122412,36.68307784139771,146,67,2.889424651453707,0.5475086244984732
2653,1326.5,1.3265,421.8284698577358,36.64408977168559,146,67,2.889236094915999,0.5469267130102329
2654,1327.0,1.327,421.7984272526368,36.60968216981813,146,67,2.889030323648198,0.5464131667137033
2655,1327.5,1.3275,421.76707215678283,36.57311982285429,146,68,2.888815562717691,0.537839997394916
2656,1328.0,1.328,421.7347685227971,36.545164132327,146,68,2.888594304950665,0.5374288842989265
2657,1328.5,1.3285,421.70498467225246,36.523982196238954,146,68,2.8883903059743314,0.537117385238808
2658,1329.0,1.329,421.67689497108285,36.50140494599159,146,68,2.8881979107608413,0.5367853668528175
2659,1329.5,1.3295,421.6450996837652,36.47750529381588,146,68,2.887980134820309,0.5364339013796453
2660,1330.0,1.33,421.61713316092295,36.46289587584654,146,68,2.887788583293993,0.5362190569977433
2661,1330.5,1.3305,421.5895141425449,36.447098578755224,146,67,2.887599411935239,0.5439865459515705
2662,1331.0,1.331,421.5654800279193,36.43156630468244,146,67,2.887434794711776,0.5437547209654094
2663,1331.5,1.3315,421.5448431264522,36.4168767952753,146,67,2.8872934460715904,0.5435354745563479
2664,1332.0,1.332,421.52716199007006,36.40413315050291,146,67,2.88717234239774,0.5433452709030284
2665,1332.5,1.3325,421.5119829969207,36.39459304515553,146,68,2.8870683766912375,0.5352146036052284
2666,1333.0,1.333,421.49886862064926,36.39278689377234,146,68,2.8869785521962283,0.5351880425554755
2667,1333.5,1.3335,421.48738187986635,36.39482896784149,146,68,2.8868998758894957,0.5352180730564925
2668,1334.0,1.334,421.4755657991068,36.39937459971851,146,68,2.8868189438294984,0.5352849205840958
2669,1334.5,1.3345,421.4630396583354,36.40616914141312,146,69,2.8867331483447627,0.5276256397306248
2670,1335.0,1.335,421.44729792301985,36.415757639685225,146,69,2.886625328239862,0.5277646034736988
2671,1335.5,1.3355,421.42997964521845,36.42298397624248,146,69,2.886506709898756,0.5278693329890214
2672,1336.0,1.336,421.41163987356316,36.43280339715608,146,69,2.886381095024405,0.5280116434370447
2673,1336.5,1.3365,421.3941635137599,36.44596985691127,146,69,2.8862613939298623,0.5282024616943662
2674,1337.0,1.337,421.3785988785809,36.46235433834287,146,70,2.886154786839595,0.5208907762620409
2675,1337.5,1.3375,421.36555425435023,36.48268213692687,146,70,2.8860654400982897,0.5211811733846694
2676,1338.0,1.338,421.3556937247617,36.502803380181696,146,70,2.885997902224395,0.5214686197168815
2677,1338.5,1.3385,421.3493842248055,36.523539734013355,146,71,2.8859546864712704,0.5144160525917374
2678,1339.0,1.339,421.3464952830047,36.54578460905365,146,71,2.8859348991986624,0.5147293606908966
2679,1339.5,1.3395,421.3454809713978,36.56780683975879,146,71,2.885927951858889,0.5150395329543492
2680,1340.0,1.34,421.34338451337624,36.58521862952402,146,71,2.8859135925573716,0.5152847694299157
2681,1340.5,1.3405,421.34125169487606,36.59479406639038,146,71,2.88589898421148,0.5154196347378925
2682,1341.0,1.341,421.33880168049643,36.59481665596129,146,71,2.8858822032910716,0.5154199529008633
2683,1341.5,1.3415,421.33242915324246,36.592064756334956,146,70,2.885838555844126,0.5227437822333564
2684,1342.0,1.342,421.3273491993643,36.5980254034621,146,70,2.885803761639482,0.522828934335173
2685,1342.5,1.3425,421.31213419234354,36.602159378925705,146,70,2.8856995492626267,0.5228879911275098
2686,1343.0,1.343,421.2930063775323,36.60694986066889,146,70,2.8855685368324133,0.5229564265809843
2687,1343.5,1.3435,421.271168513853,36.61878323322899,146,70,2.8854189624236506,0.5231254747604142
2688,1344.0,1.344,421.2488518791286,36.63559666654973,146,69,2.8852661087611553,0.5309506763268077
2689,1344.5,1.3445,421.22046189760823,36.651381804196944,146,69,2.8850716568329333,0.5311794464376368
2690,1345.0,1.345,421.1907411032909,36.6721459048741,146,69,2.884868089748568,0.531480375432958
2691,1345.5,1.3455,421.1605550341701,36.691135939616416,146,70,2.8846613358504802,0.5241590848516628
2692,1346.0,1.346,421.13040974361843,36.712502119798025,146,70,2.8844548612576606,0.5244643159971145
2693,1346.5,1.3465,421.1008331435711,36.73423178684533,146,70,2.8842522818052814,0.5247747398120762
2694,1347.0,1.347,421.0726362186341,36.754732798221795,146,70,2.8840591521824255,0.5250676114031685
2695,1347.5,1.3475,421.0464005591,36.776782436929345,146,70,2.8838794558842467,0.5253826062418478
2696,1348.0,1.348,421.02263496330283,36.79831618496666,146,70,2.8837166778308414,0.5256902312138094
2697,1348.5,1.3485,421.0018069084139,36.819305613903374,146,70,2.8835740199206437,0.5259900801986195
2698,1349.0,1.349,420.9842755424826,36.841624443714835,146,70,2.8834539420717986,0.5263089206244977
2699,1349.5,1.3495,420.97020733224764,36.86614313886988,146,70,2.8833575844674493,0.526659187698141
2700,1350.0,1.35,420.95790938952683,36.890407452806,146,70,2.8832733519830605,0.5270058207543714
2701,1350.5,1.3505,420.9373366563134,36.90539523328922,146,70,2.8831324428514615,0.5272199319041317
2702,1351.0,1.351,420.91656826883775,36.92018880631149,146,70,2.8829901936221765,0.5274312686615927
2703,1351.5,1.3515,420.8986350417167,36.94140781193694,146,71,2.8828673632994297,0.5203015184779849
2704,1352.0,1.352,420.88323846615367,36.96924332560637,146,71,2.8827619073024224,0.520693567966287
2705,1352.5,1.3525,420.8699711618116,37.001581095278915,146,71,2.882671035354874,0.5211490295109708
2706,1353.0,1.353,420.8558234555918,37.03431957974311,146,71,2.882574133257478,0.5216101349259594
2707,1353.5,1.3535,420.84277630975436,37.06712026638373,146,71,2.8824847692448925,0.5220721164279399
2708,1354.0,1.354,420.8315796208368,37.101923260698534,146,71,2.8824080795947724,0.5225622994464584
2709,1354.5,1.3545,420.82228981189513,37.13590126517267,146,71,2.8823444507664044,0.5230408628897557
2710,1355.0,1.355,420.8131658713355,37.16922136359721,146,71,2.882281958022846,0.5235101600506649
2711,1355.5,1.3555,420.80171264693195,37.19957243483059,146,71,2.882203511280356,0.5239376399271916
2712,1356.0,1.356,420.79261774100286,37.22959612026813,146,71,2.882141217404129,0.5243605087361708
2713,1356.5,1.3565,420.7864052900412,37.25943828246672,146,71,2.8820986663701453,0.5247808208798131
2714,1357.0,1.357,420.77571541048025,37.28129259601808,146,71,2.8820254480169876,0.5250886281129308
2715,1357.5,1.3575,420.76733184310314,37.30246927175876,146,71,2.8819680263226237,0.5253868911515317
2716,1358.0,1.358,420.7603001011542,37.327555282433075,146,71,2.881919863706536,0.5257402152455365
2717,1358.5,1.3585,420.75127022445645,37.34849714614418,146,71,2.881858015236003,0.5260351710724533
2718,1359.0,1.359,420.7384643276936,37.36650833230617,146,70,2.88177030361434,0.5338072618900883
2719,1359.5,1.3595,420.7281265084897,37.39127773615516,146,70,2.881699496633491,0.5341611105165023
2720,1360.0,1.36,420.7210533593653,37.420192791966215,146,70,2.881651050406612,0.5345741827423746
2721,1360.5,1.3605,420.71675854656047,37.449952728154216,146,70,2.881621633880551,0.5349993246879173
2722,1361.0,1.361,420.7147402489676,37.48615946102612,146,70,2.8816078099244353,0.5355165637289444
2723,1361.5,1.3615,420.714507523085,37.52860167901892,146,71,2.881606215911541,0.5285718546340692
2724,1362.0,1.362,420.71560443278076,37.582515127355165,146,71,2.8816137289916495,0.5293311989768332
2725,1362.5,1.3625,420.7136088934373,37.634352568522175,146,71,2.8816000609139545,0.5300613037820023
2726,1363.0,1.363,420.7120953663851,37.68061469403195,146,71,2.8815896942903088,0.5307128830145346
2727,1363.5,1.3635,420.7110909868654,37.730940227527086,146,72,2.88158281497853,0.5240408364934317
2728,1364.0,1.364,420.71061379321526,37.78544928185224,146,72,2.881579546528872,0.5247979066923922
2729,1364.5,1.3645,420.70774063639305,37.83626230656303,146,72,2.8815598673725553,0.5255036431467088
2730,1365.0,1.365,420.6999168913529,37.87983080943597,146,72,2.88150628007776,0.5261087612421663
2731,1365.5,1.3655,420.6920443995646,37.920334235516854,146,72,2.8814523589011274,0.5266713088266229
2732,1366.0,1.366,420.6737672291022,37.950590533258016,146,72,2.88132717280207,0.5270915351841391
2733,1366.5,1.3665,420.65836080893524,37.9816397155889,146,72,2.8812216493762683,0.5275227738276236
2734,1367.0,1.367,420.6465322022561,38.01284386758535,146,72,2.8811406315223023,0.5279561648275745
2735,1367.5,1.3675,420.6388880385229,38.043494279247774,146,72,2.881088274236458,0.5283818649895524
2736,1368.0,1.368,420.63176584506573,38.079680179851415,146,71,2.8810394920894913,0.5363335236598792
2737,1368.5,1.3685,420.6277804499416,38.11876499740131,146,71,2.881012194862614,0.5368840140479058
2738,1369.0,1.369,420.6286570100314,38.16248463536141,146,71,2.881018198698846,0.5374997835966396
2739,1369.5,1.3695,420.6283977737423,38.20109964193855,146,71,2.8810164231078237,0.538043656928712
2740,1370.0,1.37,420.62789965918216,38.239867525911464,146,73,2.8810130113642614,0.5238338017248145
2741,1370.5,1.3705,420.6318319010902,38.28752982999282,146,73,2.8810399445280153,0.5244867099999014
2742,1371.0,1.371,420.6295728834114,38.329911571085084,146,73,2.881024471804188,0.5250672817956861
2743,1371.5,1.3715,420.6311433456604,38.37637359066217,146,73,2.8810352283949348,0.52570374781729
2744,1372.0,1.372,420.63457268613445,38.42483559041789,146,73,2.881058717028318,0.5263676108276424
2745,1372.5,1.3725,420.64193491386413,38.48043894257161,146,73,2.8811091432456446,0.5271293005831728
2746,1373.0,1.373,420.6530928653092,38.53933292841369,146,74,2.881185567570611,0.5208017963299149
2747,1373.5,1.3735,420.66557129351753,38.596478002035205,146,74,2.881271036256969,0.5215740270545297
2748,1374.0,1.374,420.68188468466974,38.65259064123943,146,74,2.8813827718128064,0.522332305962695
2749,1374.5,1.3745,420.7030289480601,38.70850652251919,146,74,2.8815275955346586,0.523087925979989
2750,1375.0,1.375,420.72847025419344,38.76353455593995,146,74,2.8817018510561185,0.5238315480532425
2751,1375.5,1.3755,420.7577372286557,38.82137032688454,146,73,2.8819023097853127,0.5317995935189663
2752,1376.0,1.376,420.7905626522576,38.87867442412625,146,73,2.88212714145382,0.5325845811524145
2753,1376.5,1.3765,420.82669105858196,38.93575245523106,146,73,2.882374596291658,0.5333664719894666
2754,1377.0,1.377,420.8606984276484,38.98789621452315,146,73,2.8826075234770436,0.534080770061961
2755,1377.5,1.3775,420.89300680450833,39.03886422001906,146,74,2.882828813729509,0.5275522191894468
2756,1378.0,1.378,420.92554360261164,39.089580210250965,146,74,2.8830516685110386,0.5282375704087968
2757,1378.5,1.3785,420.95959048278934,39.144487416653185,146,75,2.883284866320475,0.5219264988887093
2758,1379.0,1.379,420.99518891178127,39.20250243151545,146,75,2.883528691176584,0.522700032420206
2759,1379.5,1.3795,421.02974025760074,39.2610744823986,146,74,2.883765344230142,0.5305550605729541
2760,1380.0,1.38,421.05531124138656,39.31186217100948,146,74,2.8839404879547024,0.5312413806893173
2761,1380.5,1.3805,421.08055861281065,39.356073733651755,146,74,2.8841134151562375,0.5318388342385372
2762,1381.0,1.381,421.09946750335274,39.39376868381277,146,74,2.884242928105156,0.5323482254569294
2763,1381.5,1.3815,421.11880868475646,39.432094779893156,146,74,2.8843754019503867,0.532866145674232
2764,1382.0,1.382,421.14084956682865,39.46715317233309,146,74,2.884526366896087,0.533339907734231
2765,1382.5,1.3825,421.1657948133846,39.50085396322618,146,74,2.88469722474921,0.5337953238273808
2766,1383.0,1.383,421.1935051153819,39.539414311787986,146,74,2.884887021338232,0.5343164096187567
2767,1383.5,1.3835,421.223568472497,39.58108105074568,146,74,2.8850929347431298,0.5348794736587255
2768,1384.0,1.384,421.25304961073147,39.61649054032074,146,74,2.885294860347476,0.5353579802746047
2769,1384.5,1.3845,421.2840130859338,39.6565489265902,146,74,2.885506938944752,0.5358993098187863
2770,1385.0,1.385,421.31633449539544,39.694808012813446,146,74,2.885728318461613,0.536416324497479
2771,1385.5,1.3855,421.3495550357313,39.73126094085317,146,74,2.8859558564091183,0.5369089316331508
2772,1386.0,1.386,421.3833418927969,39.767024685496125,146,75,2.886187273238335,0.5302269958066149
2773,1386.5,1.3865,421.41694315660646,39.80528213790146,146,75,2.886417418880866,0.5307370951720194
2774,1387.0,1.387,421.4468155270932,39.840313979313315,146,74,2.886622024158172,0.5383826213420717
2775,1387.5,1.3875,421.47285180627955,39.877550843604475,146,74,2.886800354837531,0.5388858222108712
2776,1388.0,1.388,421.4872048513803,39.90424010208233,146,74,2.8868986633656184,0.5392464878659775
2777,1388.5,1.3885,421.4969519313422,39.92827220425019,146,74,2.8869654241872755,0.539571246003381
2778,1389.0,1.389,421.50641451678524,39.95455705486258,146,74,2.887030236416338,0.5399264466873324
2779,1389.5,1.3895,421.51361331562674,39.981171122100505,146,74,2.887079543257717,0.5402860962446013
2780,1390.0,1.39,421.52152422787725,40.010986727096935,146,74,2.8871337275882003,0.5406890098256343
2781,1390.5,1.3905,421.5305179236062,40.04374391694851,146,74,2.8871953282438785,0.5411316745533582
2782,1391.0,1.391,421.54100904161714,40.079021982988856,146,74,2.887267185216556,0.5416084051755251
2783,1391.5,1.3915,421.5533737865365,40.11620889687246,146,74,2.8873518752502494,0.542110931038817
2784,1392.0,1.392,421.56797232635404,40.15485483564754,146,74,2.8874518652490004,0.5426331734546964
2785,1392.5,1.3925,421.58507878841766,40.194587372063125,146,74,2.8875690327973818,0.5431700996224748
2786,1393.0,1.393,421.5967355684287,40.22689228132503,146,74,2.887648873756361,0.5436066524503382
2787,1393.5,1.3935,421.6006564521618,40.25159927212928,146,74,2.8876757291243953,0.5439405307044498
2788,1394.0,1.394,421.60605885274487,40.278124587021765,146,74,2.887712731868115,0.5442989809056995
2789,1394.5,1.3945,421.61417959661753,40.305183825004384,146,74,2.8877683534014897,0.544664646283843
2790,1395.0,1.395,421.61584441241655,40.3311958126493,146,73,2.8877797562494285,0.5524821344198532
2791,1395.5,1.3955,421.6087533377699,40.351926597745326,146,74,2.8877311872449996,0.5452963053749368
2792,1396.0,1.396,421.60400205883303,40.37695268931546,146,73,2.8876986442385824,0.5531089409495269
2793,1396.5,1.3965,421.59110008892054,40.397316672323164,146,73,2.887610274581647,0.5533878996208652
2794,1397.0,1.397,421.5800788224374,40.42011589037973,146,73,2.8875347864550505,0.5537002176764347
2795,1397.5,1.3975,421.5715845122726,40.44673164701518,146,73,2.8874766062484425,0.5540648170823996
2796,1398.0,1.398,421.5656313842313,40.477352131732154,146,73,2.887435831398845,0.5544842757771526
2797,1398.5,1.3985,421.5599048030295,40.50297137058287,146,74,2.887396608239928,0.5473374509538226
2798,1399.0,1.399,421.55517927834677,40.53367707596564,146,74,2.887364241632512,0.5477523929184546
2799,1399.5,1.3995,421.5494030517852,40.56180093765569,146,74,2.8873246784368853,0.5481324451034553
2800,1400.0,1.4,421.5339949480121,40.57494463031632,146,74,2.887219143479535,0.5483100625718421
2801,1400.5,1.4005,421.52187861317014,40.59409339517468,146,74,2.887136154884727,0.5485688296645227
2802,1401.0,1.401,421.50791603396516,40.60606599528253,146,74,2.887040520780583,0.548730621557872
2803,1401.5,1.4015,421.49239640058903,40.60607302475213,146,74,2.8869342219218423,0.5487307165507045
2804,1402.0,1.402,421.4789649679067,40.60319281931345,146,74,2.88684222580758,0.5486917948555873
2805,1402.5,1.4025,421.4690906735912,40.5987748281854,146,74,2.886774593654734,0.5486320922727755
2806,1403.0,1.403,421.46211506540277,40.580716598222686,146,74,2.886726815516458,0.5483880621381445
2807,1403.5,1.4035,421.4575019102296,40.562545108047544,146,75,2.886695218563217,0.540833934773967
2808,1404.0,1.404,421.45487482243044,40.5447882015425,146,75,2.8866772248111676,0.5405971760205666
2809,1404.5,1.4045,421.4540615065263,40.52470066498685,146,75,2.8866716541542896,0.5403293421998249
2810,1405.0,1.405,421.455018022363,40.50806865597362,146,75,2.8866782056326232,0.5401075820796482
2811,1405.5,1.4055,421.45779035870225,40.4899252327714,146,75,2.8866971942376867,0.5398656697702852
2812,1406.0,1.406,421.46247838598214,40.470842582689194,146,75,2.886729304013576,0.5396112344358559
2813,1406.5,1.4065,421.4691619392337,40.451595869966745,146,75,2.886775081775573,0.5393546115995566
2814,1407.0,1.407,421.4779331180443,40.43476195070024,146,73,2.8868351583427696,0.5539008486397293
2815,1407.5,1.4075,421.4873214405838,40.41936969868663,146,73,2.8868994619218067,0.5536899958724195
2816,1408.0,1.408,421.4880467012167,40.393315495933855,146,73,2.8869044294603885,0.5533330889853952
2817,1408.5,1.4085,421.49185011673586,40.367200641901675,146,73,2.886930480251615,0.552975351258927
2818,1409.0,1.409,421.49794772486325,40.3362711981077,146,73,2.886972244690844,0.5525516602480507
2819,1409.5,1.4095,421.5020191877392,40.2998516091062,146,73,2.887000131422871,0.5520527617685781
2820,1410.0,1.41,421.5105030432039,40.26385400009306,146,73,2.8870582400219447,0.5515596438368913
2821,1410.5,1.4105,421.52374845318195,40.2313347297536,146,73,2.8871489620080957,0.5511141743801862
2822,1411.0,1.411,421.54134168376135,40.19909291133374,146,73,2.887269463587407,0.5506725056347088
2823,1411.5,1.4115,421.56248901111104,40.16631095220673,146,73,2.8874143082952815,0.5502234377014621
2824,1412.0,1.412,421.5840905457827,40.13535768556741,146,73,2.8875622640122103,0.5497994203502385
2825,1412.5,1.4125,421.6090610662173,40.10523380691918,146,73,2.8877332949740913,0.5493867644783449
2826,1413.0,1.413,421.63677955091987,40.07496682089609,146,73,2.8879231476090403,0.5489721482314532
2827,1413.5,1.4135,421.66687888521636,40.043611707470895,146,73,2.8881293074329886,0.5485426261297383
2828,1414.0,1.414,421.69912726208963,40.011368079311886,146,73,2.8883501867266412,0.5481009325933135
2829,1414.5,1.4145,421.7251456535155,39.97007153043569,146,73,2.8885283948870923,0.5475352264443245
2830,1415.0,1.415,421.7375456921715,39.916117374873174,146,72,2.888613326658709,0.5543905190954607
2831,1415.5,1.4155,421.7495584813579,39.862069280890175,146,72,2.888695606036698,0.5536398511234747
2832,1416.0,1.416,421.76405963999804,39.811566449455164,146,72,2.888794929041083,0.5529384229090996
2833,1416.5,1.4165,421.78209417612123,39.76502636825818,146,72,2.888918453261104,0.5522920328924746
2834,1417.0,1.417,421.80377129132984,39.71871326589182,146,72,2.8890669266529443,0.5516487953596086
2835,1417.5,1.4175,421.8271545991977,39.670505210576216,146,72,2.8892270862958744,0.5509792390357808
2836,1418.0,1.418,421.8524575783834,39.623832696129,146,71,2.8894003943724886,0.5580821506497042
2837,1418.5,1.4185,421.8813275825657,39.58411287038939,146,71,2.8895981341271626,0.5575227164843575
2838,1419.0,1.419,421.9129422122109,39.54596293289415,146,71,2.8898146726863763,0.5569853934210443
2839,1419.5,1.4195,421.94257978534273,39.504363725184234,146,71,2.890017669762621,0.5563994890871018
2840,1420.0,1.42,421.975603726123,39.464890054436395,146,71,2.890243861137828,0.5558435218934704
2841,1420.5,1.4205,422.0112737368255,39.43162295851424,146,71,2.8904881762796264,0.5553749712466794
2842,1421.0,1.421,422.04648108678833,39.39639284100088,146,71,2.8907293225122483,0.5548787724084631
2843,1421.5,1.4215,422.0829379309762,39.36165718696293,146,70,2.8909790269244944,0.562309388385185
2844,1422.0,1.422,422.11843690946256,39.33197789292827,146,69,2.891222170612757,0.5700286651149024
2845,1422.5,1.4225,422.15505866533033,39.305417114522214,146,69,2.891473004557057,0.5696437262974234
2846,1423.0,1.423,422.1925502009798,39.27868269575911,146,69,2.8917297958971218,0.5692562709530306
2847,1423.5,1.4235,422.22670795499624,39.26345303604712,146,70,2.891963753116413,0.5609064719435302
2848,1424.0,1.424,422.2617265085574,39.25177147076384,146,70,2.892203606222995,0.5607395924394835
2849,1424.5,1.4245,422.2989294335997,39.23854454983987,146,70,2.8924584207780804,0.5605506364262839
2850,1425.0,1.425,422.33477763357877,39.217932227618796,146,70,2.8927039563943753,0.5602561746802684
2851,1425.5,1.4255,422.36350328134074,39.187920641802314,146,70,2.8929007074064432,0.5598274377400333
2852,1426.0,1.426,422.3949055140941,39.15908777869341,146,70,2.893115791192425,0.5594155396956201
2853,1426.5,1.4265,422.4289813887835,39.13199187459967,146,70,2.8933491875944077,0.5590284553514239
2854,1427.0,1.427,422.4656298697413,39.12112229360191,146,69,2.893600204587269,0.5669727868637958
2855,1427.5,1.4275,422.496787959115,39.10613857609854,146,69,2.8938136161583223,0.5667556315376598
2856,1428.0,1.428,422.53002632520906,39.09905566056099,146,69,2.8940412762000625,0.5666529805878404
2857,1428.5,1.4285,422.56411533408,39.096170014945045,146,69,2.8942747625621914,0.5666111596368849
2858,1429.0,1.429,422.5945686848605,39.09061468008218,146,70,2.8944833471565787,0.5584373525726026
2859,1429.5,1.4295,422.6279501113892,39.085812318050216,146,70,2.8947119870643094,0.5583687474007175
2860,1430.0,1.43,422.66432774666146,39.08419732046706,146,70,2.894961148949736,0.5583456760066722
2861,1430.5,1.4305,422.70322389594816,39.08590320472392,146,70,2.8952275609311515,0.5583700457817703
2862,1431.0,1.431,422.74435901541386,39.090593672686445,146,70,2.895509308324753,0.5584370524669491
2863,1431.5,1.4315,422.7877017674056,39.097850097123334,146,70,2.89580617648908,0.5585407156731905
2864,1432.0,1.432,422.83295222690066,39.107129772636,146,70,2.8961161111431553,0.5586732824662287
2865,1432.5,1.4325,422.8801353519245,39.11797172181339,146,70,2.896439283232359,0.558828167454477
2866,1433.0,1.433,422.9292621879571,39.13053887064805,146,71,2.8967757684106648,0.5511343502908176
2867,1433.5,1.4335,422.98047239468366,39.13951032251483,146,71,2.897126523251258,0.5512607087678143
2868,1434.0,1.434,423.0335961408617,39.14508167642615,146,71,2.8974903845264497,0.5513391785412134
2869,1434.5,1.4345,423.08842115005274,39.15015364563378,146,71,2.897865898288032,0.5514106147272363
2870,1435.0,1.435,423.13212623334846,39.14270179843773,146,71,2.8981652481736195,0.5513056591329258
2871,1435.5,1.4355,423.1696325859861,39.128383991882814,146,71,2.8984221409999047,0.5511039998856735
2872,1436.0,1.436,423.20796122815153,39.11517599873402,146,71,2.8986846659462433,0.550917971813155
2873,1436.5,1.4365,423.246762007644,39.10355395285068,146,71,2.8989504247098905,0.5507542810260659
2874,1437.0,1.437,423.28578734995955,39.09197570583169,146,72,2.899217721575065,0.5429441070254403
2875,1437.5,1.4375,423.32500984606173,39.08571337776218,146,72,2.899486368808642,0.5428571302466971
2876,1438.0,1.438,423.3568862755834,39.07736998654962,146,71,2.8997047005176944,0.5503854927683044
2877,1438.5,1.4385,423.3829820299207,39.06889747660042,146,71,2.899883438561101,0.5502661616422594
2878,1439.0,1.439,423.4099337154582,39.06183031066223,146,72,2.900068039146974,0.5425254209814199
2879,1439.5,1.4395,423.43656176624347,39.06024913112945,146,72,2.900250423056462,0.5425034601545757
2880,1440.0,1.44,423.46198511104274,39.062583363636854,146,72,2.9004245555550874,0.5425358800505119
2881,1440.5,1.4405,423.488501674626,39.065766144043586,146,72,2.900606175853603,0.5425800853339386
2882,1441.0,1.441,423.5162338773128,39.07325511590576,146,71,2.900796122447348,0.5503275368437429
2883,1441.5,1.4415,423.5455488084352,39.084174847355115,146,71,2.9009969096468167,0.5504813358782412
2884,1442.0,1.442,423.5767788187725,39.0810317244859,146,71,2.9012108138272086,0.5504370665420549
2885,1442.5,1.4425,423.61022828179995,39.07932964952291,146,72,2.901439919738356,0.542768467354485
2886,1443.0,1.443,423.64596045201523,39.0785049182496,146,72,2.9016846606302416,0.5427570127534666
2887,1443.5,1.4435,423.68413304805597,39.077060925205345,146,72,2.9019461167675065,0.5427369572945187
2888,1444.0,1.444,423.72482564560556,39.07504973368953,146,72,2.902224833189079,0.5427090240790212
2889,1444.5,1.4445,423.7679586358609,39.07275968599866,146,72,2.9025202646291843,0.5426772178610926
2890,1445.0,1.445,423.81364530674676,39.07068574746172,146,72,2.9028331870325124,0.5426484131591907
2891,1445.5,1.4455,423.857502843888,39.06955322543698,146,72,2.9031335811225207,0.5426326836866247
2892,1446.0,1.446,423.90281935603724,39.07017956864711,146,72,2.9034439681920357,0.5426413828978764
2893,1446.5,1.4465,423.9501621413199,39.070038515303665,146,72,2.903768233844657,0.542639423823662
2894,1447.0,1.447,423.9980379680149,39.06317510304595,146,72,2.9040961504658553,0.542544098653416
2895,1447.5,1.4475,424.04695548994425,39.05883424149203,146,72,2.9044312019859198,0.5424838089096115
2896,1448.0,1.448,424.09427809154727,39.058455583206054,146,72,2.9047553293941593,0.5424785497667508
2897,1448.5,1.4485,424.1408142022761,39.06259713173096,146,72,2.905074069878603,0.5425360712740411
2898,1449.0,1.449,424.1870192958677,39.06241020818748,146,72,2.9053905431223814,0.5425334751137151
2899,1449.5,1.4495,424.23088342688743,39.06252305066971,146,73,2.905690982375941,0.5351030554886261
2900,1450.0,1.45,424.27424126313275,39.065675706817565,146,73,2.9059879538570734,0.5351462425591448
2901,1450.5,1.4505,424.316976164265,39.0699439965009,146,73,2.906280658659349,0.5352047122808343
2902,1451.0,1.451,424.359469189855,39.08019115553045,146,73,2.906571706779829,0.535345084322335
2903,1451.5,1.4515,424.40196139703994,39.0914615312749,146,73,2.906862749294794,0.5354994730311631
2904,1452.0,1.452,424.44242100725165,39.101680802174094,146,73,2.9071398699126823,0.5356394630434806
2905,1452.5,1.4525,424.48306252721994,39.1133220985579,146,74,2.9074182364878083,0.5285584067372691
2906,1453.0,1.453,424.5249940206689,39.12683714055883,146,74,2.9077054384977323,0.5287410424399841
2907,1453.5,1.4535,424.56513930115244,39.135166235620964,146,74,2.9079804061722774,0.5288535977786618
2908,1454.0,1.454,424.5974792108564,39.136519658250755,146,74,2.908201912403126,0.5288718872736589
2909,1454.5,1.4545,424.629337963745,39.13810624123792,146,74,2.9084201230393494,0.5288933275842963
2910,1455.0,1.455,424.6635652791185,39.144519664966765,146,74,2.9086545567062907,0.528979995472524
2911,1455.5,1.4555,424.6995909278874,39.15391657429203,146,74,2.908901307725256,0.5291069807336761
2912,1456.0,1.456,424.7287947716368,39.16919872414311,146,74,2.9091013340523064,0.5293134962722041
2913,1456.5,1.4565,424.7567662873624,39.183355084399196,146,74,2.909292919776455,0.529504798437827
2914,1457.0,1.457,424.7810570016743,39.185899159376504,146,74,2.9094592945320157,0.5295391778294122
2915,1457.5,1.4575,424.8070922075584,39.187150215223426,146,74,2.909637617859989,0.5295560839895057
2916,1458.0,1.458,424.83318669707063,39.18354588683611,146,74,2.9098163472402097,0.5295073768491366
2917,1458.5,1.4585,424.8596923079161,39.179960666316845,146,75,2.9099978925199737,0.5223994755508912
2918,1459.0,1.459,424.88306539865823,39.17559888135627,146,75,2.910157982182591,0.5223413184180837
2919,1459.5,1.4595,424.9044971155588,39.169762081928916,146,75,2.9103047747641013,0.5222634944257187
2920,1460.0,1.46,424.9275100965501,39.16568267540901,146,75,2.910462397921576,0.5222091023387869
2921,1460.5,1.4605,424.95261568458113,39.16540482671788,146,73,2.9106343540039803,0.5365123948865463
2922,1461.0,1.461,424.98003629679226,39.18098969451544,146,73,2.9108221664163856,0.5367258862262388
2923,1461.5,1.4615,425.0034337463585,39.196053532275144,146,73,2.910982422920264,0.5369322401681528
2924,1462.0,1.462,425.0292153824636,39.212724931650406,146,73,2.911159009468929,0.5371606155020605
2925,1462.5,1.4625,425.05794346369566,39.229373368075045,146,73,2.911355777148601,0.5373886762750006
2926,1463.0,1.463,425.09057999236126,39.246802964724985,146,73,2.9115793150161724,0.537627437872945
2927,1463.5,1.4635,425.1237860625518,39.26169750849417,146,73,2.9118067538530945,0.5378314727190983
2928,1464.0,1.464,425.1563286732589,39.27295717265317,146,73,2.9120296484469788,0.537985714693879
2929,1464.5,1.4645,425.1852017378786,39.27785719410427,146,73,2.912227409163552,0.538052838275401
2930,1465.0,1.465,425.21804559432354,39.284481412289445,146,73,2.9124523670844074,0.5381435809902663
2931,1465.5,1.4655,425.2552618101469,39.29616023302768,146,73,2.912707272672239,0.5383035648359957
2932,1466.0,1.466,425.2939473217637,39.308744282585835,146,73,2.9129722419298885,0.5384759490765183
2933,1466.5,1.4665,425.33326724985363,39.322141897088095,146,74,2.913241556505847,0.5313802959065959
2934,1467.0,1.467,425.3701114362967,39.32886090569251,146,74,2.913493913947238,0.5314710933201691
2935,1467.5,1.4675,425.4087192480264,39.335555251773286,146,74,2.9137583510138794,0.5315615574563958
2936,1468.0,1.468,425.44825897818134,39.343100654670835,146,74,2.914029171083434,0.5316635223604167
2937,1468.5,1.4685,425.48790763025465,39.350932271602154,146,74,2.9143007371935252,0.5317693550216507
2938,1469.0,1.469,425.52695428866076,39.358563557605834,146,74,2.914568180059321,0.5318724805081869
2939,1469.5,1.4695,425.5652899480719,39.370810961604136,146,73,2.9148307530689856,0.5393261775562209
2940,1470.0,1.47,425.60281879619043,39.374546097681765,146,73,2.915087799973907,0.5393773438038598
2941,1470.5,1.4705,425.63431048339055,39.36785118852691,146,73,2.915303496461579,0.5392856327195469
2942,1471.0,1.471,425.66696273618555,39.36144141376889,146,73,2.915527142028668,0.5391978275858752
2943,1471.5,1.4715,425.7028349263379,39.356605708049436,146,73,2.9157728419612186,0.539131585041773
2944,1472.0,1.472,425.7409761765867,39.349389255234605,146,73,2.9160340834012786,0.5390327295237618
2945,1472.5,1.4725,425.7837468834268,39.336901073151466,146,73,2.9163270334481286,0.5388616585363215
2946,1473.0,1.473,425.8222002628923,39.33413214165033,146,73,2.916590412759536,0.5388237279678127
2947,1473.5,1.4735,425.8621786663428,39.3389215998992,146,73,2.9168642374407043,0.5388893369849205
2948,1474.0,1.474,425.907685201065,39.34819326159294,146,73,2.9171759260346923,0.5390163460492183
2949,1474.5,1.4745,425.9552166151785,39.363956391943425,146,73,2.9175014836656064,0.5392322793416907
2950,1475.0,1.475,426.0047837728548,39.38715649474292,146,73,2.917840984745581,0.5395500889690811
2951,1475.5,1.4755,426.0407712752368,39.3979350000057,146,73,2.918087474487924,0.5396977397261055
2952,1476.0,1.476,426.0730669435547,39.40346174456489,146,73,2.9183086776955807,0.5397734485556834
2953,1476.5,1.4765,426.107431616904,39.40951437238242,146,73,2.9185440521705757,0.5398563612655126
2954,1477.0,1.477,426.1425926190714,39.41422075833604,146,73,2.918784880952544,0.5399208323059733
2955,1477.5,1.4775,426.1685215397933,39.41026768905112,146,74,2.918962476299954,0.5325711849871771
2956,1478.0,1.478,426.1918010118094,39.409734485149926,146,74,2.9191219247384206,0.5325639795290531
2957,1478.5,1.4785,426.21262147137145,39.40686647616159,146,74,2.919264530625832,0.5325252226508324
2958,1479.0,1.479,426.2156183145353,39.386303363868706,146,74,2.9192850569488717,0.5322473427549825
2959,1479.5,1.4795,426.21423889546656,39.361240861045026,146,74,2.9192756088730585,0.5319086602843922
2960,1480.0,1.48,426.2113251827757,39.334580637483555,146,74,2.91925565193682,0.5315483869930209
2961,1480.5,1.4805,426.201635454347,39.300975202082974,146,74,2.9191892839338833,0.5310942594876078
2962,1481.0,1.481,426.19067919102304,39.265880135947775,146,74,2.9191142410344044,0.5306200018371321
2963,1481.5,1.4815,426.18034841787664,39.23129021749034,146,74,2.9190434823142235,0.5301525705066262
2964,1482.0,1.482,426.171157820901,39.19698650919236,146,74,2.91898053301987,0.5296890068809776
2965,1482.5,1.4825,426.1582352709255,39.16694446041201,146,74,2.9188920224035995,0.529283033248811
2966,1483.0,1.483,426.1465832939147,39.13995416344635,146,75,2.918812214341881,0.5218660555126181
2967,1483.5,1.4835,426.12935342495126,39.11098360820459,146,75,2.918694201540762,0.521479781442728
2968,1484.0,1.484,426.10381837098237,39.076913581532985,146,75,2.918519303910838,0.5210255144204398
2969,1484.5,1.4845,426.0761586244474,39.041148478617146,146,75,2.918329853592106,0.5205486463815621
2970,1485.0,1.485,426.05061317467556,39.00792921445668,146,75,2.918154884758051,0.5201057228594225
2971,1485.5,1.4855,426.0260999681173,38.97614831566082,146,75,2.917986986082995,0.5196819775421443
2972,1486.0,1.486,425.9981725040711,38.94138357699472,146,75,2.917795702082678,0.5192184476932629
2973,1486.5,1.4865,425.970504829537,38.909706633616835,146,74,2.917606197462582,0.5258068464002275
2974,1487.0,1.487,425.9418233995795,38.87993285630211,146,73,2.917409749312188,0.5326018199493441
2975,1487.5,1.4875,425.91153638641447,38.85043122922906,146,73,2.917202304016538,0.5321976880716309
2976,1488.0,1.488,425.87996838510884,38.818839270563856,146,73,2.916986084829513,0.5317649215145733
2977,1488.5,1.4885,425.84696772185185,38.786516184389114,146,73,2.916760052889396,0.5313221395121798
2978,1489.0,1.489,425.8125875393276,38.75972646251708,146,72,2.9165245721871753,0.5383295342016261
2979,1489.5,1.4895,425.7749068744037,38.7358018139186,146,72,2.9162664854411213,0.5379972474155361
2980,1490.0,1.49,425.73697395451074,38.712354434479366,146,72,2.9160066709213064,0.5376715893677689
2981,1490.5,1.4905,425.69943587534027,38.69007481475009,146,72,2.915749560790002,0.5373621502048622
2982,1491.0,1.491,425.66281697267857,38.66979315335574,146,72,2.9154987463882094,0.5370804604632742
2983,1491.5,1.4915,425.6248411744991,38.64953975940864,146,72,2.915238638181501,0.53679916332512
2984,1492.0,1.492,425.5851522982977,38.628993426913254,146,72,2.914966796563683,0.5365137975960175
2985,1492.5,1.4925,425.5402494619019,38.60481134617331,146,72,2.9146592428897393,0.5361779353635181
2986,1493.0,1.493,425.49749481182744,38.58413337602782,146,72,2.9143664028207357,0.5358907413337197
2987,1493.5,1.4935,425.45854829434415,38.56988914172287,146,72,2.9140996458516724,0.535692904746151
2988,1494.0,1.494,425.4201589387563,38.56021950542375,146,72,2.913836705059975,0.5355586042419966
2989,1494.5,1.4945,425.38342075454165,38.551708647798115,146,72,2.9135850736612445,0.5354403978860849
2990,1495.0,1.495,425.3513787070145,38.54798965534097,146,72,2.913365607582291,0.535388745213069
2991,1495.5,1.4955,425.3187649485824,38.547388550863865,146,73,2.9131422256752217,0.5280464185049846
2992,1496.0,1.496,425.28813942170376,38.55215545582103,146,73,2.9129324617924914,0.5281117185728909
2993,1496.5,1.4965,425.2595676957738,38.556030739281965,146,73,2.912736765039546,0.5281648046476982
2994,1497.0,1.497,425.23435737690306,38.56003582099001,146,73,2.912564091622624,0.5282196687806852
2995,1497.5,1.4975,425.21190473525803,38.56354655647297,146,73,2.912410306405877,0.5282677610475749
2996,1498.0,1.498,425.18869133028835,38.565619608237704,146,72,2.9122513104814267,0.5356336056699682
2997,1498.5,1.4985,425.1653124918217,38.56855043893347,146,72,2.9120911814508332,0.5356743116518538
2998,1499.0,1.499,425.1322647572822,38.562997242729864,146,71,2.9118648271046728,0.543140806235632
2999,1499.5,1.4995,425.0972155935556,38.55390157090202,146,71,2.9116247643394217,0.5430126981817186
3000,1500.0,1.5,425.0641947486206,38.54525865110158,146,71,2.911398594168634,0.5428909669169235
3001,1500.5,1.5005,425.03313490520253,38.54041837135004,146,72,2.9111858555150856,0.5352835884909728
3002,1501.0,1.501,425.0041907187807,38.53771676146344,146,72,2.9109876076628813,0.5352460661314367
3003,1501.5,1.5015,424.97759373145084,38.53700930876285,146,72,2.9108054365167866,0.5352362403994841
3004,1502.0,1.502,424.9467423555288,38.5348238029078,146,72,2.9105941257228003,0.5352058861514972
3005,1502.5,1.5025,424.91755840217394,38.53456990461939,146,72,2.910394235631329,0.5352023597863804
3006,1503.0,1.503,424.89139558439155,38.536529253811366,146,72,2.9102150382492575,0.5352295729696024
3007,1503.5,1.5035,424.8689144594424,38.54101094951711,146,72,2.910061057941386,0.5352918187432932
3008,1504.0,1.504,424.8450046766298,38.559364622949666,146,72,2.9098972923056836,0.5355467308743009
3009,1504.5,1.5045,424.8245543942831,38.584535661232636,146,72,2.9097572218786514,0.535896328628231
3010,1505.0,1.505,424.80302291971304,38.611719112003165,146,70,2.9096097460254318,0.5515959873143309
3011,1505.5,1.5055,424.7777377398619,38.63930725492064,146,69,2.9094365598620673,0.5599899602162411
3012,1506.0,1.506,424.7545948507036,38.66748342740052,146,69,2.909278046922627,0.5603983105420365
3013,1506.5,1.5065,424.7326313491546,38.69433269863765,146,69,2.9091276119805105,0.5607874304150384
3014,1507.0,1.507,424.7123214487882,38.720342039503564,146,69,2.908988503073892,0.5611643773841096
3015,1507.5,1.5075,424.69072579799507,38.74323196893408,146,69,2.9088405876575,0.5614961154917983
3016,1508.0,1.508,424.6613346425679,38.75766184346723,146,70,2.9086392783737534,0.5536808834781034
3017,1508.5,1.5085,424.6316146055869,38.774122936591326,146,69,2.9084357164766224,0.5619438106752367
3018,1509.0,1.509,424.60008437743727,38.79506829056032,146,70,2.9082197560098444,0.5542152612937189
3019,1509.5,1.5095,424.5688920727633,38.81643699937233,146,70,2.90800611008742,0.5545205285624619
3020,1510.0,1.51,424.53818851097844,38.83850046578181,146,70,2.9077958117190303,0.5548357209397401
3021,1510.5,1.5105,424.50633531178556,38.86053491916205,146,70,2.9075776391218184,0.5551504988451721
3022,1511.0,1.511,424.4692893426097,38.87841472150728,146,70,2.907323899606916,0.5554059245929612
3023,1511.5,1.5115,424.4335640777664,38.899730014036166,146,69,2.9070792060120985,0.5637642031019734
3024,1512.0,1.512,424.3948949384022,38.928248778138105,146,68,2.9068143488931657,0.572474246737325
3025,1512.5,1.5125,424.3549948840573,38.95728671431637,146,68,2.9065410608497078,0.5729012752105348
3026,1513.0,1.513,424.30287988913005,38.971684368291236,146,68,2.906184108829658,0.5731130054160478
3027,1513.5,1.5135,424.2521794668715,38.98329519853133,146,68,2.9058368456635035,0.5732837529195782
3028,1514.0,1.514,424.2035302913648,38.99678337896218,146,68,2.9055036321326355,0.5734821085141498
3029,1514.5,1.5145,424.1559596332516,39.015106861072596,146,67,2.9051778057072033,0.5823150277772029
3030,1515.0,1.515,424.10924030326447,39.0318860278065,146,67,2.904857810296332,0.5825654631015896
3031,1515.5,1.5155,424.06278518396994,39.04824097584505,146,67,2.9045396245477395,0.5828095668036575
3032,1516.0,1.516,424.0164302117094,39.065975748723254,146,67,2.904222124737736,0.5830742649063172
3033,1516.5,1.5165,423.96884796586494,39.07900673109017,146,67,2.9038962189442805,0.5832687571804501
3034,1517.0,1.517,423.91982672950405,39.0869819919645,146,68,2.9035604570513973,0.5748085587053604
3035,1517.5,1.5175,423.8679953562812,39.095573459135046,146,68,2.903205447645762,0.5749349038108094
3036,1518.0,1.518,423.8171670466551,39.10531003125791,146,68,2.9028573085387332,0.5750780886949692
3037,1518.5,1.5185,423.7655361839845,39.11195898212781,146,68,2.9025036724930446,0.5751758673842327
3038,1519.0,1.519,423.7119505580526,39.110553741826834,146,70,2.9021366476578945,0.558722196311812
3039,1519.5,1.5195,423.6589103196899,39.11472534440871,146,69,2.90177335835404,0.5668800774551987
3040,1520.0,1.52,423.6067702360353,39.12189173650165,146,69,2.9014162344933925,0.5669839382101688
3041,1520.5,1.5205,423.55089723969814,39.12536472647419,146,69,2.901033542737659,0.5670342713981764
3042,1521.0,1.521,423.49261804090213,39.12622374837305,146,69,2.900634370143165,0.5670467209909138
3043,1521.5,1.5215,423.435563707957,39.130448121302116,146,70,2.900243587040801,0.5590064017328875
3044,1522.0,1.522,423.38105249381647,39.140661625692864,146,70,2.899870222560387,0.5591523089384695
3045,1522.5,1.5225,423.32980775723695,39.14860960841716,146,70,2.8995192312139513,0.5592658515488167
3046,1523.0,1.523,423.2818891774238,39.15739377293231,146,70,2.8991910217631767,0.5593913396133187
3047,1523.5,1.5235,423.23703546603565,39.16607931522996,146,70,2.898883804561888,0.5595154187889992
3048,1524.0,1.524,423.1949506572189,39.17567592356971,146,70,2.8985955524467046,0.5596525131938531
3049,1524.5,1.5245,423.155121117158,39.18409890875508,146,70,2.8983227473777946,0.5597728415536439
3050,1525.0,1.525,423.1155050963841,39.19309341650204,146,71,2.8980514047697543,0.552015400232423
3051,1525.5,1.5255,423.0712772479813,39.1995282884636,146,70,2.897748474301242,0.5599932612637657
3052,1526.0,1.526,423.0245133686264,39.20313472139288,146,70,2.8974281737577146,0.5600447817341839
3053,1526.5,1.5265,422.9756637881366,39.201663117001694,146,70,2.8970935875899766,0.5600237588143099
3054,1527.0,1.527,422.9189646783245,39.19017343664519,146,70,2.896705237522771,0.5598596205235027
3055,1527.5,1.5275,422.8631170867248,39.17822248428813,146,70,2.8963227197720873,0.5596888926326875
3056,1528.0,1.528,422.80829011481876,39.16705482628257,146,70,2.895947192567252,0.5595293546611795
3057,1528.5,1.5285,422.7549101405464,39.164238799069565,146,70,2.895581576305112,0.5594891257009937
3058,1529.0,1.529,422.7032781785918,39.16624824718955,146,70,2.895227932730081,0.5595178321027078
3059,1529.5,1.5295,422.65410668001454,39.18001205247505,146,69,2.8948911416439356,0.5678262616300732
3060,1530.0,1.53,422.60137530661245,39.19613162091351,146,69,2.89452996785351,0.5680598785639639
3061,1530.5,1.5305,422.5498420770839,39.21552514290838,146,69,2.894177000527972,0.5683409441001215
3062,1531.0,1.531,422.5004743758156,39.247693068562995,146,68,2.8938388655877785,0.5771719568906323
3063,1531.5,1.5315,422.45074023333046,39.27923861570742,146,68,2.8934982207762356,0.5776358619956975
3064,1532.0,1.532,422.4034250332159,39.31328451788344,146,68,2.8931741440631225,0.5781365370276976
3065,1532.5,1.5325,422.35382444054585,39.34132207235085,146,68,2.8928344139763413,0.5785488540051595
3066,1533.0,1.533,422.3020362929232,39.361406150782656,146,68,2.8924797006364606,0.5788442080997449
3067,1533.5,1.5335,422.25100595924744,39.37654826454618,146,68,2.8921301778030646,0.579066886243326
3068,1534.0,1.534,422.18637949701025,39.37240747550457,146,68,2.89168753080144,0.5790059922868319
3069,1534.5,1.5345,422.11064415917144,39.35539964664657,146,68,2.8911687956107635,0.5787558771565671
3070,1535.0,1.535,422.0360389598843,39.3356673870697,146,68,2.890657801095098,0.5784656968686719
3071,1535.5,1.5355,421.9587874216184,39.30814656267426,146,68,2.8901286809699887,0.5780609788628568
3072,1536.0,1.536,421.8789621500632,39.28067745905052,146,68,2.8895819325346794,0.5776570214566256
3073,1536.5,1.5365,421.79907474921913,39.254588883246136,146,67,2.8890347585562957,0.5858893863171066
3074,1537.0,1.537,421.71954649137723,39.23615215953689,146,67,2.8884900444614883,0.5856142113363715
3075,1537.5,1.5375,421.6402969401208,39.209367204633246,146,67,2.8879472393158956,0.5852144358900484
3076,1538.0,1.538,421.56162673773713,39.184861430979,146,67,2.887408402313268,0.5848486780743133
3077,1538.5,1.5385,421.4839199400373,39.1609990339399,146,67,2.886876163972858,0.5844925228946254
3078,1539.0,1.539,421.4079165838578,39.13820463011437,146,67,2.886355593040122,0.5841523079121548
3079,1539.5,1.5395,421.3341654591014,39.117533782713984,146,67,2.8858504483500096,0.5838437878017011
3080,1540.0,1.54,421.2635641945835,39.10283441256179,146,68,2.8853668780450925,0.5750416825376734
3081,1540.5,1.5405,421.1966582528981,39.09335304817819,146,68,2.8849086181705346,0.5749022507085026
3082,1541.0,1.541,421.12563645210224,39.076131416976594,146,68,2.8844221674801522,0.5746489914261265
3083,1541.5,1.5415,421.0540678313648,39.05694310325309,146,68,2.883931971447704,0.5743668103419575
3084,1542.0,1.542,420.9855484295803,39.039557057860165,146,68,2.8834626604765776,0.574111133203826
3085,1542.5,1.5425,420.9151088085458,39.02338195087208,146,68,2.882980197318807,0.5738732639834128
3086,1543.0,1.543,420.8450797764267,39.00528863195796,146,68,2.8825005464138815,0.5736071857640875
3087,1543.5,1.5435,420.77199055844767,38.980212079483984,146,68,2.8819999353318333,0.5732384129335879
3088,1544.0,1.544,420.70092653273366,38.946865689099944,146,68,2.881513195429683,0.5727480248397052
3089,1544.5,1.5445,420.6313839568754,38.91481133925133,146,68,2.881036876416955,0.5722766373419312
3090,1545.0,1.545,420.5639705904537,38.88573856224622,146,68,2.880575141030505,0.5718490965036208
3091,1545.5,1.5455,420.49816550494353,38.860581946535326,146,68,2.8801244212667365,0.5714791462725783
3092,1546.0,1.546,420.43412621483554,38.83966697356936,146,68,2.8796857959920237,0.5711715731407259
3093,1546.5,1.5465,420.3689729490665,38.818604406990815,146,68,2.8792395407470304,0.5708618295145708
3094,1547.0,1.547,420.29643002499745,38.791874748056976,146,68,2.8787426714040922,0.5704687462949555
3095,1547.5,1.5475,420.22426031641646,38.76985248309727,146,67,2.8782483583316196,0.5786545146730935
3096,1548.0,1.548,420.14888550308865,38.74785068025772,146,67,2.8777320924869088,0.5783261295560853
3097,1548.5,1.5485,420.07328500032963,38.724282307204284,146,67,2.877214280824175,0.5779743627940939
3098,1549.0,1.549,419.9987878544345,38.70330010060185,146,67,2.8767040264002364,0.5776611955313709
3099,1549.5,1.5495,419.9254934556754,38.686862053483814,146,67,2.87620200997038,0.5774158515445347
3100,1550.0,1.55,419.85196289462755,38.6729801698169,146,67,2.8756983759905994,0.5772086592509984
3101,1550.5,1.5505,419.77987250523506,38.6625535875949,146,67,2.8752046062002403,0.5770530386208194
3102,1551.0,1.551,419.71126690263185,38.651859172667855,146,67,2.8747347048125467,0.5768934204875799
3103,1551.5,1.5515,419.64612110590986,38.65278692292083,146,68,2.87428850072541,0.568423337101777
3104,1552.0,1.552,419.57461958515665,38.658301604278414,146,66,2.8737987642818945,0.5857318424890668
3105,1552.5,1.5525,419.504331218828,38.66862901892689,146,66,2.8733173371152603,0.5858883184685892
3106,1553.0,1.553,419.4370870481328,38.68987913348884,146,67,2.8728567606036495,0.5774608825893857
3107,1553.5,1.5535,419.37128340424465,38.71568381339526,146,67,2.8724060507140043,0.5778460270656008
3108,1554.0,1.554,419.304315725649,38.73393394107528,146,67,2.8719473679838976,0.5781184170309743
3109,1554.5,1.5545,419.2381496803021,38.75522851003522,146,67,2.8714941758924803,0.5784362464184362
3110,1555.0,1.555,419.1739469492402,38.77621644435288,146,67,2.871054431159179,0.578749499169446
3111,1555.5,1.5555,419.1115408337178,38.79183113248292,146,67,2.8706269920117653,0.5789825542161628
3112,1556.0,1.556,419.0509211297273,38.814080657943734,146,67,2.8702117885597764,0.5793146366857274
3113,1556.5,1.5565,418.9921351189241,38.84011711109502,146,67,2.8698091446501652,0.5797032404641048
3114,1557.0,1.557,418.93400111762134,38.86651871922424,146,67,2.8694109665590504,0.5800972943167797
3115,1557.5,1.5575,418.87581494420164,38.89203242508987,146,67,2.8690124311246685,0.5804780958968637
3116,1558.0,1.558,418.8162890653101,38.927642448942656,146,67,2.8686047196254116,0.5810095887901889
3117,1558.5,1.5585,418.7517424485177,38.959293678339634,146,66,2.8681626195103953,0.5902923284596915
3118,1559.0,1.559,418.68980419785936,38.993208008575024,146,66,2.8677383849168447,0.5908061819481064
3119,1559.5,1.5595,418.629954123269,39.02332533156628,146,66,2.867328452899103,0.5912625050237315
3120,1560.0,1.56,418.57131088860007,39.04975769099392,146,66,2.8669267869082193,0.5916629953180897
3121,1560.5,1.5605,418.51165720390276,39.07877743582157,146,66,2.8665182000267313,0.592102688421539
3122,1561.0,1.561,418.4566848335299,39.11013237045781,146,66,2.866141676941986,0.5925777631887548
3123,1561.5,1.5615,418.40517044552524,39.143381877904886,146,66,2.8657888386679815,0.5930815436046195
3124,1562.0,1.562,418.3567534360721,39.17988204957791,146,66,2.865457215315563,0.5936345765087563
3125,1562.5,1.5625,418.30844218528205,39.21316762252333,146,66,2.865126316337548,0.5941389033715657
3126,1563.0,1.563,418.2602321070346,39.24466761266351,146,66,2.864796110322155,0.5946161759494472
3127,1563.5,1.5635,418.21253408767035,39.269045451919624,146,66,2.8644694115593854,0.5949855371502974
3128,1564.0,1.564,418.1665572030535,39.28572370263932,146,66,2.8641545013907774,0.5952382379187775
3129,1564.5,1.5645,418.1265656730262,39.304216719013326,146,66,2.8638805868015496,0.5955184351365654
3130,1565.0,1.565,418.0876785890829,39.321006631763765,146,66,2.8636142369115265,0.5957728277539963
3131,1565.5,1.5655,418.0496165286223,39.34345553790546,146,66,2.863353537867276,0.5961129626955373
3132,1566.0,1.566,418.0172952375967,39.371605855956055,146,66,2.8631321591616214,0.5965394826660008
3133,1566.5,1.5665,417.9880385382267,39.40220509870664,146,67,2.862931770809772,0.588092613413532
3134,1567.0,1.567,417.9538414469051,39.42529156150792,146,67,2.8626975441568843,0.5884371874851929
3135,1567.5,1.5675,417.92461313221844,39.45290319141558,146,66,2.8624973502206745,0.5977712604759936
3136,1568.0,1.568,417.89977783452935,39.4882018705964,146,66,2.8623272454419815,0.5983060889484303
3137,1568.5,1.5685,417.8723595693008,39.51929100059731,146,66,2.8621394491048,0.5987771363726867
3138,1569.0,1.569,417.8467930976232,39.55191821709838,146,66,2.86196433628509,0.5992714881378542
3139,1569.5,1.5695,417.8163963067586,39.57992631390244,146,66,2.8617561390873876,0.5996958532409461
3140,1570.0,1.57,417.786789363462,39.609019857723,146,66,2.861553351804534,0.6001366645109546
3141,1570.5,1.5705,417.75085778230056,39.63160392859396,146,66,2.8613072450842503,0.6004788474029387
3142,1571.0,1.571,417.71595483456343,39.65461317776009,146,66,2.86106818379838,0.6008274723903044
3143,1571.5,1.5715,417.68235831568313,39.67812324078736,146,66,2.860838070655364,0.6011836854664752
3144,1572.0,1.572,417.65324793998377,39.69645115734321,146,66,2.8606386845204366,0.6014613811718668
3145,1572.5,1.5725,417.62887851941815,39.71532459764042,146,66,2.8604717706809466,0.6017473423884913
3146,1573.0,1.573,417.60472313568874,39.73259215221871,146,66,2.860306322847183,0.6020089720033138
3147,1573.5,1.5735,417.58377809149266,39.74707931972736,146,65,2.860162863640361,0.6114935279958055
3148,1574.0,1.574,417.56742442630247,39.756594932583404,146,65,2.8600508522349486,0.6116399220397446
3149,1574.5,1.5745,417.5556062908846,39.7718293026225,146,65,2.8599699061019495,0.6118742969634231
3150,1575.0,1.575,417.54840961716957,39.78916388224616,146,65,2.85992061381623,0.612140982803787
3151,1575.5,1.5755,417.54071527496967,39.79899742407851,146,65,2.859867912842258,0.6122922680627463
3152,1576.0,1.576,417.5307536897288,39.804260243309926,146,65,2.859799682806362,0.6123732345124604
3153,1576.5,1.5765,417.525466373306,39.81118999786231,146,65,2.859763468310315,0.6124798461209586
3154,1577.0,1.577,417.52493750817166,39.81984316168595,146,65,2.8597598459463813,0.6126129717182454
3155,1577.5,1.5775,417.5292027844773,39.83013234168865,146,65,2.8597890601676528,0.6127712667952101
3156,1578.0,1.578,417.5382165981895,39.840639911458226,146,65,2.859850798617736,0.6129329217147419
3157,1578.5,1.5785,417.5518849362136,39.845480063742016,146,65,2.859944417371326,0.613007385596031
3158,1579.0,1.579,417.5660861008619,39.85142207242596,146,65,2.8600416856223414,0.6130988011142455
3159,1579.5,1.5795,417.5742982619029,39.85371243612238,146,65,2.8600979333007044,0.6131340374788058
3160,1580.0,1.58,417.5860036502152,39.856300182850234,146,65,2.8601781071932555,0.6131738489669267
3161,1580.5,1.5805,417.5988581495274,39.85829818499823,146,66,2.8602661517090917,0.6039136088636096
3162,1581.0,1.581,417.60602821417825,39.85862945549621,146,67,2.860315261740947,0.5949049172462121
3163,1581.5,1.5815,417.6127496073438,39.86048210311054,146,67,2.860361298680437,0.5949325687031424
3164,1582.0,1.582,417.613027625299,39.85379105733678,146,67,2.8603632029130073,0.5948327023483101
3165,1582.5,1.5825,417.61193923415624,39.84657735238011,146,68,2.860355748179152,0.585979078711472
3166,1583.0,1.583,417.60717415424216,39.837412923556755,146,69,2.8603231106454947,0.5773538104863297
3167,1583.5,1.5835,417.6048396566613,39.84066849880823,146,69,2.860307120936036,0.5774009927363511
3168,1584.0,1.584,417.6005954931187,39.842878011736005,146,69,2.860278051322731,0.5774330146628407
3169,1584.5,1.5845,417.5960174195819,39.84546679807613,146,69,2.8602466946546707,0.5774705333054513
3170,1585.0,1.585,417.59392307292774,39.8567592687104,146,70,2.8602323498145736,0.5693822752672913
3171,1585.5,1.5855,417.5944033260009,39.873542253240885,146,70,2.8602356392191837,0.5696220321891554
3172,1586.0,1.586,417.59297147842994,39.889031262444455,146,70,2.8602258320440406,0.5698433037492064
3173,1586.5,1.5865,417.579857789956,39.89238163650883,146,70,2.8601360122599724,0.5698911662358405
3174,1587.0,1.587,417.5680760324907,39.90010063191101,146,70,2.860055315291032,0.5700014375987287
3175,1587.5,1.5875,417.55775936804065,39.91056978419935,146,70,2.8599846532057573,0.5701509969171337
3176,1588.0,1.588,417.54494307975403,39.915804696884415,146,70,2.8598968704092744,0.5702257813840632
3177,1588.5,1.5885,417.5256369228053,39.91625188341732,146,70,2.859764636457571,0.5702321697631044
3178,1589.0,1.589,417.5071958304375,39.92005097969425,146,69,2.8596383276057367,0.5785514634738298
3179,1589.5,1.5895,417.49136863049733,39.94034412595811,146,68,2.859529922126694,0.5873580018523252
3180,1590.0,1.59,417.47370431211095,39.96106599398725,146,68,2.8594089336445956,0.5876627352056947
3181,1590.5,1.5905,417.4582978412603,39.9896649095267,146,68,2.859303409871645,0.5880833074930396
3182,1591.0,1.591,417.44623038923345,40.01971755113159,146,68,2.85922075609064,0.5885252581048764
3183,1591.5,1.5915,417.43769894657504,40.048236517949604,146,68,2.859162321551884,0.5889446546757294
3184,1592.0,1.592,417.4293003918173,40.07489235915101,146,68,2.859104797204228,0.5893366523404557
3185,1592.5,1.5925,417.4234720507529,40.09668579876495,146,68,2.8590648770599514,0.5896571440994844
3186,1593.0,1.593,417.42197438486176,40.116637673352855,146,68,2.8590546190743957,0.589950554019895
3187,1593.5,1.5935,417.4246654102488,40.138215304929815,146,68,2.8590730507551285,0.5902678721313208
3188,1594.0,1.594,417.4311172863447,40.16573066786698,146,67,2.8591172416872928,0.5994885174308505
3189,1594.5,1.5945,417.4407566927439,40.20043709497409,146,67,2.859183265018794,0.6000065238055835
3190,1595.0,1.595,417.4533073827626,40.23705975990846,146,67,2.8592692286490595,0.6005531307449025
3191,1595.5,1.5955,417.4635252012541,40.271129779599455,146,67,2.85933921370722,0.6010616385014845
3192,1596.0,1.596,417.4743192853893,40.307747827384745,146,67,2.859413145790338,0.6016081765281304
3193,1596.5,1.5965,417.48093566183474,40.33779613998438,146,67,2.8594584634372238,0.602056658805737
3194,1597.0,1.597,417.4841438791406,40.366816196537975,146,67,2.8594804375283607,0.6024897939781786
3195,1597.5,1.5975,417.488703997583,40.39750633051646,146,67,2.859511671216322,0.6029478556793502
3196,1598.0,1.598,417.49192672831464,40.42680219064378,146,67,2.8595337447144837,0.6033851073230416
3197,1598.5,1.5985,417.4952232913112,40.45091190449404,146,66,2.8595563239130906,0.6128926046135461
3198,1599.0,1.599,417.5006352921893,40.48249981200665,146,66,2.859593392412256,0.613371209272828
3199,1599.5,1.5995,417.50369991176325,40.51513338551025,146,66,2.8596143829572824,0.613865657356216
3200,1600.0,1.6,417.50662568778023,40.54576391495084,146,66,2.859634422519042,0.6143297562871339
3201,1600.5,1.6005,417.5019026787486,40.5662911008888,146,66,2.8596020731421135,0.6146407742558908
3202,1601.0,1.601,417.4986879542977,40.5863194656008,146,67,2.8595800544814916,0.6057659621731463
3203,1601.5,1.6015,417.50080464117013,40.61043441726314,146,67,2.8595945523367816,0.6061258868248229
3204,1602.0,1.602,417.50854764498064,40.63729917935233,146,67,2.859647586609456,0.6065268534231691
3205,1602.5,1.6025,417.5211698900356,40.66636525749871,146,67,2.8597340403427096,0.6069606754850554
3206,1603.0,1.603,417.5382302030446,40.69935517089465,146,66,2.8598508918016754,0.6166568965287067
3207,1603.5,1.6035,417.55800232844604,40.731391495337455,146,66,2.8599863173181235,0.6171422953839008
3208,1604.0,1.604,417.5815645454636,40.76589591529235,146,66,2.860147702366189,0.6176650896256415
3209,1604.5,1.6045,417.594563557028,40.79416657077573,146,66,2.8602367366919723,0.6180934328905413
3210,1605.0,1.605,417.6055654851402,40.824602074051676,146,66,2.8603120923639738,0.6185545768795707
3211,1605.5,1.6055,417.6169703559497,40.86044770611089,146,67,2.8603902079174643,0.6098574284494164
3212,1606.0,1.606,417.62887248114794,40.89980024844503,146,67,2.860471729322931,0.6104447798275378
3213,1606.5,1.6065,417.64157961351054,40.944462889196664,146,67,2.8605587644760995,0.6111113864059203
3214,1607.0,1.607,417.65210766986604,40.98608285066313,146,67,2.8606308744511373,0.6117325798606438
3215,1607.5,1.6075,417.6641160342486,41.031778232789705,146,67,2.8607131235222503,0.6124146004893987
3216,1608.0,1.608,417.67625477214665,41.083636570326625,146,67,2.8607962655626484,0.6131886055272631
3217,1608.5,1.6085,417.6843398311419,41.13318497896384,146,67,2.860851642679054,0.6139281340143855
3218,1609.0,1.609,417.69483895074507,41.18577481807477,146,67,2.860923554457158,0.6147130569861906
3219,1609.5,1.6095,417.70797148328563,41.24054146998927,146,67,2.861013503310175,0.6155304697013323
3220,1610.0,1.61,417.71542366274883,41.28800967430379,146,67,2.8610645456352657,0.616238950362743
3221,1610.5,1.6105,417.71795528075415,41.327751182740045,146,67,2.8610818854846176,0.6168321072050751
3222,1611.0,1.611,417.72280324674824,41.37180983586468,146,67,2.8611150907311527,0.6174896990427564
3223,1611.5,1.6115,417.7218377344668,41.41046935767267,146,66,2.8611084776333344,0.6274313539041312
3224,1612.0,1.612,417.72341308342993,41.447089079459204,146,66,2.8611192676947255,0.6279861981736243
3225,1612.5,1.6125,417.718317568097,41.471134825205155,146,66,2.8610843669047736,0.6283505276546234
3226,1613.0,1.613,417.7134929176464,41.48981559735159,146,66,2.8610513213537425,0.6286335696568421
3227,1613.5,1.6135,417.7089606173222,41.50391700267134,146,66,2.8610202782008365,0.6288472273132022
3228,1614.0,1.614,417.70550562102824,41.51540636583276,146,66,2.860996613842659,0.6290213085732237
3229,1614.5,1.6145,417.70340717626163,41.524406198277816,146,66,2.860982240933299,0.629157669670876
3230,1615.0,1.615,417.70286614003464,41.53347482759063,146,66,2.8609785352057164,0.6292950731453127
3231,1615.5,1.6155,417.70478596792293,41.548017049749966,146,66,2.8609916847118004,0.6295154098446963
3232,1616.0,1.616,417.70858415498094,41.56390735639614,146,66,2.8610176996916503,0.6297561720666083
3233,1616.5,1.6165,417.7136269826281,41.583719002518684,146,66,2.8610522396070417,0.6300563485230105
3234,1617.0,1.617,417.71898845889797,41.604490627489376,146,66,2.8610889620472464,0.6303710701134754
3235,1617.5,1.6175,417.7204500757985,41.619239209840494,146,66,2.8610989731219076,0.6305945334824318
3236,1618.0,1.618,417.72181352684237,41.639086773093254,146,66,2.861108311827688,0.6308952541377765
3237,1618.5,1.6185,417.7193863442893,41.6585398284758,146,65,2.861091687289653,0.6409006127457816
3238,1619.0,1.619,417.70011872007456,41.66174048773169,146,65,2.860959717260785,0.6409498536574106
3239,1619.5,1.6195,417.67551417686326,41.66149111903499,146,65,2.8607911929922136,0.6409460172159228
3240,1620.0,1.62,417.6495054188789,41.66056160660224,146,64,2.860613050814239,0.65094627510316
3241,1620.5,1.6205,417.6188026524132,41.659449175373645,146,65,2.8604027578932407,0.640914602698056
3242,1621.0,1.621,417.5882367456622,41.66105344908113,146,65,2.860193402367549,0.6409392838320175
3243,1621.5,1.6215,417.5584075031269,41.66011380490734,146,65,2.8599890924871705,0.6409248277678052
3244,1622.0,1.622,417.5298944838843,41.657339842558024,146,65,2.859793797834824,0.6408821514239696
3245,1622.5,1.6225,417.4989841703629,41.64941520395195,146,65,2.85958208335865,0.6407602339069531
3246,1623.0,1.623,417.46875598229053,41.64030971636815,146,65,2.8593750409745926,0.6406201494825869
3247,1623.5,1.6235,417.4418822851256,41.633847501767406,146,65,2.8591909745556543,0.6405207307964215
3248,1624.0,1.624,417.41843917370153,41.63140847354065,146,65,2.859030405299325,0.6404832072852408
3249,1624.5,1.6245,417.39310003679753,41.62765057845108,146,65,2.8588568495671063,0.640425393514632
3250,1625.0,1.625,417.3707279890295,41.6237760384448,146,65,2.858703616363216,0.6403657852068431
3251,1625.5,1.6255,417.3511769848341,41.62278217013396,146,65,2.858569705375576,0.6403504949251378
3252,1626.0,1.626,417.3321218226314,41.62621797080256,146,65,2.8584391905659685,0.6404033533969624
3253,1626.5,1.6265,417.3099629328594,41.6328864763265,146,64,2.858287417348352,0.6505138511926015
3254,1627.0,1.627,417.2893574825103,41.647943331228525,146,64,2.858146284126783,0.6507491145504458
3255,1627.5,1.6275,417.270140453314,41.66754274928802,146,64,2.8580146606391366,0.6510553554576253
3256,1628.0,1.628,417.2522460397197,41.686305833040024,146,64,2.857892096162464,0.6513485286412504
3257,1628.5,1.6285,417.22997186137695,41.69129974383029,146,64,2.857739533297103,0.6514265584973482
3258,1629.0,1.629,417.2081740199129,41.68745751052283,146,65,2.857590233013102,0.6413455001618897
3259,1629.5,1.6295,417.1890608059253,41.68551494649893,146,64,2.857459320588529,0.6513361710390457
3260,1630.0,1.63,417.17327029594577,41.687590147447075,146,63,2.8573511664105875,0.6617077801182075
3261,1630.5,1.6305,417.1613054067713,41.694004783371895,146,63,2.8572692151148718,0.6618095997360617
3262,1631.0,1.631,417.1536842109403,41.69927112254935,146,63,2.857217015143427,0.6618931924214182
3263,1631.5,1.6315,417.1483628220135,41.70189898280225,146,64,2.8571805672740656,0.6515921716062851
3264,1632.0,1.632,417.1449946164738,41.71667381979845,146,64,2.8571574973731084,0.6518230284343509
3265,1632.5,1.6325,417.1469325234369,41.73371497307565,146,64,2.857170770708472,0.6520892964543069
3266,1633.0,1.633,417.1531168415048,41.75193860470952,146,64,2.8572131290514027,0.6523740406985863
3267,1633.5,1.6335,417.1618606191453,41.770672586804416,146,65,2.857273017939351,0.6426257321046833
3268,1634.0,1.634,417.17476793155896,41.7991444954309,146,65,2.85736142418876,0.6430637614681678
3269,1634.5,1.6345,417.19145331589215,41.831031079692515,146,65,2.857475707643097,0.6435543243029617
3270,1635.0,1.635,417.20810687573316,41.86915383906131,146,65,2.85758977312146,0.6441408282932509
3271,1635.5,1.6355,417.225576780066,41.91180537342768,146,65,2.8577094300004515,0.6447970057450414
3272,1636.0,1.636,417.2451974266401,41.956505804420026,146,65,2.8578438179906853,0.645484704683385
3273,1636.5,1.6365,417.26669866550105,42.00233778415802,146,65,2.8579910867500073,0.6461898120639695
3274,1637.0,1.637,417.29006049986896,42.047029083543684,146,65,2.858151099314171,0.6468773705160566
3275,1637.5,1.6375,417.31531287865437,42.08191568079139,146,65,2.858324060812701,0.6474140873967907
3276,1638.0,1.638,417.33979829907815,42.121205964876715,146,65,2.858491769171768,0.6480185533057957
3277,1638.5,1.6385,417.36081462404434,42.15175784953733,146,65,2.8586357166030436,0.6484885823005745
3278,1639.0,1.639,417.384346703976,42.18110265709049,146,65,2.858796895232712,0.6489400408783154
3279,1639.5,1.6395,417.407273828518,42.20615521210769,146,65,2.858953930332315,0.6493254648016566
3280,1640.0,1.64,417.42029283998505,42.21786442813712,146,65,2.8590431016437328,0.6495056065867248
3281,1640.5,1.6405,417.4329227976799,42.227754101921896,146,64,2.859129608203287,0.6598086578425296
3282,1641.0,1.641,417.4418979977539,42.232216882131844,146,64,2.859191082176397,0.65987838878331
3283,1641.5,1.6415,417.4555107346048,42.23973278124985,146,64,2.859284320100033,0.6599958247070288
3284,1642.0,1.642,417.47405995227444,42.25547091498214,146,64,2.8594113695361263,0.6602417330465958
3285,1642.5,1.6425,417.4976026760984,42.282831948196204,146,63,2.859572621069167,0.6711560626697812
3286,1643.0,1.643,417.52600327122985,42.321376918181315,146,63,2.8597671456933558,0.6717678875901796
3287,1643.5,1.6435,417.5581943744182,42.367057388144495,146,63,2.8599876327014946,0.6724929744149921
3288,1644.0,1.644,417.58919122606756,42.41437352326613,146,63,2.860199939904572,0.6732440241788276
3289,1644.5,1.6445,417.6163679763987,42.460167518369865,146,63,2.860386082030128,0.673970912989998
3290,1645.0,1.645,417.6447071050398,42.50922343607659,146,63,2.8605801856509574,0.674749578350422
3291,1645.5,1.6455,417.6750287026585,42.56075200238476,146,62,2.860787867826428,0.6864637419739478
3292,1646.0,1.646,417.707134489866,42.60933841099163,146,62,2.861007770478534,0.6872473937256713
3293,1646.5,1.6465,417.73707206006185,42.65567737974109,146,62,2.8612128223291906,0.6879947964474372
3294,1647.0,1.647,417.76897263200374,42.703604383974394,146,62,2.861431319397286,0.6887678126447481
3295,1647.5,1.6475,417.7971815054217,42.751538729185356,146,61,2.8616245308590527,0.7008448971997598
3296,1648.0,1.648,417.82646318206406,42.80836994778119,146,61,2.8618250902881104,0.701776556521003
3297,1648.5,1.6485,417.85777857111304,42.86665630405202,146,61,2.862039579254199,0.7027320705582297
3298,1649.0,1.649,417.88831878206406,42.920953261994065,146,62,2.8622487587812606,0.6922734397095817
3299,1649.5,1.6495,417.91971259149665,42.96801284350236,146,62,2.8624637848732646,0.69303246521778
3300,1650.0,1.65,417.95408949759724,43.012715586614824,146,62,2.8626992431342275,0.6937534772034649
3301,1650.5,1.6505,417.9912087217728,43.05841972440788,146,62,2.862953484395704,0.6944906407162562
3302,1651.0,1.651,418.0327639274954,43.10631072777818,146,62,2.8632381090924337,0.6952630762544868
3303,1651.5,1.6515,418.0786162015574,43.15659957877392,146,63,2.863552165764091,0.6850253901392687
3304,1652.0,1.652,418.12828235600267,43.213742867888534,146,63,2.863892344904128,0.6859324264744212
3305,1652.5,1.6525,418.1810510253415,43.27305778518042,146,63,2.864253774146175,0.6868739330981019
3306,1653.0,1.653,418.2361743134666,43.33437155384986,146,63,2.864631330914155,0.6878471675214264
3307,1653.5,1.6535,418.2928221016012,43.3972711067275,146,63,2.865019329463022,0.6888455731226587
3308,1654.0,1.654,418.35040748437495,43.46262903671662,146,63,2.865413749892979,0.6898830005828033
3309,1654.5,1.6545,418.4086027823714,43.52284016174573,146,63,2.8658123478244617,0.6908387327261226
3310,1655.0,1.655,418.46721315722954,43.583412175418054,146,63,2.866213788748148,0.691800193260604
3311,1655.5,1.6555,418.52132340559467,43.6454839744769,146,63,2.8665844068876347,0.6927854599123319
3312,1656.0,1.656,418.57278927267373,43.70836673128258,146,63,2.866936912826532,0.6937835989092471
3313,1656.5,1.6565,418.62254593987785,43.758565013912154,146,63,2.8672777119169712,0.6945803970462247
3314,1657.0,1.657,418.6626313748529,43.79445886881099,146,63,2.8675522696907727,0.6951501407747777
3315,1657.5,1.6575,418.7028013875175,43.83302263508418,146,63,2.8678274067638188,0.6957622640489552
3316,1658.0,1.658,418.74454916847213,43.87985625896332,146,63,2.8681133504689877,0.6965056549041798
3317,1658.5,1.6585,418.7867646749937,43.92221104976709,146,63,2.8684024977739297,0.6971779531709061
3318,1659.0,1.659,418.8240668463161,43.953483487226464,146,63,2.8686579920980555,0.6976743410670868
3319,1659.5,1.6595,418.86457932257224,43.98565792378391,146,64,2.8689354748121385,0.6872759050591235
3320,1660.0,1.66,418.9062256816206,44.01866874602811,146,64,2.869220723846716,0.6877916991566893
3321,1660.5,1.6605,418.9488553428896,44.05140695491806,146,64,2.869512707828011,0.6883032336705948
3322,1661.0,1.661,418.9905249169811,44.08235461701917,146,64,2.8697981158697337,0.6887867908909245
3323,1661.5,1.6615,419.0264457552821,44.10718309209422,146,64,2.8700441490087814,0.689174735813972
3324,1662.0,1.662,419.0629583513354,44.13271007665806,146,64,2.870294235283119,0.6895735949477821
3325,1662.5,1.6625,419.0967375176845,44.15600636799641,146,65,2.870525599436195,0.6793231748922525
3326,1663.0,1.663,419.1234276588725,44.17717900837008,146,65,2.8707084086224146,0.6796489078210782
3327,1663.5,1.6635,419.14758985099223,44.195944720848765,146,65,2.8708739030889876,0.679937611089981
3328,1664.0,1.664,419.1671136435851,44.20967125605045,146,65,2.8710076276957883,0.6801487885546221
3329,1664.5,1.6645,419.1897672259663,44.223604491497994,146,65,2.8711627892189475,0.680363146023046
3330,1665.0,1.665,419.2158627594356,44.242169987895466,146,66,2.8713415257495587,0.670335908907507
3331,1665.5,1.6655,419.24574493715596,44.26309774740128,146,66,2.871546198199698,0.6706529961727468
3332,1666.0,1.666,419.279722357179,44.28183554047824,146,66,2.8717789202546506,0.6709369021284582
3333,1666.5,1.6665,419.313633285749,44.29375473092742,146,66,2.8720111868886917,0.6711174959231427
3334,1667.0,1.667,419.3504368763087,44.29752314329043,146,66,2.872263266276087,0.671174593080158
3335,1667.5,1.6675,419.39189346860155,44.302029840837825,146,66,2.8725472155383667,0.6712428763763306
3336,1668.0,1.668,419.4379868095777,44.30739009538763,146,66,2.872862923353272,0.671324092354358
3337,1668.5,1.6685,419.4884445426965,44.31388433585306,146,66,2.8732085242650443,0.6714224899371676
3338,1669.0,1.669,419.5406051958882,44.32443979175468,146,66,2.8735657890129325,0.6715824210871922
3339,1669.5,1.6695,419.59345385580247,44.337974932578675,146,66,2.873927766135633,0.6717874989784648
3340,1670.0,1.67,419.64928373359703,44.35242782811475,146,66,2.8743101625588836,0.6720064822441627
3341,1670.5,1.6705,419.70790489903015,44.369887383056195,146,66,2.874711677390618,0.6722710209553968
3342,1671.0,1.671,419.7690501578681,44.3911542331978,146,66,2.8751304805333433,0.6725932459575423
3343,1671.5,1.6715,419.81940161492633,44.4074560616494,146,66,2.875475353526893,0.6728402433583242
3344,1672.0,1.672,419.8658369830732,44.427647117200166,146,66,2.875793403993652,0.6731461684424268
3345,1672.5,1.6725,419.9019048510563,44.45325985833312,146,66,2.876040444185317,0.6735342402777746
3346,1673.0,1.673,419.9307168730198,44.47277891695378,146,66,2.8762377868015054,0.6738299835902086
3347,1673.5,1.6735,419.9588210819869,44.49182962104022,146,66,2.8764302813834726,0.6741186306218214
3348,1674.0,1.674,419.9774882299684,44.501465474792695,146,65,2.876558138561428,0.6846379303814261
3349,1674.5,1.6745,420.0004310653186,44.5115291821177,146,65,2.8767152812693055,0.6847927566479646
3350,1675.0,1.675,420.02611505588766,44.520641445520624,146,65,2.876891199012929,0.6849329453157019
3351,1675.5,1.6755,420.05193873734305,44.526043408776154,146,65,2.877068073543446,0.68501605244271
3352,1676.0,1.676,420.0787697947723,44.52776853684408,146,65,2.8772518479093994,0.6850425928745243
3353,1676.5,1.6765,420.102930104713,44.511054091070626,146,65,2.8774173294843357,0.6847854475549328
3354,1677.0,1.677,420.1297462652414,44.48099912222699,146,65,2.8776010018167217,0.6843230634188767
3355,1677.5,1.6775,420.1603462940997,44.44928474157492,146,65,2.8778105910554777,0.6838351498703834
3356,1678.0,1.678,420.19411455288105,44.4230867943958,146,65,2.878041880499185,0.6834321045291661
3357,1678.5,1.6785,420.22455585278254,44.38843243427109,146,65,2.878250382553305,0.6828989605272475
3358,1679.0,1.679,420.2462287452207,44.34410325527384,146,65,2.8783988270220595,0.6822169731580592
3359,1679.5,1.6795,420.26771300198914,44.30319026683435,146,65,2.878545979465679,0.6815875425666823
3360,1680.0,1.68,420.283737541928,44.25626182568392,146,65,2.878655736588548,0.6808655665489836
3361,1680.5,1.6805,420.2963519669946,44.206174358355575,146,65,2.8787421367602373,0.6800949901285473
3362,1681.0,1.681,420.3036597872076,44.151641980382074,146,65,2.87879219032334,0.6792560304674167
3363,1681.5,1.6815,420.3113026805,44.103555077661696,146,66,2.8788445389075337,0.6682356829948741
3364,1682.0,1.682,420.31946593889376,44.057983625906964,146,66,2.8789004516362584,0.6675452064531359
3365,1682.5,1.6825,420.3240559515232,44.009834174373914,146,66,2.878931890078926,0.6668156693086956
3366,1683.0,1.683,420.32916694379674,43.95920245030544,146,66,2.87896689687532,0.6660485219743248
3367,1683.5,1.6835,420.33373019353115,43.913269317354725,146,67,2.878998152010487,0.6554219301097719
3368,1684.0,1.684,420.3412922719915,43.87474530468156,146,67,2.879049947068435,0.6548469448459935
3369,1684.5,1.6845,420.347004940127,43.83221125740512,146,67,2.8790890749323768,0.6542121083194794
3370,1685.0,1.685,420.3516707175503,43.78572581046912,146,67,2.8791210323119882,0.6535182956786436
3371,1685.5,1.6855,420.359326751901,43.7388448134612,146,67,2.8791734709034316,0.6528185793053911
3372,1686.0,1.686,420.36918822321445,43.69018386582001,146,67,2.8792410152274965,0.6520922965047764
3373,1686.5,1.6865,420.3813853339022,43.63952053218333,146,67,2.879324557081522,0.65133612734602
3374,1687.0,1.687,420.39687175420806,43.58944361107344,146,66,2.87943062845348,0.6604461153192944
3375,1687.5,1.6875,420.4154560418073,43.542695437290476,146,66,2.879557918094571,0.6597378096559163
3376,1688.0,1.688,420.4369981590738,43.49566852810721,146,66,2.8797054668429714,0.6590252807288971
3377,1688.5,1.6885,420.4612709575269,43.45128778140606,146,66,2.8798717188871703,0.6583528451728192
3378,1689.0,1.689,420.4877943188904,43.41202989793778,146,66,2.880053385745825,0.657758028756633
3379,1689.5,1.6895,420.5151348768406,43.373451575447554,146,66,2.880240649841374,0.6571735087189023
3380,1690.0,1.69,420.54134393417803,43.33326513913487,146,66,2.880420163932726,0.6565646233202252
3381,1690.5,1.6905,420.56987938383327,43.293980551564566,146,66,2.880615612218036,0.6559694022964329
3382,1691.0,1.691,420.60114701660956,43.26108182678734,146,67,2.880829774086367,0.6456877884595126
3383,1691.5,1.6915,420.6338256171053,43.2338763689719,146,67,2.8810536001171596,0.645281736850327
3384,1692.0,1.692,420.6552512977824,43.20000520394401,146,68,2.8812003513546736,0.6352941941756471
3385,1692.5,1.6925,420.6788507498828,43.17350144026091,146,68,2.8813619914375534,0.6349044329450134
3386,1693.0,1.693,420.7040123740914,43.15668447907055,146,68,2.881534331329393,0.6346571246922139
3387,1693.5,1.6935,420.73229725870897,43.1473466713283,146,68,2.8817280634158147,0.6345198039901221
3388,1694.0,1.694,420.76539865887753,43.14432900356742,146,68,2.8819547853347776,0.6344754265230504
3389,1694.5,1.6945,420.8034467651611,43.14389983095212,146,68,2.8822153888024733,0.6344691151610606
3390,1695.0,1.695,420.84597711461123,43.14513990894238,146,68,2.8825066925658303,0.634487351602094
3391,1695.5,1.6955,420.88869922897305,43.13974976188927,146,68,2.882799309787486,0.6344080847336657
3392,1696.0,1.696,420.925182189677,43.12478475366089,146,68,2.8830491930799793,0.6341880110832483
3393,1696.5,1.6965,420.9645162223489,43.113720820878946,146,69,2.883318604262663,0.6248365336359267
3394,1697.0,1.697,421.00584981549224,43.097692226643964,146,69,2.883601711065015,0.624604235168753
3395,1697.5,1.6975,421.0481440766631,43.07678060424011,146,70,2.883891397785364,0.615382580060573
3396,1698.0,1.698,421.09108535283553,43.05576550947301,146,70,2.884185516115312,0.615082364421043
3397,1698.5,1.6985,421.12899190266603,43.02847055112907,146,70,2.8844451500182604,0.6146924364447011
3398,1699.0,1.699,421.15805024698636,42.99401069331943,146,70,2.884644179773879,0.6142001527617061
3399,1699.5,1.6995,421.17223295068925,42.946887843481996,146,70,2.8847413215800635,0.6135269691926001
3400,1700.0,1.7,421.1865091803875,42.91187671141385,146,70,2.8848391039752563,0.613026810163055
3401,1700.5,1.7005,421.20125847794304,42.87890860518563,146,70,2.8849401265612538,0.6125558372169374
3402,1701.0,1.701,421.21686830288695,42.84836622048005,146,70,2.8850470431704585,0.6121195174354294
3403,1701.5,1.7015,421.23331643494214,42.81507611964801,146,70,2.8851597016091928,0.6116439445664003
3404,1702.0,1.702,421.25098793082196,42.7845107819326,146,70,2.8852807392522046,0.6112072968847514
3405,1702.5,1.7025,421.26985313576114,42.76605606204275,146,71,2.8854099529846655,0.60233881777525
3406,1703.0,1.703,421.29084134730084,42.75061856920398,146,72,2.8855537078582247,0.5937585912389441
3407,1703.5,1.7035,421.3143623910541,42.740110751537365,146,72,2.885714810897631,0.5936126493269079
3408,1704.0,1.704,421.34073847714643,42.73126418664297,146,72,2.8858954690215506,0.5934897803700413
3409,1704.5,1.7045,421.3699425058639,42.72382044084317,146,73,2.886095496615506,0.5852578142581256
3410,1705.0,1.705,421.4019360523334,42.71939672769265,146,73,2.886314630495434,0.5851972154478444
3411,1705.5,1.7055,421.4348158119917,42.713926011062625,146,73,2.8865398343287105,0.5851222741241455
3412,1706.0,1.706,421.46919403948687,42.709021961531796,146,73,2.886775301640321,0.5850550953634494
3413,1706.5,1.7065,421.5056491465675,42.70267441068935,146,73,2.8870249941545723,0.5849681426121829
3414,1707.0,1.707,421.54378961982167,42.69443985891997,146,73,2.8872862302727516,0.5848553405331501
3415,1707.5,1.7075,421.5798114885311,42.67835503354482,146,73,2.8875329554008977,0.5846350004595181
3416,1708.0,1.708,421.6106463084668,42.64875249118894,146,73,2.8877441527977177,0.5842294861806704
3417,1708.5,1.7085,421.6363546495557,42.613980205317105,146,72,2.887920237325724,0.5918608361849598
3418,1709.0,1.709,421.6621453751262,42.581481502647414,146,72,2.888096886131001,0.5914094653145473
3419,1709.5,1.7095,421.6909308049145,42.54827905023997,146,71,2.8882940466090035,0.5992715359188728
3420,1710.0,1.71,421.72292273922847,42.519681832487265,146,71,2.8885131694467705,0.5988687582040458
3421,1710.5,1.7105,421.75618580123967,42.492522027140055,146,72,2.8887409986386277,0.5901739170436119
3422,1711.0,1.711,421.78318824817666,42.45913136538632,146,72,2.8889259469053195,0.5897101578525877
3423,1711.5,1.7115,421.8083587537014,42.42359827799626,146,72,2.8890983476280914,0.5892166427499481
3424,1712.0,1.712,421.8345002534545,42.38562863435968,146,72,2.889277398996264,0.5886892865883291
3425,1712.5,1.7125,421.86100243957304,42.34879911722664,146,72,2.889458920818994,0.5881777655170366
3426,1713.0,1.713,421.88601074871576,42.3183791408876,146,71,2.8896302106076424,0.5960335090265859
3427,1713.5,1.7135,421.9097340459611,42.29591618272422,146,71,2.889792698944939,0.5957171293341439
3428,1714.0,1.714,421.9322783092082,42.27330254967226,146,71,2.8899471117069053,0.5953986274601727
3429,1714.5,1.7145,421.9545612479074,42.25135416906912,146,71,2.890099734574708,0.5950894953390018
3430,1715.0,1.715,421.97916429322936,42.235490992896196,146,70,2.8902682485837627,0.6033641570413744
3431,1715.5,1.7155,422.0060421982666,42.22077000984605,146,70,2.8904523438237435,0.6031538572835149
3432,1716.0,1.716,422.0348860293225,42.205947426019705,146,69,2.890649904310428,0.6116803974785465
3433,1716.5,1.7165,422.05698806722745,42.184752630158904,146,69,2.8908012881316947,0.6113732265240422
3434,1717.0,1.717,422.07406750498484,42.16078174548662,146,69,2.8909182705820875,0.6110258223983569
3435,1717.5,1.7175,422.09352428699555,42.13745754642535,146,69,2.8910515362122986,0.6106877905279037
3436,1718.0,1.718,422.11085270775806,42.114808209640564,146,69,2.89117022402574,0.610359539270153
3437,1718.5,1.7185,422.12588596472165,42.09077091576606,146,69,2.89127319153919,0.6100111726922619
3438,1719.0,1.719,422.14279708059985,42.06975076420069,146,69,2.891389021099999,0.6097065328145027
3439,1719.5,1.7195,422.1602154973512,42.051034608630374,146,69,2.891508325324324,0.6094352841830489
3440,1720.0,1.72,422.1725766402532,42.03982107762273,146,69,2.8915929906866658,0.6092727692409092
3441,1720.5,1.7205,422.1853930450837,42.03121348377811,146,71,2.8916807742813946,0.591988922306734
3442,1721.0,1.721,422.1983473239174,42.03301705244133,146,71,2.891769502218612,0.5920143246822723
3443,1721.5,1.7215,422.21002526768495,42.03779235550034,146,71,2.8918494881348287,0.5920815824718358
3444,1722.0,1.722,422.2145396002073,42.039829982263186,146,71,2.8918804082205973,0.5921102814403265
3445,1722.5,1.7225,422.2088041785543,42.045021907374384,146,71,2.891841124510646,0.5921834071461181
3446,1723.0,1.723,422.19650026618837,42.04747522892519,146,71,2.8917568511382767,0.5922179609707773
3447,1723.5,1.7235,422.17938144276656,42.047508809233555,146,71,2.8916395989230588,0.592218433932867
3448,1724.0,1.724,422.163433325699,42.05012827115691,146,71,2.8915303652445137,0.5922553277627733
3449,1724.5,1.7245,422.14587277865365,42.05157490358516,146,71,2.8914100875250255,0.5922757028673966
3450,1725.0,1.725,422.12428611361184,42.04838913509634,146,71,2.891262233654876,0.5922308328886807
3451,1725.5,1.7255,422.1029267029584,42.043288048384504,146,71,2.8911159363216328,0.5921589865969649
3452,1726.0,1.726,422.0810954579711,42.034640813249254,146,71,2.890966407246377,0.5920371945528063
3453,1726.5,1.7265,422.0606224857816,42.025725201963894,146,71,2.8908261814094627,0.5919116225628718
3454,1727.0,1.727,422.0412584018914,42.0164348024261,146,71,2.8906935506978866,0.5917807718651562
3455,1727.5,1.7275,422.0204691774727,42.00726937699649,146,71,2.890551158749813,0.5916516813661478
3456,1728.0,1.728,421.9971563453931,42.00658649607351,146,71,2.890391481817761,0.591642063324979
3457,1728.5,1.7285,421.96626810464517,42.00276534953547,146,71,2.8901799185249666,0.5915882443596545
3458,1729.0,1.729,421.93000444407363,41.99304161093631,146,72,2.889931537288175,0.5832366890407821
3459,1729.5,1.7295,421.8904341533848,41.98786082863227,146,72,2.889660507899895,0.5831647337310039
3460,1730.0,1.73,421.8521627154743,41.98704240587128,146,71,2.889398374763523,0.5913667944488915
3461,1730.5,1.7305,421.81345862062875,41.993485055646325,146,70,2.8891332782234844,0.5999069293663762
3462,1731.0,1.731,421.77278747705054,42.00431242902425,146,70,2.8888547087469214,0.600061606128918
3463,1731.5,1.7315,421.73473466998274,42.01960194689388,146,70,2.888594073082074,0.6002800278127697
3464,1732.0,1.732,421.699648159857,42.033720875233165,146,70,2.8883537545195686,0.6004817267890451
3465,1732.5,1.7325,421.6635796137872,42.04686855220958,146,70,2.8881067096834743,0.6006695507458512
3466,1733.0,1.733,421.6296841690667,42.063499936813436,146,70,2.8878745491031963,0.6009071419544777
3467,1733.5,1.7335,421.5992076133279,42.08327654532655,146,70,2.887665805570739,0.6011896649332364
3468,1734.0,1.734,421.57254755736454,42.11110068462177,146,70,2.887483202447702,0.6015871526374539
3469,1734.5,1.7345,421.5474366654986,42.13536158341438,146,70,2.8873112100376614,0.6019337369059198
3470,1735.0,1.735,421.5229665204047,42.158708111991665,146,70,2.8871436063041416,0.6022672587427381
3471,1735.5,1.7355,421.5007560323128,42.184239401980875,146,70,2.8869914796733753,0.6026319914568696
3472,1736.0,1.736,421.4823878772284,42.21092606521066,146,70,2.886865670391976,0.6030132295030094
3473,1736.5,1.7365,421.466802824087,42.239437202924904,146,70,2.8867589234526503,0.6034205314703557
3474,1737.0,1.737,421.44510776416894,42.2633394137644,146,70,2.886610327151842,0.6037619916252056
3475,1737.5,1.7375,421.41781730265353,42.27708514842534,146,70,2.886423406182558,0.6039583592632191
3476,1738.0,1.738,421.386278940725,42.285625738395545,146,70,2.886207390004966,0.604080367691365
3477,1738.5,1.7385,421.3484880385988,42.28657789519178,146,70,2.885948548209581,0.6040939699313113
3478,1739.0,1.739,421.3003715195562,42.272910240206244,146,70,2.8856189830106587,0.603898717717232
3479,1739.5,1.7395,421.25118080608564,42.25797485331084,146,70,2.8852820603156553,0.6036853550472978
3480,1740.0,1.74,421.19923110081174,42.24085223286058,146,70,2.884926240416519,0.6034407461837225
3481,1740.5,1.7405,421.14757036170835,42.22504456477039,146,70,2.8845723997377286,0.6032149223538628
3482,1741.0,1.741,421.0974933826211,42.211861778051095,146,70,2.8842294067302814,0.6030265968293014
3483,1741.5,1.7415,421.04552615795575,42.19832370534971,146,70,2.8838734668353134,0.6028331957907099
3484,1742.0,1.742,420.9954216679941,42.18798790860819,146,70,2.88353028539722,0.6026855415515456
3485,1742.5,1.7425,420.9468175957874,42.180113657561094,146,70,2.883197380793064,0.6025730522508728
3486,1743.0,1.743,420.89940251187346,42.175643273704566,146,70,2.882872619944339,0.602509189624351
3487,1743.5,1.7435,420.84566096764667,42.16598300233647,146,70,2.8825045271756617,0.6023711857476639
3488,1744.0,1.744,420.7895950628087,42.1531709173258,146,70,2.8821205141288266,0.6021881559617972
3489,1744.5,1.7445,420.7324214216483,42.13771853012838,146,70,2.881728913846907,0.6019674075732626
3490,1745.0,1.745,420.67298227561605,42.12080331429873,146,70,2.8813217964083293,0.6017257616328392
3491,1745.5,1.7455,420.5998752631108,42.0907013769739,146,70,2.8808210634459646,0.6012957339567698
3492,1746.0,1.746,420.52743331516365,42.058833292737724,146,70,2.8803248857202988,0.6008404756105389
3493,1746.5,1.7465,420.45613718374227,42.024549090011014,146,70,2.879836556053029,0.6003507012858716
3494,1747.0,1.747,420.38597555696134,41.99197934579542,146,70,2.8793559969654887,0.5998854192256488
3495,1747.5,1.7475,420.31717966095556,41.96249785725849,146,70,2.8788847921983254,0.5994642551036928
3496,1748.0,1.748,420.2502098502377,41.93285146608459,146,70,2.878426094864642,0.5990407352297799
3497,1748.5,1.7485,420.18378894551864,41.90220958669764,146,69,2.877971157161087,0.6072783998072121
3498,1749.0,1.749,420.1106777210486,41.86925696036672,146,70,2.8774703953496474,0.598132242290953
3499,1749.5,1.7495,420.03940966337416,41.83416313682306,146,70,2.876982257968316,0.5976309019546151
3500,1750.0,1.75,419.9724898679752,41.799661934891525,146,70,2.8765239032053094,0.5971380276413075
3501,1750.5,1.7505,419.91075226865485,41.7652541863465,146,70,2.8761010429359923,0.5966464883763787
3502,1751.0,1.751,419.84649423842103,41.726722454410464,146,70,2.8756609194412404,0.5960960350630066
3503,1751.5,1.7515,419.78374583185393,41.688297441812914,146,70,2.875231135834616,0.595547106311613
3504,1752.0,1.752,419.72706522220466,41.653764256403726,146,70,2.8748429124808537,0.5950537750914817
3505,1752.5,1.7525,419.6762418224901,41.62295813696738,146,70,2.8744948070033565,0.5946136876709627
3506,1753.0,1.753,419.63073665572983,41.595614709992354,146,70,2.874183127778972,0.5942230672856049
3507,1753.5,1.7535,419.5828890305747,41.564080165089045,146,70,2.8738554043190048,0.5937725737869862
3508,1754.0,1.754,419.5399816503117,41.53311623566489,146,71,2.87356151815282,0.5849734681079563
3509,1754.5,1.7545,419.5018720987373,41.5112625643546,146,71,2.8733004938269677,0.5846656699204874
3510,1755.0,1.755,419.4682159867464,41.493769907887724,146,71,2.8730699725119613,0.5844192944772919
3511,1755.5,1.7555,419.4389349937292,41.47900403790497,146,71,2.8728694177652687,0.5842113244775349
3512,1756.0,1.756,419.4137301000884,41.47062375639817,146,72,2.872696781507455,0.5759808855055302
3513,1756.5,1.7565,419.3927334241913,41.466641166147504,146,72,2.8725529686588445,0.5759255717520486
3514,1757.0,1.757,419.37590735482127,41.47029953334655,146,71,2.8724377216083647,0.5840887258217823
3515,1757.5,1.7575,419.3632162399349,41.47922256615156,146,71,2.872350796163938,0.5842144023401629
3516,1758.0,1.758,419.3545861289789,41.49103491133093,146,71,2.872291685814924,0.584380773399027
3517,1758.5,1.7585,419.3450567737123,41.49996338497361,146,71,2.8722264162583033,0.5845065265489242
3518,1759.0,1.759,419.33484814365846,41.50515074282909,146,71,2.8721564941346465,0.5845795879271702
3519,1759.5,1.7595,419.32633074936865,41.512367278629576,146,71,2.8720981558175933,0.584681229276473
3520,1760.0,1.76,419.300380217256,41.508535112903914,146,71,2.8719204124469586,0.5846272551113227
3521,1760.5,1.7605,419.2728033824245,41.505879667409765,146,71,2.871731530016606,0.5845898544705602
3522,1761.0,1.761,419.24590621343,41.50864555084807,146,72,2.8715473028317122,0.576508965984001
3523,1761.5,1.7615,419.22020862026,41.512468411688616,146,72,2.871371291919589,0.576562061273453
3524,1762.0,1.762,419.1901489978061,41.50364846808021,146,72,2.8711654040945622,0.5764395620566695
3525,1762.5,1.7625,419.1634550987155,41.49775943811886,146,72,2.8709825691692843,0.5763577699738731
3526,1763.0,1.763,419.1401480994222,41.492279120895674,146,72,2.870822932187823,0.5762816544568844
3527,1763.5,1.7635,419.1199805892417,41.48919829974208,146,72,2.8706847985564505,0.5762388652741955
3528,1764.0,1.764,419.09977118126966,41.48522308516218,146,72,2.870546377953902,0.576183653960586
3529,1764.5,1.7645,419.08006957422333,41.48082800302918,146,72,2.8704114354398858,0.5761226111531831
3530,1765.0,1.765,419.0635034841718,41.48340969646311,146,71,2.87029796906967,0.5842733760065228
3531,1765.5,1.7655,419.050151823265,41.48943082779096,146,71,2.8702065193374318,0.5843581806731122
3532,1766.0,1.766,419.04001315271313,41.499250507176185,146,70,2.8701370763884464,0.5928464358168025
3533,1766.5,1.7665,419.0320493857683,41.51382184288858,146,70,2.8700825300395088,0.5930545977555512
3534,1767.0,1.767,419.0245779885676,41.52906469905871,146,70,2.8700313560860793,0.593272352843696
3535,1767.5,1.7675,419.01946849600773,41.54551033201953,146,70,2.8699963595616964,0.5935072904574217
3536,1768.0,1.768,419.0171609088828,41.55624522043627,146,70,2.86998055417043,0.5936606460062324
3537,1768.5,1.7685,419.0176730958654,41.568779747927834,146,70,2.869984062300448,0.5938397106846833
3538,1769.0,1.769,419.0200831673624,41.582419973070465,146,70,2.870000569639468,0.5940345710438638
3539,1769.5,1.7695,419.02391034693164,41.59518312399845,146,70,2.870026783198162,0.5942169017714063
3540,1770.0,1.77,419.03003818626684,41.60644063984274,146,71,2.8700687547004575,0.586006206194968
3541,1770.5,1.7705,419.03616365524505,41.617738761312324,146,71,2.870110709967432,0.5861653346663708
3542,1771.0,1.771,419.0405224948572,41.6256090536894,146,71,2.8701405650332688,0.5862761838547803
3543,1771.5,1.7715,419.0485910119655,41.63546665184134,146,71,2.870195828849079,0.586415023265371
3544,1772.0,1.772,419.0566194600587,41.643475680053406,146,71,2.8702508182195805,0.5865278264796254
3545,1772.5,1.7725,419.06744972333854,41.65233402498787,146,71,2.8703249981050583,0.5866525919012378
3546,1773.0,1.773,419.08312746179354,41.66876924885759,146,71,2.8704323798752984,0.5868840739275718
3547,1773.5,1.7735,419.10373467545355,41.69231261965578,146,71,2.8705735251743394,0.5872156706993773
3548,1774.0,1.774,419.12918043850425,41.71986232236854,146,71,2.870747811222632,0.5876036946812471
3549,1774.5,1.7745,419.15784026834945,41.738288877828474,146,71,2.870944111427051,0.5878632236313871
3550,1775.0,1.775,419.1877998214087,41.75479329774562,146,71,2.8711493138452653,0.5880956802499382
3551,1775.5,1.7755,419.21836776699496,41.76953955473447,146,70,2.8713586833355813,0.5967077079247781
3552,1776.0,1.776,419.2454328739607,41.77782156078986,146,70,2.8715440607805527,0.5968260222969981
3553,1776.5,1.7765,419.2691268000297,41.77955854955494,146,70,2.871706347945409,0.5968508364222137
3554,1777.0,1.777,419.29574730690894,41.77939748507303,146,70,2.871888680184308,0.5968485355010433
3555,1777.5,1.7775,419.32483762219385,41.77656703000174,146,70,2.8720879289191363,0.5968081004285963
3556,1778.0,1.778,419.3559915713968,41.77258430743569,146,70,2.8723013121328553,0.5967512043919385
3557,1778.5,1.7785,419.3889457166583,41.76766572827312,146,70,2.872527025456564,0.5966809389753304
3558,1779.0,1.779,419.42381491321083,41.76257074117046,146,70,2.872765855569937,0.5966081534452923
3559,1779.5,1.7795,419.4609852830406,41.75515417952544,146,71,2.8730204471441136,0.5881007630919077
3560,1780.0,1.78,419.5010167623072,41.74306997581815,146,70,2.8732946353582687,0.5963295710831165
3561,1780.5,1.7805,419.5447666462093,41.732631948464544,146,69,2.8735942920973248,0.6048207528762978
3562,1781.0,1.781,419.5927997042285,41.72660901496574,146,69,2.8739232856454007,0.6047334639850107
3563,1781.5,1.7815,419.64143177243807,41.723979533002655,146,69,2.8742563820030003,0.6046953555507631
3564,1782.0,1.782,419.6952996266967,41.72539581895892,146,69,2.8746253399088815,0.6047158814341874
3565,1782.5,1.7825,419.75448781615285,41.73104845978831,146,69,2.8750307384668004,0.6047978037650479
3566,1783.0,1.783,419.8188124480267,41.74151491631138,146,70,2.8754713181371696,0.5963073559473054
3567,1783.5,1.7835,419.88763571007013,41.7547389700565,146,70,2.8759427103429465,0.5964962710008073
3568,1784.0,1.784,419.9606531826365,41.76394672870876,146,70,2.8764428300180582,0.5966278104101251
3569,1784.5,1.7845,420.0347632940199,41.78323335893328,146,71,2.876950433520684,0.588496244492018
3570,1785.0,1.785,420.10282749661343,41.79869173740248,146,71,2.877416626689133,0.5887139681324293
3571,1785.5,1.7855,420.16572626011776,41.80316296896586,146,71,2.877847440137793,0.5887769432248713
3572,1786.0,1.786,420.23023531408273,41.81376762541973,146,71,2.8782892829731694,0.5889263045833762
3573,1786.5,1.7865,420.29456317720144,41.825215814210196,146,71,2.8787298847753524,0.589087546679017
3574,1787.0,1.787,420.357222345607,41.83509783957681,146,71,2.879159057161692,0.5892267301348847
3575,1787.5,1.7875,420.4194965890351,41.84505724439564,146,71,2.879585593075583,0.5893670034421921
3576,1788.0,1.788,420.47270755101664,41.84227529386391,146,71,2.879950051719292,0.5893278210403368
3577,1788.5,1.7885,420.52183330562684,41.83864208601686,146,72,2.880286529490595,0.5810922511946787
3578,1789.0,1.789,420.56821367131624,41.843420952736565,146,71,2.8806042032281933,0.5893439570807968
3579,1789.5,1.7895,420.6080524281112,41.8471255484433,146,71,2.8808770714254193,0.5893961344851171
3580,1790.0,1.79,420.64536684899525,41.851418302295755,146,71,2.881132649650653,0.5894565958069826
3581,1790.5,1.7905,420.6708925641431,41.850968413288776,146,72,2.881307483316048,0.5812634501845664
3582,1791.0,1.791,420.69569203345765,41.85332558397,146,72,2.8814773426949154,0.58129618866625
3583,1791.5,1.7915,420.71773870481184,41.852457482152595,146,72,2.8816283472932316,0.5812841316965637
3584,1792.0,1.792,420.72814678182556,41.84151591083737,146,72,2.8816996354919557,0.5811321654282968
3585,1792.5,1.7925,420.7370948867963,41.826682348902345,146,72,2.881760923882166,0.5809261437347549
3586,1793.0,1.793,420.7496838410934,41.813635913291336,146,72,2.8818471495965303,0.5807449432401574
3587,1793.5,1.7935,420.76428488095496,41.79935453469978,146,72,2.8819471567188697,0.580546590759719
3588,1794.0,1.794,420.7830735378716,41.7871117868449,146,71,2.8820758461498053,0.588550870237252
3589,1794.5,1.7945,420.8059393530734,41.775981624463384,146,71,2.8822324613224204,0.5883941073868082
3590,1795.0,1.795,420.8287356579833,41.76195960220275,146,71,2.882388600397146,0.5881966141155316
3591,1795.5,1.7955,420.8554165601982,41.74996908505856,146,71,2.8825713463027274,0.588027733592374
3592,1796.0,1.796,420.8831529009795,41.73855522069213,146,71,2.882761321239585,0.5878669749393257
3593,1796.5,1.7965,420.9085065962229,41.72210192884379,146,71,2.882934976686458,0.5876352384344194
3594,1797.0,1.797,420.9323750602234,41.702883040941195,146,71,2.8830984593165985,0.5873645498724113
3595,1797.5,1.7975,420.95146471771676,41.67838761866663,146,71,2.8832292103953203,0.5870195439248821
3596,1798.0,1.798,420.97111213543394,41.66831160349784,146,71,2.8833637817495474,0.5868776282182795
3597,1798.5,1.7985,420.991825034592,41.660538000912574,146,71,2.883505650921863,0.5867681408579236
3598,1799.0,1.799,421.01544217269185,41.65857463591498,146,71,2.883667412141725,0.5867404878297885
3599,1799.5,1.7995,421.041160938388,41.660198977449404,146,71,2.8838435680711507,0.5867633658795691
3600,1800.0,1.8,421.0687400703714,41.6624321247642,146,71,2.8840324662354204,0.5867948186586507
3601,1800.5,1.8005,421.0998649481253,41.66400946508959,146,71,2.884245650329625,0.5868170347195718
3602,1801.0,1.801,421.13303125419384,41.666293913573476,146,71,2.884472816809547,0.5868492100503306
3603,1801.5,1.8015,421.16405187558496,41.67125882911694,146,72,2.884685286819075,0.5787674837377352
3604,1802.0,1.802,421.1978658754791,41.680692243783184,146,72,2.884916889558076,0.5788985033858776
3605,1802.5,1.8025,421.23056845499116,41.6915554781199,146,73,2.8851408798287066,0.5711171983304096
3606,1803.0,1.803,421.2666175506608,41.70424847518321,146,73,2.885387791442882,0.5712910750025098
3607,1803.5,1.8035,421.30712753130643,41.71850554343171,146,73,2.885665257063743,0.5714863773072837
3608,1804.0,1.804,421.3519715472999,41.736575864916254,146,73,2.8859724078582185,0.5717339159577568
3609,1804.5,1.8045,421.4009956532718,41.76037904935721,146,73,2.886308189405972,0.572059986977496
3610,1805.0,1.805,421.4510492543569,41.782541773629404,146,72,2.886651022290116,0.5803130801892973
3611,1805.5,1.8055,421.49296668028586,41.80003124517777,146,72,2.8869381279471638,0.580555989516358
3612,1806.0,1.806,421.53646726880675,41.82408655653326,146,73,2.8872360771836076,0.5729326925552501
3613,1806.5,1.8065,421.5727797888704,41.847091036735804,146,73,2.887484793074455,0.5732478224210384
3614,1807.0,1.807,421.6011747085279,41.85260093574418,146,73,2.887679278825533,0.5733233004896462
3615,1807.5,1.8075,421.63139387228404,41.85902870455977,146,73,2.887886259399206,0.5734113521172572
3616,1808.0,1.808,421.6616782645016,41.86545386626769,146,73,2.8880936867431615,0.5734993680310643
3617,1808.5,1.8085,421.691332657269,41.87539139739614,146,72,2.888296799022391,0.5816026582971686
3618,1809.0,1.809,421.72196349982573,41.887511672342576,146,72,2.888506599313875,0.5817709954492023
3619,1809.5,1.8095,421.75316890164555,41.89048684554696,146,72,2.8887203349427772,0.5818123172992633
3620,1810.0,1.81,421.7848279678813,41.8893553464563,146,72,2.8889371778622004,0.5817966020341152
3621,1810.5,1.8105,421.8124542777062,41.881378636822,146,72,2.889126399162371,0.5816858144003056
3622,1811.0,1.811,421.84049265941076,41.871306510296044,146,72,2.8893184428726766,0.5815459237541118
3623,1811.5,1.8115,421.8640317078957,41.8549796268447,146,72,2.8894796692321623,0.5813191614839542
3624,1812.0,1.812,421.8870384426692,41.835022828502325,146,72,2.8896372496073233,0.581041983729199
3625,1812.5,1.8125,421.9115225034254,41.813697836359246,146,72,2.8898049486535986,0.5807458032827674
3626,1813.0,1.813,421.9378836612434,41.79470272913902,146,71,2.889985504529064,0.5886577849174509
3627,1813.5,1.8135,421.9637808885657,41.78263270482307,146,71,2.890162882798395,0.5884877845749729
3628,1814.0,1.814,421.9918437980213,41.77303932057039,146,71,2.890355094506995,0.5883526664869071
3629,1814.5,1.8145,422.02016561050846,41.771722217636224,146,71,2.8905490795240305,0.5883341157413553
3630,1815.0,1.815,422.0462012937873,41.771948204947115,146,71,2.8907274061218304,0.588337298661227
3631,1815.5,1.8155,422.0712405430969,41.773293281271215,146,71,2.8908989078294307,0.5883562433981862
3632,1816.0,1.816,422.0989497528391,41.78451707742258,146,70,2.891088696937254,0.5969216725346083
3633,1816.5,1.8165,422.1291428520789,41.804149810498984,146,71,2.8912954989868416,0.588790842401394
3634,1817.0,1.817,422.15720140160136,41.82170325219564,146,71,2.891487680832886,0.5890380739745866
3635,1817.5,1.8175,422.1827769276036,41.833878121917806,146,71,2.891662855668518,0.5892095510129269
3636,1818.0,1.818,422.2045848581341,41.84418025012083,146,71,2.891812225055713,0.5893546514101526
3637,1818.5,1.8185,422.2225982740446,41.855887220581636,146,70,2.891935604616744,0.5979412460083092
3638,1819.0,1.819,422.23665262086826,41.86341170244348,146,70,2.892031867266221,0.5980487386063355
3639,1819.5,1.8195,422.2491673406331,41.867080923947626,146,70,2.8921175845248843,0.5981011560563946
3640,1820.0,1.82,422.2613302930157,41.8680327367103,146,70,2.892200892417916,0.5981147533815757
3641,1820.5,1.8205,422.269533119974,41.86479808906602,146,70,2.892257076164206,0.5980685441295146
3642,1821.0,1.821,422.2713902138121,41.85762294853282,146,70,2.892269795985014,0.5979660421218973
3643,1821.5,1.8215,422.2724431374538,41.84955123184041,146,70,2.8922770077907796,0.5978507318834343
3644,1822.0,1.822,422.2562712515135,41.82253390135413,146,70,2.8921662414487224,0.5974647700193447
3645,1822.5,1.8225,422.2292980001348,41.78431073503338,146,70,2.891981493151609,0.5969187247861911
3646,1823.0,1.823,422.203030157931,41.74845891200306,146,69,2.8918015764241853,0.6050501291594647
3647,1823.5,1.8235,422.1783258033241,41.71921008733557,146,69,2.8916323685159186,0.6046262331497908
3648,1824.0,1.824,422.1558732916818,41.69255103327296,146,69,2.8914785841896014,0.6042398700474343
3649,1824.5,1.8245,422.13638224045087,41.66828706994155,146,69,2.891345083838705,0.6038882184049501
3650,1825.0,1.825,422.1205843014987,41.64885361916697,146,69,2.8912368787773888,0.6036065741908256
3651,1825.5,1.8255,422.10889804504643,41.63482036090412,146,69,2.8911568359249755,0.6034031936362915
3652,1826.0,1.826,422.1016713619663,41.64354315121152,146,69,2.8911073380956593,0.6035296108871234
3653,1826.5,1.8265,422.0989885609431,41.65841558987275,146,69,2.8910889627461858,0.6037451534764167
3654,1827.0,1.827,422.0959816648386,41.67407392422398,146,69,2.891068367567388,0.6039720858583186
3655,1827.5,1.8275,422.09239101501174,41.68884932982823,146,69,2.8910437740754227,0.6041862221714237
3656,1828.0,1.828,422.0919823242054,41.705640572283045,146,69,2.891040974823325,0.6044295735113485
3657,1828.5,1.8285,422.0941139562376,41.723480208417364,146,69,2.8910555750427234,0.6046881189625706
3658,1829.0,1.829,422.09803799334236,41.74118782587546,146,69,2.8910824520091944,0.6049447510996442
3659,1829.5,1.8295,422.102201021505,41.75698733194184,146,69,2.8911109659007193,0.6051737294484325
3660,1830.0,1.83,422.1068865209034,41.77096975179293,146,69,2.8911430583623523,0.6053763732143903
3661,1830.5,1.8305,422.11204884129177,41.78303345999152,146,69,2.8911784167211767,0.6055512095650946
3662,1831.0,1.831,422.1163608984542,41.79186407721283,146,69,2.8912079513592754,0.6056791895248236
3663,1831.5,1.8315,422.11710466160906,41.79407412634221,146,68,2.891213045627459,0.6146187371520914
3664,1832.0,1.832,422.1192316525636,41.79165408952006,146,68,2.891227614058655,0.6145831483752948
3665,1832.5,1.8325,422.1213666680129,41.78996827922393,146,68,2.8912422374521434,0.6145583570474106
3666,1833.0,1.833,422.12559919526024,41.79035068536118,146,68,2.8912712273647965,0.6145639806670762
3667,1833.5,1.8335,422.1324012498777,41.793957098242515,146,68,2.8913178167799845,0.6146170161506253
3668,1834.0,1.834,422.1319130373947,41.79519130075292,146,68,2.891314472858868,0.6146351661875429
3669,1834.5,1.8345,422.12976851422457,41.796596362671494,146,68,2.891299784344004,0.6146558288628162
3670,1835.0,1.835,422.1304662476013,41.80337031144248,146,68,2.8913045633397347,0.6147554457565071
3671,1835.5,1.8355,422.13491791871263,41.813769152504804,146,68,2.8913350542377576,0.6149083698897766
3672,1836.0,1.836,422.1419499812879,41.825644117322234,146,68,2.891383219049917,0.6150830017253269
3673,1836.5,1.8365,422.1456150539236,41.83277624706306,146,68,2.8914083222871483,0.6151878859862214
3674,1837.0,1.837,422.1521698072533,41.84159347405986,146,68,2.891453217857899,0.6153175510891158
3675,1837.5,1.8375,422.16061352275744,41.85108610372082,146,68,2.891511051525736,0.6154571485841297
3676,1838.0,1.838,422.16730996197776,41.85964369393272,146,68,2.8915569175477924,0.6155829954990106
3677,1838.5,1.8385,422.16868324623414,41.860934443658,146,68,2.8915663236043434,0.6156019771126175
3678,1839.0,1.839,422.166068541774,41.85124726799997,146,69,2.8915484146696855,0.6065398154782605
3679,1839.5,1.8395,422.15872341183376,41.8369220115896,146,69,2.891498105560505,0.6063322030665159
3680,1840.0,1.84,422.150348500442,41.82717302681725,146,69,2.891440743153713,0.606190913432134
3681,1840.5,1.8405,422.14080267104737,41.8149926942953,146,69,2.8913753607605983,0.6060143868738448
3682,1841.0,1.841,422.1316137418803,41.80213126309618,146,69,2.891312422889591,0.6058279893202345
3683,1841.5,1.8415,422.1229762405741,41.78921190732976,146,68,2.89125326192174,0.6145472339313197
3684,1842.0,1.842,422.1151129294103,41.77832174515182,146,68,2.891199403626098,0.6143870844875269
3685,1842.5,1.8425,422.10899414784143,41.76961444375975,146,68,2.891157494163297,0.6142590359376434
3686,1843.0,1.843,422.1032234124949,41.76218108688634,146,68,2.8911179685787323,0.6141497218659755
3687,1843.5,1.8435,422.09962892874705,41.76464510589206,146,68,2.8910933488270345,0.614185957439589
3688,1844.0,1.844,422.0949757200783,41.76768947531673,146,68,2.8910614775347834,0.6142307275781872
3689,1844.5,1.8445,422.0912124080194,41.7709668104997,146,68,2.8910357014247903,0.6142789236838192
3690,1845.0,1.845,422.09063435060654,41.77938612229914,146,67,2.891031742127442,0.6235729271984946
3691,1845.5,1.8455,422.0928368535158,41.79046414039833,146,67,2.8910468277638066,0.6237382707522139
3692,1846.0,1.846,422.0955451161884,41.80500625476078,146,67,2.8910653775081396,0.6239553172352355
3693,1846.5,1.8465,422.10037732121197,41.82029653600373,146,67,2.8910984748028214,0.6241835303881154
3694,1847.0,1.847,422.10662083720604,41.83502721567243,146,67,2.8911412386110005,0.6244033912786932
3695,1847.5,1.8475,422.1136090698957,41.85403778301416,146,67,2.891189103218464,0.6246871310897635
3696,1848.0,1.848,422.12082032155627,41.86945374294724,146,67,2.891238495353125,0.6249172200439888
3697,1848.5,1.8485,422.12806761762545,41.8822612391152,146,67,2.8912881343672976,0.625108376703212
3698,1849.0,1.849,422.13546253909027,41.890538091544926,146,67,2.8913387845143164,0.6252319118141035
3699,1849.5,1.8495,422.14342079936034,41.89451330361296,146,67,2.8913932931463036,0.6252912433375069
3700,1850.0,1.85,422.1526048319241,41.89690442767631,146,67,2.8914561974789326,0.6253269317563629
3701,1850.5,1.8505,422.1599767309142,41.89469303230287,146,67,2.8915066899377684,0.6252939258552667
3702,1851.0,1.851,422.1673952436275,41.88998957988036,146,67,2.8915575016686814,0.6252237250728412
3703,1851.5,1.8515,422.17836761944017,41.888517426247894,146,66,2.891632654927672,0.6346745064583015
3704,1852.0,1.852,422.19352425200674,41.8905442482939,146,66,2.8917364674794976,0.6347052158832408
3705,1852.5,1.8525,422.20698771276165,41.89525734362773,146,66,2.891828682964121,0.6347766264186019
3706,1853.0,1.853,422.2217413527455,41.901215596175874,146,66,2.891929735292777,0.6348669029723619
3707,1853.5,1.8535,422.24110611941603,41.91032154788312,146,66,2.892062370680932,0.635004871937623
3708,1854.0,1.854,422.26563724625004,41.92320836544485,146,66,2.8922303920976025,0.6352001267491645
3709,1854.5,1.8545,422.29455390771494,41.939075697598234,146,66,2.8924284514227057,0.6354405408727005
3710,1855.0,1.855,422.326976206659,41.956937690229864,146,66,2.8926505219634175,0.6357111771246949
3711,1855.5,1.8555,422.35191181070843,41.965821452179355,146,66,2.892821313771975,0.6358457795784752
3712,1856.0,1.856,422.3701403424674,41.968662639074815,146,65,2.8929461667292284,0.6456717329088433
3713,1856.5,1.8565,422.38798539189196,41.96375348752811,146,65,2.8930683930951506,0.6455962075004326
3714,1857.0,1.857,422.4013911416068,41.95295442239109,146,66,2.893160213298676,0.635650824581683
3715,1857.5,1.8575,422.4098809087567,41.94045588165274,146,66,2.8932183623887444,0.6354614527523142
3716,1858.0,1.858,422.4145323779899,41.925451097891695,146,65,2.8932502217670537,0.6450069399675644
3717,1858.5,1.8585,422.415485489113,41.90722662637865,146,66,2.893256749925431,0.6349579791875554
3718,1859.0,1.859,422.4141701937414,41.89188831693641,146,66,2.8932477410530235,0.6347255805596427
3719,1859.5,1.8595,422.41352250340486,41.87753037281024,146,66,2.8932433048178416,0.6345080359516703
3720,1860.0,1.86,422.41557226713013,41.86649423333725,146,66,2.893257344295412,0.634340821717231
3721,1860.5,1.8605,422.4213088248033,41.86158972716136,146,66,2.893296635786324,0.6342665110175963
3722,1861.0,1.861,422.43071487295913,41.86607463887768,146,66,2.893361060773693,0.6343344642254195
3723,1861.5,1.8615,422.4393092003004,41.869698418152815,146,66,2.8934199260294546,0.6343893699720125
3724,1862.0,1.862,422.44890652679817,41.87343260785432,146,66,2.8934856611424533,0.6344459486038533
3725,1862.5,1.8625,422.45751283266696,41.87709484004474,146,66,2.893544608442925,0.6345014369703749
3726,1863.0,1.863,422.4708955345477,41.88620922602886,146,66,2.8936362707845733,0.6346395337277099
3727,1863.5,1.8635,422.4886773147564,41.9019377635882,146,66,2.8937580637997007,0.6348778449028514
3728,1864.0,1.864,422.4967954727632,41.9092212273154,146,66,2.8938136676216657,0.6349882004138696
3729,1864.5,1.8645,422.50224075179057,41.913101939469534,146,66,2.89385096405336,0.6350469990828717
3730,1865.0,1.865,422.510063514429,41.91886447469123,146,66,2.8939045446193767,0.6351343102225945
3731,1865.5,1.8655,422.51974910655036,41.92123535146618,146,66,2.8939708842914413,0.6351702325979725
3732,1866.0,1.866,422.5280558633266,41.92091644257743,146,66,2.8940277798857985,0.6351654006451124
3733,1866.5,1.8665,422.5272040110838,41.91061088740024,146,67,2.894021945281396,0.6255315057820932
3734,1867.0,1.867,422.5271732624333,41.90437527635574,146,67,2.8940217346742005,0.6254384369605336
3735,1867.5,1.8675,422.52846916398005,41.898926990598454,146,67,2.8940306107121923,0.6253571192626634
3736,1868.0,1.868,422.5313134928774,41.89366788190598,146,68,2.8940500924169688,0.6160833512044995
3737,1868.5,1.8685,422.5360210000914,41.894501913082514,146,68,2.8940823356170644,0.6160956163688605
3738,1869.0,1.869,422.5430054219256,41.89906234002741,146,68,2.894130174122778,0.6161626814709913
3739,1869.5,1.8695,422.5506487245467,41.902905040447884,146,68,2.8941825255105935,0.6162191917712926
3740,1870.0,1.87,422.5484994736919,41.89841624694577,146,68,2.894167804614328,0.6161531801021438
3741,1870.5,1.8705,422.5429913628628,41.89945931195443,146,67,2.8941300778278274,0.6253650643575287
3742,1871.0,1.871,422.5398671249281,41.90893225421675,146,67,2.894108678937864,0.6255064515554739
3743,1871.5,1.8715,422.53574577270035,41.92177064509696,146,67,2.8940804504979476,0.6256980693298055
3744,1872.0,1.872,422.5362427263087,41.93858967649781,146,67,2.8940838542897858,0.625949099649221
3745,1872.5,1.8725,422.5373103994451,41.9575621600628,146,67,2.8940911671194876,0.6262322710457133
3746,1873.0,1.873,422.54144496925545,41.990582812533255,146,67,2.89411948609079,0.6267251166049741
3747,1873.5,1.8735,422.548629636283,42.034277848224974,146,67,2.8941686961389244,0.6273772813167907
3748,1874.0,1.874,422.5582950326485,42.0834076752092,146,66,2.894234897483894,0.6376273890183214
3749,1874.5,1.8745,422.569789386578,42.14024069384225,146,67,2.8943136259354656,0.6289588163260037
3750,1875.0,1.875,422.5776633368906,42.195532760725186,146,67,2.8943675571019907,0.6297840710555997
3751,1875.5,1.8755,422.5796356608552,42.245034562768794,146,67,2.8943810661702414,0.6305229039219226
3752,1876.0,1.876,422.58156466824653,42.29579244831176,146,67,2.8943942785496337,0.6312804843031605
3753,1876.5,1.8765,422.5820702361648,42.34754208290986,146,67,2.8943977413435946,0.6320528669091025
3754,1877.0,1.877,422.58301305740656,42.404338275702266,146,67,2.8944041990233327,0.6329005712791383
3755,1877.5,1.8775,422.58471882936004,42.451215584654626,146,67,2.8944158823928765,0.6336002326067854
3756,1878.0,1.878,422.58762172939765,42.49578188547869,146,67,2.8944357652698467,0.6342654012758012
3757,1878.5,1.8785,422.59211701598866,42.54048247389983,146,67,2.8944665549040316,0.6349325742373109
3758,1879.0,1.879,422.59791415483994,42.57767493415409,146,68,2.8945062613345205,0.6261422784434425
3759,1879.5,1.8795,422.60225849692483,42.611516523878464,146,68,2.894536017102225,0.6266399488805655
3760,1880.0,1.88,422.6092885238989,42.64720383196746,146,68,2.8945841679719106,0.6271647622348158
3761,1880.5,1.8805,422.6192558511857,42.68582550463566,146,68,2.8946524373368883,0.627732728009348
3762,1881.0,1.881,422.6323201905051,42.72935564357245,146,68,2.8947419191130486,0.6283728771113595
3763,1881.5,1.8815,422.6485979953773,42.77707773087465,146,68,2.8948534109272415,0.6290746725128623
3764,1882.0,1.882,422.66817471582107,42.83237403653658,146,68,2.894987498053569,0.6298878534784791
3765,1882.5,1.8825,422.69019574374965,42.891348645502596,146,68,2.895138327011984,0.6307551271397439
3766,1883.0,1.883,422.7097450379546,42.9482456926541,146,68,2.8952722262873603,0.6315918484213838
3767,1883.5,1.8835,422.73022724389887,43.003843765695684,146,68,2.8954125153691703,0.6324094671425835
3768,1884.0,1.884,422.7508655236616,43.05927586176411,146,68,2.8955538734497375,0.6332246450259427
3769,1884.5,1.8845,422.76568741110174,43.10807544115884,146,68,2.8956553932267246,0.6339422858993947
3770,1885.0,1.885,422.7744071815649,43.15164585667269,146,67,2.8957151176819513,0.6440544157712341
3771,1885.5,1.8855,422.784683889398,43.19497958481286,146,67,2.895785506091767,0.6447011878330278
3772,1886.0,1.886,422.79645109859746,43.23699779530376,146,67,2.8958661034150506,0.6453283253030412
3773,1886.5,1.8865,422.8090892437968,43.27844398185603,146,66,2.895952666053402,0.6557339997250914
3774,1887.0,1.887,422.82057053635805,43.31903725650436,146,66,2.896031305043548,0.6563490493409752
3775,1887.5,1.8875,422.8291843979763,43.35868588013942,146,66,2.896090304095728,0.6569497860627185
3776,1888.0,1.888,422.83264442872843,43.385274460434765,146,66,2.896114002936496,0.6573526433399206
3777,1888.5,1.8885,422.8330357874959,43.40618248513678,146,66,2.896116683475999,0.6576694315929817
3778,1889.0,1.889,422.8248896300999,43.42014228540151,146,66,2.8960608878773964,0.6578809437182047
3779,1889.5,1.8895,422.8096617224596,43.4337533156143,146,66,2.8959565871401347,0.6580871714487015
3780,1890.0,1.89,422.7918068071453,43.447245278114,146,66,2.8958342931996253,0.6582915951229394
3781,1890.5,1.8905,422.77608291131696,43.46078422644439,146,66,2.895726595282993,0.6584967307037028
3782,1891.0,1.891,422.76482970508187,43.47996634428799,146,66,2.8956495185279585,0.6587873688528484
3783,1891.5,1.8915,422.75813973422595,43.5030988524798,146,66,2.895603696809767,0.6591378614012091
3784,1892.0,1.892,422.7556228667044,43.53395814289388,146,67,2.8955864579911266,0.6497605692969237
3785,1892.5,1.8925,422.75530098418085,43.56946023795524,146,67,2.895584253316307,0.6502904513127648
3786,1893.0,1.893,422.7546514174394,43.60504345998707,146,67,2.895579804229037,0.6508215441789115
3787,1893.5,1.8935,422.74678543571133,43.63429328378264,146,67,2.8955259276418586,0.6512581087131738
3788,1894.0,1.894,422.7379893401171,43.66410983864589,146,67,2.895465680411761,0.651703131920088
3789,1894.5,1.8945,422.73038666003157,43.69493938246568,146,67,2.89541360726049,0.6521632743651593
3790,1895.0,1.895,422.7181305215353,43.720594738385294,146,67,2.8953296611064063,0.6525461901251537
3791,1895.5,1.8955,422.6991057045493,43.73877835385753,146,67,2.8951993541407486,0.6528175873710079
3792,1896.0,1.896,422.6803478280807,43.75966814819773,146,68,2.8950708755347994,0.643524531591143
3793,1896.5,1.8965,422.6630438116343,43.78348221686835,146,67,2.8949523548742073,0.6534848092069901
3794,1897.0,1.897,422.6477591825252,43.82810640909622,146,68,2.8948476656337343,0.6445309766043562
3795,1897.5,1.8975,422.63501170435995,43.87784544843768,146,68,2.8947603541394518,0.64526243306526
3796,1898.0,1.898,422.61483031069486,43.9153824269618,146,68,2.8946221254157183,0.6458144474553206
3797,1898.5,1.8985,422.5959577167322,43.95149268468554,146,68,2.894492861073508,0.6463454806571403
3798,1899.0,1.899,422.5790236547382,43.98779482611046,146,68,2.8943768743475218,0.6468793356780951
3799,1899.5,1.8995,422.56329506750325,44.02706058752156,146,68,2.894269144297967,0.6474567733459053
3800,1900.0,1.9,422.55168836024075,44.070045664041565,146,68,2.894189646303019,0.6480889068241408
3801,1900.5,1.9005,422.54404188713204,44.11655815091092,146,68,2.8941372731995347,0.6487729139839842
3802,1901.0,1.901,422.53773396575355,44.16374736365313,146,68,2.894094068258586,0.649466872994899
3803,1901.5,1.9015,422.5311101274531,44.20980943416161,146,68,2.894048699503103,0.6501442563847297
3804,1902.0,1.902,422.52471448624703,44.24850293105165,146,68,2.894004893741418,0.6507132783978185
3805,1902.5,1.9025,422.5157577242093,44.28301411798793,146,68,2.8939435460562284,0.6512207958527636
3806,1903.0,1.903,422.50390863120344,44.31547348076789,146,68,2.893862387884955,0.6516981394230572
3807,1903.5,1.9035,422.48955482701035,44.341354976681764,146,68,2.893764074157605,0.6520787496570848
3808,1904.0,1.904,422.4727409555354,44.36013370760456,146,68,2.893648910654352,0.652354907464773
3809,1904.5,1.9045,422.45102231826286,44.37444965491598,146,68,2.8935001528648145,0.6525654361017054
3810,1905.0,1.905,422.4267474519062,44.38702555286213,146,69,2.8933338866568916,0.6432902254037991
3811,1905.5,1.9055,422.3996139184957,44.4002317298614,146,69,2.8931480405376417,0.6434816192733536
3812,1906.0,1.906,422.37130181446497,44.41118080588687,146,69,2.8929541220168833,0.6436403015345924
3813,1906.5,1.9065,422.34538250996815,44.42013625180467,146,69,2.8927765925340285,0.6437700906058648
3814,1907.0,1.907,422.32220341366786,44.42996882877394,146,69,2.8926178316004645,0.6439125917213615
3815,1907.5,1.9075,422.2970081145071,44.43167654719179,146,69,2.892445261058268,0.6439373412636492
3816,1908.0,1.908,422.27474596318007,44.431468878443006,146,69,2.8922927805697265,0.6439343315716378
3817,1908.5,1.9085,422.257003537618,44.43976558724654,146,69,2.8921712571069724,0.6440545737282108
3818,1909.0,1.909,422.243912985986,44.44995655725415,146,69,2.892081595794425,0.6442022689457122
3819,1909.5,1.9095,422.23523017117634,44.46325531394314,146,69,2.892022124460112,0.6443950045499005
3820,1910.0,1.91,422.23057181577735,44.47273315757427,146,69,2.891990217916283,0.6445323646025257
3821,1910.5,1.9105,422.22936015900837,44.482446279760985,146,69,2.8919819188973177,0.6446731344892896
3822,1911.0,1.911,422.2301804314941,44.4923202205584,146,69,2.8919875372020143,0.6448162350805566
3823,1911.5,1.9115,422.2232140228842,44.49830350979727,146,69,2.891939822074549,0.6449029494173518
3824,1912.0,1.912,422.21733236318124,44.51084938378193,146,70,2.891899536734118,0.6358692769111701
3825,1912.5,1.9125,422.2072406378938,44.52712545298526,146,69,2.8918304153280396,0.6453206587389169
3826,1913.0,1.913,422.19617653476183,44.55038273772166,146,69,2.8917546337997386,0.6456577208365458
3827,1913.5,1.9135,422.18496790754807,44.57129738143087,146,69,2.891677862380466,0.6459608316149401
3828,1914.0,1.914,422.17379803509635,44.59447521736291,146,68,2.8916013564047693,0.65580110613769
3829,1914.5,1.9145,422.1586572815987,44.620103901208374,146,68,2.89149765261369,0.6561779985471821
3830,1915.0,1.915,422.14449315989447,44.65177187855759,146,69,2.891400638081469,0.6471271286747478
3831,1915.5,1.9155,422.131793071903,44.68619628169459,146,69,2.8913136511774176,0.6476260330680376
3832,1916.0,1.916,422.1157496356006,44.72526967777998,146,69,2.891203764627401,0.6481923141707243
3833,1916.5,1.9165,422.1010988745318,44.7678197379428,146,69,2.8911034169488476,0.648808981709316
3834,1917.0,1.917,422.08978374890853,44.79773328275254,146,69,2.8910259160884144,0.6492425113442397
3835,1917.5,1.9175,422.082079611386,44.8216130214004,146,69,2.8909731480231917,0.6495885945130493
3836,1918.0,1.918,422.0780733938796,44.854182122562584,146,68,2.8909457081772576,0.6596203253318028
3837,1918.5,1.9185,422.0776099946621,44.89433391956243,146,68,2.8909425342100143,0.6602107929347415
3838,1919.0,1.919,422.0785182355289,44.93361491931981,146,68,2.8909487550378694,0.6607884546958795
3839,1919.5,1.9195,422.0682009922458,44.961560411255086,146,68,2.890878088987985,0.6611994178125746
3840,1920.0,1.92,422.0505389034579,44.98133816037624,146,68,2.890757115777109,0.6614902670643564
3841,1920.5,1.9205,422.0288468642455,44.999020887944795,146,70,2.8906085401660646,0.6428431555420684
3842,1921.0,1.921,422.00577348730206,45.020383257290305,146,70,2.890450503337685,0.6431483322470043
3843,1921.5,1.9215,421.98198673738244,45.03683500093609,146,70,2.89028758039303,0.64338335715623
3844,1922.0,1.922,421.954018199594,45.045707260995535,146,70,2.890096015065712,0.6435101037285076
3845,1922.5,1.9225,421.9291347791893,45.04987511042086,146,70,2.889925580679379,0.6435696444345836
3846,1923.0,1.923,421.9026762539667,45.05055475640507,146,71,2.889744357903882,0.634514855724015
3847,1923.5,1.9235,421.8732975085342,45.04956868888066,146,71,2.889543133620098,0.6345009674490236
3848,1924.0,1.924,421.8425718156532,45.04604940288494,146,71,2.8893326836688575,0.6344514000406329
3849,1924.5,1.9245,421.8149953963188,45.046258463545826,146,71,2.8891438040843753,0.6344543445569834
3850,1925.0,1.925,421.789791637155,45.047352812600245,146,71,2.888971175596952,0.634469757923947
3851,1925.5,1.9255,421.76580408412445,45.04635177654192,146,71,2.888806877288524,0.6344556588245341
3852,1926.0,1.926,421.7472596816863,45.04655567371751,146,71,2.888679860833468,0.6344585306157398
3853,1926.5,1.9265,421.73378944774163,45.046973633108294,146,71,2.8885875989571344,0.6344644173677223
3854,1927.0,1.927,421.72365870620075,45.04247291374857,146,71,2.8885182103164433,0.6344010269542052
3855,1927.5,1.9275,421.71782430812436,45.03124632275522,146,71,2.888478248685783,0.6342429059542989
3856,1928.0,1.928,421.71513519795934,45.02036548376633,146,71,2.8884598301230087,0.634089654700934
3857,1928.5,1.9285,421.71724204469604,45.00899796951185,146,71,2.88847426058011,0.633929548866364
3858,1929.0,1.929,421.71820431663866,45.00129563762976,146,71,2.8884808514838265,0.6338210653187291
3859,1929.5,1.9295,421.72262674656884,44.99282822332701,146,71,2.8885111420997864,0.6337018059623521
3860,1930.0,1.93,421.72658754247277,44.97761538548919,146,71,2.8885382708388545,0.6334875406406928
3861,1930.5,1.9305,421.7308385066472,44.96157775134828,146,71,2.88856738703183,0.6332616584696938
3862,1931.0,1.931,421.73403559427373,44.943654635887185,146,71,2.888589284892286,0.6330092202237633
3863,1931.5,1.9315,421.74138183671397,44.93095715056177,146,71,2.8886396016213283,0.6328303824022783
3864,1932.0,1.932,421.7510786478076,44.91949082634519,146,71,2.8887060181356685,0.6326688848781012
3865,1932.5,1.9325,421.7578535681777,44.90764994353896,146,71,2.888752421699847,0.6325021118808305
3866,1933.0,1.933,421.7611049235976,44.89508094369299,146,71,2.8887746912575176,0.6323250837139859
3867,1933.5,1.9335,421.76724515489707,44.885984916430246,146,71,2.888816747636281,0.6321969706539472
3868,1934.0,1.934,421.7713743311208,44.87574403572603,146,71,2.888845029665211,0.6320527328975497
3869,1934.5,1.9345,421.7779357815871,44.87398667375636,146,72,2.8888899711067606,0.6232498149132827
3870,1935.0,1.935,421.78765303532776,44.885531901362945,146,72,2.888956527639231,0.6234101652967076
3871,1935.5,1.9355,421.80058694934536,44.90184725213899,146,72,2.8890451160914066,0.6236367673908193
3872,1936.0,1.936,421.816741800248,44.92160180640836,146,72,2.8891557657551235,0.6239111362001162
3873,1936.5,1.9365,421.8359859653182,44.944377207126664,146,72,2.889287575104919,0.6242274612100925
3874,1937.0,1.937,421.85795625451635,44.97292587423244,146,73,2.889438056537783,0.6160674777292113
3875,1937.5,1.9375,421.88124740186174,45.00519479889553,146,73,2.8895975849442586,0.6165095177930895
3876,1938.0,1.938,421.901008783699,45.03692530423487,146,73,2.8897329368746507,0.6169441822497927
3877,1938.5,1.9385,421.9156414103044,45.0675759959503,146,73,2.8898331603445504,0.6173640547390452
3878,1939.0,1.939,421.92635233866304,45.090940928600475,146,73,2.889906522867555,0.6176841223095957
3879,1939.5,1.9395,421.9328223328597,45.108523390750676,146,73,2.8899508378962993,0.6179249779554887
3880,1940.0,1.94,421.92927965795764,45.115527980763844,146,73,2.88992657299971,0.6180209312433403
3881,1940.5,1.9405,421.92359740074085,45.1190764213043,146,73,2.889887653429732,0.6180695400178672
3882,1941.0,1.941,421.9172240734643,45.118964914964955,146,74,2.8898440005031802,0.609715742094121
3883,1941.5,1.9415,421.90533825234195,45.11709307532653,146,74,2.8897625907694655,0.609690446963872
3884,1942.0,1.942,421.8938012729885,45.116546710911386,146,74,2.8896835703629353,0.6096830636609648
3885,1942.5,1.9425,421.879452132575,45.116349900812075,146,74,2.8895852885792808,0.609680404065028
3886,1943.0,1.943,421.8634023941022,45.11714138846162,146,74,2.889475358863714,0.6096910998440759
3887,1943.5,1.9435,421.842032765225,45.11153972399676,146,74,2.8893289915426372,0.6096154016756319
3888,1944.0,1.944,421.8206716842189,45.1065619320396,146,74,2.889182682768622,0.6095481342167514
3889,1944.5,1.9445,421.8030609397024,45.102957200105614,146,74,2.8890620612308386,0.6094994216230489
3890,1945.0,1.945,421.78859615166505,45.09966350101465,146,74,2.8889629873401717,0.6094549121758737
3891,1945.5,1.9455,421.7761566608918,45.09544109304381,146,74,2.8888777853485736,0.6093978526087
3892,1946.0,1.946,421.7673605150883,45.09207073998808,146,74,2.8888175377745773,0.6093523072971362
3893,1946.5,1.9465,421.7617971301142,45.08986201742307,146,75,2.888779432398042,0.6011981602323077
3894,1947.0,1.947,421.7563728747922,45.09106078709049,146,75,2.88874227996433,0.6012141438278731
3895,1947.5,1.9475,421.7531790045154,45.0936186188571,146,75,2.888720404140516,0.6012482482514279
3896,1948.0,1.948,421.74501038744296,45.09764510514785,146,75,2.888664454708514,0.6013019347353046
3897,1948.5,1.9485,421.7299749875351,45.09455690643472,146,75,2.8885614725173636,0.601260758752463
3898,1949.0,1.949,421.71419383464564,45.090870572085485,146,75,2.88845338242908,0.6012116076278065
3899,1949.5,1.9495,421.6961302957533,45.08541268313398,146,75,2.888329659559954,0.6011388357751197
3900,1950.0,1.95,421.67262374080394,45.07342239014765,146,75,2.888168655758931,0.6009789652019685
3901,1950.5,1.9505,421.64888881062086,45.061744402939766,146,75,2.8880060877439786,0.6008232587058635
3902,1951.0,1.951,421.62410277521565,45.0505332980074,146,75,2.8878363203781894,0.6006737773067653
3903,1951.5,1.9515,421.59763063003277,45.04077309923013,146,75,2.887655004315293,0.6005436413230684
3904,1952.0,1.952,421.5709968680479,45.0370036765523,146,75,2.8874725812879993,0.6004933823540305
3905,1952.5,1.9525,421.5437414235138,45.03384731704255,146,75,2.887285900161053,0.6004512975605674
3906,1953.0,1.953,421.51794053520086,45.033119196224845,146,75,2.887109181747951,0.6004415892829981
3907,1953.5,1.9535,421.49469016385723,45.03462900024201,146,75,2.8869499326291588,0.600461720003227
3908,1954.0,1.954,421.46233983895826,45.026620015395494,146,75,2.886728355061358,0.6003549335386066
3909,1954.5,1.9545,421.4298536473711,45.01764520068371,146,75,2.8865058468998015,0.6002352693424494
3910,1955.0,1.955,421.4002571392072,45.01222764264833,146,75,2.8863031310904605,0.600163035235311
3911,1955.5,1.9555,421.3633381964262,45.00644364640301,146,75,2.8860502616193573,0.6000859152853735
3912,1956.0,1.956,421.3231073149327,45.0031450658974,146,75,2.8857747076365254,0.6000419342119653
3913,1956.5,1.9565,421.2843277076779,45.0004877808116,146,75,2.8855090938882046,0.6000065037441548
3914,1957.0,1.957,421.2398352313243,44.99411886074705,146,76,2.885204350899482,0.5920278797466716
3915,1957.5,1.9575,421.19638210934573,44.992514589668076,146,75,2.884906726776341,0.5999001945289076
3916,1958.0,1.958,421.1543685551,44.998071097310685,146,75,2.8846189627061642,0.5999742812974758
3917,1958.5,1.9585,421.11311316701114,45.00755269354102,146,74,2.884336391554871,0.6082101715343381
3918,1959.0,1.959,421.06730631230613,45.01516665653851,146,74,2.8840226459747,0.6083130629261962
3919,1959.5,1.9595,421.02191699849106,45.02560009506408,146,74,2.8837117602636373,0.6084540553387039
3920,1960.0,1.96,420.9761777731522,45.03756317419026,146,74,2.883398477898303,0.6086157185701387
3921,1960.5,1.9605,420.92968085042463,45.05145002367681,146,74,2.8830800058248265,0.6088033786983352
3922,1961.0,1.961,420.884522956139,45.070367555971046,146,74,2.882770705179034,0.6090590210266359
3923,1961.5,1.9615,420.84107553218723,45.0906398046339,146,74,2.8824731200834743,0.6093329703328906
3924,1962.0,1.962,420.80004635250395,45.11175727688552,146,74,2.8821920983048215,0.6096183415795341
3925,1962.5,1.9625,420.7621599697819,45.13144366425375,146,74,2.881932602532753,0.6098843738412669
3926,1963.0,1.963,420.7280093611601,45.15193724881284,146,74,2.881698694254521,0.6101613141731466
3927,1963.5,1.9635,420.6942876289903,45.16909110367566,146,74,2.881467723486235,0.6103931230226441
3928,1964.0,1.964,420.65391151908415,45.174456477943785,146,74,2.8811911747882473,0.6104656280803216
3929,1964.5,1.9645,420.6178876512374,45.177345511851556,146,74,2.8809444359673795,0.6105046690790751
3930,1965.0,1.965,420.5874396353494,45.18131351239277,146,73,2.8807358879133527,0.6189221029094901
3931,1965.5,1.9655,420.562380082439,45.192323615775976,146,73,2.8805642471399926,0.6190729262435065
3932,1966.0,1.966,420.5378479278812,45.20355927110753,146,73,2.880396218684118,0.6192268393302401
3933,1966.5,1.9665,420.5185182570945,45.21747381113778,146,73,2.880263823678729,0.6194174494676408
3934,1967.0,1.967,420.5039630599875,45.23213052245912,146,73,2.8801641305478594,0.6196182263350566
3935,1967.5,1.9675,420.49365996885905,45.24557444071934,146,73,2.8800935614305416,0.619802389598895
3936,1968.0,1.968,420.4830216535868,45.26386744663351,146,73,2.880020696257444,0.620052978721007
3937,1968.5,1.9685,420.466233536568,45.28754884146992,146,73,2.8799057091545754,0.6203773813899989
3938,1969.0,1.969,420.4480602369797,45.31900075817987,146,74,2.879781234499861,0.6124189291645928
3939,1969.5,1.9695,420.4319316714762,45.35503373962683,146,74,2.879670764873125,0.6129058613463085
3940,1970.0,1.97,420.4176618161424,45.393382931605146,146,74,2.8795730261379617,0.6134240936703398
3941,1970.5,1.9705,420.4052798241621,45.43384923078587,146,74,2.879488217973713,0.6139709355511602
3942,1971.0,1.971,420.39511716289906,45.476153254302496,146,74,2.879418610704788,0.6145426115446284
3943,1971.5,1.9715,420.3850460315587,45.518172481532545,146,74,2.879349630353142,0.615110438939629
3944,1972.0,1.972,420.3715414346792,45.559486214130445,146,74,2.8792571331142414,0.6156687326233844
3945,1972.5,1.9725,420.3555733144416,45.59601223535542,146,74,2.879147762427682,0.6161623275048029
3946,1973.0,1.973,420.34248949873574,45.63250908435939,146,74,2.8790581472516146,0.6166555281670186
3947,1973.5,1.9735,420.33401715786766,45.67027280286494,146,74,2.8790001175196416,0.6171658486873639
3948,1974.0,1.974,420.33101590235896,45.70679469995369,146,74,2.878979560975061,0.6176593878372121
3949,1974.5,1.9745,420.33313988775495,45.74443748511023,146,74,2.878994108820239,0.6181680741231111
3950,1975.0,1.975,420.34121639351775,45.78513775500999,146,74,2.8790494273528617,0.6187180777704052
3951,1975.5,1.9755,420.35380573222886,45.834942209009284,146,74,2.879135655700198,0.6193911109325579
3952,1976.0,1.976,420.3671537889343,45.88429720034348,146,74,2.879227080746125,0.6200580702749119
3953,1976.5,1.9765,420.384642510714,45.936413462526765,146,74,2.8793468665117397,0.6207623440881995
3954,1977.0,1.977,420.4054178699996,45.990876045967354,146,74,2.879489163493148,0.6214983249455048
3955,1977.5,1.9775,420.421163369842,46.036597795668975,146,74,2.8795970093824796,0.6221161864279591
3956,1978.0,1.978,420.4311942299355,46.075197677775215,146,74,2.879665713903668,0.6226378064564216
3957,1978.5,1.9785,420.438394984143,46.112373879704634,146,74,2.8797150341379654,0.6231401875635761
3958,1979.0,1.979,420.44097417640427,46.14648719568985,146,74,2.8797326998383856,0.6236011783201332
3959,1979.5,1.9795,420.44309784420363,46.1822266632138,146,73,2.8797472455082436,0.6326332419618327
3960,1980.0,1.98,420.44372182883137,46.21648561178027,146,73,2.8797515193755574,0.633102542627127
3961,1980.5,1.9805,420.442265890096,46.24524570910244,146,72,2.8797415471924386,0.6422950792930895
3962,1981.0,1.981,420.44172453988085,46.280266688097804,146,72,2.8797378393142523,0.6427814817791362
3963,1981.5,1.9815,420.442018536359,46.31660081411081,146,72,2.8797398529887603,0.6432861224182057
3964,1982.0,1.982,420.4362962663532,46.34715600589648,146,72,2.879700659358584,0.6437105000818955
3965,1982.5,1.9825,420.43192740690364,46.382025090460566,146,73,2.879670735663724,0.6353702067186379
3966,1983.0,1.983,420.41567212020794,46.41454236063271,146,73,2.8795593980836163,0.6358156487757906
3967,1983.5,1.9835,420.40274306104754,46.44845710264606,146,73,2.879470842883887,0.6362802342828229
3968,1984.0,1.984,420.39339367513116,46.47722886526029,146,73,2.8794068059940496,0.6366743680172642
3969,1984.5,1.9845,420.3834381768747,46.504439323152106,146,73,2.879338617649827,0.6370471140157822
3970,1985.0,1.985,420.3704598591998,46.52751313453039,146,73,2.8792497250630125,0.637363193623704
3971,1985.5,1.9855,420.360578381214,46.54994875625693,146,73,2.8791820437069453,0.6376705309076292
3972,1986.0,1.986,420.35319500562076,46.57676273579265,146,73,2.8791314726412387,0.6380378456957898
3973,1986.5,1.9865,420.3477516566777,46.60557851669061,146,73,2.879094189429299,0.6384325824204193
3974,1987.0,1.987,420.34172658280266,46.62968492842719,146,73,2.8790529218000187,0.6387628072387286
3975,1987.5,1.9875,420.3333031317677,46.64846765622805,146,73,2.878995226929916,0.6390201048798363
3976,1988.0,1.988,420.32414953902895,46.658373483769445,146,73,2.8789325310892395,0.6391558011475266
3977,1988.5,1.9885,420.3158410338995,46.66862443995154,146,73,2.8788756235198596,0.6392962252048157
3978,1989.0,1.989,420.30864814225004,46.67872887650534,146,73,2.8788263571386987,0.6394346421439087
3979,1989.5,1.9895,420.3029675659605,46.685997028522166,146,73,2.878787449081921,0.6395342058701666
3980,1990.0,1.99,420.2979933311258,46.692213505637014,146,73,2.8787533789803135,0.639619363090918
3981,1990.5,1.9905,420.29494252983693,46.6948275234022,146,73,2.878732483081075,0.6396551715534549
3982,1991.0,1.991,420.29506621725994,46.705211155656315,146,73,2.8787333302552045,0.6397974130911824
3983,1991.5,1.9915,420.298836335703,46.728989621705374,146,72,2.8787591529842667,0.649013744745908
3984,1992.0,1.992,420.30645468069895,46.759644643139794,146,72,2.8788113334294447,0.6494395089324971
3985,1992.5,1.9925,420.31113504637267,46.79366618958016,146,72,2.87884339072858,0.6499120304108355
3986,1993.0,1.993,420.3208406722136,46.83316141462306,146,72,2.8789098676179017,0.6504605752030981
3987,1993.5,1.9935,420.3335459641783,46.875303332134884,146,72,2.8789968901656047,0.6510458796129844
3988,1994.0,1.994,420.34450498695315,46.91469185830618,146,72,2.879071951965433,0.6515929424764747
3989,1994.5,1.9945,420.3586075107235,46.95556607263439,146,72,2.8791685445939965,0.6521606398977
3990,1995.0,1.995,420.37482354060785,46.99617130354085,146,72,2.8792796132918346,0.6527246014380673
3991,1995.5,1.9955,420.3855063514613,47.028344073351995,146,72,2.8793527832291863,0.6531714454632221
3992,1996.0,1.996,420.39628011952203,47.059672951386084,146,72,2.8794265761611095,0.6536065687692512
3993,1996.5,1.9965,420.40967628714895,47.09815145882474,146,72,2.8795183307338967,0.654140992483677
3994,1997.0,1.997,420.42310018228557,47.12803377793833,146,72,2.879610275221134,0.6545560246935879
3995,1997.5,1.9975,420.43641743586596,47.153699857683606,146,72,2.879701489286753,0.6549124980233835
3996,1998.0,1.998,420.45135065674265,47.174292601811004,146,71,2.879803771621525,0.6644266563635354
3997,1998.5,1.9985,420.46818307039024,47.197899810110826,146,71,2.8799190621259605,0.6647591522550823
3998,1999.0,1.999,420.4872122414021,47.22482706348843,146,71,2.880049398913713,0.6651384093449075
3999,1999.5,1.9995,420.5020454243328,47.24953681337763,146,71,2.880150996057074,0.6654864339912342
4000,2000.0,2.0,420.51414190876164,47.26540765319736,146,71,2.8802338486901484,0.6657099669464417
4001,2000.5,2.0005,420.52906541628494,47.283906852946075,146,71,2.8803360644951024,0.6659705190555786
4002,2001.0,2.001,420.54419272638984,47.30577235617619,146,71,2.8804396762081494,0.6662784838898054
4003,2001.5,2.0015,420.55529187560273,47.33068281450503,146,72,2.880515697778101,0.6573705946459033
4004,2002.0,2.002,420.5599683178806,47.34939183514345,146,72,2.8805477282046614,0.6576304421547702
4005,2002.5,2.0025,420.5652108961944,47.36433705789874,146,72,2.8805836362753046,0.657838014693038
4006,2003.0,2.003,420.5720488676024,47.382858317608886,146,71,2.8806304716959072,0.6673642016564633
4007,2003.5,2.0035,420.57690711364455,47.408622022564714,146,70,2.8806637473537298,0.6772660288937816
4008,2004.0,2.004,420.5706167247426,47.43015572763383,146,70,2.880620662498237,0.6775736532519119
4009,2004.5,2.0045,420.5641054073625,47.455752520432995,146,70,2.8805760644339897,0.6779393217204713
4010,2005.0,2.005,420.55992097355585,47.48277102610474,146,70,2.8805474039284653,0.6783253003729249
4011,2005.5,2.0055,420.5576262718634,47.51393780729101,146,70,2.880531686793585,0.6787705401041572
4012,2006.0,2.006,420.5543782359926,47.544992574655396,146,70,2.880509439972552,0.6792141796379342
4013,2006.5,2.0065,420.5500436833463,47.57478425779059,146,69,2.8804797512557965,0.6894896269245013
4014,2007.0,2.007,420.54656372148264,47.60471442999946,146,69,2.8804559159005656,0.6899233975362242
4015,2007.5,2.0075,420.5436677267519,47.635786201531765,146,69,2.880436080320219,0.6903737130656779
4016,2008.0,2.008,420.54111075743145,47.65592235567443,146,69,2.880418566831722,0.690665541386586
4017,2008.5,2.0085,420.5387540679863,47.6694172324192,146,69,2.8804024251231937,0.690861119310423
4018,2009.0,2.009,420.53653093000696,47.68230252336198,146,69,2.8803871981507325,0.6910478626574201
4019,2009.5,2.0095,420.53447140688723,47.695541649047925,146,69,2.880373091827994,0.6912397340441729
4020,2010.0,2.01,420.53270099913414,47.70995178296845,146,69,2.880360965747494,0.6914485765647602
4021,2010.5,2.0105,420.52947695343545,47.721471662062505,146,69,2.880338883242709,0.6916155313342394
4022,2011.0,2.011,420.5267744338698,47.72764410560318,146,70,2.8803203728347246,0.6818234872229026
4023,2011.5,2.0115,420.5254256931991,47.73754505098721,146,71,2.880311134884925,0.672359789450524
4024,2012.0,2.012,420.5229188170142,47.75225652359511,146,71,2.8802939645000976,0.672566993290072
4025,2012.5,2.0125,420.5169667680257,47.75264157031964,146,71,2.880253197041272,0.6725724164833752
4026,2013.0,2.013,420.5135054860362,47.75556569705012,146,71,2.8802294896303855,0.6726136013669032
4027,2013.5,2.0135,420.5129004919216,47.76344268057563,146,71,2.880225345835079,0.6727245447968399
4028,2014.0,2.014,420.5154883966611,47.77595811046075,146,70,2.8802430712100078,0.6825136872922964
4029,2014.5,2.0145,420.52159452433756,47.79583997134619,146,70,2.8802848940023122,0.6827977138763741
4030,2015.0,2.015,420.52865355728005,47.82823011527129,146,71,2.880333243543014,0.6736370438770605
4031,2015.5,2.0155,420.53914986372394,47.8696363733064,146,71,2.8804051360529037,0.6742202306099494
4032,2016.0,2.016,420.55368523975415,47.91178908735676,146,71,2.880504693422974,0.6748139308078416
4033,2016.5,2.0165,420.57202669125326,47.9557596526519,146,71,2.880630319803105,0.6754332345443929
4034,2017.0,2.017,420.586226946011,47.993058887519425,146,71,2.8807275818219935,0.6759585758805553
4035,2017.5,2.0175,420.60269660920574,48.02986887718536,146,71,2.880840387734286,0.6764770264392304
4036,2018.0,2.018,420.6154159042117,48.05457633520705,146,71,2.880927506193231,0.676825018805733
4037,2018.5,2.0185,420.6206246525062,48.0688520886546,146,71,2.880963182551412,0.6770260857556986
4038,2019.0,2.019,420.6241443813231,48.07906612013228,146,71,2.8809872902830347,0.6771699453539759
4039,2019.5,2.0195,420.6315099179654,48.0910313590499,146,71,2.881037739164147,0.6773384698457732
4040,2020.0,2.02,420.63719259886113,48.09862948887491,146,71,2.8810766616360346,0.6774454857588016
4041,2020.5,2.0205,420.6464839936321,48.1070943195412,146,71,2.8811403013262478,0.6775647087259323
4042,2021.0,2.021,420.65137508033564,48.10980414002119,146,71,2.881173801920107,0.6776028752115659
4043,2021.5,2.0215,420.66023329079167,48.11840406235214,146,71,2.8812344745944634,0.6777240008781993
4044,2022.0,2.022,420.66338079661983,48.12012401006642,146,71,2.88125603285356,0.6777482254938932
4045,2022.5,2.0225,420.65544779269766,48.11393386911679,146,71,2.8812016972102583,0.6776610404100957
4046,2023.0,2.023,420.6497677535393,48.10892153437336,146,71,2.8811627928324612,0.6775904441461036
4047,2023.5,2.0235,420.6461227554295,48.103548792754665,146,71,2.8811378270919827,0.6775147717289387
4048,2024.0,2.024,420.6448297596047,48.09797442967157,146,71,2.8811289709561967,0.6774362595728389
4049,2024.5,2.0245,420.647341388538,48.100700675432975,146,70,2.8811461738940958,0.6871528667918997
4050,2025.0,2.025,420.65144504928026,48.10719683289072,146,70,2.8811742811594536,0.6872456690412959
4051,2025.5,2.0255,420.6591805603321,48.11037826482927,146,69,2.8812272641118644,0.6972518589105693
4052,2026.0,2.026,420.67159311994027,48.11455796822001,146,69,2.8813122816434267,0.6973124343220292
4053,2026.5,2.0265,420.6879190529653,48.119798520053,146,69,2.8814241031025016,0.6973883843485943
4054,2027.0,2.027,420.70624969977274,48.125090408377964,146,69,2.881549655477895,0.6974650783822893
4055,2027.5,2.0275,420.7260614155657,48.13018869705912,146,69,2.881685352161409,0.6975389666240452
4056,2028.0,2.028,420.73885855873255,48.12930284484497,146,69,2.881773003826935,0.6975261281861591
4057,2028.5,2.0285,420.75155709450536,48.12035968971392,146,69,2.8818599800993523,0.6973965172422307
4058,2029.0,2.029,420.7640677861687,48.112622908786435,146,69,2.881945669768279,0.697284389982412
4059,2029.5,2.0295,420.7733806084244,48.10652578272869,146,69,2.882009456222085,0.6971960258366475
4060,2030.0,2.03,420.78021750249627,48.10932672772743,146,69,2.882056284263673,0.6972366192424265
4061,2030.5,2.0305,420.78032728210724,48.10665570846578,146,69,2.8820570361788165,0.6971979088183446
4062,2031.0,2.031,420.7787540928348,48.099198817703304,146,69,2.8820462609098274,0.6970898379377289
4063,2031.5,2.0315,420.77800740172296,48.09520260150864,146,70,2.8820411465871434,0.6870743228786949
4064,2032.0,2.032,420.77875710784724,48.09783250133904,146,70,2.8820462815605974,0.6871118928762721
4065,2032.5,2.0325,420.7816975922745,48.1040411023625,146,70,2.8820664218648933,0.687200587176607
4066,2033.0,2.033,420.7851587185029,48.10915173537597,146,70,2.8820901282089237,0.6872735962196567
4067,2033.5,2.0335,420.79187693359586,48.11433339658581,146,70,2.8821361433807935,0.687347619951226
4068,2034.0,2.034,420.80277768875743,48.12014781156052,146,70,2.8822108060873797,0.6874306830222932
4069,2034.5,2.0345,420.8107560927272,48.11720023214197,146,70,2.882265452689912,0.6873885747448851
4070,2035.0,2.035,420.8211612182825,48.11097331398956,146,70,2.8823367206731674,0.6872996187712793
4071,2035.5,2.0355,420.82729558238464,48.09829155800477,146,70,2.882378736865648,0.6871184508286395
4072,2036.0,2.036,420.83402125704373,48.08531252086078,146,70,2.8824248031304367,0.6869330360122969
4073,2036.5,2.0365,420.8441990039568,48.073930092135114,146,71,2.882494513725732,0.6770976069314806
4074,2037.0,2.037,420.85711633833296,48.06898995987347,146,71,2.882582988618719,0.6770280276038517
4075,2037.5,2.0375,420.8720359516008,48.06454136580621,146,71,2.882685177750691,0.6769653713493833
4076,2038.0,2.038,420.88847229795493,48.06858805721903,146,71,2.8827977554654445,0.6770223670030852
4077,2038.5,2.0385,420.9061471354943,48.080938767861426,146,71,2.882918815996536,0.6771963206741046
4078,2039.0,2.039,420.92493430541845,48.10021170401335,146,71,2.883047495242592,0.6774677704790613
4079,2039.5,2.0395,420.94367864640816,48.123349968814004,146,71,2.883175881139782,0.6777936615325916
4080,2040.0,2.04,420.9592725210121,48.14664498820955,146,71,2.883282688500083,0.6781217603973176
4081,2040.5,2.0405,420.9757929023387,48.17124328034276,146,71,2.883395841796841,0.678468215216095
4082,2041.0,2.041,420.99151807732784,48.193839233007,146,71,2.883503548474848,0.678786468070521
4083,2041.5,2.0415,421.00782366612566,48.215066381552866,146,71,2.883615230589902,0.6790854419937025
4084,2042.0,2.042,421.0278125802809,48.23960296896928,146,71,2.8837521409608287,0.6794310277319618
4085,2042.5,2.0425,421.0458325890441,48.257532793072876,146,71,2.883875565678384,0.679683560465815
4086,2043.0,2.043,421.07008223952363,48.28255331658378,146,72,2.88404165917482,0.6705910182858859
4087,2043.5,2.0435,421.1006789545956,48.30912618302383,146,73,2.884251225716408,0.6617688518222442
4088,2044.0,2.044,421.12774878526017,48.331791235587716,146,73,2.8844366355154807,0.6620793319943522
4089,2044.5,2.0445,421.144075837813,48.34034777135692,146,73,2.8845484646425548,0.6621965448131085
4090,2045.0,2.045,421.16117229316956,48.33772316045702,146,73,2.884665563651846,0.6621605912391372
4091,2045.5,2.0455,421.1805873047119,48.33645177436722,146,74,2.8847985431829586,0.6531952942482057
4092,2046.0,2.046,421.2018121250118,48.338940283821245,146,74,2.8849439186644643,0.6532289227543412
4093,2046.5,2.0465,421.2186878622189,48.33507902761903,146,74,2.885059505905609,0.6531767436164734
4094,2047.0,2.047,421.23422457844447,48.33032178999852,146,74,2.8851659217701675,0.6531124566216017
4095,2047.5,2.0475,421.2470008280905,48.33083134287511,146,74,2.8852534303293873,0.6531193424712853
4096,2048.0,2.048,421.260420101185,48.32302295909326,146,74,2.8853453431588014,0.6530138237715305
4097,2048.5,2.0485,421.2742715958564,48.335104901705606,146,73,2.8854402164099757,0.6621247246808986
4098,2049.0,2.049,421.288649048758,48.3560542508081,146,73,2.8855386921147805,0.6624117020658644
4099,2049.5,2.0495,421.30391968550236,48.360031762250046,146,73,2.8856432855171397,0.6624661885239732
4100,2050.0,2.05,421.3207326728521,48.35383969932432,146,74,2.88575844296474,0.6534302662070853
4101,2050.5,2.0505,421.33982671725164,48.3499619748109,146,74,2.8858892240907648,0.6533778645244717
4102,2051.0,2.051,421.3617717927795,48.346016157271,146,74,2.8860395328272572,0.6533245426658243
4103,2051.5,2.0515,421.3823449916624,48.336723281411665,146,74,2.886180445148373,0.6531989632623197
4104,2052.0,2.052,421.4042802995396,48.323941412757776,146,74,2.886330686983148,0.6530262353075375
4105,2052.5,2.0525,421.43171698327507,48.311460038553804,146,74,2.8865186094744866,0.6528575680885649
4106,2053.0,2.053,421.46035601069224,48.29488737822865,146,74,2.886714767196522,0.6526336132193061
4107,2053.5,2.0535,421.486687156647,48.27098936834366,146,74,2.8868951175112807,0.6523106671397794
4108,2054.0,2.054,421.50920319256835,48.253001585910404,146,74,2.8870493369354,0.6520675889987894
4109,2054.5,2.0545,421.52656093504015,48.23325371439922,146,73,2.887168225582467,0.6607295029369755
4110,2055.0,2.055,421.5480741663164,48.216409421645714,146,73,2.887315576481619,0.6604987592006262
4111,2055.5,2.0555,421.573005064143,48.201039770579975,146,73,2.887486336055774,0.6602882160353423
4112,2056.0,2.056,421.59977783778555,48.18664923444525,146,73,2.887669711217709,0.6600910854033596
4113,2056.5,2.0565,421.62885674378435,48.174538492894456,146,73,2.887868881806742,0.6599251848341706
4114,2057.0,2.057,421.65986182510716,48.16583520624427,146,73,2.8880812453774465,0.6598059617293737
4115,2057.5,2.0575,421.69015682063485,48.159845779113596,146,73,2.8882887453468147,0.659723914782378
4116,2058.0,2.058,421.7054865894516,48.13766151150162,146,73,2.888393743763367,0.6594200207055018
4117,2058.5,2.0585,421.72189263709254,48.11492962467632,146,73,2.8885061139526886,0.659108624995566
4118,2059.0,2.059,421.7395822888178,48.094637900201434,146,73,2.888627275950807,0.6588306561671428
4119,2059.5,2.0595,421.75896928475527,48.076454571357104,146,73,2.8887600635942143,0.6585815694706452
4120,2060.0,2.06,421.780352376811,48.05914546052124,146,74,2.8889065231288424,0.6494479116286656
4121,2060.5,2.0605,421.8039849135461,48.03963374776462,146,74,2.8890683898188088,0.649184239834657
4122,2061.0,2.061,421.8300400212503,48.02673076571915,146,74,2.8892468494606183,0.6490098752124209
4123,2061.5,2.0615,421.85842320516616,48.00364122076024,146,74,2.8894412548299053,0.6486978543345977
4124,2062.0,2.062,421.88903113078686,47.98123681292752,146,74,2.8896508981560745,0.6483950920665882
4125,2062.5,2.0625,421.921625867014,47.96054523596485,146,74,2.889874149774068,0.6481154761616872
4126,2063.0,2.063,421.95376607058427,47.941522039043,146,74,2.8900942881546867,0.6478584059330135
4127,2063.5,2.0635,421.9834415170994,47.926238951704995,146,73,2.890297544637667,0.6565238212562328
4128,2064.0,2.064,422.0064638507708,47.902663968393405,146,73,2.8904552318545944,0.6562008762793617
4129,2064.5,2.0645,422.0290671929437,47.87683680556839,146,72,2.890610049266738,0.6649560667440054
4130,2065.0,2.065,422.04883785840116,47.84997031544943,146,72,2.8907454647835693,0.6645829210479087
4131,2065.5,2.0655,422.0525347213284,47.80749383355771,146,72,2.8907707857625233,0.6639929699105237
4132,2066.0,2.066,422.05640661045237,47.76572524858297,146,72,2.890797305551043,0.6634128506747635
4133,2066.5,2.0665,422.0618058110772,47.72619396780378,146,72,2.890834286377241,0.6628638051083858
4134,2067.0,2.067,422.0681725250614,47.69197103459105,146,74,2.89087789400727,0.6444860950620412
4135,2067.5,2.0675,422.07199527235804,47.66021758843121,146,74,2.8909040772079315,0.6440569944382596
4136,2068.0,2.068,422.07763539351026,47.62363085659456,146,74,2.8909427081747276,0.6435625791431697
4137,2068.5,2.0685,422.0851227894956,47.58039894585017,146,74,2.890993991708874,0.6429783641331104
4138,2069.0,2.069,422.0945229702238,47.54245492754773,146,74,2.891058376508383,0.6424656071290233
4139,2069.5,2.0695,422.104837512019,47.50378790584603,146,74,2.8911290240549246,0.6419430798087301
4140,2070.0,2.07,422.1055466404539,47.462040947849026,146,73,2.8911338810989995,0.6501649444910825
4141,2070.5,2.0705,422.1028403746385,47.41258127550667,146,73,2.8911153450317704,0.649487414732968
4142,2071.0,2.071,422.10220299315074,47.359090992280215,146,73,2.891110979405142,0.6487546711271263
4143,2071.5,2.0715,422.1034974830125,47.30274902027359,146,73,2.8911198457740586,0.647982863291419
4144,2072.0,2.072,422.1066474585679,47.24374960634669,146,73,2.891141420949095,0.6471746521417355
4145,2072.5,2.0725,422.1108063176733,47.18049311373176,146,73,2.891169906285433,0.6463081248456405
4146,2073.0,2.073,422.1121901689871,47.10835228660338,146,74,2.8911793847190896,0.6365993552243698
4147,2073.5,2.0735,422.1154015788378,47.027865094554045,146,74,2.8912013806769714,0.6355116904669466
4148,2074.0,2.074,422.1210382309904,46.943872874304496,146,74,2.891239987883496,0.6343766604635743
4149,2074.5,2.0745,422.12439063491195,46.85913497964456,146,74,2.8912629495541915,0.6332315537789807
4150,2075.0,2.075,422.12350317138885,46.78081701577143,146,74,2.89125687103691,0.6321732029158301
4151,2075.5,2.0755,422.1231196373942,46.71572357261374,146,74,2.891254244091741,0.6312935617920775
4152,2076.0,2.076,422.12541896641073,46.649910606260086,146,74,2.8912699929206216,0.630404197381893
4153,2076.5,2.0765,422.130867343923,46.58925332291019,146,74,2.891307310574815,0.6295845043636512
4154,2077.0,2.077,422.1393000852781,46.534208921554125,146,74,2.891365069077247,0.6288406611020829
4155,2077.5,2.0775,422.1457018689119,46.47607364413092,146,74,2.891408916910356,0.6280550492450124
4156,2078.0,2.078,422.15385353275593,46.41947966649975,146,73,2.891464750224356,0.6358832831027362
4157,2078.5,2.0785,422.1614748389866,46.36226255266877,146,73,2.8915169509519627,0.6350994870228597
4158,2079.0,2.079,422.1633274505636,46.300172076983046,146,73,2.891529640072354,0.6342489325614116
4159,2079.5,2.0795,422.1667031815671,46.24506814239467,146,73,2.8915527615175822,0.6334940841423927
4160,2080.0,2.08,422.1729087520047,46.19152196070416,146,73,2.8915952654246895,0.6327605748041666
4161,2080.5,2.0805,422.1819809647935,46.13388169765324,146,72,2.891657403868449,0.6407483569118505
4162,2081.0,2.081,422.19387339216064,46.077578379718986,146,72,2.8917388588504154,0.6399663663849859
4163,2081.5,2.0815,422.2085148782212,46.023426596707004,146,72,2.8918391430015156,0.6392142582875973
4164,2082.0,2.082,422.22585648395926,45.971596428034324,146,72,2.891957921123008,0.6384943948338101
4165,2082.5,2.0825,422.2396257172374,45.91461484128052,146,71,2.8920522309399823,0.6466847160743736
4166,2083.0,2.083,422.23916288721165,45.83333349232982,146,71,2.8920490608713125,0.6455399083426735
4167,2083.5,2.0835,422.23427641390276,45.750464068844856,146,70,2.892015591876046,0.6535780581263553
4168,2084.0,2.084,422.22487663017296,45.66322445465325,146,70,2.891951209795705,0.6523317779236179
4169,2084.5,2.0845,422.21919596280924,45.58063757223994,146,69,2.891912301115132,0.6605889503223178
4170,2085.0,2.085,422.2146620523759,45.507844342448344,146,69,2.8918812469340813,0.6595339759775121
4171,2085.5,2.0855,422.212425511914,45.44298852712746,146,71,2.891865928163795,0.6400420919313727
4172,2086.0,2.086,422.2100217407101,45.37992278142638,146,71,2.8918494639774663,0.6391538419919209
4173,2086.5,2.0865,422.2052812910667,45.315782283464465,146,71,2.8918169951442922,0.6382504546966825
4174,2087.0,2.087,422.2048984316401,45.25687800631299,146,71,2.8918143728194527,0.6374208169903238
4175,2087.5,2.0875,422.2088804027741,45.20292824796165,146,71,2.8918416465943437,0.6366609612388965
4176,2088.0,2.088,422.20952091898255,45.146019799595024,146,71,2.891846033691661,0.635859433797113
4177,2088.5,2.0885,422.2127350800654,45.091775492797495,146,71,2.8918680484935986,0.6350954294760212
4178,2089.0,2.089,422.209196899652,45.030759762522024,146,71,2.8918438143811778,0.634236052993268
4179,2089.5,2.0895,422.2047902604174,44.974299543152426,146,70,2.891813631920667,0.6424899934736061
4180,2090.0,2.09,422.1969768171315,44.92281883484151,146,70,2.891760115185832,0.64175455478345
4181,2090.5,2.0905,422.19137950190344,44.87442470021151,146,70,2.891721777410297,0.6410632100030215
4182,2091.0,2.091,422.18748066214175,44.82573725283367,146,70,2.891695073028368,0.640367675040481
4183,2091.5,2.0915,422.1847965068116,44.776057552997344,146,70,2.8916766884028187,0.6396579650428192
4184,2092.0,2.092,422.1738919931658,44.720883927690444,146,70,2.8916019999531906,0.638869770395578
4185,2092.5,2.0925,422.15930163096635,44.664592145231836,146,70,2.8915020659655224,0.6380656020747405
4186,2093.0,2.093,422.14518927730404,44.60899013043758,146,69,2.8914054060089316,0.6465071033396751
4187,2093.5,2.0935,422.1314857674763,44.56010874878466,146,69,2.8913115463525774,0.6457986775186183
4188,2094.0,2.094,422.1182702515919,44.51265613312157,146,69,2.891221029120493,0.6451109584510372
4189,2094.5,2.0945,422.1057432062511,44.4702650115567,146,69,2.891135227440076,0.6444965943703871
4190,2095.0,2.095,422.09422033660957,44.422839931240226,146,69,2.891056303675408,0.6438092743658005
4191,2095.5,2.0955,422.0798357960041,44.37047677044501,146,69,2.8909577794246855,0.6430503879774639
4192,2096.0,2.096,422.0627414274248,44.31013477666828,146,69,2.8908406947083884,0.6421758663285256
4193,2096.5,2.0965,422.04802031702815,44.25167636131735,146,69,2.890739865185124,0.6413286429176429
4194,2097.0,2.097,422.03178814500615,44.191035569118895,146,69,2.8906286859247,0.6404497908567957
4195,2097.5,2.0975,422.0189235609545,44.13449410752891,146,70,2.8905405723353046,0.6304927729646987
4196,2098.0,2.098,422.00973350306015,44.08567521492302,146,70,2.8904776267332886,0.6297953602131862
4197,2098.5,2.0985,422.0043038180341,44.03894925960637,146,70,2.8904404371098225,0.6291278465658052
4198,2099.0,2.099,422.0016128045442,43.99142938840478,146,70,2.8904220055105774,0.6284489912629254
4199,2099.5,2.0995,422.0017576886741,43.94310119047827,146,71,2.8904229978676304,0.6189169181757501
4200,2100.0,2.1,422.0049047602456,43.89560021275949,146,72,2.890444553152367,0.609661114066104
4201,2100.5,2.1005,422.01053518498765,43.84641246458462,146,72,2.8904831177053945,0.6089779508970086
4202,2101.0,2.101,422.0181123815931,43.80206382930486,146,72,2.8905350163122816,0.6083619976292343
4203,2101.5,2.1015,422.02266947216646,43.75398470978452,146,72,2.890566229261414,0.6076942320803406
4204,2102.0,2.102,422.0259109065925,43.704983070779925,146,72,2.890588430867072,0.6070136537608323
4205,2102.5,2.1025,422.0255264347195,43.65789893654918,146,71,2.890585797498079,0.6148999850218193
4206,2103.0,2.103,422.0174885633643,43.60388994455217,146,71,2.8905307435846868,0.6141392949936927
4207,2103.5,2.1035,422.0103549292251,43.55329692374071,146,70,2.890481883076884,0.6221899560534389
4208,2104.0,2.104,422.0043710262617,43.50982964515953,146,70,2.8904408974401488,0.6215689949308504
4209,2104.5,2.1045,421.9989974977588,43.46730658700521,146,70,2.890404092450402,0.6209615226715028
4210,2105.0,2.105,421.98673910429864,43.41896429473279,146,70,2.8903201308513604,0.6202709184961828
4211,2105.5,2.1055,421.9763340026027,43.374164601421775,146,70,2.8902488630315255,0.619630922877454
4212,2106.0,2.106,421.96608065018194,43.335410466445765,146,69,2.8901786345902867,0.6280494270499385
4213,2106.5,2.1065,421.95399596124724,43.30217464386057,146,69,2.8900958627482694,0.6275677484617472
4214,2107.0,2.107,421.9395051937217,43.2712500191051,146,69,2.889996610915902,0.6271195654942767
4215,2107.5,2.1075,421.92451490701956,43.246958604713186,146,68,2.8898939377193122,0.635984685363429
4216,2108.0,2.108,421.9114496918653,43.22521761837253,146,69,2.8898044499442825,0.6264524292517758
4217,2108.5,2.1085,421.8917625098284,43.198223103854104,146,69,2.8896696062317013,0.6260612044036826
4218,2109.0,2.109,421.8689014163816,43.17167226645772,146,69,2.889513023399874,0.6256764096588076
4219,2109.5,2.1095,421.8483237306296,43.150804534002816,146,69,2.8893720803467784,0.6253739787536639
4220,2110.0,2.11,421.82963122841164,43.13087696702387,146,69,2.889244049509669,0.6250851734351287
4221,2110.5,2.1105,421.81176124021084,43.113096976129945,146,69,2.8891216523302115,0.6248274924076803
4222,2111.0,2.111,421.79235937841975,43.09483294115392,146,69,2.8889887628658886,0.6245627962486077
4223,2111.5,2.1115,421.77351642640684,43.07463445842311,146,69,2.888859701550732,0.6242700646148276
4224,2112.0,2.112,421.75347311530936,43.05597195735635,146,69,2.888722418598009,0.6239995935848747
4225,2112.5,2.1125,421.7318832542797,43.03891167477304,146,69,2.888574542837532,0.6237523431126527
4226,2113.0,2.113,421.7081449935477,43.01950111670162,146,69,2.8884119520106,0.6234710306768352
4227,2113.5,2.1135,421.68597692233925,43.00235911371267,146,68,2.888260115906433,0.6323876340251863
4228,2114.0,2.114,421.66608862436004,42.98796190724141,146,68,2.8881238946873977,0.632175910400609
4229,2114.5,2.1145,421.6493728901949,42.97830150977654,146,68,2.8880094033574992,0.6320338457320079
4230,2115.0,2.115,421.63127554963904,42.968766665391236,146,68,2.88788544897013,0.631893627432224
4231,2115.5,2.1155,421.61557261787,42.96471622961971,146,68,2.887777894642945,0.6318340622002898
4232,2116.0,2.116,421.5985654108659,42.965228327719934,146,68,2.8876614069237387,0.6318415930547048
4233,2116.5,2.1165,421.5818135114913,42.968188703315306,146,68,2.8875466678869266,0.6318851279899311
4234,2117.0,2.117,421.5681980018743,42.980244642678215,146,68,2.887453410971742,0.632062421215856
4235,2117.5,2.1175,421.55503085125986,42.994109683242996,146,68,2.887363225008629,0.6322663188712205
4236,2118.0,2.118,421.54578635873247,43.02156217732885,146,67,2.887299906566661,0.6421128683183412
4237,2118.5,2.1185,421.5351853644783,43.052716969788364,146,67,2.8872272970169752,0.6425778652207217
4238,2119.0,2.119,421.52726041351076,43.09382597255285,146,66,2.8871730165308955,0.6529367571598916
4239,2119.5,2.1195,421.52117272140146,43.13898564285177,146,66,2.887131320009599,0.6536209945886632
4240,2120.0,2.12,421.51606218548244,43.18561901349614,146,66,2.887096316338921,0.6543275608105475
4241,2120.5,2.1205,421.5112722919052,43.234180841188426,146,67,2.8870635088486662,0.6452862812117678
4242,2121.0,2.121,421.5031166032975,43.27935950633731,146,67,2.887007647967791,0.6459605896468256
4243,2121.5,2.1215,421.4943730643252,43.325126107062516,146,67,2.8869477607145564,0.646643673239739
4244,2122.0,2.122,421.48183216687136,43.37398851467019,146,66,2.886861864156653,0.6571816441616695
4245,2122.5,2.1225,421.4688359709176,43.429271448531054,146,66,2.8867728491158737,0.6580192643716826
4246,2123.0,2.123,421.45498346783813,43.47610784787829,146,66,2.8866779689577955,0.6587289067860348
4247,2123.5,2.1235,421.4405659599653,43.520415842564205,146,66,2.8865792189038717,0.6594002400388517
4248,2124.0,2.124,421.42768251366834,43.56489203263078,146,66,2.8864909761210162,0.6600741217065269
4249,2124.5,2.1245,421.40668977656446,43.600103268215825,146,66,2.8863471902504414,0.6606076252759973
4250,2125.0,2.125,421.3855195388549,43.637151604759424,146,66,2.8862021886222937,0.6611689637084762
4251,2125.5,2.1255,421.3668574770399,43.672893879584684,146,66,2.886074366281095,0.6617105133270407
4252,2126.0,2.126,421.35124301353187,43.711064015901066,146,66,2.885967417900903,0.6622888487257739
4253,2126.5,2.1265,421.33890762929894,43.752414804258194,146,66,2.885882928967801,0.6629153758220938
4254,2127.0,2.127,421.33011479195966,43.795411571545,146,66,2.8858227040545184,0.6635668419931061
4255,2127.5,2.1275,421.3249833714832,43.838137268556764,146,66,2.8857875573389262,0.6642142010387388
4256,2128.0,2.128,421.314630563352,43.87286855807757,146,66,2.885716647694192,0.6647404326981451
4257,2128.5,2.1285,421.3077066544341,43.91024662133988,146,67,2.885669223660508,0.6553768152438787
4258,2129.0,2.129,421.3043798187553,43.943389629693804,146,67,2.8856464371147625,0.6558714870103554
4259,2129.5,2.1295,421.3047415810879,43.97823119127287,146,67,2.885648914938958,0.6563915103175054
4260,2130.0,2.13,421.30885462372873,44.01389791936698,146,67,2.8856770864638954,0.6569238495427908
4261,2130.5,2.1305,421.3167671966186,44.04973691965407,146,67,2.885731282168621,0.6574587599948369
4262,2131.0,2.131,421.32565361625984,44.08234882027564,146,67,2.8857921480565745,0.6579455047802335
4263,2131.5,2.1315,421.33471679996666,44.11224071117105,146,67,2.885854224657306,0.658391652405538
4264,2132.0,2.132,421.34260774451735,44.137309013588606,146,67,2.8859082722227214,0.6587658061729643
4265,2132.5,2.1325,421.3528872746043,44.15793684653401,146,67,2.8859786799630434,0.659073684276627
4266,2133.0,2.133,421.3681932759513,44.17618285174723,146,67,2.8860835155887075,0.6593460127126451
4267,2133.5,2.1335,421.3887284955721,44.1909153639759,146,67,2.886224167777891,0.6595659009548641
4268,2134.0,2.134,421.41461211576257,44.20614575958883,146,67,2.886401452847689,0.6597932202923705
4269,2134.5,2.1345,421.445809257172,44.223400304389926,146,67,2.8866151318984383,0.66005075081179
4270,2135.0,2.135,421.4786853150508,44.243087804633774,146,67,2.8868403103770603,0.6603445940990117
4271,2135.5,2.1355,421.51500605774004,44.271984653243514,146,67,2.8870890825872606,0.6607758903469182
4272,2136.0,2.136,421.5522812078401,44.301163365495746,146,67,2.8873443918345214,0.661211393514862
4273,2136.5,2.1365,421.5809924229753,44.32069259410199,146,67,2.887541043992982,0.6615028745388357
4274,2137.0,2.137,421.6102620127653,44.34008307575059,146,67,2.887741520635379,0.6617922847126954
4275,2137.5,2.1375,421.64214005141713,44.35718479715652,146,67,2.8879598633658703,0.6620475342859182
4276,2138.0,2.138,421.6763775116769,44.37529668581067,146,67,2.888194366518335,0.6623178609822488
4277,2138.5,2.1385,421.7105511290156,44.396078993983075,146,67,2.888428432390518,0.6626280446863144
4278,2139.0,2.139,421.7434724059564,44.419139810247906,146,67,2.888653920588743,0.6629722359738494
4279,2139.5,2.1395,421.7781697263365,44.44268652287281,146,67,2.888891573468058,0.6633236794458628
4280,2140.0,2.14,421.8141625492196,44.466555908566924,146,67,2.889138099652189,0.6636799389338347
4281,2140.5,2.1405,421.8512965130753,44.49015572425843,146,67,2.8893924418703785,0.6640321749889317
4282,2141.0,2.141,421.88503068073203,44.50653673269577,146,67,2.889623497813233,0.6642766676521757
4283,2141.5,2.1415,421.91420989064227,44.512701929775716,146,67,2.889823355415358,0.6643686855190406
4284,2142.0,2.142,421.9446800695692,44.51801855433897,146,67,2.8900320552710217,0.6644480381244622
4285,2142.5,2.1425,421.9764343337483,44.51222677696782,146,67,2.890249550231152,0.6643615936860869
4286,2143.0,2.143,422.00733310634934,44.502111506057474,146,67,2.890461185659927,0.6642106194933951
4287,2143.5,2.1435,422.03849237738837,44.49387924978535,146,67,2.8906746053245778,0.6640877499967963
4288,2144.0,2.144,422.0704073227268,44.48432062511826,146,67,2.890893200840595,0.663945083956989
4289,2144.5,2.1445,422.10276953698644,44.47667193580021,146,66,2.891114859842373,0.6738889687242456
4290,2145.0,2.145,422.135197606087,44.47156418352035,146,66,2.891336969904705,0.6738115785381871
4291,2145.5,2.1455,422.16448530923935,44.469324135416954,146,67,2.8915375706112285,0.6637212557524919
4292,2146.0,2.146,422.1895957553822,44.47311807837465,146,67,2.8917095599683713,0.6637778817667858
4293,2146.5,2.1465,422.2144327380046,44.47680669701067,146,67,2.8918796762877026,0.6638329357762786
4294,2147.0,2.147,422.24005925124976,44.48120268309268,146,67,2.892055200351026,0.663898547508846
4295,2147.5,2.1475,422.2670143007653,44.48640883871999,146,67,2.8922398239778446,0.663976251324179
4296,2148.0,2.148,422.2913253199242,44.48877155600194,146,68,2.8924063378077003,0.6542466405294404
4297,2148.5,2.1485,422.3163599816735,44.49477394161285,146,67,2.892577808093654,0.664101103606162
4298,2149.0,2.149,422.33731090590476,44.49730336668313,146,67,2.89272130757469,0.6641388562191513
4299,2149.5,2.1495,422.35820333875915,44.50106786538575,146,67,2.892864406429857,0.6641950427669516
4300,2150.0,2.15,422.3816397420745,44.51234436502486,146,67,2.8930249297402364,0.6643633487317143
4301,2150.5,2.1505,422.4072692963061,44.52890036728761,146,67,2.893200474632233,0.6646104532430988
4302,2151.0,2.151,422.43339508625286,44.54446557036714,146,67,2.8933794183989923,0.6648427697069722
4303,2151.5,2.1515,422.456841703533,44.55027235241862,146,67,2.893540011668034,0.6649294380958003
4304,2152.0,2.152,422.4801945437415,44.55350379442178,146,67,2.8936999626283666,0.6649776685734594
4305,2152.5,2.1525,422.50753472819883,44.5600553852546,146,67,2.8938872241657454,0.6650754535112627
4306,2153.0,2.153,422.53886649979574,44.570831788010366,146,67,2.8941018253410666,0.6652362953434382
4307,2153.5,2.1535,422.57379541635464,44.58530453233578,146,67,2.89434106449558,0.6654523064527728
4308,2154.0,2.154,422.6120677663765,44.602925155882396,146,67,2.8946032038792913,0.6657153008340657
4309,2154.5,2.1545,422.6530949981466,44.62310424446867,146,67,2.894884212316073,0.6660164812607265
4310,2155.0,2.155,422.6952222961801,44.64376560529043,146,67,2.895172755453288,0.6663248597804542
4311,2155.5,2.1555,422.7362727159893,44.660523429498376,146,67,2.8954539227122553,0.6665749765596772
4312,2156.0,2.156,422.77306263979216,44.67159108305711,146,68,2.8957059084917267,0.6569351629861339
4313,2156.5,2.1565,422.8101022906029,44.68245017837361,146,68,2.895959604730157,0.6570948555643177
4314,2157.0,2.157,422.8480920195206,44.695742488167966,146,69,2.8962198083528805,0.6477643838864923
4315,2157.5,2.1575,422.88745124569454,44.708349699078376,146,69,2.8964893920937986,0.6479470970880923
4316,2158.0,2.158,422.92828318877963,44.718370370159626,146,69,2.8967690629368463,0.6480923242052121
4317,2158.5,2.1585,422.97191074639744,44.72717006983801,146,69,2.89706788182464,0.648219856084609
4318,2159.0,2.159,423.0135239826444,44.735081281276884,146,69,2.8973529039907153,0.6483345113228535
4319,2159.5,2.1595,423.04785927151005,44.74064961724431,146,69,2.897588077202123,0.6484152118441205
4320,2160.0,2.16,423.08577431545245,44.74663839591656,146,68,2.897847769283921,0.6580387999399494
4321,2160.5,2.1605,423.1169822916685,44.74345186201921,146,68,2.8980615225456745,0.6579919391473412
4322,2161.0,2.161,423.1463841232959,44.734964035317496,146,68,2.8982629049540813,0.6578671181664337
4323,2161.5,2.1615,423.18007161685915,44.729921977152685,146,68,2.898493641211364,0.6577929702522455
4324,2162.0,2.162,423.21814614062043,44.72524800578565,146,68,2.898754425620688,0.6577242353792008
4325,2162.5,2.1625,423.260274781205,44.72014858633275,146,68,2.8990429779534583,0.6576492439166581
4326,2163.0,2.163,423.3029024156841,44.716279649049504,146,68,2.899334948052631,0.6575923477801398
4327,2163.5,2.1635,423.3355141853995,44.701160813647945,146,68,2.8995583163383523,0.657370011965411
4328,2164.0,2.164,423.3643531911625,44.683310967783555,146,68,2.8997558437750857,0.6571075142321112
4329,2164.5,2.1645,423.3890095883816,44.66549406141231,146,68,2.8999247232080934,0.6568455009031222
4330,2165.0,2.165,423.4086494765888,44.645177931548474,146,68,2.9000592429903347,0.6565467342874776
4331,2165.5,2.1655,423.42784092181296,44.62278834756672,146,68,2.900190691245294,0.6562174756995107
4332,2166.0,2.166,423.4421203205072,44.59489826272416,146,68,2.9002884953459396,0.6558073273930024
4333,2166.5,2.1665,423.4482603383139,44.55788477789645,146,68,2.900330550262424,0.6552630114396537
4334,2167.0,2.167,423.4551321044548,44.52821038604892,146,68,2.9003776171538,0.6548266233242486
4335,2167.5,2.1675,423.46272712068844,44.49990802158392,146,68,2.9004296378129344,0.6544104120821166
4336,2168.0,2.168,423.47112180151964,44.47159808311946,146,68,2.9004871356268467,0.653994089457639
4337,2168.5,2.1685,423.4804442744702,44.444337044808705,146,68,2.9005509881813025,0.6535931918354221
4338,2169.0,2.169,423.49086519302307,44.423116714832986,146,68,2.9006223643357743,0.6532811281593086
4339,2169.5,2.1695,423.50261531048324,44.416706629985185,146,66,2.900702844592351,0.672980403484624
4340,2170.0,2.17,423.51586781913454,44.41430464087672,146,66,2.9007936151995515,0.6729440097102535
4341,2170.5,2.1705,423.5278301921664,44.40732989700058,146,66,2.9008755492614138,0.6728383317727361
4342,2171.0,2.171,423.5296056969105,44.389460597239264,146,66,2.9008877102528112,0.6725675848066555
4343,2171.5,2.1715,423.5316949938158,44.377010516437934,146,66,2.9009020205055878,0.6723789472187566
4344,2172.0,2.172,423.5345479682794,44.372651502609706,146,67,2.9009215614265713,0.6622783806359658
4345,2172.5,2.1725,423.5382524105497,44.37270040558825,146,67,2.9009469343188337,0.6622791105311678
4346,2173.0,2.173,423.53601959181424,44.36351497414104,146,67,2.9009316410398234,0.6621420145394185
4347,2173.5,2.1735,423.5332301613488,44.35270271573913,146,67,2.9009125353517042,0.6619806375483451
4348,2174.0,2.174,423.5316183047523,44.34198274317203,146,67,2.9009014952380294,0.6618206379577916
4349,2174.5,2.1745,423.53149504337784,44.33324267084692,146,67,2.90090065098204,0.6616901891171181
4350,2175.0,2.175,423.5322057381604,44.32513913226124,146,67,2.9009055187545236,0.6615692407800184
4351,2175.5,2.1755,423.5301209786805,44.313425655269,146,67,2.9008912395800035,0.661394412765209
4352,2176.0,2.176,423.52766156228944,44.30018214364626,146,67,2.900874394262256,0.6611967484126308
4353,2176.5,2.1765,423.5273990494078,44.29668626585823,146,68,2.9008725962288207,0.6514218568508563
4354,2177.0,2.177,423.53052407642,44.31206690574199,146,68,2.9008940005234245,0.6516480427314998
4355,2177.5,2.1775,423.534135131243,44.32173373000854,146,68,2.900918733775637,0.6517902019118902
4356,2178.0,2.178,423.53624827708757,44.327991428112405,146,68,2.900933207377312,0.651882226884006
4357,2178.5,2.1785,423.5400441691456,44.337333252467985,146,68,2.900959206637983,0.6520196066539411
4358,2179.0,2.179,423.5449141807073,44.35481442394487,146,69,2.900992562881557,0.6428233974484765
4359,2179.5,2.1795,423.54891804243243,44.37393940015197,146,69,2.901019986592003,0.6431005710166953
4360,2180.0,2.18,423.55177029375335,44.39719205157807,146,69,2.9010395225599543,0.6434375659648995
4361,2180.5,2.1805,423.5535916720709,44.4261381136759,146,69,2.9010519977539104,0.6438570741112449
4362,2181.0,2.181,423.54819095349734,44.45088281885276,146,69,2.9010150065308036,0.6442156930268516
4363,2181.5,2.1815,423.54011326764413,44.475503880069496,146,69,2.9009596799153705,0.6445725200010071
4364,2182.0,2.182,423.5274681709562,44.50929566534029,146,69,2.9008730696640836,0.6450622560194245
4365,2182.5,2.1825,423.5083524235498,44.540605782005656,146,69,2.9007421398873277,0.6455160258261691
4366,2183.0,2.183,423.4787402883185,44.56907415845513,146,69,2.9005393170432776,0.6459286109921033
4367,2183.5,2.1835,423.4451248772252,44.59942546833932,146,69,2.9003090745015427,0.6463684850483961
4368,2184.0,2.184,423.39884277708677,44.61750095899408,146,69,2.8999920738156626,0.6466304486810737
4369,2184.5,2.1845,423.3497551457578,44.63175661859329,146,69,2.8996558571627244,0.6468370524433811
4370,2185.0,2.185,423.3009912077156,44.644204917994884,146,69,2.899321857587093,0.647017462579636
4371,2185.5,2.1855,423.2470325663047,44.649018433003135,146,69,2.8989522778514023,0.647087223666712
4372,2186.0,2.186,423.19336152259837,44.65138430194483,146,69,2.8985846679630023,0.6471215116223888
4373,2186.5,2.1865,423.1385887793738,44.65513950353943,146,70,2.8982095121874916,0.6379305643362774
4374,2187.0,2.187,423.0860687789878,44.65859586381318,146,70,2.897849786157451,0.6379799409116169
4375,2187.5,2.1875,423.0360319652685,44.65723295176981,146,70,2.8975070682552637,0.6379604707395684
4376,2188.0,2.188,422.98753622423754,44.65747213582543,146,70,2.8971749056454623,0.637963887654649
4377,2188.5,2.1885,422.9366204854833,44.66366414583596,146,70,2.89682616770879,0.6380523449405139
4378,2189.0,2.189,422.88922600671657,44.67239066250174,146,70,2.89650154799121,0.6381770094643108
4379,2189.5,2.1895,422.84574424782977,44.68380150332015,146,70,2.8962037277248616,0.6383400214760021
4380,2190.0,2.19,422.8064530572967,44.69791540643557,146,70,2.8959346099814844,0.6385416486633652
4381,2190.5,2.1905,422.77079791567536,44.713693819729215,146,70,2.895690396682708,0.6387670545675602
4382,2191.0,2.191,422.7381988415903,44.73030224751781,146,70,2.895467115353358,0.6390043178216832
4383,2191.5,2.1915,422.70922711320964,44.75633557963318,146,70,2.8952686788576,0.6393762225661884
4384,2192.0,2.192,422.67979598476677,44.77518425588825,146,70,2.895067095786074,0.6396454893698321
4385,2192.5,2.1925,422.6410907339955,44.777430930185176,146,70,2.894801991328736,0.6396775847169313
4386,2193.0,2.193,422.5988575178232,44.76933738044453,146,70,2.8945127227248166,0.639561962577779
4387,2193.5,2.1935,422.561781499294,44.75928091689542,146,70,2.8942587773924244,0.6394182988127918
4388,2194.0,2.194,422.52299379336955,44.739826096497076,146,70,2.893993108173764,0.6391403728071011
4389,2194.5,2.1945,422.4794099211748,44.70645246910634,146,70,2.893694588501197,0.638663606701519
4390,2195.0,2.195,422.4378570101234,44.6693748474866,146,70,2.8934099795213934,0.6381339263926658
4391,2195.5,2.1955,422.40199500421943,44.633251206331856,146,70,2.8931643493439685,0.6376178743761695
4392,2196.0,2.196,422.3717310713152,44.59308523027183,146,70,2.892957062132296,0.637044074718169
4393,2196.5,2.1965,422.3469342432284,44.55385998927459,146,70,2.8927872208440304,0.636483714132494
4394,2197.0,2.197,422.32721974889205,44.51817052558317,146,70,2.8926521900609043,0.6359738646511882
4395,2197.5,2.1975,422.31194066640165,44.49144538418013,146,70,2.8925475388109705,0.6355920769168589
4396,2198.0,2.198,422.29853788093595,44.47648037466216,146,70,2.89245573891052,0.6353782910666023
4397,2198.5,2.1985,422.2793814565836,44.458336094515964,146,70,2.8923245305245455,0.6351190870645138
4398,2199.0,2.199,422.2590739392686,44.44061360994069,146,71,2.892185437940196,0.6259241353512772
4399,2199.5,2.1995,422.239569204756,44.4296046631676,146,71,2.8920518438681917,0.625769079762924
4400,2200.0,2.2,422.2202220557655,44.42019407599306,146,71,2.891919329149079,0.6256365362815924
4401,2200.5,2.2005,422.20065181435496,44.411850962764035,146,71,2.8917852863996916,0.6255190276445639
4402,2201.0,2.201,422.1799559282678,44.404034993784194,146,71,2.891643533755259,0.6254089435744252
4403,2201.5,2.2015,422.15472308491013,44.3962486702675,146,71,2.8914707060610287,0.625299277046021
4404,2202.0,2.202,422.12912344390384,44.388437922288176,146,71,2.891295366054136,0.6251892665111011
4405,2202.5,2.2025,422.103237969522,44.3803125080943,146,71,2.8911180682843973,0.6250748240576661
4406,2203.0,2.203,422.0774017931551,44.372292436690536,146,70,2.8909411081722953,0.6338898919527219
4407,2203.5,2.2035,422.05196952378975,44.3635800680573,146,70,2.890766914546505,0.6337654295436759
4408,2204.0,2.204,422.02381341318323,44.357347266768414,146,70,2.890574064473858,0.6336763895252632
4409,2204.5,2.2045,421.994212607025,44.34605252328885,146,70,2.890371319226199,0.6335150360469838
4410,2205.0,2.205,421.96208667355563,44.32551139741798,146,70,2.8901512785859977,0.6332215913916854
4411,2205.5,2.2055,421.9298129209372,44.30589940878421,146,70,2.8899302254858714,0.6329414201254886
4412,2206.0,2.206,421.8925606580293,44.28526809196245,146,69,2.8896750730002005,0.6418154795936587
4413,2206.5,2.2065,421.85284184133394,44.265464611503916,146,69,2.889403026310506,0.6415284726304914
4414,2207.0,2.207,421.81136887939914,44.24643078939464,146,69,2.889118964927391,0.641252620136154
4415,2207.5,2.2075,421.7654745087831,44.22299055261378,146,69,2.888804619923172,0.6409129065596201
4416,2208.0,2.208,421.718242918861,44.18817545943986,146,69,2.8884811158826094,0.640408339991882
4417,2208.5,2.2085,421.67113536680154,44.15143703804958,146,69,2.888158461416449,0.6398758991021677
4418,2209.0,2.209,421.62357700014104,44.113744774437585,146,69,2.8878327191790483,0.6393296344121389
4419,2209.5,2.2095,421.57369529466155,44.080879719776256,146,69,2.887491063662065,0.6388533292721197
4420,2210.0,2.21,421.51427497316655,44.04538780977477,146,69,2.8870840751586746,0.6383389537648518
4421,2210.5,2.2105,421.45188707746,44.008653359547786,146,69,2.8866567608045206,0.6378065704282289
4422,2211.0,2.211,421.3884274280478,43.976962400584675,146,68,2.8862221056715605,0.6467200353027158
4423,2211.5,2.2115,421.31677843577125,43.94355840084701,146,68,2.885731359149118,0.6462288000124561
4424,2212.0,2.212,421.24245437329085,43.91363559852825,146,69,2.8852222902280196,0.6364295014279456
4425,2212.5,2.2125,421.1699620279508,43.889895681847285,146,69,2.8847257673147313,0.6360854446644534
4426,2213.0,2.213,421.1003163827364,43.86799624782234,146,69,2.8842487423475096,0.6357680615626427
4427,2213.5,2.2135,421.034888827438,43.848175899107154,146,69,2.88380060840711,0.6354808101319878
4428,2214.0,2.214,420.97235674517555,43.81976734633721,146,69,2.8833723064738055,0.6350690919759016
4429,2214.5,2.2145,420.9102392614257,43.792678529435534,146,69,2.88294684425634,0.6346765004266018
4430,2215.0,2.215,420.8536401691478,43.773267814973494,146,69,2.882559179240739,0.6343951857242535
4431,2215.5,2.2155,420.7979795905846,43.752369568722806,146,69,2.8821779424012646,0.6340923125901856
4432,2216.0,2.216,420.7428435173264,43.7303328554115,146,69,2.881800298063879,0.6337729399334998
4433,2216.5,2.2165,420.6904098495204,43.71087380085867,146,69,2.8814411633528794,0.6334909246501257
4434,2217.0,2.217,420.6406382731765,43.69430850251299,146,69,2.8811002621450443,0.6332508478625071
4435,2217.5,2.2175,420.5951640316227,43.68419763593948,146,69,2.880788794737142,0.6331043135643405
4436,2218.0,2.218,420.5535117991114,43.67710808741199,146,69,2.880503505473366,0.6330015664842317
4437,2218.5,2.2185,420.5153288130862,43.66924375138338,146,69,2.880241978171824,0.6328875905997591
4438,2219.0,2.219,420.48030875076773,43.66357703498592,146,69,2.8800021147312864,0.6328054642751583
4439,2219.5,2.2195,420.44814299908677,43.65661756990279,146,69,2.879781801363608,0.6327046024623593
4440,2220.0,2.22,420.4159339174524,43.6443919018612,146,69,2.8795611912154278,0.6325274188675535
4441,2220.5,2.2205,420.3834251839265,43.62580412055398,146,69,2.879338528657031,0.6322580307326664
4442,2221.0,2.221,420.3544356397663,43.604011816265995,146,69,2.8791399701353857,0.6319422002357391
4443,2221.5,2.2215,420.3292189232324,43.58286090046827,146,68,2.878967252898852,0.6409244250068864
4444,2222.0,2.222,420.308016286066,43.56051933683476,146,68,2.878822029356616,0.6405958726005111
4445,2222.5,2.2225,420.28799785369614,43.53308947962006,146,68,2.878684916806138,0.6401924923473539
4446,2223.0,2.223,420.255969007589,43.48837072713647,146,68,2.87846554114787,0.6395348636343599
4447,2223.5,2.2235,420.2209768033924,43.436766780026836,146,68,2.878225868516386,0.6387759820592183
4448,2224.0,2.224,420.19110255107256,43.3929168806943,146,67,2.878021250349812,0.6476554758312584
4449,2224.5,2.2245,420.1659224300748,43.357801214387734,146,67,2.877848783767636,0.6471313614087721
4450,2225.0,2.225,420.14443505278683,43.322476162908586,146,67,2.8777016099505945,0.6466041218344565
4451,2225.5,2.2255,420.1223254778883,43.28737072798364,146,67,2.8775501745060836,0.6460801601191588
4452,2226.0,2.226,420.10258469296537,43.244315993207,146,67,2.877414963650448,0.6454375521374178
4453,2226.5,2.2265,420.08449470763406,43.21086440030663,146,67,2.8772910596413297,0.6449382746314424
4454,2227.0,2.227,420.06498465601123,43.178057533930165,146,67,2.877157429150762,0.6444486199094054
4455,2227.5,2.2275,420.0435765744536,43.14391320264126,146,67,2.8770107984551614,0.6439390030244965
4456,2228.0,2.228,420.0226469334452,43.1050009012405,146,67,2.876867444749624,0.6433582224065747
4457,2228.5,2.2285,420.0019121270719,43.076157038732404,146,67,2.8767254255278893,0.6429277169960059
4458,2229.0,2.229,419.98150812335285,43.05155555170451,146,68,2.876585672077759,0.633111111054478
4459,2229.5,2.2295,419.9616732977593,43.03035848240666,146,68,2.8764498171079405,0.6327993894471569
4460,2230.0,2.23,419.9427873726944,43.00567967605825,146,68,2.8763204614568108,0.6324364658243861
4461,2230.5,2.2305,419.9225420443485,42.979391570635876,146,68,2.8761817948243054,0.6320498760387628
4462,2231.0,2.231,419.9014557432913,42.95112064453888,146,68,2.876037368104735,0.6316341271255718
4463,2231.5,2.2315,419.88267629860695,42.923384086990126,146,68,2.8759087417712803,0.6312262365733842
4464,2232.0,2.232,419.86360583478785,42.893300243089215,146,68,2.875778122156081,0.6307838271042533
4465,2232.5,2.2325,419.84881402563457,42.86755633483562,146,68,2.875676808394757,0.6304052402181709
4466,2233.0,2.233,419.83873604424303,42.84613676799116,146,68,2.875607781124952,0.6300902465881055
4467,2233.5,2.2335,419.83378679727787,42.82417206552095,146,68,2.875573882173136,0.629767236257661
4468,2234.0,2.234,419.8341256305896,42.80682497028174,146,68,2.8755762029492438,0.6295121319159079
4469,2234.5,2.2345,419.83966643190934,42.801328731478904,146,68,2.8756141536432147,0.6294313048746896
4470,2235.0,2.235,419.8500730070823,42.80143563841629,146,68,2.8756854315553584,0.6294328770355336
4471,2235.5,2.2355,419.86485037985227,42.80179525328368,146,68,2.8757866464373447,0.629438165489466
4472,2236.0,2.236,419.8833421770488,42.81095005659536,146,69,2.875913302582526,0.6204485515448602
4473,2236.5,2.2365,419.9049443167942,42.82468772051571,146,69,2.8760612624437956,0.6206476481234162
4474,2237.0,2.237,419.92334222655217,42.83667328216657,146,69,2.8761872755243294,0.6208213519154576
4475,2237.5,2.2375,419.9348383666086,42.84308613784942,146,69,2.8762660162096476,0.6209142918528902
4476,2238.0,2.238,419.943841565046,42.85099546241048,146,69,2.87632768195237,0.6210289197450793
4477,2238.5,2.2385,419.9498208169541,42.858313466163736,146,68,2.8763686357325624,0.6302693156788785
4478,2239.0,2.239,419.9575350485827,42.87024057591362,146,68,2.876421472935498,0.630444714351671
4479,2239.5,2.2395,419.9670350257002,42.87938597336284,146,68,2.876486541271919,0.6305792054906301
4480,2240.0,2.24,419.9783932592619,42.886150162813095,146,68,2.876564337392205,0.6306786788648985
4481,2240.5,2.2405,419.985784789866,42.886417938930805,146,68,2.8766149643141508,0.6306826167489824
4482,2241.0,2.241,419.99471515451285,42.88855033036752,146,68,2.8766761311952935,0.6307139754465813
4483,2241.5,2.2415,420.00652440109207,42.89204078689069,146,68,2.8767570164458363,0.630765305689569
4484,2242.0,2.242,420.0192207856149,42.89477151849878,146,68,2.8768439779836634,0.630805463507335
4485,2242.5,2.2425,420.03125661857996,42.89610205674008,146,68,2.876926415195753,0.6308250302461778
4486,2243.0,2.243,420.0464525943067,42.900716109166645,146,68,2.8770304972212783,0.630892883958333
4487,2243.5,2.2435,420.0613014328901,42.90586477459671,146,68,2.877132201595138,0.630968599626422
4488,2244.0,2.244,420.08013450212894,42.916378531276344,146,68,2.8772611952200613,0.6311232136952403
4489,2244.5,2.2445,420.1021645708868,42.93173126665378,146,68,2.8774120861019647,0.6313489892154968
4490,2245.0,2.245,420.12645701653423,42.951135006344735,146,68,2.877578472715988,0.631634338328599
4491,2245.5,2.2455,420.15043235011973,42.97853500190632,146,68,2.8777426873295875,0.6320372794397988
4492,2246.0,2.246,420.17478702139846,43.01411660847448,146,68,2.877909500146565,0.632560538359919
4493,2246.5,2.2465,420.19963445622034,43.05206366718062,146,68,2.878079688056303,0.6331185833408915
4494,2247.0,2.247,420.22321993065333,43.087112336950334,146,68,2.8782412324017352,0.6336340049551519
4495,2247.5,2.2475,420.23998093859655,43.11409320748313,146,68,2.878356033826004,0.6340307824629869
4496,2248.0,2.248,420.2551270489965,43.13927315560062,146,68,2.8784597743081957,0.6344010758176561
4497,2248.5,2.2485,420.2717443799287,43.1640686994795,146,68,2.878573591643347,0.6347657161688162
4498,2249.0,2.249,420.28505635243073,43.18700443441434,146,68,2.8786647695371967,0.6351030063884463
4499,2249.5,2.2495,420.3000802520431,43.211856121715805,146,68,2.878767672959199,0.6354684723781737
4500,2250.0,2.25,420.31930603876515,43.23784680541586,146,67,2.8788993564298986,0.6453409970957592
4501,2250.5,2.2505,420.3433832039064,43.271418142981034,146,67,2.8790642685199073,0.6458420618355379
4502,2251.0,2.251,420.36368257825154,43.29637995406692,146,67,2.8792033053304897,0.6462146261801034
4503,2251.5,2.2515,420.3892135296012,43.322387834573234,146,67,2.8793781748602822,0.6466028035010929
4504,2252.0,2.252,420.41768765810605,43.348064012705755,146,67,2.879573203137712,0.6469860300403844
4505,2252.5,2.2525,420.4494635870122,43.37470184983289,146,67,2.8797908464863853,0.6473836096989984
4506,2253.0,2.253,420.4833064840073,43.40189689734608,146,67,2.880022647150735,0.6477895059305384
4507,2253.5,2.2535,420.5190952196287,43.431532234872414,146,67,2.8802677754769084,0.6482318244010808
4508,2254.0,2.254,420.55848702722477,43.465775608881074,146,67,2.8805375823782517,0.6487429195355386
4509,2254.5,2.2545,420.600745828618,43.50271310369422,146,67,2.8808270262234106,0.649294225428272
4510,2255.0,2.255,420.63461041539466,43.53520286584928,146,67,2.8810589754479086,0.6497791472514819
4511,2255.5,2.2555,420.6680160985277,43.56911782092211,146,67,2.881287781496765,0.6502853406107777
4512,2256.0,2.256,420.70010357742837,43.60122753875588,146,67,2.8815075587495094,0.6507645901306848
4513,2256.5,2.2565,420.72664612437575,43.62824815904359,146,67,2.8816893570162723,0.6511678829707999
4514,2257.0,2.257,420.74690426073033,43.651497637912954,146,67,2.881828111374866,0.6515148901181038
4515,2257.5,2.2575,420.7675106214511,43.66926751862374,146,67,2.881969250831857,0.6517801122182648
4516,2258.0,2.258,420.78601149408394,43.680914718841734,146,66,2.8820959691375614,0.6618320411945716
4517,2258.5,2.2585,420.78896499278824,43.67603138793524,146,66,2.8821161985807415,0.6617580513323522
4518,2259.0,2.259,420.7854415978446,43.66303848749281,146,66,2.8820920657386617,0.6615611892044366
4519,2259.5,2.2595,420.78430666088974,43.64524411224295,146,66,2.882084292197875,0.6612915774582264
4520,2260.0,2.26,420.7838049776761,43.62352676306285,146,66,2.8820808560114797,0.6609625267130734
4521,2260.5,2.2605,420.7874796891926,43.60246750323447,146,66,2.882106025268442,0.6606434470187041
4522,2261.0,2.261,420.7936846505063,43.58774167888753,146,66,2.8821485250034677,0.6604203284679929
4523,2261.5,2.2615,420.7981778226125,43.566528541037286,146,67,2.8821793001548803,0.6502466946423476
4524,2262.0,2.262,420.8034200986126,43.54495409137559,146,67,2.8822152061548807,0.6499246879309789
4525,2262.5,2.2625,420.8118112627804,43.52698042831755,146,67,2.8822726798820577,0.6496564243032469
4526,2263.0,2.263,420.82214038799106,43.514762371713935,146,67,2.882343427315007,0.6494740652494616
4527,2263.5,2.2635,420.8295416309857,43.4966276527909,146,67,2.882394120760176,0.6492033978028491
4528,2264.0,2.264,420.83351446956596,43.47711306910611,146,67,2.8824213319833283,0.6489121353597926
4529,2264.5,2.2645,420.83973768921527,43.45938359993064,146,67,2.882463956775447,0.6486475164168753
4530,2265.0,2.265,420.83981735002857,43.438243953022166,146,68,2.882464502397456,0.6387977051915023
4531,2265.5,2.2655,420.83248536914454,43.41145485880792,146,68,2.882414283350305,0.638403747923646
4532,2266.0,2.266,420.82505608092487,43.38533426096964,146,68,2.8823633978145535,0.6380196214848477
4533,2266.5,2.2665,420.8125108348922,43.355099299584296,146,68,2.8822774714718644,0.637574989699769
4534,2267.0,2.267,420.79327091503245,43.31929238548977,146,69,2.882145691198852,0.6278158316737649
4535,2267.5,2.2675,420.77867473218646,43.28897705719343,146,69,2.882045717343743,0.6273764790897598
4536,2268.0,2.268,420.76896452409244,43.2618579372511,146,70,2.8819792090691263,0.61802654196073
4537,2268.5,2.2685,420.76087395508233,43.240123215201606,146,70,2.881923794212893,0.6177160459314515
4538,2269.0,2.269,420.75868996880837,43.222959292958095,146,70,2.8819088354027973,0.6174708470422586
4539,2269.5,2.2695,420.7622223374923,43.212521961040295,146,70,2.8819330297088515,0.6173217423005757
4540,2270.0,2.27,420.7701508043204,43.20736909842999,146,71,2.8819873342761673,0.6085544943440845
4541,2270.5,2.2705,420.78267616490257,43.21165812496954,146,71,2.8820731244171407,0.6086149031685849
4542,2271.0,2.271,420.79027064267336,43.209007417261084,146,71,2.8821251413881734,0.6085775692571983
4543,2271.5,2.2715,420.79909824754253,43.208625210066124,146,70,2.882185604435223,0.6172660744295162
4544,2272.0,2.272,420.81057900995967,43.21392242180517,146,71,2.8822642397942446,0.6086467946733122
4545,2272.5,2.2725,420.8260025358012,43.22221410501482,146,71,2.8823698803821998,0.6087635789438707
4546,2273.0,2.273,420.84538165921936,43.227697204931026,146,71,2.8825026141042422,0.6088408057032539
4547,2273.5,2.2735,420.86020397719767,43.239523550088386,146,71,2.882604136830121,0.6090073739449067
4548,2274.0,2.274,420.8712777562258,43.24380001964587,146,71,2.8826799846316837,0.6090676059105051
4549,2274.5,2.2745,420.88447049155974,43.2489222523811,146,72,2.882770345832601,0.6006794757275151
4550,2275.0,2.275,420.88499577385306,43.240081524928726,146,72,2.8827739436565274,0.6005566878462322
4551,2275.5,2.2755,420.8865274259281,43.2298241143727,146,71,2.882784434424165,0.6088707621742634
4552,2276.0,2.276,420.8912042646529,43.222005481158675,146,71,2.8828164675661156,0.6087606405796996
4553,2276.5,2.2765,420.899656694683,43.2178801105214,146,71,2.8828743609224863,0.608702536767907
4554,2277.0,2.277,420.90640728217573,43.21007688310249,146,71,2.882920597823122,0.6085926321563732
4555,2277.5,2.2775,420.91423439085276,43.199140536373775,146,71,2.8829742081565253,0.6084385991038559
4556,2278.0,2.278,420.92164384447267,43.185579540393164,146,69,2.883024957838854,0.6258779643535242
4557,2278.5,2.2785,420.92906654444664,43.17069114717914,146,69,2.8830757982496347,0.6256621905388282
4558,2279.0,2.279,420.939756465464,43.15502821527356,146,69,2.883149016886739,0.6254351915257037
4559,2279.5,2.2795,420.9537795308773,43.13939171586865,146,69,2.883245065279982,0.6252085755922993
4560,2280.0,2.28,420.9712602972359,43.12465518199146,146,69,2.883364796556411,0.6249950026375574
4561,2280.5,2.2805,420.9908696517605,43.11420108982778,146,68,2.8834991072038387,0.6340323689680558
4562,2281.0,2.281,421.0107531222309,43.10896622364082,146,67,2.8836352953577458,0.6434174063229973
4563,2281.5,2.2815,421.03076745047423,43.10556691093251,146,67,2.8837723797977692,0.6433666703124256
4564,2282.0,2.282,421.04733120949624,43.1067020899735,146,67,2.883885830202029,0.6433836132831865
4565,2282.5,2.2825,421.0568109714934,43.109455672062126,146,68,2.8839507600787218,0.6339625834126782
4566,2283.0,2.283,421.07011998817126,43.114777121383476,146,68,2.8840419177272,0.6340408400203452
4567,2283.5,2.2835,421.08568607161914,43.11706647371632,146,68,2.884148534737117,0.6340745069664167
4568,2284.0,2.284,421.0996602577563,43.12337199946981,146,68,2.884244248340796,0.6341672352863208
4569,2284.5,2.2845,421.1105307869066,43.13679179913489,146,69,2.8843187040199085,0.6251708956396362
4570,2285.0,2.285,421.1214305973279,43.149096178472725,146,70,2.884393360255671,0.6164156596924674
4571,2285.5,2.2855,421.13009357838894,43.16259946994374,146,71,2.88445269574239,0.6079239361963906
4572,2286.0,2.286,421.134987223299,43.17317508975759,146,71,2.884486213858212,0.608072888588135
4573,2286.5,2.2865,421.13913597731613,43.18262528532713,146,71,2.8845146299816173,0.6082059899341848
4574,2287.0,2.287,421.1446422223078,43.18776585817654,146,71,2.88455234398841,0.6082783923686836
4575,2287.5,2.2875,421.1508283589503,43.19469354560127,146,71,2.8845947147873314,0.6083759654310037
4576,2288.0,2.288,421.1569823417793,43.20294781965282,146,71,2.884636865354653,0.6084922228120114
4577,2288.5,2.2885,421.1592588356698,43.20461084425821,146,71,2.8846524577785604,0.6085156456937776
4578,2289.0,2.289,421.15724153457734,43.205453695848796,146,72,2.88463864064779,0.6000757457756778
4579,2289.5,2.2895,421.153459948689,43.20986848973307,146,72,2.884612739374582,0.6001370623574037
4580,2290.0,2.29,421.1478523260673,43.21497982299021,146,72,2.884574331000461,0.6002080530970862
4581,2290.5,2.2905,421.1405486542193,43.220650850425564,146,72,2.8845243058508174,0.6002868173670218
4582,2291.0,2.291,421.1310824513659,43.225973024502025,146,72,2.884459468844972,0.600360736451417
4583,2291.5,2.2915,421.11578375805885,43.226729670715315,146,72,2.884354683274376,0.6003712454266016
4584,2292.0,2.292,421.09776271218584,43.22768140433014,146,73,2.8842312514533277,0.5921600192373992
4585,2292.5,2.2925,421.08083329925716,43.22568599192025,146,73,2.8841152965702546,0.5921326848208254
4586,2293.0,2.293,421.06563468593833,43.21414233273877,146,73,2.8840111964790296,0.5919745525032709
4587,2293.5,2.2935,421.0455837009061,43.193642962973904,146,73,2.8838738609651102,0.5916937392188205
4588,2294.0,2.294,421.02526916197826,43.17119697418295,146,73,2.8837347202875225,0.5913862599203142
4589,2294.5,2.2945,421.0066241582368,43.14971829151305,146,73,2.8836070147824433,0.5910920313905897
4590,2295.0,2.295,420.99019859422896,43.13103459795268,146,72,2.8834945109193764,0.5990421471937872
4591,2295.5,2.2955,420.97574052302497,43.1162260821114,146,72,2.883395483034417,0.5988364733626583
4592,2296.0,2.296,420.96031807575486,43.103089611455395,146,72,2.883289849833937,0.5986540223813248
4593,2296.5,2.2965,420.93829474856267,43.08668634967423,146,73,2.883139005127142,0.5902285801325237
4594,2297.0,2.297,420.914152447792,43.07422885784534,146,72,2.8829736469026854,0.5982531785811853
4595,2297.5,2.2975,420.88980940261945,43.06537886970189,146,72,2.8828069137165717,0.5981302620791928
4596,2298.0,2.298,420.86346437621194,43.06217608696499,146,73,2.8826264683302187,0.5898928231091094
4597,2298.5,2.2985,420.834103396257,43.06306000982285,146,73,2.882425365727788,0.5899049316414088
4598,2299.0,2.299,420.7964569611119,43.056936219334126,146,73,2.8821675134322735,0.5898210441004674
4599,2299.5,2.2995,420.7584913601644,43.0499684820022,146,73,2.881907475069619,0.5897255956438657
4600,2300.0,2.3,420.7213638722404,43.04770031369885,146,73,2.881653177207126,0.5896945248451897
4601,2300.5,2.3005,420.68587961153054,43.0486438070916,146,73,2.881410134325552,0.5897074494122136
4602,2301.0,2.301,420.65178052840974,43.04809483112793,146,73,2.8811765789617105,0.5896999291935333
4603,2301.5,2.3015,420.62021292038725,43.03884664334809,146,73,2.8809603624684064,0.5895732416896998
4604,2302.0,2.302,420.5821643890813,43.02246803276728,146,73,2.880699756089598,0.5893488771611956
4605,2302.5,2.3025,420.54583298895034,43.00416016466764,146,73,2.8804509108832215,0.5890980844475019
4606,2303.0,2.303,420.5150216348884,42.97919057463897,146,73,2.8802398742115645,0.588756035269027
4607,2303.5,2.3035,420.4898152319685,42.95791555629033,146,73,2.8800672276162222,0.5884645966615114
4608,2304.0,2.304,420.47036300399077,42.93804170916714,146,73,2.879933993178019,0.5881923521803718
4609,2304.5,2.3045,420.45556397782036,42.919954405059535,146,73,2.879832629985071,0.5879445808912265
4610,2305.0,2.305,420.4428718984184,42.904203512837526,146,73,2.8797456979343727,0.5877288152443497
4611,2305.5,2.3055,420.434983628505,42.89118075807785,146,73,2.8796916686883907,0.5875504213435322
4612,2306.0,2.306,420.4279156062626,42.87353012287259,146,73,2.8796432575771407,0.5873086318201726
4613,2306.5,2.3065,420.4215026384377,42.85198586292752,146,73,2.8795993331399843,0.58701350497161
4614,2307.0,2.307,420.4183839850504,42.83328234126164,146,73,2.879577972500345,0.5867572923460498
4615,2307.5,2.3075,420.41828613368466,42.81348962479685,146,73,2.8795773022855116,0.5864861592437925
4616,2308.0,2.308,420.42115443075636,42.79557833935356,146,73,2.8795969481558656,0.5862407991692269
4617,2308.5,2.3085,420.42714512032205,42.77931960062907,146,73,2.8796379802761782,0.5860180767209462
4618,2309.0,2.309,420.4366220525365,42.764329052380205,146,73,2.879702890770798,0.5858127267449343
4619,2309.5,2.3095,420.4500826256516,42.75034896616089,146,73,2.8797950864770656,0.5856212187145328
4620,2310.0,2.31,420.46308204869365,42.73209169733833,146,73,2.8798841236211894,0.5853711191416209
4621,2310.5,2.3105,420.47765413904756,42.71088637899828,146,73,2.87998393245923,0.5850806353287434
4622,2311.0,2.311,420.4967947637863,42.689216437237135,146,73,2.8801150326286726,0.5847837868114676
4623,2311.5,2.3115,420.5221759873142,42.66845221130776,146,73,2.8802888766254395,0.5844993453603803
4624,2312.0,2.312,420.5537988586877,42.64867582472113,146,73,2.8805054716348475,0.584228435955084
4625,2312.5,2.3125,420.58977836686523,42.62830072381655,146,73,2.880751906622365,0.5839493249837884
4626,2313.0,2.313,420.6280040801993,42.60589070039311,146,73,2.8810137265767075,0.5836423383615494
4627,2313.5,2.3135,420.670330990219,42.5915670811451,146,71,2.881303636919308,0.5998812264950014
4628,2314.0,2.314,420.71724108531913,42.58268504613884,146,71,2.8816249389405417,0.5997561274104062
4629,2314.5,2.3145,420.76789483181074,42.57761199578319,146,71,2.881971882409662,0.5996846759969463
4630,2315.0,2.315,420.81782624589357,42.57531477704003,146,71,2.8823138783965314,0.5996523208033808
4631,2315.5,2.3155,420.87074274512133,42.58157042818772,146,71,2.882676320172064,0.5997404285660242
4632,2316.0,2.316,420.92593683277613,42.59432120561745,146,70,2.883054361868329,0.6084903029373923
4633,2316.5,2.3165,420.97478743766305,42.609364398618595,146,69,2.8833889550524865,0.6175270202698347
4634,2317.0,2.317,421.023767976478,42.63108006915953,146,69,2.883724438195055,0.6178417401327467
4635,2317.5,2.3175,421.0718924700878,42.65543734815292,146,69,2.8840540580143,0.6181947441761294
4636,2318.0,2.318,421.1168702321659,42.68536604698811,146,69,2.8843621248778484,0.6186284934346103
4637,2318.5,2.3185,421.1623284246994,42.71988665882946,146,69,2.8846734823609554,0.619128792156949
4638,2319.0,2.319,421.20871041671734,42.756463018523384,146,69,2.88499116723779,0.619658884326426
4639,2319.5,2.3195,421.25644218526963,42.79471144047841,146,69,2.8853180971593813,0.6202132092822957
4640,2320.0,2.32,421.2891759162336,42.81767286994509,146,69,2.8855423007961205,0.6205459836223927
4641,2320.5,2.3205,421.3190734861237,42.83808829132872,146,69,2.8857470786720802,0.620841859294619
4642,2321.0,2.321,421.3479254442246,42.85912208133033,146,69,2.885944694823456,0.6211466968308743
4643,2321.5,2.3215,421.3783758005391,42.88192437338388,146,69,2.886153258907802,0.6214771648316505
4644,2322.0,2.322,421.4099649723247,42.90536682938271,146,69,2.886369623098114,0.6218169105707639
4645,2322.5,2.3225,421.4402871430626,42.92405013331693,146,69,2.886577309199059,0.6220876830915496
4646,2323.0,2.323,421.46155411476946,42.93418337209014,146,69,2.886722973388832,0.6222345416244949
4647,2323.5,2.3235,421.460481055867,42.92388083724363,146,69,2.8867156236703218,0.62208522952527
4648,2324.0,2.324,421.4474922241734,42.89817982946476,146,69,2.8866266590696803,0.6217127511516634
4649,2324.5,2.3245,421.42593642287324,42.86303750465515,146,69,2.8864790165950223,0.6212034420964515
4650,2325.0,2.325,421.4015837168879,42.829516412408495,146,69,2.886312217238958,0.6207176291653405
4651,2325.5,2.3255,421.3744159982958,42.7984507028909,146,69,2.886126136974628,0.6202674014911723
4652,2326.0,2.326,421.34198221308463,42.76676940811276,146,69,2.8859039877608534,0.6198082522914892
4653,2326.5,2.3265,421.305721521084,42.74009282252481,146,69,2.8856556268567397,0.6194216351090553
4654,2327.0,2.327,421.267681206379,42.71485661829273,146,69,2.8853950767560206,0.6190558930187353
4655,2327.5,2.3275,421.2282261969147,42.69021059816227,146,69,2.8851248369651694,0.6186987043211922
4656,2328.0,2.328,421.18782579912255,42.662416617987425,146,69,2.884848121911798,0.6182958930143105
4657,2328.5,2.3285,421.14693542143556,42.63310178631899,146,69,2.8845680508317506,0.6178710403814346
4658,2329.0,2.329,421.10589831764906,42.60310520077238,146,68,2.884286974778418,0.6265162529525351
4659,2329.5,2.3295,421.0635687020567,42.572245933012695,146,68,2.8839970459044983,0.6260624401913631
4660,2330.0,2.33,421.0085436528063,42.52777488949867,146,68,2.8836201620055224,0.6254084542573334
4661,2330.5,2.3305,420.95033891963845,42.47770354123451,146,68,2.883221499449578,0.6246721109005074
4662,2331.0,2.331,420.89184894907356,42.42582235586756,146,68,2.882820883212833,0.6239091522921701
4663,2331.5,2.3315,420.8341607085531,42.37693915067754,146,68,2.882425758277761,0.6231902816276109
4664,2332.0,2.332,420.7798245033296,42.33332692115217,146,68,2.8820535924885586,0.6225489253110612
4665,2332.5,2.3325,420.7265687713574,42.291736715895254,146,68,2.881688827201078,0.6219373046455186
4666,2333.0,2.333,420.6700690910079,42.24917609527908,146,68,2.8813018430890955,0.621311413165869
4667,2333.5,2.3335,420.61574138042954,42.21420690308394,146,68,2.8809297354823937,0.6207971603394699
4668,2334.0,2.334,420.55908206134046,42.18459395775888,146,69,2.880541657954387,0.6113709269240418
4669,2334.5,2.3345,420.49898431842297,42.15723987554505,146,69,2.8801300295782393,0.6109744909499283
4670,2335.0,2.335,420.43992593401464,42.13579213049078,146,70,2.8797255200959913,0.6019398875784397
4671,2335.5,2.3355,420.38013892939983,42.12478647827087,146,70,2.879316020064382,0.6017826639752981
4672,2336.0,2.336,420.32206879174254,42.11901826100555,146,70,2.8789182793954966,0.6017002608715077
4673,2336.5,2.3365,420.26689190079503,42.12458355311328,146,70,2.8785403554848976,0.6017797650444755
4674,2337.0,2.337,420.21288945453296,42.13134023160299,146,70,2.878170475715979,0.6018762890228999
4675,2337.5,2.3375,420.16149536696685,42.135061614490766,146,70,2.877818461417581,0.6019294516355824
4676,2338.0,2.338,420.1154227019513,42.139491591695915,146,70,2.877502895218844,0.6019927370242274
4677,2338.5,2.3385,420.07418345989953,42.1432019586492,146,70,2.8772204346568455,0.6020457422664172
4678,2339.0,2.339,420.0333021595499,42.140646102692855,146,70,2.876940425750342,0.6020092300384694
4679,2339.5,2.3395,419.9926015343989,42.129013567165025,146,70,2.876661654345198,0.6018430509595002
4680,2340.0,2.34,419.955374025899,42.11722389992808,146,70,2.876406671410267,0.6016746271418296
4681,2340.5,2.3405,419.919033767611,42.11061723295151,146,71,2.876157765531582,0.593107284971148
4682,2341.0,2.341,419.8819416230996,42.09945167817497,146,70,2.875903709747257,0.6014207382596426
4683,2341.5,2.3415,419.8460047365919,42.092644704303865,146,70,2.875657566688986,0.6013234957757695
4684,2342.0,2.342,419.80999167831067,42.08444191195961,146,70,2.8754109019062373,0.6012063130279947
4685,2342.5,2.3425,419.7763944254072,42.07888081140602,146,70,2.875180783735666,0.6011268687343717
4686,2343.0,2.343,419.74578132058105,42.07732355807936,146,70,2.874971104935486,0.6011046222582767
4687,2343.5,2.3435,419.7156082533645,42.07999928821298,146,70,2.8747644400915378,0.6011428469744713
4688,2344.0,2.344,419.68541046765705,42.08525004321056,146,70,2.8745576059428566,0.6012178577601509
4689,2344.5,2.3445,419.65821845363064,42.09518489085434,146,70,2.874371359271443,0.6013597841550621
4690,2345.0,2.345,419.6338476612426,42.109034577521584,146,70,2.8742044360359085,0.6015576368217367
4691,2345.5,2.3455,419.6085995187701,42.122429156822676,146,70,2.87403150355322,0.6017489879546096
4692,2346.0,2.346,419.58731492335056,42.13935513821893,146,70,2.8738857186530864,0.601990787688842
4693,2346.5,2.3465,419.5700521008265,42.158679132296484,146,70,2.8737674801426474,0.6022668447470927
4694,2347.0,2.347,419.5565921282131,42.17937725790231,146,70,2.8736752885494052,0.6025625322557473
4695,2347.5,2.3475,419.5416940680881,42.195282779314674,146,70,2.8735732470416995,0.6027897539902096
4696,2348.0,2.348,419.52748471683736,42.20429312566166,146,71,2.873475922718064,0.5944266637417134
4697,2348.5,2.3485,419.51642044975216,42.21273699799037,146,71,2.8734001400667952,0.5945455915209911
4698,2349.0,2.349,419.5082072849227,42.22612679593707,146,71,2.873343885513169,0.5947341802244657
4699,2349.5,2.3495,419.5024996698015,42.23743421009426,146,71,2.873304792258915,0.5948934395787924
4700,2350.0,2.35,419.4989658431412,42.2428862444278,146,71,2.873280587966721,0.5949702287947578
4701,2350.5,2.3505,419.4883091257306,42.23960896065605,146,71,2.873207596751579,0.5949240698683951
4702,2351.0,2.351,419.4701528836737,42.23200732075634,146,71,2.8730832389292713,0.5948170045176949
4703,2351.5,2.3515,419.4495102821074,42.22075743300827,146,71,2.8729418512473113,0.5946585553944828
4704,2352.0,2.352,419.430950982965,42.208618975519734,146,71,2.872814732760034,0.5944875912045032
4705,2352.5,2.3525,419.41501646618127,42.20709650803465,146,70,2.8727055922341185,0.6029585215433522
4706,2353.0,2.353,419.4023146043697,42.20764031759333,146,70,2.872618593180614,0.6029662902513334
4707,2353.5,2.3535,419.3903561412434,42.20887475496021,146,70,2.872536685898927,0.6029839250708602
4708,2354.0,2.354,419.3770008582188,42.20921045694953,146,70,2.8724452113576637,0.6029887208135647
4709,2354.5,2.3545,419.3661081528888,42.21146135951897,146,70,2.87237060378691,0.6030208765645568
4710,2355.0,2.355,419.36026688612486,42.219675775051535,146,70,2.872330595110444,0.6031382253578792
4711,2355.5,2.3555,419.35942979413625,42.23385500130751,146,70,2.8723248616036727,0.6033407857329645
4712,2356.0,2.356,419.36031304412336,42.25297617445604,146,70,2.8723309112611193,0.603613945349372
4713,2356.5,2.3565,419.36594444374606,42.27741535636578,146,70,2.872369482491411,0.6039630765195112
4714,2357.0,2.357,419.37331457785115,42.29779143427699,146,70,2.872419962861994,0.604254163346814
4715,2357.5,2.3575,419.3805036803788,42.312706551141616,146,70,2.8724692032902652,0.6044672364448802
4716,2358.0,2.358,419.3885589779564,42.32090470275801,146,70,2.8725243765613455,0.6045843528965429
4717,2358.5,2.3585,419.39971299692144,42.32898697814979,146,70,2.8726007739515165,0.6046998139735685
4718,2359.0,2.359,419.4135485455058,42.33743489237995,146,71,2.8726955379829167,0.5963018998926753
4719,2359.5,2.3595,419.42981013912294,42.350445640400686,146,71,2.872806918761116,0.5964851498647985
4720,2360.0,2.36,419.44833502372234,42.36178406245989,146,71,2.8729338015323442,0.5966448459501393
4721,2360.5,2.3605,419.46920892444825,42.375083183646936,146,70,2.873076773455125,0.6053583311949562
4722,2361.0,2.361,419.4880501581572,42.38785933176805,146,70,2.873205823001077,0.6055408475966865
4723,2361.5,2.3615,419.50892248910145,42.40458456274842,146,70,2.873348784171928,0.6057797794678345
4724,2362.0,2.362,419.5253671316672,42.41592191773305,146,70,2.87346141871005,0.6059417416819007
4725,2362.5,2.3625,419.5417565012314,42.42994926686193,146,70,2.873573674665969,0.6061421323837418
4726,2363.0,2.363,419.5621702610023,42.45555891777509,146,70,2.873713494938372,0.6065079845396443
4727,2363.5,2.3635,419.5834129258172,42.48310491395977,146,70,2.873858992642583,0.6069014987708539
4728,2364.0,2.364,419.60194809203875,42.50668406793985,146,70,2.8739859458358814,0.607238343827712
4729,2364.5,2.3645,419.6231923403574,42.52441571258551,146,70,2.8741314543860095,0.6074916530369358
4730,2365.0,2.365,419.6425776371397,42.53505123833495,146,70,2.874264230391368,0.6076435891190707
4731,2365.5,2.3655,419.6585740090633,42.54211142233641,146,70,2.8743737945826253,0.6077444488905203
4732,2366.0,2.366,419.6730889005737,42.54761505140531,146,70,2.874473211647765,0.607823072162933
4733,2366.5,2.3665,419.68992704767794,42.55536534059521,146,70,2.874588541422452,0.6079337905799317
4734,2367.0,2.367,419.6995595845428,42.55561083474606,146,70,2.8746545177023473,0.6079372976392294
4735,2367.5,2.3675,419.7034609179153,42.549541265506264,146,70,2.8746812391638037,0.6078505895072324
4736,2368.0,2.368,419.70460422435275,42.54314606494473,146,70,2.8746890700298136,0.6077592294992105
4737,2368.5,2.3685,419.69369853085504,42.52370027252233,146,70,2.874614373499007,0.6074814324646046
4738,2369.0,2.369,419.6773844095911,42.50004822444628,146,69,2.874502632942405,0.615942727890526
4739,2369.5,2.3695,419.6608343638637,42.48170557330108,146,69,2.8743892764648202,0.6156768923666823
4740,2370.0,2.37,419.63672827827054,42.45837646480645,146,70,2.8742241662895243,0.6065482352115207
4741,2370.5,2.3705,419.6120695459475,42.4433696551336,146,70,2.8740552708626543,0.6063338522161944
4742,2371.0,2.371,419.591583037483,42.43708436916189,146,70,2.8739149523115275,0.6062440624165983
4743,2371.5,2.3715,419.57099333949816,42.42334052431635,146,70,2.873773926982864,0.6060477217759478
4744,2372.0,2.372,419.5529568134211,42.40907381883086,146,70,2.8736503891330214,0.6058439116975837
4745,2372.5,2.3725,419.5414213687124,42.3972107488496,146,70,2.8735713792377564,0.6056744392692801
4746,2373.0,2.373,419.53609826337123,42.38834362131351,146,70,2.8735349196121316,0.6055477660187645
4747,2373.5,2.3735,419.5364461541218,42.38167955536042,146,70,2.8735373024254915,0.6054525650765774
4748,2374.0,2.374,419.5418119135008,42.38275995034415,146,71,2.8735740542020602,0.5969402809907627
4749,2374.5,2.3745,419.5515316208971,42.39127535196225,146,71,2.873640627540391,0.5970602162248206
4750,2375.0,2.375,419.5643412600069,42.40660109969175,146,71,2.873728364794568,0.5972760718266442
4751,2375.5,2.3755,419.5757414512443,42.42463955690644,146,70,2.873806448296194,0.6060662793843778
4752,2376.0,2.376,419.5767326367856,42.435887660442205,146,70,2.8738132372382577,0.6062269665777459
4753,2376.5,2.3765,419.58192272221476,42.4539092829542,146,69,2.8738487857685944,0.6152740475790462
4754,2377.0,2.377,419.59131741387256,42.4804721653902,146,69,2.87391313297173,0.615659016889713
4755,2377.5,2.3775,419.6048855231781,42.51209875123385,146,69,2.874006065227247,0.6161173732062876
4756,2378.0,2.378,419.6227098950297,42.54854182620812,146,69,2.8741281499659563,0.6166455337131612
4757,2378.5,2.3785,419.64471183590257,42.58925658468285,146,69,2.8742788481911137,0.6172356026765632
4758,2379.0,2.379,419.67095326079107,42.63692482257826,146,70,2.874458583978021,0.6090989260368321
4759,2379.5,2.3795,419.6989820492983,42.690646325536115,146,70,2.874650561981495,0.6098663760790874
4760,2380.0,2.38,419.7288116078467,42.740869438120754,146,71,2.874854874026347,0.6019840765932502
4761,2380.5,2.3805,419.7624574726417,42.79431389776367,146,71,2.87508532515508,0.6027368154614602
4762,2381.0,2.381,419.79758799691376,42.84784575518748,146,71,2.8753259451843407,0.6034907852843306
4763,2381.5,2.3815,419.831438899845,42.9016102850345,146,71,2.8755578006838705,0.6042480321835845
4764,2382.0,2.382,419.8671363378719,42.9593113842554,146,71,2.875802303684054,0.605060723721907
4765,2382.5,2.3825,419.9032195216537,43.020470260153346,146,71,2.8760494487784496,0.6059221163401881
4766,2383.0,2.383,419.93947894791626,43.08674800704641,146,71,2.8762978010131253,0.6068556057330481
4767,2383.5,2.3835,419.97497193340246,43.15774829480272,146,71,2.8765409036534413,0.6078556097859538
4768,2384.0,2.384,420.0088423794025,43.2317178763777,146,71,2.876772893009606,0.6088974348785592
4769,2384.5,2.3845,420.04059456970293,43.308214377211236,146,71,2.8769903737650884,0.6099748503832569
4770,2385.0,2.385,420.0675451058398,43.384357248512686,146,71,2.877174966478355,0.6110472851903195
4771,2385.5,2.3855,420.0919332843992,43.464324143648504,146,71,2.8773420087972545,0.6121735794880072
4772,2386.0,2.386,420.11423619397465,43.54930773394151,146,70,2.8774947684518812,0.622132967627736
4773,2386.5,2.3865,420.1347343858171,43.6377396251738,146,70,2.8776351670261446,0.6233962803596258
4774,2387.0,2.387,420.15149411161536,43.724789420908664,146,70,2.8777499596685985,0.6246398488701238
4775,2387.5,2.3875,420.1644682360989,43.80960233005799,146,70,2.8778388235349235,0.6258514618579712
4776,2388.0,2.388,420.17703994163173,43.89223090095872,146,70,2.8779249311070667,0.627031870013696
4777,2388.5,2.3885,420.18970096535213,43.97436388785565,146,70,2.8780116504476174,0.6282051983979379
4778,2389.0,2.389,420.19788385472606,44.05122058332288,146,70,2.8780676976351094,0.629303151190327
4779,2389.5,2.3895,420.19821454915035,44.12119675695387,146,70,2.8780699626654136,0.6303028108136268
4780,2390.0,2.39,420.1991392462913,44.19314944874776,146,70,2.878076296207475,0.6313307064106823
4781,2390.5,2.3905,420.1947779520361,44.253140856781016,146,70,2.878046424329014,0.6321877265254433
4782,2391.0,2.391,420.1874740818271,44.3083470037798,146,70,2.877996397820733,0.6329763857682829
4783,2391.5,2.3915,420.18027846176943,44.363303428998094,146,70,2.877947112751846,0.6337614775571155
4784,2392.0,2.392,420.1729673448961,44.4184824019803,146,70,2.8778970366088776,0.6345497485997185
4785,2392.5,2.3925,420.16028383655333,44.472607716100654,146,71,2.8778101632640634,0.6263747565647979
4786,2393.0,2.393,420.1471629329988,44.52739832468126,146,71,2.877720294061635,0.6271464552772008
4787,2393.5,2.3935,420.1335372465443,44.5791429248764,146,71,2.877626967442084,0.6278752524630478
4788,2394.0,2.394,420.11948493328435,44.636217900447,146,69,2.8775307187211254,0.6469017087021305
4789,2394.5,2.3945,420.1052554169199,44.69640339163299,146,69,2.8774332562802734,0.6477739621975795
4790,2395.0,2.395,420.0911212782965,44.75785206987524,146,69,2.8773364471116194,0.6486645227518152
4791,2395.5,2.3955,420.0761176394969,44.81784636821434,146,69,2.877233682462308,0.6495340053364398
4792,2396.0,2.396,420.06065031097285,44.87627638184752,146,69,2.8771277418559786,0.6503808171282248
4793,2396.5,2.3965,420.04662586562677,44.93590256871506,146,70,2.8770316840111425,0.641941465267358
4794,2397.0,2.397,420.0345322838418,44.99853439985219,146,69,2.8769488512591908,0.6521526724616259
4795,2397.5,2.3975,420.02431658842795,45.06146255040487,146,69,2.876878880742657,0.6530646746435488
4796,2398.0,2.398,420.00705169474026,45.11399747870082,146,69,2.8767606280461657,0.6538260504159539
4797,2398.5,2.3985,419.9930505009277,45.163169031705394,146,69,2.876664729458409,0.6545386816189187
4798,2399.0,2.399,419.9826830481299,45.21197505904143,146,69,2.8765937195077393,0.6552460153484264
4799,2399.5,2.3995,419.96609408457323,45.250977937677355,146,69,2.8764800964696797,0.6558112744590922
4800,2400.0,2.4,419.9513050437715,45.29525900184269,146,70,2.8763788016696683,0.6470751285977527
4801,2400.5,2.4005,419.94043749578134,45.34677277371518,146,70,2.8763043664094616,0.6478110396245026
4802,2401.0,2.401,419.93286588953873,45.3948187956862,146,70,2.876252506092731,0.6484974113669458
4803,2401.5,2.4015,419.9278230829271,45.44112531004294,146,70,2.876217966321419,0.6491589330006137
4804,2402.0,2.402,419.92472375219205,45.48966406877739,146,71,2.8761967380287126,0.6406994939264422
4805,2402.5,2.4025,419.91493279001844,45.53611209049075,146,71,2.8761296766439624,0.6413536914153626
4806,2403.0,2.403,419.90063252370834,45.58298694293819,146,71,2.876031729614441,0.642013900604763
4807,2403.5,2.4035,419.8856179050727,45.631501731130186,146,71,2.875928889760772,0.6426972074807067
4808,2404.0,2.404,419.8723322815645,45.68127843820556,146,71,2.875837892339483,0.6433982878620501
4809,2404.5,2.4045,419.8611980009779,45.731894988185466,146,71,2.875761630143684,0.6441111970166968
4810,2405.0,2.405,419.84659696421636,45.77708571250336,146,71,2.875661623042578,0.6447476860915966
4811,2405.5,2.4055,419.8293630435574,45.81847160384724,146,72,2.875543582490119,0.636367661164545
4812,2406.0,2.406,419.81624059629723,45.86402468002857,146,72,2.8754537027143643,0.6370003427781745
4813,2406.5,2.4065,419.80791655654514,45.909909384908254,146,72,2.87539668874346,0.637637630345948
4814,2407.0,2.407,419.80502064915066,45.96053856576458,146,72,2.8753768537613063,0.638340813413397
4815,2407.5,2.4075,419.8080108074535,46.01263968296383,146,72,2.8753973342976265,0.6390644400411644
4816,2408.0,2.408,419.8146643243029,46.06766884322936,146,73,2.875442906330842,0.6310639567565667
4817,2408.5,2.4085,419.81928450452784,46.114549821921116,146,73,2.8754745514008753,0.6317061619441249
4818,2409.0,2.409,419.82261559276685,46.15312104553273,146,73,2.8754973670737454,0.6322345348703113
4819,2409.5,2.4095,419.8219942847434,46.183522657157546,146,73,2.8754931115393387,0.6326509953035281
4820,2410.0,2.41,419.82222679353424,46.208999450849355,146,73,2.8754947040653036,0.6329999924773884
4821,2410.5,2.4105,419.8214951597649,46.231437716898334,146,73,2.8754896928751017,0.6333073659849087
4822,2411.0,2.411,419.82081654880545,46.253064294555124,146,73,2.875485044854832,0.6336036204733578
4823,2411.5,2.4115,419.81932510892926,46.275135104758704,146,72,2.8754748295132138,0.6427102097883153
4824,2412.0,2.412,419.81561489660356,46.30211356413603,146,72,2.8754494171000244,0.6430849106130005
4825,2412.5,2.4125,419.8081663088845,46.32680915142126,146,72,2.875398399375922,0.6434279048808508
4826,2413.0,2.413,419.79890656165054,46.35111898100981,146,72,2.8753349764496607,0.643765541402914
4827,2413.5,2.4135,419.78818918492374,46.37515467626621,146,72,2.875261569759752,0.6440993705036974
4828,2414.0,2.414,419.7729797686675,46.396184303018394,146,70,2.8751573956758048,0.6628026329002628
4829,2414.5,2.4145,419.747099757512,46.40163683765959,146,70,2.874980135325425,0.6628805262522798
4830,2415.0,2.415,419.71659317474035,46.40212894191343,146,70,2.8747711861283585,0.6628875563130491
4831,2415.5,2.4155,419.68656940660156,46.4030673647182,146,70,2.8745655438808324,0.6629009623531171
4832,2416.0,2.416,419.65771295118964,46.40479865943833,146,70,2.8743678969259565,0.6629256951348332
4833,2416.5,2.4165,419.62833298933066,46.40216839267735,146,70,2.874166664310484,0.6628881198953906
4834,2417.0,2.417,419.5998425841752,46.39800448389004,146,70,2.8739715245491455,0.6628286354841434
4835,2417.5,2.4175,419.573578666891,46.38953779466961,146,70,2.8737916347047334,0.6627076827809943
4836,2418.0,2.418,419.54625124176766,46.38099569753895,146,72,2.8736044605600526,0.644180495799152
4837,2418.5,2.4185,419.5216750307888,46.37800714071154,146,72,2.873436130347868,0.6441389880654381
4838,2419.0,2.419,419.4990752926428,46.379358983804764,146,72,2.8732813376208406,0.644157763663955
4839,2419.5,2.4195,419.4773423687647,46.38277507863062,146,72,2.8731324819778403,0.6442052094254254
4840,2420.0,2.42,419.45158859053436,46.377225791968435,146,72,2.872956086236537,0.6441281359995616
4841,2420.5,2.4205,419.4135769251741,46.35920341344219,146,72,2.872695732364206,0.643877825186697
4842,2421.0,2.421,419.37266351098,46.34269422910878,146,72,2.872415503499863,0.6436485309598442
4843,2421.5,2.4215,419.3239073455106,46.32300442369199,146,72,2.872081557161031,0.6433750614401665
4844,2422.0,2.422,419.2717993667779,46.30360003298488,146,72,2.8717246531971092,0.643105556013679
4845,2422.5,2.4225,419.2152401455153,46.281085555229765,146,72,2.8713372612706527,0.6427928549337467
4846,2423.0,2.423,419.15619447695093,46.25484216681111,146,72,2.8709328388832254,0.6424283634279322
4847,2423.5,2.4235,419.0959427580745,46.235980840390354,146,73,2.870520155877223,0.6333696005532926
4848,2424.0,2.424,419.0350709729557,46.21543725503595,146,73,2.8701032258421617,0.633088181575835
4849,2424.5,2.4245,418.97468885119355,46.19460631467017,146,73,2.869689649665709,0.6328028262283584
4850,2425.0,2.425,418.9068705563712,46.16604199590273,146,73,2.8692251407970635,0.6324115341904484
4851,2425.5,2.4255,418.8392428227698,46.14008517186084,146,73,2.8687619371422586,0.6320559612583676
4852,2426.0,2.426,418.77568852676313,46.11773678904938,146,73,2.868326633744953,0.6317498190280737
4853,2426.5,2.4265,418.71706481882643,46.09896324156875,146,73,2.867925101498811,0.6314926471447773
4854,2427.0,2.427,418.6641005795853,46.08398122760833,146,73,2.867562332736886,0.6312874140768264
4855,2427.5,2.4275,418.61682343529986,46.07334642340995,146,72,2.8672385166801355,0.6399075892140272
4856,2428.0,2.428,418.5750730443005,46.06937797254496,146,72,2.8669525550979484,0.6398524718409022
4857,2428.5,2.4285,418.5378718718102,46.070644860826214,146,72,2.8666977525466453,0.6398700675114752
4858,2429.0,2.429,418.50395320465344,46.07439060629534,146,72,2.8664654329085852,0.639922091754102
4859,2429.5,2.4295,418.47018898982526,46.081045093291685,146,71,2.8662341711631862,0.6490288041308687
4860,2430.0,2.43,418.4309378581663,46.08799758222504,146,71,2.8659653277956596,0.6491267265102117
4861,2430.5,2.4305,418.3814332151906,46.08437351548605,146,71,2.865626254898566,0.6490756833167051
4862,2431.0,2.431,418.33178293945434,46.07417217286009,146,71,2.8652861845168105,0.648932002434649
4863,2431.5,2.4315,418.28292703357147,46.05968894968672,146,71,2.864951555024462,0.6487280133758695
4864,2432.0,2.432,418.23510092916734,46.04183299636898,146,71,2.8646239789669,0.6484765210756194
4865,2432.5,2.4325,418.1889252870891,46.02233053846361,146,71,2.864307707445816,0.6482018385699101
4866,2433.0,2.433,418.14492519182136,46.0095000804405,146,70,2.864006336930283,0.6572785725777216
4867,2433.5,2.4335,418.09290217725254,45.986367642719564,146,70,2.8636500149126887,0.6569481091817081
4868,2434.0,2.434,418.0388017039913,45.95366506559291,146,70,2.8632794637259678,0.6564809295084701
4869,2434.5,2.4345,417.98667738077296,45.916847465996135,146,69,2.8629224478135136,0.6654615574782049
4870,2435.0,2.435,417.9353123244622,45.88176233258544,146,69,2.86257063235933,0.6649530772838469
4871,2435.5,2.4355,417.8813439071678,45.84247998417593,146,69,2.862200985665533,0.6643837678866078
4872,2436.0,2.436,417.8278422762958,45.801482979158386,146,69,2.8618345361390127,0.6637896083935999
4873,2436.5,2.4365,417.7759683541767,45.759302765065506,146,69,2.86147923530258,0.6631783009429785
4874,2437.0,2.437,417.7281964287064,45.71915330508375,146,69,2.8611520303336055,0.6625964247113586
4875,2437.5,2.4375,417.68603244088445,45.68339284757024,146,69,2.8608632358964687,0.6620781572111628
4876,2438.0,2.438,417.648956653058,45.65217103475959,146,69,2.860609292144233,0.6616256671704289
4877,2438.5,2.4385,417.6156574651732,45.62287699911086,146,68,2.860381215514885,0.6709246617516302
4878,2439.0,2.439,417.5848500023729,45.594614931949856,146,68,2.860170205495704,0.6705090431169096
4879,2439.5,2.4395,417.5544274758241,45.567111451978676,146,68,2.8599618320261926,0.6701045801761571
4880,2440.0,2.44,417.52231193822774,45.5377408542033,146,68,2.859741862590601,0.6696726596206367
4881,2440.5,2.4405,417.4856871837745,45.502141412288395,146,68,2.8594910081080447,0.6691491384160058
4882,2441.0,2.441,417.4432400464578,45.46093783541909,146,68,2.8592002742908074,0.6685432034620453
4883,2441.5,2.4415,417.40199731368637,45.42059883572881,146,68,2.8589177898197695,0.6679499828783648
4884,2442.0,2.442,417.36212030548074,45.38356577919968,146,68,2.858644659626581,0.6674053791058776
4885,2442.5,2.4425,417.32392887973583,45.35481286823644,146,69,2.8583830745187386,0.6573161285251659
4886,2443.0,2.443,417.28747621494176,45.32574777914774,146,69,2.8581333987324777,0.6568948953499674
4887,2443.5,2.4435,417.2517673895092,45.296582282110826,146,70,2.857888817736364,0.6470940326015833
4888,2444.0,2.444,417.21010242251526,45.25892893808977,146,70,2.857603441250105,0.6465561276869967
4889,2444.5,2.4445,417.17038722299526,45.221238152551344,146,70,2.8573314193355843,0.6460176878935906
4890,2445.0,2.445,417.1333762316267,45.18838077752,146,70,2.8570779193947033,0.6455482968217141
4891,2445.5,2.4455,417.0993249999776,45.15912074526457,146,70,2.8568446917806685,0.6451302963609222
4892,2446.0,2.446,417.0682854896931,45.131563460376064,146,70,2.8566320923951585,0.6447366208625152
4893,2446.5,2.4465,417.0364379140347,45.11024941974602,146,69,2.8564139583153056,0.6537717307209567
4894,2447.0,2.447,417.00650608320825,45.09162263487404,146,69,2.856208945775399,0.6535017773170151
4895,2447.5,2.4475,416.9754074518234,45.07159387539662,146,69,2.8559959414508453,0.6532115054405309
4896,2448.0,2.448,416.94688330337743,45.05391875386092,146,69,2.8558005705710783,0.6529553442588538
4897,2448.5,2.4485,416.9182973706172,45.035123165585006,146,69,2.855604776511077,0.6526829444287682
4898,2449.0,2.449,416.88438577014125,45.004650727049665,146,69,2.8553725052749406,0.6522413148847778
4899,2449.5,2.4495,416.8525168770484,44.97554133491647,146,69,2.855154225185263,0.6518194396364705
4900,2450.0,2.45,416.8226837807435,44.94191861608675,146,69,2.8549498889092018,0.6513321538563297
4901,2450.5,2.4505,416.792522326795,44.90928721542999,146,69,2.8547433036081844,0.6508592350062317
4902,2451.0,2.451,416.76034591176887,44.87435019577155,146,69,2.854522917203896,0.6503529013879935
4903,2451.5,2.4515,416.7317177050257,44.84020839378881,146,69,2.8543268335960663,0.649858092663606
4904,2452.0,2.452,416.7066901040334,44.80286988170324,146,69,2.8541554116714614,0.6493169548072933
4905,2452.5,2.4525,416.68539526118104,44.76208072290873,146,69,2.8540095565834314,0.6487258075783875
4906,2453.0,2.453,416.66771359296996,44.72103669934493,146,69,2.853888449266918,0.6481309666571727
4907,2453.5,2.4535,416.65356974031835,44.67990332043178,146,69,2.853791573563824,0.6475348307308953
4908,2454.0,2.454,416.64140810736745,44.639072512361835,146,69,2.8537082747079965,0.646943079889302
4909,2454.5,2.4545,416.63032088062903,44.602070597722964,146,69,2.853632334798829,0.6464068202568547
4910,2455.0,2.455,416.61709153788854,44.56647754242599,146,69,2.8535417228622504,0.645890978875739
4911,2455.5,2.4555,416.60654484203025,44.532616728244285,146,69,2.8534694852193847,0.645400242438323
4912,2456.0,2.456,416.5983990138684,44.50483408277476,146,69,2.8534136918758106,0.6449975954025327
4913,2456.5,2.4565,416.5923937671758,44.48212980350359,146,69,2.8533725600491495,0.6446685478768636
4914,2457.0,2.457,416.588289540472,44.46561705500588,146,69,2.8533444489073423,0.6444292326812447
4915,2457.5,2.4575,416.58351077151224,44.450508229927536,146,69,2.8533117176130975,0.6442102642018483
4916,2458.0,2.458,416.57590697960677,44.43672915391045,146,69,2.8532596368466216,0.6440105674479775
4917,2458.5,2.4585,416.5700399584607,44.42432327995115,146,69,2.8532194517702787,0.6438307721732052
4918,2459.0,2.459,416.5659418055336,44.413339883531,146,69,2.8531913822296824,0.6436715925149421
4919,2459.5,2.4595,416.56376595290504,44.40301676085676,146,69,2.853176479129487,0.6435219820414023
4920,2460.0,2.46,416.5637162715603,44.39097904022446,146,68,2.8531761388463037,0.6528085152974186
4921,2460.5,2.4605,416.56601133093517,44.377878803879234,146,68,2.8531918584310634,0.65261586476293
4922,2461.0,2.461,416.57084106239444,44.36568207637153,146,68,2.8532249387835233,0.6524365011231106
4923,2461.5,2.4615,416.57830052095176,44.35539577748601,146,67,2.853276030965423,0.6620208324997914
4924,2462.0,2.462,416.58843718791724,44.354872750889506,146,67,2.853345460191214,0.6620130261326791
4925,2462.5,2.4625,416.59567732688544,44.35517883766433,146,67,2.8533950501841465,0.6620175945920049
4926,2463.0,2.463,416.6055880980146,44.35879293576814,146,67,2.853462932178182,0.6620715363547484
4927,2463.5,2.4635,416.61406232816205,44.358005310382325,146,67,2.853520974850425,0.662059780751975
4928,2464.0,2.464,416.6229102695377,44.35412226582522,146,68,2.853581577188615,0.6522665039091944
4929,2464.5,2.4645,416.6314052050205,44.3499831856025,146,68,2.853639761678223,0.6522056350823897
4930,2465.0,2.465,416.64186077171695,44.34797153719355,146,68,2.8537113751487464,0.6521760520175521
4931,2465.5,2.4655,416.65415627898227,44.346933439491984,146,68,2.8537955909519335,0.6521607858748821
4932,2466.0,2.466,416.6670390635351,44.35414459393722,146,69,2.853883829202296,0.642813689767206
4933,2466.5,2.4665,416.6751132964105,44.35842602531548,146,69,2.853939132167195,0.6428757394973257
4934,2467.0,2.467,416.68180748589606,44.35622799249314,146,69,2.85398498278011,0.6428438839491757
4935,2467.5,2.4675,416.6893996376731,44.35336126070471,146,69,2.854036983819679,0.6428023371116625
4936,2468.0,2.468,416.69983032231227,44.35199265711082,146,69,2.854108426865152,0.6427825022769684
4937,2468.5,2.4685,416.709353239885,44.34836280861874,146,69,2.8541736523279795,0.6427298957770832
4938,2469.0,2.469,416.72219866974996,44.350079505122935,146,69,2.854261634724315,0.6427547754365642
4939,2469.5,2.4695,416.73247971483875,44.34873220104622,146,69,2.8543320528413614,0.6427352492905248
4940,2470.0,2.47,416.74297719911664,44.34552602424621,146,69,2.854403953418607,0.64268878296009
4941,2470.5,2.4705,416.75767644312015,44.344151242774124,146,69,2.8545046331720556,0.6426688585909294
4942,2471.0,2.471,416.7763848105014,44.344194429028526,146,69,2.8546327726746674,0.6426694844786743
4943,2471.5,2.4715,416.7945601533079,44.341195296493424,146,69,2.8547572613240266,0.6426260187897598
4944,2472.0,2.472,416.81469039602734,44.33745924241795,146,69,2.8548951396988174,0.642571873078521
4945,2472.5,2.4725,416.83718354606094,44.33386084427903,146,69,2.8550492023702803,0.6425197223808556
4946,2473.0,2.473,416.86149861484796,44.334304407749215,146,69,2.8552157439373147,0.6425261508369452
4947,2473.5,2.4735,416.88723039686346,44.34063681626048,146,67,2.855391989019613,0.661800549496425
4948,2474.0,2.474,416.91397215253164,44.35666227134765,146,66,2.855575151729669,0.6720706404749645
4949,2474.5,2.4745,416.941436520856,44.37660487807413,146,66,2.8557632638414794,0.6723728011829415
4950,2475.0,2.475,416.9660959540168,44.39516865056417,146,66,2.855932164068608,0.6726540704630936
4951,2475.5,2.4755,416.99161574503484,44.41629690822311,146,66,2.8561069571577726,0.6729741955791381
4952,2476.0,2.476,417.0144002133657,44.43472104803494,146,66,2.856263015160039,0.6732533492126507
4953,2476.5,2.4765,417.03631317454887,44.45365763756498,146,66,2.856413103935266,0.6735402672358332
4954,2477.0,2.477,417.0597324403754,44.47625791369998,146,66,2.856573509865585,0.6738826956621208
4955,2477.5,2.4775,417.0830021053664,44.50395451120026,146,66,2.8567328911326464,0.6743023410787918
4956,2478.0,2.478,417.1035392101744,44.524816693107034,146,66,2.8568735562340715,0.6746184347440459
4957,2478.5,2.4785,417.12481256394034,44.54842834745816,146,66,2.8570192641365773,0.6749761870826996
4958,2479.0,2.479,417.1400155274511,44.568113086728964,146,66,2.8571233940236382,0.6752744407080146
4959,2479.5,2.4795,417.1554287594448,44.59019841141647,146,66,2.8572289641057864,0.6756090668396436
4960,2480.0,2.48,417.16550293202476,44.6091432960599,146,66,2.8572979652878407,0.6758961105463622
4961,2480.5,2.4805,417.1742236399394,44.62183188730125,146,66,2.857357696163968,0.6760883619288068
4962,2481.0,2.481,417.17651097121285,44.63332514632305,146,65,2.8573733628165265,0.6866665407126622
4963,2481.5,2.4815,417.17627937080925,44.6469732265003,146,65,2.857371776512392,0.6868765111769276
4964,2482.0,2.482,417.17290242530953,44.66015663994284,146,65,2.8573486467486955,0.6870793329221977
4965,2482.5,2.4825,417.1658763390944,44.67252319182818,146,65,2.85730052287051,0.6872695875665874
4966,2483.0,2.483,417.1545975157969,44.6837768641199,146,65,2.857223270656143,0.68744272098646
4967,2483.5,2.4835,417.1390346398497,44.697380884039504,146,64,2.8571166756154094,0.6983965763131172
4968,2484.0,2.484,417.1170267374929,44.712874143665275,146,64,2.8569659365581703,0.6986386584947699
4969,2484.5,2.4845,417.08553335920027,44.72148973579067,146,64,2.8567502284876736,0.6987732771217292
4970,2485.0,2.485,417.05150713002524,44.73056237754537,146,64,2.8565171721234606,0.6989150371491465
4971,2485.5,2.4855,417.01360616281363,44.73700078902409,146,64,2.8562575764576272,0.6990156373285014
4972,2486.0,2.486,416.9722028926527,44.740733727512776,146,64,2.8559739924154295,0.6990739644923871
4973,2486.5,2.4865,416.9289239352116,44.74577797813145,146,64,2.8556775612000798,0.6991527809083039
4974,2487.0,2.487,416.88873899632364,44.75243561428264,146,63,2.855402321892628,0.7103561208616292
4975,2487.5,2.4875,416.8480947386486,44.766969966781126,146,63,2.8551239365660868,0.7105868248695415
4976,2488.0,2.488,416.80997492596777,44.7830759743996,146,63,2.8548628419586835,0.7108424757841207
4977,2488.5,2.4885,416.7773503578135,44.80583988374556,146,64,2.854639386012421,0.7000912481835244
4978,2489.0,2.489,416.7500716512446,44.831663366068504,146,64,2.8544525455564695,0.7004947400948205
4979,2489.5,2.4895,416.7220442733337,44.854325685998404,146,64,2.8542605772146143,0.7008488388437251
4980,2490.0,2.49,416.6927559465559,44.87636437893301,146,64,2.854059972236684,0.7011931934208284
4981,2490.5,2.4905,416.66156137601826,44.89334007533723,146,65,2.853846310794646,0.6906667703898035
4982,2491.0,2.491,416.6329913304786,44.90849323193578,146,65,2.8536506255512233,0.6908998958759349
4983,2491.5,2.4915,416.6002816680338,44.916586606445364,146,65,2.853426586767355,0.6910244093299286
4984,2492.0,2.492,416.56639271109503,44.91465509194943,146,65,2.8531944706239387,0.6909946937222989
4985,2492.5,2.4925,416.53127809227726,44.905073167570826,146,65,2.8529539595361455,0.6908472795010896
4986,2493.0,2.493,416.49164483980405,44.88788783846795,146,65,2.8526824989027677,0.6905828898225838
4987,2493.5,2.4935,416.44983084733144,44.858702258690045,146,65,2.852396101694051,0.6901338809029237
4988,2494.0,2.494,416.4052888834764,44.81972418257339,146,65,2.8520910197498384,0.6895342181934367
4989,2494.5,2.4945,416.3613718179757,44.77804109372082,146,65,2.851790217931341,0.6888929399033973
4990,2495.0,2.495,416.31539608888687,44.72949686493946,146,65,2.851475315677307,0.6881461056144534
4991,2495.5,2.4955,416.2639119250694,44.680147642868455,146,65,2.8511226844182835,0.6873868868133608
4992,2496.0,2.496,416.2137082736349,44.630174259375536,146,65,2.85077882379202,0.6866180655288543
4993,2496.5,2.4965,416.15524500387085,44.568332340597564,146,65,2.8503783904374718,0.6856666513938087
4994,2497.0,2.497,416.10213830721915,44.50507845897141,146,65,2.850014645939857,0.6846935147534063
4995,2497.5,2.4975,416.05579386206006,44.43872071439895,146,65,2.8496972182332883,0.6836726263753684
4996,2498.0,2.498,416.01627614741494,44.37525281042279,146,65,2.849426548954897,0.6826961970834275
4997,2498.5,2.4985,415.9794667630737,44.30902129830555,146,65,2.849174429884066,0.6816772507431623
4998,2499.0,2.499,415.9470292793494,44.244797939187414,146,65,2.8489522553380096,0.6806891990644219
4999,2499.5,2.4995,415.9195045003432,44.18358737718476,146,65,2.848763729454405,0.6797474981105347
5000,2500.0,2.5,415.8960148271577,44.12822117013161,146,66,2.8486028412819024,0.6686094116686606
5001,2500.5,2.5005,415.8756782498955,44.07979977047372,146,66,2.8484635496568185,0.6678757540980865
5002,2501.0,2.501,415.8545952907994,44.029789168770165,146,66,2.848319145827393,0.6671180177086389
5003,2501.5,2.5015,415.83450018491766,43.9811616673037,146,66,2.8481815081158746,0.6663812373833893
5004,2502.0,2.502,415.815043805062,43.935798577124764,146,66,2.8480482452401508,0.6656939178352237
5005,2502.5,2.5025,415.79558867940693,43.88498017682332,146,66,2.847914990954842,0.6649239420730806
5006,2503.0,2.503,415.7759551441984,43.83129810199927,146,66,2.8477805146862907,0.6641105773030191
5007,2503.5,2.5035,415.75627756409256,43.77865163517234,146,66,2.84764573674036,0.6633129035632173
5008,2504.0,2.504,415.7370736914199,43.7258854854349,146,67,2.8475142033658893,0.6526251564990284
5009,2504.5,2.5045,415.71938140046353,43.673002773378876,146,67,2.8473930232908464,0.6518358622892371
5010,2505.0,2.505,415.70006277654096,43.61436499619871,146,67,2.847260703948911,0.6509606715850554
5011,2505.5,2.5055,415.68065330861964,43.54919172691907,146,67,2.8471277623878057,0.6499879362226727
5012,2506.0,2.506,415.66659950441687,43.48220851950512,146,67,2.84703150345491,0.6489881868582854
5013,2506.5,2.5065,415.6561282721554,43.41425345776334,146,67,2.8469597826859965,0.647973932205423
5014,2507.0,2.507,415.64980062731087,43.354719537458564,146,66,2.8469164426528146,0.6568896899614936
5015,2507.5,2.5075,415.64982036643,43.3169652061414,146,67,2.84691657785226,0.6465218687483789
5016,2508.0,2.508,415.65569312484877,43.28894345411744,146,67,2.8469568022249914,0.6461036336435438
5017,2508.5,2.5085,415.66664741472624,43.257994055703776,146,67,2.8470318316077146,0.6456417023239369
5018,2509.0,2.509,415.6817487001659,43.227463979155054,146,67,2.8471352650696296,0.6451860295396278
5019,2509.5,2.5095,415.6973734369055,43.19719082038665,146,67,2.847242283814421,0.6447341913490547
5020,2510.0,2.51,415.71170136761435,43.16581041406493,146,67,2.847340420326126,0.644265827075596
5021,2510.5,2.5105,415.7266472968218,43.135813460193766,146,67,2.8474427897042585,0.6438181113461757
5022,2511.0,2.511,415.74145449457995,43.10643293351045,146,67,2.8475442088669856,0.643379596022544
5023,2511.5,2.5115,415.754273521899,43.07555782302987,146,67,2.8476320104239656,0.6429187734780577
5024,2512.0,2.512,415.7624285469359,43.04004276338411,146,67,2.847687866759835,0.6423886979609569
5025,2512.5,2.5125,415.7682111418079,43.00153627385379,146,67,2.8477274735740266,0.6418139742366236
5026,2513.0,2.513,415.77189598881404,42.96156512141064,146,67,2.8477527122521504,0.6412173898718008
5027,2513.5,2.5135,415.77617492037785,42.92126709359218,146,67,2.8477820200025876,0.6406159267700324
5028,2514.0,2.514,415.78195520458274,42.88039752652445,146,67,2.8478216109902927,0.6400059332317081
5029,2514.5,2.5145,415.7901827383397,42.83964863348116,146,67,2.8478779639612304,0.6393977407982262
5030,2515.0,2.515,415.8017055681133,42.79976059128043,146,67,2.8479568874528303,0.6388023968847827
5031,2515.5,2.5155,415.817076425009,42.76158725853916,146,67,2.8480621672945823,0.6382326456498381
5032,2516.0,2.516,415.8290448945375,42.71845042660558,146,67,2.84814414311327,0.6375888123373968
5033,2516.5,2.5165,415.8439983997413,42.67842960389565,146,68,2.84824656438179,0.6276239647631714
5034,2517.0,2.517,415.8623317083903,42.6429359131505,146,68,2.8483721349889746,0.6271019987228015
5035,2517.5,2.5175,415.8714119543914,42.60117253744212,146,68,2.848434328454736,0.6264878314329723
5036,2518.0,2.518,415.87400037040373,42.554585968286325,146,67,2.8484520573315324,0.6351430741535272
5037,2518.5,2.5185,415.8777642168842,42.50972717129061,146,67,2.848477837101947,0.6344735398700092
5038,2519.0,2.519,415.8806350601785,42.47176018769719,146,67,2.848497500412182,0.6339068684730924
5039,2519.5,2.5195,415.8803729850266,42.43457360280872,146,67,2.8484957053768944,0.6333518448180406
5040,2520.0,2.52,415.87974072673694,42.40033153417802,146,67,2.848491374840664,0.6328407691668363
5041,2520.5,2.5205,415.8784139781977,42.36683337359977,146,67,2.848482287521902,0.6323407966208922
5042,2521.0,2.521,415.87292317892746,42.33824606355517,146,66,2.8484446793077227,0.6414885767205329
5043,2521.5,2.5215,415.86722877628966,42.30956433485751,146,66,2.8484056765499295,0.6410540050735987
5044,2522.0,2.522,415.86182166792383,42.28061182895756,146,66,2.8483686415611227,0.6406153307417813
5045,2522.5,2.5225,415.85636551806584,42.25035782668168,146,66,2.8483312706716837,0.6401569367679044
5046,2523.0,2.523,415.8506067125345,42.22325717545987,146,65,2.8482918267981816,0.6495885719301518
5047,2523.5,2.5235,415.84683096488396,42.19066209153937,146,65,2.8482659655129035,0.6490871091006057
5048,2524.0,2.524,415.8459367328498,42.15380189427644,146,65,2.848259840635957,0.6485200291427144
5049,2524.5,2.5245,415.8486789621522,42.11554062223522,146,65,2.8482786230284396,0.6479313941882342
5050,2525.0,2.525,415.8556041013748,42.0804573907928,146,65,2.8483260554888687,0.6473916521660431
5051,2525.5,2.5255,415.86472736311265,42.05192117350208,146,64,2.848388543582963,0.65706126833597
5052,2526.0,2.526,415.8745759789025,42.02421131880969,146,64,2.8484559998554966,0.6566283018564014
5053,2526.5,2.5265,415.88275419690706,41.9941709264904,146,64,2.8485120150473087,0.6561589207264125
5054,2527.0,2.527,415.894735761802,41.968127332767004,146,64,2.8485940805602876,0.6557519895744843
5055,2527.5,2.5275,415.9066195225041,41.94420629558365,146,65,2.848675476181535,0.6452954814705177
5056,2528.0,2.528,415.91437995127467,41.91792736197611,146,65,2.8487286298032513,0.6448911901842478
5057,2528.5,2.5285,415.9222517030325,41.89310928150883,146,65,2.8487825459111815,0.6445093735616741
5058,2529.0,2.529,415.9269724419989,41.870583862603084,146,66,2.848814879739719,0.6344027857970165
5059,2529.5,2.5295,415.934188033906,41.84813552708775,146,66,2.848864301602096,0.6340626595013296
5060,2530.0,2.53,415.94364750768557,41.82401246286038,146,66,2.8489290925183943,0.6336971585281876
5061,2530.5,2.5305,415.9551539170836,41.802043001350704,146,67,2.849007903541668,0.6239110895723987
5062,2531.0,2.531,415.9626313621686,41.771684836918894,146,68,2.849059118918963,0.614289482895866
5063,2531.5,2.5315,415.96762566171253,41.75134466555843,146,68,2.8490933264500855,0.6139903627288004
5064,2532.0,2.532,415.9728695590241,41.73034866344857,146,68,2.8491292435549602,0.6136815979918907
5065,2532.5,2.5325,415.9808745762018,41.71195781229501,146,68,2.8491840724397384,0.6134111442984561
5066,2533.0,2.533,415.9918859665283,41.69332991306983,146,68,2.8492594929214268,0.6131372046039681
5067,2533.5,2.5335,416.0059107536394,41.675386925831525,146,67,2.8493555531071197,0.6220207003855451
5068,2534.0,2.534,416.0232171130833,41.66655280830169,146,67,2.849474089815639,0.6218888478850998
5069,2534.5,2.5345,416.03523636740465,41.65001968141126,146,67,2.849556413475374,0.6216420847971829
5070,2535.0,2.535,416.0468437323788,41.63693157105838,146,67,2.849635915975197,0.6214467398665432
5071,2535.5,2.5355,416.0619591811287,41.62644232934971,146,67,2.8497394464460872,0.6212901840201449
5072,2536.0,2.536,416.08049476789046,41.61903932854381,146,67,2.849866402519798,0.6211796914708032
5073,2536.5,2.5365,416.102237307127,41.61643651326904,146,67,2.8500153240214177,0.6211408434816276
5074,2537.0,2.537,416.1269772964022,41.626288325764726,146,67,2.8501847760027545,0.621287885459175
5075,2537.5,2.5375,416.14738191391285,41.633910541245605,146,67,2.850324533656938,0.6214016498693374
5076,2538.0,2.538,416.1573332751746,41.639405782137395,146,67,2.8503926936655795,0.6214836683901103
5077,2538.5,2.5385,416.1648932276973,41.645068845956615,146,67,2.85044447416231,0.6215681917306958
5078,2539.0,2.539,416.17320383178355,41.65397152956148,146,67,2.8505013961081067,0.6217010676053953
5079,2539.5,2.5395,416.18232610431426,41.66034951341892,146,67,2.85056387742681,0.6217962613943123
5080,2540.0,2.54,416.19243025461,41.664195580825336,146,67,2.8506330839356853,0.6218536653854528
5081,2540.5,2.5405,416.2038513829451,41.66532859526582,146,67,2.85071131084209,0.6218705760487436
5082,2541.0,2.541,416.21708508907864,41.667846724537405,146,67,2.850801952664922,0.6219081600677225
5083,2541.5,2.5415,416.2325893847525,41.67181366791563,146,67,2.8509081464709074,0.6219673681778451
5084,2542.0,2.542,416.2507172060622,41.67709870769777,146,67,2.851032309630563,0.6220462493686236
5085,2542.5,2.5425,416.2694171956951,41.68105046380533,146,67,2.8511603917513364,0.6221052308030645
5086,2543.0,2.543,416.28538427198197,41.680245662059335,146,66,2.851269755287548,0.6315188736675655
5087,2543.5,2.5435,416.29737764782163,41.68178529845812,146,66,2.8513519016974085,0.6315422014917897
5088,2544.0,2.544,416.3111658354782,41.68821062232224,146,66,2.851446341338892,0.6316395548836703
5089,2544.5,2.5445,416.3264903162724,41.69661031620564,146,66,2.851551303536112,0.6317668229728127
5090,2545.0,2.545,416.3398115333437,41.69796144858089,146,66,2.851642544748929,0.631787294675468
5091,2545.5,2.5455,416.35284902477537,41.69859126743408,146,66,2.851731842635448,0.6317968373853649
5092,2546.0,2.546,416.36709974604923,41.6992520528284,146,66,2.851829450315406,0.6318068492852787
5093,2546.5,2.5465,416.38241947985597,41.69726686122418,146,66,2.851934379999014,0.6317767706246087
5094,2547.0,2.547,416.39874657040235,41.689294755413265,146,66,2.8520462093863177,0.6316559811426251
5095,2547.5,2.5475,416.4125325500552,41.68309037324664,146,66,2.8521406339044875,0.6315619753522218
5096,2548.0,2.548,416.4250060660752,41.681345467791786,146,67,2.8522260689457206,0.6221096338476384
5097,2548.5,2.5485,416.43646850223524,41.68533479465588,146,67,2.8523045787824333,0.62216917603964
5098,2549.0,2.549,416.44864211702475,41.69334347730458,146,67,2.852387959705649,0.6222887086164862
5099,2549.5,2.5495,416.46175413199944,41.70350315769505,146,67,2.8524777680273936,0.6224403456372395
5100,2550.0,2.55,416.47611132656004,41.71610385176045,146,68,2.8525761049764387,0.6134721154670655
5101,2550.5,2.5505,416.48903424223863,41.72553839940976,146,68,2.852664618097525,0.6136108588148493
5102,2551.0,2.551,416.49430176146626,41.72687168918199,146,68,2.8527006969963438,0.6136304660173824
5103,2551.5,2.5515,416.5018042374284,41.72979946145032,146,68,2.8527520838180025,0.6136735214919165
5104,2552.0,2.552,416.51139677052726,41.7255351731819,146,68,2.852817786099502,0.613610811370322
5105,2552.5,2.5525,416.5229520128431,41.72542266267911,146,69,2.852896931594816,0.6047162704736103
5106,2553.0,2.553,416.53635430758453,41.72867997562403,146,68,2.8529887281341404,0.6136570584650592
5107,2553.5,2.5535,416.5504431605789,41.73334969992696,146,68,2.853085227127253,0.6137257308812788
5108,2554.0,2.554,416.5646981977117,41.73845212587968,146,68,2.8531828643678883,0.6138007665570543
5109,2554.5,2.5545,416.56247783531296,41.71969318575823,146,68,2.8531676564062534,0.6135248997905622
5110,2555.0,2.555,416.56079422491746,41.69816499859426,146,67,2.853156124828202,0.6223606716208098
5111,2555.5,2.5555,416.56244934991594,41.68132942347238,146,67,2.853167461300794,0.6221093943801848
5112,2556.0,2.556,416.5675884918573,41.66686873251881,146,67,2.8532026609031322,0.6218935631719226
5113,2556.5,2.5565,416.5736806920914,41.648721583975416,146,67,2.853244388301996,0.6216227102085883
5114,2557.0,2.557,416.57387480691244,41.62030641614505,146,67,2.853245717855565,0.6211986032260455
5115,2557.5,2.5575,416.5770061753746,41.594691165497416,146,67,2.853267165584758,0.6208162860522002
5116,2558.0,2.558,416.58338893966516,41.56773999841327,146,67,2.8533108831483913,0.6204140298270637
5117,2558.5,2.5585,416.59272519789175,41.54222969514741,146,67,2.853374830122547,0.620033279032051
5118,2559.0,2.559,416.6048289156574,41.515032382655804,146,67,2.8534577322990233,0.6196273489948628
5119,2559.5,2.5595,416.61911710873875,41.48709961413149,146,67,2.8535555966351964,0.6192104420019626
5120,2560.0,2.56,416.6314336234904,41.45675825525978,146,67,2.853639956325277,0.6187575858993998
5121,2560.5,2.5605,416.64603912840687,41.42663267012299,146,67,2.853739994030184,0.6183079503003431
5122,2561.0,2.561,416.66316676693265,41.39544087039145,146,67,2.8538573066228263,0.6178424010506187
5123,2561.5,2.5615,416.68303458851085,41.363212954878875,146,67,2.8539933875925403,0.6173613873862518
5124,2562.0,2.562,416.7060913437523,41.33003539193023,146,67,2.854151310573646,0.6168661998795557
5125,2562.5,2.5625,416.72954896190856,41.29754647709189,146,68,2.8543119791911544,0.6073168599572337
5126,2563.0,2.563,416.7533764779669,41.26144603789084,146,68,2.8544751813559377,0.6067859711454535
5127,2563.5,2.5635,416.78257726710194,41.2264751365793,146,68,2.8546751867609723,0.6062716931849899
5128,2564.0,2.564,416.817702507036,41.197945548580286,146,68,2.8549157705961368,0.6058521404202983
5129,2564.5,2.5645,416.85917491193584,41.17539760810737,146,68,2.855199828163944,0.6055205530604025
5130,2565.0,2.565,416.9070503585609,41.15697430648524,146,68,2.8555277421819243,0.6052496221541946
5131,2565.5,2.5655,416.96017930401626,41.14258588036601,146,68,2.8558916390686044,0.6050380276524413
5132,2566.0,2.566,417.01453099441176,41.13000686638259,146,68,2.8562639109206285,0.604853042152685
5133,2566.5,2.5665,417.06419378562333,41.11221038186786,146,68,2.8566040670248167,0.6045913291451158
5134,2567.0,2.567,417.1135211194717,41.09439100007874,146,68,2.8569419254758333,0.6043292794129226
5135,2567.5,2.5675,417.16480318317,41.078751054358904,146,68,2.857293172487466,0.6040992802111603
5136,2568.0,2.568,417.21696337191594,41.066851996266536,146,69,2.857650434054219,0.5951717680618338
5137,2568.5,2.5685,417.2683832807155,41.055650289339006,146,69,2.8580026252103803,0.595009424483174
5138,2569.0,2.569,417.3150454821387,41.04139547664528,146,69,2.8583222293297172,0.5948028329948591
5139,2569.5,2.5695,417.3589259694187,41.04173522290181,146,72,2.858622780612457,0.5700241003180807
5140,2570.0,2.57,417.3965019712096,41.047408652874175,146,72,2.8588801504877375,0.5701028979565858
5141,2570.5,2.5705,417.4337451029251,41.054193764562754,146,71,2.8591352404309935,0.5782280811910248
5142,2571.0,2.571,417.4712031146505,41.0623363432482,146,71,2.8593918021551405,0.5783427653978619
5143,2571.5,2.5715,417.5100229020426,41.07243375996273,146,72,2.8596576911098808,0.5704504688883713
5144,2572.0,2.572,417.5496922799739,41.07862200000211,146,72,2.8599293991779033,0.570536416666696
5145,2572.5,2.5725,417.587920662857,41.07573166443678,146,72,2.860191237416829,0.5704962731171775
5146,2573.0,2.573,417.62898766622345,41.06873700491007,146,72,2.8604725182618043,0.5703991250681955
5147,2573.5,2.5735,417.66818557120934,41.055023285662074,146,72,2.860740997063078,0.5702086567453066
5148,2574.0,2.574,417.7108524702389,41.04556174391743,146,73,2.8610332360975264,0.5622679690947593
5149,2574.5,2.5745,417.75650022639417,41.04838863448646,146,73,2.8613458919616037,0.5623066936231021
5150,2575.0,2.575,417.798475347848,41.04653316254969,146,74,2.8616333927934794,0.5546828805749958
5151,2575.5,2.5755,417.8438121855575,41.04940014339479,146,74,2.861943919079161,0.554721623559389
5152,2576.0,2.576,417.88983668244737,41.05433191887329,146,73,2.8622591553592285,0.5623881084777164
5153,2576.5,2.5765,417.9350159951553,41.060921870517134,146,73,2.8625686027065433,0.562478381787906
5154,2577.0,2.577,417.97574275663476,41.070527240391705,146,73,2.862847553127635,0.5626099621971468
5155,2577.5,2.5775,418.0152611648774,41.085485378530564,146,73,2.863118227156695,0.5628148681990487
5156,2578.0,2.578,418.0527159088213,41.101584255564234,146,73,2.8633747664987763,0.5630354007611539
5157,2578.5,2.5785,418.0876862441182,41.1162883798792,146,74,2.8636142893432757,0.5556255186470163
5158,2579.0,2.579,418.11997164703587,41.132582378914634,146,74,2.863835422239972,0.5558457078231707
5159,2579.5,2.5795,418.1465256998276,41.14439126374495,146,74,2.864017299313888,0.5560052873479047
5160,2580.0,2.58,418.17220009422914,41.15193743549746,146,75,2.864193151330336,0.5486924991399662
5161,2580.5,2.5805,418.1980735142441,41.164952315161194,146,76,2.8643703665359186,0.5416441094100157
5162,2581.0,2.581,418.2253648712246,41.19060792219245,146,76,2.8645572936385246,0.5419816831867429
5163,2581.5,2.5815,418.25140611410063,41.223920699092126,146,77,2.864735658315758,0.535375593494703
5164,2582.0,2.582,418.2782371891421,41.25952636910729,146,77,2.8649194328023433,0.5358380047936011
5165,2582.5,2.5825,418.3097054600882,41.298077138724246,146,77,2.8651349689047136,0.5363386641392759
5166,2583.0,2.583,418.34615360481075,41.335557118823196,146,77,2.86538461373158,0.5368254171275739
5167,2583.5,2.5835,418.386151002537,41.36857764761628,146,77,2.8656585685105274,0.5372542551638476
5168,2584.0,2.584,418.425189080159,41.397870947395745,146,77,2.865925952603828,0.5376346876285162
5169,2584.5,2.5845,418.46849634937854,41.42855572786908,146,77,2.866222577735469,0.5380331912710272
5170,2585.0,2.585,418.51502503413485,41.461037091236754,146,77,2.866541267357088,0.5384550271589188
5171,2585.5,2.5855,418.5607747756188,41.49341796995163,146,77,2.866854621750814,0.5388755580513198
5172,2586.0,2.586,418.6084068677636,41.52723450139401,146,76,2.867180868957285,0.5464109802815
5173,2586.5,2.5865,418.6567396577125,41.56214606525717,146,76,2.8675119154637843,0.5468703429639102
5174,2587.0,2.587,418.7049405231697,41.59815791658658,146,76,2.867842058377874,0.5473441831129813
5175,2587.5,2.5875,418.75251786242046,41.63566806343812,146,76,2.8681679305645233,0.5478377376768173
5176,2588.0,2.588,418.7989291035649,41.673064316122904,146,76,2.868485815777842,0.5483297936331961
5177,2588.5,2.5885,418.84401662923267,41.70354709396395,146,76,2.868794634446799,0.548730882815315
5178,2589.0,2.589,418.87242832567364,41.71782593987246,146,76,2.868989235107353,0.5489187623667429
5179,2589.5,2.5895,418.89383598904607,41.72797544030145,146,74,2.869135862938671,0.5638915600040736
5180,2590.0,2.59,418.9079836979515,41.73399346475455,146,74,2.8692327650544627,0.5639728846588452
5181,2590.5,2.5905,418.9239908594324,41.74145019388139,146,74,2.8693424031467973,0.5640736512686675
5182,2591.0,2.591,418.94272979365473,41.7435194698584,146,74,2.869470752011334,0.5641016144575459
5183,2591.5,2.5915,418.9590762662323,41.74016785078124,146,73,2.869582714152276,0.5717831212435787
5184,2592.0,2.592,418.9742216708404,41.733807308693784,146,73,2.8696864498002768,0.5716959905300518
5185,2592.5,2.5925,418.97988329699365,41.716602871485314,146,74,2.8697252280616,0.5637378766416934
5186,2593.0,2.593,418.99046364293804,41.707019684233614,146,74,2.869797696184507,0.5636083741112651
5187,2593.5,2.5935,418.9994901821937,41.69986253689284,146,74,2.8698595217958474,0.5635116559039572
5188,2594.0,2.594,419.0064197242799,41.69317107436898,146,74,2.869906984412876,0.563421230734716
5189,2594.5,2.5945,419.0172708703113,41.68913530726289,146,74,2.869981307330899,0.5633666933413903
5190,2595.0,2.595,419.0266635698092,41.68319778956636,146,74,2.870045640889104,0.5632864566157616
5191,2595.5,2.5955,419.0375067567662,41.683910926113036,146,74,2.8701199092929195,0.5632960935961222
5192,2596.0,2.596,419.0500156474654,41.68837212327408,146,74,2.8702055866264757,0.5633563800442442
5193,2596.5,2.5965,419.06320599585115,41.69696737329934,146,74,2.8702959314784326,0.5634725320716126
5194,2597.0,2.597,419.0763649456172,41.70836420286374,146,73,2.87038606127135,0.5713474548337499
5195,2597.5,2.5975,419.0889946242054,41.72436064077274,146,73,2.870472565919215,0.5715665841201745
5196,2598.0,2.598,419.10099359349897,41.745955526625224,146,73,2.870554750640404,0.571862404474318
5197,2598.5,2.5985,419.11237722851325,41.77380791102562,146,73,2.8706327207432416,0.5722439439866525
5198,2599.0,2.599,419.1196316993436,41.80060363295031,146,72,2.8706824088996137,0.5805639393465322
5199,2599.5,2.5995,419.12717562223327,41.83007159175723,146,72,2.8707340796043375,0.5809732165521838
5200,2600.0,2.6,419.1349882492669,41.8596109667616,146,72,2.870787590748403,0.5813834856494666
5201,2600.5,2.6005,419.14605540446956,41.89137660988827,146,72,2.8708633931812986,0.581824675137337
5202,2601.0,2.601,419.15673312954317,41.9211893495386,146,72,2.8709365282845423,0.5822387409658139
5203,2601.5,2.6015,419.1663404503515,41.952383799819714,146,72,2.871002331851723,0.5826719972197183
5204,2602.0,2.602,419.1784793527671,41.988590589148345,146,72,2.871085475018953,0.583174869293727
5205,2602.5,2.6025,419.19547136730984,42.02939602991604,146,72,2.871201858680205,0.5837416115266117
5206,2603.0,2.603,419.2162684363485,42.07344481238346,146,72,2.871344304358551,0.5843534001719924
5207,2603.5,2.6035,419.23706065294033,42.11653077569946,146,72,2.871486716800961,0.5849518163291592
5208,2604.0,2.604,419.2595393409404,42.16229404356695,146,72,2.8716406804174,0.5855874172717632
5209,2604.5,2.6045,419.2779427042505,42.20613040200463,146,72,2.871766730851031,0.5861962555833977
5210,2605.0,2.605,419.29673716572955,42.25070264782873,146,72,2.871895460039244,0.5868153145531767
5211,2605.5,2.6055,419.3161550611417,42.29873336354325,146,72,2.872028459322888,0.5874824078269896
5212,2606.0,2.606,419.33508381810867,42.34616557019782,146,72,2.8721581083432106,0.5881411884749697
5213,2606.5,2.6065,419.349683555423,42.39215726030815,146,72,2.872258106543993,0.5887799619487244
5214,2607.0,2.607,419.35497482387433,42.43705474293665,146,72,2.8722943481087277,0.5894035380963424
5215,2607.5,2.6075,419.357959411472,42.48067302039041,146,72,2.8723147904895336,0.5900093475054224
5216,2608.0,2.608,419.3593956953742,42.52132261239418,146,72,2.8723246280505084,0.5905739251721412
5217,2608.5,2.6085,419.35687531600917,42.555228115390655,146,72,2.8723073651781448,0.5910448349359814
5218,2609.0,2.609,419.35132949358166,42.58561794829313,146,72,2.8722693800930252,0.5914669159485155
5219,2609.5,2.6095,419.3426856208772,42.61194303724066,146,72,2.8722101754854603,0.5918325421838979
5220,2610.0,2.61,419.328542994854,42.63031565527851,146,72,2.8721133081839314,0.5920877174344237
5221,2610.5,2.6105,419.31722184707934,42.645070913938454,146,72,2.872035766075886,0.5922926515824786
5222,2611.0,2.611,419.3071779824901,42.658755802734596,146,72,2.871966972482809,0.5924827194824249
5223,2611.5,2.6115,419.2991845066688,42.668419213079034,146,72,2.871912222648416,0.5926169335149866
5224,2612.0,2.612,419.29481651601867,42.67781857181417,146,72,2.8718823049042377,0.5927474801640857
5225,2612.5,2.6125,419.293776470205,42.688620232498046,146,72,2.871875181302774,0.5928975032291396
5226,2613.0,2.613,419.295477898251,42.699748564282665,146,72,2.8718868349195272,0.5930520633928148
5227,2613.5,2.6135,419.2992577981024,42.703498507654764,146,72,2.8719127246445373,0.5931041459396494
5228,2614.0,2.614,419.30440243262854,42.70727532358959,146,72,2.8719479618673187,0.5931566017165221
5229,2614.5,2.6145,419.3101498366575,42.711549333232554,146,72,2.871987327648339,0.5932159629615632
5230,2615.0,2.615,419.3158314797303,42.71708234066068,146,71,2.872026243011851,0.6016490470515589
5231,2615.5,2.6155,419.32093533767636,42.72633524841809,146,71,2.872061200942989,0.6017793696960294
5232,2616.0,2.616,419.32522002485683,42.73536506947143,146,71,2.872090548115458,0.6019065502742454
5233,2616.5,2.6165,419.3246295956497,42.739921217681974,146,72,2.8720865040797925,0.5936100169122497
5234,2617.0,2.617,419.32178045065854,42.74232363275331,146,72,2.872066989388072,0.5936433837882404
5235,2617.5,2.6175,419.3192451217322,42.740109765228866,146,72,2.8720496241214533,0.5936126356281788
5236,2618.0,2.618,419.31482184512294,42.74168883245172,146,72,2.872019327706321,0.593634567117385
5237,2618.5,2.6185,419.30783451523394,42.74503401707766,146,72,2.8719714692824243,0.5936810280149675
5238,2619.0,2.619,419.30356143061624,42.758130697168454,146,73,2.8719422015795635,0.5857278177694308
5239,2619.5,2.6195,419.30143078259294,42.7751395942255,146,73,2.871927608099952,0.5859608163592533
5240,2620.0,2.62,419.2995201665647,42.7924309561661,146,73,2.8719145216888,0.5861976843310425
5241,2620.5,2.6205,419.30186103167495,42.814178352117295,146,73,2.871930555011472,0.5864955938646205
5242,2621.0,2.621,419.3086360698812,42.84049124863985,146,73,2.8719769593827476,0.5868560445019158
5243,2621.5,2.6215,419.31878524395955,42.869307366279706,146,73,2.872046474273695,0.5872507858394479
5244,2622.0,2.622,419.3306514144527,42.90375756321545,146,74,2.8721277494140596,0.5797805076110197
5245,2622.5,2.6225,419.346536930868,42.94473477678295,146,74,2.8722365543210135,0.5803342537403101
5246,2623.0,2.623,419.3662649236322,42.996700897813966,146,74,2.872371677559125,0.5810364986191077
5247,2623.5,2.6235,419.3893953259153,43.054810378887325,146,75,2.8725301049720224,0.5740641383851642
5248,2624.0,2.624,419.4152842532293,43.1180828390627,146,75,2.8727074263919814,0.5749077711875027
5249,2624.5,2.6245,419.4433665184153,43.17887591054159,146,75,2.8728997706740773,0.575718345473888
5250,2625.0,2.625,419.4658101966487,43.23244432886235,146,75,2.8730534944975936,0.576432591051498
5251,2625.5,2.6255,419.4861934239875,43.281806632461134,146,75,2.8731931056437503,0.5770907550994818
5252,2626.0,2.626,419.5078669136705,43.3298059607521,146,75,2.8733415542032223,0.5777307461433613
5253,2626.5,2.6265,419.531063942018,43.376219114009366,146,75,2.8735004379590277,0.5783495881867915
5254,2627.0,2.627,419.55608814199036,43.42100527839464,146,75,2.873671836588975,0.5789467370452619
5255,2627.5,2.6275,419.5801704215929,43.46149028533207,146,75,2.8738367837095407,0.579486537137761
5256,2628.0,2.628,419.60290736590133,43.50390104946581,146,75,2.8739925162048037,0.5800520139928774
5257,2628.5,2.6285,419.62701456377806,43.54904867591955,146,76,2.87415763399848,0.5730137983673624
5258,2629.0,2.629,419.64266887894433,43.57910304790563,146,76,2.874264855335235,0.5734092506303371
5259,2629.5,2.6295,419.65273635753726,43.60175595743557,146,76,2.8743338106680634,0.5737073152294155
5260,2630.0,2.63,419.6646422665998,43.62848438905807,146,77,2.87441535799041,0.5666036933643904
5261,2630.5,2.6305,419.6779759358258,43.65963032307798,146,77,2.8745066844919576,0.5670081860139997
5262,2631.0,2.631,419.6892686304418,43.69007004134329,146,77,2.874584031715355,0.5674035070304323
5263,2631.5,2.6315,419.7024720343173,43.723704970667846,146,76,2.8746744659884746,0.5753119075087875
5264,2632.0,2.632,419.70767514322904,43.75652951561747,146,76,2.874710103720747,0.5757438094160193
5265,2632.5,2.6325,419.71184848450366,43.79121796591999,146,76,2.874738688250025,0.576200236393684
5266,2633.0,2.633,419.7178430978478,43.827256207094386,146,76,2.874779747245533,0.5766744237775578
5267,2633.5,2.6335,419.72716994371206,43.85906851662463,146,76,2.874843629751453,0.5770930067976925
5268,2634.0,2.634,419.73969041448953,43.886005871485494,146,76,2.8749293864006127,0.5774474456774407
5269,2634.5,2.6345,419.75521919582707,43.91555076856991,146,76,2.8750357479166233,0.5778361943232883
5270,2635.0,2.635,419.77011510413956,43.94361855352021,146,76,2.8751377746858875,0.5782055072831606
5271,2635.5,2.6355,419.77307619260154,43.9591413785538,146,76,2.8751580561137087,0.5784097549809711
5272,2636.0,2.636,419.77897379333433,43.97733241190275,146,76,2.8751984506392763,0.5786491106829309
5273,2636.5,2.6365,419.7877739344784,43.998572904494765,146,76,2.87525872557862,0.5789285908486154
5274,2637.0,2.637,419.7993709909695,44.02322229193721,146,76,2.8753381574723944,0.5792529248939107
5275,2637.5,2.6375,419.8083320390383,44.04541865903842,146,76,2.875399534513961,0.5795449823557687
5276,2638.0,2.638,419.8182765874592,44.070365585151535,146,76,2.8754676478593097,0.5798732313835728
5277,2638.5,2.6385,419.8251207961838,44.09414820834756,146,76,2.875514526001259,0.580186160636152
5278,2639.0,2.639,419.82516858403363,44.1056301074672,146,76,2.8755148533152988,0.5803372382561475
5279,2639.5,2.6395,419.8247567012094,44.11907718982071,146,76,2.875512032200064,0.5805141735502726
5280,2640.0,2.64,419.8240438557783,44.13586911277045,146,76,2.875507149697112,0.5807351199048743
5281,2640.5,2.6405,419.8141269187548,44.140107349278686,146,76,2.8754392254709233,0.5807908861747196
5282,2641.0,2.641,419.80438757124773,44.149716557486066,146,76,2.875372517611286,0.5809173231248167
5283,2641.5,2.6415,419.789753796016,44.15688052651255,146,76,2.875272286274082,0.5810115858751652
5284,2642.0,2.642,419.76755956689686,44.16001437836273,146,76,2.8751202710061428,0.5810528207679306
5285,2642.5,2.6425,419.7466552354149,44.164945160948335,146,75,2.874977090653527,0.5888659354793111
5286,2643.0,2.643,419.72711220497985,44.17302570708038,146,75,2.874843234280684,0.588973676094405
5287,2643.5,2.6435,419.70238070277014,44.17600393997971,146,75,2.8746738404299323,0.5890133858663961
5288,2644.0,2.644,419.6754731945803,44.17634236224732,146,75,2.874489542428632,0.5890178981632975
5289,2644.5,2.6445,419.64863266456086,44.17887260314891,146,75,2.874305703181924,0.5890516347086522
5290,2645.0,2.645,419.6245913673306,44.18413288738437,146,75,2.8741410367625377,0.5891217718317916
5291,2645.5,2.6455,419.5973853366389,44.18397496103292,146,75,2.873954694086568,0.5891196661471055
5292,2646.0,2.646,419.56900716106173,44.182067073201175,146,75,2.8737603230209707,0.5890942276426824
5293,2646.5,2.6465,419.54364650512343,44.18239635748377,146,75,2.8735866198981057,0.5890986180997836
5294,2647.0,2.647,419.5184891192234,44.178561350489055,146,76,2.8734143090357764,0.581296859874856
5295,2647.5,2.6475,419.49635302373105,44.1787939278105,146,76,2.8732626919433635,0.5812999201027698
5296,2648.0,2.648,419.4738769774995,44.17664048185915,146,76,2.8731087464212295,0.5812715852876204
5297,2648.5,2.6485,419.45331165352064,44.17869707883455,146,77,2.8729678880378122,0.573749312712137
5298,2649.0,2.649,419.43493893097695,44.177608612539025,146,78,2.872842047472445,0.5663795975966541
5299,2649.5,2.6495,419.4141789147471,44.175281057855784,146,78,2.8726998555804597,0.5663497571519972
5300,2650.0,2.65,419.3944766726984,44.1734397643467,146,78,2.8725649087171123,0.5663261508249576
5301,2650.5,2.6505,419.37500899746277,44.17148931864628,146,78,2.872431568475773,0.5663011451108497
5302,2651.0,2.651,419.35180712042313,44.16549940307292,146,78,2.8722726515097476,0.5662243513214477
5303,2651.5,2.6515,419.3312076346333,44.161851234942425,146,78,2.872131559141324,0.5661775799351594
5304,2652.0,2.652,419.31420886740005,44.161391851903915,146,78,2.872015129228768,0.5661716904090246
5305,2652.5,2.6525,419.2962678591929,44.160834668520124,146,78,2.8718922456109106,0.5661645470323093
5306,2653.0,2.653,419.28149017890405,44.16883174415703,146,78,2.8717910286226305,0.5662670736430387
5307,2653.5,2.6535,419.2712567569034,44.1802611527129,146,78,2.871720936691119,0.5664136045219603
5308,2654.0,2.654,419.2658574106177,44.19882884757641,146,77,2.871683954867245,0.5740107642542391
5309,2654.5,2.6545,419.2622178651206,44.221586407393254,146,77,2.8716590264734285,0.5743063169791333
5310,2655.0,2.655,419.2591071142958,44.24057381195609,146,76,2.87163771996093,0.5821128133152118
5311,2655.5,2.6555,419.2497016162224,44.253530799506294,146,76,2.8715732987412492,0.5822832999935039
5312,2656.0,2.656,419.24004691680074,44.26423347804948,146,76,2.8715071706630186,0.5824241247111775
5313,2656.5,2.6565,419.2345719746194,44.2733187744778,146,77,2.8714696710590366,0.5749781659023093
5314,2657.0,2.657,419.2327655971383,44.288197771319986,146,77,2.8714572986105367,0.5751713996275322
5315,2657.5,2.6575,419.2340381995593,44.30710126408201,146,77,2.871466015065475,0.5754168995335327
5316,2658.0,2.658,419.2335382004368,44.32339445586182,146,77,2.8714625904139504,0.5756284994267769
5317,2658.5,2.6585,419.2345704073727,44.34093070007106,146,77,2.871469660324471,0.5758562428580657
5318,2659.0,2.659,419.2256682225163,44.34911306765677,146,77,2.8714086864555908,0.5759625073721659
5319,2659.5,2.6595,419.21868461532233,44.36179961213511,146,77,2.871360853529605,0.5761272676900663
5320,2660.0,2.66,419.2139939680613,44.38111277142438,146,77,2.871328725808639,0.5763780879405763
5321,2660.5,2.6605,419.2092685959905,44.40300193027972,146,77,2.871296360246511,0.5766623627309054
5322,2661.0,2.661,419.2026440402381,44.42326675511356,146,76,2.8712509865769738,0.5845166678304415
5323,2661.5,2.6615,419.198359692937,44.447674954382,146,74,2.8712216417324457,0.6006442561402974
5324,2662.0,2.662,419.1955914471857,44.47939304595009,146,73,2.871202681145107,0.6093067540541108
5325,2662.5,2.6625,419.1943974039153,44.51322762868853,146,73,2.8711945027665435,0.6097702414888839
5326,2663.0,2.663,419.196639442749,44.54801909182618,146,73,2.8712098591969113,0.6102468368743311
5327,2663.5,2.6635,419.1982665448277,44.57944561813051,146,73,2.8712210037316965,0.6106773372346644
5328,2664.0,2.664,419.1991007943784,44.607354952504025,146,73,2.8712267177697153,0.6110596568836167
5329,2664.5,2.6645,419.1995641086395,44.63265162245758,146,73,2.871229891155065,0.6114061866090079
5330,2665.0,2.665,419.1955794888489,44.65185126139372,146,73,2.8712025992386914,0.6116691953615577
5331,2665.5,2.6655,419.19329727314135,44.67210794593617,146,73,2.8711869676242556,0.6119466841909065
5332,2666.0,2.666,419.1777330193147,44.67913475545164,146,73,2.871080363145991,0.612042941855502
5333,2666.5,2.6665,419.1647296910541,44.68983512190921,146,72,2.8709912992537956,0.6206921544709612
5334,2667.0,2.667,419.14817263639407,44.70078251108251,146,72,2.8708778947698224,0.6208442015428126
5335,2667.5,2.6675,419.1342409197782,44.714508540037585,146,72,2.8707824720532757,0.6210348408338553
5336,2668.0,2.668,419.1230359086573,44.73304774696481,146,74,2.8707057254017627,0.6045006452292541
5337,2668.5,2.6685,419.11467706763443,44.75633967295068,146,74,2.870648473065989,0.6048154009858201
5338,2669.0,2.669,419.1092099823009,44.780920273695884,146,74,2.8706110272760337,0.6051475712661606
5339,2669.5,2.6695,419.09614885757094,44.80186978628546,146,74,2.870521567517609,0.6054306727876412
5340,2670.0,2.67,419.08331663557686,44.82335954882107,146,74,2.870433675586143,0.6057210749840686
5341,2670.5,2.6705,419.0719416150844,44.84781449426864,146,73,2.870355764486879,0.6143536232091594
5342,2671.0,2.671,419.06196918901867,44.87585295530832,146,73,2.8702874601987576,0.6147377117165523
5343,2671.5,2.6715,419.05282569184044,44.90361617443867,146,73,2.8702248335057563,0.615118029786831
5344,2672.0,2.672,419.04035706121294,44.92628583563644,146,73,2.870139431926116,0.6154285730909103
5345,2672.5,2.6725,419.0307518012696,44.949814572402204,146,73,2.8700736424744493,0.6157508845534547
5346,2673.0,2.673,419.0230227905712,44.96983880398273,146,73,2.8700207040450083,0.616025189095654
5347,2673.5,2.6735,419.0188311123277,44.992312026724456,146,73,2.8699919939200527,0.6163330414619789
5348,2674.0,2.674,419.0097647459342,45.00960026233586,146,73,2.8699298955200976,0.6165698666073406
5349,2674.5,2.6745,419.0026194640385,45.030971699018544,146,74,2.8698809552331404,0.6085266445813315
5350,2675.0,2.675,418.99685672215674,45.05565649610944,146,74,2.869841484398334,0.6088602229203978
5351,2675.5,2.6755,418.9919266042263,45.084001500069334,146,74,2.869807716467303,0.6092432635144502
5352,2676.0,2.676,418.98751982942554,45.1203379594236,146,74,2.869777533078257,0.6097342967489676
5353,2676.5,2.6765,418.9762946245652,45.152747368218776,146,74,2.86970064811346,0.6101722617326861
5354,2677.0,2.677,418.9615004245134,45.18415940028434,146,75,2.8695993179761192,0.6024554586704579
5355,2677.5,2.6775,418.944734017528,45.21858579308389,146,74,2.8694844795721095,0.6110619701768093
5356,2678.0,2.678,418.9250365401685,45.24453257487687,146,74,2.86934956534362,0.6114126023632008
5357,2678.5,2.6785,418.90604509051013,45.265236050024825,146,74,2.869219486921302,0.6116923790543894
5358,2679.0,2.679,418.8880799318584,45.27699988356158,146,74,2.869096437889441,0.6118513497778594
5359,2679.5,2.6795,418.86898860396394,45.28469521607268,146,74,2.8689656753696156,0.6119553407577388
5360,2680.0,2.68,418.8525921688264,45.292004393218434,146,74,2.868853371019359,0.6120541134218708
5361,2680.5,2.6805,418.8392801844473,45.30119326743072,146,75,2.868762193044159,0.6040159102324096
5362,2681.0,2.681,418.8294089517241,45.312785455986585,146,75,2.868694581861124,0.6041704727464879
5363,2681.5,2.6815,418.82178502123514,45.3225316497034,146,75,2.8686423631591453,0.6043004219960453
5364,2682.0,2.682,418.81443191110804,45.330948830618595,146,75,2.868591999391151,0.6044126510749146
5365,2682.5,2.6825,418.8038140791845,45.335640254946206,146,75,2.8685192745149624,0.6044752033992826
5366,2683.0,2.683,418.79606936743556,45.343955705725165,146,75,2.8684662285440794,0.6045860760763356
5367,2683.5,2.6835,418.7909542987974,45.356513417261866,146,75,2.868431193827379,0.6047535122301582
5368,2684.0,2.684,418.78745367995293,45.368618259925746,146,75,2.868407216985979,0.6049149101323433
5369,2684.5,2.6845,418.77881419353855,45.37682769863157,146,75,2.868348042421497,0.6050243693150874
5370,2685.0,2.685,418.772508036006,45.38745877043017,146,75,2.8683048495616847,0.6051661169390691
5371,2685.5,2.6855,418.7689108748387,45.40000845032715,146,75,2.8682802114714976,0.6053334460043618
5372,2686.0,2.686,418.76850321882756,45.41845977575644,146,74,2.8682774193070384,0.6137629699426547
5373,2686.5,2.6865,418.7681189653163,45.439637251374506,146,74,2.868274787433673,0.6140491520456015
5374,2687.0,2.687,418.76407735370753,45.461572408916275,146,73,2.8682471051623804,0.6227612658755655
5375,2687.5,2.6875,418.7648088630578,45.48496048327913,146,73,2.8682521155003964,0.6230816504558785
5376,2688.0,2.688,418.77001220900445,45.50680935463233,146,73,2.868287754856195,0.6233809500634566
5377,2688.5,2.6885,418.7773715502021,45.527770642960576,146,73,2.8683381613027543,0.62366809099946
5378,2689.0,2.689,418.7888060907282,45.5469215081502,146,73,2.8684164800734813,0.6239304316184958
5379,2689.5,2.6895,418.80370554405494,45.56376450770917,146,72,2.868518531123664,0.6328300626070719
5380,2690.0,2.69,418.8186051039683,45.576360474072075,146,72,2.868620582903893,0.6330050065843343
5381,2690.5,2.6905,418.83808979490743,45.58843454949468,146,72,2.868754039691147,0.6331727020763149
5382,2691.0,2.691,418.86122019737445,45.5991291846645,146,72,2.8689124671053046,0.6333212386758958
5383,2691.5,2.6915,418.88708528648954,45.609744482175316,146,72,2.8690896252499285,0.6334686733635461
5384,2692.0,2.692,418.91466692205074,45.62112806893203,146,72,2.869278540561991,0.6336267787351672
5385,2692.5,2.6925,418.9430929991453,45.63822574358783,146,72,2.869473239720173,0.6338642464387199
5386,2693.0,2.693,418.97161715571946,45.65798483093195,146,72,2.8696686106556126,0.6341386782073882
5387,2693.5,2.6935,418.9997587193096,45.68140614936117,146,72,2.8698613610911616,0.634463974296683
5388,2694.0,2.694,419.02720919601927,45.709219358479785,146,72,2.8700493780549263,0.6348502688677748
5389,2694.5,2.6945,419.0518056380805,45.74782372118858,146,72,2.8702178468361677,0.6353864405720636
5390,2695.0,2.695,419.07462754163225,45.790393622830315,146,72,2.8703741612440563,0.6359776892059766
5391,2695.5,2.6955,419.09300492712606,45.83457187697434,146,72,2.870500033747439,0.636591276069088
5392,2696.0,2.696,419.1006237379056,45.87233483959573,146,72,2.870552217382915,0.6371157616610518
5393,2696.5,2.6965,419.1037971482121,45.913709841177955,146,72,2.8705739530699454,0.637690414460805
5394,2697.0,2.697,419.10872917182104,45.95567220135598,146,72,2.8706077340535687,0.6382732250188331
5395,2697.5,2.6975,419.11617670715543,45.99538742069477,146,72,2.8706587445695577,0.6388248252874273
5396,2698.0,2.698,419.1250589711261,46.03639427949723,146,71,2.8707195819940146,0.6483999194295385
5397,2698.5,2.6985,419.13497771093824,46.084591191666355,146,72,2.87078751856807,0.6400637665509216
5398,2699.0,2.699,419.1475360365259,46.13885975662946,146,72,2.8708735344967526,0.6408174966198537
5399,2699.5,2.6995,419.1626265641294,46.194120012290064,146,72,2.870976894274859,0.6415850001706952
5400,2700.0,2.7,419.181706740746,46.25110282255747,146,71,2.8711075804160684,0.6514239834163023
5401,2700.5,2.7005,419.20409536873564,46.302841990761216,146,71,2.8712609271831204,0.6521527040952284
5402,2701.0,2.701,419.22933907379587,46.35355215573646,146,71,2.8714338292725747,0.652866931770936
5403,2701.5,2.7015,419.25062750792694,46.3981544524965,146,71,2.871579640465253,0.6534951331337535
5404,2702.0,2.702,419.27339675251733,46.442894912507604,146,71,2.871735594195324,0.6541252804578537
5405,2702.5,2.7025,419.29503598777006,46.4842897454686,146,71,2.871883808135411,0.6547083062742056
5406,2703.0,2.703,419.3079732338794,46.52513216610156,146,71,2.8719724194101324,0.6552835516352333
5407,2703.5,2.7035,419.3173325826672,46.5641454246625,146,71,2.8720365245388164,0.655833034150176
5408,2704.0,2.704,419.32392184022166,46.60325874357488,146,72,2.8720816564398746,0.647267482549651
5409,2704.5,2.7045,419.3328905151024,46.64650483608454,146,72,2.8721430857198795,0.6478681227233963
5410,2705.0,2.705,419.3428560902302,46.69083028377307,146,72,2.872211343083769,0.6484837539412927
5411,2705.5,2.7055,419.342234275619,46.73411243199394,146,72,2.872207084079582,0.6490848948888048
5412,2706.0,2.706,419.33532240770745,46.769602636458956,146,72,2.8721597425185443,0.6495778143952633
5413,2706.5,2.7065,419.3283973068262,46.80035555675051,146,72,2.8721123103207273,0.6500049382882016
5414,2707.0,2.707,419.3261012387683,46.83296006469759,146,71,2.87209658382718,0.659619155840811
5415,2707.5,2.7075,419.3289321248564,46.86845755511953,146,71,2.8721159734579205,0.6601191204946412
5416,2708.0,2.708,419.33732625181307,46.904648403116866,146,71,2.8721734674781714,0.6606288507481247
5417,2708.5,2.7085,419.3515350613967,46.94024150973215,146,71,2.8722707880917584,0.6611301621089035
5418,2709.0,2.709,419.36002109409463,46.96237783426584,146,72,2.872328911603388,0.6522552476981366
5419,2709.5,2.7095,419.374409614377,46.97926936397158,146,72,2.8724274631121713,0.6524898522773831
5420,2710.0,2.71,419.39434275280587,46.99546797786712,146,72,2.8725639914575742,0.6527148330259323
5421,2710.5,2.7105,419.41925439508657,47.00612881342776,146,72,2.872734619144428,0.6528629001864966
5422,2711.0,2.711,419.44843109087,47.01429262421365,146,72,2.8729344595265065,0.6529762864474118
5423,2711.5,2.7115,419.48116671942705,47.02497969384141,146,72,2.8731586761604593,0.6531247179700197
5424,2712.0,2.712,419.5104387383185,47.02883561297558,146,72,2.873359169440538,0.6531782724024384
5425,2712.5,2.7125,419.54131853142303,47.02278265462499,146,72,2.8735706748727607,0.6530942035364582
5426,2713.0,2.713,419.57451698625243,47.01655869537147,146,72,2.873798061549674,0.6530077596579371
5427,2713.5,2.7135,419.60702353643296,46.99966520921255,146,72,2.8740207091536503,0.6527731279057298
5428,2714.0,2.714,419.64194859053026,46.98089914159736,146,72,2.8742599218529468,0.6525124880777411
5429,2714.5,2.7145,419.67968984595444,46.96436593713146,146,72,2.8745184236024275,0.6522828602379369
5430,2715.0,2.715,419.7089460075417,46.939039938532034,146,72,2.874718808270834,0.6519311102573894
5431,2715.5,2.7155,419.7336940995422,46.90911112222765,146,72,2.8748883157502894,0.6515154322531619
5432,2716.0,2.716,419.7545906052815,46.8750305330962,146,72,2.8750314425019283,0.6510420907374472
5433,2716.5,2.7165,419.77489328541566,46.842330668214636,146,73,2.875170501954902,0.6416757625782826
5434,2717.0,2.717,419.7987000629869,46.81293874732102,146,73,2.8753335620752525,0.6412731335249455
5435,2717.5,2.7175,419.8230102592666,46.784999168074826,146,73,2.8755000702689495,0.6408903995626688
5436,2718.0,2.718,419.85103251664253,46.76374302068497,146,73,2.8756920035386475,0.640599219461438
5437,2718.5,2.7185,419.88018057841003,46.74573554454644,146,73,2.875891647797329,0.6403525417061157
5438,2719.0,2.719,419.9138088499583,46.73052861317827,146,73,2.8761219784243717,0.6401442275777846
5439,2719.5,2.7195,419.95174623246805,46.718249742936045,146,73,2.876381823510055,0.6399760238758362
5440,2720.0,2.72,419.9917523802848,46.70388206919012,146,73,2.876655838221129,0.6397792064272618
5441,2720.5,2.7205,420.0320066829751,46.687183733953404,146,73,2.8769315526231174,0.6395504621089508
5442,2721.0,2.721,420.0750862398781,46.673820018198825,146,73,2.877226618081357,0.6393673975095729
5443,2721.5,2.7215,420.1202922011089,46.6655814025389,146,72,2.8775362479528006,0.6481330750352625
5444,2722.0,2.722,420.164700417988,46.661566960708086,146,72,2.8778404138218354,0.6480773188987234
5445,2722.5,2.7225,420.1969437994406,46.64852432700146,146,72,2.8780612589002783,0.6478961712083535
5446,2723.0,2.723,420.2241425199743,46.634093777436696,146,72,2.878247551506673,0.6476957469088429
5447,2723.5,2.7235,420.2502988446522,46.622632890746736,146,72,2.878426704415426,0.647536567927038
5448,2724.0,2.724,420.27519607616415,46.61828852145953,146,72,2.8785972333983842,0.6474762294647157
5449,2724.5,2.7245,420.29417062881066,46.613254516572454,146,73,2.8787271960877443,0.6385377331037323
5450,2725.0,2.725,420.30848597198343,46.61168302224965,146,72,2.878825246383448,0.647384486420134
5451,2725.5,2.7255,420.3207447354085,46.613678372120944,146,72,2.8789092105164964,0.6474121996127908
5452,2726.0,2.726,420.33149743974315,46.61289372924923,146,72,2.8789828591763227,0.6474013017951281
5453,2726.5,2.7265,420.32888396661355,46.59641093981378,146,72,2.8789649586754353,0.6471723741640802
5454,2727.0,2.727,420.31604141028595,46.57071760911797,146,72,2.8788769959608627,0.6468155223488607
5455,2727.5,2.7275,420.2965096035834,46.53868074622056,146,72,2.8787432164629,0.64637056591973
5456,2728.0,2.728,420.2800628199969,46.505786643372225,146,72,2.878630567260253,0.6459137033801698
5457,2728.5,2.7285,420.26786672043045,46.47394148832116,146,72,2.8785470323317153,0.6454714095600161
5458,2729.0,2.729,420.260559672184,46.44660236255818,146,72,2.8784969840560546,0.6450916994799747
5459,2729.5,2.7295,420.2584293598748,46.423358603710525,146,72,2.8784823928758545,0.6447688694959796
5460,2730.0,2.73,420.26017999461965,46.40315300637233,146,72,2.8784943835247923,0.6444882361996157
5461,2730.5,2.7305,420.2655854783039,46.38622719466387,146,72,2.878531407385643,0.6442531554814426
5462,2731.0,2.731,420.2744864846631,46.373132682637205,146,72,2.8785923731826237,0.6440712872588501
5463,2731.5,2.7315,420.27485779284785,46.36102646996855,146,73,2.8785949163893694,0.6350825543831308
5464,2732.0,2.732,420.27377376327803,46.348757079801864,146,72,2.878587491529302,0.6437327372194703
5465,2732.5,2.7325,420.27366890191087,46.34120184320905,146,72,2.878586773300759,0.6436278033779035
5466,2733.0,2.733,420.2716130436979,46.333343749060425,146,72,2.8785726920801227,0.6435186631813948
5467,2733.5,2.7335,420.2593534025418,46.32711263655173,146,72,2.8784887219352178,0.6434321199521074
5468,2734.0,2.734,420.2442206738628,46.32363658319431,146,72,2.878385073108649,0.6433838414332542
5469,2734.5,2.7345,420.2266607352469,46.31915210470265,146,72,2.8782647995564856,0.643321557009759
5470,2735.0,2.735,420.2068511672294,46.313960960103415,146,72,2.878129117583763,0.643249457779214
5471,2735.5,2.7355,420.18177790276553,46.30499556058759,146,72,2.8779573828956546,0.6431249383414944
5472,2736.0,2.736,420.1549487607859,46.29334562270826,146,72,2.8777736216492182,0.6429631336487257
5473,2736.5,2.7365,420.1290806854462,46.27754663328645,146,72,2.8775964430510013,0.6427437032400896
5474,2737.0,2.737,420.10599957658025,46.25474506702213,146,72,2.8774383532642482,0.6424270148197517
5475,2737.5,2.7375,420.0869091824217,46.22770197174952,146,72,2.8773075971398754,0.6420514162742988
5476,2738.0,2.738,420.07127473368695,46.19642004318767,146,72,2.877200511874568,0.6416169450442732
5477,2738.5,2.7385,420.0628122369101,46.169583371009146,146,72,2.877142549567877,0.6412442134862383
5478,2739.0,2.739,420.06217916312823,46.149558894773,146,72,2.877138213446084,0.6409660957607362
5479,2739.5,2.7395,420.06443086648153,46.137441935377915,146,73,2.877153636071791,0.6320197525394234
5480,2740.0,2.74,420.07458337996337,46.134062969938974,146,73,2.877223173835365,0.6319734653416298
5481,2740.5,2.7405,420.08810853675993,46.1328012678348,146,73,2.877315811895616,0.6319561817511615
5482,2741.0,2.741,420.1037250006055,46.132533785802956,146,73,2.87742277397675,0.6319525176137392
5483,2741.5,2.7415,420.1249471122203,46.13708508964911,146,73,2.8775681309056185,0.6320148642417687
5484,2742.0,2.742,420.1506317234151,46.145898943296196,146,73,2.8777440529001037,0.6321356019629616
5485,2742.5,2.7425,420.17976985313453,46.15852361052262,146,73,2.877943629131059,0.6323085426098989
5486,2743.0,2.743,420.21124353214594,46.17455865760387,146,73,2.878159202274972,0.6325282007890941
5487,2743.5,2.7435,420.2439542081691,46.193660703817976,146,73,2.878383248001158,0.6327898726550407
5488,2744.0,2.744,420.2663786341752,46.2074539812756,146,73,2.878536839960104,0.6329788216613096
5489,2744.5,2.7445,420.28388388416005,46.22308694586494,146,73,2.878656738932603,0.6331929718611636
5490,2745.0,2.745,420.30206374055797,46.24219720820142,146,73,2.8787812584969723,0.6334547562767319
5491,2745.5,2.7455,420.3135185908483,46.26511956684853,146,73,2.8788597163756733,0.6337687611897059
5492,2746.0,2.746,420.327662077672,46.294026121648656,146,73,2.878956589573096,0.6341647413924474
5493,2746.5,2.7465,420.34583677552513,46.32772675965619,146,73,2.879081073804967,0.634626393967893
5494,2747.0,2.747,420.36930587747673,46.36582279763631,146,73,2.879241821078608,0.6351482575018672
5495,2747.5,2.7475,420.398890510104,46.40660019549344,146,73,2.879444455548658,0.6357068519930608
5496,2748.0,2.748,420.43264885137586,46.44854104932059,146,73,2.8796756770642187,0.6362813842372683
5497,2748.5,2.7485,420.4722712284595,46.49304059198423,146,73,2.8799470632086264,0.6368909670134827
5498,2749.0,2.749,420.51804428484667,46.54055909403879,146,73,2.8802605772934706,0.6375419053977917
5499,2749.5,2.7495,420.56916780252084,46.585486932623226,146,73,2.8806107383734303,0.6381573552414139
5500,2750.0,2.75,420.62449691565405,46.626820214131,146,73,2.8809897049017406,0.6387235645771371
5501,2750.5,2.7505,420.682979934033,46.66800065680058,146,73,2.881390273520774,0.639287680230145
5502,2751.0,2.751,420.7378000447488,46.70071020611787,146,73,2.881765753731156,0.6397357562481901
5503,2751.5,2.7515,420.7869976026908,46.72675918436324,146,73,2.8821027233061014,0.6400925915666198
5504,2752.0,2.752,420.83529881541443,46.75180624181748,146,73,2.8824335535302357,0.640435701942705
5505,2752.5,2.7525,420.8820435379482,46.774135964251904,146,73,2.882753722862659,0.640741588551396
5506,2753.0,2.753,420.9242580012291,46.791896243697416,146,73,2.883042863022117,0.6409848800506496
5507,2753.5,2.7535,420.9629522301,46.808880410859956,146,73,2.883307891986986,0.6412175398747939
5508,2754.0,2.754,420.99829061997,46.82580749717284,146,74,2.883549935753219,0.6327811823942275
5509,2754.5,2.7545,421.0283993546712,46.847747231443314,146,74,2.883756159963501,0.6330776652897746
5510,2755.0,2.755,421.0556484439857,46.86811128032999,146,74,2.8839427975615464,0.6333528551395945
5511,2755.5,2.7555,421.0821439665893,46.89569002999243,146,74,2.8841242737437627,0.6337255409458435
5512,2756.0,2.756,421.10990740830346,46.926448531574266,146,75,2.884314434303449,0.6256859804209901
5513,2756.5,2.7565,421.1397316168717,46.96295808403883,146,75,2.884518709704601,0.6261727744538511
5514,2757.0,2.757,421.1689009058342,46.99681042358954,146,75,2.8847184993550288,0.6266241389811938
5515,2757.5,2.7575,421.2009590627466,47.02985521928951,146,75,2.884938075772237,0.6270647362571935
5516,2758.0,2.758,421.235920525033,47.06241903871042,146,75,2.885177537842692,0.6274989205161391
5517,2758.5,2.7585,421.2699469119853,47.09215049066639,146,75,2.885410595287571,0.627895339875552
5518,2759.0,2.759,421.30207576448265,47.1185050111355,146,75,2.8856306559211142,0.6282467334818065
5519,2759.5,2.7595,421.33524151442407,47.145043750012896,146,75,2.8858578185919455,0.6286005833335053
5520,2760.0,2.76,421.368706740063,47.17397674766451,146,75,2.886087032466185,0.6289863566355268
5521,2760.5,2.7605,421.4020192889299,47.208167376146726,146,76,2.8863152006091086,0.6211600970545623
5522,2761.0,2.761,421.431227487233,47.244069080294175,146,76,2.8865152567618697,0.6216324878986076
5523,2761.5,2.7615,421.4589671186881,47.28124051722978,146,76,2.8867052542375897,0.6221215857530236
5524,2762.0,2.762,421.4862267748759,47.32008033188349,146,76,2.886891964211478,0.6226326359458355
5525,2762.5,2.7625,421.5131930888525,47.359161051736955,146,76,2.8870766649921404,0.6231468559439072
5526,2763.0,2.763,421.5403259324641,47.40242338147914,146,77,2.8872625063867403,0.6156158880711576
5527,2763.5,2.7635,421.56828984434037,47.449941979685626,146,77,2.8874540400297284,0.61623301272319
5528,2764.0,2.764,421.59764282027373,47.499149720350594,146,77,2.8876550878100944,0.6168720742902674
5529,2764.5,2.7645,421.6283392494943,47.54837638650966,146,77,2.8878653373253034,0.6175113816429826
5530,2765.0,2.765,421.6563015912268,47.58679523098466,146,77,2.888056860213882,0.6180103276751255
5531,2765.5,2.7655,421.68665907526315,47.62375525316958,146,77,2.888264788186734,0.6184903279632412
5532,2766.0,2.766,421.71053587007606,47.65326931557933,146,77,2.888428327877233,0.6188736274750563
5533,2766.5,2.7665,421.7148841608159,47.666576945096956,146,77,2.8884581106905203,0.619046453832428
5534,2767.0,2.767,421.7231390302077,47.681941546380855,146,77,2.8885146508918336,0.6192459941088423
5535,2767.5,2.7675,421.7360322961438,47.700969713914475,146,77,2.8886029609324915,0.6194931131677204
5536,2768.0,2.768,421.7527884297495,47.721255481013664,146,77,2.888717728970887,0.6197565646884893
5537,2768.5,2.7685,421.7716416714804,47.73492888283874,146,77,2.8888468607635645,0.619934141335568
5538,2769.0,2.769,421.7909261240905,47.74614972155572,146,77,2.8889789460554143,0.6200798665137107
5539,2769.5,2.7695,421.8114748685492,47.75797522161076,146,77,2.889119690880474,0.6202334444365033
5540,2770.0,2.77,421.8326966693639,47.7705673382099,146,77,2.889265045680574,0.6203969784183105
5541,2770.5,2.7705,421.85422251972983,47.78420839176488,146,77,2.889412483011848,0.6205741349579854
5542,2771.0,2.771,421.86908930512624,47.7925502847828,146,77,2.8895143103090843,0.6206824712309453
5543,2771.5,2.7715,421.8794858150531,47.79830419026409,146,77,2.8895855192811855,0.620757197276157
5544,2772.0,2.772,421.89100356109225,47.79162992813143,146,77,2.8896644079526865,0.6206705185471614
5545,2772.5,2.7725,421.90380237933505,47.78076572726372,146,77,2.8897520710913365,0.620529425029399
5546,2773.0,2.773,421.9181783467578,47.77299123930914,146,76,2.8898505366216285,0.6285919899909098
5547,2773.5,2.7735,421.934311768468,47.774883967841426,146,75,2.889961039510055,0.6369984529045524
5548,2774.0,2.774,421.9526311404735,47.781807691958235,146,74,2.8900865146607777,0.6457001039453816
5549,2774.5,2.7745,421.9700678253404,47.79288378530074,146,74,2.8902059440091805,0.6458497808824424
5550,2775.0,2.775,421.98928238027344,47.80611055951975,146,74,2.8903375505498183,0.6460285210745913
5551,2775.5,2.7755,422.0054854906134,47.81823233013357,146,74,2.8904485307576264,0.6461923287855886
5552,2776.0,2.776,422.0251468620963,47.834165124131204,146,74,2.8905831976855914,0.6464076368125838
5553,2776.5,2.7765,422.04010533474747,47.84074595146684,146,74,2.890685652977722,0.6464965669117141
5554,2777.0,2.777,422.05649675743393,47.85164852942876,146,74,2.8907979229961227,0.6466438990463346
5555,2777.5,2.7775,422.0620325429715,47.85234370407244,146,74,2.8908358393354208,0.6466532932982763
5556,2778.0,2.778,422.0685208438235,47.85199714166382,146,74,2.8908802797522157,0.6466486100224841
5557,2778.5,2.7785,422.0723497848776,47.85243967464557,146,74,2.890906505375874,0.6466545901979129
5558,2779.0,2.779,422.0711859986334,47.84970270156161,146,74,2.890898534237215,0.6466176040751568
5559,2779.5,2.7795,422.06687787017256,47.84493979513359,146,74,2.8908690265080312,0.6465532404747782
5560,2780.0,2.78,422.058115548708,47.83718575026674,146,74,2.890809010607589,0.6464484560846856
5561,2780.5,2.7805,422.0453626160104,47.83024975956399,146,74,2.8907216617534957,0.6463547264805944
5562,2781.0,2.781,422.0326970513081,47.8291469010275,146,74,2.8906349113103293,0.6463398229868581
5563,2781.5,2.7815,422.0166838402165,47.82777243969439,146,73,2.8905252317823047,0.6551749649273204
5564,2782.0,2.782,421.99063887517957,47.820844293631836,146,73,2.890346841610819,0.6550800588168745
5565,2782.5,2.7825,421.96093531008694,47.811612106802855,146,73,2.890143392534842,0.6549535905041487
5566,2783.0,2.783,421.93367791000776,47.805878566837094,146,73,2.889956698013752,0.6548750488607821
5567,2783.5,2.7835,421.9107381069242,47.80512129946196,146,73,2.8897995760748234,0.6548646753350954
5568,2784.0,2.784,421.8871835275386,47.80785184268243,146,73,2.8896382433393053,0.6549020800367455
5569,2784.5,2.7845,421.8688128053027,47.817613207753524,146,73,2.889512416474676,0.6550357973664866
5570,2785.0,2.785,421.8552034099068,47.832623037912896,146,73,2.8894192014377182,0.6552414114782588
5571,2785.5,2.7855,421.84574056480454,47.84595102895723,146,73,2.889354387430168,0.6554239866980441
5572,2786.0,2.786,421.8395860553932,47.86142448506988,146,73,2.8893122332561183,0.6556359518502725
5573,2786.5,2.7865,421.8358515793748,47.87625750904749,146,73,2.889286654653252,0.6558391439595547
5574,2787.0,2.787,421.8336743170781,47.89721550330469,146,73,2.8892717418977947,0.6561262397712971
5575,2787.5,2.7875,421.8323355041743,47.92202443092156,146,73,2.8892625719463987,0.656466088094816
5576,2788.0,2.788,421.82695189725666,47.949072580001285,146,73,2.8892256979264155,0.6568366106849491
5577,2788.5,2.7885,421.8195193014443,47.976792184061246,146,73,2.88917478973592,0.6572163312885102
5578,2789.0,2.789,421.81218210159363,48.00763131247841,146,74,2.889124534942422,0.6487517744929515
5579,2789.5,2.7895,421.80502502730957,48.039874377848186,146,75,2.889075513885682,0.6405316583713091
5580,2790.0,2.79,421.7983931599662,48.078924837942424,146,75,2.8890300901367554,0.6410523311725657
5581,2790.5,2.7905,421.78963855112113,48.11691033826239,146,75,2.888970127062474,0.6415588045101652
5582,2791.0,2.791,421.7786576707645,48.153426932742676,146,75,2.888894915553182,0.642045692436569
5583,2791.5,2.7915,421.7697664394061,48.19244465151693,146,75,2.888834016708261,0.6425659286868923
5584,2792.0,2.792,421.75993651238974,48.23057536894103,146,76,2.8887666884410255,0.6346128338018556
5585,2792.5,2.7925,421.75052228760995,48.26873263559955,146,76,2.8887022074493833,0.6351149030999941
5586,2793.0,2.793,421.73947867533394,48.30280197726519,146,76,2.888626566269411,0.6355631839113841
5587,2793.5,2.7935,421.7256165067755,48.33297167247784,146,76,2.888531619909421,0.6359601535852346
5588,2794.0,2.794,421.7045013944889,48.35439321093066,146,76,2.8883869958526636,0.6362420159332981
5589,2794.5,2.7945,421.6859271564178,48.37662286363163,146,76,2.8882597750439576,0.636534511363574
5590,2795.0,2.795,421.67110494093123,48.40004435193261,146,76,2.888158253020077,0.6368426888412185
5591,2795.5,2.7955,421.65955076807313,48.4248700145642,146,76,2.888079114849816,0.6371693422968975
5592,2796.0,2.796,421.6507673412099,48.45365773093151,146,76,2.888018954391849,0.6375481280385725
5593,2796.5,2.7965,421.64338108571525,48.48183807573249,146,76,2.887968363600789,0.6379189220491117
5594,2797.0,2.797,421.6364924945056,48.50831580627621,146,76,2.887921181469217,0.6382673132404765
5595,2797.5,2.7975,421.6280674723894,48.52320669724499,146,76,2.8878634758382833,0.6384632460163814
5596,2798.0,2.798,421.61816820083817,48.534636056962846,146,76,2.88779567260848,0.6386136323284586
5597,2798.5,2.7985,421.6065946003868,48.54000264746451,146,76,2.887716401372512,0.6386842453613752
5598,2799.0,2.799,421.59560474764123,48.54372574331525,146,76,2.8876411284085015,0.6387332334646743
5599,2799.5,2.7995,421.58253149337156,48.544812078622655,146,76,2.887551585571038,0.638747527350298
5600,2800.0,2.8,421.5667426389653,48.542780734026834,146,76,2.8874434427326388,0.6387207991319321
5601,2800.5,2.8005,421.5510770397858,48.540654409234584,146,76,2.887336144108122,0.6386928211741394
5602,2801.0,2.801,421.5381887229005,48.54313223896016,146,76,2.8872478679650717,0.6387254241968442
5603,2801.5,2.8015,421.526565440161,48.550080418049994,146,76,2.887168256439459,0.638816847605921
5604,2802.0,2.802,421.51614964817577,48.55635449126348,146,76,2.8870969153984642,0.6388994012008353
5605,2802.5,2.8025,421.50692136426414,48.561694063507645,146,76,2.887033707974412,0.6389696587303638
5606,2803.0,2.803,421.4997088144667,48.57313267162397,146,76,2.8869843069484022,0.6391201667318944
5607,2803.5,2.8035,421.49625313915,48.58787890350705,146,76,2.8869606379393833,0.6393141960987769
5608,2804.0,2.804,421.49683956096084,48.602096164706126,146,76,2.8869646545271292,0.6395012653250806
5609,2804.5,2.8045,421.501492697689,48.61444773438512,146,76,2.8869965253266368,0.6396637859787515
5610,2805.0,2.805,421.5073917391551,48.62524034813184,146,76,2.8870369297202405,0.6398057940543664
5611,2805.5,2.8055,421.51652253171534,48.63250096738918,146,76,2.8870994693953107,0.6399013285182785
5612,2806.0,2.806,421.5267448627137,48.63463100548588,146,76,2.887169485361053,0.6399293553353406
5613,2806.5,2.8065,421.53569322891053,48.633120799660254,146,76,2.8872307755404836,0.6399094842060558
5614,2807.0,2.807,421.5448293468007,48.63043586278713,146,76,2.887293351690416,0.6398741560893044
5615,2807.5,2.8075,421.5525517946217,48.635005960428686,146,75,2.8873462451686414,0.6484667461390491
5616,2808.0,2.808,421.55994714904756,48.640747890816684,146,75,2.8873968982811475,0.6485433052108892
5617,2808.5,2.8085,421.56029501681036,48.6414883414168,146,76,2.8873992809370574,0.6400195834396949
5618,2809.0,2.809,421.5609587495046,48.64687957862425,146,76,2.8874038270514015,0.6400905207713719
5619,2809.5,2.8095,421.5600257506644,48.651283351860926,146,76,2.8873974366483868,0.6401484651560648
5620,2810.0,2.81,421.5545114760345,48.640693805031724,146,76,2.887359667644072,0.6400091290135754
5621,2810.5,2.8105,421.5524432882203,48.63057459234161,146,76,2.8873455019741114,0.639875981478179
5622,2811.0,2.811,421.553033339464,48.623702205496734,146,76,2.8873495434209864,0.6397855553354833
5623,2811.5,2.8115,421.5562912219451,48.62328843483549,146,75,2.8873718576845557,0.6483105124644732
5624,2812.0,2.812,421.5614938209028,48.62558860901583,146,75,2.887407491923992,0.6483411814535444
5625,2812.5,2.8125,421.5626355792441,48.62315445987606,146,75,2.8874153121866035,0.6483087261316808
5626,2813.0,2.813,421.5530183928848,48.60835194236659,146,75,2.8873494410471556,0.6481113592315545
5627,2813.5,2.8135,421.543861347596,48.58920216378133,146,75,2.8872867215588767,0.6478560288504177
5628,2814.0,2.814,421.5301341037236,48.55857263115377,146,75,2.8871926993405728,0.6474476350820503
5629,2814.5,2.8145,421.51574323831596,48.52425737592881,146,75,2.8870941317692873,0.6469900983457176
5630,2815.0,2.815,421.500955855111,48.48670243182293,146,75,2.886992848322678,0.6464893657576388
5631,2815.5,2.8155,421.48156469151206,48.43967802180608,146,75,2.886860032133644,0.6458623736240809
5632,2816.0,2.816,421.4590284021704,48.384225193414665,146,75,2.886705673987468,0.6451230025788622
5633,2816.5,2.8165,421.4374746507776,48.32797418451769,146,75,2.886558045553271,0.6443729891269026
5634,2817.0,2.817,421.41528001096475,48.27019816154855,146,75,2.8864060274723617,0.6436026421539806
5635,2817.5,2.8175,421.39478172812784,48.214107396687325,146,75,2.886265628274848,0.6428547652891642
5636,2818.0,2.818,421.3778524350206,48.15844096045422,146,75,2.88614967421247,0.6421125461393897
5637,2818.5,2.8185,421.36447432323524,48.10758342839255,146,75,2.8860580433098306,0.6414344457119008
5638,2819.0,2.819,421.3544369704368,48.06077970096469,146,75,2.8859892943180596,0.6408103960128627
5639,2819.5,2.8195,421.3467804364904,48.00756955891148,146,75,2.885936852304729,0.640100927452153
5640,2820.0,2.82,421.33930823643414,47.95445962933685,146,75,2.8858856728522886,0.6393927950578248
5641,2820.5,2.8205,421.3222206863672,47.89529174989214,146,75,2.8857686348381315,0.6386038899985617
5642,2821.0,2.821,421.303240822813,47.838434248430886,146,75,2.8856386357726915,0.6378457899790786
5643,2821.5,2.8215,421.28102822623373,47.77718576036555,146,75,2.885486494700231,0.6370291434715407
5644,2822.0,2.822,421.2610251682827,47.70817572309313,146,75,2.885349487453991,0.6361090096412416
5645,2822.5,2.8225,421.24293958787916,47.6314226901028,146,75,2.885225613615611,0.6350856358680375
5646,2823.0,2.823,421.22391657107914,47.55145345960434,146,75,2.885095318979994,0.6340193794613912
5647,2823.5,2.8235,421.2070235438358,47.47110631208081,146,74,2.8849796133139436,0.6415014366497406
5648,2824.0,2.824,421.19241167786737,47.3939320606494,146,74,2.8848795320401877,0.6404585413601269
5649,2824.5,2.8245,421.1746111102099,47.315196946251824,146,74,2.884757610343904,0.6393945533277273
5650,2825.0,2.825,421.1562660802208,47.23494151686774,146,74,2.884631959453567,0.6383100204982126
5651,2825.5,2.8255,421.14108041922674,47.15865324842001,146,73,2.884527948076896,0.6460089486084932
5652,2826.0,2.826,421.1249546366141,47.089327682945914,146,73,2.8844174975110555,0.6450592833280261
5653,2826.5,2.8265,421.11166620378464,47.02575193147606,146,73,2.8843264808478395,0.6441883826229596
5654,2827.0,2.827,421.1014635183834,46.96541073037867,146,73,2.8842565994409823,0.6433617908271051
5655,2827.5,2.8275,421.08443679880907,46.90015720689839,146,73,2.884139978074035,0.6424679069438135
5656,2828.0,2.828,421.06473351451297,46.834350217570915,146,73,2.884005024072007,0.6415664413365878
5657,2828.5,2.8285,421.047130662689,46.772896798773495,146,73,2.8838844565937602,0.6407246136818286
5658,2829.0,2.829,421.02728890718186,46.71128193493275,146,73,2.88374855415878,0.6398805744511336
5659,2829.5,2.8295,421.00774051380944,46.651527698291495,146,73,2.883614661053489,0.6390620232642671
5660,2830.0,2.83,420.98871806310046,46.59329633011226,146,73,2.883484370295209,0.6382643332892091
5661,2830.5,2.8305,420.9718728923407,46.53925239852284,146,72,2.8833689924132924,0.6463785055350395
5662,2831.0,2.831,420.949746065927,46.487951504035394,146,72,2.883217438807719,0.6456659931116027
5663,2831.5,2.8315,420.91949836588935,46.429964473341876,146,72,2.8830102627800644,0.6448606176853039
5664,2832.0,2.832,420.8904670029655,46.37106133035499,146,72,2.882811417828531,0.6440425184771527
5665,2832.5,2.8325,420.86362449465554,46.31162989711674,146,72,2.882627565031887,0.6432170819043992
5666,2833.0,2.833,420.8388624192807,46.24597182030313,146,72,2.8824579617758954,0.6423051641708768
5667,2833.5,2.8335,420.8160162525331,46.1796719692178,146,72,2.8823014811817336,0.6413843329058029
5668,2834.0,2.834,420.78852419239786,46.106508597310025,146,72,2.882113179399986,0.6403681749626392
5669,2834.5,2.8345,420.7594012083559,46.0310904423375,146,72,2.8819137069065466,0.6393207005880208
5670,2835.0,2.835,420.732359934789,45.95944103292823,146,72,2.881728492704034,0.638325569901781
5671,2835.5,2.8355,420.7032630470652,45.888688980071606,146,72,2.8815291989525016,0.6373429025009945
5672,2836.0,2.836,420.67590934633415,45.819108884113135,146,72,2.8813418448379053,0.6363765122793491
5673,2836.5,2.8365,420.6504767612179,45.76261559178358,146,72,2.8811676490494373,0.6355918832192162
5674,2837.0,2.837,420.6269691439871,45.707888108932735,146,72,2.8810066379725146,0.6348317792907324
5675,2837.5,2.8375,420.6053886082126,45.65493187498977,146,72,2.880858826083648,0.6340962760415246
5676,2838.0,2.838,420.5859331895356,45.60826071030965,146,72,2.8807255697913394,0.6334480654209673
5677,2838.5,2.8385,420.5687492183459,45.56755064090251,146,72,2.8806078713585337,0.6328826477903127
5678,2839.0,2.839,420.55393987501844,45.52977023605025,146,72,2.880506437500126,0.6323579199451423
5679,2839.5,2.8395,420.54151125296477,45.48572800421455,146,72,2.8804213099518132,0.6317462222807576
5680,2840.0,2.84,420.52960288696653,45.441563435569485,146,72,2.880339745801141,0.6311328254940206
5681,2840.5,2.8405,420.51705394603727,45.40149478316807,146,71,2.88025379415094,0.6394576730023673
5682,2841.0,2.841,420.5063552686233,45.36475310486173,146,71,2.880180515538516,0.6389401845755174
5683,2841.5,2.8415,420.49753014559946,45.32944892780903,146,71,2.880120069490407,0.6384429426451976
5684,2842.0,2.842,420.4907370210534,45.30984032718674,146,72,2.8800735412400917,0.6293033378775937
5685,2842.5,2.8425,420.4861936113402,45.29964735457464,146,72,2.8800424219954808,0.6291617688135367
5686,2843.0,2.843,420.4841814443161,45.286061066223795,146,72,2.880028640029563,0.6289730703642193
5687,2843.5,2.8435,420.48489622590296,45.27266754197219,146,72,2.8800335357938565,0.6287870491940581
5688,2844.0,2.844,420.48790382239656,45.27037941891765,146,74,2.8800541357698393,0.6117618840394276
5689,2844.5,2.8445,420.49204320298793,45.269928698194285,146,74,2.880082487691698,0.6117557932188417
5690,2845.0,2.845,420.4987576784976,45.270582464230586,146,74,2.8801284772499836,0.611764627895008
5691,2845.5,2.8455,420.5033012275976,45.26734206146908,146,74,2.880159597449299,0.611720838668501
5692,2846.0,2.846,420.5061068627188,45.260530897122436,146,74,2.880178814128211,0.61162879590706
5693,2846.5,2.8465,420.5038206213528,45.24692237463322,146,74,2.8801631549407727,0.611444896954503
5694,2847.0,2.847,420.50367593201435,45.23397810712008,146,74,2.8801621639179062,0.6112699744205418
5695,2847.5,2.8475,420.501572682339,45.222222476533055,146,73,2.880147758098212,0.6194824996785351
5696,2848.0,2.848,420.49618662598283,45.206874696117936,146,73,2.8801108673012523,0.6192722561112046
5697,2848.5,2.8485,420.4906303278747,45.191092047959025,146,73,2.8800728104648954,0.6190560554514934
5698,2849.0,2.849,420.48647252745803,45.183155708610144,146,72,2.8800443323798497,0.6275438292862521
5699,2849.5,2.8495,420.4795179832757,45.1745534587977,146,72,2.8799966985155865,0.6274243535944125
5700,2850.0,2.85,420.4728700872166,45.172143395741784,146,73,2.8799511649809357,0.6187964848731752
5701,2850.5,2.8505,420.4665614417254,45.17467425543551,146,73,2.879907955080311,0.6188311541840482
5702,2851.0,2.851,420.4608094809636,45.18526122965881,146,73,2.8798685580887917,0.618976181228203
5703,2851.5,2.8515,420.4560607095386,45.19300444322598,146,73,2.8798360322571135,0.6190822526469313
5704,2852.0,2.852,420.45281583419575,45.20121198108734,146,73,2.879813807083533,0.6191946846724294
5705,2852.5,2.8525,420.4462486791407,45.2057529133209,146,73,2.8797688265694568,0.6192568892235739
5706,2853.0,2.853,420.4405232537648,45.2101809132325,146,73,2.879729611327156,0.6193175467566097
5707,2853.5,2.8535,420.43345647883024,45.21166422152933,146,73,2.879681208759111,0.619337866048347
5708,2854.0,2.854,420.4244730543829,45.209033556111066,146,73,2.8796196784546773,0.619301829535768
5709,2854.5,2.8545,420.4184664025481,45.20663065004554,146,73,2.8795785370037543,0.6192689130143224
5710,2855.0,2.855,420.4156385714772,45.210378022874295,146,73,2.879559168297789,0.6193202468886889
5711,2855.5,2.8555,420.40862039326856,45.20788529440371,146,73,2.8795110985840315,0.6192860999233386
5712,2856.0,2.856,420.3998530995821,45.20189581173884,146,73,2.879451048627274,0.6192040522156005
5713,2856.5,2.8565,420.3917153733376,45.19357650909498,146,73,2.8793953107762853,0.6190900891656848
5714,2857.0,2.857,420.38449600143025,45.18180222850441,146,73,2.8793458630234943,0.6189287976507454
5715,2857.5,2.8575,420.3790371862826,45.16742720085804,146,73,2.8793084738786483,0.6187318794638088
5716,2858.0,2.858,420.3722256221542,45.16142210552046,146,74,2.879261819329823,0.6102894879124385
5717,2858.5,2.8585,420.3620079521637,45.15703667388591,146,75,2.8791918352887924,0.6020938223184789
5718,2859.0,2.859,420.35181869482574,45.15917773073813,146,75,2.879122045854971,0.602122369743175
5719,2859.5,2.8595,420.3416699912134,45.16328292594494,146,75,2.879052534186393,0.602177105679266
5720,2860.0,2.86,420.3318396705905,45.16962682807158,146,75,2.878985203223223,0.6022616910409545
5721,2860.5,2.8605,420.3229967697569,45.17759824952573,146,76,2.878924635409294,0.5944420822306017
5722,2861.0,2.861,420.31597557529636,45.18745082901342,146,76,2.878876545036276,0.5945717214343871
5723,2861.5,2.8615,420.31069289072565,45.200343233930674,146,76,2.8788403622652448,0.5947413583411931
5724,2862.0,2.862,420.3066073498587,45.21354614223216,146,76,2.8788123791086213,0.5949150808188441
5725,2862.5,2.8625,420.30213159430804,45.22321968989835,146,76,2.878781723248685,0.5950423643407676
5726,2863.0,2.863,420.2988212647884,45.23162122490374,146,76,2.8787590497588242,0.5951529108539966
5727,2863.5,2.8635,420.29235721831094,45.2355411844925,146,76,2.8787147754678832,0.595204489269638
5728,2864.0,2.864,420.2842050918389,45.235290320427445,146,76,2.8786589389851973,0.5952011884266771
5729,2864.5,2.8645,420.2762053200164,45.23103574369344,146,76,2.87860414602751,0.595145207153861
5730,2865.0,2.865,420.27227769044697,45.226283806568944,146,76,2.8785772444551156,0.5950826816653807
5731,2865.5,2.8655,420.27129329533864,45.21654541208101,146,76,2.8785705020228676,0.5949545448958027
5732,2866.0,2.866,420.2738740559227,45.205602550981574,146,76,2.8785881784652236,0.5948105598813366
5733,2866.5,2.8665,420.2786927180003,45.194799862410385,146,75,2.878621183000002,0.6025973314988051
5734,2867.0,2.867,420.2844109598503,45.18322510165558,146,75,2.87866034904007,0.6024430013554077
5735,2867.5,2.8675,420.28543309155293,45.165498081170675,146,75,2.8786673499421433,0.6022066410822756
5736,2868.0,2.868,420.28454429687173,45.153690784516954,146,74,2.8786612623073404,0.6101850106015805
5737,2868.5,2.8685,420.2824985620035,45.143258791677304,146,74,2.878647250424682,0.610044037725369
5738,2869.0,2.869,420.27917655692374,45.13197973689498,146,74,2.878624496965231,0.6098916180661483
5739,2869.5,2.8695,420.274890163342,45.120013557264926,146,74,2.878595138105082,0.6097299129360125
5740,2870.0,2.87,420.2703048382959,45.10580831188315,146,74,2.8785637317691504,0.6095379501605832
5741,2870.5,2.8705,420.26622096075647,45.092909415902604,146,74,2.878535760005181,0.6093636407554406
5742,2871.0,2.871,420.2634231353323,45.08001034257772,146,74,2.8785165968173443,0.609189328953753
5743,2871.5,2.8715,420.2625916010463,45.06705014248587,146,74,2.87851090137703,0.6090141911146739
5744,2872.0,2.872,420.2639377094317,45.053582074814685,146,74,2.878520121297478,0.6088321902001984
5745,2872.5,2.8725,420.2629272207308,45.034452096566625,146,74,2.878513200141992,0.6085736769806299
5746,2873.0,2.873,420.26175090719295,45.01492073686651,146,74,2.878505143199952,0.6083097396873852
5747,2873.5,2.8735,420.2572924332902,44.98909849762399,146,74,2.878474605707467,0.6079607905084324
5748,2874.0,2.874,420.2553954825426,44.96276586368913,146,74,2.878461612894128,0.6076049441039071
5749,2874.5,2.8745,420.25201453332517,44.93363484143937,146,74,2.8784384557077067,0.6072112816410726
5750,2875.0,2.875,420.2508562203189,44.90557288234999,146,74,2.878430522056979,0.6068320659777026
5751,2875.5,2.8755,420.2515575108189,44.877941871651224,146,74,2.8784353254165675,0.6064586739412328
5752,2876.0,2.876,420.253500366606,44.84898127260633,146,75,2.878448632647986,0.5979864169680845
5753,2876.5,2.8765,420.2560408449647,44.81431413005796,146,75,2.8784660331846896,0.5975241884007728
5754,2877.0,2.877,420.2586465781294,44.77903354339611,146,75,2.878483880672119,0.5970537805786147
5755,2877.5,2.8775,420.2516501601495,44.73404260661521,146,75,2.8784359600010245,0.5964539014215362
5756,2878.0,2.878,420.2441541842719,44.68483500008011,146,75,2.8783846177004926,0.5957978000010681
5757,2878.5,2.8785,420.23210845056826,44.633787844602956,146,74,2.878302112675125,0.6031592951973374
5758,2879.0,2.879,420.2188923600236,44.58256283335912,146,74,2.878211591507011,0.6024670653156637
5759,2879.5,2.8795,420.1982217073,44.52474247888396,146,74,2.878070011693835,0.6016857091741076
5760,2880.0,2.88,420.1714380958736,44.467647033309945,146,74,2.8778865623005045,0.6009141490987829
5761,2880.5,2.8805,420.1464767160394,44.41427390878536,146,74,2.8777155939454753,0.6001928906592617
5762,2881.0,2.881,420.1190821297068,44.36197843265792,146,74,2.877527959792512,0.5994861950359178
5763,2881.5,2.8815,420.094543961351,44.31529919793276,146,75,2.8773598901462396,0.5908706559724368
5764,2882.0,2.882,420.07260316329314,44.26980991005855,146,75,2.8772096107074874,0.5902641321341141
5765,2882.5,2.8825,420.0493765462593,44.22307945921541,146,75,2.877050524289447,0.5896410594562055
5766,2883.0,2.883,420.02781261986763,44.1790381063301,146,76,2.876902826163477,0.5813031329780277
5767,2883.5,2.8835,420.0084936595585,44.12946985664858,146,76,2.8767705045175234,0.5806509191664286
5768,2884.0,2.884,419.992250208574,44.079216468970806,146,76,2.8766592480039312,0.5799896903811949
5769,2884.5,2.8845,419.97979602392735,44.033988222014216,146,76,2.8765739453693655,0.579394581868608
5770,2885.0,2.885,419.9694442077954,43.98929189573268,146,75,2.8765030425191465,0.5865238919431023
5771,2885.5,2.8855,419.9566111043268,43.94077523032093,146,75,2.876415144550183,0.5858770030709457
5772,2886.0,2.886,419.9451668142557,43.891440706729924,146,75,2.8763367590017515,0.5852192094230656
5773,2886.5,2.8865,419.9362296501793,43.842524443700476,146,75,2.8762755455491735,0.584566992582673
5774,2887.0,2.887,419.92482408784423,43.789337378480965,146,75,2.876197425259207,0.5838578317130796
5775,2887.5,2.8875,419.91052974486746,43.731848475773056,146,74,2.876099518800462,0.5909709253482845
5776,2888.0,2.888,419.89452304207134,43.67447775015459,146,74,2.8759898838498037,0.5901956452723592
5777,2888.5,2.8885,419.8804709934832,43.61932192995797,146,75,2.875893636941666,0.5815909590661063
5778,2889.0,2.889,419.86969007647565,43.56927527857665,146,74,2.875819795044354,0.5887739902510358
5779,2889.5,2.8895,419.8626366769827,43.521870361295605,146,74,2.8757714840889226,0.5881333832607514
5780,2890.0,2.89,419.85979251362664,43.47725195259427,146,74,2.8757520035179907,0.5875304317918143
5781,2890.5,2.8905,419.859142325479,43.425397679585124,146,74,2.875747550174514,0.586829698372772
5782,2891.0,2.891,419.8607519874314,43.37432950431861,146,74,2.8757585752563792,0.5861395878961975
5783,2891.5,2.8915,419.86742571149557,43.329509155975856,146,74,2.8758042856951755,0.5855339075131872
5784,2892.0,2.892,419.8724950339557,43.28057976173708,146,74,2.8758390070818884,0.5848726994829336
5785,2892.5,2.8925,419.8796859822408,43.23047040143212,146,74,2.875888260152334,0.584195545965299
5786,2893.0,2.893,419.8908409026177,43.18098654877745,146,74,2.8759646637165597,0.5835268452537494
5787,2893.5,2.8935,419.90271290164293,43.12901354615049,146,74,2.8760459787783756,0.582824507380412
5788,2894.0,2.894,419.91427929803245,43.076573032534235,146,74,2.8761252006714546,0.5821158517910032
5789,2894.5,2.8945,419.92766406765764,43.02641332360142,146,74,2.8762168771757373,0.5814380178865056
5790,2895.0,2.895,419.93879434906785,42.96623548941042,146,74,2.876293111979917,0.5806248039109517
5791,2895.5,2.8955,419.94633486755845,42.89458222646274,146,74,2.8763447593668388,0.5796565165738208
5792,2896.0,2.896,419.9511769911949,42.81836405878477,146,73,2.8763779245972256,0.5865529323121202
5793,2896.5,2.8965,419.95599732671985,42.7406472293459,146,73,2.8764109405939715,0.5854883182102179
5794,2897.0,2.897,419.9608440541737,42.661418346175864,146,73,2.8764441373573546,0.5844029910435049
5795,2897.5,2.8975,419.96589949018755,42.58186185302334,146,73,2.8764787636314217,0.5833131760688128
5796,2898.0,2.898,419.9686984722817,42.504271105237066,146,72,2.8764979347416553,0.5903370986838481
5797,2898.5,2.8985,419.9684058017738,42.42564061538769,146,72,2.8764959301491353,0.5892450085470514
5798,2899.0,2.899,419.9704478760401,42.3529813323014,146,72,2.876509916959179,0.5882358518375194
5799,2899.5,2.8995,419.97566963982706,42.28695893502785,146,73,2.876545682464569,0.5792734100688746
5800,2900.0,2.9,419.9847449643453,42.23404887253429,146,73,2.876607842221543,0.5785486146922504
5801,2900.5,2.9005,419.99811834671397,42.189768251299185,146,74,2.876699440730918,0.5701320033959348
5802,2901.0,2.901,420.01582639836107,42.15569258873352,146,74,2.876820728755898,0.569671521469372
5803,2901.5,2.9015,420.03769989411245,42.11719729481187,146,74,2.876970547219948,0.569151314794755
5804,2902.0,2.902,420.0633872654508,42.07749269769414,146,74,2.8771464881195254,0.5686147661850559
5805,2902.5,2.9025,420.0855311383211,42.036067443811774,146,74,2.8772981584816506,0.5680549654569159
5806,2903.0,2.903,420.10571710832704,41.99578993745855,146,74,2.8774364185501846,0.5675106748305209
5807,2903.5,2.9035,420.12687476083823,41.957067129913014,146,74,2.877581333978344,0.5669873936474732
5808,2904.0,2.904,420.1431020262305,41.912263394907626,146,74,2.877692479631716,0.566381937769022
5809,2904.5,2.9045,420.15864734908143,41.86576465702683,146,74,2.877798954445763,0.5657535764463085
5810,2905.0,2.905,420.1752904051087,41.819230906015854,146,74,2.877912947980196,0.5651247419731873
5811,2905.5,2.9055,420.18937830755414,41.76957876781987,146,73,2.8780094404626992,0.5721860105180805
5812,2906.0,2.906,420.1992514498489,41.72212596220433,146,73,2.8780770647249923,0.5715359720849909
5813,2906.5,2.9065,420.21113454003074,41.67602508481866,146,73,2.8781584557536353,0.570904453216694
5814,2907.0,2.907,420.22552762193175,41.63254694637309,146,73,2.8782570385063817,0.5703088622790834
5815,2907.5,2.9075,420.240523175409,41.59296914686244,146,73,2.8783597477767735,0.5697667006419512
5816,2908.0,2.908,420.2542304333944,41.55819860872549,146,73,2.8784536331054413,0.5692903919003491
5817,2908.5,2.9085,420.27212267540165,41.52912158095883,146,73,2.87857618270823,0.5688920764514909
5818,2909.0,2.909,420.29101160964916,41.50243286131533,146,73,2.8787055589701995,0.5685264775522647
5819,2909.5,2.9095,420.3092963256847,41.4763643117443,146,73,2.878830796751265,0.5681693741334836
5820,2910.0,2.91,420.32908698840924,41.45257941747353,146,73,2.8789663492356796,0.567843553664021
5821,2910.5,2.9105,420.35170194525494,41.4327172740504,146,73,2.879121246200376,0.5675714695075395
5822,2911.0,2.911,420.3774948508378,41.417221051063784,146,73,2.8792979099372453,0.5673591924803258
5823,2911.5,2.9115,420.4058657794087,41.404610044148214,146,73,2.879492231365813,0.5671864389609345
5824,2912.0,2.912,420.4362302538258,41.39393175309353,146,73,2.8797002072179847,0.5670401610012812
5825,2912.5,2.9125,420.4678580244188,41.38569814333882,146,72,2.87991683578369,0.5748013631019281
5826,2913.0,2.913,420.49926531138766,41.380837036669426,146,72,2.880131954187587,0.5747338477315198
5827,2913.5,2.9135,420.52506289575393,41.37371559351396,146,72,2.8803086499709174,0.574634938798805
5828,2914.0,2.914,420.55012722282567,41.365030396232775,146,72,2.880480323444012,0.5745143110587885
5829,2914.5,2.9145,420.5737511830643,41.35306766954179,146,73,2.880642131390851,0.566480379034819
5830,2915.0,2.915,420.5798568025244,41.32264402190705,146,73,2.8806839507022217,0.5660636167384527
5831,2915.5,2.9155,420.58283344247815,41.28725477676352,146,73,2.8807043386471105,0.5655788325584044
5832,2916.0,2.916,420.5857754296676,41.25068678298071,146,73,2.8807244892442987,0.5650779011367221
5833,2916.5,2.9165,420.58625161209403,41.21524198399257,146,73,2.8807277507677673,0.5645923559451036
5834,2917.0,2.917,420.5875820855691,41.18539965793712,146,73,2.8807368635997883,0.5641835569580427
5835,2917.5,2.9175,420.59051066688903,41.16482659876922,146,73,2.8807569223759524,0.5639017342297152
5836,2918.0,2.918,420.5954785479738,41.14390426388465,146,73,2.8807909489587247,0.5636151269025296
5837,2918.5,2.9185,420.6027562340336,41.13299220683207,146,73,2.8808407961235174,0.5634656466689325
5838,2919.0,2.919,420.6124674352277,41.1255121789318,146,74,2.8809073112001897,0.5557501645801596
5839,2919.5,2.9195,420.62459345452146,41.12450391444245,146,74,2.8809903661268588,0.5557365393843573
5840,2920.0,2.92,420.63400791774154,41.124673028558334,146,73,2.8810548487516545,0.563351685322717
5841,2920.5,2.9205,420.6420694159107,41.12611881820997,146,73,2.8811100644925394,0.5633714906604104
5842,2921.0,2.921,420.65114501279675,41.129997287087235,146,73,2.881172226115046,0.563424620371058
5843,2921.5,2.9215,420.65780855484456,41.12624599130516,146,73,2.881217866814004,0.563373232757605
5844,2922.0,2.922,420.6668195295375,41.12041385158221,146,73,2.88127958581875,0.563293340432633
5845,2922.5,2.9225,420.67813319344543,41.1182579655351,146,73,2.8813570766674346,0.5632638077470561
5846,2923.0,2.923,420.69174792476974,41.11932734557722,146,73,2.8814503282518475,0.563278456788729
5847,2923.5,2.9235,420.7066987365804,41.12218492899411,146,73,2.8815527310724685,0.5633176017670427
5848,2924.0,2.924,420.71507115191105,41.12084557182158,146,73,2.881610076382952,0.5632992544085149
5849,2924.5,2.9245,420.72586143808854,41.12755494561775,146,73,2.8816839824526617,0.5633911636385993
5850,2925.0,2.925,420.7394471305513,41.140452560520146,146,72,2.8817770351407628,0.5713951744516687
5851,2925.5,2.9255,420.7563175189682,41.158472627588715,146,72,2.8818925857463578,0.5716454531609544
5852,2926.0,2.926,420.7703411759569,41.172097565314495,146,71,2.8819886381914857,0.579888698103021
5853,2926.5,2.9265,420.78333861891986,41.18415178432185,146,72,2.882077661773424,0.5720021081155813
5854,2927.0,2.927,420.7957247800264,41.19429577718602,146,72,2.882162498493331,0.5721429969053615
5855,2927.5,2.9275,420.8116603214896,41.20710739639517,146,72,2.8822716460376,0.5723209360610441
5856,2928.0,2.928,420.8314592469321,41.22216010018512,146,72,2.8824072551159734,0.5725300013914599
5857,2928.5,2.9285,420.8492489475713,41.23370226430565,146,72,2.8825291023806257,0.5726903092264674
5858,2929.0,2.929,420.8562094570398,41.231220366949486,146,72,2.8825767771030124,0.572655838429854
5859,2929.5,2.9295,420.8639116660599,41.224842307757484,146,72,2.882629531959315,0.5725672542744095
5860,2930.0,2.93,420.8693292788656,41.21651101337594,146,72,2.88266663889634,0.5724515418524437
5861,2930.5,2.9305,420.87340980980895,41.20777361022265,146,72,2.882694587738418,0.5723301890308702
5862,2931.0,2.931,420.8787972118902,41.20163892539562,146,72,2.8827314877526726,0.5722449850749391
5863,2931.5,2.9315,420.8828170404405,41.195546980996156,146,72,2.8827590208249347,0.5721603747360577
5864,2932.0,2.932,420.8843529902866,41.18837380068296,146,72,2.8827695410293597,0.5720607472317077
5865,2932.5,2.9325,420.8867003653059,41.183218166530494,146,72,2.882785618940452,0.5719891412018124
5866,2933.0,2.933,420.8897887630939,41.18210572014383,146,73,2.8828067723499586,0.5641384345225181
5867,2933.5,2.9335,420.8860857163001,41.1749572500625,146,73,2.8827814090157537,0.5640405102748288
5868,2934.0,2.934,420.8786274021343,41.16400733179088,146,73,2.882730324672153,0.5638905113943956
5869,2934.5,2.9345,420.8716451519388,41.15301079935065,146,73,2.882682501040677,0.5637398739637075
5870,2935.0,2.935,420.86530615370174,41.14165279793691,146,73,2.882639083244532,0.5635842849032454
5871,2935.5,2.9355,420.859467944466,41.129443436510066,146,73,2.882599095510041,0.5634170333768501
5872,2936.0,2.936,420.8514844035088,41.11557475235966,146,72,2.8825444137226635,0.5710496493383287
5873,2936.5,2.9365,420.843309460548,41.10336371649394,146,72,2.882488420962658,0.5708800516179713
5874,2937.0,2.937,420.8367174707695,41.093267576606635,146,73,2.882443270347736,0.5629214736521457
5875,2937.5,2.9375,420.8319345087841,41.089438597208755,146,73,2.8824105103341378,0.5628690218795719
5876,2938.0,2.938,420.8290038930783,41.08839008067689,146,73,2.8823904376238243,0.5628546586394093
5877,2938.5,2.9385,420.8226347528449,41.08508753625319,146,73,2.88234681337565,0.5628094183048382
5878,2939.0,2.939,420.8134949205986,41.080821674267305,146,73,2.882284211784922,0.5627509818392783
5879,2939.5,2.9395,420.79930802442595,41.07369786016066,146,73,2.8821870412631916,0.5626533953446665
5880,2940.0,2.94,420.7850689102619,41.06888875899841,146,73,2.882089513083985,0.5625875172465536
5881,2940.5,2.9405,420.7725564420883,41.0697690023122,146,73,2.8820038112471797,0.5625995753741396
5882,2941.0,2.941,420.76186736819744,41.07900686391239,146,73,2.881930598412312,0.5627261214234575
5883,2941.5,2.9415,420.7453829665615,41.08550931933042,146,72,2.8818176915517912,0.570632073879589
5884,2942.0,2.942,420.72218824138855,41.08978329297207,146,72,2.8816588235711547,0.5706914346246121
5885,2942.5,2.9425,420.7004363804352,41.095798603358624,146,72,2.8815098382221582,0.5707749806022031
5886,2943.0,2.943,420.6793351805823,41.101885126310876,146,72,2.8813653094560427,0.5708595156432067
5887,2943.5,2.9435,420.66063818395776,41.108896779733975,146,72,2.8812372478353265,0.5709568997185274
5888,2944.0,2.944,420.64473650563633,41.119953022247834,146,71,2.8811283322303853,0.5791542679189837
5889,2944.5,2.9445,420.63113560346955,41.13557781821754,146,71,2.8810351753662298,0.5793743354678528
5890,2945.0,2.945,420.6126941937902,41.143688871182235,146,71,2.8809088643410283,0.579488575650454
5891,2945.5,2.9455,420.59597001852944,41.15193081281849,146,71,2.880794315195407,0.5796046593354716
5892,2946.0,2.946,420.5832388849688,41.16340638508127,146,71,2.8807071156504716,0.5797662871138208
5893,2946.5,2.9465,420.5670666106991,41.17217719901276,146,71,2.8805963466486237,0.5798898197044049
5894,2947.0,2.947,420.5410051323742,41.15721722050236,146,71,2.8804178433724257,0.5796791157817234
5895,2947.5,2.9475,420.5097854642155,41.13331291500503,146,71,2.8802040100288733,0.5793424354226061
5896,2948.0,2.948,420.4822097269311,41.11167964039488,146,71,2.880015135115966,0.5790377414140123
5897,2948.5,2.9485,420.4583451674312,41.09271257906636,146,72,2.8798516792289806,0.5707321191536994
5898,2949.0,2.949,420.43165624438836,41.07143084286104,146,72,2.8796688783862217,0.5704365394841812
5899,2949.5,2.9495,420.40281276606686,41.0577178601551,146,72,2.879471320315526,0.570246081391043
5900,2950.0,2.95,420.37729607475563,41.048825368796074,146,72,2.8792965484572304,0.5701225745666121
5901,2950.5,2.9505,420.3549014220971,41.042369337719904,146,72,2.879143160425323,0.570032907468332
5902,2951.0,2.951,420.3349537950324,41.0374147920605,146,72,2.8790065328426877,0.5699640943341736
5903,2951.5,2.9515,420.31390002217387,41.03005799246428,146,72,2.8788623289189985,0.5698619165620039
5904,2952.0,2.952,420.2953878872515,41.02350022438037,146,72,2.878735533474325,0.5697708364497274
5905,2952.5,2.9525,420.2686916637845,41.01279589189543,146,73,2.878552682628661,0.5618191218067867
5906,2953.0,2.953,420.24276167819716,41.00200674796183,146,73,2.878375079987652,0.5616713253145456
5907,2953.5,2.9535,420.2194439418846,40.98704241168228,146,73,2.878215369464963,0.5614663344066066
5908,2954.0,2.954,420.1994042719073,40.96995746981992,146,73,2.8780781114514205,0.5612322941071223
5909,2954.5,2.9545,420.1823289916228,40.95547206535169,146,73,2.8779611574768684,0.5610338639089273
5910,2955.0,2.955,420.1677566153216,40.941582325566756,146,73,2.8778613466802847,0.5608435935009145
5911,2955.5,2.9555,420.1506030200029,40.92734880309094,146,73,2.87774385630139,0.5606486137409719
5912,2956.0,2.956,420.13392705447217,40.91339176394591,146,73,2.877629637359398,0.5604574214239165
5913,2956.5,2.9565,420.118695060842,40.900983763424506,146,73,2.8775253086359043,0.5602874488140345
5914,2957.0,2.957,420.1012945343802,40.89004718155287,146,73,2.8774061269478097,0.560137632624012
5915,2957.5,2.9575,420.0795186137282,40.876576967240595,146,73,2.877256976806357,0.5599531091402822
5916,2958.0,2.958,420.05874619430324,40.86544495787892,146,73,2.877114699960981,0.5598006158613551
5917,2958.5,2.9585,420.0392145114774,40.856805818452244,146,73,2.8769809213114894,0.5596822714856471
5918,2959.0,2.959,420.01776827794043,40.84727170557497,146,73,2.8768340293009613,0.5595516671996571
5919,2959.5,2.9595,419.9978578706843,40.84175982099164,146,74,2.8766976566485227,0.5519156732566439
5920,2960.0,2.96,419.98048950245806,40.844661276883,146,74,2.8765786952223156,0.5519548821200405
5921,2960.5,2.9605,419.96324283649494,40.85021110191803,146,74,2.876460567373253,0.552029879755649
5922,2961.0,2.961,419.949052482047,40.857710182121274,146,74,2.876363373164706,0.5521312186773144
5923,2961.5,2.9615,419.937983924176,40.866272117746945,146,73,2.876287561124493,0.5598119468184514
5924,2962.0,2.962,419.9230762684928,40.868552180407576,146,73,2.876185453893786,0.5598431805535284
5925,2962.5,2.9625,419.90924656437,40.868957811460916,146,73,2.8760907298929457,0.5598487371433003
5926,2963.0,2.963,419.89677099367924,40.87440687348469,146,73,2.8760052807786254,0.5599233818285574
5927,2963.5,2.9635,419.88806858237194,40.882353314004504,146,72,2.8759456752217254,0.567810462694507
5928,2964.0,2.964,419.88369939429833,40.89272350282803,146,72,2.875915749276016,0.5679544930948337
5929,2964.5,2.9645,419.88351845742005,40.90522678875705,146,72,2.8759145099823296,0.5681281498438479
5930,2965.0,2.965,419.8873717762507,40.92028384294216,146,72,2.8759409025770597,0.5683372755964188
5931,2965.5,2.9655,419.8929430785106,40.9341274752906,146,72,2.8759790621815795,0.5685295482679251
5932,2966.0,2.966,419.9012143662384,40.94978196362674,146,72,2.8760357148372493,0.568746971717038
5933,2966.5,2.9665,419.9134338961316,40.96896649902486,146,72,2.876119410247477,0.5690134235975673
5934,2967.0,2.967,419.92658528852985,40.98869636479598,146,72,2.8762094882776017,0.5692874495110554
5935,2967.5,2.9675,419.942569248254,41.01078962993079,146,72,2.876318967453795,0.5695943004157054
5936,2968.0,2.968,419.9625472581815,41.036292842308285,146,72,2.8764558031382292,0.5699485116987262
5937,2968.5,2.9685,419.9864213362947,41.064947494878666,146,72,2.876619324221197,0.570346492984426
5938,2969.0,2.969,420.01270219560973,41.09509075659426,146,72,2.8767993301069166,0.5707651493971425
5939,2969.5,2.9695,420.04072620855726,41.12589704166254,146,72,2.8769912754010774,0.5711930144675352
5940,2970.0,2.97,420.0657134486362,41.15524353702814,146,72,2.8771624208810698,0.5716006046809464
5941,2970.5,2.9705,420.08812880577767,41.182651251840156,146,73,2.8773159507245043,0.5641459075594542
5942,2971.0,2.971,420.11194165785315,41.21747215117493,146,72,2.8774790524510485,0.5724648909885407
5943,2971.5,2.9715,420.1396008099291,41.25775872798917,146,72,2.8776684986981445,0.5730244267776273
5944,2972.0,2.972,420.1619348610426,41.290803931105124,146,72,2.877821471650977,0.5734833879320157
5945,2972.5,2.9725,420.18755236528904,41.32182663598501,146,72,2.877996934008829,0.5739142588331251
5946,2973.0,2.973,420.2143101778547,41.35008488342898,146,72,2.878180206697635,0.5743067344920691
5947,2973.5,2.9735,420.24082437515915,41.37810214890588,146,72,2.8783618107887614,0.5746958631792483
5948,2974.0,2.974,420.2676305316374,41.40416220900686,146,72,2.8785454146002567,0.5750578084584288
5949,2974.5,2.9745,420.2927705546747,41.42618012042005,146,72,2.8787176065388675,0.5753636127836117
5950,2975.0,2.975,420.30703317040945,41.43954038199604,146,72,2.878815295687736,0.5755491719721672
5951,2975.5,2.9755,420.31844659482493,41.452580039402264,146,72,2.878893469827568,0.5757302783250314
5952,2976.0,2.976,420.329201789549,41.46749892039564,146,72,2.8789671355448565,0.575937485005495
5953,2976.5,2.9765,420.34124145482906,41.48704172492269,146,71,2.8790495990056786,0.5843245313369393
5954,2977.0,2.977,420.35494315189663,41.51938117078364,146,72,2.879143446245867,0.5766580718164395
5955,2977.5,2.9775,420.3704889290876,41.5560651151594,146,72,2.879249924171833,0.5771675710438805
5956,2978.0,2.978,420.3813904349315,41.588704584908044,146,72,2.8793245920200787,0.5776208970126118
5957,2978.5,2.9785,420.3946908661287,41.625872636076586,146,73,2.8794156908638953,0.5702174333709122
5958,2979.0,2.979,420.406946872848,41.66819875948188,146,73,2.8794996361153977,0.5707972432805736
5959,2979.5,2.9795,420.415646799091,41.7062363933124,146,72,2.8795592246513086,0.5792532832404501
5960,2980.0,2.98,420.42183442168493,41.74615819722777,146,71,2.8796016056279794,0.587974059115884
5961,2980.5,2.9805,420.43053528707486,41.790271457038216,146,71,2.8796612005964035,0.5885953726343409
5962,2981.0,2.981,420.4422654875842,41.83580174464254,146,71,2.8797415444355083,0.5892366442907401
5963,2981.5,2.9815,420.45689605640314,41.89009714102847,146,71,2.8798417538109806,0.5900013681834996
5964,2982.0,2.982,420.47495221827256,41.947264205539945,146,71,2.8799654261525522,0.5908065381061964
5965,2982.5,2.9825,420.4968193994938,42.007330581321156,146,72,2.880115201366396,0.5834351469627939
5966,2983.0,2.983,420.5223963378419,42.071568874331334,146,72,2.8802903858756292,0.5843273454768241
5967,2983.5,2.9835,420.53042585649996,42.11780680183564,146,72,2.880345382578767,0.5849695389143839
5968,2984.0,2.984,420.54103203243073,42.169983706100076,146,72,2.8804180276193887,0.5856942181402788
5969,2984.5,2.9845,420.5472660985462,42.21212786277111,146,72,2.8804607267023714,0.5862795536495988
5970,2985.0,2.985,420.5544793791912,42.253011628544535,146,72,2.8805101327341864,0.5868473837297852
5971,2985.5,2.9855,420.55710832119036,42.294223058406835,146,73,2.8805281391862354,0.5793729186083129
5972,2986.0,2.986,420.5634546062991,42.343340022104634,146,73,2.880571606892459,0.5800457537274606
5973,2986.5,2.9865,420.56726759650576,42.390127667294784,146,73,2.880597723263738,0.5806866803739013
5974,2987.0,2.987,420.5656378103386,42.43438386304232,146,73,2.880586560344785,0.5812929296307167
5975,2987.5,2.9875,420.5633797873156,42.481276729163,146,73,2.8805710944336687,0.5819352976597671
5976,2988.0,2.988,420.5646262967373,42.52946923996977,146,73,2.8805796321694337,0.5825954690406818
5977,2988.5,2.9885,420.56257209570487,42.56956397932481,146,74,2.8805655622993482,0.5752643780989839
5978,2989.0,2.989,420.55924198074746,42.60997735040547,146,74,2.8805427532927914,0.5758105047352091
5979,2989.5,2.9895,420.559877378482,42.6572618759364,146,74,2.8805471053320684,0.5764494848099513
5980,2990.0,2.99,420.56370236440347,42.70677371419481,146,74,2.880573303865777,0.5771185637053353
5981,2990.5,2.9905,420.56282607167077,42.75095749537882,146,74,2.8805673018607587,0.5777156418294436
5982,2991.0,2.991,420.55913758789876,42.792187504082996,146,74,2.8805420382732794,0.5782728041092297
5983,2991.5,2.9915,420.5449648256041,42.82331783860609,146,74,2.880444964558932,0.5786934843054876
5984,2992.0,2.992,420.53026571554113,42.858086881306555,146,73,2.8803442857228845,0.5870970805658432
5985,2992.5,2.9925,420.51360709603904,42.89720246567187,146,73,2.8802301855893084,0.5876329104886557
5986,2993.0,2.993,420.49489261275886,42.93957501375204,146,73,2.8801020041969787,0.5882133563527677
5987,2993.5,2.9935,420.4746441187166,42.98287377220789,146,73,2.8799633158816196,0.5888064900302451
5988,2994.0,2.994,420.45392243432144,43.02817609122873,146,73,2.8798213865364484,0.5894270697428593
5989,2994.5,2.9945,420.43188216153453,43.074239157612766,146,73,2.8796704257639347,0.5900580706522297
5990,2995.0,2.995,420.4122237949463,43.124446121295186,146,73,2.87953577941744,0.5907458372780162
5991,2995.5,2.9955,420.393965523367,43.17735473786505,146,73,2.879410722762788,0.5914706128474664
5992,2996.0,2.996,420.3769603983204,43.2321179792789,146,73,2.8792942493035647,0.5922207942366973
5993,2996.5,2.9965,420.3537866430843,43.27526839191315,146,73,2.8791355249526323,0.5928118957796321
5994,2997.0,2.997,420.3349452123971,43.320590061846254,146,73,2.879006474057514,0.5934327405732365
5995,2997.5,2.9975,420.31195654662775,43.36125737817643,146,73,2.878849017442656,0.5939898270983073
5996,2998.0,2.998,420.2880884361589,43.400461166869526,146,72,2.878685537233965,0.6027841828731879
5997,2998.5,2.9985,420.26778266703127,43.447594086731485,146,72,2.878546456623502,0.6034388067601595
5998,2999.0,2.999,420.2507542570715,43.49673738821848,146,72,2.8784298236785717,0.6041213526141456
5999,2999.5,2.9995,420.2346771248595,43.54618277923546,146,72,2.8783197063346537,0.6048080941560481
6000,3000.0,3.0,420.2117967887922,43.58806265625758,146,72,2.878162991704056,0.6053897591146886
