time_fs,time_ps,n_hbonds,betti_0,betti_1,betti_2,euler_characteristic
0.0,0.0,139,1,50,0,-49
0.5,0.0005,139,1,50,0,-49
1.0,0.001,139,1,50,0,-49
1.5,0.0015,139,1,50,0,-49
2.0,0.002,138,1,50,0,-49
2.5,0.0025,137,1,50,0,-49
3.0,0.003,137,1,50,0,-49
3.5,0.0035,137,1,50,0,-49
4.0,0.004,137,1,50,0,-49
4.5,0.0045,137,1,50,0,-49
5.0,0.005,137,1,50,0,-49
5.5,0.0055,135,1,48,0,-47
6.0,0.006,135,1,48,0,-47
6.5,0.0065,136,1,48,0,-47
7.0,0.007,138,1,49,0,-48
7.5,0.0075,138,1,49,0,-48
8.0,0.008,138,1,49,0,-48
8.5,0.0085,138,1,49,0,-48
9.0,0.009,140,1,50,0,-49
9.5,0.0095,140,1,50,0,-49
10.0,0.01,140,1,50,0,-49
10.5,0.0105,140,1,50,0,-49
11.0,0.011,139,1,49,0,-48
11.5,0.0115,136,1,47,0,-46
12.0,0.012,135,1,47,0,-46
12.5,0.0125,136,1,48,0,-47
13.0,0.013,136,1,48,0,-47
13.5,0.0135,134,1,46,0,-45
14.0,0.014,133,1,46,0,-45
14.5,0.0145,132,1,45,0,-44
15.0,0.015,132,1,45,0,-44
15.5,0.0155,134,1,46,0,-45
16.0,0.016,134,1,46,0,-45
16.5,0.0165,134,1,46,0,-45
17.0,0.017,135,1,47,0,-46
17.5,0.0175,136,1,48,0,-47
18.0,0.018,135,1,47,0,-46
18.5,0.0185,135,1,47,0,-46
19.0,0.019,135,1,47,0,-46
19.5,0.0195,136,1,47,0,-46
20.0,0.02,136,1,47,0,-46
20.5,0.0205,136,1,47,0,-46
21.0,0.021,139,1,48,0,-47
21.5,0.0215,139,1,48,0,-47
22.0,0.022,138,1,47,0,-46
22.5,0.0225,138,1,47,0,-46
23.0,0.023,136,1,46,0,-45
23.5,0.0235,135,1,45,0,-44
24.0,0.024,135,1,45,0,-44
24.5,0.0245,137,1,46,0,-45
25.0,0.025,137,1,46,0,-45
25.5,0.0255,134,1,45,0,-44
26.0,0.026,133,1,44,0,-43
26.5,0.0265,133,1,44,0,-43
27.0,0.027,134,1,44,0,-43
27.5,0.0275,134,1,44,0,-43
28.0,0.028,134,1,45,0,-44
28.5,0.0285,137,1,47,0,-46
29.0,0.029,135,1,46,0,-45
29.5,0.0295,136,1,47,0,-46
30.0,0.03,136,1,47,0,-46
30.5,0.0305,137,1,47,0,-46
31.0,0.031,134,1,45,0,-44
31.5,0.0315,134,1,45,0,-44
32.0,0.032,134,1,45,0,-44
32.5,0.0325,134,1,45,0,-44
33.0,0.033,134,1,45,0,-44
33.5,0.0335,134,1,45,0,-44
34.0,0.034,132,1,44,0,-43
34.5,0.0345,132,1,44,0,-43
35.0,0.035,132,1,44,0,-43
35.5,0.0355,131,1,43,0,-42
36.0,0.036,130,1,42,0,-41
36.5,0.0365,130,1,42,0,-41
37.0,0.037,131,1,43,0,-42
37.5,0.0375,131,1,43,0,-42
38.0,0.038,130,1,42,0,-41
38.5,0.0385,131,1,42,0,-41
39.0,0.039,130,1,41,0,-40
39.5,0.0395,130,1,41,0,-40
40.0,0.04,131,1,42,0,-41
40.5,0.0405,134,1,44,0,-43
41.0,0.041,134,1,44,0,-43
41.5,0.0415,135,1,43,0,-42
42.0,0.042,132,1,41,0,-40
42.5,0.0425,134,1,42,0,-41
43.0,0.043,134,1,42,0,-41
43.5,0.0435,134,1,42,0,-41
44.0,0.044,134,1,42,0,-41
44.5,0.0445,134,1,42,0,-41
45.0,0.045,132,1,41,0,-40
45.5,0.0455,134,1,42,0,-41
46.0,0.046,135,1,43,0,-42
46.5,0.0465,135,1,44,0,-43
47.0,0.047,135,1,44,0,-43
47.5,0.0475,136,1,45,0,-44
48.0,0.048,136,1,45,0,-44
48.5,0.0485,136,1,45,0,-44
49.0,0.049,135,1,45,0,-44
49.5,0.0495,138,1,47,0,-46
50.0,0.05,139,1,47,0,-46
50.5,0.0505,142,1,49,0,-48
51.0,0.051,142,1,49,0,-48
51.5,0.0515,141,1,49,0,-48
52.0,0.052,140,1,48,0,-47
52.5,0.0525,139,1,48,0,-47
53.0,0.053,139,1,48,0,-47
53.5,0.0535,139,1,48,0,-47
54.0,0.054,139,1,48,0,-47
54.5,0.0545,138,1,48,0,-47
55.0,0.055,137,1,47,0,-46
55.5,0.0555,136,1,48,0,-47
56.0,0.056,134,1,46,0,-45
56.5,0.0565,135,1,46,0,-45
57.0,0.057,135,1,45,0,-44
57.5,0.0575,136,1,44,0,-43
58.0,0.058,136,1,44,0,-43
58.5,0.0585,135,1,44,0,-43
59.0,0.059,132,1,42,0,-41
59.5,0.0595,130,1,43,0,-42
60.0,0.06,131,1,43,0,-42
60.5,0.0605,131,1,43,0,-42
61.0,0.061,132,1,44,0,-43
61.5,0.0615,134,1,45,0,-44
62.0,0.062,133,1,45,0,-44
62.5,0.0625,133,1,45,0,-44
63.0,0.063,133,1,45,0,-44
63.5,0.0635,134,1,45,0,-44
64.0,0.064,134,1,45,0,-44
64.5,0.0645,132,1,44,0,-43
65.0,0.065,134,1,45,0,-44
65.5,0.0655,134,1,45,0,-44
66.0,0.066,133,1,44,0,-43
66.5,0.0665,131,1,43,0,-42
67.0,0.067,133,1,44,0,-43
67.5,0.0675,133,1,44,0,-43
68.0,0.068,133,1,44,0,-43
68.5,0.0685,133,1,44,0,-43
69.0,0.069,132,1,45,0,-44
69.5,0.0695,132,1,45,0,-44
70.0,0.07,132,1,45,0,-44
70.5,0.0705,132,1,45,0,-44
71.0,0.071,132,1,46,0,-45
71.5,0.0715,132,1,46,0,-45
72.0,0.072,134,1,48,0,-47
72.5,0.0725,134,1,48,0,-47
73.0,0.073,134,1,48,0,-47
73.5,0.0735,135,1,48,0,-47
74.0,0.074,138,1,49,0,-48
74.5,0.0745,138,1,49,0,-48
75.0,0.075,138,1,49,0,-48
75.5,0.0755,137,1,48,0,-47
76.0,0.076,137,1,48,0,-47
76.5,0.0765,136,1,48,0,-47
77.0,0.077,136,1,48,0,-47
77.5,0.0775,136,1,48,0,-47
78.0,0.078,137,1,48,0,-47
78.5,0.0785,137,1,48,0,-47
79.0,0.079,138,1,48,0,-47
79.5,0.0795,140,1,48,0,-47
80.0,0.08,139,1,47,0,-46
80.5,0.0805,139,1,47,0,-46
81.0,0.081,140,1,48,0,-47
81.5,0.0815,140,1,48,0,-47
82.0,0.082,137,1,47,0,-46
82.5,0.0825,137,1,47,0,-46
83.0,0.083,137,1,47,0,-46
83.5,0.0835,137,1,48,0,-47
84.0,0.084,137,1,48,0,-47
84.5,0.0845,137,1,48,0,-47
85.0,0.085,138,1,49,0,-48
85.5,0.0855,138,1,49,0,-48
86.0,0.086,139,1,50,0,-49
86.5,0.0865,141,1,51,0,-50
87.0,0.087,141,1,51,0,-50
87.5,0.0875,141,1,51,0,-50
88.0,0.088,141,1,51,0,-50
88.5,0.0885,141,1,50,0,-49
89.0,0.089,141,1,50,0,-49
89.5,0.0895,141,1,50,0,-49
90.0,0.09,141,1,50,0,-49
90.5,0.0905,141,1,50,0,-49
91.0,0.091,140,1,49,0,-48
91.5,0.0915,140,1,49,0,-48
92.0,0.092,140,1,49,0,-48
92.5,0.0925,141,1,50,0,-49
93.0,0.093,141,1,50,0,-49
93.5,0.0935,141,1,50,0,-49
94.0,0.094,141,1,50,0,-49
94.5,0.0945,141,1,51,0,-50
95.0,0.095,141,1,51,0,-50
95.5,0.0955,142,1,51,0,-50
96.0,0.096,142,1,51,0,-50
96.5,0.0965,142,1,51,0,-50
97.0,0.097,144,1,52,0,-51
97.5,0.0975,144,1,52,0,-51
98.0,0.098,144,1,52,0,-51
98.5,0.0985,145,1,53,0,-52
99.0,0.099,147,1,54,0,-53
99.5,0.0995,147,1,54,0,-53
100.0,0.1,148,1,55,0,-54
100.5,0.1005,149,1,56,0,-55
101.0,0.101,151,1,58,0,-57
101.5,0.1015,151,1,58,0,-57
102.0,0.102,150,1,57,0,-56
102.5,0.1025,150,1,57,0,-56
103.0,0.103,148,1,56,0,-55
103.5,0.1035,148,1,56,0,-55
104.0,0.104,148,1,56,0,-55
104.5,0.1045,148,1,56,0,-55
105.0,0.105,146,1,54,0,-53
105.5,0.1055,146,1,54,0,-53
106.0,0.106,146,1,54,0,-53
106.5,0.1065,145,1,54,0,-53
107.0,0.107,145,1,54,0,-53
107.5,0.1075,146,1,54,0,-53
108.0,0.108,146,1,54,0,-53
108.5,0.1085,146,1,54,0,-53
109.0,0.109,149,1,56,0,-55
109.5,0.1095,150,1,56,0,-55
110.0,0.11,149,1,56,0,-55
110.5,0.1105,149,1,56,0,-55
111.0,0.111,149,1,56,0,-55
111.5,0.1115,150,1,57,0,-56
112.0,0.112,150,1,57,0,-56
112.5,0.1125,149,1,56,0,-55
113.0,0.113,148,1,55,0,-54
113.5,0.1135,143,1,52,0,-51
114.0,0.114,145,1,53,0,-52
114.5,0.1145,147,1,54,0,-53
115.0,0.115,147,1,54,0,-53
115.5,0.1155,145,1,53,0,-52
116.0,0.116,145,1,53,0,-52
116.5,0.1165,145,1,53,0,-52
117.0,0.117,145,1,53,0,-52
117.5,0.1175,145,1,53,0,-52
118.0,0.118,148,1,55,0,-54
118.5,0.1185,148,1,55,0,-54
119.0,0.119,147,1,54,0,-53
119.5,0.1195,148,1,55,0,-54
120.0,0.12,149,1,55,0,-54
120.5,0.1205,147,1,54,0,-53
121.0,0.121,146,1,55,0,-54
121.5,0.1215,146,1,55,0,-54
122.0,0.122,146,1,55,0,-54
122.5,0.1225,146,1,55,0,-54
123.0,0.123,148,1,56,0,-55
123.5,0.1235,148,1,55,0,-54
124.0,0.124,148,1,55,0,-54
124.5,0.1245,146,1,54,0,-53
125.0,0.125,146,1,54,0,-53
125.5,0.1255,145,1,53,0,-52
126.0,0.126,142,1,52,0,-51
126.5,0.1265,143,1,52,0,-51
127.0,0.127,144,1,52,0,-51
127.5,0.1275,144,1,52,0,-51
128.0,0.128,144,1,52,0,-51
128.5,0.1285,144,1,52,0,-51
129.0,0.129,146,1,53,0,-52
129.5,0.1295,147,1,54,0,-53
130.0,0.13,147,1,54,0,-53
130.5,0.1305,150,1,56,0,-55
131.0,0.131,150,1,56,0,-55
131.5,0.1315,148,1,55,0,-54
132.0,0.132,148,1,55,0,-54
132.5,0.1325,148,1,55,0,-54
133.0,0.133,147,1,54,0,-53
133.5,0.1335,147,1,54,0,-53
134.0,0.134,147,1,54,0,-53
134.5,0.1345,148,1,55,0,-54
135.0,0.135,146,1,54,0,-53
135.5,0.1355,146,1,54,0,-53
136.0,0.136,147,1,55,0,-54
136.5,0.1365,148,1,55,0,-54
137.0,0.137,145,1,53,0,-52
137.5,0.1375,145,1,53,0,-52
138.0,0.138,145,1,53,0,-52
138.5,0.1385,144,1,52,0,-51
139.0,0.139,143,1,52,0,-51
139.5,0.1395,143,1,52,0,-51
140.0,0.14,143,1,52,0,-51
140.5,0.1405,144,1,53,0,-52
141.0,0.141,146,1,54,0,-53
141.5,0.1415,149,1,56,0,-55
142.0,0.142,149,1,56,0,-55
142.5,0.1425,150,1,57,0,-56
143.0,0.143,150,1,57,0,-56
143.5,0.1435,150,1,57,0,-56
144.0,0.144,150,1,57,0,-56
144.5,0.1445,149,1,57,0,-56
145.0,0.145,149,1,57,0,-56
145.5,0.1455,147,1,56,0,-55
146.0,0.146,148,1,57,0,-56
146.5,0.1465,148,1,57,0,-56
147.0,0.147,148,1,57,0,-56
147.5,0.1475,148,1,57,0,-56
148.0,0.148,144,1,54,0,-53
148.5,0.1485,144,1,54,0,-53
149.0,0.149,143,1,53,0,-52
149.5,0.1495,143,1,53,0,-52
150.0,0.15,143,1,53,0,-52
150.5,0.1505,143,1,53,0,-52
151.0,0.151,143,1,53,0,-52
151.5,0.1515,146,1,55,0,-54
152.0,0.152,146,1,55,0,-54
152.5,0.1525,147,1,55,0,-54
153.0,0.153,147,1,55,0,-54
153.5,0.1535,148,1,56,0,-55
154.0,0.154,148,1,56,0,-55
154.5,0.1545,148,1,56,0,-55
155.0,0.155,148,1,56,0,-55
155.5,0.1555,148,1,56,0,-55
156.0,0.156,147,1,55,0,-54
156.5,0.1565,144,1,54,0,-53
157.0,0.157,145,1,55,0,-54
157.5,0.1575,145,1,55,0,-54
158.0,0.158,143,1,54,0,-53
158.5,0.1585,143,1,54,0,-53
159.0,0.159,143,1,54,0,-53
159.5,0.1595,144,1,55,0,-54
160.0,0.16,144,1,55,0,-54
160.5,0.1605,146,1,56,0,-55
161.0,0.161,144,1,55,0,-54
161.5,0.1615,145,1,55,0,-54
162.0,0.162,145,1,55,0,-54
162.5,0.1625,149,1,58,0,-57
163.0,0.163,149,1,58,0,-57
163.5,0.1635,148,1,57,0,-56
164.0,0.164,148,1,57,0,-56
164.5,0.1645,148,1,56,0,-55
165.0,0.165,148,1,56,0,-55
165.5,0.1655,148,1,57,0,-56
166.0,0.166,148,1,57,0,-56
166.5,0.1665,148,1,57,0,-56
167.0,0.167,148,1,58,0,-57
167.5,0.1675,149,1,59,0,-58
168.0,0.168,147,1,57,0,-56
168.5,0.1685,149,1,59,0,-58
169.0,0.169,149,1,59,0,-58
169.5,0.1695,146,1,57,0,-56
170.0,0.17,146,1,57,0,-56
170.5,0.1705,147,1,57,0,-56
171.0,0.171,145,1,56,0,-55
171.5,0.1715,146,1,56,0,-55
172.0,0.172,146,1,56,0,-55
172.5,0.1725,146,1,56,0,-55
173.0,0.173,148,1,58,0,-57
173.5,0.1735,148,1,58,0,-57
174.0,0.174,148,1,58,0,-57
174.5,0.1745,148,1,58,0,-57
175.0,0.175,148,1,58,0,-57
175.5,0.1755,149,1,57,0,-56
176.0,0.176,149,1,57,0,-56
176.5,0.1765,150,1,57,0,-56
177.0,0.177,149,1,57,0,-56
177.5,0.1775,149,1,57,0,-56
178.0,0.178,149,1,57,0,-56
178.5,0.1785,149,1,56,0,-55
179.0,0.179,147,1,56,0,-55
179.5,0.1795,146,1,55,0,-54
180.0,0.18,146,1,55,0,-54
180.5,0.1805,145,1,55,0,-54
181.0,0.181,145,1,55,0,-54
181.5,0.1815,150,1,57,0,-56
182.0,0.182,146,1,55,0,-54
182.5,0.1825,143,1,54,0,-53
183.0,0.183,143,1,54,0,-53
183.5,0.1835,143,1,54,0,-53
184.0,0.184,143,1,54,0,-53
184.5,0.1845,142,1,53,0,-52
185.0,0.185,143,1,53,0,-52
185.5,0.1855,143,1,53,0,-52
186.0,0.186,145,1,54,0,-53
186.5,0.1865,145,1,54,0,-53
187.0,0.187,145,1,54,0,-53
187.5,0.1875,146,1,55,0,-54
188.0,0.188,148,1,56,0,-55
188.5,0.1885,151,1,59,0,-58
189.0,0.189,149,1,58,0,-57
189.5,0.1895,148,1,58,0,-57
190.0,0.19,148,1,57,0,-56
190.5,0.1905,149,1,57,0,-56
191.0,0.191,149,1,57,0,-56
191.5,0.1915,149,1,57,0,-56
192.0,0.192,149,1,57,0,-56
192.5,0.1925,147,1,56,0,-55
193.0,0.193,148,1,56,0,-55
193.5,0.1935,147,1,55,0,-54
194.0,0.194,147,1,55,0,-54
194.5,0.1945,145,1,55,0,-54
195.0,0.195,145,1,55,0,-54
195.5,0.1955,145,1,55,0,-54
196.0,0.196,144,1,54,0,-53
196.5,0.1965,144,1,54,0,-53
197.0,0.197,143,1,53,0,-52
197.5,0.1975,146,1,54,0,-53
198.0,0.198,146,1,54,0,-53
198.5,0.1985,143,1,53,0,-52
199.0,0.199,141,1,52,0,-51
199.5,0.1995,141,1,52,0,-51
200.0,0.2,140,1,51,0,-50
200.5,0.2005,145,1,53,0,-52
201.0,0.201,145,1,53,0,-52
201.5,0.2015,145,1,53,0,-52
202.0,0.202,145,1,53,0,-52
202.5,0.2025,143,1,52,0,-51
203.0,0.203,143,1,52,0,-51
203.5,0.2035,143,1,52,0,-51
204.0,0.204,143,1,52,0,-51
204.5,0.2045,144,1,52,0,-51
205.0,0.205,141,1,52,0,-51
205.5,0.2055,141,1,52,0,-51
206.0,0.206,143,1,53,0,-52
206.5,0.2065,143,1,53,0,-52
207.0,0.207,142,1,52,0,-51
207.5,0.2075,142,1,52,0,-51
208.0,0.208,143,1,53,0,-52
208.5,0.2085,146,1,54,0,-53
209.0,0.209,146,1,54,0,-53
209.5,0.2095,145,1,54,0,-53
210.0,0.21,145,1,54,0,-53
210.5,0.2105,146,1,54,0,-53
211.0,0.211,146,1,54,0,-53
211.5,0.2115,147,1,54,0,-53
212.0,0.212,146,1,54,0,-53
212.5,0.2125,144,1,53,0,-52
213.0,0.213,144,1,53,0,-52
213.5,0.2135,143,1,52,0,-51
214.0,0.214,144,1,53,0,-52
214.5,0.2145,139,1,49,0,-48
215.0,0.215,140,1,50,0,-49
215.5,0.2155,138,1,49,0,-48
216.0,0.216,143,1,52,0,-51
216.5,0.2165,143,1,52,0,-51
217.0,0.217,143,1,52,0,-51
217.5,0.2175,143,1,52,0,-51
218.0,0.218,140,1,51,0,-50
218.5,0.2185,141,1,51,0,-50
219.0,0.219,140,1,50,0,-49
219.5,0.2195,138,1,49,0,-48
220.0,0.22,139,1,49,0,-48
220.5,0.2205,139,1,49,0,-48
221.0,0.221,139,1,49,0,-48
221.5,0.2215,138,1,48,0,-47
222.0,0.222,138,1,48,0,-47
222.5,0.2225,136,1,48,0,-47
223.0,0.223,136,1,48,0,-47
223.5,0.2235,136,1,48,0,-47
224.0,0.224,138,1,49,0,-48
224.5,0.2245,139,1,50,0,-49
225.0,0.225,139,1,50,0,-49
225.5,0.2255,137,1,49,0,-48
226.0,0.226,137,1,49,0,-48
226.5,0.2265,140,1,50,0,-49
227.0,0.227,141,1,51,0,-50
227.5,0.2275,142,1,52,0,-51
228.0,0.228,142,1,52,0,-51
228.5,0.2285,142,1,53,0,-52
229.0,0.229,143,1,53,0,-52
229.5,0.2295,144,1,53,0,-52
230.0,0.23,144,1,53,0,-52
230.5,0.2305,144,1,53,0,-52
231.0,0.231,143,1,52,0,-51
231.5,0.2315,143,1,52,0,-51
232.0,0.232,143,1,52,0,-51
232.5,0.2325,144,1,53,0,-52
233.0,0.233,144,1,55,0,-54
233.5,0.2335,145,1,56,0,-55
234.0,0.234,145,1,56,0,-55
234.5,0.2345,144,1,55,0,-54
235.0,0.235,144,1,54,0,-53
235.5,0.2355,145,1,54,0,-53
236.0,0.236,142,1,52,0,-51
236.5,0.2365,144,1,52,0,-51
237.0,0.237,143,1,51,0,-50
237.5,0.2375,141,1,50,0,-49
238.0,0.238,142,1,51,0,-50
238.5,0.2385,143,1,52,0,-51
239.0,0.239,146,1,54,0,-53
239.5,0.2395,146,1,54,0,-53
240.0,0.24,147,1,54,0,-53
240.5,0.2405,148,1,54,0,-53
241.0,0.241,148,1,54,0,-53
241.5,0.2415,149,1,55,0,-54
242.0,0.242,149,1,55,0,-54
242.5,0.2425,149,1,55,0,-54
243.0,0.243,147,1,56,0,-55
243.5,0.2435,147,1,56,0,-55
244.0,0.244,147,1,56,0,-55
244.5,0.2445,147,1,56,0,-55
245.0,0.245,148,1,57,0,-56
245.5,0.2455,148,1,57,0,-56
246.0,0.246,146,1,57,0,-56
246.5,0.2465,149,1,58,0,-57
247.0,0.247,149,1,58,0,-57
247.5,0.2475,146,1,56,0,-55
248.0,0.248,146,1,55,0,-54
248.5,0.2485,145,1,55,0,-54
249.0,0.249,146,1,56,0,-55
249.5,0.2495,149,1,58,0,-57
250.0,0.25,154,1,60,0,-59
250.5,0.2505,155,1,61,0,-60
251.0,0.251,154,1,60,0,-59
251.5,0.2515,153,1,59,0,-58
252.0,0.252,151,1,57,0,-56
252.5,0.2525,151,1,57,0,-56
253.0,0.253,149,1,57,0,-56
253.5,0.2535,150,1,57,0,-56
254.0,0.254,150,1,58,0,-57
254.5,0.2545,150,1,58,0,-57
255.0,0.255,150,1,58,0,-57
255.5,0.2555,151,1,59,0,-58
256.0,0.256,151,1,59,0,-58
256.5,0.2565,153,1,59,0,-58
257.0,0.257,147,1,55,0,-54
257.5,0.2575,147,1,55,0,-54
258.0,0.258,147,1,55,0,-54
258.5,0.2585,147,1,55,0,-54
259.0,0.259,146,1,54,0,-53
259.5,0.2595,146,1,54,0,-53
260.0,0.26,150,1,56,0,-55
260.5,0.2605,150,1,56,0,-55
261.0,0.261,150,1,57,0,-56
261.5,0.2615,150,1,56,0,-55
262.0,0.262,149,1,56,0,-55
262.5,0.2625,149,1,56,0,-55
263.0,0.263,152,1,58,0,-57
263.5,0.2635,148,1,56,0,-55
264.0,0.264,148,1,56,0,-55
264.5,0.2645,148,1,56,0,-55
265.0,0.265,148,1,56,0,-55
265.5,0.2655,149,1,57,0,-56
266.0,0.266,149,1,57,0,-56
266.5,0.2665,148,1,55,0,-54
267.0,0.267,149,1,55,0,-54
267.5,0.2675,147,1,53,0,-52
268.0,0.268,146,1,52,0,-51
268.5,0.2685,145,1,52,0,-51
269.0,0.269,145,1,52,0,-51
269.5,0.2695,148,1,53,0,-52
270.0,0.27,149,1,54,0,-53
270.5,0.2705,153,1,56,0,-55
271.0,0.271,153,1,56,0,-55
271.5,0.2715,152,1,56,0,-55
272.0,0.272,153,1,57,0,-56
272.5,0.2725,153,1,57,0,-56
273.0,0.273,153,1,56,0,-55
273.5,0.2735,151,1,56,0,-55
274.0,0.274,151,1,56,0,-55
274.5,0.2745,151,1,56,0,-55
275.0,0.275,151,1,56,0,-55
275.5,0.2755,152,1,57,0,-56
276.0,0.276,150,1,56,0,-55
276.5,0.2765,152,1,57,0,-56
277.0,0.277,151,1,58,0,-57
277.5,0.2775,147,1,56,0,-55
278.0,0.278,148,1,57,0,-56
278.5,0.2785,148,1,57,0,-56
279.0,0.279,151,1,57,0,-56
279.5,0.2795,151,1,57,0,-56
280.0,0.28,151,1,57,0,-56
280.5,0.2805,151,1,57,0,-56
281.0,0.281,151,1,57,0,-56
281.5,0.2815,155,1,59,0,-58
282.0,0.282,156,1,61,0,-60
282.5,0.2825,157,1,62,0,-61
283.0,0.283,154,1,60,0,-59
283.5,0.2835,154,1,60,0,-59
284.0,0.284,154,1,60,0,-59
284.5,0.2845,154,1,60,0,-59
285.0,0.285,153,1,60,0,-59
285.5,0.2855,154,1,60,0,-59
286.0,0.286,154,1,60,0,-59
286.5,0.2865,158,1,63,0,-62
287.0,0.287,158,1,63,0,-62
287.5,0.2875,155,1,62,0,-61
288.0,0.288,154,1,62,0,-61
288.5,0.2885,156,1,62,0,-61
289.0,0.289,151,1,59,0,-58
289.5,0.2895,149,1,57,0,-56
290.0,0.29,149,1,57,0,-56
290.5,0.2905,150,1,58,0,-57
291.0,0.291,150,1,58,0,-57
291.5,0.2915,150,1,58,0,-57
292.0,0.292,150,1,58,0,-57
292.5,0.2925,154,1,60,0,-59
293.0,0.293,155,1,60,0,-59
293.5,0.2935,152,1,58,0,-57
294.0,0.294,152,1,58,0,-57
294.5,0.2945,151,1,58,0,-57
295.0,0.295,151,1,58,0,-57
295.5,0.2955,151,1,58,0,-57
296.0,0.296,151,1,58,0,-57
296.5,0.2965,151,1,58,0,-57
297.0,0.297,154,1,60,0,-59
297.5,0.2975,154,1,60,0,-59
298.0,0.298,153,1,60,0,-59
298.5,0.2985,154,1,60,0,-59
299.0,0.299,154,1,60,0,-59
299.5,0.2995,154,1,60,0,-59
300.0,0.3,154,1,60,0,-59
300.5,0.3005,155,1,61,0,-60
301.0,0.301,152,1,59,0,-58
301.5,0.3015,153,1,59,0,-58
302.0,0.302,154,1,60,0,-59
302.5,0.3025,156,1,62,0,-61
303.0,0.303,156,1,62,0,-61
303.5,0.3035,160,1,64,0,-63
304.0,0.304,156,1,61,0,-60
304.5,0.3045,156,1,61,0,-60
305.0,0.305,157,1,62,0,-61
305.5,0.3055,158,1,62,0,-61
306.0,0.306,158,1,62,0,-61
306.5,0.3065,158,1,62,0,-61
307.0,0.307,158,1,62,0,-61
307.5,0.3075,157,1,62,0,-61
308.0,0.308,161,1,65,0,-64
308.5,0.3085,162,1,66,0,-65
309.0,0.309,162,1,66,0,-65
309.5,0.3095,162,1,66,0,-65
310.0,0.31,162,1,66,0,-65
310.5,0.3105,161,1,65,0,-64
311.0,0.311,160,1,65,0,-64
311.5,0.3115,161,1,66,0,-65
312.0,0.312,161,1,66,0,-65
312.5,0.3125,161,1,66,0,-65
313.0,0.313,161,1,66,0,-65
313.5,0.3135,161,1,66,0,-65
314.0,0.314,160,1,65,0,-64
314.5,0.3145,161,1,66,0,-65
315.0,0.315,158,1,64,0,-63
315.5,0.3155,158,1,64,0,-63
316.0,0.316,158,1,64,0,-63
316.5,0.3165,158,1,64,0,-63
317.0,0.317,158,1,64,0,-63
317.5,0.3175,158,1,63,0,-62
318.0,0.318,160,1,64,0,-63
318.5,0.3185,162,1,66,0,-65
319.0,0.319,162,1,66,0,-65
319.5,0.3195,162,1,66,0,-65
320.0,0.32,162,1,66,0,-65
320.5,0.3205,163,1,67,0,-66
321.0,0.321,163,1,67,0,-66
321.5,0.3215,163,1,67,0,-66
322.0,0.322,162,1,66,0,-65
322.5,0.3225,162,1,66,0,-65
323.0,0.323,161,1,65,0,-64
323.5,0.3235,156,1,62,0,-61
324.0,0.324,155,1,61,0,-60
324.5,0.3245,157,1,64,0,-63
325.0,0.325,157,1,64,0,-63
325.5,0.3255,155,1,62,0,-61
326.0,0.326,152,1,60,0,-59
326.5,0.3265,150,1,58,0,-57
327.0,0.327,150,1,58,0,-57
327.5,0.3275,150,1,58,0,-57
328.0,0.328,151,1,59,0,-58
328.5,0.3285,152,1,60,0,-59
329.0,0.329,152,1,60,0,-59
329.5,0.3295,155,1,62,0,-61
330.0,0.33,156,1,62,0,-61
330.5,0.3305,156,1,62,0,-61
331.0,0.331,155,1,62,0,-61
331.5,0.3315,157,1,63,0,-62
332.0,0.332,155,1,63,0,-62
332.5,0.3325,155,1,63,0,-62
333.0,0.333,155,1,63,0,-62
333.5,0.3335,156,1,63,0,-62
334.0,0.334,155,1,63,0,-62
334.5,0.3345,150,1,59,0,-58
335.0,0.335,150,1,59,0,-58
335.5,0.3355,150,1,59,0,-58
336.0,0.336,150,1,59,0,-58
336.5,0.3365,147,1,57,0,-56
337.0,0.337,151,1,60,0,-59
337.5,0.3375,151,1,60,0,-59
338.0,0.338,148,1,58,0,-57
338.5,0.3385,148,1,58,0,-57
339.0,0.339,148,1,58,0,-57
339.5,0.3395,151,1,60,0,-59
340.0,0.34,150,1,60,0,-59
340.5,0.3405,153,1,62,0,-61
341.0,0.341,152,1,61,0,-60
341.5,0.3415,152,1,61,0,-60
342.0,0.342,152,1,61,0,-60
342.5,0.3425,152,1,61,0,-60
343.0,0.343,152,1,61,0,-60
343.5,0.3435,152,1,61,0,-60
344.0,0.344,151,1,60,0,-59
344.5,0.3445,151,1,60,0,-59
345.0,0.345,150,1,59,0,-58
345.5,0.3455,146,1,56,0,-55
346.0,0.346,146,1,56,0,-55
346.5,0.3465,145,1,55,0,-54
347.0,0.347,146,1,56,0,-55
347.5,0.3475,145,1,55,0,-54
348.0,0.348,145,1,55,0,-54
348.5,0.3485,145,1,55,0,-54
349.0,0.349,145,1,56,0,-55
349.5,0.3495,146,1,57,0,-56
350.0,0.35,146,1,57,0,-56
350.5,0.3505,147,1,58,0,-57
351.0,0.351,147,1,58,0,-57
351.5,0.3515,147,1,58,0,-57
352.0,0.352,147,1,58,0,-57
352.5,0.3525,146,1,57,0,-56
353.0,0.353,147,1,58,0,-57
353.5,0.3535,147,1,58,0,-57
354.0,0.354,147,1,58,0,-57
354.5,0.3545,150,1,59,0,-58
355.0,0.355,151,1,60,0,-59
355.5,0.3555,151,1,60,0,-59
356.0,0.356,151,1,60,0,-59
356.5,0.3565,151,1,60,0,-59
357.0,0.357,152,1,61,0,-60
357.5,0.3575,153,1,61,0,-60
358.0,0.358,153,1,61,0,-60
358.5,0.3585,154,1,62,0,-61
359.0,0.359,154,1,62,0,-61
359.5,0.3595,154,1,61,0,-60
360.0,0.36,154,1,61,0,-60
360.5,0.3605,155,1,62,0,-61
361.0,0.361,155,1,62,0,-61
361.5,0.3615,152,1,60,0,-59
362.0,0.362,152,1,60,0,-59
362.5,0.3625,153,1,60,0,-59
363.0,0.363,155,1,62,0,-61
363.5,0.3635,156,1,63,0,-62
364.0,0.364,155,1,63,0,-62
364.5,0.3645,155,1,63,0,-62
365.0,0.365,156,1,63,0,-62
365.5,0.3655,155,1,62,0,-61
366.0,0.366,156,1,63,0,-62
366.5,0.3665,155,1,62,0,-61
367.0,0.367,153,1,60,0,-59
367.5,0.3675,157,1,61,0,-60
368.0,0.368,156,1,61,0,-60
368.5,0.3685,156,1,61,0,-60
369.0,0.369,156,1,61,0,-60
369.5,0.3695,157,1,62,0,-61
370.0,0.37,157,1,62,0,-61
370.5,0.3705,157,1,62,0,-61
371.0,0.371,157,1,62,0,-61
371.5,0.3715,156,1,62,0,-61
372.0,0.372,156,1,62,0,-61
372.5,0.3725,156,1,62,0,-61
373.0,0.373,155,1,61,0,-60
373.5,0.3735,155,1,61,0,-60
374.0,0.374,155,1,61,0,-60
374.5,0.3745,155,1,61,0,-60
375.0,0.375,155,1,61,0,-60
375.5,0.3755,154,1,61,0,-60
376.0,0.376,154,1,61,0,-60
376.5,0.3765,154,1,61,0,-60
377.0,0.377,154,1,61,0,-60
377.5,0.3775,154,1,61,0,-60
378.0,0.378,154,1,61,0,-60
378.5,0.3785,154,1,61,0,-60
379.0,0.379,153,1,60,0,-59
379.5,0.3795,153,1,60,0,-59
380.0,0.38,153,1,60,0,-59
380.5,0.3805,153,1,60,0,-59
381.0,0.381,153,1,60,0,-59
381.5,0.3815,154,1,61,0,-60
382.0,0.382,154,1,61,0,-60
382.5,0.3825,155,1,61,0,-60
383.0,0.383,154,1,60,0,-59
383.5,0.3835,154,1,60,0,-59
384.0,0.384,154,1,60,0,-59
384.5,0.3845,154,1,60,0,-59
385.0,0.385,155,1,61,0,-60
385.5,0.3855,155,1,61,0,-60
386.0,0.386,154,1,60,0,-59
386.5,0.3865,155,1,61,0,-60
387.0,0.387,156,1,62,0,-61
387.5,0.3875,156,1,62,0,-61
388.0,0.388,156,1,62,0,-61
388.5,0.3885,155,1,61,0,-60
389.0,0.389,155,1,61,0,-60
389.5,0.3895,155,1,61,0,-60
390.0,0.39,156,1,62,0,-61
390.5,0.3905,156,1,62,0,-61
391.0,0.391,156,1,62,0,-61
391.5,0.3915,155,1,61,0,-60
392.0,0.392,155,1,61,0,-60
392.5,0.3925,155,1,61,0,-60
393.0,0.393,155,1,61,0,-60
393.5,0.3935,155,1,61,0,-60
394.0,0.394,156,1,62,0,-61
394.5,0.3945,156,1,62,0,-61
395.0,0.395,156,1,62,0,-61
395.5,0.3955,156,1,62,0,-61
396.0,0.396,155,1,62,0,-61
396.5,0.3965,155,1,62,0,-61
397.0,0.397,156,1,63,0,-62
397.5,0.3975,156,1,63,0,-62
398.0,0.398,156,1,63,0,-62
398.5,0.3985,156,1,63,0,-62
399.0,0.399,156,1,63,0,-62
399.5,0.3995,156,1,63,0,-62
400.0,0.4,156,1,63,0,-62
400.5,0.4005,157,1,63,0,-62
401.0,0.401,157,1,63,0,-62
401.5,0.4015,157,1,63,0,-62
402.0,0.402,157,1,63,0,-62
402.5,0.4025,156,1,62,0,-61
403.0,0.403,156,1,62,0,-61
403.5,0.4035,156,1,62,0,-61
404.0,0.404,155,1,61,0,-60
404.5,0.4045,155,1,61,0,-60
405.0,0.405,155,1,61,0,-60
405.5,0.4055,156,1,62,0,-61
406.0,0.406,156,1,62,0,-61
406.5,0.4065,157,1,63,0,-62
407.0,0.407,158,1,63,0,-62
407.5,0.4075,158,1,63,0,-62
408.0,0.408,158,1,63,0,-62
408.5,0.4085,158,1,63,0,-62
409.0,0.409,158,1,63,0,-62
409.5,0.4095,158,1,63,0,-62
410.0,0.41,158,1,63,0,-62
410.5,0.4105,157,1,62,0,-61
411.0,0.411,157,1,62,0,-61
411.5,0.4115,156,1,61,0,-60
412.0,0.412,157,1,61,0,-60
412.5,0.4125,158,1,62,0,-61
413.0,0.413,158,1,62,0,-61
413.5,0.4135,158,1,62,0,-61
414.0,0.414,158,1,62,0,-61
414.5,0.4145,158,1,62,0,-61
415.0,0.415,158,1,62,0,-61
415.5,0.4155,158,1,62,0,-61
416.0,0.416,157,1,62,0,-61
416.5,0.4165,158,1,63,0,-62
417.0,0.417,158,1,63,0,-62
417.5,0.4175,159,1,64,0,-63
418.0,0.418,160,1,65,0,-64
418.5,0.4185,160,1,65,0,-64
419.0,0.419,159,1,64,0,-63
419.5,0.4195,159,1,64,0,-63
420.0,0.42,159,1,64,0,-63
420.5,0.4205,159,1,64,0,-63
421.0,0.421,160,1,65,0,-64
421.5,0.4215,160,1,65,0,-64
422.0,0.422,161,1,66,0,-65
422.5,0.4225,161,1,66,0,-65
423.0,0.423,160,1,66,0,-65
423.5,0.4235,159,1,65,0,-64
424.0,0.424,158,1,64,0,-63
424.5,0.4245,158,1,64,0,-63
425.0,0.425,157,1,63,0,-62
425.5,0.4255,157,1,63,0,-62
426.0,0.426,157,1,63,0,-62
426.5,0.4265,157,1,63,0,-62
427.0,0.427,157,1,63,0,-62
427.5,0.4275,157,1,63,0,-62
428.0,0.428,157,1,63,0,-62
428.5,0.4285,157,1,63,0,-62
429.0,0.429,157,1,63,0,-62
429.5,0.4295,158,1,64,0,-63
430.0,0.43,159,1,65,0,-64
430.5,0.4305,159,1,65,0,-64
431.0,0.431,157,1,63,0,-62
431.5,0.4315,157,1,63,0,-62
432.0,0.432,157,1,63,0,-62
432.5,0.4325,157,1,63,0,-62
433.0,0.433,156,1,62,0,-61
433.5,0.4335,156,1,62,0,-61
434.0,0.434,155,1,62,0,-61
434.5,0.4345,154,1,62,0,-61
435.0,0.435,154,1,62,0,-61
435.5,0.4355,155,1,63,0,-62
436.0,0.436,155,1,63,0,-62
436.5,0.4365,155,1,63,0,-62
437.0,0.437,155,1,63,0,-62
437.5,0.4375,155,1,63,0,-62
438.0,0.438,155,1,63,0,-62
438.5,0.4385,155,1,63,0,-62
439.0,0.439,155,1,63,0,-62
439.5,0.4395,155,1,63,0,-62
440.0,0.44,155,1,63,0,-62
440.5,0.4405,156,1,63,0,-62
441.0,0.441,156,1,63,0,-62
441.5,0.4415,155,1,62,0,-61
442.0,0.442,156,1,63,0,-62
442.5,0.4425,155,1,62,0,-61
443.0,0.443,155,1,62,0,-61
443.5,0.4435,154,1,61,0,-60
444.0,0.444,155,1,61,0,-60
444.5,0.4445,154,1,61,0,-60
445.0,0.445,153,1,61,0,-60
445.5,0.4455,153,1,61,0,-60
446.0,0.446,153,1,61,0,-60
446.5,0.4465,153,1,61,0,-60
447.0,0.447,154,1,62,0,-61
447.5,0.4475,154,1,62,0,-61
448.0,0.448,154,1,62,0,-61
448.5,0.4485,154,1,62,0,-61
449.0,0.449,154,1,62,0,-61
449.5,0.4495,153,1,61,0,-60
450.0,0.45,152,1,60,0,-59
450.5,0.4505,152,1,60,0,-59
451.0,0.451,155,1,62,0,-61
451.5,0.4515,155,1,62,0,-61
452.0,0.452,156,1,63,0,-62
452.5,0.4525,157,1,64,0,-63
453.0,0.453,157,1,64,0,-63
453.5,0.4535,157,1,64,0,-63
454.0,0.454,158,1,65,0,-64
454.5,0.4545,158,1,65,0,-64
455.0,0.455,159,1,66,0,-65
455.5,0.4555,156,1,64,0,-63
456.0,0.456,156,1,64,0,-63
456.5,0.4565,155,1,63,0,-62
457.0,0.457,155,1,63,0,-62
457.5,0.4575,156,1,64,0,-63
458.0,0.458,157,1,65,0,-64
458.5,0.4585,157,1,65,0,-64
459.0,0.459,157,1,65,0,-64
459.5,0.4595,158,1,66,0,-65
460.0,0.46,158,1,66,0,-65
460.5,0.4605,158,1,66,0,-65
461.0,0.461,158,1,66,0,-65
461.5,0.4615,158,1,66,0,-65
462.0,0.462,158,1,66,0,-65
462.5,0.4625,158,1,66,0,-65
463.0,0.463,159,1,67,0,-66
463.5,0.4635,160,1,67,0,-66
464.0,0.464,160,1,67,0,-66
464.5,0.4645,160,1,67,0,-66
465.0,0.465,158,1,65,0,-64
465.5,0.4655,158,1,65,0,-64
466.0,0.466,158,1,65,0,-64
466.5,0.4665,157,1,64,0,-63
467.0,0.467,158,1,65,0,-64
467.5,0.4675,159,1,66,0,-65
468.0,0.468,159,1,66,0,-65
468.5,0.4685,161,1,66,0,-65
469.0,0.469,161,1,66,0,-65
469.5,0.4695,161,1,66,0,-65
470.0,0.47,163,1,68,0,-67
470.5,0.4705,164,1,68,0,-67
471.0,0.471,164,1,68,0,-67
471.5,0.4715,163,1,68,0,-67
472.0,0.472,163,1,68,0,-67
472.5,0.4725,163,1,68,0,-67
473.0,0.473,163,1,68,0,-67
473.5,0.4735,163,1,68,0,-67
474.0,0.474,163,1,68,0,-67
474.5,0.4745,162,1,67,0,-66
475.0,0.475,161,1,67,0,-66
475.5,0.4755,161,1,67,0,-66
476.0,0.476,162,1,68,0,-67
476.5,0.4765,164,1,69,0,-68
477.0,0.477,164,1,69,0,-68
477.5,0.4775,164,1,69,0,-68
478.0,0.478,165,1,70,0,-69
478.5,0.4785,165,1,70,0,-69
479.0,0.479,165,1,70,0,-69
479.5,0.4795,165,1,70,0,-69
480.0,0.48,165,1,70,0,-69
480.5,0.4805,165,1,70,0,-69
481.0,0.481,162,1,68,0,-67
481.5,0.4815,163,1,69,0,-68
482.0,0.482,163,1,69,0,-68
482.5,0.4825,163,1,69,0,-68
483.0,0.483,162,1,68,0,-67
483.5,0.4835,162,1,68,0,-67
484.0,0.484,162,1,68,0,-67
484.5,0.4845,162,1,68,0,-67
485.0,0.485,162,1,68,0,-67
485.5,0.4855,162,1,68,0,-67
486.0,0.486,162,1,68,0,-67
486.5,0.4865,162,1,68,0,-67
487.0,0.487,159,1,66,0,-65
487.5,0.4875,159,1,66,0,-65
488.0,0.488,159,1,66,0,-65
488.5,0.4885,159,1,66,0,-65
489.0,0.489,155,1,63,0,-62
489.5,0.4895,155,1,63,0,-62
490.0,0.49,155,1,63,0,-62
490.5,0.4905,155,1,63,0,-62
491.0,0.491,155,1,63,0,-62
491.5,0.4915,155,1,63,0,-62
492.0,0.492,154,1,62,0,-61
492.5,0.4925,153,1,61,0,-60
493.0,0.493,153,1,61,0,-60
493.5,0.4935,154,1,62,0,-61
494.0,0.494,154,1,62,0,-61
494.5,0.4945,154,1,62,0,-61
495.0,0.495,154,1,62,0,-61
495.5,0.4955,154,1,62,0,-61
496.0,0.496,155,1,63,0,-62
496.5,0.4965,154,1,62,0,-61
497.0,0.497,154,1,62,0,-61
497.5,0.4975,154,1,62,0,-61
498.0,0.498,154,1,62,0,-61
498.5,0.4985,153,1,62,0,-61
499.0,0.499,154,1,63,0,-62
499.5,0.4995,154,1,63,0,-62
500.0,0.5,152,1,61,0,-60
500.5,0.5005,155,1,63,0,-62
501.0,0.501,155,1,63,0,-62
501.5,0.5015,159,1,65,0,-64
502.0,0.502,159,1,65,0,-64
502.5,0.5025,157,1,63,0,-62
503.0,0.503,157,1,63,0,-62
503.5,0.5035,157,1,63,0,-62
504.0,0.504,157,1,63,0,-62
504.5,0.5045,157,1,63,0,-62
505.0,0.505,154,1,61,0,-60
505.5,0.5055,156,1,62,0,-61
506.0,0.506,157,1,62,0,-61
506.5,0.5065,157,1,62,0,-61
507.0,0.507,157,1,62,0,-61
507.5,0.5075,157,1,62,0,-61
508.0,0.508,157,1,62,0,-61
508.5,0.5085,156,1,61,0,-60
509.0,0.509,156,1,61,0,-60
509.5,0.5095,156,1,61,0,-60
510.0,0.51,156,1,61,0,-60
510.5,0.5105,156,1,61,0,-60
511.0,0.511,155,1,60,0,-59
511.5,0.5115,155,1,60,0,-59
512.0,0.512,155,1,60,0,-59
512.5,0.5125,155,1,60,0,-59
513.0,0.513,154,1,60,0,-59
513.5,0.5135,154,1,60,0,-59
514.0,0.514,155,1,61,0,-60
514.5,0.5145,155,1,61,0,-60
515.0,0.515,154,1,60,0,-59
515.5,0.5155,154,1,60,0,-59
516.0,0.516,155,1,61,0,-60
516.5,0.5165,155,1,61,0,-60
517.0,0.517,155,1,61,0,-60
517.5,0.5175,156,1,62,0,-61
518.0,0.518,155,1,62,0,-61
518.5,0.5185,155,1,62,0,-61
519.0,0.519,155,1,62,0,-61
519.5,0.5195,154,1,61,0,-60
520.0,0.52,154,1,61,0,-60
520.5,0.5205,154,1,61,0,-60
521.0,0.521,154,1,61,0,-60
521.5,0.5215,155,1,62,0,-61
522.0,0.522,154,1,61,0,-60
522.5,0.5225,154,1,61,0,-60
523.0,0.523,158,1,64,0,-63
523.5,0.5235,158,1,64,0,-63
524.0,0.524,159,1,65,0,-64
524.5,0.5245,158,1,64,0,-63
525.0,0.525,158,1,64,0,-63
525.5,0.5255,158,1,64,0,-63
526.0,0.526,159,1,65,0,-64
526.5,0.5265,158,1,65,0,-64
527.0,0.527,157,1,64,0,-63
527.5,0.5275,155,1,63,0,-62
528.0,0.528,155,1,63,0,-62
528.5,0.5285,155,1,63,0,-62
529.0,0.529,155,1,63,0,-62
529.5,0.5295,154,1,62,0,-61
530.0,0.53,155,1,63,0,-62
530.5,0.5305,155,1,63,0,-62
531.0,0.531,155,1,63,0,-62
531.5,0.5315,156,1,64,0,-63
532.0,0.532,156,1,64,0,-63
532.5,0.5325,158,1,66,0,-65
533.0,0.533,157,1,65,0,-64
533.5,0.5335,156,1,64,0,-63
534.0,0.534,156,1,64,0,-63
534.5,0.5345,157,1,65,0,-64
535.0,0.535,157,1,65,0,-64
535.5,0.5355,157,1,65,0,-64
536.0,0.536,157,1,65,0,-64
536.5,0.5365,157,1,65,0,-64
537.0,0.537,158,1,66,0,-65
537.5,0.5375,158,1,66,0,-65
538.0,0.538,159,1,67,0,-66
538.5,0.5385,158,1,66,0,-65
539.0,0.539,157,1,64,0,-63
539.5,0.5395,157,1,64,0,-63
540.0,0.54,156,1,63,0,-62
540.5,0.5405,156,1,63,0,-62
541.0,0.541,155,1,62,0,-61
541.5,0.5415,156,1,63,0,-62
542.0,0.542,156,1,63,0,-62
542.5,0.5425,156,1,63,0,-62
543.0,0.543,159,1,65,0,-64
543.5,0.5435,159,1,65,0,-64
544.0,0.544,159,1,65,0,-64
544.5,0.5445,159,1,65,0,-64
545.0,0.545,158,1,64,0,-63
545.5,0.5455,159,1,65,0,-64
546.0,0.546,159,1,65,0,-64
546.5,0.5465,160,1,66,0,-65
547.0,0.547,160,1,66,0,-65
547.5,0.5475,157,1,64,0,-63
548.0,0.548,158,1,65,0,-64
548.5,0.5485,158,1,65,0,-64
549.0,0.549,157,1,64,0,-63
549.5,0.5495,156,1,63,0,-62
550.0,0.55,156,1,63,0,-62
550.5,0.5505,156,1,63,0,-62
551.0,0.551,156,1,63,0,-62
551.5,0.5515,155,1,62,0,-61
552.0,0.552,155,1,62,0,-61
552.5,0.5525,155,1,62,0,-61
553.0,0.553,156,1,63,0,-62
553.5,0.5535,157,1,64,0,-63
554.0,0.554,157,1,64,0,-63
554.5,0.5545,157,1,64,0,-63
555.0,0.555,157,1,64,0,-63
555.5,0.5555,158,1,65,0,-64
556.0,0.556,158,1,65,0,-64
556.5,0.5565,159,1,66,0,-65
557.0,0.557,160,1,67,0,-66
557.5,0.5575,159,1,66,0,-65
558.0,0.558,160,1,66,0,-65
558.5,0.5585,160,1,66,0,-65
559.0,0.559,160,1,66,0,-65
559.5,0.5595,160,1,66,0,-65
560.0,0.56,162,1,68,0,-67
560.5,0.5605,162,1,68,0,-67
561.0,0.561,162,1,68,0,-67
561.5,0.5615,161,1,67,0,-66
562.0,0.562,163,1,68,0,-67
562.5,0.5625,163,1,68,0,-67
563.0,0.563,162,1,68,0,-67
563.5,0.5635,161,1,67,0,-66
564.0,0.564,158,1,65,0,-64
564.5,0.5645,158,1,65,0,-64
565.0,0.565,157,1,64,0,-63
565.5,0.5655,156,1,64,0,-63
566.0,0.566,156,1,64,0,-63
566.5,0.5665,155,1,63,0,-62
567.0,0.567,154,1,62,0,-61
567.5,0.5675,154,1,62,0,-61
568.0,0.568,154,1,62,0,-61
568.5,0.5685,154,1,62,0,-61
569.0,0.569,155,1,63,0,-62
569.5,0.5695,155,1,63,0,-62
570.0,0.57,155,1,63,0,-62
570.5,0.5705,155,1,63,0,-62
571.0,0.571,155,1,63,0,-62
571.5,0.5715,154,1,62,0,-61
572.0,0.572,154,1,62,0,-61
572.5,0.5725,152,1,60,0,-59
573.0,0.573,153,1,61,0,-60
573.5,0.5735,153,1,61,0,-60
574.0,0.574,154,1,61,0,-60
574.5,0.5745,154,1,61,0,-60
575.0,0.575,153,1,61,0,-60
575.5,0.5755,156,1,63,0,-62
576.0,0.576,156,1,63,0,-62
576.5,0.5765,157,1,64,0,-63
577.0,0.577,160,1,66,0,-65
577.5,0.5775,160,1,66,0,-65
578.0,0.578,160,1,66,0,-65
578.5,0.5785,160,1,66,0,-65
579.0,0.579,159,1,66,0,-65
579.5,0.5795,158,1,65,0,-64
580.0,0.58,158,1,65,0,-64
580.5,0.5805,158,1,65,0,-64
581.0,0.581,158,1,65,0,-64
581.5,0.5815,154,1,62,0,-61
582.0,0.582,154,1,62,0,-61
582.5,0.5825,154,1,62,0,-61
583.0,0.583,155,1,63,0,-62
583.5,0.5835,155,1,63,0,-62
584.0,0.584,154,1,62,0,-61
584.5,0.5845,154,1,62,0,-61
585.0,0.585,153,1,62,0,-61
585.5,0.5855,153,1,62,0,-61
586.0,0.586,152,1,61,0,-60
586.5,0.5865,153,1,62,0,-61
587.0,0.587,155,1,63,0,-62
587.5,0.5875,155,1,63,0,-62
588.0,0.588,155,1,63,0,-62
588.5,0.5885,154,1,62,0,-61
589.0,0.589,153,1,61,0,-60
589.5,0.5895,155,1,63,0,-62
590.0,0.59,156,1,63,0,-62
590.5,0.5905,156,1,63,0,-62
591.0,0.591,156,1,63,0,-62
591.5,0.5915,156,1,63,0,-62
592.0,0.592,156,1,63,0,-62
592.5,0.5925,156,1,63,0,-62
593.0,0.593,156,1,63,0,-62
593.5,0.5935,156,1,63,0,-62
594.0,0.594,158,1,64,0,-63
594.5,0.5945,158,1,64,0,-63
595.0,0.595,158,1,64,0,-63
595.5,0.5955,158,1,64,0,-63
596.0,0.596,158,1,64,0,-63
596.5,0.5965,159,1,65,0,-64
597.0,0.597,160,1,66,0,-65
597.5,0.5975,159,1,65,0,-64
598.0,0.598,159,1,65,0,-64
598.5,0.5985,156,1,63,0,-62
599.0,0.599,156,1,63,0,-62
599.5,0.5995,156,1,63,0,-62
600.0,0.6,155,1,62,0,-61
600.5,0.6005,156,1,63,0,-62
601.0,0.601,156,1,63,0,-62
601.5,0.6015,160,1,65,0,-64
602.0,0.602,155,1,62,0,-61
602.5,0.6025,156,1,63,0,-62
603.0,0.603,156,1,63,0,-62
603.5,0.6035,156,1,63,0,-62
604.0,0.604,156,1,63,0,-62
604.5,0.6045,156,1,63,0,-62
605.0,0.605,156,1,63,0,-62
605.5,0.6055,156,1,63,0,-62
606.0,0.606,156,1,63,0,-62
606.5,0.6065,157,1,63,0,-62
607.0,0.607,157,1,63,0,-62
607.5,0.6075,157,1,63,0,-62
608.0,0.608,157,1,63,0,-62
608.5,0.6085,155,1,61,0,-60
609.0,0.609,154,1,61,0,-60
609.5,0.6095,156,1,62,0,-61
610.0,0.61,155,1,61,0,-60
610.5,0.6105,156,1,61,0,-60
611.0,0.611,156,1,61,0,-60
611.5,0.6115,156,1,61,0,-60
612.0,0.612,157,1,62,0,-61
612.5,0.6125,157,1,62,0,-61
613.0,0.613,157,1,62,0,-61
613.5,0.6135,157,1,62,0,-61
614.0,0.614,154,1,60,0,-59
614.5,0.6145,154,1,60,0,-59
615.0,0.615,154,1,60,0,-59
615.5,0.6155,154,1,60,0,-59
616.0,0.616,154,1,60,0,-59
616.5,0.6165,155,1,61,0,-60
617.0,0.617,156,1,62,0,-61
617.5,0.6175,156,1,62,0,-61
618.0,0.618,156,1,62,0,-61
618.5,0.6185,157,1,63,0,-62
619.0,0.619,157,1,63,0,-62
619.5,0.6195,157,1,63,0,-62
620.0,0.62,157,1,63,0,-62
620.5,0.6205,157,1,63,0,-62
621.0,0.621,157,1,63,0,-62
621.5,0.6215,156,1,62,0,-61
622.0,0.622,156,1,62,0,-61
622.5,0.6225,156,1,62,0,-61
623.0,0.623,155,1,62,0,-61
623.5,0.6235,155,1,62,0,-61
624.0,0.624,155,1,62,0,-61
624.5,0.6245,155,1,62,0,-61
625.0,0.625,158,1,64,0,-63
625.5,0.6255,157,1,63,0,-62
626.0,0.626,157,1,63,0,-62
626.5,0.6265,157,1,63,0,-62
627.0,0.627,157,1,63,0,-62
627.5,0.6275,157,1,63,0,-62
628.0,0.628,157,1,63,0,-62
628.5,0.6285,157,1,63,0,-62
629.0,0.629,156,1,63,0,-62
629.5,0.6295,153,1,61,0,-60
630.0,0.63,153,1,61,0,-60
630.5,0.6305,152,1,60,0,-59
631.0,0.631,152,1,60,0,-59
631.5,0.6315,152,1,60,0,-59
632.0,0.632,152,1,60,0,-59
632.5,0.6325,152,1,60,0,-59
633.0,0.633,152,1,60,0,-59
633.5,0.6335,152,1,60,0,-59
634.0,0.634,152,1,60,0,-59
634.5,0.6345,152,1,60,0,-59
635.0,0.635,152,1,60,0,-59
635.5,0.6355,152,1,60,0,-59
636.0,0.636,152,1,60,0,-59
636.5,0.6365,152,1,60,0,-59
637.0,0.637,151,1,59,0,-58
637.5,0.6375,151,1,59,0,-58
638.0,0.638,151,1,59,0,-58
638.5,0.6385,152,1,60,0,-59
639.0,0.639,155,1,62,0,-61
639.5,0.6395,154,1,61,0,-60
640.0,0.64,155,1,62,0,-61
640.5,0.6405,155,1,62,0,-61
641.0,0.641,155,1,62,0,-61
641.5,0.6415,155,1,62,0,-61
642.0,0.642,154,1,61,0,-60
642.5,0.6425,154,1,61,0,-60
643.0,0.643,155,1,62,0,-61
643.5,0.6435,151,1,59,0,-58
644.0,0.644,152,1,60,0,-59
644.5,0.6445,151,1,60,0,-59
645.0,0.645,151,1,60,0,-59
645.5,0.6455,150,1,59,0,-58
646.0,0.646,150,1,59,0,-58
646.5,0.6465,150,1,59,0,-58
647.0,0.647,150,1,59,0,-58
647.5,0.6475,150,1,59,0,-58
648.0,0.648,150,1,59,0,-58
648.5,0.6485,150,1,59,0,-58
649.0,0.649,150,1,59,0,-58
649.5,0.6495,150,1,59,0,-58
650.0,0.65,150,1,59,0,-58
650.5,0.6505,150,1,59,0,-58
651.0,0.651,150,1,59,0,-58
651.5,0.6515,150,1,59,0,-58
652.0,0.652,150,1,59,0,-58
652.5,0.6525,150,1,59,0,-58
653.0,0.653,150,1,59,0,-58
653.5,0.6535,150,1,59,0,-58
654.0,0.654,153,1,61,0,-60
654.5,0.6545,153,1,61,0,-60
655.0,0.655,153,1,61,0,-60
655.5,0.6555,153,1,61,0,-60
656.0,0.656,153,1,61,0,-60
656.5,0.6565,153,1,61,0,-60
657.0,0.657,154,1,62,0,-61
657.5,0.6575,154,1,62,0,-61
658.0,0.658,154,1,62,0,-61
658.5,0.6585,151,1,60,0,-59
659.0,0.659,150,1,59,0,-58
659.5,0.6595,151,1,59,0,-58
660.0,0.66,150,1,59,0,-58
660.5,0.6605,149,1,58,0,-57
661.0,0.661,148,1,57,0,-56
661.5,0.6615,150,1,58,0,-57
662.0,0.662,151,1,59,0,-58
662.5,0.6625,151,1,59,0,-58
663.0,0.663,151,1,59,0,-58
663.5,0.6635,151,1,59,0,-58
664.0,0.664,153,1,61,0,-60
664.5,0.6645,154,1,62,0,-61
665.0,0.665,154,1,62,0,-61
665.5,0.6655,154,1,62,0,-61
666.0,0.666,155,1,63,0,-62
666.5,0.6665,155,1,63,0,-62
667.0,0.667,155,1,63,0,-62
667.5,0.6675,155,1,63,0,-62
668.0,0.668,158,1,65,0,-64
668.5,0.6685,158,1,65,0,-64
669.0,0.669,158,1,65,0,-64
669.5,0.6695,158,1,65,0,-64
670.0,0.67,158,1,65,0,-64
670.5,0.6705,160,1,67,0,-66
671.0,0.671,160,1,67,0,-66
671.5,0.6715,161,1,68,0,-67
672.0,0.672,160,1,67,0,-66
672.5,0.6725,157,1,65,0,-64
673.0,0.673,157,1,65,0,-64
673.5,0.6735,157,1,65,0,-64
674.0,0.674,157,1,65,0,-64
674.5,0.6745,157,1,65,0,-64
675.0,0.675,157,1,65,0,-64
675.5,0.6755,157,1,65,0,-64
676.0,0.676,157,1,65,0,-64
676.5,0.6765,157,1,65,0,-64
677.0,0.677,157,1,65,0,-64
677.5,0.6775,156,1,65,0,-64
678.0,0.678,156,1,65,0,-64
678.5,0.6785,155,1,64,0,-63
679.0,0.679,155,1,64,0,-63
679.5,0.6795,155,1,63,0,-62
680.0,0.68,155,1,63,0,-62
680.5,0.6805,155,1,63,0,-62
681.0,0.681,155,1,63,0,-62
681.5,0.6815,155,1,63,0,-62
682.0,0.682,156,1,64,0,-63
682.5,0.6825,156,1,64,0,-63
683.0,0.683,159,1,66,0,-65
683.5,0.6835,159,1,66,0,-65
684.0,0.684,159,1,66,0,-65
684.5,0.6845,159,1,66,0,-65
685.0,0.685,158,1,65,0,-64
685.5,0.6855,157,1,64,0,-63
686.0,0.686,157,1,64,0,-63
686.5,0.6865,157,1,64,0,-63
687.0,0.687,157,1,64,0,-63
687.5,0.6875,153,1,62,0,-61
688.0,0.688,153,1,62,0,-61
688.5,0.6885,154,1,63,0,-62
689.0,0.689,154,1,63,0,-62
689.5,0.6895,154,1,63,0,-62
690.0,0.69,154,1,63,0,-62
690.5,0.6905,154,1,63,0,-62
691.0,0.691,153,1,63,0,-62
691.5,0.6915,154,1,64,0,-63
692.0,0.692,154,1,64,0,-63
692.5,0.6925,154,1,64,0,-63
693.0,0.693,155,1,64,0,-63
693.5,0.6935,156,1,64,0,-63
694.0,0.694,156,1,64,0,-63
694.5,0.6945,157,1,64,0,-63
695.0,0.695,158,1,64,0,-63
695.5,0.6955,159,1,64,0,-63
696.0,0.696,158,1,63,0,-62
696.5,0.6965,159,1,64,0,-63
697.0,0.697,162,1,66,0,-65
697.5,0.6975,162,1,66,0,-65
698.0,0.698,162,1,66,0,-65
698.5,0.6985,163,1,67,0,-66
699.0,0.699,164,1,68,0,-67
699.5,0.6995,164,1,68,0,-67
700.0,0.7,164,1,68,0,-67
700.5,0.7005,164,1,68,0,-67
701.0,0.701,164,1,68,0,-67
701.5,0.7015,162,1,67,0,-66
702.0,0.702,161,1,66,0,-65
702.5,0.7025,160,1,65,0,-64
703.0,0.703,159,1,65,0,-64
703.5,0.7035,159,1,65,0,-64
704.0,0.704,159,1,65,0,-64
704.5,0.7045,158,1,64,0,-63
705.0,0.705,158,1,64,0,-63
705.5,0.7055,157,1,64,0,-63
706.0,0.706,156,1,63,0,-62
706.5,0.7065,156,1,63,0,-62
707.0,0.707,157,1,64,0,-63
707.5,0.7075,157,1,64,0,-63
708.0,0.708,157,1,64,0,-63
708.5,0.7085,157,1,64,0,-63
709.0,0.709,157,1,64,0,-63
709.5,0.7095,157,1,64,0,-63
710.0,0.71,157,1,64,0,-63
710.5,0.7105,157,1,64,0,-63
711.0,0.711,157,1,64,0,-63
711.5,0.7115,160,1,66,0,-65
712.0,0.712,160,1,66,0,-65
712.5,0.7125,159,1,65,0,-64
713.0,0.713,159,1,65,0,-64
713.5,0.7135,159,1,65,0,-64
714.0,0.714,159,1,65,0,-64
714.5,0.7145,159,1,65,0,-64
715.0,0.715,160,1,66,0,-65
715.5,0.7155,159,1,66,0,-65
716.0,0.716,155,1,63,0,-62
716.5,0.7165,155,1,63,0,-62
717.0,0.717,155,1,63,0,-62
717.5,0.7175,155,1,63,0,-62
718.0,0.718,155,1,63,0,-62
718.5,0.7185,155,1,63,0,-62
719.0,0.719,155,1,63,0,-62
719.5,0.7195,155,1,63,0,-62
720.0,0.72,155,1,63,0,-62
720.5,0.7205,155,1,63,0,-62
721.0,0.721,155,1,63,0,-62
721.5,0.7215,155,1,63,0,-62
722.0,0.722,155,1,63,0,-62
722.5,0.7225,154,1,62,0,-61
723.0,0.723,154,1,62,0,-61
723.5,0.7235,154,1,62,0,-61
724.0,0.724,154,1,62,0,-61
724.5,0.7245,153,1,62,0,-61
725.0,0.725,152,1,61,0,-60
725.5,0.7255,156,1,64,0,-63
726.0,0.726,157,1,65,0,-64
726.5,0.7265,157,1,65,0,-64
727.0,0.727,157,1,65,0,-64
727.5,0.7275,159,1,67,0,-66
728.0,0.728,157,1,65,0,-64
728.5,0.7285,157,1,65,0,-64
729.0,0.729,157,1,65,0,-64
729.5,0.7295,158,1,66,0,-65
730.0,0.73,158,1,66,0,-65
730.5,0.7305,155,1,64,0,-63
731.0,0.731,154,1,63,0,-62
731.5,0.7315,154,1,63,0,-62
732.0,0.732,153,1,62,0,-61
732.5,0.7325,153,1,62,0,-61
733.0,0.733,154,1,63,0,-62
733.5,0.7335,153,1,62,0,-61
734.0,0.734,154,1,63,0,-62
734.5,0.7345,155,1,63,0,-62
735.0,0.735,155,1,63,0,-62
735.5,0.7355,156,1,64,0,-63
736.0,0.736,157,1,64,0,-63
736.5,0.7365,157,1,64,0,-63
737.0,0.737,156,1,63,0,-62
737.5,0.7375,156,1,63,0,-62
738.0,0.738,156,1,63,0,-62
738.5,0.7385,156,1,63,0,-62
739.0,0.739,156,1,63,0,-62
739.5,0.7395,158,1,66,0,-65
740.0,0.74,158,1,66,0,-65
740.5,0.7405,157,1,65,0,-64
741.0,0.741,157,1,65,0,-64
741.5,0.7415,157,1,65,0,-64
742.0,0.742,157,1,64,0,-63
742.5,0.7425,158,1,65,0,-64
743.0,0.743,158,1,65,0,-64
743.5,0.7435,158,1,65,0,-64
744.0,0.744,158,1,65,0,-64
744.5,0.7445,156,1,64,0,-63
745.0,0.745,156,1,64,0,-63
745.5,0.7455,157,1,65,0,-64
746.0,0.746,156,1,64,0,-63
746.5,0.7465,156,1,64,0,-63
747.0,0.747,155,1,63,0,-62
747.5,0.7475,155,1,63,0,-62
748.0,0.748,154,1,63,0,-62
748.5,0.7485,153,1,62,0,-61
749.0,0.749,153,1,62,0,-61
749.5,0.7495,153,1,62,0,-61
750.0,0.75,153,1,62,0,-61
750.5,0.7505,152,1,61,0,-60
751.0,0.751,152,1,61,0,-60
751.5,0.7515,151,1,60,0,-59
752.0,0.752,151,1,60,0,-59
752.5,0.7525,151,1,60,0,-59
753.0,0.753,151,1,60,0,-59
753.5,0.7535,154,1,62,0,-61
754.0,0.754,154,1,62,0,-61
754.5,0.7545,154,1,62,0,-61
755.0,0.755,154,1,62,0,-61
755.5,0.7555,154,1,62,0,-61
756.0,0.756,154,1,62,0,-61
756.5,0.7565,154,1,62,0,-61
757.0,0.757,154,1,62,0,-61
757.5,0.7575,154,1,62,0,-61
758.0,0.758,152,1,60,0,-59
758.5,0.7585,152,1,60,0,-59
759.0,0.759,152,1,60,0,-59
759.5,0.7595,152,1,60,0,-59
760.0,0.76,152,1,60,0,-59
760.5,0.7605,154,1,61,0,-60
761.0,0.761,154,1,61,0,-60
761.5,0.7615,154,1,61,0,-60
762.0,0.762,154,1,61,0,-60
762.5,0.7625,155,1,62,0,-61
763.0,0.763,155,1,62,0,-61
763.5,0.7635,155,1,62,0,-61
764.0,0.764,155,1,62,0,-61
764.5,0.7645,154,1,62,0,-61
765.0,0.765,154,1,62,0,-61
765.5,0.7655,154,1,62,0,-61
766.0,0.766,153,1,62,0,-61
766.5,0.7665,156,1,64,0,-63
767.0,0.767,156,1,64,0,-63
767.5,0.7675,155,1,63,0,-62
768.0,0.768,155,1,63,0,-62
768.5,0.7685,155,1,63,0,-62
769.0,0.769,155,1,63,0,-62
769.5,0.7695,155,1,63,0,-62
770.0,0.77,154,1,62,0,-61
770.5,0.7705,154,1,62,0,-61
771.0,0.771,154,1,62,0,-61
771.5,0.7715,151,1,60,0,-59
772.0,0.772,152,1,61,0,-60
772.5,0.7725,152,1,61,0,-60
773.0,0.773,152,1,61,0,-60
773.5,0.7735,152,1,61,0,-60
774.0,0.774,152,1,60,0,-59
774.5,0.7745,151,1,59,0,-58
775.0,0.775,151,1,59,0,-58
775.5,0.7755,150,1,58,0,-57
776.0,0.776,151,1,59,0,-58
776.5,0.7765,151,1,59,0,-58
777.0,0.777,152,1,60,0,-59
777.5,0.7775,152,1,60,0,-59
778.0,0.778,152,1,60,0,-59
778.5,0.7785,152,1,60,0,-59
779.0,0.779,152,1,60,0,-59
779.5,0.7795,155,1,61,0,-60
780.0,0.78,154,1,60,0,-59
780.5,0.7805,155,1,61,0,-60
781.0,0.781,155,1,61,0,-60
781.5,0.7815,155,1,61,0,-60
782.0,0.782,155,1,61,0,-60
782.5,0.7825,155,1,61,0,-60
783.0,0.783,155,1,61,0,-60
783.5,0.7835,155,1,61,0,-60
784.0,0.784,151,1,58,0,-57
784.5,0.7845,151,1,58,0,-57
785.0,0.785,151,1,58,0,-57
785.5,0.7855,152,1,59,0,-58
786.0,0.786,151,1,59,0,-58
786.5,0.7865,152,1,60,0,-59
787.0,0.787,152,1,60,0,-59
787.5,0.7875,152,1,60,0,-59
788.0,0.788,152,1,60,0,-59
788.5,0.7885,152,1,60,0,-59
789.0,0.789,152,1,60,0,-59
789.5,0.7895,152,1,60,0,-59
790.0,0.79,153,1,61,0,-60
790.5,0.7905,153,1,61,0,-60
791.0,0.791,153,1,61,0,-60
791.5,0.7915,153,1,61,0,-60
792.0,0.792,153,1,61,0,-60
792.5,0.7925,156,1,63,0,-62
793.0,0.793,156,1,63,0,-62
793.5,0.7935,156,1,63,0,-62
794.0,0.794,156,1,63,0,-62
794.5,0.7945,156,1,63,0,-62
795.0,0.795,157,1,64,0,-63
795.5,0.7955,159,1,66,0,-65
796.0,0.796,158,1,65,0,-64
796.5,0.7965,158,1,65,0,-64
797.0,0.797,158,1,65,0,-64
797.5,0.7975,156,1,64,0,-63
798.0,0.798,158,1,65,0,-64
798.5,0.7985,157,1,64,0,-63
799.0,0.799,157,1,64,0,-63
799.5,0.7995,157,1,64,0,-63
800.0,0.8,157,1,64,0,-63
800.5,0.8005,157,1,64,0,-63
801.0,0.801,156,1,63,0,-62
801.5,0.8015,156,1,63,0,-62
802.0,0.802,155,1,62,0,-61
802.5,0.8025,155,1,62,0,-61
803.0,0.803,155,1,62,0,-61
803.5,0.8035,156,1,63,0,-62
804.0,0.804,156,1,63,0,-62
804.5,0.8045,155,1,62,0,-61
805.0,0.805,154,1,61,0,-60
805.5,0.8055,157,1,63,0,-62
806.0,0.806,157,1,63,0,-62
806.5,0.8065,157,1,63,0,-62
807.0,0.807,158,1,64,0,-63
807.5,0.8075,159,1,65,0,-64
808.0,0.808,160,1,66,0,-65
808.5,0.8085,160,1,66,0,-65
809.0,0.809,160,1,66,0,-65
809.5,0.8095,160,1,66,0,-65
810.0,0.81,160,1,66,0,-65
810.5,0.8105,157,1,64,0,-63
811.0,0.811,158,1,64,0,-63
811.5,0.8115,158,1,64,0,-63
812.0,0.812,158,1,64,0,-63
812.5,0.8125,158,1,64,0,-63
813.0,0.813,157,1,63,0,-62
813.5,0.8135,157,1,63,0,-62
814.0,0.814,156,1,62,0,-61
814.5,0.8145,156,1,62,0,-61
815.0,0.815,157,1,63,0,-62
815.5,0.8155,157,1,63,0,-62
816.0,0.816,158,1,64,0,-63
816.5,0.8165,158,1,64,0,-63
817.0,0.817,158,1,64,0,-63
817.5,0.8175,158,1,64,0,-63
818.0,0.818,158,1,64,0,-63
818.5,0.8185,158,1,64,0,-63
819.0,0.819,162,1,67,0,-66
819.5,0.8195,162,1,67,0,-66
820.0,0.82,161,1,67,0,-66
820.5,0.8205,161,1,67,0,-66
821.0,0.821,160,1,66,0,-65
821.5,0.8215,160,1,66,0,-65
822.0,0.822,160,1,66,0,-65
822.5,0.8225,160,1,66,0,-65
823.0,0.823,160,1,66,0,-65
823.5,0.8235,158,1,65,0,-64
824.0,0.824,158,1,65,0,-64
824.5,0.8245,158,1,65,0,-64
825.0,0.825,158,1,65,0,-64
825.5,0.8255,159,1,66,0,-65
826.0,0.826,160,1,67,0,-66
826.5,0.8265,160,1,67,0,-66
827.0,0.827,160,1,67,0,-66
827.5,0.8275,160,1,67,0,-66
828.0,0.828,160,1,67,0,-66
828.5,0.8285,159,1,66,0,-65
829.0,0.829,159,1,65,0,-64
829.5,0.8295,160,1,66,0,-65
830.0,0.83,159,1,67,0,-66
830.5,0.8305,159,1,66,0,-65
831.0,0.831,159,1,66,0,-65
831.5,0.8315,162,1,68,0,-67
832.0,0.832,162,1,68,0,-67
832.5,0.8325,163,1,69,0,-68
833.0,0.833,163,1,69,0,-68
833.5,0.8335,164,1,70,0,-69
834.0,0.834,164,1,70,0,-69
834.5,0.8345,163,1,69,0,-68
835.0,0.835,162,1,68,0,-67
835.5,0.8355,162,1,68,0,-67
836.0,0.836,162,1,68,0,-67
836.5,0.8365,158,1,65,0,-64
837.0,0.837,158,1,65,0,-64
837.5,0.8375,158,1,65,0,-64
838.0,0.838,159,1,66,0,-65
838.5,0.8385,159,1,66,0,-65
839.0,0.839,159,1,66,0,-65
839.5,0.8395,160,1,67,0,-66
840.0,0.84,160,1,67,0,-66
840.5,0.8405,160,1,67,0,-66
841.0,0.841,160,1,67,0,-66
841.5,0.8415,160,1,67,0,-66
842.0,0.842,160,1,67,0,-66
842.5,0.8425,161,1,68,0,-67
843.0,0.843,162,1,68,0,-67
843.5,0.8435,163,1,69,0,-68
844.0,0.844,162,1,69,0,-68
844.5,0.8445,162,1,69,0,-68
845.0,0.845,165,1,71,0,-70
845.5,0.8455,165,1,71,0,-70
846.0,0.846,165,1,71,0,-70
846.5,0.8465,165,1,71,0,-70
847.0,0.847,165,1,71,0,-70
847.5,0.8475,164,1,70,0,-69
848.0,0.848,165,1,71,0,-70
848.5,0.8485,165,1,71,0,-70
849.0,0.849,165,1,71,0,-70
849.5,0.8495,167,1,72,0,-71
850.0,0.85,163,1,70,0,-69
850.5,0.8505,163,1,70,0,-69
851.0,0.851,163,1,70,0,-69
851.5,0.8515,161,1,69,0,-68
852.0,0.852,161,1,69,0,-68
852.5,0.8525,161,1,69,0,-68
853.0,0.853,161,1,69,0,-68
853.5,0.8535,161,1,69,0,-68
854.0,0.854,160,1,68,0,-67
854.5,0.8545,159,1,67,0,-66
855.0,0.855,159,1,67,0,-66
855.5,0.8555,159,1,67,0,-66
856.0,0.856,159,1,67,0,-66
856.5,0.8565,158,1,66,0,-65
857.0,0.857,158,1,66,0,-65
857.5,0.8575,159,1,65,0,-64
858.0,0.858,159,1,65,0,-64
858.5,0.8585,163,1,67,0,-66
859.0,0.859,164,1,68,0,-67
859.5,0.8595,163,1,68,0,-67
860.0,0.86,163,1,68,0,-67
860.5,0.8605,163,1,68,0,-67
861.0,0.861,163,1,68,0,-67
861.5,0.8615,164,1,69,0,-68
862.0,0.862,165,1,70,0,-69
862.5,0.8625,166,1,70,0,-69
863.0,0.863,166,1,70,0,-69
863.5,0.8635,162,1,68,0,-67
864.0,0.864,162,1,68,0,-67
864.5,0.8645,162,1,68,0,-67
865.0,0.865,162,1,68,0,-67
865.5,0.8655,162,1,68,0,-67
866.0,0.866,162,1,68,0,-67
866.5,0.8665,162,1,68,0,-67
867.0,0.867,162,1,68,0,-67
867.5,0.8675,162,1,68,0,-67
868.0,0.868,163,1,68,0,-67
868.5,0.8685,163,1,68,0,-67
869.0,0.869,163,1,68,0,-67
869.5,0.8695,163,1,68,0,-67
870.0,0.87,163,1,68,0,-67
870.5,0.8705,163,1,68,0,-67
871.0,0.871,163,1,68,0,-67
871.5,0.8715,163,1,68,0,-67
872.0,0.872,168,1,70,0,-69
872.5,0.8725,168,1,70,0,-69
873.0,0.873,168,1,70,0,-69
873.5,0.8735,168,1,70,0,-69
874.0,0.874,168,1,70,0,-69
874.5,0.8745,168,1,70,0,-69
875.0,0.875,168,1,69,0,-68
875.5,0.8755,168,1,69,0,-68
876.0,0.876,168,1,69,0,-68
876.5,0.8765,168,1,69,0,-68
877.0,0.877,163,1,67,0,-66
877.5,0.8775,163,1,67,0,-66
878.0,0.878,163,1,67,0,-66
878.5,0.8785,163,1,67,0,-66
879.0,0.879,163,1,67,0,-66
879.5,0.8795,163,1,67,0,-66
880.0,0.88,162,1,66,0,-65
880.5,0.8805,162,1,66,0,-65
881.0,0.881,162,1,66,0,-65
881.5,0.8815,162,1,66,0,-65
882.0,0.882,162,1,66,0,-65
882.5,0.8825,162,1,66,0,-65
883.0,0.883,163,1,67,0,-66
883.5,0.8835,163,1,67,0,-66
884.0,0.884,163,1,67,0,-66
884.5,0.8845,163,1,67,0,-66
885.0,0.885,163,1,67,0,-66
885.5,0.8855,163,1,67,0,-66
886.0,0.886,162,1,67,0,-66
886.5,0.8865,162,1,67,0,-66
887.0,0.887,161,1,68,0,-67
887.5,0.8875,161,1,68,0,-67
888.0,0.888,161,1,68,0,-67
888.5,0.8885,162,1,68,0,-67
889.0,0.889,161,1,67,0,-66
889.5,0.8895,164,1,69,0,-68
890.0,0.89,164,1,69,0,-68
890.5,0.8905,163,1,68,0,-67
891.0,0.891,163,1,68,0,-67
891.5,0.8915,163,1,68,0,-67
892.0,0.892,162,1,67,0,-66
892.5,0.8925,162,1,67,0,-66
893.0,0.893,163,1,68,0,-67
893.5,0.8935,163,1,68,0,-67
894.0,0.894,163,1,68,0,-67
894.5,0.8945,164,1,68,0,-67
895.0,0.895,160,1,66,0,-65
895.5,0.8955,160,1,65,0,-64
896.0,0.896,159,1,64,0,-63
896.5,0.8965,159,1,64,0,-63
897.0,0.897,158,1,63,0,-62
897.5,0.8975,158,1,63,0,-62
898.0,0.898,158,1,63,0,-62
898.5,0.8985,158,1,63,0,-62
899.0,0.899,158,1,63,0,-62
899.5,0.8995,157,1,62,0,-61
900.0,0.9,156,1,61,0,-60
900.5,0.9005,157,1,62,0,-61
901.0,0.901,158,1,63,0,-62
901.5,0.9015,157,1,62,0,-61
902.0,0.902,161,1,64,0,-63
902.5,0.9025,161,1,64,0,-63
903.0,0.903,162,1,65,0,-64
903.5,0.9035,162,1,65,0,-64
904.0,0.904,162,1,65,0,-64
904.5,0.9045,161,1,64,0,-63
905.0,0.905,162,1,65,0,-64
905.5,0.9055,162,1,65,0,-64
906.0,0.906,163,1,66,0,-65
906.5,0.9065,163,1,66,0,-65
907.0,0.907,163,1,66,0,-65
907.5,0.9075,163,1,66,0,-65
908.0,0.908,159,1,64,0,-63
908.5,0.9085,159,1,64,0,-63
909.0,0.909,158,1,63,0,-62
909.5,0.9095,158,1,63,0,-62
910.0,0.91,158,1,63,0,-62
910.5,0.9105,159,1,63,0,-62
911.0,0.911,159,1,63,0,-62
911.5,0.9115,159,1,62,0,-61
912.0,0.912,159,1,62,0,-61
912.5,0.9125,159,1,62,0,-61
913.0,0.913,159,1,62,0,-61
913.5,0.9135,158,1,62,0,-61
914.0,0.914,163,1,65,0,-64
914.5,0.9145,161,1,64,0,-63
915.0,0.915,161,1,64,0,-63
915.5,0.9155,162,1,65,0,-64
916.0,0.916,161,1,64,0,-63
916.5,0.9165,161,1,64,0,-63
917.0,0.917,161,1,64,0,-63
917.5,0.9175,161,1,64,0,-63
918.0,0.918,160,1,64,0,-63
918.5,0.9185,160,1,64,0,-63
919.0,0.919,159,1,64,0,-63
919.5,0.9195,159,1,64,0,-63
920.0,0.92,158,1,63,0,-62
920.5,0.9205,157,1,62,0,-61
921.0,0.921,156,1,61,0,-60
921.5,0.9215,157,1,62,0,-61
922.0,0.922,158,1,62,0,-61
922.5,0.9225,159,1,63,0,-62
923.0,0.923,159,1,63,0,-62
923.5,0.9235,159,1,63,0,-62
924.0,0.924,159,1,63,0,-62
924.5,0.9245,158,1,63,0,-62
925.0,0.925,158,1,63,0,-62
925.5,0.9255,159,1,64,0,-63
926.0,0.926,159,1,64,0,-63
926.5,0.9265,158,1,64,0,-63
927.0,0.927,158,1,64,0,-63
927.5,0.9275,158,1,64,0,-63
928.0,0.928,159,1,64,0,-63
928.5,0.9285,159,1,64,0,-63
929.0,0.929,159,1,64,0,-63
929.5,0.9295,161,1,66,0,-65
930.0,0.93,160,1,66,0,-65
930.5,0.9305,159,1,65,0,-64
931.0,0.931,159,1,65,0,-64
931.5,0.9315,159,1,65,0,-64
932.0,0.932,160,1,66,0,-65
932.5,0.9325,158,1,65,0,-64
933.0,0.933,158,1,65,0,-64
933.5,0.9335,158,1,65,0,-64
934.0,0.934,158,1,65,0,-64
934.5,0.9345,158,1,65,0,-64
935.0,0.935,158,1,65,0,-64
935.5,0.9355,157,1,64,0,-63
936.0,0.936,156,1,64,0,-63
936.5,0.9365,156,1,64,0,-63
937.0,0.937,155,1,64,0,-63
937.5,0.9375,154,1,63,0,-62
938.0,0.938,154,1,63,0,-62
938.5,0.9385,154,1,63,0,-62
939.0,0.939,154,1,63,0,-62
939.5,0.9395,153,1,62,0,-61
940.0,0.94,155,1,63,0,-62
940.5,0.9405,155,1,63,0,-62
941.0,0.941,155,1,63,0,-62
941.5,0.9415,155,1,63,0,-62
942.0,0.942,155,1,63,0,-62
942.5,0.9425,155,1,63,0,-62
943.0,0.943,155,1,63,0,-62
943.5,0.9435,156,1,64,0,-63
944.0,0.944,156,1,64,0,-63
944.5,0.9445,157,1,65,0,-64
945.0,0.945,157,1,65,0,-64
945.5,0.9455,157,1,65,0,-64
946.0,0.946,157,1,64,0,-63
946.5,0.9465,157,1,64,0,-63
947.0,0.947,157,1,64,0,-63
947.5,0.9475,157,1,63,0,-62
948.0,0.948,156,1,62,0,-61
948.5,0.9485,156,1,62,0,-61
949.0,0.949,156,1,62,0,-61
949.5,0.9495,156,1,62,0,-61
950.0,0.95,156,1,62,0,-61
950.5,0.9505,155,1,61,0,-60
951.0,0.951,154,1,61,0,-60
951.5,0.9515,154,1,61,0,-60
952.0,0.952,154,1,61,0,-60
952.5,0.9525,154,1,61,0,-60
953.0,0.953,154,1,61,0,-60
953.5,0.9535,153,1,60,0,-59
954.0,0.954,153,1,60,0,-59
954.5,0.9545,152,1,59,0,-58
955.0,0.955,152,1,59,0,-58
955.5,0.9555,152,1,59,0,-58
956.0,0.956,152,1,59,0,-58
956.5,0.9565,153,1,60,0,-59
957.0,0.957,154,1,61,0,-60
957.5,0.9575,154,1,61,0,-60
958.0,0.958,154,1,60,0,-59
958.5,0.9585,155,1,61,0,-60
959.0,0.959,156,1,62,0,-61
959.5,0.9595,156,1,62,0,-61
960.0,0.96,156,1,62,0,-61
960.5,0.9605,156,1,62,0,-61
961.0,0.961,157,1,63,0,-62
961.5,0.9615,155,1,62,0,-61
962.0,0.962,155,1,62,0,-61
962.5,0.9625,155,1,62,0,-61
963.0,0.963,155,1,62,0,-61
963.5,0.9635,155,1,62,0,-61
964.0,0.964,155,1,62,0,-61
964.5,0.9645,156,1,63,0,-62
965.0,0.965,156,1,63,0,-62
965.5,0.9655,156,1,63,0,-62
966.0,0.966,156,1,63,0,-62
966.5,0.9665,156,1,63,0,-62
967.0,0.967,158,1,64,0,-63
967.5,0.9675,158,1,64,0,-63
968.0,0.968,158,1,64,0,-63
968.5,0.9685,158,1,64,0,-63
969.0,0.969,158,1,64,0,-63
969.5,0.9695,157,1,63,0,-62
970.0,0.97,158,1,64,0,-63
970.5,0.9705,157,1,64,0,-63
971.0,0.971,158,1,65,0,-64
971.5,0.9715,157,1,64,0,-63
972.0,0.972,157,1,64,0,-63
972.5,0.9725,157,1,64,0,-63
973.0,0.973,158,1,65,0,-64
973.5,0.9735,158,1,65,0,-64
974.0,0.974,157,1,64,0,-63
974.5,0.9745,157,1,64,0,-63
975.0,0.975,157,1,64,0,-63
975.5,0.9755,157,1,64,0,-63
976.0,0.976,157,1,64,0,-63
976.5,0.9765,156,1,63,0,-62
977.0,0.977,156,1,63,0,-62
977.5,0.9775,156,1,63,0,-62
978.0,0.978,157,1,64,0,-63
978.5,0.9785,156,1,63,0,-62
979.0,0.979,155,1,62,0,-61
979.5,0.9795,154,1,61,0,-60
980.0,0.98,154,1,61,0,-60
980.5,0.9805,154,1,61,0,-60
981.0,0.981,154,1,61,0,-60
981.5,0.9815,156,1,62,0,-61
982.0,0.982,156,1,62,0,-61
982.5,0.9825,156,1,62,0,-61
983.0,0.983,156,1,62,0,-61
983.5,0.9835,157,1,62,0,-61
984.0,0.984,158,1,63,0,-62
984.5,0.9845,158,1,64,0,-63
985.0,0.985,158,1,64,0,-63
985.5,0.9855,156,1,63,0,-62
986.0,0.986,155,1,62,0,-61
986.5,0.9865,155,1,62,0,-61
987.0,0.987,155,1,62,0,-61
987.5,0.9875,155,1,62,0,-61
988.0,0.988,155,1,62,0,-61
988.5,0.9885,155,1,62,0,-61
989.0,0.989,156,1,63,0,-62
989.5,0.9895,156,1,63,0,-62
990.0,0.99,157,1,64,0,-63
990.5,0.9905,157,1,64,0,-63
991.0,0.991,157,1,64,0,-63
991.5,0.9915,157,1,64,0,-63
992.0,0.992,159,1,66,0,-65
992.5,0.9925,158,1,65,0,-64
993.0,0.993,159,1,65,0,-64
993.5,0.9935,159,1,65,0,-64
994.0,0.994,159,1,65,0,-64
994.5,0.9945,159,1,65,0,-64
995.0,0.995,159,1,65,0,-64
995.5,0.9955,159,1,65,0,-64
996.0,0.996,158,1,64,0,-63
996.5,0.9965,158,1,64,0,-63
997.0,0.997,158,1,63,0,-62
997.5,0.9975,157,1,62,0,-61
998.0,0.998,158,1,62,0,-61
998.5,0.9985,158,1,62,0,-61
999.0,0.999,159,1,63,0,-62
999.5,0.9995,158,1,62,0,-61
1000.0,1.0,158,1,62,0,-61
1000.5,1.0005,159,1,63,0,-62
1001.0,1.001,159,1,64,0,-63
1001.5,1.0015,160,1,65,0,-64
1002.0,1.002,160,1,65,0,-64
1002.5,1.0025,160,1,65,0,-64
1003.0,1.003,160,1,65,0,-64
1003.5,1.0035,162,1,67,0,-66
1004.0,1.004,162,1,67,0,-66
1004.5,1.0045,162,1,67,0,-66
1005.0,1.005,160,1,66,0,-65
1005.5,1.0055,160,1,66,0,-65
1006.0,1.006,160,1,66,0,-65
1006.5,1.0065,160,1,66,0,-65
1007.0,1.007,159,1,65,0,-64
1007.5,1.0075,159,1,65,0,-64
1008.0,1.008,159,1,65,0,-64
1008.5,1.0085,159,1,65,0,-64
1009.0,1.009,159,1,65,0,-64
1009.5,1.0095,159,1,65,0,-64
1010.0,1.01,159,1,65,0,-64
1010.5,1.0105,158,1,64,0,-63
1011.0,1.011,158,1,64,0,-63
1011.5,1.0115,158,1,64,0,-63
1012.0,1.012,158,1,64,0,-63
1012.5,1.0125,158,1,64,0,-63
1013.0,1.013,157,1,63,0,-62
1013.5,1.0135,157,1,63,0,-62
1014.0,1.014,157,1,63,0,-62
1014.5,1.0145,157,1,63,0,-62
1015.0,1.015,157,1,63,0,-62
1015.5,1.0155,156,1,62,0,-61
1016.0,1.016,157,1,62,0,-61
1016.5,1.0165,157,1,62,0,-61
1017.0,1.017,159,1,64,0,-63
1017.5,1.0175,159,1,64,0,-63
1018.0,1.018,159,1,64,0,-63
1018.5,1.0185,158,1,63,0,-62
1019.0,1.019,158,1,63,0,-62
1019.5,1.0195,159,1,64,0,-63
1020.0,1.02,160,1,64,0,-63
1020.5,1.0205,160,1,64,0,-63
1021.0,1.021,160,1,64,0,-63
1021.5,1.0215,160,1,64,0,-63
1022.0,1.022,159,1,63,0,-62
1022.5,1.0225,159,1,63,0,-62
1023.0,1.023,158,1,62,0,-61
1023.5,1.0235,158,1,62,0,-61
1024.0,1.024,158,1,62,0,-61
1024.5,1.0245,158,1,63,0,-62
1025.0,1.025,158,1,63,0,-62
1025.5,1.0255,159,1,64,0,-63
1026.0,1.026,159,1,64,0,-63
1026.5,1.0265,159,1,64,0,-63
1027.0,1.027,159,1,65,0,-64
1027.5,1.0275,159,1,65,0,-64
1028.0,1.028,159,1,65,0,-64
1028.5,1.0285,160,1,66,0,-65
1029.0,1.029,159,1,65,0,-64
1029.5,1.0295,158,1,64,0,-63
1030.0,1.03,158,1,64,0,-63
1030.5,1.0305,158,1,64,0,-63
1031.0,1.031,158,1,64,0,-63
1031.5,1.0315,158,1,64,0,-63
1032.0,1.032,157,1,63,0,-62
1032.5,1.0325,157,1,64,0,-63
1033.0,1.033,157,1,64,0,-63
1033.5,1.0335,157,1,64,0,-63
1034.0,1.034,157,1,64,0,-63
1034.5,1.0345,157,1,64,0,-63
1035.0,1.035,157,1,64,0,-63
1035.5,1.0355,158,1,65,0,-64
1036.0,1.036,158,1,65,0,-64
1036.5,1.0365,158,1,65,0,-64
1037.0,1.037,158,1,65,0,-64
1037.5,1.0375,158,1,65,0,-64
1038.0,1.038,157,1,64,0,-63
1038.5,1.0385,157,1,64,0,-63
1039.0,1.039,157,1,64,0,-63
1039.5,1.0395,157,1,64,0,-63
1040.0,1.04,157,1,64,0,-63
1040.5,1.0405,157,1,64,0,-63
1041.0,1.041,157,1,64,0,-63
1041.5,1.0415,156,1,63,0,-62
1042.0,1.042,156,1,63,0,-62
1042.5,1.0425,157,1,64,0,-63
1043.0,1.043,158,1,65,0,-64
1043.5,1.0435,158,1,65,0,-64
1044.0,1.044,158,1,65,0,-64
1044.5,1.0445,158,1,65,0,-64
1045.0,1.045,158,1,65,0,-64
1045.5,1.0455,158,1,65,0,-64
1046.0,1.046,158,1,65,0,-64
1046.5,1.0465,158,1,65,0,-64
1047.0,1.047,158,1,65,0,-64
1047.5,1.0475,159,1,65,0,-64
1048.0,1.048,159,1,65,0,-64
1048.5,1.0485,159,1,65,0,-64
1049.0,1.049,159,1,65,0,-64
1049.5,1.0495,159,1,65,0,-64
1050.0,1.05,160,1,66,0,-65
1050.5,1.0505,160,1,66,0,-65
1051.0,1.051,159,1,66,0,-65
1051.5,1.0515,159,1,66,0,-65
1052.0,1.052,159,1,66,0,-65
1052.5,1.0525,159,1,66,0,-65
1053.0,1.053,159,1,66,0,-65
1053.5,1.0535,160,1,66,0,-65
1054.0,1.054,160,1,66,0,-65
1054.5,1.0545,161,1,66,0,-65
1055.0,1.055,161,1,66,0,-65
1055.5,1.0555,161,1,66,0,-65
1056.0,1.056,163,1,67,0,-66
1056.5,1.0565,162,1,67,0,-66
1057.0,1.057,161,1,66,0,-65
1057.5,1.0575,161,1,66,0,-65
1058.0,1.058,161,1,66,0,-65
1058.5,1.0585,161,1,66,0,-65
1059.0,1.059,161,1,66,0,-65
1059.5,1.0595,161,1,66,0,-65
1060.0,1.06,161,1,66,0,-65
1060.5,1.0605,160,1,66,0,-65
1061.0,1.061,161,1,65,0,-64
1061.5,1.0615,161,1,65,0,-64
1062.0,1.062,161,1,65,0,-64
1062.5,1.0625,161,1,65,0,-64
1063.0,1.063,162,1,65,0,-64
1063.5,1.0635,163,1,66,0,-65
1064.0,1.064,162,1,65,0,-64
1064.5,1.0645,160,1,63,0,-62
1065.0,1.065,160,1,63,0,-62
1065.5,1.0655,160,1,63,0,-62
1066.0,1.066,162,1,65,0,-64
1066.5,1.0665,161,1,66,0,-65
1067.0,1.067,160,1,65,0,-64
1067.5,1.0675,160,1,65,0,-64
1068.0,1.068,160,1,65,0,-64
1068.5,1.0685,159,1,64,0,-63
1069.0,1.069,158,1,63,0,-62
1069.5,1.0695,158,1,63,0,-62
1070.0,1.07,159,1,63,0,-62
1070.5,1.0705,159,1,63,0,-62
1071.0,1.071,159,1,63,0,-62
1071.5,1.0715,159,1,63,0,-62
1072.0,1.072,159,1,63,0,-62
1072.5,1.0725,159,1,62,0,-61
1073.0,1.073,159,1,62,0,-61
1073.5,1.0735,159,1,62,0,-61
1074.0,1.074,161,1,62,0,-61
1074.5,1.0745,161,1,62,0,-61
1075.0,1.075,161,1,62,0,-61
1075.5,1.0755,161,1,62,0,-61
1076.0,1.076,158,1,62,0,-61
1076.5,1.0765,158,1,62,0,-61
1077.0,1.077,158,1,62,0,-61
1077.5,1.0775,157,1,63,0,-62
1078.0,1.078,157,1,63,0,-62
1078.5,1.0785,157,1,63,0,-62
1079.0,1.079,158,1,63,0,-62
1079.5,1.0795,158,1,63,0,-62
1080.0,1.08,160,1,62,0,-61
1080.5,1.0805,160,1,62,0,-61
1081.0,1.081,160,1,62,0,-61
1081.5,1.0815,160,1,62,0,-61
1082.0,1.082,160,1,62,0,-61
1082.5,1.0825,159,1,62,0,-61
1083.0,1.083,161,1,63,0,-62
1083.5,1.0835,160,1,64,0,-63
1084.0,1.084,160,1,64,0,-63
1084.5,1.0845,159,1,64,0,-63
1085.0,1.085,159,1,64,0,-63
1085.5,1.0855,159,1,64,0,-63
1086.0,1.086,158,1,63,0,-62
1086.5,1.0865,160,1,64,0,-63
1087.0,1.087,159,1,64,0,-63
1087.5,1.0875,160,1,63,0,-62
1088.0,1.088,160,1,63,0,-62
1088.5,1.0885,160,1,63,0,-62
1089.0,1.089,160,1,63,0,-62
1089.5,1.0895,161,1,64,0,-63
1090.0,1.09,161,1,64,0,-63
1090.5,1.0905,160,1,63,0,-62
1091.0,1.091,160,1,63,0,-62
1091.5,1.0915,160,1,63,0,-62
1092.0,1.092,160,1,63,0,-62
1092.5,1.0925,160,1,63,0,-62
1093.0,1.093,160,1,63,0,-62
1093.5,1.0935,159,1,62,0,-61
1094.0,1.094,160,1,63,0,-62
1094.5,1.0945,160,1,63,0,-62
1095.0,1.095,160,1,63,0,-62
1095.5,1.0955,159,1,63,0,-62
1096.0,1.096,159,1,63,0,-62
1096.5,1.0965,159,1,63,0,-62
1097.0,1.097,160,1,64,0,-63
1097.5,1.0975,160,1,64,0,-63
1098.0,1.098,160,1,64,0,-63
1098.5,1.0985,161,1,65,0,-64
1099.0,1.099,161,1,65,0,-64
1099.5,1.0995,161,1,65,0,-64
1100.0,1.1,161,1,65,0,-64
1100.5,1.1005,162,1,65,0,-64
1101.0,1.101,163,1,66,0,-65
1101.5,1.1015,162,1,66,0,-65
1102.0,1.102,162,1,66,0,-65
1102.5,1.1025,163,1,67,0,-66
1103.0,1.103,163,1,67,0,-66
1103.5,1.1035,163,1,67,0,-66
1104.0,1.104,163,1,67,0,-66
1104.5,1.1045,163,1,67,0,-66
1105.0,1.105,163,1,67,0,-66
1105.5,1.1055,162,1,66,0,-65
1106.0,1.106,162,1,66,0,-65
1106.5,1.1065,161,1,65,0,-64
1107.0,1.107,161,1,65,0,-64
1107.5,1.1075,160,1,66,0,-65
1108.0,1.108,159,1,65,0,-64
1108.5,1.1085,159,1,65,0,-64
1109.0,1.109,158,1,64,0,-63
1109.5,1.1095,158,1,64,0,-63
1110.0,1.11,158,1,64,0,-63
1110.5,1.1105,159,1,65,0,-64
1111.0,1.111,159,1,65,0,-64
1111.5,1.1115,159,1,65,0,-64
1112.0,1.112,160,1,67,0,-66
1112.5,1.1125,160,1,67,0,-66
1113.0,1.113,161,1,68,0,-67
1113.5,1.1135,161,1,68,0,-67
1114.0,1.114,160,1,67,0,-66
1114.5,1.1145,159,1,67,0,-66
1115.0,1.115,160,1,68,0,-67
1115.5,1.1155,158,1,66,0,-65
1116.0,1.116,158,1,66,0,-65
1116.5,1.1165,158,1,66,0,-65
1117.0,1.117,159,1,66,0,-65
1117.5,1.1175,159,1,66,0,-65
1118.0,1.118,159,1,66,0,-65
1118.5,1.1185,158,1,65,0,-64
1119.0,1.119,157,1,64,0,-63
1119.5,1.1195,157,1,64,0,-63
1120.0,1.12,157,1,64,0,-63
1120.5,1.1205,158,1,65,0,-64
1121.0,1.121,156,1,64,0,-63
1121.5,1.1215,155,1,63,0,-62
1122.0,1.122,155,1,63,0,-62
1122.5,1.1225,155,1,63,0,-62
1123.0,1.123,154,1,62,0,-61
1123.5,1.1235,154,1,62,0,-61
1124.0,1.124,155,1,62,0,-61
1124.5,1.1245,155,1,62,0,-61
1125.0,1.125,155,1,62,0,-61
1125.5,1.1255,155,1,62,0,-61
1126.0,1.126,156,1,63,0,-62
1126.5,1.1265,156,1,63,0,-62
1127.0,1.127,156,1,63,0,-62
1127.5,1.1275,157,1,64,0,-63
1128.0,1.128,157,1,64,0,-63
1128.5,1.1285,157,1,64,0,-63
1129.0,1.129,157,1,64,0,-63
1129.5,1.1295,157,1,64,0,-63
1130.0,1.13,157,1,64,0,-63
1130.5,1.1305,158,1,65,0,-64
1131.0,1.131,159,1,66,0,-65
1131.5,1.1315,159,1,66,0,-65
1132.0,1.132,158,1,65,0,-64
1132.5,1.1325,159,1,66,0,-65
1133.0,1.133,160,1,66,0,-65
1133.5,1.1335,160,1,66,0,-65
1134.0,1.134,160,1,66,0,-65
1134.5,1.1345,161,1,67,0,-66
1135.0,1.135,161,1,67,0,-66
1135.5,1.1355,161,1,67,0,-66
1136.0,1.136,161,1,67,0,-66
1136.5,1.1365,161,1,67,0,-66
1137.0,1.137,162,1,67,0,-66
1137.5,1.1375,162,1,67,0,-66
1138.0,1.138,162,1,67,0,-66
1138.5,1.1385,163,1,68,0,-67
1139.0,1.139,163,1,68,0,-67
1139.5,1.1395,164,1,69,0,-68
1140.0,1.14,163,1,70,0,-69
1140.5,1.1405,163,1,70,0,-69
1141.0,1.141,164,1,70,0,-69
1141.5,1.1415,164,1,70,0,-69
1142.0,1.142,163,1,69,0,-68
1142.5,1.1425,165,1,70,0,-69
1143.0,1.143,166,1,71,0,-70
1143.5,1.1435,166,1,71,0,-70
1144.0,1.144,166,1,71,0,-70
1144.5,1.1445,166,1,71,0,-70
1145.0,1.145,166,1,71,0,-70
1145.5,1.1455,166,1,71,0,-70
1146.0,1.146,166,1,71,0,-70
1146.5,1.1465,166,1,71,0,-70
1147.0,1.147,166,1,71,0,-70
1147.5,1.1475,168,1,73,0,-72
1148.0,1.148,168,1,73,0,-72
1148.5,1.1485,168,1,73,0,-72
1149.0,1.149,169,1,73,0,-72
1149.5,1.1495,169,1,73,0,-72
1150.0,1.15,169,1,73,0,-72
1150.5,1.1505,169,1,73,0,-72
1151.0,1.151,168,1,73,0,-72
1151.5,1.1515,168,1,73,0,-72
1152.0,1.152,168,1,73,0,-72
1152.5,1.1525,168,1,73,0,-72
1153.0,1.153,168,1,73,0,-72
1153.5,1.1535,168,1,73,0,-72
1154.0,1.154,168,1,73,0,-72
1154.5,1.1545,167,1,72,0,-71
1155.0,1.155,167,1,72,0,-71
1155.5,1.1555,166,1,71,0,-70
1156.0,1.156,166,1,71,0,-70
1156.5,1.1565,165,1,70,0,-69
1157.0,1.157,165,1,70,0,-69
1157.5,1.1575,165,1,70,0,-69
1158.0,1.158,165,1,70,0,-69
1158.5,1.1585,165,1,70,0,-69
1159.0,1.159,165,1,70,0,-69
1159.5,1.1595,165,1,70,0,-69
1160.0,1.16,165,1,70,0,-69
1160.5,1.1605,165,1,70,0,-69
1161.0,1.161,165,1,70,0,-69
1161.5,1.1615,165,1,70,0,-69
1162.0,1.162,165,1,70,0,-69
1162.5,1.1625,165,1,70,0,-69
1163.0,1.163,164,1,69,0,-68
1163.5,1.1635,164,1,69,0,-68
1164.0,1.164,165,1,70,0,-69
1164.5,1.1645,164,1,69,0,-68
1165.0,1.165,165,1,70,0,-69
1165.5,1.1655,164,1,69,0,-68
1166.0,1.166,164,1,69,0,-68
1166.5,1.1665,165,1,70,0,-69
1167.0,1.167,165,1,70,0,-69
1167.5,1.1675,164,1,70,0,-69
1168.0,1.168,164,1,70,0,-69
1168.5,1.1685,163,1,69,0,-68
1169.0,1.169,162,1,69,0,-68
1169.5,1.1695,162,1,69,0,-68
1170.0,1.17,162,1,69,0,-68
1170.5,1.1705,161,1,68,0,-67
1171.0,1.171,161,1,68,0,-67
1171.5,1.1715,161,1,68,0,-67
1172.0,1.172,161,1,68,0,-67
1172.5,1.1725,161,1,68,0,-67
1173.0,1.173,161,1,68,0,-67
1173.5,1.1735,161,1,68,0,-67
1174.0,1.174,161,1,68,0,-67
1174.5,1.1745,161,1,68,0,-67
1175.0,1.175,161,1,68,0,-67
1175.5,1.1755,162,1,69,0,-68
1176.0,1.176,163,1,69,0,-68
1176.5,1.1765,163,1,68,0,-67
1177.0,1.177,163,1,68,0,-67
1177.5,1.1775,163,1,68,0,-67
1178.0,1.178,163,1,68,0,-67
1178.5,1.1785,162,1,68,0,-67
1179.0,1.179,161,1,67,0,-66
1179.5,1.1795,161,1,67,0,-66
1180.0,1.18,161,1,67,0,-66
1180.5,1.1805,163,1,68,0,-67
1181.0,1.181,162,1,67,0,-66
1181.5,1.1815,162,1,67,0,-66
1182.0,1.182,162,1,67,0,-66
1182.5,1.1825,163,1,66,0,-65
1183.0,1.183,163,1,66,0,-65
1183.5,1.1835,163,1,66,0,-65
1184.0,1.184,163,1,66,0,-65
1184.5,1.1845,163,1,66,0,-65
1185.0,1.185,164,1,67,0,-66
1185.5,1.1855,163,1,66,0,-65
1186.0,1.186,163,1,66,0,-65
1186.5,1.1865,163,1,66,0,-65
1187.0,1.187,163,1,66,0,-65
1187.5,1.1875,162,1,66,0,-65
1188.0,1.188,163,1,67,0,-66
1188.5,1.1885,163,1,67,0,-66
1189.0,1.189,162,1,66,0,-65
1189.5,1.1895,163,1,66,0,-65
1190.0,1.19,164,1,67,0,-66
1190.5,1.1905,164,1,67,0,-66
1191.0,1.191,165,1,68,0,-67
1191.5,1.1915,165,1,68,0,-67
1192.0,1.192,164,1,67,0,-66
1192.5,1.1925,164,1,67,0,-66
1193.0,1.193,165,1,68,0,-67
1193.5,1.1935,166,1,69,0,-68
1194.0,1.194,166,1,69,0,-68
1194.5,1.1945,166,1,69,0,-68
1195.0,1.195,167,1,70,0,-69
1195.5,1.1955,168,1,69,0,-68
1196.0,1.196,168,1,69,0,-68
1196.5,1.1965,168,1,69,0,-68
1197.0,1.197,167,1,69,0,-68
1197.5,1.1975,166,1,70,0,-69
1198.0,1.198,166,1,70,0,-69
1198.5,1.1985,167,1,71,0,-70
1199.0,1.199,167,1,71,0,-70
1199.5,1.1995,166,1,70,0,-69
1200.0,1.2,166,1,70,0,-69
1200.5,1.2005,165,1,69,0,-68
1201.0,1.201,165,1,69,0,-68
1201.5,1.2015,165,1,69,0,-68
1202.0,1.202,166,1,70,0,-69
1202.5,1.2025,165,1,69,0,-68
1203.0,1.203,165,1,69,0,-68
1203.5,1.2035,165,1,69,0,-68
1204.0,1.204,166,1,70,0,-69
1204.5,1.2045,166,1,70,0,-69
1205.0,1.205,166,1,70,0,-69
1205.5,1.2055,166,1,70,0,-69
1206.0,1.206,167,1,71,0,-70
1206.5,1.2065,167,1,71,0,-70
1207.0,1.207,167,1,71,0,-70
1207.5,1.2075,167,1,71,0,-70
1208.0,1.208,166,1,70,0,-69
1208.5,1.2085,166,1,70,0,-69
1209.0,1.209,165,1,69,0,-68
1209.5,1.2095,165,1,69,0,-68
1210.0,1.21,165,1,69,0,-68
1210.5,1.2105,164,1,69,0,-68
1211.0,1.211,163,1,68,0,-67
1211.5,1.2115,163,1,68,0,-67
1212.0,1.212,163,1,68,0,-67
1212.5,1.2125,163,1,69,0,-68
1213.0,1.213,163,1,69,0,-68
1213.5,1.2135,165,1,70,0,-69
1214.0,1.214,165,1,70,0,-69
1214.5,1.2145,165,1,70,0,-69
1215.0,1.215,164,1,69,0,-68
1215.5,1.2155,164,1,69,0,-68
1216.0,1.216,163,1,69,0,-68
1216.5,1.2165,163,1,69,0,-68
1217.0,1.217,163,1,69,0,-68
1217.5,1.2175,163,1,69,0,-68
1218.0,1.218,162,1,69,0,-68
1218.5,1.2185,161,1,69,0,-68
1219.0,1.219,161,1,69,0,-68
1219.5,1.2195,161,1,69,0,-68
1220.0,1.22,161,1,68,0,-67
1220.5,1.2205,162,1,69,0,-68
1221.0,1.221,161,1,68,0,-67
1221.5,1.2215,161,1,68,0,-67
1222.0,1.222,161,1,68,0,-67
1222.5,1.2225,161,1,68,0,-67
1223.0,1.223,161,1,68,0,-67
1223.5,1.2235,161,1,68,0,-67
1224.0,1.224,161,1,68,0,-67
1224.5,1.2245,161,1,68,0,-67
1225.0,1.225,160,1,67,0,-66
1225.5,1.2255,160,1,67,0,-66
1226.0,1.226,160,1,67,0,-66
1226.5,1.2265,160,1,67,0,-66
1227.0,1.227,161,1,66,0,-65
1227.5,1.2275,161,1,66,0,-65
1228.0,1.228,161,1,66,0,-65
1228.5,1.2285,161,1,66,0,-65
1229.0,1.229,161,1,66,0,-65
1229.5,1.2295,161,1,67,0,-66
1230.0,1.23,161,1,67,0,-66
1230.5,1.2305,163,1,69,0,-68
1231.0,1.231,162,1,68,0,-67
1231.5,1.2315,161,1,68,0,-67
1232.0,1.232,161,1,67,0,-66
1232.5,1.2325,161,1,67,0,-66
1233.0,1.233,159,1,66,0,-65
1233.5,1.2335,159,1,66,0,-65
1234.0,1.234,158,1,66,0,-65
1234.5,1.2345,158,1,66,0,-65
1235.0,1.235,158,1,66,0,-65
1235.5,1.2355,159,1,66,0,-65
1236.0,1.236,159,1,66,0,-65
1236.5,1.2365,159,1,66,0,-65
1237.0,1.237,159,1,66,0,-65
1237.5,1.2375,158,1,66,0,-65
1238.0,1.238,158,1,66,0,-65
1238.5,1.2385,158,1,66,0,-65
1239.0,1.239,159,1,67,0,-66
1239.5,1.2395,159,1,67,0,-66
1240.0,1.24,159,1,67,0,-66
1240.5,1.2405,159,1,67,0,-66
1241.0,1.241,159,1,67,0,-66
1241.5,1.2415,158,1,66,0,-65
1242.0,1.242,158,1,66,0,-65
1242.5,1.2425,159,1,66,0,-65
1243.0,1.243,160,1,67,0,-66
1243.5,1.2435,160,1,67,0,-66
1244.0,1.244,160,1,67,0,-66
1244.5,1.2445,160,1,67,0,-66
1245.0,1.245,160,1,67,0,-66
1245.5,1.2455,160,1,67,0,-66
1246.0,1.246,160,1,67,0,-66
1246.5,1.2465,160,1,67,0,-66
1247.0,1.247,162,1,68,0,-67
1247.5,1.2475,163,1,69,0,-68
1248.0,1.248,163,1,69,0,-68
1248.5,1.2485,163,1,69,0,-68
1249.0,1.249,163,1,69,0,-68
1249.5,1.2495,163,1,69,0,-68
1250.0,1.25,163,1,69,0,-68
1250.5,1.2505,163,1,69,0,-68
1251.0,1.251,162,1,68,0,-67
1251.5,1.2515,162,1,68,0,-67
1252.0,1.252,162,1,68,0,-67
1252.5,1.2525,162,1,68,0,-67
1253.0,1.253,162,1,68,0,-67
1253.5,1.2535,162,1,68,0,-67
1254.0,1.254,162,1,68,0,-67
1254.5,1.2545,162,1,69,0,-68
1255.0,1.255,162,1,69,0,-68
1255.5,1.2555,162,1,69,0,-68
1256.0,1.256,164,1,70,0,-69
1256.5,1.2565,164,1,70,0,-69
1257.0,1.257,164,1,70,0,-69
1257.5,1.2575,164,1,70,0,-69
1258.0,1.258,164,1,70,0,-69
1258.5,1.2585,164,1,70,0,-69
1259.0,1.259,164,1,70,0,-69
1259.5,1.2595,164,1,70,0,-69
1260.0,1.26,163,1,69,0,-68
1260.5,1.2605,163,1,69,0,-68
1261.0,1.261,163,1,69,0,-68
1261.5,1.2615,163,1,69,0,-68
1262.0,1.262,164,1,70,0,-69
1262.5,1.2625,164,1,70,0,-69
1263.0,1.263,164,1,70,0,-69
1263.5,1.2635,164,1,70,0,-69
1264.0,1.264,165,1,71,0,-70
1264.5,1.2645,165,1,71,0,-70
1265.0,1.265,164,1,70,0,-69
1265.5,1.2655,164,1,68,0,-67
1266.0,1.266,164,1,68,0,-67
1266.5,1.2665,164,1,68,0,-67
1267.0,1.267,165,1,69,0,-68
1267.5,1.2675,165,1,69,0,-68
1268.0,1.268,165,1,69,0,-68
1268.5,1.2685,165,1,69,0,-68
1269.0,1.269,166,1,70,0,-69
1269.5,1.2695,165,1,71,0,-70
1270.0,1.27,165,1,70,0,-69
1270.5,1.2705,164,1,69,0,-68
1271.0,1.271,165,1,69,0,-68
1271.5,1.2715,164,1,68,0,-67
1272.0,1.272,164,1,68,0,-67
1272.5,1.2725,165,1,69,0,-68
1273.0,1.273,165,1,69,0,-68
1273.5,1.2735,165,1,69,0,-68
1274.0,1.274,165,1,69,0,-68
1274.5,1.2745,165,1,69,0,-68
1275.0,1.275,165,1,69,0,-68
1275.5,1.2755,165,1,69,0,-68
1276.0,1.276,165,1,69,0,-68
1276.5,1.2765,166,1,70,0,-69
1277.0,1.277,166,1,71,0,-70
1277.5,1.2775,166,1,71,0,-70
1278.0,1.278,166,1,71,0,-70
1278.5,1.2785,167,1,72,0,-71
1279.0,1.279,167,1,72,0,-71
1279.5,1.2795,167,1,72,0,-71
1280.0,1.28,166,1,71,0,-70
1280.5,1.2805,167,1,72,0,-71
1281.0,1.281,166,1,73,0,-72
1281.5,1.2815,166,1,73,0,-72
1282.0,1.282,167,1,73,0,-72
1282.5,1.2825,166,1,73,0,-72
1283.0,1.283,166,1,73,0,-72
1283.5,1.2835,166,1,73,0,-72
1284.0,1.284,165,1,72,0,-71
1284.5,1.2845,165,1,72,0,-71
1285.0,1.285,164,1,71,0,-70
1285.5,1.2855,163,1,70,0,-69
1286.0,1.286,164,1,71,0,-70
1286.5,1.2865,164,1,71,0,-70
1287.0,1.287,164,1,70,0,-69
1287.5,1.2875,164,1,70,0,-69
1288.0,1.288,164,1,70,0,-69
1288.5,1.2885,164,1,70,0,-69
1289.0,1.289,164,1,70,0,-69
1289.5,1.2895,164,1,70,0,-69
1290.0,1.29,164,1,70,0,-69
1290.5,1.2905,164,1,70,0,-69
1291.0,1.291,164,1,70,0,-69
1291.5,1.2915,164,1,70,0,-69
1292.0,1.292,164,1,70,0,-69
1292.5,1.2925,164,1,70,0,-69
1293.0,1.293,164,1,70,0,-69
1293.5,1.2935,164,1,70,0,-69
1294.0,1.294,164,1,70,0,-69
1294.5,1.2945,163,1,69,0,-68
1295.0,1.295,163,1,69,0,-68
1295.5,1.2955,163,1,69,0,-68
1296.0,1.296,163,1,69,0,-68
1296.5,1.2965,163,1,69,0,-68
1297.0,1.297,165,1,71,0,-70
1297.5,1.2975,165,1,71,0,-70
1298.0,1.298,165,1,71,0,-70
1298.5,1.2985,165,1,71,0,-70
1299.0,1.299,165,1,71,0,-70
1299.5,1.2995,166,1,72,0,-71
1300.0,1.3,168,1,73,0,-72
1300.5,1.3005,169,1,73,0,-72
1301.0,1.301,168,1,73,0,-72
1301.5,1.3015,168,1,73,0,-72
1302.0,1.302,168,1,73,0,-72
1302.5,1.3025,168,1,73,0,-72
1303.0,1.303,167,1,72,0,-71
1303.5,1.3035,166,1,72,0,-71
1304.0,1.304,166,1,72,0,-71
1304.5,1.3045,164,1,71,0,-70
1305.0,1.305,164,1,71,0,-70
1305.5,1.3055,164,1,71,0,-70
1306.0,1.306,164,1,71,0,-70
1306.5,1.3065,164,1,71,0,-70
1307.0,1.307,164,1,71,0,-70
1307.5,1.3075,165,1,72,0,-71
1308.0,1.308,165,1,72,0,-71
1308.5,1.3085,166,1,73,0,-72
1309.0,1.309,166,1,73,0,-72
1309.5,1.3095,164,1,71,0,-70
1310.0,1.31,163,1,71,0,-70
1310.5,1.3105,163,1,71,0,-70
1311.0,1.311,163,1,71,0,-70
1311.5,1.3115,161,1,69,0,-68
1312.0,1.312,160,1,68,0,-67
1312.5,1.3125,159,1,67,0,-66
1313.0,1.313,159,1,67,0,-66
1313.5,1.3135,159,1,67,0,-66
1314.0,1.314,159,1,67,0,-66
1314.5,1.3145,160,1,68,0,-67
1315.0,1.315,160,1,68,0,-67
1315.5,1.3155,160,1,68,0,-67
1316.0,1.316,160,1,68,0,-67
1316.5,1.3165,160,1,68,0,-67
1317.0,1.317,161,1,68,0,-67
1317.5,1.3175,161,1,68,0,-67
1318.0,1.318,161,1,68,0,-67
1318.5,1.3185,161,1,68,0,-67
1319.0,1.319,161,1,68,0,-67
1319.5,1.3195,162,1,69,0,-68
1320.0,1.32,161,1,69,0,-68
1320.5,1.3205,161,1,69,0,-68
1321.0,1.321,161,1,69,0,-68
1321.5,1.3215,161,1,69,0,-68
1322.0,1.322,161,1,69,0,-68
1322.5,1.3225,161,1,69,0,-68
1323.0,1.323,161,1,69,0,-68
1323.5,1.3235,162,1,69,0,-68
1324.0,1.324,166,1,71,0,-70
1324.5,1.3245,166,1,71,0,-70
1325.0,1.325,166,1,71,0,-70
1325.5,1.3255,165,1,70,0,-69
1326.0,1.326,165,1,70,0,-69
1326.5,1.3265,165,1,70,0,-69
1327.0,1.327,165,1,70,0,-69
1327.5,1.3275,166,1,71,0,-70
1328.0,1.328,166,1,71,0,-70
1328.5,1.3285,163,1,69,0,-68
1329.0,1.329,163,1,69,0,-68
1329.5,1.3295,164,1,70,0,-69
1330.0,1.33,164,1,70,0,-69
1330.5,1.3305,164,1,70,0,-69
1331.0,1.331,165,1,71,0,-70
1331.5,1.3315,165,1,71,0,-70
1332.0,1.332,165,1,71,0,-70
1332.5,1.3325,164,1,71,0,-70
1333.0,1.333,164,1,71,0,-70
1333.5,1.3335,164,1,71,0,-70
1334.0,1.334,163,1,71,0,-70
1334.5,1.3345,163,1,71,0,-70
1335.0,1.335,163,1,71,0,-70
1335.5,1.3355,162,1,71,0,-70
1336.0,1.336,162,1,71,0,-70
1336.5,1.3365,162,1,71,0,-70
1337.0,1.337,162,1,71,0,-70
1337.5,1.3375,163,1,70,0,-69
1338.0,1.338,162,1,69,0,-68
1338.5,1.3385,162,1,69,0,-68
1339.0,1.339,164,1,70,0,-69
1339.5,1.3395,164,1,70,0,-69
1340.0,1.34,168,1,72,0,-71
1340.5,1.3405,168,1,72,0,-71
1341.0,1.341,169,1,72,0,-71
1341.5,1.3415,169,1,72,0,-71
1342.0,1.342,170,1,72,0,-71
1342.5,1.3425,169,1,72,0,-71
1343.0,1.343,168,1,71,0,-70
1343.5,1.3435,168,1,71,0,-70
1344.0,1.344,167,1,71,0,-70
1344.5,1.3445,163,1,70,0,-69
1345.0,1.345,164,1,71,0,-70
1345.5,1.3455,164,1,71,0,-70
1346.0,1.346,164,1,71,0,-70
1346.5,1.3465,164,1,71,0,-70
1347.0,1.347,164,1,71,0,-70
1347.5,1.3475,164,1,71,0,-70
1348.0,1.348,164,1,71,0,-70
1348.5,1.3485,164,1,71,0,-70
1349.0,1.349,164,1,71,0,-70
1349.5,1.3495,164,1,71,0,-70
1350.0,1.35,164,1,71,0,-70
1350.5,1.3505,165,1,71,0,-70
1351.0,1.351,165,1,71,0,-70
1351.5,1.3515,165,1,71,0,-70
1352.0,1.352,165,1,71,0,-70
1352.5,1.3525,163,1,69,0,-68
1353.0,1.353,163,1,69,0,-68
1353.5,1.3535,163,1,69,0,-68
1354.0,1.354,163,1,69,0,-68
1354.5,1.3545,162,1,69,0,-68
1355.0,1.355,161,1,68,0,-67
1355.5,1.3555,161,1,68,0,-67
1356.0,1.356,162,1,69,0,-68
1356.5,1.3565,163,1,70,0,-69
1357.0,1.357,166,1,72,0,-71
1357.5,1.3575,167,1,73,0,-72
1358.0,1.358,168,1,73,0,-72
1358.5,1.3585,168,1,73,0,-72
1359.0,1.359,168,1,73,0,-72
1359.5,1.3595,166,1,72,0,-71
1360.0,1.36,166,1,72,0,-71
1360.5,1.3605,166,1,72,0,-71
1361.0,1.361,166,1,72,0,-71
1361.5,1.3615,163,1,70,0,-69
1362.0,1.362,162,1,69,0,-68
1362.5,1.3625,162,1,69,0,-68
1363.0,1.363,162,1,69,0,-68
1363.5,1.3635,162,1,69,0,-68
1364.0,1.364,162,1,69,0,-68
1364.5,1.3645,162,1,70,0,-69
1365.0,1.365,162,1,70,0,-69
1365.5,1.3655,162,1,70,0,-69
1366.0,1.366,162,1,70,0,-69
1366.5,1.3665,162,1,70,0,-69
1367.0,1.367,162,1,70,0,-69
1367.5,1.3675,162,1,70,0,-69
1368.0,1.368,162,1,70,0,-69
1368.5,1.3685,161,1,69,0,-68
1369.0,1.369,161,1,69,0,-68
1369.5,1.3695,160,1,68,0,-67
1370.0,1.37,160,1,68,0,-67
1370.5,1.3705,160,1,68,0,-67
1371.0,1.371,160,1,68,0,-67
1371.5,1.3715,160,1,68,0,-67
1372.0,1.372,161,1,69,0,-68
1372.5,1.3725,162,1,70,0,-69
1373.0,1.373,162,1,70,0,-69
1373.5,1.3735,162,1,70,0,-69
1374.0,1.374,163,1,71,0,-70
1374.5,1.3745,163,1,71,0,-70
1375.0,1.375,163,1,71,0,-70
1375.5,1.3755,163,1,71,0,-70
1376.0,1.376,164,1,71,0,-70
1376.5,1.3765,161,1,69,0,-68
1377.0,1.377,160,1,68,0,-67
1377.5,1.3775,159,1,67,0,-66
1378.0,1.378,159,1,67,0,-66
1378.5,1.3785,160,1,68,0,-67
1379.0,1.379,160,1,68,0,-67
1379.5,1.3795,160,1,68,0,-67
1380.0,1.38,161,1,69,0,-68
1380.5,1.3805,160,1,68,0,-67
1381.0,1.381,160,1,68,0,-67
1381.5,1.3815,160,1,68,0,-67
1382.0,1.382,159,1,67,0,-66
1382.5,1.3825,160,1,67,0,-66
1383.0,1.383,161,1,68,0,-67
1383.5,1.3835,161,1,68,0,-67
1384.0,1.384,162,1,69,0,-68
1384.5,1.3845,163,1,69,0,-68
1385.0,1.385,163,1,69,0,-68
1385.5,1.3855,163,1,69,0,-68
1386.0,1.386,165,1,70,0,-69
1386.5,1.3865,165,1,70,0,-69
1387.0,1.387,165,1,70,0,-69
1387.5,1.3875,165,1,70,0,-69
1388.0,1.388,166,1,71,0,-70
1388.5,1.3885,166,1,71,0,-70
1389.0,1.389,165,1,70,0,-69
1389.5,1.3895,164,1,70,0,-69
1390.0,1.39,163,1,70,0,-69
1390.5,1.3905,161,1,69,0,-68
1391.0,1.391,161,1,69,0,-68
1391.5,1.3915,162,1,69,0,-68
1392.0,1.392,162,1,69,0,-68
1392.5,1.3925,164,1,71,0,-70
1393.0,1.393,165,1,72,0,-71
1393.5,1.3935,165,1,72,0,-71
1394.0,1.394,164,1,71,0,-70
1394.5,1.3945,164,1,71,0,-70
1395.0,1.395,162,1,69,0,-68
1395.5,1.3955,162,1,69,0,-68
1396.0,1.396,162,1,69,0,-68
1396.5,1.3965,162,1,68,0,-67
1397.0,1.397,159,1,67,0,-66
1397.5,1.3975,159,1,67,0,-66
1398.0,1.398,158,1,66,0,-65
1398.5,1.3985,158,1,66,0,-65
1399.0,1.399,158,1,66,0,-65
1399.5,1.3995,161,1,68,0,-67
1400.0,1.4,161,1,68,0,-67
1400.5,1.4005,161,1,68,0,-67
1401.0,1.401,162,1,69,0,-68
1401.5,1.4015,162,1,69,0,-68
1402.0,1.402,163,1,69,0,-68
1402.5,1.4025,164,1,68,0,-67
1403.0,1.403,164,1,68,0,-67
1403.5,1.4035,164,1,68,0,-67
1404.0,1.404,161,1,66,0,-65
1404.5,1.4045,160,1,65,0,-64
1405.0,1.405,160,1,65,0,-64
1405.5,1.4055,160,1,65,0,-64
1406.0,1.406,160,1,65,0,-64
1406.5,1.4065,161,1,65,0,-64
1407.0,1.407,161,1,65,0,-64
1407.5,1.4075,163,1,66,0,-65
1408.0,1.408,163,1,66,0,-65
1408.5,1.4085,165,1,68,0,-67
1409.0,1.409,166,1,68,0,-67
1409.5,1.4095,165,1,67,0,-66
1410.0,1.41,165,1,67,0,-66
1410.5,1.4105,164,1,67,0,-66
1411.0,1.411,164,1,67,0,-66
1411.5,1.4115,164,1,67,0,-66
1412.0,1.412,163,1,66,0,-65
1412.5,1.4125,163,1,66,0,-65
1413.0,1.413,166,1,68,0,-67
1413.5,1.4135,164,1,67,0,-66
1414.0,1.414,165,1,68,0,-67
1414.5,1.4145,165,1,68,0,-67
1415.0,1.415,165,1,68,0,-67
1415.5,1.4155,165,1,68,0,-67
1416.0,1.416,165,1,68,0,-67
1416.5,1.4165,166,1,69,0,-68
1417.0,1.417,165,1,68,0,-67
1417.5,1.4175,162,1,66,0,-65
1418.0,1.418,163,1,67,0,-66
1418.5,1.4185,163,1,67,0,-66
1419.0,1.419,164,1,68,0,-67
1419.5,1.4195,164,1,68,0,-67
1420.0,1.42,164,1,68,0,-67
1420.5,1.4205,163,1,67,0,-66
1421.0,1.421,163,1,67,0,-66
1421.5,1.4215,162,1,68,0,-67
1422.0,1.422,162,1,68,0,-67
1422.5,1.4225,162,1,68,0,-67
1423.0,1.423,162,1,68,0,-67
1423.5,1.4235,162,1,68,0,-67
1424.0,1.424,163,1,69,0,-68
1424.5,1.4245,163,1,69,0,-68
1425.0,1.425,163,1,69,0,-68
1425.5,1.4255,163,1,69,0,-68
1426.0,1.426,166,1,71,0,-70
1426.5,1.4265,166,1,71,0,-70
1427.0,1.427,167,1,72,0,-71
1427.5,1.4275,167,1,72,0,-71
1428.0,1.428,167,1,72,0,-71
1428.5,1.4285,167,1,72,0,-71
1429.0,1.429,168,1,73,0,-72
1429.5,1.4295,168,1,73,0,-72
1430.0,1.43,168,1,73,0,-72
1430.5,1.4305,168,1,73,0,-72
1431.0,1.431,163,1,70,0,-69
1431.5,1.4315,163,1,70,0,-69
1432.0,1.432,164,1,71,0,-70
1432.5,1.4325,164,1,71,0,-70
1433.0,1.433,165,1,72,0,-71
1433.5,1.4335,166,1,73,0,-72
1434.0,1.434,166,1,73,0,-72
1434.5,1.4345,165,1,72,0,-71
1435.0,1.435,165,1,72,0,-71
1435.5,1.4355,164,1,71,0,-70
1436.0,1.436,164,1,71,0,-70
1436.5,1.4365,163,1,70,0,-69
1437.0,1.437,163,1,70,0,-69
1437.5,1.4375,163,1,70,0,-69
1438.0,1.438,164,1,70,0,-69
1438.5,1.4385,164,1,70,0,-69
1439.0,1.439,165,1,71,0,-70
1439.5,1.4395,165,1,71,0,-70
1440.0,1.44,168,1,73,0,-72
1440.5,1.4405,168,1,73,0,-72
1441.0,1.441,168,1,73,0,-72
1441.5,1.4415,168,1,73,0,-72
1442.0,1.442,168,1,73,0,-72
1442.5,1.4425,167,1,72,0,-71
1443.0,1.443,166,1,72,0,-71
1443.5,1.4435,166,1,72,0,-71
1444.0,1.444,166,1,72,0,-71
1444.5,1.4445,163,1,70,0,-69
1445.0,1.445,163,1,70,0,-69
1445.5,1.4455,165,1,72,0,-71
1446.0,1.446,165,1,72,0,-71
1446.5,1.4465,165,1,72,0,-71
1447.0,1.447,165,1,72,0,-71
1447.5,1.4475,165,1,72,0,-71
1448.0,1.448,165,1,72,0,-71
1448.5,1.4485,165,1,72,0,-71
1449.0,1.449,165,1,72,0,-71
1449.5,1.4495,165,1,72,0,-71
1450.0,1.45,166,1,72,0,-71
1450.5,1.4505,166,1,72,0,-71
1451.0,1.451,166,1,72,0,-71
1451.5,1.4515,164,1,71,0,-70
1452.0,1.452,164,1,71,0,-70
1452.5,1.4525,164,1,71,0,-70
1453.0,1.453,168,1,74,0,-73
1453.5,1.4535,168,1,74,0,-73
1454.0,1.454,168,1,74,0,-73
1454.5,1.4545,168,1,74,0,-73
1455.0,1.455,168,1,74,0,-73
1455.5,1.4555,168,1,74,0,-73
1456.0,1.456,168,1,74,0,-73
1456.5,1.4565,169,1,74,0,-73
1457.0,1.457,169,1,74,0,-73
1457.5,1.4575,167,1,73,0,-72
1458.0,1.458,164,1,71,0,-70
1458.5,1.4585,163,1,70,0,-69
1459.0,1.459,163,1,70,0,-69
1459.5,1.4595,163,1,70,0,-69
1460.0,1.46,163,1,70,0,-69
1460.5,1.4605,163,1,70,0,-69
1461.0,1.461,164,1,70,0,-69
1461.5,1.4615,164,1,70,0,-69
1462.0,1.462,162,1,69,0,-68
1462.5,1.4625,162,1,69,0,-68
1463.0,1.463,162,1,69,0,-68
1463.5,1.4635,163,1,70,0,-69
1464.0,1.464,163,1,70,0,-69
1464.5,1.4645,163,1,70,0,-69
1465.0,1.465,163,1,70,0,-69
1465.5,1.4655,163,1,70,0,-69
1466.0,1.466,163,1,70,0,-69
1466.5,1.4665,166,1,72,0,-71
1467.0,1.467,166,1,72,0,-71
1467.5,1.4675,166,1,72,0,-71
1468.0,1.468,166,1,72,0,-71
1468.5,1.4685,167,1,72,0,-71
1469.0,1.469,168,1,73,0,-72
1469.5,1.4695,168,1,73,0,-72
1470.0,1.47,168,1,73,0,-72
1470.5,1.4705,168,1,73,0,-72
1471.0,1.471,165,1,71,0,-70
1471.5,1.4715,165,1,71,0,-70
1472.0,1.472,165,1,71,0,-70
1472.5,1.4725,163,1,69,0,-68
1473.0,1.473,163,1,69,0,-68
1473.5,1.4735,163,1,69,0,-68
1474.0,1.474,163,1,69,0,-68
1474.5,1.4745,163,1,69,0,-68
1475.0,1.475,162,1,69,0,-68
1475.5,1.4755,162,1,69,0,-68
1476.0,1.476,162,1,69,0,-68
1476.5,1.4765,162,1,69,0,-68
1477.0,1.477,162,1,69,0,-68
1477.5,1.4775,161,1,69,0,-68
1478.0,1.478,161,1,69,0,-68
1478.5,1.4785,161,1,69,0,-68
1479.0,1.479,165,1,72,0,-71
1479.5,1.4795,166,1,72,0,-71
1480.0,1.48,167,1,72,0,-71
1480.5,1.4805,167,1,72,0,-71
1481.0,1.481,167,1,72,0,-71
1481.5,1.4815,167,1,72,0,-71
1482.0,1.482,168,1,72,0,-71
1482.5,1.4825,167,1,71,0,-70
1483.0,1.483,168,1,72,0,-71
1483.5,1.4835,167,1,71,0,-70
1484.0,1.484,163,1,69,0,-68
1484.5,1.4845,162,1,68,0,-67
1485.0,1.485,161,1,67,0,-66
1485.5,1.4855,161,1,67,0,-66
1486.0,1.486,161,1,67,0,-66
1486.5,1.4865,161,1,67,0,-66
1487.0,1.487,161,1,67,0,-66
1487.5,1.4875,162,1,67,0,-66
1488.0,1.488,162,1,67,0,-66
1488.5,1.4885,162,1,67,0,-66
1489.0,1.489,162,1,67,0,-66
1489.5,1.4895,162,1,67,0,-66
1490.0,1.49,163,1,68,0,-67
1490.5,1.4905,163,1,68,0,-67
1491.0,1.491,164,1,68,0,-67
1491.5,1.4915,164,1,68,0,-67
1492.0,1.492,167,1,70,0,-69
1492.5,1.4925,167,1,70,0,-69
1493.0,1.493,167,1,70,0,-69
1493.5,1.4935,167,1,70,0,-69
1494.0,1.494,167,1,70,0,-69
1494.5,1.4945,167,1,70,0,-69
1495.0,1.495,168,1,71,0,-70
1495.5,1.4955,168,1,71,0,-70
1496.0,1.496,167,1,71,0,-70
1496.5,1.4965,164,1,69,0,-68
1497.0,1.497,164,1,69,0,-68
1497.5,1.4975,163,1,68,0,-67
1498.0,1.498,163,1,68,0,-67
1498.5,1.4985,163,1,68,0,-67
1499.0,1.499,163,1,68,0,-67
1499.5,1.4995,164,1,69,0,-68
1500.0,1.5,163,1,68,0,-67
1500.5,1.5005,163,1,68,0,-67
1501.0,1.501,163,1,68,0,-67
1501.5,1.5015,163,1,68,0,-67
1502.0,1.502,163,1,68,0,-67
1502.5,1.5025,164,1,69,0,-68
1503.0,1.503,165,1,69,0,-68
1503.5,1.5035,164,1,68,0,-67
1504.0,1.504,169,1,72,0,-71
1504.5,1.5045,169,1,72,0,-71
1505.0,1.505,170,1,73,0,-72
1505.5,1.5055,170,1,73,0,-72
1506.0,1.506,170,1,73,0,-72
1506.5,1.5065,170,1,73,0,-72
1507.0,1.507,170,1,73,0,-72
1507.5,1.5075,170,1,73,0,-72
1508.0,1.508,169,1,72,0,-71
1508.5,1.5085,169,1,72,0,-71
1509.0,1.509,166,1,70,0,-69
1509.5,1.5095,166,1,70,0,-69
1510.0,1.51,166,1,70,0,-69
1510.5,1.5105,166,1,70,0,-69
1511.0,1.511,165,1,69,0,-68
1511.5,1.5115,165,1,69,0,-68
1512.0,1.512,165,1,69,0,-68
1512.5,1.5125,165,1,70,0,-69
1513.0,1.513,165,1,70,0,-69
1513.5,1.5135,165,1,70,0,-69
1514.0,1.514,165,1,70,0,-69
1514.5,1.5145,164,1,69,0,-68
1515.0,1.515,164,1,69,0,-68
1515.5,1.5155,164,1,69,0,-68
1516.0,1.516,164,1,69,0,-68
1516.5,1.5165,167,1,71,0,-70
1517.0,1.517,167,1,71,0,-70
1517.5,1.5175,166,1,70,0,-69
1518.0,1.518,165,1,69,0,-68
1518.5,1.5185,166,1,70,0,-69
1519.0,1.519,166,1,70,0,-69
1519.5,1.5195,165,1,69,0,-68
1520.0,1.52,166,1,69,0,-68
1520.5,1.5205,166,1,69,0,-68
1521.0,1.521,163,1,67,0,-66
1521.5,1.5215,163,1,67,0,-66
1522.0,1.522,163,1,67,0,-66
1522.5,1.5225,163,1,67,0,-66
1523.0,1.523,163,1,67,0,-66
1523.5,1.5235,165,1,67,0,-66
1524.0,1.524,165,1,67,0,-66
1524.5,1.5245,165,1,67,0,-66
1525.0,1.525,165,1,67,0,-66
1525.5,1.5255,166,1,68,0,-67
1526.0,1.526,167,1,68,0,-67
1526.5,1.5265,167,1,68,0,-67
1527.0,1.527,167,1,68,0,-67
1527.5,1.5275,168,1,69,0,-68
1528.0,1.528,167,1,68,0,-67
1528.5,1.5285,167,1,68,0,-67
1529.0,1.529,170,1,70,0,-69
1529.5,1.5295,170,1,70,0,-69
1530.0,1.53,171,1,70,0,-69
1530.5,1.5305,171,1,70,0,-69
1531.0,1.531,171,1,70,0,-69
1531.5,1.5315,171,1,70,0,-69
1532.0,1.532,171,1,70,0,-69
1532.5,1.5325,171,1,70,0,-69
1533.0,1.533,171,1,70,0,-69
1533.5,1.5335,167,1,68,0,-67
1534.0,1.534,167,1,68,0,-67
1534.5,1.5345,167,1,68,0,-67
1535.0,1.535,167,1,68,0,-67
1535.5,1.5355,167,1,68,0,-67
1536.0,1.536,167,1,68,0,-67
1536.5,1.5365,166,1,69,0,-68
1537.0,1.537,165,1,69,0,-68
1537.5,1.5375,164,1,68,0,-67
1538.0,1.538,164,1,68,0,-67
1538.5,1.5385,164,1,68,0,-67
1539.0,1.539,163,1,67,0,-66
1539.5,1.5395,164,1,68,0,-67
1540.0,1.54,163,1,68,0,-67
1540.5,1.5405,163,1,68,0,-67
1541.0,1.541,163,1,68,0,-67
1541.5,1.5415,166,1,70,0,-69
1542.0,1.542,166,1,70,0,-69
1542.5,1.5425,166,1,70,0,-69
1543.0,1.543,166,1,70,0,-69
1543.5,1.5435,165,1,70,0,-69
1544.0,1.544,165,1,70,0,-69
1544.5,1.5445,165,1,70,0,-69
1545.0,1.545,165,1,70,0,-69
1545.5,1.5455,165,1,70,0,-69
1546.0,1.546,166,1,71,0,-70
1546.5,1.5465,163,1,69,0,-68
1547.0,1.547,163,1,70,0,-69
1547.5,1.5475,163,1,70,0,-69
1548.0,1.548,163,1,70,0,-69
1548.5,1.5485,163,1,70,0,-69
1549.0,1.549,163,1,70,0,-69
1549.5,1.5495,163,1,70,0,-69
1550.0,1.55,163,1,70,0,-69
1550.5,1.5505,163,1,70,0,-69
1551.0,1.551,163,1,70,0,-69
1551.5,1.5515,163,1,70,0,-69
1552.0,1.552,163,1,70,0,-69
1552.5,1.5525,162,1,69,0,-68
1553.0,1.553,163,1,70,0,-69
1553.5,1.5535,163,1,70,0,-69
1554.0,1.554,166,1,72,0,-71
1554.5,1.5545,166,1,72,0,-71
1555.0,1.555,166,1,72,0,-71
1555.5,1.5555,167,1,72,0,-71
1556.0,1.556,166,1,72,0,-71
1556.5,1.5565,166,1,72,0,-71
1557.0,1.557,166,1,72,0,-71
1557.5,1.5575,166,1,72,0,-71
1558.0,1.558,166,1,72,0,-71
1558.5,1.5585,166,1,72,0,-71
1559.0,1.559,162,1,70,0,-69
1559.5,1.5595,162,1,70,0,-69
1560.0,1.56,162,1,70,0,-69
1560.5,1.5605,162,1,70,0,-69
1561.0,1.561,161,1,69,0,-68
1561.5,1.5615,161,1,69,0,-68
1562.0,1.562,161,1,69,0,-68
1562.5,1.5625,161,1,69,0,-68
1563.0,1.563,161,1,69,0,-68
1563.5,1.5635,161,1,69,0,-68
1564.0,1.564,161,1,69,0,-68
1564.5,1.5645,161,1,69,0,-68
1565.0,1.565,161,1,69,0,-68
1565.5,1.5655,160,1,68,0,-67
1566.0,1.566,160,1,68,0,-67
1566.5,1.5665,164,1,71,0,-70
1567.0,1.567,164,1,71,0,-70
1567.5,1.5675,164,1,71,0,-70
1568.0,1.568,164,1,71,0,-70
1568.5,1.5685,163,1,70,0,-69
1569.0,1.569,162,1,69,0,-68
1569.5,1.5695,161,1,68,0,-67
1570.0,1.57,161,1,68,0,-67
1570.5,1.5705,161,1,68,0,-67
1571.0,1.571,161,1,68,0,-67
1571.5,1.5715,159,1,67,0,-66
1572.0,1.572,159,1,67,0,-66
1572.5,1.5725,160,1,68,0,-67
1573.0,1.573,161,1,69,0,-68
1573.5,1.5735,159,1,67,0,-66
1574.0,1.574,159,1,67,0,-66
1574.5,1.5745,158,1,66,0,-65
1575.0,1.575,158,1,66,0,-65
1575.5,1.5755,158,1,66,0,-65
1576.0,1.576,160,1,67,0,-66
1576.5,1.5765,160,1,65,0,-64
1577.0,1.577,160,1,65,0,-64
1577.5,1.5775,160,1,65,0,-64
1578.0,1.578,160,1,65,0,-64
1578.5,1.5785,160,1,65,0,-64
1579.0,1.579,163,1,67,0,-66
1579.5,1.5795,163,1,67,0,-66
1580.0,1.58,163,1,67,0,-66
1580.5,1.5805,164,1,68,0,-67
1581.0,1.581,164,1,68,0,-67
1581.5,1.5815,164,1,68,0,-67
1582.0,1.582,164,1,68,0,-67
1582.5,1.5825,165,1,68,0,-67
1583.0,1.583,165,1,68,0,-67
1583.5,1.5835,163,1,67,0,-66
1584.0,1.584,161,1,66,0,-65
1584.5,1.5845,160,1,65,0,-64
1585.0,1.585,160,1,65,0,-64
1585.5,1.5855,162,1,67,0,-66
1586.0,1.586,163,1,68,0,-67
1586.5,1.5865,163,1,68,0,-67
1587.0,1.587,162,1,68,0,-67
1587.5,1.5875,162,1,68,0,-67
1588.0,1.588,163,1,69,0,-68
1588.5,1.5885,163,1,69,0,-68
1589.0,1.589,163,1,69,0,-68
1589.5,1.5895,163,1,69,0,-68
1590.0,1.59,164,1,69,0,-68
1590.5,1.5905,164,1,69,0,-68
1591.0,1.591,164,1,69,0,-68
1591.5,1.5915,167,1,71,0,-70
1592.0,1.592,166,1,71,0,-70
1592.5,1.5925,165,1,71,0,-70
1593.0,1.593,164,1,70,0,-69
1593.5,1.5935,165,1,71,0,-70
1594.0,1.594,165,1,71,0,-70
1594.5,1.5945,165,1,71,0,-70
1595.0,1.595,165,1,71,0,-70
1595.5,1.5955,166,1,72,0,-71
1596.0,1.596,163,1,70,0,-69
1596.5,1.5965,164,1,70,0,-69
1597.0,1.597,165,1,70,0,-69
1597.5,1.5975,165,1,70,0,-69
1598.0,1.598,164,1,70,0,-69
1598.5,1.5985,164,1,70,0,-69
1599.0,1.599,165,1,70,0,-69
1599.5,1.5995,164,1,69,0,-68
1600.0,1.6,163,1,69,0,-68
1600.5,1.6005,162,1,69,0,-68
1601.0,1.601,162,1,69,0,-68
1601.5,1.6015,162,1,69,0,-68
1602.0,1.602,162,1,69,0,-68
1602.5,1.6025,161,1,68,0,-67
1603.0,1.603,161,1,68,0,-67
1603.5,1.6035,164,1,69,0,-68
1604.0,1.604,163,1,69,0,-68
1604.5,1.6045,163,1,69,0,-68
1605.0,1.605,164,1,69,0,-68
1605.5,1.6055,165,1,70,0,-69
1606.0,1.606,165,1,70,0,-69
1606.5,1.6065,166,1,70,0,-69
1607.0,1.607,166,1,70,0,-69
1607.5,1.6075,166,1,70,0,-69
1608.0,1.608,167,1,71,0,-70
1608.5,1.6085,163,1,68,0,-67
1609.0,1.609,162,1,67,0,-66
1609.5,1.6095,162,1,67,0,-66
1610.0,1.61,162,1,67,0,-66
1610.5,1.6105,162,1,67,0,-66
1611.0,1.611,160,1,65,0,-64
1611.5,1.6115,160,1,65,0,-64
1612.0,1.612,160,1,65,0,-64
1612.5,1.6125,161,1,66,0,-65
1613.0,1.613,161,1,66,0,-65
1613.5,1.6135,161,1,66,0,-65
1614.0,1.614,161,1,66,0,-65
1614.5,1.6145,162,1,66,0,-65
1615.0,1.615,162,1,66,0,-65
1615.5,1.6155,162,1,66,0,-65
1616.0,1.616,165,1,68,0,-67
1616.5,1.6165,165,1,69,0,-68
1617.0,1.617,164,1,68,0,-67
1617.5,1.6175,164,1,68,0,-67
1618.0,1.618,164,1,67,0,-66
1618.5,1.6185,164,1,67,0,-66
1619.0,1.619,165,1,67,0,-66
1619.5,1.6195,164,1,68,0,-67
1620.0,1.62,163,1,67,0,-66
1620.5,1.6205,163,1,67,0,-66
1621.0,1.621,160,1,65,0,-64
1621.5,1.6215,162,1,66,0,-65
1622.0,1.622,162,1,66,0,-65
1622.5,1.6225,162,1,66,0,-65
1623.0,1.623,163,1,67,0,-66
1623.5,1.6235,161,1,67,0,-66
1624.0,1.624,159,1,65,0,-64
1624.5,1.6245,159,1,65,0,-64
1625.0,1.625,159,1,65,0,-64
1625.5,1.6255,159,1,65,0,-64
1626.0,1.626,159,1,65,0,-64
1626.5,1.6265,159,1,65,0,-64
1627.0,1.627,159,1,65,0,-64
1627.5,1.6275,159,1,65,0,-64
1628.0,1.628,159,1,65,0,-64
1628.5,1.6285,162,1,67,0,-66
1629.0,1.629,162,1,67,0,-66
1629.5,1.6295,163,1,67,0,-66
1630.0,1.63,164,1,68,0,-67
1630.5,1.6305,165,1,69,0,-68
1631.0,1.631,165,1,69,0,-68
1631.5,1.6315,165,1,70,0,-69
1632.0,1.632,165,1,70,0,-69
1632.5,1.6325,165,1,70,0,-69
1633.0,1.633,161,1,67,0,-66
1633.5,1.6335,162,1,68,0,-67
1634.0,1.634,162,1,68,0,-67
1634.5,1.6345,160,1,67,0,-66
1635.0,1.635,160,1,67,0,-66
1635.5,1.6355,159,1,66,0,-65
1636.0,1.636,158,1,65,0,-64
1636.5,1.6365,157,1,65,0,-64
1637.0,1.637,157,1,65,0,-64
1637.5,1.6375,157,1,65,0,-64
1638.0,1.638,158,1,65,0,-64
1638.5,1.6385,158,1,65,0,-64
1639.0,1.639,158,1,65,0,-64
1639.5,1.6395,158,1,65,0,-64
1640.0,1.64,159,1,66,0,-65
1640.5,1.6405,162,1,68,0,-67
1641.0,1.641,162,1,68,0,-67
1641.5,1.6415,163,1,68,0,-67
1642.0,1.642,163,1,68,0,-67
1642.5,1.6425,163,1,68,0,-67
1643.0,1.643,163,1,68,0,-67
1643.5,1.6435,163,1,68,0,-67
1644.0,1.644,163,1,67,0,-66
1644.5,1.6445,163,1,67,0,-66
1645.0,1.645,163,1,67,0,-66
1645.5,1.6455,160,1,65,0,-64
1646.0,1.646,160,1,65,0,-64
1646.5,1.6465,159,1,64,0,-63
1647.0,1.647,159,1,64,0,-63
1647.5,1.6475,159,1,64,0,-63
1648.0,1.648,159,1,64,0,-63
1648.5,1.6485,158,1,64,0,-63
1649.0,1.649,159,1,65,0,-64
1649.5,1.6495,158,1,65,0,-64
1650.0,1.65,158,1,65,0,-64
1650.5,1.6505,158,1,65,0,-64
1651.0,1.651,158,1,65,0,-64
1651.5,1.6515,158,1,65,0,-64
1652.0,1.652,156,1,64,0,-63
1652.5,1.6525,160,1,67,0,-66
1653.0,1.653,160,1,67,0,-66
1653.5,1.6535,159,1,66,0,-65
1654.0,1.654,160,1,66,0,-65
1654.5,1.6545,159,1,65,0,-64
1655.0,1.655,158,1,64,0,-63
1655.5,1.6555,157,1,64,0,-63
1656.0,1.656,157,1,63,0,-62
1656.5,1.6565,157,1,63,0,-62
1657.0,1.657,158,1,64,0,-63
1657.5,1.6575,155,1,62,0,-61
1658.0,1.658,153,1,60,0,-59
1658.5,1.6585,153,1,60,0,-59
1659.0,1.659,152,1,59,0,-58
1659.5,1.6595,152,1,59,0,-58
1660.0,1.66,152,1,59,0,-58
1660.5,1.6605,152,1,59,0,-58
1661.0,1.661,152,1,59,0,-58
1661.5,1.6615,151,1,58,0,-57
1662.0,1.662,150,1,58,0,-57
1662.5,1.6625,150,1,58,0,-57
1663.0,1.663,150,1,58,0,-57
1663.5,1.6635,150,1,58,0,-57
1664.0,1.664,150,1,58,0,-57
1664.5,1.6645,154,1,61,0,-60
1665.0,1.665,155,1,61,0,-60
1665.5,1.6655,155,1,61,0,-60
1666.0,1.666,155,1,61,0,-60
1666.5,1.6665,155,1,61,0,-60
1667.0,1.667,155,1,61,0,-60
1667.5,1.6675,153,1,59,0,-58
1668.0,1.668,153,1,59,0,-58
1668.5,1.6685,153,1,59,0,-58
1669.0,1.669,153,1,59,0,-58
1669.5,1.6695,151,1,58,0,-57
1670.0,1.67,151,1,58,0,-57
1670.5,1.6705,152,1,58,0,-57
1671.0,1.671,153,1,59,0,-58
1671.5,1.6715,153,1,59,0,-58
1672.0,1.672,153,1,59,0,-58
1672.5,1.6725,154,1,60,0,-59
1673.0,1.673,154,1,60,0,-59
1673.5,1.6735,153,1,59,0,-58
1674.0,1.674,153,1,59,0,-58
1674.5,1.6745,154,1,60,0,-59
1675.0,1.675,155,1,60,0,-59
1675.5,1.6755,155,1,60,0,-59
1676.0,1.676,156,1,61,0,-60
1676.5,1.6765,157,1,61,0,-60
1677.0,1.677,157,1,61,0,-60
1677.5,1.6775,157,1,61,0,-60
1678.0,1.678,158,1,61,0,-60
1678.5,1.6785,158,1,61,0,-60
1679.0,1.679,159,1,62,0,-61
1679.5,1.6795,160,1,63,0,-62
1680.0,1.68,160,1,63,0,-62
1680.5,1.6805,158,1,61,0,-60
1681.0,1.681,158,1,61,0,-60
1681.5,1.6815,155,1,59,0,-58
1682.0,1.682,155,1,59,0,-58
1682.5,1.6825,153,1,58,0,-57
1683.0,1.683,153,1,58,0,-57
1683.5,1.6835,152,1,57,0,-56
1684.0,1.684,154,1,58,0,-57
1684.5,1.6845,154,1,58,0,-57
1685.0,1.685,154,1,58,0,-57
1685.5,1.6855,154,1,58,0,-57
1686.0,1.686,154,1,58,0,-57
1686.5,1.6865,159,1,61,0,-60
1687.0,1.687,159,1,61,0,-60
1687.5,1.6875,159,1,62,0,-61
1688.0,1.688,162,1,64,0,-63
1688.5,1.6885,162,1,64,0,-63
1689.0,1.689,163,1,65,0,-64
1689.5,1.6895,163,1,65,0,-64
1690.0,1.69,163,1,65,0,-64
1690.5,1.6905,163,1,65,0,-64
1691.0,1.691,163,1,65,0,-64
1691.5,1.6915,164,1,65,0,-64
1692.0,1.692,162,1,66,0,-65
1692.5,1.6925,162,1,66,0,-65
1693.0,1.693,159,1,64,0,-63
1693.5,1.6935,159,1,64,0,-63
1694.0,1.694,162,1,66,0,-65
1694.5,1.6945,164,1,68,0,-67
1695.0,1.695,161,1,66,0,-65
1695.5,1.6955,161,1,66,0,-65
1696.0,1.696,161,1,66,0,-65
1696.5,1.6965,161,1,66,0,-65
1697.0,1.697,161,1,66,0,-65
1697.5,1.6975,162,1,67,0,-66
1698.0,1.698,162,1,67,0,-66
1698.5,1.6985,166,1,70,0,-69
1699.0,1.699,166,1,70,0,-69
1699.5,1.6995,169,1,72,0,-71
1700.0,1.7,167,1,71,0,-70
1700.5,1.7005,167,1,71,0,-70
1701.0,1.701,167,1,71,0,-70
1701.5,1.7015,167,1,71,0,-70
1702.0,1.702,167,1,71,0,-70
1702.5,1.7025,169,1,72,0,-71
1703.0,1.703,169,1,72,0,-71
1703.5,1.7035,168,1,71,0,-70
1704.0,1.704,169,1,72,0,-71
1704.5,1.7045,170,1,73,0,-72
1705.0,1.705,167,1,71,0,-70
1705.5,1.7055,166,1,70,0,-69
1706.0,1.706,166,1,70,0,-69
1706.5,1.7065,165,1,69,0,-68
1707.0,1.707,165,1,69,0,-68
1707.5,1.7075,165,1,69,0,-68
1708.0,1.708,165,1,69,0,-68
1708.5,1.7085,165,1,69,0,-68
1709.0,1.709,164,1,68,0,-67
1709.5,1.7095,163,1,68,0,-67
1710.0,1.71,163,1,68,0,-67
1710.5,1.7105,164,1,69,0,-68
1711.0,1.711,167,1,71,0,-70
1711.5,1.7115,166,1,71,0,-70
1712.0,1.712,167,1,72,0,-71
1712.5,1.7125,165,1,70,0,-69
1713.0,1.713,165,1,70,0,-69
1713.5,1.7135,167,1,71,0,-70
1714.0,1.714,168,1,71,0,-70
1714.5,1.7145,168,1,71,0,-70
1715.0,1.715,169,1,72,0,-71
1715.5,1.7155,169,1,72,0,-71
1716.0,1.716,165,1,70,0,-69
1716.5,1.7165,162,1,69,0,-68
1717.0,1.717,163,1,70,0,-69
1717.5,1.7175,164,1,70,0,-69
1718.0,1.718,162,1,67,0,-66
1718.5,1.7185,163,1,68,0,-67
1719.0,1.719,163,1,68,0,-67
1719.5,1.7195,164,1,68,0,-67
1720.0,1.72,166,1,69,0,-68
1720.5,1.7205,166,1,69,0,-68
1721.0,1.721,166,1,69,0,-68
1721.5,1.7215,167,1,70,0,-69
1722.0,1.722,166,1,69,0,-68
1722.5,1.7225,167,1,69,0,-68
1723.0,1.723,170,1,71,0,-70
1723.5,1.7235,169,1,71,0,-70
1724.0,1.724,169,1,71,0,-70
1724.5,1.7245,169,1,71,0,-70
1725.0,1.725,170,1,72,0,-71
1725.5,1.7255,170,1,72,0,-71
1726.0,1.726,169,1,72,0,-71
1726.5,1.7265,169,1,72,0,-71
1727.0,1.727,168,1,71,0,-70
1727.5,1.7275,169,1,72,0,-71
1728.0,1.728,167,1,70,0,-69
1728.5,1.7285,168,1,71,0,-70
1729.0,1.729,168,1,71,0,-70
1729.5,1.7295,168,1,71,0,-70
1730.0,1.73,169,1,71,0,-70
1730.5,1.7305,170,1,72,0,-71
1731.0,1.731,175,1,73,0,-72
1731.5,1.7315,173,1,71,0,-70
1732.0,1.732,174,1,71,0,-70
1732.5,1.7325,169,1,68,0,-67
1733.0,1.733,169,1,68,0,-67
1733.5,1.7335,169,1,68,0,-67
1734.0,1.734,172,1,70,0,-69
1734.5,1.7345,172,1,70,0,-69
1735.0,1.735,169,1,70,0,-69
1735.5,1.7355,169,1,70,0,-69
1736.0,1.736,169,1,70,0,-69
1736.5,1.7365,169,1,70,0,-69
1737.0,1.737,169,1,70,0,-69
1737.5,1.7375,169,1,70,0,-69
1738.0,1.738,169,1,70,0,-69
1738.5,1.7385,169,1,70,0,-69
1739.0,1.739,168,1,69,0,-68
1739.5,1.7395,165,1,67,0,-66
1740.0,1.74,165,1,67,0,-66
1740.5,1.7405,165,1,67,0,-66
1741.0,1.741,165,1,67,0,-66
1741.5,1.7415,166,1,68,0,-67
1742.0,1.742,166,1,68,0,-67
1742.5,1.7425,166,1,68,0,-67
1743.0,1.743,166,1,68,0,-67
1743.5,1.7435,166,1,68,0,-67
1744.0,1.744,166,1,68,0,-67
1744.5,1.7445,166,1,68,0,-67
1745.0,1.745,166,1,68,0,-67
1745.5,1.7455,166,1,68,0,-67
1746.0,1.746,169,1,70,0,-69
1746.5,1.7465,169,1,70,0,-69
1747.0,1.747,169,1,70,0,-69
1747.5,1.7475,170,1,70,0,-69
1748.0,1.748,171,1,70,0,-69
1748.5,1.7485,171,1,70,0,-69
1749.0,1.749,172,1,70,0,-69
1749.5,1.7495,171,1,69,0,-68
1750.0,1.75,170,1,69,0,-68
1750.5,1.7505,170,1,69,0,-68
1751.0,1.751,166,1,67,0,-66
1751.5,1.7515,166,1,67,0,-66
1752.0,1.752,166,1,67,0,-66
1752.5,1.7525,165,1,67,0,-66
1753.0,1.753,165,1,67,0,-66
1753.5,1.7535,165,1,67,0,-66
1754.0,1.754,164,1,69,0,-68
1754.5,1.7545,163,1,68,0,-67
1755.0,1.755,163,1,68,0,-67
1755.5,1.7555,162,1,67,0,-66
1756.0,1.756,162,1,67,0,-66
1756.5,1.7565,162,1,68,0,-67
1757.0,1.757,163,1,68,0,-67
1757.5,1.7575,166,1,70,0,-69
1758.0,1.758,167,1,71,0,-70
1758.5,1.7585,168,1,71,0,-70
1759.0,1.759,169,1,70,0,-69
1759.5,1.7595,169,1,70,0,-69
1760.0,1.76,170,1,69,0,-68
1760.5,1.7605,171,1,70,0,-69
1761.0,1.761,170,1,70,0,-69
1761.5,1.7615,169,1,71,0,-70
1762.0,1.762,169,1,71,0,-70
1762.5,1.7625,165,1,70,0,-69
1763.0,1.763,164,1,69,0,-68
1763.5,1.7635,164,1,69,0,-68
1764.0,1.764,164,1,69,0,-68
1764.5,1.7645,164,1,69,0,-68
1765.0,1.765,163,1,68,0,-67
1765.5,1.7655,162,1,67,0,-66
1766.0,1.766,162,1,67,0,-66
1766.5,1.7665,163,1,68,0,-67
1767.0,1.767,163,1,68,0,-67
1767.5,1.7675,163,1,68,0,-67
1768.0,1.768,163,1,68,0,-67
1768.5,1.7685,163,1,68,0,-67
1769.0,1.769,166,1,70,0,-69
1769.5,1.7695,167,1,71,0,-70
1770.0,1.77,167,1,70,0,-69
1770.5,1.7705,167,1,71,0,-70
1771.0,1.771,167,1,71,0,-70
1771.5,1.7715,167,1,71,0,-70
1772.0,1.772,166,1,70,0,-69
1772.5,1.7725,167,1,71,0,-70
1773.0,1.773,167,1,71,0,-70
1773.5,1.7735,167,1,71,0,-70
1774.0,1.774,164,1,69,0,-68
1774.5,1.7745,164,1,69,0,-68
1775.0,1.775,164,1,69,0,-68
1775.5,1.7755,164,1,69,0,-68
1776.0,1.776,164,1,69,0,-68
1776.5,1.7765,164,1,69,0,-68
1777.0,1.777,165,1,70,0,-69
1777.5,1.7775,166,1,71,0,-70
1778.0,1.778,166,1,71,0,-70
1778.5,1.7785,165,1,70,0,-69
1779.0,1.779,166,1,71,0,-70
1779.5,1.7795,166,1,71,0,-70
1780.0,1.78,166,1,71,0,-70
1780.5,1.7805,167,1,72,0,-71
1781.0,1.781,166,1,71,0,-70
1781.5,1.7815,165,1,70,0,-69
1782.0,1.782,165,1,70,0,-69
1782.5,1.7825,165,1,70,0,-69
1783.0,1.783,169,1,72,0,-71
1783.5,1.7835,168,1,71,0,-70
1784.0,1.784,170,1,71,0,-70
1784.5,1.7845,170,1,71,0,-70
1785.0,1.785,170,1,71,0,-70
1785.5,1.7855,167,1,69,0,-68
1786.0,1.786,167,1,69,0,-68
1786.5,1.7865,167,1,69,0,-68
1787.0,1.787,166,1,69,0,-68
1787.5,1.7875,165,1,68,0,-67
1788.0,1.788,166,1,69,0,-68
1788.5,1.7885,166,1,69,0,-68
1789.0,1.789,166,1,69,0,-68
1789.5,1.7895,166,1,69,0,-68
1790.0,1.79,166,1,69,0,-68
1790.5,1.7905,166,1,69,0,-68
1791.0,1.791,165,1,68,0,-67
1791.5,1.7915,165,1,68,0,-67
1792.0,1.792,167,1,69,0,-68
1792.5,1.7925,167,1,68,0,-67
1793.0,1.793,167,1,68,0,-67
1793.5,1.7935,166,1,68,0,-67
1794.0,1.794,167,1,69,0,-68
1794.5,1.7945,167,1,69,0,-68
1795.0,1.795,167,1,69,0,-68
1795.5,1.7955,166,1,68,0,-67
1796.0,1.796,166,1,69,0,-68
1796.5,1.7965,167,1,69,0,-68
1797.0,1.797,164,1,66,0,-65
1797.5,1.7975,164,1,66,0,-65
1798.0,1.798,164,1,66,0,-65
1798.5,1.7985,164,1,66,0,-65
1799.0,1.799,165,1,66,0,-65
1799.5,1.7995,164,1,66,0,-65
1800.0,1.8,164,1,66,0,-65
1800.5,1.8005,163,1,65,0,-64
1801.0,1.801,163,1,65,0,-64
1801.5,1.8015,162,1,64,0,-63
1802.0,1.802,162,1,64,0,-63
1802.5,1.8025,162,1,64,0,-63
1803.0,1.803,162,1,64,0,-63
1803.5,1.8035,165,1,66,0,-65
1804.0,1.804,166,1,67,0,-66
1804.5,1.8045,165,1,67,0,-66
1805.0,1.805,165,1,67,0,-66
1805.5,1.8055,165,1,67,0,-66
1806.0,1.806,165,1,67,0,-66
1806.5,1.8065,167,1,69,0,-68
1807.0,1.807,167,1,69,0,-68
1807.5,1.8075,167,1,69,0,-68
1808.0,1.808,167,1,69,0,-68
1808.5,1.8085,164,1,67,0,-66
1809.0,1.809,162,1,66,0,-65
1809.5,1.8095,162,1,66,0,-65
1810.0,1.81,164,1,67,0,-66
1810.5,1.8105,163,1,67,0,-66
1811.0,1.811,163,1,67,0,-66
1811.5,1.8115,163,1,67,0,-66
1812.0,1.812,163,1,67,0,-66
1812.5,1.8125,163,1,67,0,-66
1813.0,1.813,163,1,67,0,-66
1813.5,1.8135,163,1,67,0,-66
1814.0,1.814,163,1,67,0,-66
1814.5,1.8145,165,1,69,0,-68
1815.0,1.815,165,1,69,0,-68
1815.5,1.8155,165,1,69,0,-68
1816.0,1.816,166,1,70,0,-69
1816.5,1.8165,166,1,70,0,-69
1817.0,1.817,166,1,70,0,-69
1817.5,1.8175,166,1,70,0,-69
1818.0,1.818,167,1,70,0,-69
1818.5,1.8185,167,1,70,0,-69
1819.0,1.819,169,1,72,0,-71
1819.5,1.8195,168,1,71,0,-70
1820.0,1.82,164,1,68,0,-67
1820.5,1.8205,163,1,67,0,-66
1821.0,1.821,163,1,67,0,-66
1821.5,1.8215,163,1,67,0,-66
1822.0,1.822,163,1,67,0,-66
1822.5,1.8225,162,1,66,0,-65
1823.0,1.823,162,1,66,0,-65
1823.5,1.8235,162,1,66,0,-65
1824.0,1.824,162,1,66,0,-65
1824.5,1.8245,162,1,66,0,-65
1825.0,1.825,162,1,66,0,-65
1825.5,1.8255,164,1,68,0,-67
1826.0,1.826,162,1,66,0,-65
1826.5,1.8265,162,1,66,0,-65
1827.0,1.827,162,1,67,0,-66
1827.5,1.8275,160,1,65,0,-64
1828.0,1.828,160,1,65,0,-64
1828.5,1.8285,159,1,64,0,-63
1829.0,1.829,159,1,65,0,-64
1829.5,1.8295,160,1,65,0,-64
1830.0,1.83,160,1,65,0,-64
1830.5,1.8305,160,1,65,0,-64
1831.0,1.831,157,1,63,0,-62
1831.5,1.8315,157,1,63,0,-62
1832.0,1.832,157,1,63,0,-62
1832.5,1.8325,158,1,64,0,-63
1833.0,1.833,159,1,64,0,-63
1833.5,1.8335,158,1,64,0,-63
1834.0,1.834,159,1,64,0,-63
1834.5,1.8345,159,1,64,0,-63
1835.0,1.835,160,1,65,0,-64
1835.5,1.8355,160,1,65,0,-64
1836.0,1.836,162,1,66,0,-65
1836.5,1.8365,162,1,66,0,-65
1837.0,1.837,161,1,66,0,-65
1837.5,1.8375,161,1,66,0,-65
1838.0,1.838,161,1,66,0,-65
1838.5,1.8385,161,1,66,0,-65
1839.0,1.839,162,1,66,0,-65
1839.5,1.8395,162,1,66,0,-65
1840.0,1.84,164,1,68,0,-67
1840.5,1.8405,165,1,68,0,-67
1841.0,1.841,164,1,68,0,-67
1841.5,1.8415,162,1,67,0,-66
1842.0,1.842,162,1,67,0,-66
1842.5,1.8425,162,1,67,0,-66
1843.0,1.843,162,1,67,0,-66
1843.5,1.8435,163,1,68,0,-67
1844.0,1.844,163,1,68,0,-67
1844.5,1.8445,163,1,68,0,-67
1845.0,1.845,164,1,69,0,-68
1845.5,1.8455,164,1,69,0,-68
1846.0,1.846,164,1,69,0,-68
1846.5,1.8465,164,1,69,0,-68
1847.0,1.847,168,1,72,0,-71
1847.5,1.8475,168,1,72,0,-71
1848.0,1.848,168,1,72,0,-71
1848.5,1.8485,168,1,72,0,-71
1849.0,1.849,168,1,72,0,-71
1849.5,1.8495,168,1,72,0,-71
1850.0,1.85,167,1,71,0,-70
1850.5,1.8505,167,1,71,0,-70
1851.0,1.851,166,1,70,0,-69
1851.5,1.8515,166,1,70,0,-69
1852.0,1.852,166,1,70,0,-69
1852.5,1.8525,164,1,69,0,-68
1853.0,1.853,164,1,69,0,-68
1853.5,1.8535,165,1,70,0,-69
1854.0,1.854,164,1,70,0,-69
1854.5,1.8545,164,1,70,0,-69
1855.0,1.855,165,1,71,0,-70
1855.5,1.8555,166,1,71,0,-70
1856.0,1.856,166,1,71,0,-70
1856.5,1.8565,166,1,71,0,-70
1857.0,1.857,166,1,71,0,-70
1857.5,1.8575,166,1,71,0,-70
1858.0,1.858,169,1,73,0,-72
1858.5,1.8585,169,1,73,0,-72
1859.0,1.859,168,1,72,0,-71
1859.5,1.8595,168,1,72,0,-71
1860.0,1.86,168,1,72,0,-71
1860.5,1.8605,169,1,72,0,-71
1861.0,1.861,169,1,72,0,-71
1861.5,1.8615,169,1,72,0,-71
1862.0,1.862,169,1,72,0,-71
1862.5,1.8625,171,1,72,0,-71
1863.0,1.863,172,1,72,0,-71
1863.5,1.8635,169,1,70,0,-69
1864.0,1.864,169,1,70,0,-69
1864.5,1.8645,168,1,70,0,-69
1865.0,1.865,169,1,71,0,-70
1865.5,1.8655,168,1,70,0,-69
1866.0,1.866,168,1,70,0,-69
1866.5,1.8665,167,1,70,0,-69
1867.0,1.867,166,1,69,0,-68
1867.5,1.8675,166,1,69,0,-68
1868.0,1.868,167,1,69,0,-68
1868.5,1.8685,169,1,71,0,-70
1869.0,1.869,169,1,71,0,-70
1869.5,1.8695,170,1,72,0,-71
1870.0,1.87,171,1,73,0,-72
1870.5,1.8705,171,1,73,0,-72
1871.0,1.871,170,1,72,0,-71
1871.5,1.8715,171,1,73,0,-72
1872.0,1.872,171,1,73,0,-72
1872.5,1.8725,170,1,72,0,-71
1873.0,1.873,170,1,72,0,-71
1873.5,1.8735,170,1,72,0,-71
1874.0,1.874,168,1,71,0,-70
1874.5,1.8745,166,1,70,0,-69
1875.0,1.875,165,1,69,0,-68
1875.5,1.8755,164,1,68,0,-67
1876.0,1.876,165,1,69,0,-68
1876.5,1.8765,165,1,69,0,-68
1877.0,1.877,164,1,68,0,-67
1877.5,1.8775,164,1,68,0,-67
1878.0,1.878,164,1,68,0,-67
1878.5,1.8785,165,1,69,0,-68
1879.0,1.879,165,1,69,0,-68
1879.5,1.8795,168,1,71,0,-70
1880.0,1.88,167,1,70,0,-69
1880.5,1.8805,167,1,71,0,-70
1881.0,1.881,167,1,71,0,-70
1881.5,1.8815,167,1,71,0,-70
1882.0,1.882,167,1,71,0,-70
1882.5,1.8825,167,1,71,0,-70
1883.0,1.883,167,1,71,0,-70
1883.5,1.8835,167,1,71,0,-70
1884.0,1.884,165,1,69,0,-68
1884.5,1.8845,165,1,69,0,-68
1885.0,1.885,162,1,67,0,-66
1885.5,1.8855,162,1,67,0,-66
1886.0,1.886,162,1,67,0,-66
1886.5,1.8865,161,1,67,0,-66
1887.0,1.887,162,1,68,0,-67
1887.5,1.8875,164,1,69,0,-68
1888.0,1.888,164,1,69,0,-68
1888.5,1.8885,164,1,69,0,-68
1889.0,1.889,165,1,69,0,-68
1889.5,1.8895,169,1,71,0,-70
1890.0,1.89,170,1,71,0,-70
1890.5,1.8905,171,1,71,0,-70
1891.0,1.891,171,1,71,0,-70
1891.5,1.8915,165,1,67,0,-66
1892.0,1.892,165,1,67,0,-66
1892.5,1.8925,166,1,67,0,-66
1893.0,1.893,165,1,67,0,-66
1893.5,1.8935,169,1,69,0,-68
1894.0,1.894,165,1,67,0,-66
1894.5,1.8945,166,1,68,0,-67
1895.0,1.895,165,1,67,0,-66
1895.5,1.8955,167,1,69,0,-68
1896.0,1.896,165,1,68,0,-67
1896.5,1.8965,165,1,68,0,-67
1897.0,1.897,165,1,69,0,-68
1897.5,1.8975,165,1,69,0,-68
1898.0,1.898,165,1,69,0,-68
1898.5,1.8985,165,1,69,0,-68
1899.0,1.899,164,1,68,0,-67
1899.5,1.8995,164,1,68,0,-67
1900.0,1.9,164,1,68,0,-67
1900.5,1.9005,164,1,68,0,-67
1901.0,1.901,164,1,68,0,-67
1901.5,1.9015,165,1,68,0,-67
1902.0,1.902,165,1,68,0,-67
1902.5,1.9025,165,1,68,0,-67
1903.0,1.903,168,1,70,0,-69
1903.5,1.9035,166,1,69,0,-68
1904.0,1.904,166,1,69,0,-68
1904.5,1.9045,166,1,69,0,-68
1905.0,1.905,166,1,69,0,-68
1905.5,1.9055,167,1,70,0,-69
1906.0,1.906,167,1,70,0,-69
1906.5,1.9065,167,1,70,0,-69
1907.0,1.907,166,1,70,0,-69
1907.5,1.9075,166,1,70,0,-69
1908.0,1.908,167,1,71,0,-70
1908.5,1.9085,167,1,71,0,-70
1909.0,1.909,166,1,70,0,-69
1909.5,1.9095,166,1,70,0,-69
1910.0,1.91,166,1,70,0,-69
1910.5,1.9105,166,1,69,0,-68
1911.0,1.911,166,1,69,0,-68
1911.5,1.9115,165,1,68,0,-67
1912.0,1.912,164,1,67,0,-66
1912.5,1.9125,164,1,67,0,-66
1913.0,1.913,164,1,67,0,-66
1913.5,1.9135,164,1,67,0,-66
1914.0,1.914,164,1,67,0,-66
1914.5,1.9145,163,1,66,0,-65
1915.0,1.915,164,1,67,0,-66
1915.5,1.9155,164,1,67,0,-66
1916.0,1.916,164,1,67,0,-66
1916.5,1.9165,163,1,67,0,-66
1917.0,1.917,162,1,66,0,-65
1917.5,1.9175,162,1,66,0,-65
1918.0,1.918,159,1,65,0,-64
1918.5,1.9185,159,1,65,0,-64
1919.0,1.919,159,1,65,0,-64
1919.5,1.9195,158,1,64,0,-63
1920.0,1.92,158,1,64,0,-63
1920.5,1.9205,157,1,64,0,-63
1921.0,1.921,157,1,64,0,-63
1921.5,1.9215,157,1,64,0,-63
1922.0,1.922,158,1,65,0,-64
1922.5,1.9225,156,1,64,0,-63
1923.0,1.923,158,1,65,0,-64
1923.5,1.9235,161,1,67,0,-66
1924.0,1.924,161,1,67,0,-66
1924.5,1.9245,161,1,67,0,-66
1925.0,1.925,161,1,67,0,-66
1925.5,1.9255,161,1,67,0,-66
1926.0,1.926,161,1,67,0,-66
1926.5,1.9265,161,1,67,0,-66
1927.0,1.927,162,1,68,0,-67
1927.5,1.9275,162,1,68,0,-67
1928.0,1.928,162,1,68,0,-67
1928.5,1.9285,160,1,67,0,-66
1929.0,1.929,160,1,67,0,-66
1929.5,1.9295,160,1,67,0,-66
1930.0,1.93,160,1,67,0,-66
1930.5,1.9305,159,1,67,0,-66
1931.0,1.931,159,1,67,0,-66
1931.5,1.9315,159,1,67,0,-66
1932.0,1.932,158,1,66,0,-65
1932.5,1.9325,158,1,66,0,-65
1933.0,1.933,158,1,66,0,-65
1933.5,1.9335,158,1,66,0,-65
1934.0,1.934,158,1,66,0,-65
1934.5,1.9345,160,1,67,0,-66
1935.0,1.935,160,1,67,0,-66
1935.5,1.9355,160,1,67,0,-66
1936.0,1.936,161,1,68,0,-67
1936.5,1.9365,161,1,68,0,-67
1937.0,1.937,161,1,68,0,-67
1937.5,1.9375,161,1,68,0,-67
1938.0,1.938,161,1,68,0,-67
1938.5,1.9385,161,1,68,0,-67
1939.0,1.939,160,1,67,0,-66
1939.5,1.9395,160,1,67,0,-66
1940.0,1.94,158,1,66,0,-65
1940.5,1.9405,158,1,66,0,-65
1941.0,1.941,159,1,67,0,-66
1941.5,1.9415,159,1,67,0,-66
1942.0,1.942,160,1,68,0,-67
1942.5,1.9425,161,1,69,0,-68
1943.0,1.943,161,1,69,0,-68
1943.5,1.9435,161,1,69,0,-68
1944.0,1.944,161,1,69,0,-68
1944.5,1.9445,165,1,70,0,-69
1945.0,1.945,165,1,70,0,-69
1945.5,1.9455,164,1,69,0,-68
1946.0,1.946,163,1,69,0,-68
1946.5,1.9465,163,1,68,0,-67
1947.0,1.947,163,1,68,0,-67
1947.5,1.9475,163,1,68,0,-67
1948.0,1.948,163,1,68,0,-67
1948.5,1.9485,163,1,68,0,-67
1949.0,1.949,162,1,68,0,-67
1949.5,1.9495,162,1,68,0,-67
1950.0,1.95,162,1,68,0,-67
1950.5,1.9505,159,1,66,0,-65
1951.0,1.951,159,1,66,0,-65
1951.5,1.9515,159,1,66,0,-65
1952.0,1.952,161,1,66,0,-65
1952.5,1.9525,160,1,65,0,-64
1953.0,1.953,160,1,65,0,-64
1953.5,1.9535,159,1,64,0,-63
1954.0,1.954,159,1,64,0,-63
1954.5,1.9545,159,1,64,0,-63
1955.0,1.955,160,1,65,0,-64
1955.5,1.9555,160,1,65,0,-64
1956.0,1.956,161,1,66,0,-65
1956.5,1.9565,161,1,66,0,-65
1957.0,1.957,163,1,67,0,-66
1957.5,1.9575,163,1,67,0,-66
1958.0,1.958,163,1,67,0,-66
1958.5,1.9585,162,1,67,0,-66
1959.0,1.959,162,1,67,0,-66
1959.5,1.9595,162,1,67,0,-66
1960.0,1.96,163,1,68,0,-67
1960.5,1.9605,163,1,68,0,-67
1961.0,1.961,163,1,68,0,-67
1961.5,1.9615,162,1,68,0,-67
1962.0,1.962,162,1,68,0,-67
1962.5,1.9625,161,1,68,0,-67
1963.0,1.963,160,1,67,0,-66
1963.5,1.9635,160,1,67,0,-66
1964.0,1.964,160,1,67,0,-66
1964.5,1.9645,161,1,67,0,-66
1965.0,1.965,160,1,66,0,-65
1965.5,1.9655,159,1,65,0,-64
1966.0,1.966,159,1,65,0,-64
1966.5,1.9665,161,1,66,0,-65
1967.0,1.967,161,1,66,0,-65
1967.5,1.9675,161,1,66,0,-65
1968.0,1.968,161,1,66,0,-65
1968.5,1.9685,160,1,65,0,-64
1969.0,1.969,160,1,65,0,-64
1969.5,1.9695,162,1,66,0,-65
1970.0,1.97,162,1,66,0,-65
1970.5,1.9705,162,1,66,0,-65
1971.0,1.971,163,1,67,0,-66
1971.5,1.9715,163,1,67,0,-66
1972.0,1.972,164,1,68,0,-67
1972.5,1.9725,162,1,67,0,-66
1973.0,1.973,161,1,68,0,-67
1973.5,1.9735,161,1,68,0,-67
1974.0,1.974,161,1,68,0,-67
1974.5,1.9745,161,1,68,0,-67
1975.0,1.975,161,1,68,0,-67
1975.5,1.9755,162,1,68,0,-67
1976.0,1.976,162,1,68,0,-67
1976.5,1.9765,162,1,68,0,-67
1977.0,1.977,162,1,68,0,-67
1977.5,1.9775,164,1,69,0,-68
1978.0,1.978,164,1,69,0,-68
1978.5,1.9785,164,1,69,0,-68
1979.0,1.979,164,1,69,0,-68
1979.5,1.9795,164,1,69,0,-68
1980.0,1.98,163,1,68,0,-67
1980.5,1.9805,162,1,67,0,-66
1981.0,1.981,161,1,67,0,-66
1981.5,1.9815,161,1,67,0,-66
1982.0,1.982,161,1,67,0,-66
1982.5,1.9825,161,1,67,0,-66
1983.0,1.983,162,1,68,0,-67
1983.5,1.9835,160,1,67,0,-66
1984.0,1.984,161,1,67,0,-66
1984.5,1.9845,161,1,67,0,-66
1985.0,1.985,162,1,66,0,-65
1985.5,1.9855,163,1,67,0,-66
1986.0,1.986,163,1,67,0,-66
1986.5,1.9865,163,1,67,0,-66
1987.0,1.987,163,1,67,0,-66
1987.5,1.9875,162,1,67,0,-66
1988.0,1.988,162,1,67,0,-66
1988.5,1.9885,165,1,68,0,-67
1989.0,1.989,165,1,68,0,-67
1989.5,1.9895,165,1,68,0,-67
1990.0,1.99,163,1,66,0,-65
1990.5,1.9905,163,1,66,0,-65
1991.0,1.991,163,1,66,0,-65
1991.5,1.9915,163,1,66,0,-65
1992.0,1.992,162,1,65,0,-64
1992.5,1.9925,163,1,66,0,-65
1993.0,1.993,163,1,66,0,-65
1993.5,1.9935,163,1,65,0,-64
1994.0,1.994,161,1,64,0,-63
1994.5,1.9945,162,1,65,0,-64
1995.0,1.995,162,1,65,0,-64
1995.5,1.9955,162,1,65,0,-64
1996.0,1.996,162,1,65,0,-64
1996.5,1.9965,162,1,65,0,-64
1997.0,1.997,162,1,65,0,-64
1997.5,1.9975,162,1,65,0,-64
1998.0,1.998,161,1,64,0,-63
1998.5,1.9985,161,1,64,0,-63
1999.0,1.999,161,1,64,0,-63
1999.5,1.9995,163,1,65,0,-64
2000.0,2.0,163,1,65,0,-64
2000.5,2.0005,163,1,65,0,-64
2001.0,2.001,163,1,65,0,-64
2001.5,2.0015,163,1,65,0,-64
2002.0,2.002,163,1,65,0,-64
2002.5,2.0025,162,1,65,0,-64
2003.0,2.003,162,1,65,0,-64
2003.5,2.0035,162,1,65,0,-64
2004.0,2.004,162,1,65,0,-64
2004.5,2.0045,162,1,65,0,-64
2005.0,2.005,162,1,65,0,-64
2005.5,2.0055,160,1,64,0,-63
2006.0,2.006,160,1,64,0,-63
2006.5,2.0065,160,1,64,0,-63
2007.0,2.007,160,1,65,0,-64
2007.5,2.0075,160,1,65,0,-64
2008.0,2.008,160,1,65,0,-64
2008.5,2.0085,160,1,65,0,-64
2009.0,2.009,159,1,65,0,-64
2009.5,2.0095,159,1,65,0,-64
2010.0,2.01,161,1,66,0,-65
2010.5,2.0105,161,1,66,0,-65
2011.0,2.011,160,1,66,0,-65
2011.5,2.0115,160,1,66,0,-65
2012.0,2.012,160,1,66,0,-65
2012.5,2.0125,161,1,67,0,-66
2013.0,2.013,161,1,67,0,-66
2013.5,2.0135,160,1,66,0,-65
2014.0,2.014,160,1,66,0,-65
2014.5,2.0145,160,1,66,0,-65
2015.0,2.015,160,1,66,0,-65
2015.5,2.0155,158,1,65,0,-64
2016.0,2.016,157,1,64,0,-63
2016.5,2.0165,157,1,64,0,-63
2017.0,2.017,157,1,64,0,-63
2017.5,2.0175,157,1,64,0,-63
2018.0,2.018,157,1,64,0,-63
2018.5,2.0185,157,1,64,0,-63
2019.0,2.019,157,1,64,0,-63
2019.5,2.0195,157,1,64,0,-63
2020.0,2.02,158,1,65,0,-64
2020.5,2.0205,158,1,65,0,-64
2021.0,2.021,157,1,65,0,-64
2021.5,2.0215,159,1,66,0,-65
2022.0,2.022,159,1,66,0,-65
2022.5,2.0225,159,1,66,0,-65
2023.0,2.023,159,1,66,0,-65
2023.5,2.0235,161,1,66,0,-65
2024.0,2.024,161,1,66,0,-65
2024.5,2.0245,161,1,66,0,-65
2025.0,2.025,161,1,66,0,-65
2025.5,2.0255,161,1,66,0,-65
2026.0,2.026,162,1,66,0,-65
2026.5,2.0265,163,1,67,0,-66
2027.0,2.027,162,1,67,0,-66
2027.5,2.0275,161,1,67,0,-66
2028.0,2.028,159,1,65,0,-64
2028.5,2.0285,159,1,65,0,-64
2029.0,2.029,159,1,65,0,-64
2029.5,2.0295,158,1,64,0,-63
2030.0,2.03,158,1,64,0,-63
2030.5,2.0305,158,1,64,0,-63
2031.0,2.031,158,1,64,0,-63
2031.5,2.0315,161,1,66,0,-65
2032.0,2.032,162,1,66,0,-65
2032.5,2.0325,162,1,66,0,-65
2033.0,2.033,163,1,67,0,-66
2033.5,2.0335,162,1,66,0,-65
2034.0,2.034,163,1,67,0,-66
2034.5,2.0345,163,1,67,0,-66
2035.0,2.035,163,1,67,0,-66
2035.5,2.0355,163,1,67,0,-66
2036.0,2.036,163,1,67,0,-66
2036.5,2.0365,163,1,67,0,-66
2037.0,2.037,163,1,67,0,-66
2037.5,2.0375,159,1,65,0,-64
2038.0,2.038,160,1,66,0,-65
2038.5,2.0385,160,1,66,0,-65
2039.0,2.039,160,1,66,0,-65
2039.5,2.0395,160,1,66,0,-65
2040.0,2.04,161,1,66,0,-65
2040.5,2.0405,160,1,65,0,-64
2041.0,2.041,160,1,65,0,-64
2041.5,2.0415,159,1,64,0,-63
2042.0,2.042,160,1,65,0,-64
2042.5,2.0425,161,1,66,0,-65
2043.0,2.043,163,1,67,0,-66
2043.5,2.0435,162,1,66,0,-65
2044.0,2.044,162,1,66,0,-65
2044.5,2.0445,162,1,66,0,-65
2045.0,2.045,162,1,66,0,-65
2045.5,2.0455,161,1,66,0,-65
2046.0,2.046,160,1,65,0,-64
2046.5,2.0465,160,1,65,0,-64
2047.0,2.047,159,1,64,0,-63
2047.5,2.0475,159,1,64,0,-63
2048.0,2.048,159,1,64,0,-63
2048.5,2.0485,160,1,64,0,-63
2049.0,2.049,158,1,63,0,-62
2049.5,2.0495,157,1,62,0,-61
2050.0,2.05,157,1,62,0,-61
2050.5,2.0505,159,1,64,0,-63
2051.0,2.051,159,1,64,0,-63
2051.5,2.0515,159,1,64,0,-63
2052.0,2.052,159,1,64,0,-63
2052.5,2.0525,162,1,66,0,-65
2053.0,2.053,162,1,66,0,-65
2053.5,2.0535,161,1,67,0,-66
2054.0,2.054,161,1,67,0,-66
2054.5,2.0545,161,1,67,0,-66
2055.0,2.055,160,1,66,0,-65
2055.5,2.0555,160,1,66,0,-65
2056.0,2.056,160,1,66,0,-65
2056.5,2.0565,160,1,65,0,-64
2057.0,2.057,161,1,66,0,-65
2057.5,2.0575,160,1,65,0,-64
2058.0,2.058,160,1,65,0,-64
2058.5,2.0585,159,1,65,0,-64
2059.0,2.059,160,1,66,0,-65
2059.5,2.0595,160,1,66,0,-65
2060.0,2.06,160,1,66,0,-65
2060.5,2.0605,160,1,66,0,-65
2061.0,2.061,160,1,66,0,-65
2061.5,2.0615,160,1,66,0,-65
2062.0,2.062,160,1,66,0,-65
2062.5,2.0625,160,1,66,0,-65
2063.0,2.063,160,1,66,0,-65
2063.5,2.0635,160,1,66,0,-65
2064.0,2.064,163,1,68,0,-67
2064.5,2.0645,163,1,68,0,-67
2065.0,2.065,163,1,68,0,-67
2065.5,2.0655,163,1,68,0,-67
2066.0,2.066,162,1,67,0,-66
2066.5,2.0665,162,1,67,0,-66
2067.0,2.067,164,1,68,0,-67
2067.5,2.0675,162,1,67,0,-66
2068.0,2.068,162,1,67,0,-66
2068.5,2.0685,162,1,67,0,-66
2069.0,2.069,161,1,66,0,-65
2069.5,2.0695,161,1,66,0,-65
2070.0,2.07,158,1,64,0,-63
2070.5,2.0705,158,1,64,0,-63
2071.0,2.071,158,1,64,0,-63
2071.5,2.0715,158,1,64,0,-63
2072.0,2.072,157,1,63,0,-62
2072.5,2.0725,157,1,63,0,-62
2073.0,2.073,157,1,63,0,-62
2073.5,2.0735,158,1,63,0,-62
2074.0,2.074,161,1,65,0,-64
2074.5,2.0745,161,1,65,0,-64
2075.0,2.075,162,1,66,0,-65
2075.5,2.0755,162,1,66,0,-65
2076.0,2.076,162,1,66,0,-65
2076.5,2.0765,162,1,66,0,-65
2077.0,2.077,162,1,66,0,-65
2077.5,2.0775,162,1,66,0,-65
2078.0,2.078,162,1,66,0,-65
2078.5,2.0785,162,1,66,0,-65
2079.0,2.079,161,1,65,0,-64
2079.5,2.0795,161,1,65,0,-64
2080.0,2.08,159,1,64,0,-63
2080.5,2.0805,159,1,64,0,-63
2081.0,2.081,159,1,64,0,-63
2081.5,2.0815,159,1,64,0,-63
2082.0,2.082,159,1,64,0,-63
2082.5,2.0825,159,1,64,0,-63
2083.0,2.083,159,1,64,0,-63
2083.5,2.0835,159,1,64,0,-63
2084.0,2.084,159,1,64,0,-63
2084.5,2.0845,159,1,64,0,-63
2085.0,2.085,160,1,65,0,-64
2085.5,2.0855,160,1,65,0,-64
2086.0,2.086,161,1,66,0,-65
2086.5,2.0865,159,1,63,0,-62
2087.0,2.087,159,1,63,0,-62
2087.5,2.0875,159,1,63,0,-62
2088.0,2.088,159,1,63,0,-62
2088.5,2.0885,160,1,64,0,-63
2089.0,2.089,162,1,66,0,-65
2089.5,2.0895,162,1,66,0,-65
2090.0,2.09,163,1,67,0,-66
2090.5,2.0905,161,1,66,0,-65
2091.0,2.091,157,1,63,0,-62
2091.5,2.0915,156,1,62,0,-61
2092.0,2.092,156,1,62,0,-61
2092.5,2.0925,156,1,62,0,-61
2093.0,2.093,156,1,62,0,-61
2093.5,2.0935,156,1,62,0,-61
2094.0,2.094,156,1,62,0,-61
2094.5,2.0945,156,1,62,0,-61
2095.0,2.095,158,1,64,0,-63
2095.5,2.0955,161,1,66,0,-65
2096.0,2.096,161,1,66,0,-65
2096.5,2.0965,161,1,66,0,-65
2097.0,2.097,160,1,65,0,-64
2097.5,2.0975,160,1,65,0,-64
2098.0,2.098,160,1,65,0,-64
2098.5,2.0985,159,1,64,0,-63
2099.0,2.099,159,1,64,0,-63
2099.5,2.0995,158,1,63,0,-62
2100.0,2.1,157,1,62,0,-61
2100.5,2.1005,157,1,62,0,-61
2101.0,2.101,156,1,62,0,-61
2101.5,2.1015,154,1,61,0,-60
2102.0,2.102,154,1,61,0,-60
2102.5,2.1025,154,1,61,0,-60
2103.0,2.103,154,1,61,0,-60
2103.5,2.1035,154,1,61,0,-60
2104.0,2.104,154,1,61,0,-60
2104.5,2.1045,155,1,62,0,-61
2105.0,2.105,155,1,62,0,-61
2105.5,2.1055,155,1,62,0,-61
2106.0,2.106,155,1,62,0,-61
2106.5,2.1065,156,1,62,0,-61
2107.0,2.107,156,1,62,0,-61
2107.5,2.1075,156,1,62,0,-61
2108.0,2.108,156,1,62,0,-61
2108.5,2.1085,157,1,63,0,-62
2109.0,2.109,157,1,63,0,-62
2109.5,2.1095,157,1,63,0,-62
2110.0,2.11,157,1,63,0,-62
2110.5,2.1105,157,1,63,0,-62
2111.0,2.111,157,1,63,0,-62
2111.5,2.1115,158,1,64,0,-63
2112.0,2.112,156,1,63,0,-62
2112.5,2.1125,156,1,63,0,-62
2113.0,2.113,156,1,63,0,-62
2113.5,2.1135,156,1,63,0,-62
2114.0,2.114,155,1,62,0,-61
2114.5,2.1145,155,1,62,0,-61
2115.0,2.115,156,1,63,0,-62
2115.5,2.1155,156,1,63,0,-62
2116.0,2.116,156,1,63,0,-62
2116.5,2.1165,156,1,63,0,-62
2117.0,2.117,156,1,63,0,-62
2117.5,2.1175,156,1,63,0,-62
2118.0,2.118,156,1,63,0,-62
2118.5,2.1185,158,1,64,0,-63
2119.0,2.119,158,1,64,0,-63
2119.5,2.1195,158,1,64,0,-63
2120.0,2.12,158,1,64,0,-63
2120.5,2.1205,158,1,64,0,-63
2121.0,2.121,158,1,64,0,-63
2121.5,2.1215,158,1,64,0,-63
2122.0,2.122,158,1,64,0,-63
2122.5,2.1225,159,1,64,0,-63
2123.0,2.123,160,1,65,0,-64
2123.5,2.1235,160,1,65,0,-64
2124.0,2.124,160,1,65,0,-64
2124.5,2.1245,158,1,64,0,-63
2125.0,2.125,157,1,64,0,-63
2125.5,2.1255,157,1,64,0,-63
2126.0,2.126,158,1,65,0,-64
2126.5,2.1265,159,1,65,0,-64
2127.0,2.127,159,1,65,0,-64
2127.5,2.1275,159,1,65,0,-64
2128.0,2.128,159,1,65,0,-64
2128.5,2.1285,159,1,65,0,-64
2129.0,2.129,157,1,63,0,-62
2129.5,2.1295,157,1,63,0,-62
2130.0,2.13,159,1,64,0,-63
2130.5,2.1305,159,1,64,0,-63
2131.0,2.131,159,1,64,0,-63
2131.5,2.1315,159,1,64,0,-63
2132.0,2.132,160,1,65,0,-64
2132.5,2.1325,160,1,65,0,-64
2133.0,2.133,160,1,65,0,-64
2133.5,2.1335,160,1,65,0,-64
2134.0,2.134,161,1,64,0,-63
2134.5,2.1345,161,1,64,0,-63
2135.0,2.135,161,1,64,0,-63
2135.5,2.1355,161,1,64,0,-63
2136.0,2.136,159,1,63,0,-62
2136.5,2.1365,159,1,63,0,-62
2137.0,2.137,159,1,63,0,-62
2137.5,2.1375,159,1,63,0,-62
2138.0,2.138,158,1,62,0,-61
2138.5,2.1385,158,1,62,0,-61
2139.0,2.139,158,1,62,0,-61
2139.5,2.1395,158,1,62,0,-61
2140.0,2.14,157,1,62,0,-61
2140.5,2.1405,157,1,62,0,-61
2141.0,2.141,157,1,62,0,-61
2141.5,2.1415,159,1,63,0,-62
2142.0,2.142,159,1,63,0,-62
2142.5,2.1425,159,1,63,0,-62
2143.0,2.143,158,1,62,0,-61
2143.5,2.1435,158,1,62,0,-61
2144.0,2.144,158,1,62,0,-61
2144.5,2.1445,157,1,63,0,-62
2145.0,2.145,157,1,63,0,-62
2145.5,2.1455,158,1,64,0,-63
2146.0,2.146,158,1,64,0,-63
2146.5,2.1465,158,1,64,0,-63
2147.0,2.147,158,1,64,0,-63
2147.5,2.1475,158,1,64,0,-63
2148.0,2.148,158,1,64,0,-63
2148.5,2.1485,158,1,64,0,-63
2149.0,2.149,157,1,64,0,-63
2149.5,2.1495,157,1,64,0,-63
2150.0,2.15,157,1,64,0,-63
2150.5,2.1505,157,1,63,0,-62
2151.0,2.151,157,1,63,0,-62
2151.5,2.1515,157,1,63,0,-62
2152.0,2.152,157,1,63,0,-62
2152.5,2.1525,158,1,64,0,-63
2153.0,2.153,158,1,64,0,-63
2153.5,2.1535,156,1,63,0,-62
2154.0,2.154,156,1,63,0,-62
2154.5,2.1545,156,1,63,0,-62
2155.0,2.155,156,1,63,0,-62
2155.5,2.1555,156,1,63,0,-62
2156.0,2.156,155,1,62,0,-61
2156.5,2.1565,155,1,62,0,-61
2157.0,2.157,156,1,63,0,-62
2157.5,2.1575,155,1,62,0,-61
2158.0,2.158,155,1,62,0,-61
2158.5,2.1585,154,1,62,0,-61
2159.0,2.159,154,1,62,0,-61
2159.5,2.1595,156,1,64,0,-63
2160.0,2.16,156,1,64,0,-63
2160.5,2.1605,158,1,64,0,-63
2161.0,2.161,158,1,64,0,-63
2161.5,2.1615,158,1,64,0,-63
2162.0,2.162,158,1,64,0,-63
2162.5,2.1625,158,1,64,0,-63
2163.0,2.163,156,1,63,0,-62
2163.5,2.1635,157,1,63,0,-62
2164.0,2.164,156,1,62,0,-61
2164.5,2.1645,156,1,62,0,-61
2165.0,2.165,156,1,62,0,-61
2165.5,2.1655,156,1,62,0,-61
2166.0,2.166,157,1,63,0,-62
2166.5,2.1665,157,1,63,0,-62
2167.0,2.167,157,1,63,0,-62
2167.5,2.1675,157,1,63,0,-62
2168.0,2.168,158,1,64,0,-63
2168.5,2.1685,157,1,64,0,-63
2169.0,2.169,157,1,64,0,-63
2169.5,2.1695,157,1,64,0,-63
2170.0,2.17,158,1,64,0,-63
2170.5,2.1705,159,1,64,0,-63
2171.0,2.171,160,1,65,0,-64
2171.5,2.1715,160,1,65,0,-64
2172.0,2.172,159,1,64,0,-63
2172.5,2.1725,159,1,64,0,-63
2173.0,2.173,159,1,64,0,-63
2173.5,2.1735,160,1,63,0,-62
2174.0,2.174,159,1,62,0,-61
2174.5,2.1745,159,1,62,0,-61
2175.0,2.175,159,1,62,0,-61
2175.5,2.1755,160,1,62,0,-61
2176.0,2.176,160,1,62,0,-61
2176.5,2.1765,161,1,63,0,-62
2177.0,2.177,161,1,63,0,-62
2177.5,2.1775,161,1,63,0,-62
2178.0,2.178,160,1,62,0,-61
2178.5,2.1785,160,1,62,0,-61
2179.0,2.179,159,1,61,0,-60
2179.5,2.1795,159,1,61,0,-60
2180.0,2.18,159,1,61,0,-60
2180.5,2.1805,158,1,61,0,-60
2181.0,2.181,159,1,62,0,-61
2181.5,2.1815,158,1,62,0,-61
2182.0,2.182,158,1,62,0,-61
2182.5,2.1825,158,1,62,0,-61
2183.0,2.183,159,1,62,0,-61
2183.5,2.1835,159,1,62,0,-61
2184.0,2.184,158,1,63,0,-62
2184.5,2.1845,158,1,63,0,-62
2185.0,2.185,158,1,63,0,-62
2185.5,2.1855,158,1,63,0,-62
2186.0,2.186,159,1,64,0,-63
2186.5,2.1865,160,1,65,0,-64
2187.0,2.187,159,1,65,0,-64
2187.5,2.1875,159,1,65,0,-64
2188.0,2.188,157,1,64,0,-63
2188.5,2.1885,154,1,62,0,-61
2189.0,2.189,155,1,63,0,-62
2189.5,2.1895,155,1,63,0,-62
2190.0,2.19,155,1,63,0,-62
2190.5,2.1905,155,1,63,0,-62
2191.0,2.191,155,1,63,0,-62
2191.5,2.1915,154,1,62,0,-61
2192.0,2.192,154,1,62,0,-61
2192.5,2.1925,157,1,64,0,-63
2193.0,2.193,159,1,66,0,-65
2193.5,2.1935,158,1,65,0,-64
2194.0,2.194,158,1,65,0,-64
2194.5,2.1945,158,1,65,0,-64
2195.0,2.195,157,1,64,0,-63
2195.5,2.1955,157,1,64,0,-63
2196.0,2.196,157,1,64,0,-63
2196.5,2.1965,157,1,64,0,-63
2197.0,2.197,158,1,64,0,-63
2197.5,2.1975,158,1,64,0,-63
2198.0,2.198,157,1,63,0,-62
2198.5,2.1985,157,1,63,0,-62
2199.0,2.199,157,1,63,0,-62
2199.5,2.1995,157,1,63,0,-62
2200.0,2.2,155,1,62,0,-61
2200.5,2.2005,155,1,62,0,-61
2201.0,2.201,155,1,62,0,-61
2201.5,2.2015,154,1,61,0,-60
2202.0,2.202,159,1,64,0,-63
2202.5,2.2025,159,1,64,0,-63
2203.0,2.203,159,1,64,0,-63
2203.5,2.2035,159,1,64,0,-63
2204.0,2.204,159,1,64,0,-63
2204.5,2.2045,160,1,65,0,-64
2205.0,2.205,161,1,66,0,-65
2205.5,2.2055,161,1,67,0,-66
2206.0,2.206,160,1,66,0,-65
2206.5,2.2065,160,1,66,0,-65
2207.0,2.207,160,1,66,0,-65
2207.5,2.2075,160,1,66,0,-65
2208.0,2.208,159,1,65,0,-64
2208.5,2.2085,159,1,65,0,-64
2209.0,2.209,159,1,65,0,-64
2209.5,2.2095,158,1,65,0,-64
2210.0,2.21,159,1,66,0,-65
2210.5,2.2105,159,1,66,0,-65
2211.0,2.211,159,1,66,0,-65
2211.5,2.2115,159,1,66,0,-65
2212.0,2.212,159,1,66,0,-65
2212.5,2.2125,160,1,67,0,-66
2213.0,2.213,162,1,68,0,-67
2213.5,2.2135,162,1,68,0,-67
2214.0,2.214,163,1,67,0,-66
2214.5,2.2145,163,1,67,0,-66
2215.0,2.215,156,1,63,0,-62
2215.5,2.2155,156,1,63,0,-62
2216.0,2.216,157,1,64,0,-63
2216.5,2.2165,157,1,64,0,-63
2217.0,2.217,157,1,64,0,-63
2217.5,2.2175,157,1,64,0,-63
2218.0,2.218,157,1,64,0,-63
2218.5,2.2185,157,1,64,0,-63
2219.0,2.219,156,1,63,0,-62
2219.5,2.2195,156,1,63,0,-62
2220.0,2.22,154,1,62,0,-61
2220.5,2.2205,154,1,62,0,-61
2221.0,2.221,153,1,61,0,-60
2221.5,2.2215,153,1,61,0,-60
2222.0,2.222,152,1,61,0,-60
2222.5,2.2225,152,1,61,0,-60
2223.0,2.223,154,1,62,0,-61
2223.5,2.2235,156,1,63,0,-62
2224.0,2.224,155,1,62,0,-61
2224.5,2.2245,155,1,62,0,-61
2225.0,2.225,155,1,62,0,-61
2225.5,2.2255,155,1,62,0,-61
2226.0,2.226,158,1,64,0,-63
2226.5,2.2265,158,1,64,0,-63
2227.0,2.227,158,1,64,0,-63
2227.5,2.2275,157,1,63,0,-62
2228.0,2.228,158,1,63,0,-62
2228.5,2.2285,158,1,63,0,-62
2229.0,2.229,158,1,63,0,-62
2229.5,2.2295,157,1,62,0,-61
2230.0,2.23,158,1,63,0,-62
2230.5,2.2305,158,1,63,0,-62
2231.0,2.231,157,1,63,0,-62
2231.5,2.2315,157,1,63,0,-62
2232.0,2.232,156,1,63,0,-62
2232.5,2.2325,156,1,63,0,-62
2233.0,2.233,156,1,63,0,-62
2233.5,2.2335,157,1,63,0,-62
2234.0,2.234,157,1,63,0,-62
2234.5,2.2345,157,1,63,0,-62
2235.0,2.235,157,1,63,0,-62
2235.5,2.2355,158,1,64,0,-63
2236.0,2.236,157,1,63,0,-62
2236.5,2.2365,156,1,62,0,-61
2237.0,2.237,156,1,62,0,-61
2237.5,2.2375,155,1,61,0,-60
2238.0,2.238,154,1,60,0,-59
2238.5,2.2385,154,1,60,0,-59
2239.0,2.239,154,1,60,0,-59
2239.5,2.2395,155,1,60,0,-59
2240.0,2.24,155,1,60,0,-59
2240.5,2.2405,154,1,59,0,-58
2241.0,2.241,154,1,59,0,-58
2241.5,2.2415,154,1,59,0,-58
2242.0,2.242,155,1,60,0,-59
2242.5,2.2425,156,1,61,0,-60
2243.0,2.243,156,1,61,0,-60
2243.5,2.2435,156,1,61,0,-60
2244.0,2.244,157,1,62,0,-61
2244.5,2.2445,158,1,63,0,-62
2245.0,2.245,158,1,63,0,-62
2245.5,2.2455,158,1,63,0,-62
2246.0,2.246,157,1,62,0,-61
2246.5,2.2465,157,1,62,0,-61
2247.0,2.247,157,1,62,0,-61
2247.5,2.2475,156,1,61,0,-60
2248.0,2.248,156,1,61,0,-60
2248.5,2.2485,156,1,62,0,-61
2249.0,2.249,156,1,62,0,-61
2249.5,2.2495,157,1,63,0,-62
2250.0,2.25,157,1,63,0,-62
2250.5,2.2505,157,1,63,0,-62
2251.0,2.251,156,1,63,0,-62
2251.5,2.2515,157,1,63,0,-62
2252.0,2.252,157,1,63,0,-62
2252.5,2.2525,159,1,64,0,-63
2253.0,2.253,159,1,64,0,-63
2253.5,2.2535,159,1,64,0,-63
2254.0,2.254,159,1,64,0,-63
2254.5,2.2545,158,1,64,0,-63
2255.0,2.255,158,1,64,0,-63
2255.5,2.2555,158,1,64,0,-63
2256.0,2.256,160,1,66,0,-65
2256.5,2.2565,160,1,66,0,-65
2257.0,2.257,160,1,66,0,-65
2257.5,2.2575,159,1,65,0,-64
2258.0,2.258,159,1,65,0,-64
2258.5,2.2585,160,1,65,0,-64
2259.0,2.259,160,1,65,0,-64
2259.5,2.2595,160,1,65,0,-64
2260.0,2.26,160,1,65,0,-64
2260.5,2.2605,160,1,65,0,-64
2261.0,2.261,159,1,64,0,-63
2261.5,2.2615,159,1,64,0,-63
2262.0,2.262,161,1,65,0,-64
2262.5,2.2625,159,1,63,0,-62
2263.0,2.263,159,1,63,0,-62
2263.5,2.2635,160,1,64,0,-63
2264.0,2.264,161,1,65,0,-64
2264.5,2.2645,161,1,65,0,-64
2265.0,2.265,161,1,65,0,-64
2265.5,2.2655,161,1,65,0,-64
2266.0,2.266,161,1,65,0,-64
2266.5,2.2665,160,1,65,0,-64
2267.0,2.267,159,1,65,0,-64
2267.5,2.2675,158,1,65,0,-64
2268.0,2.268,158,1,65,0,-64
2268.5,2.2685,158,1,65,0,-64
2269.0,2.269,157,1,64,0,-63
2269.5,2.2695,156,1,63,0,-62
2270.0,2.27,154,1,62,0,-61
2270.5,2.2705,154,1,62,0,-61
2271.0,2.271,154,1,62,0,-61
2271.5,2.2715,156,1,64,0,-63
2272.0,2.272,156,1,64,0,-63
2272.5,2.2725,158,1,65,0,-64
2273.0,2.273,158,1,65,0,-64
2273.5,2.2735,158,1,65,0,-64
2274.0,2.274,159,1,66,0,-65
2274.5,2.2745,159,1,66,0,-65
2275.0,2.275,159,1,66,0,-65
2275.5,2.2755,160,1,66,0,-65
2276.0,2.276,160,1,66,0,-65
2276.5,2.2765,160,1,66,0,-65
2277.0,2.277,159,1,65,0,-64
2277.5,2.2775,159,1,65,0,-64
2278.0,2.278,159,1,65,0,-64
2278.5,2.2785,159,1,65,0,-64
2279.0,2.279,159,1,65,0,-64
2279.5,2.2795,159,1,65,0,-64
2280.0,2.28,159,1,65,0,-64
2280.5,2.2805,159,1,65,0,-64
2281.0,2.281,159,1,65,0,-64
2281.5,2.2815,159,1,65,0,-64
2282.0,2.282,159,1,65,0,-64
2282.5,2.2825,157,1,63,0,-62
2283.0,2.283,157,1,63,0,-62
2283.5,2.2835,158,1,64,0,-63
2284.0,2.284,158,1,64,0,-63
2284.5,2.2845,158,1,64,0,-63
2285.0,2.285,158,1,64,0,-63
2285.5,2.2855,158,1,64,0,-63
2286.0,2.286,158,1,64,0,-63
2286.5,2.2865,158,1,64,0,-63
2287.0,2.287,159,1,64,0,-63
2287.5,2.2875,159,1,65,0,-64
2288.0,2.288,161,1,65,0,-64
2288.5,2.2885,161,1,65,0,-64
2289.0,2.289,160,1,64,0,-63
2289.5,2.2895,160,1,64,0,-63
2290.0,2.29,157,1,62,0,-61
2290.5,2.2905,156,1,61,0,-60
2291.0,2.291,156,1,61,0,-60
2291.5,2.2915,156,1,61,0,-60
2292.0,2.292,156,1,61,0,-60
2292.5,2.2925,156,1,61,0,-60
2293.0,2.293,158,1,62,0,-61
2293.5,2.2935,159,1,63,0,-62
2294.0,2.294,157,1,62,0,-61
2294.5,2.2945,156,1,61,0,-60
2295.0,2.295,157,1,62,0,-61
2295.5,2.2955,156,1,61,0,-60
2296.0,2.296,155,1,61,0,-60
2296.5,2.2965,155,1,61,0,-60
2297.0,2.297,155,1,61,0,-60
2297.5,2.2975,155,1,61,0,-60
2298.0,2.298,156,1,62,0,-61
2298.5,2.2985,156,1,62,0,-61
2299.0,2.299,154,1,61,0,-60
2299.5,2.2995,154,1,61,0,-60
2300.0,2.3,154,1,61,0,-60
2300.5,2.3005,154,1,61,0,-60
2301.0,2.301,152,1,60,0,-59
2301.5,2.3015,152,1,60,0,-59
2302.0,2.302,153,1,61,0,-60
2302.5,2.3025,153,1,61,0,-60
2303.0,2.303,155,1,62,0,-61
2303.5,2.3035,156,1,62,0,-61
2304.0,2.304,156,1,62,0,-61
2304.5,2.3045,156,1,62,0,-61
2305.0,2.305,155,1,61,0,-60
2305.5,2.3055,154,1,60,0,-59
2306.0,2.306,154,1,60,0,-59
2306.5,2.3065,154,1,60,0,-59
2307.0,2.307,154,1,60,0,-59
2307.5,2.3075,154,1,60,0,-59
2308.0,2.308,154,1,60,0,-59
2308.5,2.3085,153,1,59,0,-58
2309.0,2.309,153,1,59,0,-58
2309.5,2.3095,154,1,60,0,-59
2310.0,2.31,154,1,61,0,-60
2310.5,2.3105,153,1,61,0,-60
2311.0,2.311,153,1,61,0,-60
2311.5,2.3115,153,1,61,0,-60
2312.0,2.312,153,1,61,0,-60
2312.5,2.3125,152,1,60,0,-59
2313.0,2.313,154,1,62,0,-61
2313.5,2.3135,155,1,63,0,-62
2314.0,2.314,155,1,63,0,-62
2314.5,2.3145,155,1,63,0,-62
2315.0,2.315,155,1,63,0,-62
2315.5,2.3155,157,1,63,0,-62
2316.0,2.316,157,1,63,0,-62
2316.5,2.3165,157,1,63,0,-62
2317.0,2.317,157,1,63,0,-62
2317.5,2.3175,157,1,63,0,-62
2318.0,2.318,157,1,63,0,-62
2318.5,2.3185,157,1,63,0,-62
2319.0,2.319,158,1,63,0,-62
2319.5,2.3195,158,1,63,0,-62
2320.0,2.32,157,1,62,0,-61
2320.5,2.3205,154,1,61,0,-60
2321.0,2.321,154,1,61,0,-60
2321.5,2.3215,154,1,61,0,-60
2322.0,2.322,154,1,61,0,-60
2322.5,2.3225,154,1,61,0,-60
2323.0,2.323,157,1,62,0,-61
2323.5,2.3235,157,1,62,0,-61
2324.0,2.324,157,1,62,0,-61
2324.5,2.3245,158,1,62,0,-61
2325.0,2.325,158,1,62,0,-61
2325.5,2.3255,158,1,62,0,-61
2326.0,2.326,158,1,62,0,-61
2326.5,2.3265,158,1,62,0,-61
2327.0,2.327,158,1,62,0,-61
2327.5,2.3275,159,1,63,0,-62
2328.0,2.328,158,1,62,0,-61
2328.5,2.3285,157,1,61,0,-60
2329.0,2.329,157,1,61,0,-60
2329.5,2.3295,157,1,61,0,-60
2330.0,2.33,157,1,61,0,-60
2330.5,2.3305,157,1,61,0,-60
2331.0,2.331,155,1,60,0,-59
2331.5,2.3315,155,1,60,0,-59
2332.0,2.332,155,1,60,0,-59
2332.5,2.3325,156,1,61,0,-60
2333.0,2.333,157,1,61,0,-60
2333.5,2.3335,157,1,61,0,-60
2334.0,2.334,157,1,61,0,-60
2334.5,2.3345,157,1,61,0,-60
2335.0,2.335,159,1,62,0,-61
2335.5,2.3355,159,1,62,0,-61
2336.0,2.336,159,1,62,0,-61
2336.5,2.3365,159,1,62,0,-61
2337.0,2.337,158,1,61,0,-60
2337.5,2.3375,159,1,62,0,-61
2338.0,2.338,158,1,61,0,-60
2338.5,2.3385,157,1,60,0,-59
2339.0,2.339,157,1,60,0,-59
2339.5,2.3395,157,1,60,0,-59
2340.0,2.34,157,1,60,0,-59
2340.5,2.3405,157,1,60,0,-59
2341.0,2.341,157,1,60,0,-59
2341.5,2.3415,157,1,60,0,-59
2342.0,2.342,156,1,59,0,-58
2342.5,2.3425,155,1,58,0,-57
2343.0,2.343,155,1,58,0,-57
2343.5,2.3435,154,1,58,0,-57
2344.0,2.344,154,1,58,0,-57
2344.5,2.3445,154,1,58,0,-57
2345.0,2.345,154,1,58,0,-57
2345.5,2.3455,154,1,58,0,-57
2346.0,2.346,154,1,58,0,-57
2346.5,2.3465,154,1,58,0,-57
2347.0,2.347,154,1,58,0,-57
2347.5,2.3475,154,1,58,0,-57
2348.0,2.348,155,1,59,0,-58
2348.5,2.3485,156,1,60,0,-59
2349.0,2.349,155,1,59,0,-58
2349.5,2.3495,155,1,59,0,-58
2350.0,2.35,155,1,59,0,-58
2350.5,2.3505,155,1,59,0,-58
2351.0,2.351,154,1,59,0,-58
2351.5,2.3515,153,1,58,0,-57
2352.0,2.352,153,1,58,0,-57
2352.5,2.3525,153,1,57,0,-56
2353.0,2.353,153,1,57,0,-56
2353.5,2.3535,152,1,57,0,-56
2354.0,2.354,152,1,57,0,-56
2354.5,2.3545,152,1,57,0,-56
2355.0,2.355,152,1,57,0,-56
2355.5,2.3555,153,1,58,0,-57
2356.0,2.356,153,1,58,0,-57
2356.5,2.3565,152,1,57,0,-56
2357.0,2.357,152,1,57,0,-56
2357.5,2.3575,151,1,56,0,-55
2358.0,2.358,152,1,57,0,-56
2358.5,2.3585,153,1,58,0,-57
2359.0,2.359,153,1,58,0,-57
2359.5,2.3595,154,1,59,0,-58
2360.0,2.36,154,1,59,0,-58
2360.5,2.3605,155,1,60,0,-59
2361.0,2.361,155,1,60,0,-59
2361.5,2.3615,155,1,60,0,-59
2362.0,2.362,154,1,59,0,-58
2362.5,2.3625,153,1,59,0,-58
2363.0,2.363,153,1,59,0,-58
2363.5,2.3635,152,1,58,0,-57
2364.0,2.364,153,1,59,0,-58
2364.5,2.3645,152,1,59,0,-58
2365.0,2.365,151,1,58,0,-57
2365.5,2.3655,150,1,57,0,-56
2366.0,2.366,149,1,57,0,-56
2366.5,2.3665,149,1,57,0,-56
2367.0,2.367,151,1,59,0,-58
2367.5,2.3675,151,1,59,0,-58
2368.0,2.368,149,1,57,0,-56
2368.5,2.3685,148,1,56,0,-55
2369.0,2.369,148,1,57,0,-56
2369.5,2.3695,148,1,57,0,-56
2370.0,2.37,148,1,57,0,-56
2370.5,2.3705,148,1,57,0,-56
2371.0,2.371,148,1,57,0,-56
2371.5,2.3715,147,1,56,0,-55
2372.0,2.372,146,1,55,0,-54
2372.5,2.3725,146,1,55,0,-54
2373.0,2.373,146,1,55,0,-54
2373.5,2.3735,146,1,55,0,-54
2374.0,2.374,146,1,55,0,-54
2374.5,2.3745,147,1,56,0,-55
2375.0,2.375,147,1,56,0,-55
2375.5,2.3755,147,1,56,0,-55
2376.0,2.376,149,1,58,0,-57
2376.5,2.3765,150,1,58,0,-57
2377.0,2.377,150,1,58,0,-57
2377.5,2.3775,150,1,58,0,-57
2378.0,2.378,149,1,57,0,-56
2378.5,2.3785,148,1,56,0,-55
2379.0,2.379,147,1,56,0,-55
2379.5,2.3795,148,1,57,0,-56
2380.0,2.38,150,1,58,0,-57
2380.5,2.3805,152,1,59,0,-58
2381.0,2.381,152,1,59,0,-58
2381.5,2.3815,152,1,59,0,-58
2382.0,2.382,152,1,59,0,-58
2382.5,2.3825,153,1,59,0,-58
2383.0,2.383,154,1,60,0,-59
2383.5,2.3835,153,1,59,0,-58
2384.0,2.384,153,1,58,0,-57
2384.5,2.3845,153,1,57,0,-56
2385.0,2.385,153,1,57,0,-56
2385.5,2.3855,153,1,57,0,-56
2386.0,2.386,153,1,57,0,-56
2386.5,2.3865,153,1,57,0,-56
2387.0,2.387,153,1,57,0,-56
2387.5,2.3875,153,1,57,0,-56
2388.0,2.388,153,1,57,0,-56
2388.5,2.3885,151,1,55,0,-54
2389.0,2.389,151,1,55,0,-54
2389.5,2.3895,151,1,55,0,-54
2390.0,2.39,151,1,55,0,-54
2390.5,2.3905,150,1,54,0,-53
2391.0,2.391,150,1,54,0,-53
2391.5,2.3915,150,1,55,0,-54
2392.0,2.392,150,1,55,0,-54
2392.5,2.3925,150,1,55,0,-54
2393.0,2.393,150,1,55,0,-54
2393.5,2.3935,150,1,55,0,-54
2394.0,2.394,153,1,58,0,-57
2394.5,2.3945,153,1,58,0,-57
2395.0,2.395,152,1,57,0,-56
2395.5,2.3955,153,1,57,0,-56
2396.0,2.396,152,1,57,0,-56
2396.5,2.3965,152,1,57,0,-56
2397.0,2.397,152,1,57,0,-56
2397.5,2.3975,152,1,57,0,-56
2398.0,2.398,152,1,57,0,-56
2398.5,2.3985,153,1,58,0,-57
2399.0,2.399,153,1,58,0,-57
2399.5,2.3995,154,1,59,0,-58
2400.0,2.4,154,1,59,0,-58
2400.5,2.4005,154,1,59,0,-58
2401.0,2.401,155,1,59,0,-58
2401.5,2.4015,155,1,59,0,-58
2402.0,2.402,155,1,59,0,-58
2402.5,2.4025,157,1,60,0,-59
2403.0,2.403,157,1,60,0,-59
2403.5,2.4035,157,1,60,0,-59
2404.0,2.404,158,1,60,0,-59
2404.5,2.4045,158,1,60,0,-59
2405.0,2.405,156,1,60,0,-59
2405.5,2.4055,156,1,60,0,-59
2406.0,2.406,156,1,60,0,-59
2406.5,2.4065,155,1,59,0,-58
2407.0,2.407,153,1,57,0,-56
2407.5,2.4075,155,1,59,0,-58
2408.0,2.408,155,1,59,0,-58
2408.5,2.4085,155,1,59,0,-58
2409.0,2.409,156,1,60,0,-59
2409.5,2.4095,158,1,62,0,-61
2410.0,2.41,157,1,63,0,-62
2410.5,2.4105,156,1,63,0,-62
2411.0,2.411,157,1,64,0,-63
2411.5,2.4115,157,1,64,0,-63
2412.0,2.412,158,1,65,0,-64
2412.5,2.4125,158,1,65,0,-64
2413.0,2.413,158,1,65,0,-64
2413.5,2.4135,158,1,65,0,-64
2414.0,2.414,157,1,64,0,-63
2414.5,2.4145,156,1,63,0,-62
2415.0,2.415,159,1,65,0,-64
2415.5,2.4155,159,1,65,0,-64
2416.0,2.416,159,1,65,0,-64
2416.5,2.4165,159,1,65,0,-64
2417.0,2.417,157,1,63,0,-62
2417.5,2.4175,156,1,62,0,-61
2418.0,2.418,156,1,62,0,-61
2418.5,2.4185,156,1,62,0,-61
2419.0,2.419,155,1,62,0,-61
2419.5,2.4195,157,1,62,0,-61
2420.0,2.42,157,1,62,0,-61
2420.5,2.4205,156,1,62,0,-61
2421.0,2.421,157,1,62,0,-61
2421.5,2.4215,157,1,62,0,-61
2422.0,2.422,154,1,60,0,-59
2422.5,2.4225,153,1,59,0,-58
2423.0,2.423,154,1,59,0,-58
2423.5,2.4235,154,1,59,0,-58
2424.0,2.424,154,1,59,0,-58
2424.5,2.4245,154,1,59,0,-58
2425.0,2.425,155,1,59,0,-58
2425.5,2.4255,156,1,60,0,-59
2426.0,2.426,156,1,61,0,-60
2426.5,2.4265,156,1,61,0,-60
2427.0,2.427,156,1,61,0,-60
2427.5,2.4275,156,1,61,0,-60
2428.0,2.428,156,1,61,0,-60
2428.5,2.4285,155,1,61,0,-60
2429.0,2.429,156,1,62,0,-61
2429.5,2.4295,156,1,62,0,-61
2430.0,2.43,156,1,62,0,-61
2430.5,2.4305,156,1,62,0,-61
2431.0,2.431,156,1,62,0,-61
2431.5,2.4315,155,1,61,0,-60
2432.0,2.432,155,1,61,0,-60
2432.5,2.4325,156,1,62,0,-61
2433.0,2.433,155,1,61,0,-60
2433.5,2.4335,155,1,61,0,-60
2434.0,2.434,154,1,60,0,-59
2434.5,2.4345,157,1,63,0,-62
2435.0,2.435,157,1,63,0,-62
2435.5,2.4355,156,1,62,0,-61
2436.0,2.436,157,1,62,0,-61
2436.5,2.4365,155,1,60,0,-59
2437.0,2.437,155,1,60,0,-59
2437.5,2.4375,153,1,58,0,-57
2438.0,2.438,153,1,58,0,-57
2438.5,2.4385,153,1,58,0,-57
2439.0,2.439,153,1,58,0,-57
2439.5,2.4395,154,1,59,0,-58
2440.0,2.44,153,1,58,0,-57
2440.5,2.4405,155,1,59,0,-58
2441.0,2.441,154,1,59,0,-58
2441.5,2.4415,154,1,59,0,-58
2442.0,2.442,155,1,60,0,-59
2442.5,2.4425,155,1,60,0,-59
2443.0,2.443,154,1,60,0,-59
2443.5,2.4435,153,1,59,0,-58
2444.0,2.444,152,1,59,0,-58
2444.5,2.4445,152,1,59,0,-58
2445.0,2.445,152,1,59,0,-58
2445.5,2.4455,152,1,59,0,-58
2446.0,2.446,153,1,58,0,-57
2446.5,2.4465,153,1,58,0,-57
2447.0,2.447,152,1,57,0,-56
2447.5,2.4475,152,1,57,0,-56
2448.0,2.448,151,1,56,0,-55
2448.5,2.4485,152,1,57,0,-56
2449.0,2.449,152,1,57,0,-56
2449.5,2.4495,150,1,58,0,-57
2450.0,2.45,151,1,59,0,-58
2450.5,2.4505,152,1,60,0,-59
2451.0,2.451,152,1,60,0,-59
2451.5,2.4515,152,1,60,0,-59
2452.0,2.452,152,1,60,0,-59
2452.5,2.4525,152,1,60,0,-59
2453.0,2.453,153,1,59,0,-58
2453.5,2.4535,153,1,59,0,-58
2454.0,2.454,153,1,59,0,-58
2454.5,2.4545,153,1,59,0,-58
2455.0,2.455,153,1,58,0,-57
2455.5,2.4555,153,1,58,0,-57
2456.0,2.456,152,1,59,0,-58
2456.5,2.4565,153,1,60,0,-59
2457.0,2.457,153,1,60,0,-59
2457.5,2.4575,153,1,60,0,-59
2458.0,2.458,152,1,59,0,-58
2458.5,2.4585,152,1,59,0,-58
2459.0,2.459,151,1,58,0,-57
2459.5,2.4595,151,1,58,0,-57
2460.0,2.46,151,1,58,0,-57
2460.5,2.4605,151,1,58,0,-57
2461.0,2.461,151,1,58,0,-57
2461.5,2.4615,153,1,59,0,-58
2462.0,2.462,153,1,59,0,-58
2462.5,2.4625,153,1,59,0,-58
2463.0,2.463,153,1,59,0,-58
2463.5,2.4635,153,1,59,0,-58
2464.0,2.464,154,1,59,0,-58
2464.5,2.4645,155,1,60,0,-59
2465.0,2.465,155,1,60,0,-59
2465.5,2.4655,157,1,62,0,-61
2466.0,2.466,157,1,62,0,-61
2466.5,2.4665,156,1,61,0,-60
2467.0,2.467,153,1,59,0,-58
2467.5,2.4675,154,1,60,0,-59
2468.0,2.468,154,1,60,0,-59
2468.5,2.4685,154,1,60,0,-59
2469.0,2.469,153,1,59,0,-58
2469.5,2.4695,152,1,58,0,-57
2470.0,2.47,152,1,58,0,-57
2470.5,2.4705,151,1,57,0,-56
2471.0,2.471,152,1,58,0,-57
2471.5,2.4715,152,1,58,0,-57
2472.0,2.472,153,1,59,0,-58
2472.5,2.4725,152,1,58,0,-57
2473.0,2.473,151,1,57,0,-56
2473.5,2.4735,153,1,59,0,-58
2474.0,2.474,153,1,59,0,-58
2474.5,2.4745,151,1,58,0,-57
2475.0,2.475,152,1,59,0,-58
2475.5,2.4755,152,1,59,0,-58
2476.0,2.476,152,1,59,0,-58
2476.5,2.4765,152,1,59,0,-58
2477.0,2.477,151,1,58,0,-57
2477.5,2.4775,151,1,58,0,-57
2478.0,2.478,151,1,58,0,-57
2478.5,2.4785,151,1,58,0,-57
2479.0,2.479,157,1,62,0,-61
2479.5,2.4795,157,1,62,0,-61
2480.0,2.48,156,1,61,0,-60
2480.5,2.4805,156,1,61,0,-60
2481.0,2.481,155,1,60,0,-59
2481.5,2.4815,155,1,60,0,-59
2482.0,2.482,156,1,60,0,-59
2482.5,2.4825,156,1,61,0,-60
2483.0,2.483,153,1,59,0,-58
2483.5,2.4835,154,1,60,0,-59
2484.0,2.484,153,1,60,0,-59
2484.5,2.4845,153,1,60,0,-59
2485.0,2.485,154,1,60,0,-59
2485.5,2.4855,154,1,60,0,-59
2486.0,2.486,154,1,60,0,-59
2486.5,2.4865,154,1,60,0,-59
2487.0,2.487,154,1,60,0,-59
2487.5,2.4875,154,1,60,0,-59
2488.0,2.488,154,1,60,0,-59
2488.5,2.4885,155,1,61,0,-60
2489.0,2.489,155,1,61,0,-60
2489.5,2.4895,156,1,62,0,-61
2490.0,2.49,155,1,62,0,-61
2490.5,2.4905,154,1,61,0,-60
2491.0,2.491,154,1,61,0,-60
2491.5,2.4915,154,1,60,0,-59
2492.0,2.492,154,1,60,0,-59
2492.5,2.4925,154,1,61,0,-60
2493.0,2.493,155,1,62,0,-61
2493.5,2.4935,156,1,63,0,-62
2494.0,2.494,155,1,62,0,-61
2494.5,2.4945,153,1,61,0,-60
2495.0,2.495,154,1,62,0,-61
2495.5,2.4955,154,1,62,0,-61
2496.0,2.496,154,1,62,0,-61
2496.5,2.4965,155,1,63,0,-62
2497.0,2.497,157,1,65,0,-64
2497.5,2.4975,157,1,65,0,-64
2498.0,2.498,157,1,65,0,-64
2498.5,2.4985,157,1,65,0,-64
2499.0,2.499,157,1,65,0,-64
2499.5,2.4995,156,1,64,0,-63
2500.0,2.5,156,1,64,0,-63
2500.5,2.5005,156,1,64,0,-63
2501.0,2.501,156,1,64,0,-63
2501.5,2.5015,156,1,64,0,-63
2502.0,2.502,156,1,64,0,-63
2502.5,2.5025,156,1,63,0,-62
2503.0,2.503,156,1,63,0,-62
2503.5,2.5035,157,1,64,0,-63
2504.0,2.504,157,1,64,0,-63
2504.5,2.5045,158,1,64,0,-63
2505.0,2.505,157,1,63,0,-62
2505.5,2.5055,158,1,63,0,-62
2506.0,2.506,157,1,63,0,-62
2506.5,2.5065,157,1,63,0,-62
2507.0,2.507,158,1,64,0,-63
2507.5,2.5075,159,1,64,0,-63
2508.0,2.508,159,1,64,0,-63
2508.5,2.5085,160,1,64,0,-63
2509.0,2.509,160,1,64,0,-63
2509.5,2.5095,161,1,65,0,-64
2510.0,2.51,161,1,65,0,-64
2510.5,2.5105,162,1,66,0,-65
2511.0,2.511,163,1,67,0,-66
2511.5,2.5115,163,1,67,0,-66
2512.0,2.512,163,1,67,0,-66
2512.5,2.5125,163,1,67,0,-66
2513.0,2.513,163,1,69,0,-68
2513.5,2.5135,163,1,69,0,-68
2514.0,2.514,162,1,68,0,-67
2514.5,2.5145,162,1,68,0,-67
2515.0,2.515,162,1,68,0,-67
2515.5,2.5155,162,1,68,0,-67
2516.0,2.516,162,1,68,0,-67
2516.5,2.5165,162,1,68,0,-67
2517.0,2.517,162,1,68,0,-67
2517.5,2.5175,161,1,67,0,-66
2518.0,2.518,161,1,67,0,-66
2518.5,2.5185,161,1,67,0,-66
2519.0,2.519,162,1,68,0,-67
2519.5,2.5195,161,1,68,0,-67
2520.0,2.52,161,1,68,0,-67
2520.5,2.5205,161,1,68,0,-67
2521.0,2.521,161,1,68,0,-67
2521.5,2.5215,161,1,68,0,-67
2522.0,2.522,161,1,68,0,-67
2522.5,2.5225,160,1,67,0,-66
2523.0,2.523,160,1,67,0,-66
2523.5,2.5235,160,1,67,0,-66
2524.0,2.524,161,1,68,0,-67
2524.5,2.5245,161,1,68,0,-67
2525.0,2.525,161,1,68,0,-67
2525.5,2.5255,163,1,69,0,-68
2526.0,2.526,163,1,69,0,-68
2526.5,2.5265,162,1,68,0,-67
2527.0,2.527,162,1,68,0,-67
2527.5,2.5275,162,1,68,0,-67
2528.0,2.528,162,1,68,0,-67
2528.5,2.5285,162,1,68,0,-67
2529.0,2.529,162,1,68,0,-67
2529.5,2.5295,162,1,68,0,-67
2530.0,2.53,162,1,68,0,-67
2530.5,2.5305,162,1,68,0,-67
2531.0,2.531,162,1,68,0,-67
2531.5,2.5315,162,1,68,0,-67
2532.0,2.532,163,1,68,0,-67
2532.5,2.5325,163,1,68,0,-67
2533.0,2.533,164,1,69,0,-68
2533.5,2.5335,165,1,69,0,-68
2534.0,2.534,165,1,69,0,-68
2534.5,2.5345,165,1,69,0,-68
2535.0,2.535,165,1,69,0,-68
2535.5,2.5355,164,1,69,0,-68
2536.0,2.536,162,1,68,0,-67
2536.5,2.5365,162,1,68,0,-67
2537.0,2.537,160,1,67,0,-66
2537.5,2.5375,161,1,68,0,-67
2538.0,2.538,161,1,68,0,-67
2538.5,2.5385,160,1,67,0,-66
2539.0,2.539,159,1,66,0,-65
2539.5,2.5395,160,1,67,0,-66
2540.0,2.54,160,1,67,0,-66
2540.5,2.5405,160,1,67,0,-66
2541.0,2.541,159,1,66,0,-65
2541.5,2.5415,159,1,66,0,-65
2542.0,2.542,159,1,64,0,-63
2542.5,2.5425,158,1,64,0,-63
2543.0,2.543,156,1,62,0,-61
2543.5,2.5435,156,1,62,0,-61
2544.0,2.544,158,1,64,0,-63
2544.5,2.5445,157,1,63,0,-62
2545.0,2.545,158,1,64,0,-63
2545.5,2.5455,159,1,65,0,-64
2546.0,2.546,159,1,65,0,-64
2546.5,2.5465,158,1,64,0,-63
2547.0,2.547,158,1,64,0,-63
2547.5,2.5475,158,1,64,0,-63
2548.0,2.548,158,1,64,0,-63
2548.5,2.5485,158,1,64,0,-63
2549.0,2.549,158,1,64,0,-63
2549.5,2.5495,158,1,64,0,-63
2550.0,2.55,158,1,64,0,-63
2550.5,2.5505,157,1,63,0,-62
2551.0,2.551,157,1,63,0,-62
2551.5,2.5515,155,1,61,0,-60
2552.0,2.552,155,1,61,0,-60
2552.5,2.5525,153,1,60,0,-59
2553.0,2.553,153,1,60,0,-59
2553.5,2.5535,154,1,61,0,-60
2554.0,2.554,156,1,62,0,-61
2554.5,2.5545,156,1,62,0,-61
2555.0,2.555,155,1,61,0,-60
2555.5,2.5555,156,1,62,0,-61
2556.0,2.556,155,1,61,0,-60
2556.5,2.5565,154,1,60,0,-59
2557.0,2.557,154,1,60,0,-59
2557.5,2.5575,154,1,60,0,-59
2558.0,2.558,153,1,59,0,-58
2558.5,2.5585,153,1,59,0,-58
2559.0,2.559,153,1,59,0,-58
2559.5,2.5595,153,1,59,0,-58
2560.0,2.56,153,1,59,0,-58
2560.5,2.5605,154,1,60,0,-59
2561.0,2.561,152,1,59,0,-58
2561.5,2.5615,153,1,60,0,-59
2562.0,2.562,153,1,60,0,-59
2562.5,2.5625,152,1,60,0,-59
2563.0,2.563,153,1,61,0,-60
2563.5,2.5635,153,1,61,0,-60
2564.0,2.564,152,1,60,0,-59
2564.5,2.5645,150,1,58,0,-57
2565.0,2.565,150,1,58,0,-57
2565.5,2.5655,151,1,58,0,-57
2566.0,2.566,152,1,59,0,-58
2566.5,2.5665,152,1,59,0,-58
2567.0,2.567,154,1,61,0,-60
2567.5,2.5675,155,1,62,0,-61
2568.0,2.568,154,1,62,0,-61
2568.5,2.5685,154,1,62,0,-61
2569.0,2.569,153,1,61,0,-60
2569.5,2.5695,152,1,60,0,-59
2570.0,2.57,152,1,60,0,-59
2570.5,2.5705,152,1,60,0,-59
2571.0,2.571,152,1,60,0,-59
2571.5,2.5715,151,1,59,0,-58
2572.0,2.572,151,1,59,0,-58
2572.5,2.5725,151,1,59,0,-58
2573.0,2.573,150,1,58,0,-57
2573.5,2.5735,150,1,58,0,-57
2574.0,2.574,151,1,59,0,-58
2574.5,2.5745,149,1,57,0,-56
2575.0,2.575,149,1,57,0,-56
2575.5,2.5755,149,1,57,0,-56
2576.0,2.576,150,1,58,0,-57
2576.5,2.5765,150,1,58,0,-57
2577.0,2.577,150,1,58,0,-57
2577.5,2.5775,150,1,58,0,-57
2578.0,2.578,150,1,58,0,-57
2578.5,2.5785,150,1,58,0,-57
2579.0,2.579,150,1,58,0,-57
2579.5,2.5795,150,1,58,0,-57
2580.0,2.58,150,1,58,0,-57
2580.5,2.5805,150,1,58,0,-57
2581.0,2.581,150,1,58,0,-57
2581.5,2.5815,150,1,58,0,-57
2582.0,2.582,151,1,59,0,-58
2582.5,2.5825,152,1,60,0,-59
2583.0,2.583,153,1,61,0,-60
2583.5,2.5835,153,1,61,0,-60
2584.0,2.584,153,1,61,0,-60
2584.5,2.5845,153,1,61,0,-60
2585.0,2.585,153,1,61,0,-60
2585.5,2.5855,153,1,61,0,-60
2586.0,2.586,153,1,61,0,-60
2586.5,2.5865,153,1,61,0,-60
2587.0,2.587,154,1,62,0,-61
2587.5,2.5875,154,1,62,0,-61
2588.0,2.588,154,1,62,0,-61
2588.5,2.5885,154,1,62,0,-61
2589.0,2.589,154,1,61,0,-60
2589.5,2.5895,154,1,61,0,-60
2590.0,2.59,153,1,60,0,-59
2590.5,2.5905,154,1,61,0,-60
2591.0,2.591,153,1,60,0,-59
2591.5,2.5915,153,1,60,0,-59
2592.0,2.592,153,1,60,0,-59
2592.5,2.5925,153,1,60,0,-59
2593.0,2.593,154,1,61,0,-60
2593.5,2.5935,154,1,61,0,-60
2594.0,2.594,154,1,61,0,-60
2594.5,2.5945,154,1,61,0,-60
2595.0,2.595,153,1,60,0,-59
2595.5,2.5955,153,1,60,0,-59
2596.0,2.596,153,1,60,0,-59
2596.5,2.5965,153,1,60,0,-59
2597.0,2.597,153,1,60,0,-59
2597.5,2.5975,154,1,61,0,-60
2598.0,2.598,154,1,61,0,-60
2598.5,2.5985,154,1,61,0,-60
2599.0,2.599,154,1,61,0,-60
2599.5,2.5995,154,1,61,0,-60
2600.0,2.6,155,1,62,0,-61
2600.5,2.6005,155,1,62,0,-61
2601.0,2.601,155,1,62,0,-61
2601.5,2.6015,155,1,62,0,-61
2602.0,2.602,154,1,61,0,-60
2602.5,2.6025,154,1,61,0,-60
2603.0,2.603,154,1,61,0,-60
2603.5,2.6035,153,1,60,0,-59
2604.0,2.604,153,1,60,0,-59
2604.5,2.6045,153,1,60,0,-59
2605.0,2.605,155,1,61,0,-60
2605.5,2.6055,154,1,60,0,-59
2606.0,2.606,154,1,60,0,-59
2606.5,2.6065,153,1,59,0,-58
2607.0,2.607,153,1,59,0,-58
2607.5,2.6075,153,1,59,0,-58
2608.0,2.608,153,1,59,0,-58
2608.5,2.6085,154,1,60,0,-59
2609.0,2.609,156,1,62,0,-61
2609.5,2.6095,156,1,62,0,-61
2610.0,2.61,157,1,62,0,-61
2610.5,2.6105,156,1,61,0,-60
2611.0,2.611,155,1,60,0,-59
2611.5,2.6115,155,1,60,0,-59
2612.0,2.612,156,1,61,0,-60
2612.5,2.6125,156,1,61,0,-60
2613.0,2.613,157,1,62,0,-61
2613.5,2.6135,158,1,62,0,-61
2614.0,2.614,159,1,63,0,-62
2614.5,2.6145,159,1,63,0,-62
2615.0,2.615,160,1,64,0,-63
2615.5,2.6155,160,1,64,0,-63
2616.0,2.616,159,1,64,0,-63
2616.5,2.6165,158,1,63,0,-62
2617.0,2.617,157,1,62,0,-61
2617.5,2.6175,157,1,62,0,-61
2618.0,2.618,157,1,62,0,-61
2618.5,2.6185,157,1,62,0,-61
2619.0,2.619,157,1,62,0,-61
2619.5,2.6195,157,1,62,0,-61
2620.0,2.62,157,1,62,0,-61
2620.5,2.6205,158,1,63,0,-62
2621.0,2.621,157,1,62,0,-61
2621.5,2.6215,155,1,60,0,-59
2622.0,2.622,155,1,60,0,-59
2622.5,2.6225,155,1,60,0,-59
2623.0,2.623,156,1,61,0,-60
2623.5,2.6235,156,1,61,0,-60
2624.0,2.624,155,1,60,0,-59
2624.5,2.6245,155,1,60,0,-59
2625.0,2.625,155,1,60,0,-59
2625.5,2.6255,156,1,60,0,-59
2626.0,2.626,156,1,60,0,-59
2626.5,2.6265,156,1,60,0,-59
2627.0,2.627,156,1,60,0,-59
2627.5,2.6275,156,1,60,0,-59
2628.0,2.628,156,1,60,0,-59
2628.5,2.6285,156,1,60,0,-59
2629.0,2.629,156,1,60,0,-59
2629.5,2.6295,157,1,61,0,-60
2630.0,2.63,156,1,60,0,-59
2630.5,2.6305,158,1,62,0,-61
2631.0,2.631,158,1,62,0,-61
2631.5,2.6315,158,1,62,0,-61
2632.0,2.632,158,1,62,0,-61
2632.5,2.6325,159,1,63,0,-62
2633.0,2.633,159,1,63,0,-62
2633.5,2.6335,159,1,63,0,-62
2634.0,2.634,159,1,63,0,-62
2634.5,2.6345,159,1,63,0,-62
2635.0,2.635,159,1,63,0,-62
2635.5,2.6355,159,1,63,0,-62
2636.0,2.636,160,1,64,0,-63
2636.5,2.6365,159,1,64,0,-63
2637.0,2.637,160,1,64,0,-63
2637.5,2.6375,160,1,64,0,-63
2638.0,2.638,160,1,64,0,-63
2638.5,2.6385,161,1,64,0,-63
2639.0,2.639,161,1,64,0,-63
2639.5,2.6395,161,1,64,0,-63
2640.0,2.64,160,1,64,0,-63
2640.5,2.6405,160,1,64,0,-63
2641.0,2.641,160,1,64,0,-63
2641.5,2.6415,161,1,65,0,-64
2642.0,2.642,161,1,65,0,-64
2642.5,2.6425,161,1,65,0,-64
2643.0,2.643,160,1,66,0,-65
2643.5,2.6435,158,1,65,0,-64
2644.0,2.644,158,1,65,0,-64
2644.5,2.6445,158,1,65,0,-64
2645.0,2.645,158,1,65,0,-64
2645.5,2.6455,158,1,65,0,-64
2646.0,2.646,158,1,65,0,-64
2646.5,2.6465,158,1,65,0,-64
2647.0,2.647,158,1,65,0,-64
2647.5,2.6475,158,1,65,0,-64
2648.0,2.648,158,1,65,0,-64
2648.5,2.6485,158,1,65,0,-64
2649.0,2.649,158,1,65,0,-64
2649.5,2.6495,159,1,65,0,-64
2650.0,2.65,159,1,65,0,-64
2650.5,2.6505,159,1,65,0,-64
2651.0,2.651,159,1,65,0,-64
2651.5,2.6515,158,1,64,0,-63
2652.0,2.652,158,1,64,0,-63
2652.5,2.6525,158,1,64,0,-63
2653.0,2.653,158,1,64,0,-63
2653.5,2.6535,159,1,65,0,-64
2654.0,2.654,159,1,65,0,-64
2654.5,2.6545,159,1,65,0,-64
2655.0,2.655,159,1,65,0,-64
2655.5,2.6555,159,1,65,0,-64
2656.0,2.656,159,1,65,0,-64
2656.5,2.6565,159,1,65,0,-64
2657.0,2.657,161,1,66,0,-65
2657.5,2.6575,161,1,66,0,-65
2658.0,2.658,162,1,67,0,-66
2658.5,2.6585,161,1,67,0,-66
2659.0,2.659,161,1,67,0,-66
2659.5,2.6595,161,1,67,0,-66
2660.0,2.66,162,1,68,0,-67
2660.5,2.6605,161,1,67,0,-66
2661.0,2.661,161,1,67,0,-66
2661.5,2.6615,161,1,67,0,-66
2662.0,2.662,161,1,67,0,-66
2662.5,2.6625,161,1,67,0,-66
2663.0,2.663,159,1,65,0,-64
2663.5,2.6635,159,1,65,0,-64
2664.0,2.664,159,1,65,0,-64
2664.5,2.6645,159,1,65,0,-64
2665.0,2.665,158,1,64,0,-63
2665.5,2.6655,157,1,63,0,-62
2666.0,2.666,157,1,63,0,-62
2666.5,2.6665,157,1,63,0,-62
2667.0,2.667,157,1,63,0,-62
2667.5,2.6675,158,1,64,0,-63
2668.0,2.668,158,1,64,0,-63
2668.5,2.6685,158,1,64,0,-63
2669.0,2.669,158,1,64,0,-63
2669.5,2.6695,157,1,64,0,-63
2670.0,2.67,157,1,64,0,-63
2670.5,2.6705,156,1,63,0,-62
2671.0,2.671,157,1,64,0,-63
2671.5,2.6715,156,1,63,0,-62
2672.0,2.672,154,1,61,0,-60
2672.5,2.6725,156,1,63,0,-62
2673.0,2.673,156,1,63,0,-62
2673.5,2.6735,155,1,62,0,-61
2674.0,2.674,155,1,62,0,-61
2674.5,2.6745,156,1,63,0,-62
2675.0,2.675,156,1,63,0,-62
2675.5,2.6755,156,1,63,0,-62
2676.0,2.676,157,1,64,0,-63
2676.5,2.6765,156,1,63,0,-62
2677.0,2.677,156,1,63,0,-62
2677.5,2.6775,155,1,62,0,-61
2678.0,2.678,157,1,64,0,-63
2678.5,2.6785,155,1,62,0,-61
2679.0,2.679,156,1,63,0,-62
2679.5,2.6795,157,1,64,0,-63
2680.0,2.68,156,1,63,0,-62
2680.5,2.6805,156,1,63,0,-62
2681.0,2.681,155,1,62,0,-61
2681.5,2.6815,154,1,61,0,-60
2682.0,2.682,154,1,61,0,-60
2682.5,2.6825,156,1,63,0,-62
2683.0,2.683,157,1,64,0,-63
2683.5,2.6835,156,1,64,0,-63
2684.0,2.684,156,1,64,0,-63
2684.5,2.6845,156,1,64,0,-63
2685.0,2.685,157,1,65,0,-64
2685.5,2.6855,157,1,64,0,-63
2686.0,2.686,157,1,64,0,-63
2686.5,2.6865,156,1,63,0,-62
2687.0,2.687,156,1,63,0,-62
2687.5,2.6875,157,1,64,0,-63
2688.0,2.688,157,1,63,0,-62
2688.5,2.6885,157,1,63,0,-62
2689.0,2.689,156,1,62,0,-61
2689.5,2.6895,156,1,63,0,-62
2690.0,2.69,156,1,63,0,-62
2690.5,2.6905,156,1,63,0,-62
2691.0,2.691,156,1,63,0,-62
2691.5,2.6915,157,1,64,0,-63
2692.0,2.692,157,1,64,0,-63
2692.5,2.6925,159,1,65,0,-64
2693.0,2.693,159,1,65,0,-64
2693.5,2.6935,159,1,65,0,-64
2694.0,2.694,158,1,64,0,-63
2694.5,2.6945,158,1,64,0,-63
2695.0,2.695,158,1,64,0,-63
2695.5,2.6955,158,1,64,0,-63
2696.0,2.696,158,1,64,0,-63
2696.5,2.6965,158,1,64,0,-63
2697.0,2.697,158,1,64,0,-63
2697.5,2.6975,158,1,64,0,-63
2698.0,2.698,158,1,64,0,-63
2698.5,2.6985,157,1,63,0,-62
2699.0,2.699,157,1,63,0,-62
2699.5,2.6995,157,1,63,0,-62
2700.0,2.7,157,1,63,0,-62
2700.5,2.7005,157,1,63,0,-62
2701.0,2.701,157,1,63,0,-62
2701.5,2.7015,158,1,64,0,-63
2702.0,2.702,158,1,64,0,-63
2702.5,2.7025,158,1,64,0,-63
2703.0,2.703,157,1,63,0,-62
2703.5,2.7035,157,1,63,0,-62
2704.0,2.704,157,1,63,0,-62
2704.5,2.7045,158,1,64,0,-63
2705.0,2.705,158,1,64,0,-63
2705.5,2.7055,158,1,63,0,-62
2706.0,2.706,158,1,63,0,-62
2706.5,2.7065,157,1,63,0,-62
2707.0,2.707,157,1,63,0,-62
2707.5,2.7075,157,1,63,0,-62
2708.0,2.708,157,1,63,0,-62
2708.5,2.7085,157,1,63,0,-62
2709.0,2.709,157,1,63,0,-62
2709.5,2.7095,158,1,63,0,-62
2710.0,2.71,158,1,63,0,-62
2710.5,2.7105,158,1,63,0,-62
2711.0,2.711,158,1,63,0,-62
2711.5,2.7115,159,1,64,0,-63
2712.0,2.712,160,1,65,0,-64
2712.5,2.7125,160,1,65,0,-64
2713.0,2.713,160,1,65,0,-64
2713.5,2.7135,159,1,65,0,-64
2714.0,2.714,160,1,65,0,-64
2714.5,2.7145,159,1,64,0,-63
2715.0,2.715,159,1,64,0,-63
2715.5,2.7155,160,1,64,0,-63
2716.0,2.716,161,1,65,0,-64
2716.5,2.7165,161,1,65,0,-64
2717.0,2.717,162,1,66,0,-65
2717.5,2.7175,163,1,66,0,-65
2718.0,2.718,161,1,64,0,-63
2718.5,2.7185,161,1,64,0,-63
2719.0,2.719,161,1,62,0,-61
2719.5,2.7195,160,1,61,0,-60
2720.0,2.72,161,1,62,0,-61
2720.5,2.7205,160,1,62,0,-61
2721.0,2.721,157,1,62,0,-61
2721.5,2.7215,157,1,62,0,-61
2722.0,2.722,156,1,61,0,-60
2722.5,2.7225,156,1,61,0,-60
2723.0,2.723,156,1,61,0,-60
2723.5,2.7235,157,1,61,0,-60
2724.0,2.724,157,1,61,0,-60
2724.5,2.7245,157,1,61,0,-60
2725.0,2.725,158,1,62,0,-61
2725.5,2.7255,159,1,63,0,-62
2726.0,2.726,160,1,63,0,-62
2726.5,2.7265,161,1,64,0,-63
2727.0,2.727,160,1,63,0,-62
2727.5,2.7275,161,1,64,0,-63
2728.0,2.728,161,1,64,0,-63
2728.5,2.7285,160,1,63,0,-62
2729.0,2.729,160,1,63,0,-62
2729.5,2.7295,159,1,62,0,-61
2730.0,2.73,158,1,61,0,-60
2730.5,2.7305,158,1,61,0,-60
2731.0,2.731,161,1,59,0,-58
2731.5,2.7315,162,1,59,0,-58
2732.0,2.732,162,1,59,0,-58
2732.5,2.7325,164,1,61,0,-60
2733.0,2.733,164,1,61,0,-60
2733.5,2.7335,164,1,61,0,-60
2734.0,2.734,163,1,61,0,-60
2734.5,2.7345,163,1,61,0,-60
2735.0,2.735,163,1,60,0,-59
2735.5,2.7355,163,1,60,0,-59
2736.0,2.736,163,1,60,0,-59
2736.5,2.7365,161,1,58,0,-57
2737.0,2.737,160,1,58,0,-57
2737.5,2.7375,161,1,59,0,-58
2738.0,2.738,162,1,60,0,-59
2738.5,2.7385,162,1,60,0,-59
2739.0,2.739,162,1,60,0,-59
2739.5,2.7395,161,1,60,0,-59
2740.0,2.74,160,1,60,0,-59
2740.5,2.7405,160,1,60,0,-59
2741.0,2.741,160,1,60,0,-59
2741.5,2.7415,160,1,60,0,-59
2742.0,2.742,160,1,60,0,-59
2742.5,2.7425,160,1,60,0,-59
2743.0,2.743,161,1,59,0,-58
2743.5,2.7435,161,1,59,0,-58
2744.0,2.744,161,1,59,0,-58
2744.5,2.7445,161,1,59,0,-58
2745.0,2.745,160,1,60,0,-59
2745.5,2.7455,160,1,60,0,-59
2746.0,2.746,159,1,61,0,-60
2746.5,2.7465,159,1,61,0,-60
2747.0,2.747,161,1,62,0,-61
2747.5,2.7475,163,1,62,0,-61
2748.0,2.748,163,1,62,0,-61
2748.5,2.7485,161,1,63,0,-62
2749.0,2.749,162,1,63,0,-62
2749.5,2.7495,161,1,63,0,-62
2750.0,2.75,160,1,63,0,-62
2750.5,2.7505,161,1,62,0,-61
2751.0,2.751,162,1,62,0,-61
2751.5,2.7515,162,1,62,0,-61
2752.0,2.752,161,1,62,0,-61
2752.5,2.7525,160,1,62,0,-61
2753.0,2.753,160,1,62,0,-61
2753.5,2.7535,161,1,63,0,-62
2754.0,2.754,161,1,63,0,-62
2754.5,2.7545,163,1,65,0,-64
2755.0,2.755,164,1,66,0,-65
2755.5,2.7555,161,1,66,0,-65
2756.0,2.756,161,1,66,0,-65
2756.5,2.7565,160,1,65,0,-64
2757.0,2.757,160,1,65,0,-64
2757.5,2.7575,159,1,64,0,-63
2758.0,2.758,159,1,64,0,-63
2758.5,2.7585,159,1,64,0,-63
2759.0,2.759,159,1,64,0,-63
2759.5,2.7595,158,1,63,0,-62
2760.0,2.76,159,1,64,0,-63
2760.5,2.7605,159,1,64,0,-63
2761.0,2.761,158,1,63,0,-62
2761.5,2.7615,158,1,63,0,-62
2762.0,2.762,158,1,63,0,-62
2762.5,2.7625,158,1,63,0,-62
2763.0,2.763,158,1,63,0,-62
2763.5,2.7635,158,1,63,0,-62
2764.0,2.764,158,1,63,0,-62
2764.5,2.7645,159,1,64,0,-63
2765.0,2.765,159,1,64,0,-63
2765.5,2.7655,159,1,64,0,-63
2766.0,2.766,159,1,64,0,-63
2766.5,2.7665,159,1,64,0,-63
2767.0,2.767,159,1,64,0,-63
2767.5,2.7675,159,1,64,0,-63
2768.0,2.768,159,1,64,0,-63
2768.5,2.7685,158,1,63,0,-62
2769.0,2.769,159,1,64,0,-63
2769.5,2.7695,159,1,64,0,-63
2770.0,2.77,159,1,64,0,-63
2770.5,2.7705,159,1,64,0,-63
2771.0,2.771,159,1,64,0,-63
2771.5,2.7715,159,1,64,0,-63
2772.0,2.772,159,1,64,0,-63
2772.5,2.7725,159,1,64,0,-63
2773.0,2.773,159,1,64,0,-63
2773.5,2.7735,159,1,64,0,-63
2774.0,2.774,159,1,64,0,-63
2774.5,2.7745,160,1,65,0,-64
2775.0,2.775,160,1,65,0,-64
2775.5,2.7755,160,1,65,0,-64
2776.0,2.776,158,1,63,0,-62
2776.5,2.7765,158,1,63,0,-62
2777.0,2.777,158,1,63,0,-62
2777.5,2.7775,159,1,63,0,-62
2778.0,2.778,161,1,64,0,-63
2778.5,2.7785,162,1,65,0,-64
2779.0,2.779,162,1,65,0,-64
2779.5,2.7795,161,1,64,0,-63
2780.0,2.78,161,1,63,0,-62
2780.5,2.7805,161,1,63,0,-62
2781.0,2.781,161,1,63,0,-62
2781.5,2.7815,161,1,63,0,-62
2782.0,2.782,159,1,62,0,-61
2782.5,2.7825,159,1,62,0,-61
2783.0,2.783,158,1,62,0,-61
2783.5,2.7835,160,1,63,0,-62
2784.0,2.784,160,1,63,0,-62
2784.5,2.7845,160,1,63,0,-62
2785.0,2.785,161,1,63,0,-62
2785.5,2.7855,162,1,64,0,-63
2786.0,2.786,162,1,64,0,-63
2786.5,2.7865,162,1,64,0,-63
2787.0,2.787,161,1,63,0,-62
2787.5,2.7875,161,1,63,0,-62
2788.0,2.788,161,1,62,0,-61
2788.5,2.7885,161,1,62,0,-61
2789.0,2.789,161,1,62,0,-61
2789.5,2.7895,163,1,64,0,-63
2790.0,2.79,164,1,65,0,-64
2790.5,2.7905,163,1,64,0,-63
2791.0,2.791,163,1,64,0,-63
2791.5,2.7915,164,1,65,0,-64
2792.0,2.792,163,1,65,0,-64
2792.5,2.7925,162,1,64,0,-63
2793.0,2.793,163,1,64,0,-63
2793.5,2.7935,164,1,65,0,-64
2794.0,2.794,164,1,65,0,-64
2794.5,2.7945,164,1,65,0,-64
2795.0,2.795,163,1,65,0,-64
2795.5,2.7955,165,1,66,0,-65
2796.0,2.796,164,1,65,0,-64
2796.5,2.7965,164,1,65,0,-64
2797.0,2.797,165,1,66,0,-65
2797.5,2.7975,164,1,66,0,-65
2798.0,2.798,163,1,65,0,-64
2798.5,2.7985,163,1,65,0,-64
2799.0,2.799,163,1,65,0,-64
2799.5,2.7995,163,1,65,0,-64
2800.0,2.8,164,1,65,0,-64
2800.5,2.8005,163,1,65,0,-64
2801.0,2.801,164,1,65,0,-64
2801.5,2.8015,163,1,65,0,-64
2802.0,2.802,164,1,65,0,-64
2802.5,2.8025,163,1,64,0,-63
2803.0,2.803,164,1,65,0,-64
2803.5,2.8035,163,1,65,0,-64
2804.0,2.804,160,1,64,0,-63
2804.5,2.8045,161,1,63,0,-62
2805.0,2.805,163,1,64,0,-63
2805.5,2.8055,163,1,64,0,-63
2806.0,2.806,163,1,65,0,-64
2806.5,2.8065,164,1,66,0,-65
2807.0,2.807,164,1,66,0,-65
2807.5,2.8075,165,1,66,0,-65
2808.0,2.808,165,1,66,0,-65
2808.5,2.8085,165,1,67,0,-66
2809.0,2.809,166,1,68,0,-67
2809.5,2.8095,167,1,69,0,-68
2810.0,2.81,167,1,69,0,-68
2810.5,2.8105,166,1,70,0,-69
2811.0,2.811,166,1,69,0,-68
2811.5,2.8115,166,1,69,0,-68
2812.0,2.812,163,1,66,0,-65
2812.5,2.8125,163,1,65,0,-64
2813.0,2.813,161,1,63,0,-62
2813.5,2.8135,161,1,63,0,-62
2814.0,2.814,161,1,63,0,-62
2814.5,2.8145,160,1,62,0,-61
2815.0,2.815,160,1,62,0,-61
2815.5,2.8155,160,1,62,0,-61
2816.0,2.816,160,1,62,0,-61
2816.5,2.8165,160,1,62,0,-61
2817.0,2.817,160,1,62,0,-61
2817.5,2.8175,159,1,61,0,-60
2818.0,2.818,159,1,62,0,-61
2818.5,2.8185,158,1,61,0,-60
2819.0,2.819,158,1,61,0,-60
2819.5,2.8195,158,1,61,0,-60
2820.0,2.82,159,1,61,0,-60
2820.5,2.8205,160,1,62,0,-61
2821.0,2.821,160,1,62,0,-61
2821.5,2.8215,160,1,62,0,-61
2822.0,2.822,161,1,63,0,-62
2822.5,2.8225,161,1,63,0,-62
2823.0,2.823,161,1,63,0,-62
2823.5,2.8235,162,1,64,0,-63
2824.0,2.824,163,1,65,0,-64
2824.5,2.8245,163,1,65,0,-64
2825.0,2.825,162,1,65,0,-64
2825.5,2.8255,162,1,65,0,-64
2826.0,2.826,162,1,65,0,-64
2826.5,2.8265,160,1,65,0,-64
2827.0,2.827,160,1,65,0,-64
2827.5,2.8275,160,1,65,0,-64
2828.0,2.828,160,1,65,0,-64
2828.5,2.8285,159,1,64,0,-63
2829.0,2.829,159,1,64,0,-63
2829.5,2.8295,159,1,64,0,-63
2830.0,2.83,160,1,65,0,-64
2830.5,2.8305,160,1,65,0,-64
2831.0,2.831,160,1,65,0,-64
2831.5,2.8315,162,1,66,0,-65
2832.0,2.832,162,1,66,0,-65
2832.5,2.8325,162,1,66,0,-65
2833.0,2.833,161,1,64,0,-63
2833.5,2.8335,163,1,64,0,-63
2834.0,2.834,164,1,65,0,-64
2834.5,2.8345,162,1,63,0,-62
2835.0,2.835,162,1,63,0,-62
2835.5,2.8355,164,1,63,0,-62
2836.0,2.836,164,1,63,0,-62
2836.5,2.8365,165,1,63,0,-62
2837.0,2.837,165,1,63,0,-62
2837.5,2.8375,165,1,63,0,-62
2838.0,2.838,165,1,63,0,-62
2838.5,2.8385,165,1,63,0,-62
2839.0,2.839,166,1,64,0,-63
2839.5,2.8395,166,1,64,0,-63
2840.0,2.84,165,1,65,0,-64
2840.5,2.8405,165,1,65,0,-64
2841.0,2.841,165,1,65,0,-64
2841.5,2.8415,165,1,65,0,-64
2842.0,2.842,165,1,65,0,-64
2842.5,2.8425,163,1,64,0,-63
2843.0,2.843,161,1,62,0,-61
2843.5,2.8435,162,1,62,0,-61
2844.0,2.844,163,1,62,0,-61
2844.5,2.8445,165,1,64,0,-63
2845.0,2.845,164,1,63,0,-62
2845.5,2.8455,165,1,64,0,-63
2846.0,2.846,165,1,64,0,-63
2846.5,2.8465,165,1,64,0,-63
2847.0,2.847,164,1,64,0,-63
2847.5,2.8475,166,1,66,0,-65
2848.0,2.848,166,1,66,0,-65
2848.5,2.8485,168,1,68,0,-67
2849.0,2.849,169,1,68,0,-67
2849.5,2.8495,167,1,66,0,-65
2850.0,2.85,167,1,66,0,-65
2850.5,2.8505,166,1,65,0,-64
2851.0,2.851,166,1,65,0,-64
2851.5,2.8515,165,1,64,0,-63
2852.0,2.852,165,1,64,0,-63
2852.5,2.8525,165,1,64,0,-63
2853.0,2.853,163,1,63,0,-62
2853.5,2.8535,162,1,62,0,-61
2854.0,2.854,163,1,63,0,-62
2854.5,2.8545,162,1,62,0,-61
2855.0,2.855,162,1,62,0,-61
2855.5,2.8555,163,1,63,0,-62
2856.0,2.856,162,1,63,0,-62
2856.5,2.8565,161,1,62,0,-61
2857.0,2.857,163,1,63,0,-62
2857.5,2.8575,164,1,64,0,-63
2858.0,2.858,164,1,64,0,-63
2858.5,2.8585,164,1,64,0,-63
2859.0,2.859,162,1,62,0,-61
2859.5,2.8595,160,1,60,0,-59
2860.0,2.86,159,1,60,0,-59
2860.5,2.8605,160,1,61,0,-60
2861.0,2.861,161,1,61,0,-60
2861.5,2.8615,159,1,60,0,-59
2862.0,2.862,159,1,60,0,-59
2862.5,2.8625,158,1,61,0,-60
2863.0,2.863,159,1,61,0,-60
2863.5,2.8635,159,1,61,0,-60
2864.0,2.864,159,1,61,0,-60
2864.5,2.8645,158,1,60,0,-59
2865.0,2.865,158,1,60,0,-59
2865.5,2.8655,158,1,60,0,-59
2866.0,2.866,161,1,62,0,-61
2866.5,2.8665,160,1,62,0,-61
2867.0,2.867,162,1,63,0,-62
2867.5,2.8675,162,1,63,0,-62
2868.0,2.868,161,1,62,0,-61
2868.5,2.8685,162,1,63,0,-62
2869.0,2.869,163,1,64,0,-63
2869.5,2.8695,164,1,65,0,-64
2870.0,2.87,164,1,65,0,-64
2870.5,2.8705,163,1,66,0,-65
2871.0,2.871,162,1,65,0,-64
2871.5,2.8715,161,1,64,0,-63
2872.0,2.872,161,1,64,0,-63
2872.5,2.8725,161,1,64,0,-63
2873.0,2.873,162,1,64,0,-63
2873.5,2.8735,163,1,64,0,-63
2874.0,2.874,163,1,64,0,-63
2874.5,2.8745,163,1,64,0,-63
2875.0,2.875,164,1,65,0,-64
2875.5,2.8755,164,1,65,0,-64
2876.0,2.876,162,1,63,0,-62
2876.5,2.8765,160,1,62,0,-61
2877.0,2.877,159,1,61,0,-60
2877.5,2.8775,159,1,61,0,-60
2878.0,2.878,159,1,61,0,-60
2878.5,2.8785,159,1,61,0,-60
2879.0,2.879,159,1,61,0,-60
2879.5,2.8795,159,1,61,0,-60
2880.0,2.88,160,1,62,0,-61
2880.5,2.8805,160,1,62,0,-61
2881.0,2.881,161,1,63,0,-62
2881.5,2.8815,161,1,63,0,-62
2882.0,2.882,161,1,62,0,-61
2882.5,2.8825,161,1,62,0,-61
2883.0,2.883,162,1,63,0,-62
2883.5,2.8835,162,1,63,0,-62
2884.0,2.884,161,1,63,0,-62
2884.5,2.8845,161,1,63,0,-62
2885.0,2.885,162,1,64,0,-63
2885.5,2.8855,163,1,64,0,-63
2886.0,2.886,163,1,64,0,-63
2886.5,2.8865,164,1,65,0,-64
2887.0,2.887,162,1,64,0,-63
2887.5,2.8875,162,1,64,0,-63
2888.0,2.888,162,1,64,0,-63
2888.5,2.8885,162,1,64,0,-63
2889.0,2.889,162,1,64,0,-63
2889.5,2.8895,163,1,64,0,-63
2890.0,2.89,163,1,64,0,-63
2890.5,2.8905,163,1,64,0,-63
2891.0,2.891,163,1,64,0,-63
2891.5,2.8915,163,1,64,0,-63
2892.0,2.892,163,1,64,0,-63
2892.5,2.8925,163,1,64,0,-63
2893.0,2.893,163,1,64,0,-63
2893.5,2.8935,165,1,65,0,-64
2894.0,2.894,165,1,65,0,-64
2894.5,2.8945,166,1,65,0,-64
2895.0,2.895,166,1,65,0,-64
2895.5,2.8955,163,1,65,0,-64
2896.0,2.896,163,1,65,0,-64
2896.5,2.8965,163,1,65,0,-64
2897.0,2.897,163,1,65,0,-64
2897.5,2.8975,164,1,66,0,-65
2898.0,2.898,164,1,66,0,-65
2898.5,2.8985,164,1,66,0,-65
2899.0,2.899,165,1,66,0,-65
2899.5,2.8995,165,1,66,0,-65
2900.0,2.9,165,1,66,0,-65
2900.5,2.9005,165,1,66,0,-65
2901.0,2.901,165,1,66,0,-65
2901.5,2.9015,165,1,67,0,-66
2902.0,2.902,165,1,67,0,-66
2902.5,2.9025,165,1,67,0,-66
2903.0,2.903,165,1,67,0,-66
2903.5,2.9035,165,1,67,0,-66
2904.0,2.904,165,1,67,0,-66
2904.5,2.9045,165,1,67,0,-66
2905.0,2.905,165,1,66,0,-65
2905.5,2.9055,165,1,66,0,-65
2906.0,2.906,165,1,66,0,-65
2906.5,2.9065,165,1,66,0,-65
2907.0,2.907,165,1,66,0,-65
2907.5,2.9075,164,1,67,0,-66
2908.0,2.908,166,1,69,0,-68
2908.5,2.9085,165,1,68,0,-67
2909.0,2.909,165,1,68,0,-67
2909.5,2.9095,165,1,68,0,-67
2910.0,2.91,165,1,68,0,-67
2910.5,2.9105,165,1,68,0,-67
2911.0,2.911,164,1,67,0,-66
2911.5,2.9115,163,1,66,0,-65
2912.0,2.912,164,1,66,0,-65
2912.5,2.9125,166,1,67,0,-66
2913.0,2.913,165,1,67,0,-66
2913.5,2.9135,165,1,67,0,-66
2914.0,2.914,164,1,67,0,-66
2914.5,2.9145,165,1,66,0,-65
2915.0,2.915,165,1,66,0,-65
2915.5,2.9155,165,1,66,0,-65
2916.0,2.916,165,1,66,0,-65
2916.5,2.9165,164,1,65,0,-64
2917.0,2.917,164,1,65,0,-64
2917.5,2.9175,164,1,65,0,-64
2918.0,2.918,165,1,65,0,-64
2918.5,2.9185,165,1,65,0,-64
2919.0,2.919,166,1,65,0,-64
2919.5,2.9195,166,1,65,0,-64
2920.0,2.92,167,1,66,0,-65
2920.5,2.9205,167,1,66,0,-65
2921.0,2.921,166,1,66,0,-65
2921.5,2.9215,166,1,66,0,-65
2922.0,2.922,166,1,66,0,-65
2922.5,2.9225,165,1,66,0,-65
2923.0,2.923,165,1,66,0,-65
2923.5,2.9235,165,1,66,0,-65
2924.0,2.924,165,1,66,0,-65
2924.5,2.9245,165,1,66,0,-65
2925.0,2.925,165,1,66,0,-65
2925.5,2.9255,166,1,67,0,-66
2926.0,2.926,166,1,67,0,-66
2926.5,2.9265,166,1,67,0,-66
2927.0,2.927,164,1,66,0,-65
2927.5,2.9275,164,1,66,0,-65
2928.0,2.928,164,1,66,0,-65
2928.5,2.9285,163,1,65,0,-64
2929.0,2.929,163,1,65,0,-64
2929.5,2.9295,163,1,65,0,-64
2930.0,2.93,163,1,65,0,-64
2930.5,2.9305,162,1,64,0,-63
2931.0,2.931,161,1,63,0,-62
2931.5,2.9315,161,1,63,0,-62
2932.0,2.932,164,1,64,0,-63
2932.5,2.9325,165,1,65,0,-64
2933.0,2.933,165,1,65,0,-64
2933.5,2.9335,165,1,65,0,-64
2934.0,2.934,164,1,65,0,-64
2934.5,2.9345,164,1,65,0,-64
2935.0,2.935,163,1,66,0,-65
2935.5,2.9355,164,1,66,0,-65
2936.0,2.936,165,1,66,0,-65
2936.5,2.9365,165,1,65,0,-64
2937.0,2.937,164,1,65,0,-64
2937.5,2.9375,163,1,64,0,-63
2938.0,2.938,162,1,63,0,-62
2938.5,2.9385,163,1,63,0,-62
2939.0,2.939,164,1,64,0,-63
2939.5,2.9395,163,1,63,0,-62
2940.0,2.94,163,1,63,0,-62
2940.5,2.9405,164,1,63,0,-62
2941.0,2.941,164,1,63,0,-62
2941.5,2.9415,165,1,64,0,-63
2942.0,2.942,166,1,65,0,-64
2942.5,2.9425,166,1,67,0,-66
2943.0,2.943,166,1,67,0,-66
2943.5,2.9435,165,1,67,0,-66
2944.0,2.944,166,1,66,0,-65
2944.5,2.9445,166,1,66,0,-65
2945.0,2.945,166,1,66,0,-65
2945.5,2.9455,165,1,66,0,-65
2946.0,2.946,165,1,66,0,-65
2946.5,2.9465,166,1,66,0,-65
2947.0,2.947,164,1,64,0,-63
2947.5,2.9475,164,1,64,0,-63
2948.0,2.948,165,1,66,0,-65
2948.5,2.9485,165,1,66,0,-65
2949.0,2.949,165,1,66,0,-65
2949.5,2.9495,166,1,65,0,-64
2950.0,2.95,166,1,65,0,-64
2950.5,2.9505,166,1,65,0,-64
2951.0,2.951,165,1,66,0,-65
2951.5,2.9515,165,1,66,0,-65
2952.0,2.952,165,1,65,0,-64
2952.5,2.9525,165,1,65,0,-64
2953.0,2.953,164,1,64,0,-63
2953.5,2.9535,164,1,64,0,-63
2954.0,2.954,164,1,64,0,-63
2954.5,2.9545,164,1,64,0,-63
2955.0,2.955,161,1,62,0,-61
2955.5,2.9555,161,1,62,0,-61
2956.0,2.956,163,1,64,0,-63
2956.5,2.9565,162,1,63,0,-62
2957.0,2.957,162,1,63,0,-62
2957.5,2.9575,162,1,63,0,-62
2958.0,2.958,162,1,62,0,-61
2958.5,2.9585,162,1,62,0,-61
2959.0,2.959,163,1,62,0,-61
2959.5,2.9595,163,1,62,0,-61
2960.0,2.96,163,1,62,0,-61
2960.5,2.9605,162,1,62,0,-61
2961.0,2.961,161,1,61,0,-60
2961.5,2.9615,161,1,61,0,-60
2962.0,2.962,161,1,61,0,-60
2962.5,2.9625,160,1,60,0,-59
2963.0,2.963,160,1,60,0,-59
2963.5,2.9635,161,1,60,0,-59
2964.0,2.964,161,1,60,0,-59
2964.5,2.9645,161,1,60,0,-59
2965.0,2.965,161,1,60,0,-59
2965.5,2.9655,161,1,60,0,-59
2966.0,2.966,162,1,61,0,-60
2966.5,2.9665,160,1,59,0,-58
2967.0,2.967,160,1,59,0,-58
2967.5,2.9675,159,1,60,0,-59
2968.0,2.968,159,1,60,0,-59
2968.5,2.9685,159,1,60,0,-59
2969.0,2.969,160,1,61,0,-60
2969.5,2.9695,160,1,61,0,-60
2970.0,2.97,161,1,61,0,-60
2970.5,2.9705,161,1,61,0,-60
2971.0,2.971,161,1,61,0,-60
2971.5,2.9715,162,1,61,0,-60
2972.0,2.972,163,1,62,0,-61
2972.5,2.9725,163,1,62,0,-61
2973.0,2.973,162,1,61,0,-60
2973.5,2.9735,161,1,60,0,-59
2974.0,2.974,160,1,59,0,-58
2974.5,2.9745,160,1,59,0,-58
2975.0,2.975,160,1,59,0,-58
2975.5,2.9755,160,1,59,0,-58
2976.0,2.976,160,1,59,0,-58
2976.5,2.9765,160,1,59,0,-58
2977.0,2.977,160,1,59,0,-58
2977.5,2.9775,160,1,59,0,-58
2978.0,2.978,160,1,59,0,-58
2978.5,2.9785,159,1,59,0,-58
2979.0,2.979,160,1,60,0,-59
2979.5,2.9795,160,1,60,0,-59
2980.0,2.98,160,1,60,0,-59
2980.5,2.9805,159,1,60,0,-59
2981.0,2.981,158,1,59,0,-58
2981.5,2.9815,158,1,59,0,-58
2982.0,2.982,159,1,59,0,-58
2982.5,2.9825,159,1,59,0,-58
2983.0,2.983,159,1,59,0,-58
2983.5,2.9835,160,1,60,0,-59
2984.0,2.984,158,1,60,0,-59
2984.5,2.9845,158,1,60,0,-59
2985.0,2.985,158,1,60,0,-59
2985.5,2.9855,158,1,60,0,-59
2986.0,2.986,158,1,60,0,-59
2986.5,2.9865,158,1,60,0,-59
2987.0,2.987,159,1,60,0,-59
2987.5,2.9875,159,1,60,0,-59
2988.0,2.988,159,1,60,0,-59
2988.5,2.9885,160,1,61,0,-60
2989.0,2.989,160,1,61,0,-60
2989.5,2.9895,158,1,62,0,-61
2990.0,2.99,158,1,62,0,-61
2990.5,2.9905,158,1,62,0,-61
2991.0,2.991,157,1,61,0,-60
2991.5,2.9915,155,1,60,0,-59
2992.0,2.992,154,1,59,0,-58
2992.5,2.9925,154,1,59,0,-58
2993.0,2.993,154,1,59,0,-58
2993.5,2.9935,152,1,58,0,-57
2994.0,2.994,150,1,56,0,-55
2994.5,2.9945,150,1,56,0,-55
2995.0,2.995,151,1,57,0,-56
2995.5,2.9955,151,1,57,0,-56
2996.0,2.996,151,1,57,0,-56
2996.5,2.9965,151,1,57,0,-56
2997.0,2.997,151,1,57,0,-56
2997.5,2.9975,152,1,57,0,-56
2998.0,2.998,152,1,57,0,-56
2998.5,2.9985,152,1,57,0,-56
2999.0,2.999,151,1,56,0,-55
2999.5,2.9995,151,1,56,0,-55
3000.0,3.0,152,1,57,0,-56
