Frame,Time_fs,LBHB_Fraction,Avg_Wire_Length,Hodge_Gradient_Pct,Hodge_Curl_Pct,Hodge_Harmonic_Pct
0.0,0.0,0.0,0.0,99.99999850668236,0.0,0.0038159142344194575
0.5,0.25,0.0,0.0,99.99999850248913,0.0,0.003821335522509648
1.0,0.5,0.0,0.0,99.99999849888302,0.0,0.0038260013813351127
1.5,0.75,0.0,0.0,99.99999813466984,0.0,0.004069481567415336
2.0,1.0,0.0,0.0,99.999998206566,0.0,0.004132956482262624
2.5,1.25,0.0,0.0,99.99999809612014,0.0,0.00424343779152067
3.0,1.5,0.0,0.0,99.99999809478254,0.0,0.004245051348043986
3.5,1.75,0.0009389671361502347,0.0,99.99999809357972,0.0,0.004246501531797487
4.0,2.0,0.001669449081803005,0.0,99.99999789138893,0.0,0.004902575953963969
4.5,2.25,0.002253944402704733,0.0,99.99999789029799,0.0,0.004903914531072002
5.0,2.5,0.0027378507871321013,0.0,99.99999851540346,0.0,0.0049123439834706595
5.5,2.75,0.0031426775612822125,0.0,99.99999851619016,0.0,0.0049115566866915076
6.0,3.0,0.003484320557491289,0.0,99.99999840221653,0.0,0.005071935228356354
6.5,3.25,0.003243243243243243,0.0,99.99999801056302,0.0,0.00424745255278186
7.0,3.5,0.003031834259727135,0.0,99.99999812544561,0.0,0.00424051893054276
7.5,3.75,0.002844950213371266,0.0,99.99999746463293,0.0,0.004501840045588492
8.0,4.0,0.0026785714285714286,0.0,99.99999827649695,0.0,0.0036499584282329955
8.5,4.25,0.002533783783783784,0.0,99.9999980916746,0.0,0.003908069516061951
9.0,4.5,0.002403846153846154,0.0,99.9999980911428,0.0,0.00390846445697667
9.5,4.75,0.002284843869002285,0.0,99.99999819429175,0.0,0.003977843645960086
10.0,5.0,0.0021770682148040637,0.0,99.99999819466726,0.0,0.003977068991907416
10.5,5.25,0.0020797227036395147,0.0,99.99999757809674,0.0,0.004430534156784777
11.0,5.5,0.0023209549071618036,0.0,99.99999827681917,0.0,0.004980494759467212
11.5,5.75,0.002544529262086514,0.0,99.99999845867065,0.0,0.0035445755148148963
12.0,6.0,0.0027514521553041885,0.0,99.99999830539973,0.0,0.003678355866312866
12.5,6.25,0.002942907592701589,0.0,99.99999830615192,0.0,0.003677726910902138
13.0,6.5,0.003404255319148936,0.0,99.99999830667501,0.0,0.0036773304648557636
13.5,6.75,0.0038335158817086527,0.0,99.9999983110147,0.0,0.005208242630720055
14.0,7.0,0.004233924318602805,0.0,99.99999831536002,0.0,0.005201915368359466
14.5,7.25,0.004605936540429887,0.0,99.99999816993432,0.0,0.005198590963162343
15.0,7.5,0.0049541738915035915,0.0,99.99999817748846,0.0,0.005188835945523728
15.5,7.75,0.00528084493518963,0.0,99.99999818447118,0.0,0.005179952426112768
16.0,8.0,0.0055878928987194414,0.0,99.9999984055331,0.0,0.004653049780378576
16.5,8.25,0.005879692446856626,0.0,99.99999771354878,0.0,0.0038970203111744397
17.0,8.5,0.006155198944823038,0.0,99.99999771067287,0.0,0.0039007334941113738
17.5,8.75,0.006628180457558264,0.0,99.99999871747362,0.0,0.0031582217502687583
18.0,9.0,0.006867845993756503,0.0,99.99999871643216,0.0,0.0031600372480592447
18.5,9.25,0.006892357591729171,0.0,99.99999846262983,0.0,0.004673424526035346
19.0,9.5,0.00691426313709996,0.0,99.99999836788203,0.0,0.005224784273055865
19.5,9.75,0.00693507994606049,0.0,99.9999983804362,0.0,0.005200557338109097
20.0,10.0,0.006954887218045113,0.0,99.9999975087632,0.0,0.005801604716266594
20.5,10.25,0.006973756652596807,0.0,99.99999744878917,0.0,0.0053174119471915615
21.0,10.5,0.006996770721205597,0.0,99.99999752014746,0.0,0.005091285063684309
21.5,10.75,0.00701508242721852,0.0,99.99999726801163,0.0,0.004743672810714023
22.0,11.0,0.007032590051457976,0.0,99.99999728719803,0.0,0.004724478928311803
22.5,11.25,0.0068815038603558245,0.0,99.9999981857941,0.0,0.0039437313525036285
23.0,11.5,0.006737880032867708,0.0,99.99999657496153,0.0,0.006138443491101859
23.5,11.75,0.006602254428341385,0.0,99.99999722730522,0.0,0.005877901362916985
24.0,12.0,0.006470959595959596,0.0,99.99999741785543,0.0,0.005788917646014878
24.5,12.25,0.0063447848963169295,0.0,99.99999740968198,0.0,0.005797851411364849
25.0,12.5,0.006223436551305404,0.0,99.99999740054677,0.0,0.005807762986411481
25.5,12.75,0.006106642835865356,0.0,99.99999739090573,0.0,0.005818185842685657
26.0,13.0,0.006142146826557473,0.0,99.99999791358586,0.0,0.004916382165511235
26.5,13.25,0.00617638609594944,0.0,99.99999790934704,0.0,0.004921210219143379
27.0,13.5,0.006209427039232289,0.0,99.99999809672,0.0,0.00417160164371413
27.5,13.75,0.0062413314840499305,0.0,99.9999981424136,0.0,0.003883270470294998
28.0,14.0,0.0062704471101417665,0.0,99.99999703488342,0.0,0.006317938005998525
28.5,14.25,0.006298579469311177,0.0,99.99999834464728,0.0,0.0037837164747364536
29.0,14.5,0.006327445293962563,0.0,99.99999712174747,0.0,0.006220512326863485
29.5,14.75,0.006354558423032032,0.0,99.99999735600822,0.0,0.005752142162691862
30.0,15.0,0.006509253350350989,0.0,99.9999973981596,0.0,0.006939693522316829
30.5,15.25,0.006659128031159693,0.0,99.99999739927958,0.0,0.0069382428401601436
31.0,15.5,0.006804404305332179,0.0,99.99999725899268,0.0,0.006568756759507524
31.5,15.75,0.006825106642291286,0.0,99.99999674100471,0.0,0.00641886007867062
32.0,16.0,0.006844380403458214,0.0,99.99999685928798,0.0,0.006785142719026632
32.5,16.25,0.006863093125073955,0.0,99.99999685791428,0.0,0.006787810437168069
33.0,16.5,0.006881268952647539,0.0,99.99999732057118,0.0,0.005976977144938839
33.5,16.75,0.006898930665746809,0.0,99.99999731707298,0.0,0.00598176542981497
34.0,17.0,0.007030275541444609,0.0,99.99999756928317,0.0,0.0055079979864238356
34.5,17.25,0.0071588366890380315,0.0,99.99999645089521,0.0,0.006945383478922448
35.0,17.5,0.00728476821192053,0.0,99.99999648963515,0.0,0.007475480962562503
35.5,17.75,0.007405793944674363,0.0,99.9999964375233,0.0,0.007711261101980763
36.0,18.0,0.007526072465326309,0.0,99.99999755497792,0.0,0.006114800609190316
36.5,18.25,0.007644935230409854,0.0,99.99999611890063,0.0,0.006875222343667626
37.0,18.5,0.007864108210128971,0.0,99.99999684586727,0.0,0.005196993435954738
37.5,18.75,0.007975142413257379,0.0,99.99999830905398,0.0,0.00393175777518798
38.0,19.0,0.008184980560671169,0.0,99.99999829053756,0.0,0.004163665924858754
38.5,19.25,0.008389770544829677,0.0,99.99999829177196,0.0,0.004164245652724229
39.0,19.5,0.008587976832434592,0.0,99.99999770571823,0.0,0.004776827894192184
39.5,19.75,0.00878058405682715,0.0,99.99999673045592,0.0,0.005280562393373441
40.0,20.0,0.008969484254655357,0.0,99.99999731850241,0.0,0.005048538526528534
40.5,20.25,0.009153979572171901,0.0,99.99999667499495,0.0,0.00566120738105778
41.0,20.5,0.009333333333333334,0.0,99.99999806209533,0.0,0.0037276912096228347
41.5,20.75,0.009509462385839374,0.0,99.99999735804414,0.0,0.00548512281404728
42.0,21.0,0.00968162353379259,0.0,99.99999739779338,0.0,0.005451292273333137
42.5,21.25,0.00984994936941913,0.0,99.99999664615679,0.0,0.005979988097819981
43.0,21.5,0.010013654984069186,0.0,99.9999971360245,0.0,0.005512091260200343
43.5,21.75,0.010173764292788332,0.0,99.99999713573527,0.0,0.005512491342670249
44.0,22.0,0.010330394514204292,0.0,99.99999713952631,0.0,0.005507979113621724
44.5,22.25,0.010484581497797357,0.0,99.9999976222664,0.0,0.00579950976156678
45.0,22.5,0.01063644289450741,0.0,99.99999763185885,0.0,0.0057862519471962685
45.5,22.75,0.010698878343399483,0.0,99.99999764820414,0.0,0.005759093441109995
46.0,23.0,0.0107600341588386,0.0,99.99999737925953,0.0,0.0054529324387342735
46.5,23.25,0.010819949281487743,0.0,99.99999740403747,0.0,0.005424295223346364
47.0,23.5,0.01087775081583131,0.0,99.99999757623112,0.0,0.004929279883262493
47.5,23.75,0.01093348794831442,0.0,99.99999745604087,0.0,0.005243734447826891
48.0,24.0,0.010988109881098811,0.0,99.99999745483396,0.0,0.005245115302607573
48.5,24.25,0.011041649752374767,0.0,99.99999745377129,0.0,0.0052463479757314324
49.0,24.5,0.011094139400273335,0.0,99.99999745290587,0.0,0.005247366025308914
49.5,24.75,0.011145609426001115,0.0,99.99999745226864,0.0,0.005248122695755737
50.0,25.0,0.011194324004729996,0.0,99.99999776606506,0.0,0.004972446016240196
50.5,25.25,0.0112420954016707,0.0,99.99999710452205,0.0,0.005282693366050495
51.0,25.5,0.011288077934127106,0.0,99.99999734002158,0.0,0.005073151679427897
51.5,25.75,0.011408882082695252,0.0,99.99999791819558,0.0,0.004123927066882471
52.0,26.0,0.011527377521613832,0.0,99.99999792474279,0.0,0.004115793145354686
52.5,26.25,0.011642755201682566,0.0,99.99999792985776,0.0,0.004562992626504062
53.0,26.5,0.011757702038993898,0.0,99.99999785388118,0.0,0.004788183389977656
53.5,26.75,0.011871405397434007,0.0,99.99999828257987,0.0,0.0037596892938661385
54.0,27.0,0.01190998100248429,0.0,99.99999827463103,0.0,0.0037691820588274944
54.5,27.25,0.011948729089724093,0.0,99.99999845498876,0.0,0.003946909138559879
55.0,27.5,0.01198851399856425,0.0,99.99999747836038,0.0,0.006143632672436378
55.5,27.75,0.012029325930671223,0.0,99.99999788280341,0.0,0.0044135636111869965
56.0,28.0,0.012069452286843592,0.0,99.99999788564585,0.0,0.004406269156670528
56.5,28.25,0.012107215340471692,0.0,99.99999747899973,0.0,0.006312176199258845
57.0,28.5,0.012074947952810548,0.0,99.99999749829176,0.0,0.006284749645379035
57.5,28.75,0.012043217947835663,0.0,99.9999985538536,0.0,0.0036821670599260564
58.0,29.0,0.011943761943761944,0.0,99.99999853275929,0.0,0.003793525090058203
58.5,29.25,0.011913626209977662,0.0,99.999998534172,0.0,0.0037918091459522023
59.0,29.5,0.011883980126225326,0.0,99.99999857295595,0.0,0.0038553151349954083
59.5,29.75,0.011854022376132126,0.0,99.99999844110438,0.0,0.0037154970190020386
60.0,30.0,0.011823766431072066,0.0,99.99999845058143,0.0,0.003707569938024212
60.5,30.25,0.011793998165378064,0.0,99.9999984515244,0.0,0.003707110616725938
61.0,30.5,0.011763941245287924,0.0,99.99999862193508,0.0,0.0035389695141817613
61.5,30.75,0.011734364925854288,0.0,99.99999861999159,0.0,0.0035426743422218524
62.0,31.0,0.01170675537359263,0.0,99.99999839139848,0.0,0.004214459245995844
62.5,31.25,0.011740068536616322,0.0,99.99999638794786,0.0,0.005393636532784506
63.0,31.5,0.011773594409116666,0.0,99.99999660423717,0.0,0.005193130039385085
63.5,31.75,0.011807334291247579,0.0,99.99999740227304,0.0,0.004715748375894801
64.0,32.0,0.011840555452234827,0.0,99.99999740291872,0.0,0.004714895978812161
64.5,32.25,0.011812476928755998,0.0,99.99999710029759,0.0,0.005568450961656834
65.0,32.5,0.011784100622786665,0.0,99.99999752530077,0.0,0.004262707218569971
65.5,32.75,0.01175543840513846,0.0,99.99999861189107,0.0,0.003139350018354311
66.0,33.0,0.011727207120519605,0.0,99.99999861132383,0.0,0.003140174065395242
66.5,33.25,0.011700793982448809,0.0,99.99999689037749,0.0,0.005148863396921447
67.0,33.5,0.011676149834044572,0.0,99.99999755326331,0.0,0.0041744314852928295
67.5,33.75,0.011651171001529952,0.0,99.9999983939044,0.0,0.0046366068504298825
68.0,34.0,0.011627227578147823,0.0,99.99999833982794,0.0,0.004781611756670775
68.5,34.25,0.011604293588627792,0.0,99.9999984307644,0.0,0.003892520887262537
69.0,34.5,0.011581009449181839,0.0,99.9999986865384,0.0,0.003220203258510075
69.5,34.75,0.011557386428653164,0.0,99.99999868828806,0.0,0.0031067635553101874
70.0,35.0,0.011534090909090909,0.0,99.9999986324549,0.0,0.0031816205311873576
70.5,35.25,0.01156558533145275,0.0,99.999997717135,0.0,0.004430760371859366
71.0,35.5,0.011597288363493753,0.0,99.99999801624493,0.0,0.004031509388303699
71.5,35.75,0.011629200979301134,0.0,99.99999768161106,0.0,0.0048750016116118604
72.0,36.0,0.011659391059291596,0.0,99.99999756368553,0.0,0.004614904218030061
72.5,36.25,0.011689166941060257,0.0,99.99999756295131,0.0,0.004616202079173037
73.0,36.5,0.011664668047530797,0.0,99.99999773895699,0.0,0.004494289026477956
73.5,36.75,0.011640498105035191,0.0,99.99999767712043,0.0,0.004723895418218438
74.0,37.0,0.01161790017211704,0.0,99.99999784218606,0.0,0.00438587308467226
74.5,37.25,0.011541544215869623,0.0,99.99999695948358,0.0,0.005530269502278863
75.0,37.5,0.011466185369996815,0.0,99.99999714896823,0.0,0.005161525262903055
75.5,37.75,0.01139180422973472,0.0,99.99999714558099,0.0,0.0051656117356837315
76.0,38.0,0.011318381890588975,0.0,99.99999814597234,0.0,0.0039033724849900937
76.5,38.25,0.011245899932316342,0.0,99.99999814869139,0.0,0.0039006399673334664
77.0,38.5,0.011173762350628525,0.0,99.9999976755807,0.0,0.0044042383428127396
77.5,38.75,0.011103115040608616,0.0,99.99999838424039,0.0,0.003219105765414537
78.0,39.0,0.011033355468151403,0.0,99.99999725337912,0.0,0.004707282119864787
78.5,39.25,0.0109639104613979,0.0,99.99999756117013,0.0,0.004629211504391659
79.0,39.5,0.010946879886999949,0.0,99.99999802719616,0.0,0.004560449115261531
79.5,39.75,0.010931153788296646,0.0,99.99999816167026,0.0,0.004221938295638527
80.0,40.0,0.010915615810197876,0.0,99.99999816258861,0.0,0.004221214826168763
80.5,40.25,0.010899722552516845,0.0,99.99999700037509,0.0,0.005339489796736578
81.0,40.5,0.010884554767533491,0.0,99.99999810018164,0.0,0.004695021627826855
81.5,40.75,0.010869565217391304,0.0,99.99999810050234,0.0,0.00469554213053789
82.0,41.0,0.010854222438549525,0.0,99.99999677029342,0.0,0.0060040576334320665
82.5,41.25,0.01083905932449434,0.0,99.99999677002285,0.0,0.006003852292935837
83.0,41.5,0.010822510822510822,0.0,99.99999685458974,0.0,0.005634339646911327
83.5,41.75,0.010805125262956588,0.0,99.99999753941337,0.0,0.004737946220028836
84.0,42.0,0.010787947913696416,0.0,99.99999753754295,0.0,0.004739439055210503
84.5,42.25,0.01076843149293912,0.0,99.9999981935769,0.0,0.004259412449201482
85.0,42.5,0.010749659672346618,0.0,99.99999830845603,0.0,0.003944184937625594
85.5,42.75,0.010731616274729376,0.0,99.99999799180962,0.0,0.004255327354029566
86.0,43.0,0.010713788785306804,0.0,99.99999800741026,0.0,0.004240580310971225
86.5,43.25,0.010696173351775012,0.0,99.99999802234018,0.0,0.004226469713464821
87.0,43.5,0.010678276810265811,0.0,99.99999820806906,0.0,0.003942292127826782
87.5,43.75,0.01066010660106601,0.0,99.99999644443116,0.0,0.004695892054321546
88.0,44.0,0.010642633938680313,0.0,99.99999679242868,0.0,0.0051904989320001585
88.5,44.25,0.010627279686585311,0.0,99.99999679695377,0.0,0.0049542856382504075
89.0,44.5,0.010611623533625861,0.0,99.99999648188886,0.0,0.005380245604368886
89.5,44.75,0.010596144428119852,0.0,99.99999647724098,0.0,0.005385122895192495
90.0,45.0,0.01058177632161516,0.0,99.99999803996629,0.0,0.004289218509822785
90.5,45.25,0.01056756637752631,0.0,99.99999803865792,0.0,0.004291147796959282
91.0,45.5,0.010554898611658564,0.0,99.99999749666192,0.0,0.004812129900752922
91.5,45.75,0.0105419062554452,0.0,99.99999787082783,0.0,0.004348350994185376
92.0,46.0,0.010528596187175044,0.0,99.99999725189025,0.0,0.004921995852855828
92.5,46.25,0.010556704584625992,0.0,99.99999634161249,0.0,0.004827805314003613
93.0,46.5,0.010584051077687793,0.0,99.99999766527789,0.0,0.004747630938039124
93.5,46.75,0.010611549115704241,0.0,99.99999624301219,0.0,0.005226553267845834
94.0,47.0,0.010638748781418217,0.0,99.99999678101278,0.0,0.005262675473610383
94.5,47.25,0.010665654904936555,0.0,99.99999677543146,0.0,0.005266939975698647
95.0,47.5,0.010650341733406014,0.0,99.99999677036375,0.0,0.0052708156857049805
95.5,47.75,0.010635192059056596,0.0,99.99999676592698,0.0,0.005274180943032625
96.0,48.0,0.010619762714676843,0.0,99.999996972845,0.0,0.005143851242414408
96.5,48.25,0.010603622560547922,0.0,99.99999715640433,0.0,0.005097282938527461
97.0,48.5,0.010587655942219304,0.0,99.99999715471594,0.0,0.0050986979829150195
97.5,48.75,0.010571428571428572,0.0,99.99999728546062,0.0,0.004808339368846581
98.0,49.0,0.010554946616327691,0.0,99.99999634668075,0.0,0.005108549266296414
98.5,49.25,0.010537790697674418,0.0,99.9999983410433,0.0,0.0027838439463002875
99.0,49.5,0.01052082078464442,0.0,99.99999833974829,0.0,0.0027849235160142143
99.5,49.75,0.010464094576244108,0.0,99.99999833864564,0.0,0.0027858278045656023
100.0,50.0,0.01040880378213023,0.0,99.99999805549236,0.0,0.002581212722756022
100.5,50.25,0.010354094214353462,0.0,99.99999805654853,0.0,0.0025799016523510797
101.0,50.5,0.010299551851560658,0.0,99.99999809878572,0.0,0.002500216338661233
101.5,50.75,0.010247985605882814,0.0,99.99999561287906,0.0,0.006575270144292914
102.0,51.0,0.010196933136140732,0.0,99.99999806316858,0.0,0.0036945346514949905
102.5,51.25,0.010147172734314485,0.0,99.99999795134515,0.0,0.004009534804158406
103.0,51.5,0.01009711731154617,0.0,99.99999756415768,0.0,0.0044920869429055585
103.5,51.75,0.010047553305721737,0.0,99.99999766224349,0.0,0.004367669324451415
104.0,52.0,0.00999771044798901,0.0,99.99999750847167,0.0,0.005038585884406133
104.5,52.25,0.009946848899012909,0.0,99.99999680035026,0.0,0.0053700593130137034
105.0,52.5,0.009896128423040605,0.0,99.99999637626897,0.0,0.005627128760668523
105.5,52.75,0.009845552591033783,0.0,99.99999805945896,0.0,0.003954371711827954
106.0,53.0,0.009795124869149095,0.0,99.9999982779451,0.0,0.00368210845998467
106.5,53.25,0.009745211084247722,0.0,99.99999827543965,0.0,0.0036850244943925406
107.0,53.5,0.009696162244180451,0.0,99.99999818206655,0.0,0.003786900929505012
107.5,53.75,0.009647959935189276,0.0,99.99999858639998,0.0,0.00342062791906755
108.0,54.0,0.00960058629534628,0.0,99.99999824735242,0.0,0.0033908621540670873
108.5,54.25,0.0095536756126021,0.0,99.99999824675713,0.0,0.0033912208867105213
109.0,54.5,0.009506876156609455,0.0,99.9999985558718,0.0,0.003700963220049284
109.5,54.75,0.009460532967429769,0.0,99.99999855621844,0.0,0.003701032655185986
110.0,55.0,0.00941497772028173,0.0,99.99999844009953,0.0,0.0036796455212322085
110.5,55.25,0.009369859094485374,0.0,99.99999843961447,0.0,0.0036807677799841837
111.0,55.5,0.0093251708428246,0.0,99.99999843925485,0.0,0.003681780441962564
111.5,55.75,0.009280906836698547,0.0,99.9999984389995,0.0,0.003682681245143854
112.0,56.0,0.009237386736240877,0.0,99.99999872896467,0.0,0.0031517909359081143
112.5,56.25,0.009194272880404267,0.0,99.99999853189479,0.0,0.0032915930483014945
113.0,56.5,0.009151559607391106,0.0,99.99999884874012,0.0,0.002900146847466348
113.5,56.75,0.0091095580821251,0.0,99.99999830634793,0.0,0.0034705888667638522
114.0,57.0,0.009068254188010522,0.0,99.99999760953318,0.0,0.004746491135003503
114.5,57.25,0.009027634208531459,0.0,99.99999842776052,0.0,0.003548884150496371
115.0,57.5,0.008986759964327365,0.0,99.99999811710161,0.0,0.0037926138635158485
115.5,57.75,0.008946559672187127,0.0,99.99999828489857,0.0,0.0036990626868250555
116.0,58.0,0.008907928736570108,0.0,99.99999845483343,0.0,0.00376120793226079
116.5,58.25,0.008869629980703477,0.0,99.99999845624087,0.0,0.003759374846203675
117.0,58.5,0.008831659138407605,0.0,99.99999845761275,0.0,0.003757637197148603
117.5,58.75,0.008794307196562835,0.0,99.99999775778191,0.0,0.004838553983655274
118.0,59.0,0.008756099191230533,0.0,99.99999826610059,0.0,0.004598008838987632
118.5,59.25,0.008718221748968455,0.0,99.999998259366,0.0,0.00460744703070816
119.0,59.5,0.008680958218746893,0.0,99.99999835925905,0.0,0.004500468446936705
119.5,59.75,0.008644297073476526,0.0,99.99999860527414,0.0,0.00371318291905002
120.0,60.0,0.00860737869180985,0.0,99.99999885271697,0.0,0.003181963405307402
120.5,60.25,0.008570774313847361,0.0,99.99999885436156,0.0,0.0031812716729217047
121.0,60.5,0.008534201954397394,0.0,99.99999825870212,0.0,0.0037639145310600355
121.5,60.75,0.008498216023353876,0.0,99.9999986543238,0.0,0.003814594167361852
122.0,61.0,0.008462532299741601,0.0,99.9999986585445,0.0,0.0038079977879168217
122.5,61.25,0.00842741805783396,0.0,99.99999867035255,0.0,0.00353708300246979
123.0,61.5,0.008392325186585092,0.0,99.99999832787505,0.0,0.004768451494197614
123.5,61.75,0.008357523365976586,0.0,99.9999983258774,0.0,0.004771841556711873
124.0,62.0,0.008323008990120397,0.0,99.99999832410099,0.0,0.004774902901691648
124.5,62.25,0.008288778512448986,0.0,99.9999983225904,0.0,0.004777557606066021
125.0,62.5,0.008254048264129545,0.0,99.9999982054243,0.0,0.003647055120260192
125.5,62.75,0.008250721545990714,0.0,99.99999863787359,0.0,0.0031924840007791023
126.0,63.0,0.008247938015496127,0.0,99.99999708533772,0.0,0.0036672925780683826
126.5,63.25,0.008245177349097698,0.0,99.99999709012229,0.0,0.003663700946212612
127.0,63.5,0.008242694679433548,0.0,99.99999728028199,0.0,0.003422269037056629
127.5,63.75,0.008240740740740741,0.0,99.99999739303345,0.0,0.003854458949910496
128.0,64.0,0.008238802299486613,0.0,99.99999743926155,0.0,0.003810059468699254
128.5,64.25,0.008237131396025355,0.0,99.99999715019587,0.0,0.004314495273356047
129.0,64.5,0.008235473539728535,0.0,99.99999715638698,0.0,0.004309901553125744
129.5,64.75,0.00823357841647931,0.0,99.9999979026742,0.0,0.0036159962272676294
130.0,65.0,0.008231199878952943,0.0,99.9999978584722,0.0,0.0037530365479456584
130.5,65.25,0.008229088168801808,0.0,99.99999775972168,0.0,0.0036359984249544
131.0,65.5,0.008226251951483127,0.0,99.99999637293439,0.0,0.006759056038893948
131.5,65.75,0.008223684210526315,0.0,99.99999725092363,0.0,0.004164797049756462
132.0,66.0,0.008221381549551696,0.0,99.9999969030768,0.0,0.00444410754735879
132.5,66.25,0.008218852921104946,0.0,99.99999745177365,0.0,0.004903078495921257
133.0,66.5,0.008216344022461948,0.0,99.99999744388998,0.0,0.0049060094587228
133.5,66.75,0.008213129231675007,0.0,99.99999796261667,0.0,0.005263924385694023
134.0,67.0,0.008209939891511508,0.0,99.99999796539699,0.0,0.005263469282955253
134.5,67.25,0.008235740778598757,0.0,99.99999725413834,0.0,0.005178486193687588
135.0,67.5,0.008260856918467669,0.0,99.99999794139353,0.0,0.003752706642627585
135.5,67.75,0.00828577222817742,0.0,99.99999793627794,0.0,0.0037592029972255523
136.0,68.0,0.008310249307479225,0.0,99.99999848104957,0.0,0.003739154614273042
136.5,68.25,0.008335009915787658,0.0,99.99999815167418,0.0,0.004216933928575139
137.0,68.5,0.008359576295448038,0.0,99.99999814994703,0.0,0.004219102659692704
137.5,68.75,0.008384189813494553,0.0,99.99999760883534,0.0,0.004535884350063678
138.0,69.0,0.008408613146980284,0.0,99.9999976048593,0.0,0.004540045446563775
138.5,69.25,0.008432848491708642,0.0,99.99999760102504,0.0,0.004544070783890525
139.0,69.5,0.00842989652936367,0.0,99.99999765268815,0.0,0.005521693097468071
139.5,69.75,0.008427439743805831,0.0,99.99999794254862,0.0,0.0047566233830969125
140.0,70.0,0.008425236522420646,0.0,99.99999818685636,0.0,0.004303803146191644
140.5,70.25,0.008424223827721834,0.0,99.99999686185078,0.0,0.006882382295953816
141.0,70.5,0.008422983904595113,0.0,99.9999975948231,0.0,0.005274656692881284
141.5,70.75,0.0083931193041744,0.0,99.99999716512133,0.0,0.005099982405683899
142.0,71.0,0.008363696588274263,0.0,99.99999671030004,0.0,0.00630957886337893
142.5,71.25,0.008334708697804918,0.0,99.99999728446367,0.0,0.004999830941703266
143.0,71.5,0.00830569337463337,0.0,99.9999970732261,0.0,0.005371305667565413
143.5,71.75,0.008275975090134382,0.0,99.99999715815613,0.0,0.005314018635398807
144.0,72.0,0.008246693157694192,0.0,99.99999709013125,0.0,0.005272168440600947
144.5,72.25,0.008217617704491214,0.0,99.99999709263237,0.0,0.005269513871939625
145.0,72.5,0.008188967865733358,0.0,99.99999779874027,0.0,0.004264256511688489
145.5,72.75,0.008160517102073795,0.0,99.99999780184498,0.0,0.004259302257568092
146.0,73.0,0.008131826843079896,0.0,99.99999844246015,0.0,0.0033092664891206155
146.5,73.25,0.008103120904982216,0.0,99.99999834279592,0.0,0.004537598372569627
147.0,73.5,0.008074186585658326,0.0,99.99999807365162,0.0,0.004746581409139893
147.5,73.75,0.008045458166272803,0.0,99.99999806841912,0.0,0.004758802694406489
148.0,74.0,0.008016721346174198,0.0,99.9999983467492,0.0,0.004072723248916606
148.5,74.25,0.007987346777382364,0.0,99.99999800048752,0.0,0.0048474625631665155
149.0,74.5,0.007958395713497754,0.0,99.99999775939135,0.0,0.005190924457712948
149.5,74.75,0.007929653764622752,0.0,99.99999774155874,0.0,0.005214468535857102
150.0,75.0,0.007902148967243897,0.0,99.99999762148609,0.0,0.005621657605656066
150.5,75.25,0.007874629658506159,0.0,99.99999756296731,0.0,0.005322961203865016
151.0,75.5,0.007847301357091059,0.0,99.99999821237779,0.0,0.004620312127045435
151.5,75.75,0.007820969490475452,0.0,99.99999737761182,0.0,0.0043484778999819205
152.0,76.0,0.007794813747684709,0.0,99.99999737394126,0.0,0.004353676174835474
152.5,76.25,0.0077678365421591,0.0,99.99999858459252,0.0,0.003940432931474028
153.0,76.5,0.007741440981093511,0.0,99.99999883890409,0.0,0.0038633772371836146
153.5,76.75,0.007714634891536816,0.0,99.99999784755148,0.0,0.005693817577694375
154.0,77.0,0.007688013802902669,0.0,99.99999785610906,0.0,0.005677371402018818
154.5,77.25,0.007661382082985663,0.0,99.99999870681413,0.0,0.003991964503640196
155.0,77.5,0.007634934233734818,0.0,99.9999979307451,0.0,0.0049965419251256195
155.5,77.75,0.007608668357481857,0.0,99.99999793078813,0.0,0.004994236471740048
156.0,78.0,0.007582772341650191,0.0,99.99999843113623,0.0,0.004994733178073589
156.5,78.25,0.007556863527533919,0.0,99.99999856604953,0.0,0.004110148274481156
157.0,78.5,0.007531318353549413,0.0,99.99999769620827,0.0,0.004940534336730046
157.5,78.75,0.0075063171976415795,0.0,99.99999665877291,0.0,0.005391653008034305
158.0,79.0,0.007481481481481481,0.0,99.99999665705651,0.0,0.005393236697037074
158.5,79.25,0.007456993084438757,0.0,99.99999834158754,0.0,0.0034478917170140525
159.0,79.5,0.007432482154683936,0.0,99.99999653891415,0.0,0.005186158794931399
159.5,79.75,0.007408131830517591,0.0,99.99999653938238,0.0,0.005185116373049017
160.0,80.0,0.007383760600448387,0.0,99.99999649902082,0.0,0.005697586909919631
160.5,80.25,0.007359906725934563,0.0,99.9999970782546,0.0,0.005422781291883713
161.0,80.5,0.0073362064791051285,0.0,99.99999707819688,0.0,0.005422385517991302
161.5,80.75,0.007312834869913598,0.0,99.99999761024281,0.0,0.00514506571263896
162.0,81.0,0.007289787080476362,0.0,99.99999782256933,0.0,0.004346025377432746
162.5,81.25,0.007266361303628384,0.0,99.99999651604918,0.0,0.005472830539379238
163.0,81.5,0.0072423930970193845,0.0,99.99999797364414,0.0,0.0037347966911350206
163.5,81.75,0.0072187544670510315,0.0,99.99999709396877,0.0,0.005638559230456341
164.0,82.0,0.007195269644510936,0.0,99.99999710950216,0.0,0.0056224155796611944
164.5,82.25,0.007171767379109565,0.0,99.99999726452997,0.0,0.005461816361085149
165.0,82.5,0.007148586797527485,0.0,99.99999748222564,0.0,0.004497744388022106
165.5,82.75,0.007125555581685206,0.0,99.99999748147766,0.0,0.004498287880483714
166.0,83.0,0.007102339318362946,0.0,99.9999973231411,0.0,0.0046245946902672384
166.5,83.25,0.007078777684328567,0.0,99.9999984468511,0.0,0.0035608489606743826
167.0,83.5,0.007055371862338751,0.0,99.99999776850508,0.0,0.0050450122105165345
167.5,83.75,0.007032283519390999,0.0,99.99999806391773,0.0,0.0045242629408054486
168.0,84.0,0.007032478948829462,0.0,99.999998063575,0.0,0.004524136923681183
168.5,84.25,0.007032510952271155,0.0,99.9999977718887,0.0,0.0050400477197675665
169.0,84.5,0.007032704373606674,0.0,99.99999730229108,0.0,0.005689693457054269
169.5,84.75,0.007033218785796105,0.0,99.99999750803829,0.0,0.004928070899213252
170.0,85.0,0.007034533162799196,0.0,99.99999811011882,0.0,0.004297453335776009
170.5,85.25,0.007035679318745873,0.0,99.99999815832552,0.0,0.003939114611660225
171.0,85.5,0.007036978185367625,0.0,99.99999790384474,0.0,0.004209264792390635
171.5,85.75,0.007038109894088893,0.0,99.99999845580716,0.0,0.0035719648974559814
172.0,86.0,0.007039393529172871,0.0,99.99999834542204,0.0,0.003777981671345604
172.5,86.25,0.007040827803396693,0.0,99.99999816007218,0.0,0.004354011774055768
173.0,86.5,0.00704241146522529,0.0,99.9999983328325,0.0,0.0037403762879034963
173.5,86.75,0.007043513259693216,0.0,99.99999861030885,0.0,0.002920549179800206
174.0,87.0,0.007044765471731764,0.0,99.99999810223326,0.0,0.0037199636807161637
174.5,87.25,0.007046010224494332,0.0,99.99999809165071,0.0,0.003731325739282028
175.0,87.5,0.007047247584434004,0.0,99.9999980811983,0.0,0.0037426158644326703
175.5,87.75,0.007048166151126823,0.0,99.99999860206049,0.0,0.0033650050202279945
176.0,88.0,0.007048923937705134,0.0,99.99999761709869,0.0,0.004885298444142425
176.5,88.25,0.007049522345448556,0.0,99.99999644994732,0.0,0.006403434962313001
177.0,88.5,0.007050271501138553,0.0,99.99999662476698,0.0,0.006098350322076055
177.5,88.75,0.007051016175860639,0.0,99.9999966221804,0.0,0.006100660348595616
178.0,89.0,0.0070516029338150476,0.0,99.99999644776031,0.0,0.006405120001269525
178.5,89.25,0.007052186177715092,0.0,99.99999644715353,0.0,0.006405495070813471
179.0,89.5,0.00705276593903468,0.0,99.99999777330146,0.0,0.004576727363734253
179.5,89.75,0.007053190112592209,0.0,99.99999733261004,0.0,0.004372625896399495
180.0,90.0,0.00705421855173452,0.0,99.99999811356092,0.0,0.0043404962563280075
180.5,90.25,0.007055241036198319,0.0,99.99999811938196,0.0,0.004332931186145568
181.0,90.5,0.007056408501903092,0.0,99.99999715078576,0.0,0.004700603632003227
181.5,90.75,0.007057418818362081,0.0,99.9999985212688,0.0,0.00343626837960098
182.0,91.0,0.007058273274230925,0.0,99.99999746076723,0.0,0.004785532214986764
182.5,91.25,0.007059122803298497,0.0,99.9999972163292,0.0,0.005194370481312065
183.0,91.5,0.007059818220249418,0.0,99.99999833619215,0.0,0.003411244805801493
183.5,91.75,0.007060509621261618,0.0,99.99999781485639,0.0,0.004337377777189849
184.0,92.0,0.0070611970410221925,0.0,99.99999781278375,0.0,0.0043388892343355885
184.5,92.25,0.007061584560903548,0.0,99.99999799384472,0.0,0.004714451357077159
185.0,92.5,0.00706182228443683,0.0,99.99999800585806,0.0,0.0040577769162183615
185.5,92.75,0.007062058621336166,0.0,99.99999820665573,0.0,0.003993277371300327
186.0,93.0,0.007062293583698565,0.0,99.99999820917533,0.0,0.0039888038221590205
186.5,93.25,0.007062234648441545,0.0,99.99999794556915,0.0,0.0036674156950249294
187.0,93.5,0.0070621760588101675,0.0,99.99999794765037,0.0,0.0036655000660927037
187.5,93.75,0.007061972410953263,0.0,99.99999744508666,0.0,0.0045226417755660706
188.0,94.0,0.007041386106092955,0.0,99.99999880158035,0.0,0.0028331815777494274
188.5,94.25,0.007021206910668959,0.0,99.99999692338555,0.0,0.0051595337412063584
189.0,94.5,0.007001000142877554,0.0,99.99999837617003,0.0,0.003949225736448329
189.5,94.75,0.0069807672738373865,0.0,99.99999818630837,0.0,0.004070860827056616
190.0,95.0,0.006961074806185818,0.0,99.99999898577853,0.0,0.0030508645343083085
190.5,95.25,0.006941493129338433,0.0,99.99999898579496,0.0,0.0030507176537794604
191.0,95.5,0.006922021310946077,0.0,99.99999898564054,0.0,0.0030508549234463775
191.5,95.75,0.0069027973435298855,0.0,99.99999763173706,0.0,0.004845641907744269
192.0,96.0,0.006883679858713976,0.0,99.99999766778612,0.0,0.0048002043906787955
192.5,96.25,0.0068645305901895255,0.0,99.99999851977405,0.0,0.00380176195621766
193.0,96.5,0.006845077730547407,0.0,99.99999809681633,0.0,0.004812687247898873
193.5,96.75,0.006825734811247537,0.0,99.99999810001668,0.0,0.004807835247366858
194.0,97.0,0.006806635973964121,0.0,99.99999792706785,0.0,0.004843991290334674
194.5,97.25,0.0067877780416369824,0.0,99.9999985966595,0.0,0.002957723080592654
195.0,97.5,0.006768890730763918,0.0,99.99999786691622,0.0,0.0046028417890318744
195.5,97.75,0.006750241080038573,0.0,99.99999776158216,0.0,0.004514579615015498
196.0,98.0,0.006731826032344167,0.0,99.9999977969471,0.0,0.004473658179399698
196.5,98.25,0.006713511185923156,0.0,99.99999883705037,0.0,0.0028406011869775327
197.0,98.5,0.006695295725161038,0.0,99.99999883457176,0.0,0.0028429088862785136
197.5,98.75,0.006677308830400249,0.0,99.99999896253313,0.0,0.0026347031679074583
198.0,99.0,0.006659676918297608,0.0,99.99999744025652,0.0,0.00410735332093602
198.5,99.25,0.006642137877614252,0.0,99.99999884686532,0.0,0.0029018924066440506
199.0,99.5,0.006624690976514215,0.0,99.99999882339027,0.0,0.0031731533576941423
199.5,99.75,0.006607462772822716,0.0,99.99999890073144,0.0,0.0031278169469469287
200.0,100.0,0.006590830483071366,0.0,99.99999781417411,0.0,0.004247283428259642
200.5,100.25,0.006574155709740484,0.0,99.99999838422562,0.0,0.003795636117983945
201.0,100.5,0.006557690469362393,0.0,99.99999828670857,0.0,0.003987633772222174
201.5,100.75,0.006541058011365803,0.0,99.99999849653027,0.0,0.003676718971315475
202.0,101.0,0.006524509710676989,0.0,99.99999849336159,0.0,0.003680796562878803
202.5,101.25,0.006507921449577839,0.0,99.9999981301768,0.0,0.0036210363441695637
203.0,101.5,0.006491048786949775,0.0,99.99999789912934,0.0,0.004614229353711417
203.5,101.75,0.006474141185352963,0.0,99.9999981711514,0.0,0.004166349898497421
204.0,102.0,0.006457199871985542,0.0,99.99999824234595,0.0,0.004206687018155804
204.5,102.25,0.0064403469901235496,0.0,99.99999824299564,0.0,0.0042053044230495815
205.0,102.5,0.006423581849167556,0.0,99.99999771980603,0.0,0.004907732065989949
205.5,102.75,0.006406903765690377,0.0,99.99999772348721,0.0,0.0049028488251974395
206.0,103.0,0.006390431121213251,0.0,99.99999823245292,0.0,0.004397000980533766
206.5,103.25,0.006374161416810689,0.0,99.99999709267075,0.0,0.005518649506366897
207.0,103.5,0.006357856494096276,0.0,99.9999971270321,0.0,0.005774185472927095
207.5,103.75,0.0063417520245534886,0.0,99.99999705351385,0.0,0.005362112363334506
208.0,104.0,0.006325728934216107,0.0,99.99999705223875,0.0,0.005362866649168995
208.5,104.25,0.006309670535862107,0.0,99.99999717736856,0.0,0.00546981221214336
209.0,104.5,0.0062933470331363985,0.0,99.99999791932052,0.0,0.004845689517973124
209.5,104.75,0.006277222649244171,0.0,99.99999770591798,0.0,0.005177963026879393
210.0,105.0,0.0062617521952644355,0.0,99.99999811900317,0.0,0.0039571483330343125
210.5,105.25,0.006246244058783894,0.0,99.99999719571228,0.0,0.005428094410046627
211.0,105.5,0.006230812548820142,0.0,99.9999965047864,0.0,0.006006977896989859
211.5,105.75,0.006215457098849325,0.0,99.99999606071042,0.0,0.006637339851564046
212.0,106.0,0.006200177147918512,0.0,99.99999681830592,0.0,0.006351092506768489
212.5,106.25,0.0061848606152403625,0.0,99.99999725829937,0.0,0.0053425089910602835
213.0,106.5,0.006169175704599004,0.0,99.99999805996896,0.0,0.003457832859829094
213.5,106.75,0.006153570147111589,0.0,99.99999805464319,0.0,0.0034626761328128914
214.0,107.0,0.006138043342101967,0.0,99.99999804955577,0.0,0.0034673012138621982
214.5,107.25,0.006122703986005248,0.0,99.99999815261556,0.0,0.003444665690824016
215.0,107.5,0.006107441106817898,0.0,99.99999716656659,0.0,0.004873016567505749
215.5,107.75,0.006092362344582593,0.0,99.99999735207138,0.0,0.004574035077675501
216.0,108.0,0.006077142502790524,0.0,99.99999814461984,0.0,0.003714864467352999
216.5,108.25,0.006061998515428935,0.0,99.99999814421024,0.0,0.0037139623495496582
217.0,108.5,0.006046716615249009,0.0,99.99999827894503,0.0,0.003536014079902899
217.5,108.75,0.00603151157065485,0.0,99.9999982752391,0.0,0.0035397244352595543
218.0,109.0,0.006016488335379758,0.0,99.9999981265308,0.0,0.003832780365622331
218.5,109.25,0.00600174978127734,0.0,99.99999722183672,0.0,0.0049077696536889565
219.0,109.5,0.0059870832606039445,0.0,99.99999722563574,0.0,0.004903626869956829
219.5,109.75,0.005972488246561031,0.0,99.99999722920633,0.0,0.004899722252586686
220.0,110.0,0.005958171206225681,0.0,99.99999805705968,0.0,0.0035629537331422867
220.5,110.25,0.0059439226423595466,0.0,99.99999805774962,0.0,0.003561336325752891
221.0,110.5,0.0059297420648641175,0.0,99.99999805852384,0.0,0.003559670426690488
221.5,110.75,0.005915424944812362,0.0,99.9999979141125,0.0,0.003914943849041058
222.0,111.0,0.005900973746688229,0.0,99.99999823497009,0.0,0.0039723465155783386
222.5,111.25,0.005886694012047986,0.0,99.99999775448642,0.0,0.004514584515013247
223.0,111.5,0.005872181609628323,0.0,99.99999829973589,0.0,0.003941387241637426
223.5,111.75,0.005857840625747173,0.0,99.99999731993688,0.0,0.004778310581171905
224.0,112.0,0.0058437686344663085,0.0,99.99999833218864,0.0,0.003947669861445164
224.5,112.25,0.0058297640900129176,0.0,99.99999824233922,0.0,0.0036535928062983317
225.0,112.5,0.005816023738872403,0.0,99.9999981689376,0.0,0.003860480769991657
225.5,112.75,0.005802348005548601,0.0,99.9999981673745,0.0,0.003862606804829444
226.0,113.0,0.0057887364352859775,0.0,99.99999690059556,0.0,0.0050126031204569
226.5,113.25,0.005775285817716489,0.0,99.99999700990674,0.0,0.005006349179950192
227.0,113.5,0.0057618007727196375,0.0,99.99999735072136,0.0,0.004371764946911755
227.5,113.75,0.0057483785550285745,0.0,99.99999734682638,0.0,0.004376173566870845
228.0,114.0,0.00573501872659176,0.0,99.99999734324948,0.0,0.00438025682936448
228.5,114.25,0.005721720853420521,0.0,99.99999734000126,0.0,0.004383965436440478
229.0,114.5,0.005708579512357493,0.0,99.99999645043198,0.0,0.006550364356989545
229.5,114.75,0.005695687550854353,0.0,99.99999777298333,0.0,0.0041807611117338946
230.0,115.0,0.005682853687227662,0.0,99.99999776955234,0.0,0.004184782882049454
230.5,115.25,0.005669983800046285,0.0,99.99999818094314,0.0,0.00394760710792375
231.0,115.5,0.005657078770286318,0.0,99.9999983007717,0.0,0.003924212908782602
231.5,115.75,0.005644232351489221,0.0,99.99999830033268,0.0,0.003924950531906264
232.0,116.0,0.005631444145268273,0.0,99.99999773150499,0.0,0.005029995079635688
232.5,116.25,0.005618713756839105,0.0,99.99999722977381,0.0,0.006253122016517265
233.0,116.5,0.00560604079497908,0.0,99.99999722952298,0.0,0.006250878987541986
233.5,116.75,0.005593516087474112,0.0,99.99999722742932,0.0,0.004820090465423031
234.0,117.0,0.005581410485891887,0.0,99.9999969253532,0.0,0.005270862978076498
234.5,117.25,0.00556926674027408,0.0,99.99999844140703,0.0,0.003605280588513247
235.0,117.5,0.005557175723404945,0.0,99.99999844190025,0.0,0.003605340273018297
235.5,117.75,0.005545137092602173,0.0,99.99999844269144,0.0,0.0036050207084814693
236.0,118.0,0.005533150508146475,0.0,99.99999844392018,0.0,0.0036040933975663592
236.5,118.25,0.00552121563324963,0.0,99.99999812193488,0.0,0.003906262027288953
237.0,118.5,0.0055093321340229364,0.0,99.99999811887217,0.0,0.003909483803694537
237.5,118.75,0.005497323460589159,0.0,99.99999746724231,0.0,0.004997205330511378
238.0,119.0,0.005485542476970317,0.0,99.99999812083364,0.0,0.0042435847302213885
238.5,119.25,0.005473986594318544,0.0,99.99999779077514,0.0,0.005571715795248975
239.0,119.5,0.005462566291347486,0.0,99.99999728651963,0.0,0.0053919251551501485
239.5,119.75,0.005451366815003179,0.0,99.99999761596598,0.0,0.004815040312205178
240.0,120.0,0.005440385743968785,0.0,99.99999726077576,0.0,0.0052438931805918985
240.5,120.25,0.005429448823883243,0.0,99.99999725678163,0.0,0.0052476766166030375
241.0,120.5,0.0054181278235870215,0.0,99.999997809098,0.0,0.00450168751553577
241.5,120.75,0.005406768706946831,0.0,99.99999817545277,0.0,0.003979059409518872
242.0,121.0,0.005395541992417927,0.0,99.99999757395703,0.0,0.0052809481917959296
242.5,121.25,0.005384192763519347,0.0,99.9999968029428,0.0,0.006352323587288601
243.0,121.5,0.00537280701754386,0.0,99.99999802206165,0.0,0.004834340873521086
243.5,121.75,0.00536146932395467,0.0,99.99999801927247,0.0,0.004838517537057161
244.0,122.0,0.005350012478163214,0.0,99.99999843433989,0.0,0.003948129947326766
244.5,122.25,0.005338604491898707,0.0,99.99999764040702,0.0,0.004820243830063282
245.0,122.5,0.00532724505327245,0.0,99.9999976384728,0.0,0.004823082446455262
245.5,122.75,0.005315933853044651,0.0,99.99999763626171,0.0,0.004826258792739676
246.0,123.0,0.0053046705845963505,0.0,99.99999763362337,0.0,0.0048299971617560096
246.5,123.25,0.005293618334748051,0.0,99.99999775575348,0.0,0.004672526875222155
247.0,123.5,0.005282612043739411,0.0,99.9999977518258,0.0,0.004678649361618623
247.5,123.75,0.0052716514254975795,0.0,99.9999977474431,0.0,0.004685430244632529
248.0,124.0,0.0052607361963190186,0.0,99.99999774276908,0.0,0.00469259134980009
248.5,124.25,0.005249866074845029,0.0,99.99999773801733,0.0,0.004699814318585812
249.0,124.5,0.005239040782037575,0.0,99.99999773342667,0.0,0.0047067781737740915
249.5,124.75,0.005228339735381989,0.0,99.99999807992057,0.0,0.003571570983559147
250.0,125.0,0.005217602944979388,0.0,99.99999685692964,0.0,0.005147832519891907
250.5,125.25,0.005206910161824088,0.0,99.99999685346455,0.0,0.005151722259440168
251.0,125.5,0.005196261115908437,0.0,99.99999684943697,0.0,0.005156096598571001
251.5,125.75,0.005185655539429125,0.0,99.99999684503497,0.0,0.005160765416311148
252.0,126.0,0.005175093166764737,0.0,99.99999745920434,0.0,0.004772425796284385
252.5,126.25,0.005164573734453579,0.0,99.99999820057347,0.0,0.003666568494011232
253.0,126.5,0.005154174430486266,0.0,99.99999810142774,0.0,0.0038088132114966664
253.5,126.75,0.005143662647711595,0.0,99.99999760920184,0.0,0.004568043026200448
254.0,127.0,0.005133193654594433,0.0,99.9999976314417,0.0,0.004541239695603306
254.5,127.25,0.005122690682079544,0.0,99.99999792524153,0.0,0.0038586005410558254
255.0,127.5,0.005112154407929056,0.0,99.99999790040249,0.0,0.003842596785955478
255.5,127.75,0.0051017372679676345,0.0,99.99999792290811,0.0,0.003861759358267519
256.0,128.0,0.005091211352065429,0.0,99.99999750186203,0.0,0.0045189894208651936
256.5,128.25,0.005080728780921345,0.0,99.99999750103467,0.0,0.00452025935782379
257.0,128.5,0.005070364238410596,0.0,99.99999645533012,0.0,0.005088871953742419
257.5,128.75,0.005059967250357738,0.0,99.99999732255537,0.0,0.004658932108731296
258.0,129.0,0.005049538475127711,0.0,99.99999735587915,0.0,0.004726211670794717
258.5,129.25,0.005039078568490334,0.0,99.99999806634004,0.0,0.00382889606630059
259.0,129.5,0.005028809359743135,0.0,99.99999706154995,0.0,0.004506763784748064
259.5,129.75,0.005018508493423266,0.0,99.99999789012763,0.0,0.003975003117284138
260.0,130.0,0.005008322868907514,0.0,99.99999690833083,0.0,0.0050574906310815754
260.5,130.25,0.004998178506375228,0.0,99.99999694333303,0.0,0.005022616430491114
261.0,130.5,0.0049880751556046765,0.0,99.99999732666146,0.0,0.004266551211107545
261.5,130.75,0.004977940322767909,0.0,99.99999728789555,0.0,0.004373999609931847
262.0,131.0,0.00496770269095965,0.0,99.99999757654801,0.0,0.004592552838610782
262.5,131.25,0.004957507082152974,0.0,99.99999757799898,0.0,0.004590812413434437
263.0,131.5,0.004947353238136449,0.0,99.9999975799199,0.0,0.004588605627802834
263.5,131.75,0.004937169835763534,0.0,99.99999645143082,0.0,0.005224884684314289
264.0,132.0,0.004927028269363365,0.0,99.99999645568919,0.0,0.005221054920523763
264.5,132.25,0.0049168577981651375,0.0,99.99999813884831,0.0,0.003326821241043151
265.0,132.5,0.004906729228656443,0.0,99.99999813925527,0.0,0.003325606012628635
265.5,132.75,0.0048967122075178095,0.0,99.99999817441075,0.0,0.003053635759560108
266.0,133.0,0.004886666381729851,0.0,99.99999821086759,0.0,0.0032790956772922792
266.5,133.25,0.004876731026246197,0.0,99.99999629087199,0.0,0.005567930121976868
267.0,133.5,0.0048668359890460715,0.0,99.99999628945058,0.0,0.00556929452305554
267.5,133.75,0.004857049802461094,0.0,99.99999768620671,0.0,0.005365797991591997
268.0,134.0,0.004847302892836449,0.0,99.99999768539274,0.0,0.005366506032385738
268.5,134.25,0.0048375950241879755,0.0,99.99999768463283,0.0,0.005367203059201575
269.0,134.5,0.004828129838686974,0.0,99.99999685618856,0.0,0.005476536448171912
269.5,134.75,0.004818701619814276,0.0,99.99999682739139,0.0,0.0055103972126431845
270.0,135.0,0.00480924271953562,0.0,99.99999654552032,0.0,0.005786349420730507
270.5,135.25,0.004799820881319881,0.0,99.99999651817855,0.0,0.005818449042145641
271.0,135.5,0.00479043588776693,0.0,99.99999649517005,0.0,0.005845318006874491
271.5,135.75,0.004780954239437994,0.0,99.9999970363729,0.0,0.0051252515707886975
272.0,136.0,0.004771510050775544,0.0,99.99999816385382,0.0,0.003371087935137166
272.5,136.25,0.004762169216671757,0.0,99.99999784777846,0.0,0.004081343201352598
273.0,136.5,0.004752799024498392,0.0,99.99999729438736,0.0,0.005526485465677171
273.5,136.75,0.004743334439650404,0.0,99.9999979021393,0.0,0.005014820010340355
274.0,137.0,0.004733907474881307,0.0,99.99999789934813,0.0,0.005018667845161369
274.5,137.25,0.004724582983236684,0.0,99.99999791901794,0.0,0.005033721798836287
275.0,137.5,0.004715295152731572,0.0,99.99999791943608,0.0,0.005033664120909403
275.5,137.75,0.004706108336534768,0.0,99.99999699801513,0.0,0.006375720568615171
276.0,138.0,0.004696957248103415,0.0,99.99999699833857,0.0,0.006376064578566931
276.5,138.25,0.0046878416794226985,0.0,99.99999699865269,0.0,0.006376444525572266
277.0,138.5,0.004678697603361023,0.0,99.99999755558719,0.0,0.005876645113248534
277.5,138.75,0.004669589130612356,0.0,99.99999781895231,0.0,0.005405488501546987
278.0,139.0,0.004660516053643491,0.0,99.9999978180004,0.0,0.005406564502620223
278.5,139.25,0.004651730497992839,0.0,99.99999621386925,0.0,0.006563780589163828
279.0,139.5,0.0046430408533448845,0.0,99.9999973808284,0.0,0.005330041993639346
279.5,139.75,0.004634383613468086,0.0,99.99999737915539,0.0,0.005331457659440806
280.0,140.0,0.004625820982076629,0.0,99.99999732205754,0.0,0.005885864177734236
280.5,140.25,0.004617165625673056,0.0,99.99999822298781,0.0,0.0032934564524533614
281.0,140.5,0.004608542598788074,0.0,99.99999707889093,0.0,0.0047941225620727855
281.5,140.75,0.004599766659067441,0.0,99.9999971250503,0.0,0.005458149107409905
282.0,141.0,0.004591208438186004,0.0,99.99999758764679,0.0,0.005031686770224667
282.5,141.25,0.004582682004622763,0.0,99.99999758610284,0.0,0.005030863964285509
283.0,141.5,0.004574187181607233,0.0,99.99999758465971,0.0,0.005030050710932943
283.5,141.75,0.004565602246861981,0.0,99.99999804939489,0.0,0.0046664446990051294
284.0,142.0,0.004557170568384131,0.0,99.99999763186796,0.0,0.005669267595772761
284.5,142.25,0.004548769975465818,0.0,99.9999976296683,0.0,0.0056716214772612504
285.0,142.5,0.004540460400037065,0.0,99.99999818040816,0.0,0.004919034146674055
285.5,142.75,0.004532181128684875,0.0,99.99999817766519,0.0,0.004922545809986943
286.0,143.0,0.004523872329200739,0.0,99.99999783946714,0.0,0.005622855159736535
286.5,143.25,0.004515653387398299,0.0,99.99999808337272,0.0,0.003671002424954697
287.0,143.5,0.0045074642556770395,0.0,99.99999810626757,0.0,0.0036439015204795437
287.5,143.75,0.00449930477214891,0.0,99.99999813195014,0.0,0.003613640406676368
288.0,144.0,0.004491115970303642,0.0,99.99999846046711,0.0,0.0032217167034633556
288.5,144.25,0.004483074107959744,0.0,99.99999745068658,0.0,0.00395911891812457
289.0,144.5,0.004475060993907132,0.0,99.99999855530145,0.0,0.0030060430767188022
289.5,144.75,0.004467076474265472,0.0,99.99999855126023,0.0,0.0030105255232785112
290.0,145.0,0.0044591203962506985,0.0,99.99999854763432,0.0,0.003014554074305174
290.5,145.25,0.004451077082792629,0.0,99.99999784921798,0.0,0.003947741312113029
291.0,145.5,0.004443062733973238,0.0,99.99999784306327,0.0,0.00395479297844834
291.5,145.75,0.0044350198476835745,0.0,99.99999672981082,0.0,0.007703387719481482
292.0,146.0,0.0044269488900361385,0.0,99.9999977336781,0.0,0.0052933263517185095
292.5,146.25,0.004418850325938523,0.0,99.99999796120346,0.0,0.005640400772552584
293.0,146.5,0.004410781338408518,0.0,99.99999795792158,0.0,0.005647256462685706
293.5,146.75,0.004402741765717659,0.0,99.99999795520148,0.0,0.005653156582940246
294.0,147.0,0.0043947314473144735,0.0,99.9999979518219,0.0,0.005660744877260559
294.5,147.25,0.004386750223813787,0.0,99.99999794663972,0.0,0.005672448983595528
295.0,147.5,0.0043787420372001585,0.0,99.9999980336704,0.0,0.005529717903997885
295.5,147.75,0.00437070734100437,0.0,99.99999549127315,0.0,0.006099828394760972
296.0,148.0,0.004362757568048842,0.0,99.99999819600632,0.0,0.004109970707490338
296.5,148.25,0.0043548366618843875,0.0,99.99999819251663,0.0,0.004114422031672032
297.0,148.5,0.004346944465566624,0.0,99.99999818905651,0.0,0.00411877495564829
297.5,148.75,0.004339080823286822,0.0,99.99999818568325,0.0,0.0041229587701876865
298.0,149.0,0.004331300274021037,0.0,99.99999671735051,0.0,0.0051522151946658155
298.5,149.25,0.004323602077345837,0.0,99.9999976895358,0.0,0.0044900203702520035
299.0,149.5,0.004315931196758648,0.0,99.99999768710936,0.0,0.004491906848975927
299.5,149.75,0.0043082333731080825,0.0,99.99999825585559,0.0,0.0035581078485601167
300.0,150.0,0.004300562959990973,0.0,99.99999825279868,0.0,0.0035611795780625846
300.5,150.25,0.004292866082603254,0.0,99.9999981320955,0.0,0.0037734822621227826
301.0,150.5,0.004285143171255809,0.0,99.99999763269308,0.0,0.005332778097055237
301.5,150.75,0.004277554685356546,0.0,99.9999975576429,0.0,0.005513474283457109
302.0,151.0,0.004269939872275268,0.0,99.99999715902767,0.0,0.007004882922123517
302.5,151.25,0.004262352122477384,0.0,99.99999715818126,0.0,0.007005822685891535
303.0,151.5,0.004254791291943187,0.0,99.99999715790686,0.0,0.007005878272764328
303.5,151.75,0.004247257237673048,0.0,99.99999635864839,0.0,0.007321311932581254
304.0,152.0,0.004239749817678397,0.0,99.99999635716809,0.0,0.007323529721894502
304.5,152.25,0.004232268890972805,0.0,99.99999635652173,0.0,0.007325084341296241
305.0,152.5,0.004224814317563157,0.0,99.99999635640418,0.0,0.007326215378033374
305.5,152.75,0.0042174378143097786,0.0,99.99999601159469,0.0,0.0069328088993901235
306.0,153.0,0.0042100870248309216,0.0,99.99999601095405,0.0,0.006934544897927973
306.5,153.25,0.0042026588249709,0.0,99.99999752691316,0.0,0.005497966345736299
307.0,153.5,0.004195256791301264,0.0,99.99999752799071,0.0,0.005497368936491762
307.5,153.75,0.004187880785807602,0.0,99.99999727600436,0.0,0.005254925767281857
308.0,154.0,0.004180581624942106,0.0,99.999997195958,0.0,0.008438493826637748
308.5,154.25,0.00417335864116416,0.0,99.99999670164122,0.0,0.0072005253980849575
309.0,154.5,0.004166160573302563,0.0,99.9999966936783,0.0,0.007200841336460665
309.5,154.75,0.004158836010912398,0.0,99.99999775271533,0.0,0.004499849137497934
310.0,155.0,0.0041514869101076,0.0,99.99999816362829,0.0,0.0037623773166567866
310.5,155.25,0.004144163736754987,0.0,99.99999816315747,0.0,0.003762790182088951
311.0,155.5,0.0041368663538890165,0.0,99.99999816266076,0.0,0.003763285486264862
311.5,155.75,0.004129644344915601,0.0,99.99999744120267,0.0,0.00603245863262592
312.0,156.0,0.0041223979616364596,0.0,99.99999642124365,0.0,0.00551583978520728
312.5,156.25,0.004115176964607079,0.0,99.99999642073814,0.0,0.005515836491253687
313.0,156.5,0.004108030420983292,0.0,99.99999621105295,0.0,0.0066077743745125254
313.5,156.75,0.004100908656145385,0.0,99.99999621160282,0.0,0.006606263237628791
314.0,157.0,0.004093811541445366,0.0,99.99999621237029,0.0,0.006604541915664137
314.5,157.25,0.00408673894912427,0.0,99.99999621327127,0.0,0.006602691158719793
315.0,157.5,0.00407969075230449,0.0,99.99999621424321,0.0,0.006600763135774345
315.5,157.75,0.004072666824982189,0.0,99.9999962152757,0.0,0.0065987434416391036
316.0,158.0,0.004065667042019795,0.0,99.99999621642864,0.0,0.006596529715798787
316.5,158.25,0.004058643253540959,0.0,99.99999631046218,0.0,0.006064454880902489
317.0,158.5,0.004051643691602585,0.0,99.99999630446106,0.0,0.0060710026977891995
317.5,158.75,0.004044715926511167,0.0,99.99999667419722,0.0,0.005453031498368563
318.0,159.0,0.004037811812071056,0.0,99.99999667513671,0.0,0.005451560007269934
318.5,159.25,0.004030883856486433,0.0,99.99999657793546,0.0,0.005369200237136546
319.0,159.5,0.004024026842488092,0.0,99.99999819454538,0.0,0.003654084696547483
319.5,159.75,0.004017146069521222,0.0,99.99999775860427,0.0,0.004358060055384629
320.0,160.0,0.004010382564774109,0.0,99.9999971203144,0.0,0.00576540055642432
320.5,160.25,0.004003641796619666,0.0,99.99999708595425,0.0,0.005804338915729146
321.0,160.5,0.00399701680378493,0.0,99.99999703559348,0.0,0.005581020041030801
321.5,160.75,0.003990413700032574,0.0,99.99999706677994,0.0,0.00554947088589661
322.0,161.0,0.003983693569180382,0.0,99.9999976644446,0.0,0.0046689893015691274
322.5,161.25,0.003976996034598706,0.0,99.99999766465079,0.0,0.0046685297993499675
323.0,161.5,0.003970320982509752,0.0,99.99999766481103,0.0,0.004668140423067588
323.5,161.75,0.0039636682998983085,0.0,99.99999766483408,0.0,0.0046679263878588746
324.0,162.0,0.00395703787450537,0.0,99.999997664647,0.0,0.004667962621253564
324.5,162.25,0.0039503386004514675,0.0,99.99999733877767,0.0,0.004424388502910209
325.0,162.5,0.003943661971830986,0.0,99.9999973428689,0.0,0.004420368023142782
325.5,162.75,0.0039370530641292,0.0,99.99999679916912,0.0,0.005158699612839077
326.0,163.0,0.003930421231150021,0.0,99.99999833914441,0.0,0.003502991641676179
326.5,163.25,0.0039238565904774975,0.0,99.99999696320293,0.0,0.004924623601602759
327.0,163.5,0.003917313841936957,0.0,99.99999696968838,0.0,0.004920238352945411
327.5,163.75,0.0039107928762000315,0.0,99.99999697655966,0.0,0.004915551189667657
328.0,164.0,0.003904249143455545,0.0,99.9999968258795,0.0,0.005695358013182506
328.5,164.25,0.0038977272727272728,0.0,99.99999683017231,0.0,0.005692528724795918
329.0,164.5,0.003891183010391614,0.0,99.99999831471087,0.0,0.0038138931189581906
329.5,164.75,0.003884704683164392,0.0,99.99999845787288,0.0,0.0035346537903063503
330.0,165.0,0.0038782478912733767,0.0,99.99999806672615,0.0,0.0035658410992160153
330.5,165.25,0.0038718562333498892,0.0,99.99999747597742,0.0,0.004343672860460431
331.0,165.5,0.003865572735878826,0.0,99.99999759484747,0.0,0.0043170667705246775
331.5,165.75,0.003859309599891984,0.0,99.99999758818853,0.0,0.004321263945755669
332.0,166.0,0.0038528936017253775,0.0,99.99999671666872,0.0,0.005126597031638313
332.5,166.25,0.003846498901000314,0.0,99.99999671972635,0.0,0.005123574288084035
333.0,166.5,0.003840082399435743,0.0,99.99999714739212,0.0,0.004781440561544942
333.5,166.75,0.0038335587272137965,0.0,99.99999791128573,0.0,0.0040748386065283864
334.0,167.0,0.003827057182705718,0.0,99.99999791143527,0.0,0.004074374007984854
334.5,167.25,0.0038206202103011943,0.0,99.9999979300318,0.0,0.003993716929177354
335.0,167.5,0.003814247269977537,0.0,99.99999739855913,0.0,0.004675075227159047
335.5,167.75,0.003807853281081741,0.0,99.99999683131205,0.0,0.005165929486988915
336.0,168.0,0.0038014806933546127,0.0,99.99999798051171,0.0,0.0040231091234007995
336.5,168.25,0.0037952553775338588,0.0,99.99999756572208,0.0,0.0044489328965126255
337.0,168.5,0.0037889667056978105,0.0,99.99999816918861,0.0,0.004076502096171742
337.5,168.75,0.0037826988398253123,0.0,99.99999816924834,0.0,0.004076920837194121
338.0,169.0,0.003776451676832625,0.0,99.99999810364965,0.0,0.0041767898814156134
338.5,169.25,0.003770183672796421,0.0,99.99999707155379,0.0,0.0046693870001415045
339.0,169.5,0.0037639364410499516,0.0,99.99999707012067,0.0,0.004670783356792973
339.5,169.75,0.0037577922149062745,0.0,99.99999775227136,0.0,0.003972584065098672
340.0,170.0,0.0037516680156629407,0.0,99.99999775423937,0.0,0.003971224567488991
340.5,170.25,0.0037456046476073996,0.0,99.99999701448016,0.0,0.005136228391666858
341.0,170.5,0.003739560846906958,0.0,99.99999729833792,0.0,0.00414747965334215
341.5,170.75,0.003733658441007108,0.0,99.99999740843066,0.0,0.005234873180677063
342.0,171.0,0.003727734124525882,0.0,99.99999766802837,0.0,0.004542045482018643
342.5,171.25,0.0037218285788691284,0.0,99.99999765614822,0.0,0.004556316229590358
343.0,171.5,0.0037158612022923504,0.0,99.99999776036731,0.0,0.004353427450093062
343.5,171.75,0.003709912930614894,0.0,99.99999776177222,0.0,0.004352122209041454
344.0,172.0,0.0037039436741393462,0.0,99.99999719300614,0.0,0.0047606625869957946
344.5,172.25,0.0036979935958944723,0.0,99.99999719289355,0.0,0.004760895890020105
345.0,172.5,0.003691983122362869,0.0,99.9999978112632,0.0,0.004105462091548743
345.5,172.75,0.003685992155177046,0.0,99.99999780965375,0.0,0.00410744764495177
346.0,173.0,0.003680020599532219,0.0,99.99999780792731,0.0,0.004109591890608585
346.5,173.25,0.0036740290066196793,0.0,99.99999825274205,0.0,0.0034267591427695017
347.0,173.5,0.003668096119090141,0.0,99.99999806375675,0.0,0.0036547255731913097
347.5,173.75,0.003662143261336095,0.0,99.99999808558,0.0,0.0036205298912186734
348.0,174.0,0.003656209693752465,0.0,99.99999808367215,0.0,0.003622294961452942
348.5,174.25,0.0036502953227265473,0.0,99.99999808179768,0.0,0.0036240003804092194
349.0,174.5,0.0036444387776786093,0.0,99.999997799833,0.0,0.004144216022662037
349.5,174.75,0.0036386395943394227,0.0,99.99999818528421,0.0,0.003506116595367931
350.0,175.0,0.003632858837485172,0.0,99.9999981855084,0.0,0.0035060145443782703
350.5,175.25,0.0036271347750224713,0.0,99.99999824361791,0.0,0.0034031389155415766
351.0,175.5,0.003621390487251227,0.0,99.9999977261848,0.0,0.0042793284954705
351.5,175.75,0.003615702479338843,0.0,99.9999975495268,0.0,0.005028805464111143
352.0,176.0,0.003610032311367918,0.0,99.999997543961,0.0,0.0050345239001618105
352.5,176.25,0.003604379899539732,0.0,99.99999753831295,0.0,0.005040270763468973
353.0,176.5,0.0035987451605795765,0.0,99.99999753261027,0.0,0.005046027966197299
353.5,176.75,0.0035931280117326627,0.0,99.99999752690313,0.0,0.00505175690052454
354.0,177.0,0.003587453326500089,0.0,99.99999851774282,0.0,0.0034828354768262305
354.5,177.25,0.0035817965372485954,0.0,99.99999851499075,0.0,0.0034860950524369734
355.0,177.5,0.003576157559454923,0.0,99.99999851242968,0.0,0.0034891362557868625
355.5,177.75,0.003570499141206475,0.0,99.99999725396846,0.0,0.004845012052586691
356.0,178.0,0.003564969754921321,0.0,99.99999827832717,0.0,0.0036421998569657176
356.5,178.25,0.0035593835936283923,0.0,99.99999774905466,0.0,0.0042747966662434675
357.0,178.5,0.0035538149115172616,0.0,99.99999774885227,0.0,0.0042751381869728785
357.5,178.75,0.0035483003331057456,0.0,99.99999761320018,0.0,0.004388738888274901
358.0,179.0,0.003542802842505371,0.0,99.99999761401503,0.0,0.004387948025623996
358.5,179.25,0.003537358840818852,0.0,99.99999808122661,0.0,0.0039415741193747685
359.0,179.5,0.0035318951758224787,0.0,99.99999707776547,0.0,0.0046310741742839985
359.5,179.75,0.0035264846191807864,0.0,99.99999743765103,0.0,0.004563913206412695
360.0,180.0,0.0035210906141890713,0.0,99.99999743827203,0.0,0.004564126578293134
360.5,180.25,0.0035157491210627196,0.0,99.99999782889616,0.0,0.003975890051773374
361.0,180.5,0.003510423809475074,0.0,99.99999782914804,0.0,0.003975522959361487
361.5,180.75,0.003505078787631057,0.0,99.99999830766585,0.0,0.0035525322536904985
362.0,181.0,0.0034997500178558676,0.0,99.99999830747751,0.0,0.003552120991338518
362.5,181.25,0.0034945086292968194,0.0,99.99999790249184,0.0,0.004852872267870953
363.0,181.5,0.003489282916755679,0.0,99.9999978991715,0.0,0.00485753854557674
363.5,181.75,0.0034840728100113765,0.0,99.99999789595088,0.0,0.004861981070764088
364.0,182.0,0.0034789135241495425,0.0,99.99999767644337,0.0,0.004783944588673367
364.5,182.25,0.0034737694956451285,0.0,99.99999767447314,0.0,0.004786844514230415
365.0,182.5,0.003468640656918067,0.0,99.99999767278692,0.0,0.004789339650989305
365.5,182.75,0.0034634919673240234,0.0,99.9999985922891,0.0,0.003931878714762823
366.0,183.0,0.003458219067591547,0.0,99.99999857525248,0.0,0.003825838760269332
366.5,183.25,0.003452927438189579,0.0,99.99999842230451,0.0,0.004058056023653925
367.0,183.5,0.0034476519781280156,0.0,99.9999984239975,0.0,0.004056028405148742
367.5,183.75,0.003442427162055019,0.0,99.9999981443059,0.0,0.004444486474557379
368.0,184.0,0.003437183713962181,0.0,99.999998363341,0.0,0.004120948830288742
368.5,184.25,0.003432024894687866,0.0,99.99999745917223,0.0,0.005048611946440479
369.0,184.5,0.0034269157758017783,0.0,99.99999836779985,0.0,0.004016163585217646
369.5,184.75,0.0034218218457885653,0.0,99.99999837415531,0.0,0.00400669874741278
370.0,185.0,0.0034267043869785235,0.0,99.99999838158749,0.0,0.003995686377862571
370.5,185.25,0.0034316065886846503,0.0,99.99999842118359,0.0,0.003966611456217066
371.0,185.5,0.003436562642776266,0.0,99.9999973421767,0.0,0.005043178350605878
371.5,185.75,0.00344150434403142,0.0,99.99999735003358,0.0,0.005036753948060094
372.0,186.0,0.003446431754709133,0.0,99.99999736404288,0.0,0.00502534134447132
372.5,186.25,0.003451276675698661,0.0,99.99999852454418,0.0,0.00397209060977498
373.0,186.5,0.0034560733082521157,0.0,99.9999983503929,0.0,0.004189657201585787
373.5,186.75,0.0034608558469729836,0.0,99.9999978412963,0.0,0.0045466794411621065
374.0,187.0,0.003465624353887505,0.0,99.99999784498391,0.0,0.004542769602989404
374.5,187.25,0.003470378890658487,0.0,99.99999813139564,0.0,0.004364264758700162
375.0,187.5,0.003465336815031512,0.0,99.99999898247029,0.0,0.0030461546182178932
375.5,187.75,0.003460309369302253,0.0,99.9999990190006,0.0,0.0029920470503853793
376.0,188.0,0.0034553303119585752,0.0,99.99999828250762,0.0,0.004656656597326836
376.5,188.25,0.0034503655628103373,0.0,99.99999827625874,0.0,0.004665868592078402
377.0,188.5,0.0034454486891678216,0.0,99.99999809953364,0.0,0.004366036848577797
377.5,188.75,0.0034405793428785854,0.0,99.99999846248572,0.0,0.0037107258759982043
378.0,189.0,0.0034453225366917117,0.0,99.99999724651386,0.0,0.004933233804993496
378.5,189.25,0.003450051993741314,0.0,99.99999724682121,0.0,0.004933871860879192
379.0,189.5,0.003454767773615667,0.0,99.9999972482196,0.0,0.0049336973894685485
379.5,189.75,0.0034594364122640412,0.0,99.99999788840829,0.0,0.00493233024138101
380.0,190.0,0.003464091498461479,0.0,99.99999864036565,0.0,0.004428919523336403
380.5,190.25,0.003468733091133957,0.0,99.99999863920374,0.0,0.004430380173215972
381.0,190.5,0.0034733612488663337,0.0,99.99999863846789,0.0,0.004431411119671295
381.5,190.75,0.0034780765562224814,0.0,99.99999840408955,0.0,0.003852941134268256
382.0,191.0,0.003482778526072734,0.0,99.99999840270925,0.0,0.003854890035126093
382.5,191.25,0.003487500720558,0.0,99.99999696772976,0.0,0.005213299591415984
383.0,191.5,0.0034921761822071704,0.0,99.99999743726238,0.0,0.0047427821957834035
383.5,191.75,0.003496838474803602,0.0,99.9999974387257,0.0,0.004741214552796599
384.0,192.0,0.0035109873814922173,0.0,99.99999737425776,0.0,0.004359267519497396
384.5,192.25,0.0035250960087124324,0.0,99.99999737495409,0.0,0.004358641034494994
385.0,192.5,0.003539164528222691,0.0,99.99999737556898,0.0,0.00435803351153668
385.5,192.75,0.0035531931108062796,0.0,99.99999764380668,0.0,0.004041235652856182
386.0,193.0,0.0035671819262782403,0.0,99.99999764668566,0.0,0.004038408438949298
386.5,193.25,0.0035810971265732607,0.0,99.99999798687202,0.0,0.0037748735157382817
387.0,193.5,0.0035949386299394836,0.0,99.99999835103523,0.0,0.0031682936624759512
387.5,193.75,0.0035994051509382133,0.0,99.99999706507573,0.0,0.0050772774237554195
388.0,194.0,0.003603825162455898,0.0,99.99999784261483,0.0,0.0041863560313974545
388.5,194.25,0.0036082328160273545,0.0,99.99999784206611,0.0,0.004187149435935297
389.0,194.5,0.0036126281634077553,0.0,99.99999784155169,0.0,0.0041879302003833265
389.5,194.75,0.003607591955917675,0.0,99.99999784107779,0.0,0.004188715702259277
390.0,195.0,0.003602535884267359,0.0,99.99999893820669,0.0,0.0028849963272297814
390.5,195.25,0.003597527756382559,0.0,99.99999787681658,0.0,0.004331799898684613
391.0,195.5,0.0035926009305117814,0.0,99.99999725851127,0.0,0.0049254827533984505
391.5,195.75,0.0035877211881633303,0.0,99.99999819254407,0.0,0.003925437329639433
392.0,196.0,0.0035921085864491446,0.0,99.99999855052309,0.0,0.002810167466437519
392.5,196.25,0.003596483853188727,0.0,99.99999855107026,0.0,0.002809357474544949
393.0,196.5,0.0035915184193587506,0.0,99.99999855179895,0.0,0.0028083565819383826
393.5,196.75,0.0035864998556084473,0.0,99.9999972744363,0.0,0.004033343559183473
394.0,197.0,0.003581495297543187,0.0,99.99999727289436,0.0,0.004034928270602979
394.5,197.25,0.0035765046866145828,0.0,99.99999727165479,0.0,0.0040361959541320444
395.0,197.5,0.003571527964600128,0.0,99.99999727085667,0.0,0.004037039387620738
395.5,197.75,0.0035665650736009338,0.0,99.99999727060401,0.0,0.004037389531199361
396.0,198.0,0.003561583008011249,0.0,99.99999721778569,0.0,0.004000857611070522
396.5,198.25,0.003556614841707545,0.0,99.99999722354737,0.0,0.00399615416808623
397.0,198.5,0.003551660516605166,0.0,99.9999972307395,0.0,0.003990324560772408
397.5,198.75,0.0035467199749426538,0.0,99.99999723945852,0.0,0.003983302022514339
398.0,199.0,0.003541858325666973,0.0,99.99999884358925,0.0,0.002441567445288132
398.5,199.25,0.003537009986311312,0.0,99.99999882912776,0.0,0.0024559601352729613
399.0,199.5,0.0035321424967201536,0.0,99.999998936044,0.0,0.0023026658196251873
399.5,199.75,0.003527256069628951,0.0,99.99999710132259,0.0,0.0040944098551935395
400.0,200.0,0.0035223831437955736,0.0,99.99999705759295,0.0,0.004131080824347406
400.5,200.25,0.003517523663341008,0.0,99.99999788076921,0.0,0.0047558319742318994
401.0,200.5,0.0035126455238859897,0.0,99.9999981166258,0.0,0.004612383164733395
401.5,200.75,0.0035078767778557304,0.0,99.99999789007938,0.0,0.004583526905906924
402.0,201.0,0.003503120962311878,0.0,99.99999765221497,0.0,0.00496895634632207
402.5,201.25,0.003498378024733987,0.0,99.99999765414852,0.0,0.004964291602762657
403.0,201.5,0.0034935845084481227,0.0,99.99999854460457,0.0,0.003417627733104705
403.5,201.75,0.0034887408816999684,0.0,99.99999787406395,0.0,0.004169374569537199
404.0,202.0,0.0034840052486312836,0.0,99.99999817377261,0.0,0.0038660077762913167
404.5,202.25,0.0034792824544756223,0.0,99.99999817442976,0.0,0.0038646839403662235
405.0,202.5,0.0034744783770124903,0.0,99.99999808720376,0.0,0.004065358995209023
405.5,202.75,0.0034697813587123054,0.0,99.99999787934965,0.0,0.004730042659840155
406.0,203.0,0.003465159397332277,0.0,99.99999810455175,0.0,0.004280254831528663
406.5,203.25,0.0034605497330433064,0.0,99.99999809796482,0.0,0.004289918209837454
407.0,203.5,0.0034559523168345273,0.0,99.99999809212224,0.0,0.004298533233212485
407.5,203.75,0.003451336160141998,0.0,99.99999826237934,0.0,0.004018091058781933
408.0,204.0,0.0034467323187108326,0.0,99.99999825701202,0.0,0.004026636787011838
408.5,204.25,0.0034421407433235882,0.0,99.99999825178834,0.0,0.004034961372786437
409.0,204.5,0.0034375306922383234,0.0,99.99999878876324,0.0,0.0034542775367883026
409.5,204.75,0.003432963583835646,0.0,99.99999757774286,0.0,0.005970490695784316
410.0,205.0,0.003428408595064873,0.0,99.99999758101248,0.0,0.005966568051292279
410.5,205.25,0.003423835229041237,0.0,99.99999880425395,0.0,0.0034334462462651096
411.0,205.5,0.0034192740481540362,0.0,99.99999880870388,0.0,0.0034273290146588677
411.5,205.75,0.0034147250037695016,0.0,99.99999881237717,0.0,0.003422184098732409
412.0,206.0,0.003410188047512334,0.0,99.99999881520127,0.0,0.0034181112361255333
412.5,206.25,0.0034056631312639877,0.0,99.9999988172271,0.0,0.003415050606311744
413.0,206.5,0.003401150207160967,0.0,99.99999809954461,0.0,0.0037332034374968647
413.5,206.75,0.0033965293645402336,0.0,99.99999818605188,0.0,0.003997626276755028
414.0,207.0,0.0033919210607462227,0.0,99.99999818911769,0.0,0.003993142889789743
414.5,207.25,0.0033873252448112334,0.0,99.99999819217342,0.0,0.003988660452458596
415.0,207.5,0.0033827715882332266,0.0,99.99999818914748,0.0,0.0038169165965193153
415.5,207.75,0.0033782598013407743,0.0,99.99999827051728,0.0,0.0038113461897047196
416.0,208.0,0.0033737600336499704,0.0,99.99999827377988,0.0,0.0038076193359015435
416.5,208.25,0.0033692722371967657,0.0,99.99999827698876,0.0,0.0038040067050062938
417.0,208.5,0.0033647963642719804,0.0,99.99999828011535,0.0,0.0038005221231309917
417.5,208.75,0.0033603030382376303,0.0,99.99999832753119,0.0,0.003872420496307046
418.0,209.0,0.0033558509479189366,0.0,99.99999831842136,0.0,0.004329365511081854
418.5,209.25,0.0033602033532392013,0.0,99.99999834136169,0.0,0.0038039289969437275
419.0,209.5,0.0033645444824078664,0.0,99.99999833539708,0.0,0.0038142485285557037
419.5,209.75,0.0033688451286325786,0.0,99.99999828545954,0.0,0.003774441959665731
420.0,210.0,0.0033731053380042317,0.0,99.99999813232607,0.0,0.004224588098789169
420.5,210.25,0.0033773544057155228,0.0,99.99999812396723,0.0,0.00423880822370448
421.0,210.5,0.0033815631297188374,0.0,99.99999823108982,0.0,0.003783963310464558
421.5,210.75,0.0033857608029089904,0.0,99.99999823412126,0.0,0.003780717743036934
422.0,211.0,0.003389947468752965,0.0,99.99999823766339,0.0,0.003776883388604458
422.5,211.25,0.0033941231704900806,0.0,99.99999824166186,0.0,0.0037725276384628563
423.0,211.5,0.0033982587150280462,0.0,99.99999786738128,0.0,0.00429330719078506
423.5,211.75,0.0034023541541369534,0.0,99.9999979265606,0.0,0.004171514134502323
424.0,212.0,0.003406438769906645,0.0,99.99999793012998,0.0,0.004167583524608993
424.5,212.25,0.003410512605186036,0.0,99.99999793385311,0.0,0.004163483372087872
425.0,212.5,0.0034145757025981585,0.0,99.9999979376171,0.0,0.004159387252397467
425.5,212.75,0.0034186573223366525,0.0,99.99999788536282,0.0,0.004271843806718985
426.0,213.0,0.0034227282814660543,0.0,99.99999788897415,0.0,0.004267594996772204
426.5,213.25,0.0034267302004040473,0.0,99.99999796114749,0.0,0.004223779407810268
427.0,213.5,0.00343075076404437,0.0,99.99999802035774,0.0,0.004026203875082406
427.5,213.75,0.003434760799517093,0.0,99.9999980201179,0.0,0.004026775385254944
428.0,214.0,0.003438760348121418,0.0,99.99999802038417,0.0,0.004026744036029944
428.5,214.25,0.0034427494509408204,0.0,99.99999802126362,0.0,0.004025958280909522
429.0,214.5,0.0034467281488444568,0.0,99.99999802280566,0.0,0.00402433822944307
429.5,214.75,0.0034506964824885613,0.0,99.99999802498779,0.0,0.004021894989965852
430.0,215.0,0.003454654492317828,0.0,99.99999802768164,0.0,0.004018772297364465
430.5,215.25,0.003458602218566789,0.0,99.9999980306622,0.0,0.004015240154547229
431.0,215.5,0.0034625397012611734,0.0,99.99999803362012,0.0,0.004011679810494585
431.5,215.75,0.003466496146467876,0.0,99.99999793205261,0.0,0.004217000116579205
432.0,216.0,0.003470442418385782,0.0,99.99999793666645,0.0,0.004211421053912064
432.5,216.25,0.0034743785562026887,0.0,99.99999794143378,0.0,0.0042056111932495645
433.0,216.5,0.0034783045989053817,0.0,99.9999979463551,0.0,0.004199574829279905
433.5,216.75,0.0034822205852809217,0.0,99.99999795141618,0.0,0.0041933400679285415
434.0,217.0,0.0034861265539179215,0.0,99.99999795657433,0.0,0.00418697159991827
434.5,217.25,0.003490022543207815,0.0,99.9999979618052,0.0,0.004180506760653822
435.0,217.5,0.0034939085913461136,0.0,99.9999979671072,0.0,0.004173945222230267
435.5,217.75,0.0034978138663335416,0.0,99.99999780301377,0.0,0.004230006921492941
436.0,218.0,0.0034934207243025634,0.0,99.99999906487685,0.0,0.002780323945069325
436.5,218.25,0.0034890386037199797,0.0,99.99999906653653,0.0,0.0027776676214286344
437.0,218.5,0.0034846674631620867,0.0,99.99999906818728,0.0,0.002774956897046453
437.5,218.75,0.0034803072614125077,0.0,99.99999906981968,0.0,0.00277220756810958
438.0,219.0,0.0034759867250411737,0.0,99.99999855554574,0.0,0.0033004643639538743
438.5,219.25,0.0034717055993651737,0.0,99.9999981700767,0.0,0.004615115507641799
439.0,219.5,0.0034674350062331273,0.0,99.99999817102399,0.0,0.0046156864530231805
439.5,219.75,0.0034631749068241035,0.0,99.99999817115058,0.0,0.004616629114292779
440.0,220.0,0.0034589537488470155,0.0,99.99999875229582,0.0,0.0034877896412769376
440.5,220.25,0.0034547712859152265,0.0,99.99999717467661,0.0,0.005256901352364993
441.0,220.5,0.003450598925384906,0.0,99.9999971710591,0.0,0.005260383898349573
441.5,220.75,0.003446464911704851,0.0,99.99999785791996,0.0,0.0038617037361726083
442.0,221.0,0.003442312578374081,0.0,99.99999799653968,0.0,0.0038282109013675885
442.5,221.25,0.0034381420935010927,0.0,99.9999969828264,0.0,0.004460913360302903
443.0,221.5,0.0034339817017832175,0.0,99.99999821727546,0.0,0.003852257273317263
443.5,221.75,0.0034298033579408115,0.0,99.9999980004021,0.0,0.004924891362825912
444.0,222.0,0.0034256351698544107,0.0,99.99999799110118,0.0,0.004940700662093999
444.5,222.25,0.0034214771005425487,0.0,99.99999838257942,0.0,0.004458026248196878
445.0,222.5,0.003417329113203095,0.0,99.99999837033656,0.0,0.004482338260089988
445.5,222.75,0.0034131356965234777,0.0,99.99999792787165,0.0,0.005001820554920067
446.0,223.0,0.0034089525587435573,0.0,99.999997919594,0.0,0.005008802888696846
446.5,223.25,0.00340475206109098,0.0,99.99999777003202,0.0,0.005145061352050279
447.0,223.5,0.0034005894355021537,0.0,99.99999834000087,0.0,0.0034043353516445764
447.5,223.75,0.0033964369758772107,0.0,99.99999833972043,0.0,0.003409846670687375
448.0,224.0,0.003392239847510742,0.0,99.99999782892026,0.0,0.004709852851181267
448.5,224.25,0.0033880804104417413,0.0,99.99999801401134,0.0,0.003743401333527421
449.0,224.5,0.003383931161171807,0.0,99.99999783695618,0.0,0.003947583902503039
449.5,224.75,0.003379792062316928,0.0,99.9999978373684,0.0,0.003946381314867506
450.0,225.0,0.0033756630766757756,0.0,99.99999783810328,0.0,0.003945156537553981
450.5,225.25,0.003371517102421873,0.0,99.99999851978674,0.0,0.0031430678072625197
451.0,225.5,0.0033673543017951205,0.0,99.99999733596924,0.0,0.0037932221439743938
451.5,225.75,0.003363201768083215,0.0,99.99999733595502,0.0,0.003793764505109191
452.0,226.0,0.003359059463350262,0.0,99.9999973361332,0.0,0.003794332973318895
452.5,226.25,0.0033549273498470313,0.0,99.99999733654855,0.0,0.0037949168231765575
453.0,226.5,0.003350805390009813,0.0,99.99999733723797,0.0,0.0037954971008032465
453.5,226.75,0.003346693546459278,0.0,99.9999979725447,0.0,0.004046372818770956
454.0,227.0,0.0033425917819993474,0.0,99.9999981230484,0.0,0.003974225182867951
454.5,227.25,0.0033385265969285557,0.0,99.99999805935367,0.0,0.004171788017057411
455.0,227.5,0.0033344712878204466,0.0,99.99999806165441,0.0,0.004169888795837487
455.5,227.75,0.003330399410043533,0.0,99.99999891461717,0.0,0.0030662006050475583
456.0,228.0,0.003326337464855661,0.0,99.99999891409327,0.0,0.0030676043041001208
456.5,228.25,0.0033222854159580444,0.0,99.99999769885136,0.0,0.005676657656909227
457.0,228.5,0.0033182694434788105,0.0,99.99999765817596,0.0,0.005636935005771863
457.5,228.75,0.0033142631682777667,0.0,99.99999765784241,0.0,0.005637797017423689
458.0,229.0,0.00331026655527357,0.0,99.99999765728057,0.0,0.00563877609323246
458.5,229.25,0.0033062795695538885,0.0,99.99999877886607,0.0,0.003086669768889369
459.0,229.5,0.003302302176374387,0.0,99.99999877861968,0.0,0.0030867333825927087
459.5,229.75,0.0032983602437645287,0.0,99.99999857873513,0.0,0.004168014945527122
460.0,230.0,0.0032944277108433737,0.0,99.99999857831293,0.0,0.004168021832067189
460.5,230.25,0.0032905045440300845,0.0,99.9999985780687,0.0,0.004167868307369399
461.0,230.5,0.0032866421472728695,0.0,99.99999867050633,0.0,0.003954646681554456
461.5,230.75,0.0032827888072534,0.0,99.99999867123243,0.0,0.003953598243281659
462.0,231.0,0.003278970091108526,0.0,99.999998753872,0.0,0.003214292640653877
462.5,231.25,0.003275160248912179,0.0,99.99999875432644,0.0,0.0032137326816864494
463.0,231.5,0.0032713592497682787,0.0,99.99999785976337,0.0,0.004841040624988787
463.5,231.75,0.0032675670629240057,0.0,99.99999785836438,0.0,0.00484518043019593
464.0,232.0,0.003263783657768971,0.0,99.99999785729055,0.0,0.004849059033914657
464.5,232.25,0.0032600090038343915,0.0,99.99999785650104,0.0,0.004852612172523611
465.0,232.5,0.0032562178254667245,0.0,99.9999979217768,0.0,0.0057270337450238355
465.5,232.75,0.0032524606413542627,0.0,99.99999883659336,0.0,0.003672567157753223
466.0,233.0,0.003248712117696199,0.0,99.99999883691729,0.0,0.0036739817233775603
466.5,233.25,0.0032449722245829825,0.0,99.99999883670874,0.0,0.003675741912765988
467.0,233.5,0.00324124093224263,0.0,99.99999883589649,0.0,0.0036779043281896765
467.5,233.75,0.0032375182110399373,0.0,99.9999988344921,0.0,0.003680463939083446
468.0,234.0,0.0032338040314756926,0.0,99.99999883258151,0.0,0.003683358343756796
468.5,234.25,0.003230073522625896,0.0,99.99999874350914,0.0,0.003625895878109639
469.0,234.5,0.0032263516108712686,0.0,99.99999874227493,0.0,0.003626808114465283
469.5,234.75,0.0032226382665275304,0.0,99.99999832991602,0.0,0.004066996025357774
470.0,235.0,0.003218958130551745,0.0,99.9999984073607,0.0,0.00416167213912847
470.5,235.25,0.003215286390152037,0.0,99.99999840829005,0.0,0.004161915763401462
471.0,235.5,0.00321159845843274,0.0,99.99999831543231,0.0,0.004470811578109505
471.5,235.75,0.0032079434790910828,0.0,99.99999752007307,0.0,0.00543947720959037
472.0,236.0,0.0032043212560939325,0.0,99.99999774661896,0.0,0.004603381190540327
472.5,236.25,0.003200707203877428,0.0,99.9999977479346,0.0,0.004604139335136943
473.0,236.5,0.003197101294826024,0.0,99.99999820454536,0.0,0.004591377430590134
473.5,236.75,0.003193479219574507,0.0,99.99999782094564,0.0,0.005053489845814098
474.0,237.0,0.003189889569061109,0.0,99.99999670561617,0.0,0.0061307208479689295
474.5,237.25,0.0031863079794255543,0.0,99.99999671490352,0.0,0.00612325524676399
475.0,237.5,0.0031827344235461725,0.0,99.99999672257,0.0,0.006117125233512739
475.5,237.75,0.0031791448100460975,0.0,99.99999763720315,0.0,0.004865737387950831
476.0,238.0,0.0031755872946264527,0.0,99.99999802806562,0.0,0.0035253329724350916
476.5,238.25,0.0031720616890473243,0.0,99.99999786577008,0.0,0.004569343212433426
477.0,238.5,0.0031685439031934395,0.0,99.9999978660427,0.0,0.004569100335180657
477.5,238.75,0.0031650339110776186,0.0,99.99999786646376,0.0,0.004568829542527911
478.0,239.0,0.003161531686827704,0.0,99.99999786688136,0.0,0.0045686489727394045
478.5,239.25,0.0031580372046859256,0.0,99.99999786716697,0.0,0.004568645964015237
479.0,239.5,0.0031545741324921135,0.0,99.99999784419997,0.0,0.00414365482423685
479.5,239.75,0.0031511186471197277,0.0,99.99999784394703,0.0,0.004143822975891259
480.0,240.0,0.0031476471337675087,0.0,99.99999859864855,0.0,0.0038885792674683423
480.5,240.25,0.0031441832609672106,0.0,99.99999859684932,0.0,0.003892047605429132
481.0,240.5,0.003140727003522101,0.0,99.99999859386129,0.0,0.0038976700321255698
481.5,240.75,0.0031373017710815475,0.0,99.99999757561146,0.0,0.004363417571149739
482.0,241.0,0.003133907385575072,0.0,99.99999688248408,0.0,0.005945529236185391
482.5,241.25,0.0031305436710842116,0.0,99.99999711441517,0.0,0.0048159414688728934
483.0,241.5,0.003127187169597784,0.0,99.99999710388053,0.0,0.0048270081353108075
483.5,241.75,0.0031238378579397544,0.0,99.999997094821,0.0,0.004836630142562953
484.0,242.0,0.0031279254647309687,0.0,99.99999708734532,0.0,0.004844717154760436
484.5,242.25,0.00313202757965518,0.0,99.99999750958288,0.0,0.004571076981366345
485.0,242.5,0.003136120996441281,0.0,99.99999755247924,0.0,0.004803868159393564
485.5,242.75,0.003140135973812451,0.0,99.99999714145106,0.0,0.0061765437209011596
486.0,243.0,0.0031441190178511983,0.0,99.99999851207156,0.0,0.003417335875192985
486.5,243.25,0.0031480701443234974,0.0,99.9999979979991,0.0,0.003978095526482127
487.0,243.5,0.0031519893703402966,0.0,99.99999758919543,0.0,0.004322746002612919
487.5,243.75,0.003155876714348916,0.0,99.99999679849674,0.0,0.004672820254801862
488.0,244.0,0.0031597787418335553,0.0,99.99999816840403,0.0,0.003683793845353381
488.5,244.25,0.003163648937970409,0.0,99.99999825654996,0.0,0.0037528879108480553
489.0,244.5,0.0031601613887072,0.0,99.99999825902283,0.0,0.003749819543497086
489.5,244.75,0.003156681520199091,0.0,99.99999826187047,0.0,0.0037462319328232757
490.0,245.0,0.0031532093071005873,0.0,99.99999826545785,0.0,0.003741691146690975
490.5,245.25,0.003149744724177587,0.0,99.99999827045075,0.0,0.003735429219758371
491.0,245.5,0.0031462647252506037,0.0,99.99999685349769,0.0,0.004930420916989572
491.5,245.75,0.00314288429069487,0.0,99.99999750794069,0.0,0.0054526723264051915
492.0,246.0,0.0031395340347393093,0.0,99.99999774193495,0.0,0.005508949800351412
492.5,246.25,0.003136190913798511,0.0,99.99999773814145,0.0,0.005515133965902485
493.0,246.5,0.003132900555907703,0.0,99.99999744564583,0.0,0.006414493329000256
493.5,246.75,0.0031296170949875178,0.0,99.99999744899308,0.0,0.006410168385996786
494.0,247.0,0.0031263632397847897,0.0,99.99999764050096,0.0,0.005904651938397834
494.5,247.25,0.003123116143605238,0.0,99.99999762669009,0.0,0.005922664505252988
495.0,247.5,0.00311987578541059,0.0,99.99999761267868,0.0,0.00594099469818881
495.5,247.75,0.003116619554975719,0.0,99.99999744458594,0.0,0.006416847605348672
496.0,248.0,0.0031133926567375987,0.0,99.99999781172042,0.0,0.005509546041156525
496.5,248.25,0.0031101274428966138,0.0,99.99999836061141,0.0,0.0043977000496465985
497.0,248.5,0.0031068690707571366,0.0,99.99999835866493,0.0,0.004399908202659819
497.5,248.75,0.003103595117972703,0.0,99.9999970232054,0.0,0.006163565342571257
498.0,249.0,0.0031003280579689247,0.0,99.99999701884154,0.0,0.006168153109846464
498.5,249.25,0.0030970009507072685,0.0,99.99999695939604,0.0,0.006526555850593209
499.0,249.5,0.003093703234718545,0.0,99.99999690707013,0.0,0.006456574896024664
499.5,249.75,0.003090434745111004,0.0,99.9999964542277,0.0,0.006663725897197064
500.0,250.0,0.003087173154516606,0.0,99.99999645360435,0.0,0.006665750612651511
500.5,250.25,0.0030839184411150873,0.0,99.99999645328893,0.0,0.0066677944372582395
501.0,250.5,0.0030806485123333403,0.0,99.99999711689966,0.0,0.00623101566118285
501.5,250.75,0.0030773855105239428,0.0,99.99999712555365,0.0,0.006219698040214087
502.0,251.0,0.0030741953472410884,0.0,99.99999790678875,0.0,0.005210103291218072
502.5,251.25,0.0030709898585916297,0.0,99.99999704547442,0.0,0.006223325516727825
503.0,251.5,0.003067747274698933,0.0,99.99999825782683,0.0,0.005048206530967903
503.5,251.75,0.003064511531115482,0.0,99.99999823615732,0.0,0.005084976818176153
504.0,252.0,0.003061282606219387,0.0,99.99999821520844,0.0,0.005120069806612481
504.5,252.25,0.0030580604784797884,0.0,99.99999819524035,0.0,0.005153120628363916
505.0,252.5,0.0030548451264563797,0.0,99.99999817632217,0.0,0.005184097333265081
505.5,252.75,0.0030516365287989325,0.0,99.99999815849793,0.0,0.005213014003697039
506.0,253.0,0.00304845627592074,0.0,99.99999793507685,0.0,0.005755624263092313
506.5,253.25,0.0030452826447217463,0.0,99.99999792045186,0.0,0.005773035967742729
507.0,253.5,0.0030421156145427277,0.0,99.9999979065885,0.0,0.005789369042313458
507.5,253.75,0.0030389766422841795,0.0,99.99999839001174,0.0,0.0033388663880909225
508.0,254.0,0.003035844141173813,0.0,99.99999838992501,0.0,0.0033386939402900327
508.5,254.25,0.003032718091221339,0.0,99.99999838981707,0.0,0.003338544121452563
509.0,254.5,0.0030295984725187235,0.0,99.99999838969667,0.0,0.0033384080978815156
509.5,254.75,0.003026463963963964,0.0,99.99999789667446,0.0,0.004896042434852338
510.0,255.0,0.00302333593480844,0.0,99.99999789853152,0.0,0.0048959387068614755
510.5,255.25,0.0030202143649823705,0.0,99.99999790051216,0.0,0.0048956590964871274
511.0,255.5,0.0030170992344987755,0.0,99.99999790264965,0.0,0.004895171756579302
511.5,255.75,0.003013990523453052,0.0,99.99999790497928,0.0,0.004894463108062108
512.0,256.0,0.0030108671297333633,0.0,99.99999769070313,0.0,0.005021282046853277
512.5,256.25,0.0030077502028482694,0.0,99.99999769370757,0.0,0.005018377311443869
513.0,256.5,0.00300468171336734,0.0,99.99999760874839,0.0,0.004963887775761903
513.5,256.75,0.003001619478416262,0.0,99.99999761731837,0.0,0.004955710027447924
514.0,257.0,0.0029985216590890074,0.0,99.99999770112295,0.0,0.005013343004256715
514.5,257.25,0.002995451094036266,0.0,99.99999766819859,0.0,0.006037908614287327
515.0,257.5,0.0029923451635351424,0.0,99.99999803876042,0.0,0.0038440673106489584
515.5,257.75,0.002989266447917246,0.0,99.99999737799708,0.0,0.00488263282740157
516.0,258.0,0.00298621479912497,0.0,99.99999815864054,0.0,0.004578134456470013
516.5,258.25,0.0029831693746444478,0.0,99.99999815272392,0.0,0.004584274073603522
517.0,258.5,0.0029801301554519054,0.0,99.9999981474376,0.0,0.004589681751325924
517.5,258.75,0.002977055899417051,0.0,99.99999831737138,0.0,0.0042069933792316565
518.0,259.0,0.002974008548545502,0.0,99.99999817110175,0.0,0.004929313495537007
518.5,259.25,0.002970967429905896,0.0,99.99999816000891,0.0,0.004932207381045777
519.0,259.5,0.0029748346930605594,0.0,99.99999814882811,0.0,0.004934830981531649
519.5,259.75,0.0029786735249705235,0.0,99.99999722574825,0.0,0.007158439861433516
520.0,260.0,0.0029825250208363467,0.0,99.99999708913944,0.0,0.004661990298453421
520.5,260.25,0.002986409771202477,0.0,99.99999649731642,0.0,0.005239978887086858
521.0,260.5,0.0029902867238143687,0.0,99.99999649597162,0.0,0.005241489344788573
521.5,260.75,0.002994155902126812,0.0,99.99999649435786,0.0,0.0052432059520813555
522.0,261.0,0.0029980173295006277,0.0,99.99999649246243,0.0,0.005245118639464015
522.5,261.25,0.0030018710292031335,0.0,99.99999649029809,0.0,0.005247201121293109
523.0,261.5,0.0030057376038999275,0.0,99.99999594349009,0.0,0.0053444672677129546
523.5,261.75,0.00300959650886805,0.0,99.9999959438973,0.0,0.005344527729099396
524.0,262.0,0.0030134477669053737,0.0,99.99999594452139,0.0,0.005344412010568338
524.5,262.25,0.003017291400719508,0.0,99.99999594533791,0.0,0.005344139424787843
525.0,262.5,0.0030210656246377108,0.0,99.99999784606416,0.0,0.004040154202474779
525.5,262.75,0.0030248322376264605,0.0,99.99999785634243,0.0,0.004031193660501675
526.0,263.0,0.0030285912626843528,0.0,99.99999787004708,0.0,0.004019269655930432
526.5,263.25,0.003032342722717414,0.0,99.99999788697401,0.0,0.004004581706647426
527.0,263.5,0.0030360866405395675,0.0,99.99999790606606,0.0,0.003988059010554593
527.5,263.75,0.003039823038873094,0.0,99.99999792565866,0.0,0.00397113184438226
528.0,264.0,0.0030435519403490935,0.0,99.9999979440209,0.0,0.0039552662262252744
528.5,264.25,0.0030472940029254024,0.0,99.99999789570904,0.0,0.0046767668055220386
529.0,264.5,0.003051028622842801,0.0,99.9999978947115,0.0,0.0046789816224895465
529.5,264.75,0.0030547558222834975,0.0,99.99999789376568,0.0,0.004681148008065476
530.0,265.0,0.0030584756233416376,0.0,99.99999789294989,0.0,0.0046831459360621944
530.5,265.25,0.0030554431404289763,0.0,99.99999789234232,0.0,0.00468488642396266
531.0,265.5,0.0030524578012870187,0.0,99.99999796858249,0.0,0.004901614058550893
531.5,265.75,0.003049478290138001,0.0,99.99999796957837,0.0,0.004902297414078245
532.0,266.0,0.003046504589932412,0.0,99.99999797090359,0.0,0.0049026424244617344
532.5,266.25,0.003043536683687181,0.0,99.99999797259736,0.0,0.00490261348507089
533.0,266.5,0.0030405745544853507,0.0,99.99999797465674,0.0,0.004902210468952311
533.5,266.75,0.0030376181854757595,0.0,99.99999797702449,0.0,0.0049014693216243
534.0,267.0,0.003034667559872718,0.0,99.9999979796247,0.0,0.004900448627347102
534.5,267.25,0.0030317023711526492,0.0,99.99999797764247,0.0,0.005350184362162677
535.0,267.5,0.0030286619732434765,0.0,99.99999876713534,0.0,0.003556440225312328
535.5,267.75,0.0030255872511237417,0.0,99.9999977821942,0.0,0.00491387001162366
536.0,268.0,0.003022518765638032,0.0,99.99999777475134,0.0,0.0049255067510819844
536.5,268.25,0.003019416246192403,0.0,99.99999847822045,0.0,0.004353444380284647
537.0,268.5,0.0030163200894908213,0.0,99.99999850980483,0.0,0.0043088711153158295
537.5,268.75,0.003013250319284802,0.0,99.99999888963887,0.0,0.003316263266563158
538.0,269.0,0.0030101667884909296,0.0,99.99999760744707,0.0,0.006569693432783464
538.5,269.25,0.003007089562146518,0.0,99.99999761430331,0.0,0.0065592016077240505
539.0,269.5,0.003004018620936617,0.0,99.99999802722138,0.0,0.005352649943414322
539.5,269.75,0.0030009539456250993,0.0,99.99999801995418,0.0,0.005369982871010096
540.0,270.0,0.002997895517054253,0.0,99.99999801431788,0.0,0.005383799574827047
540.5,270.25,0.002994823516967361,0.0,99.99999780292124,0.0,0.004262486158785025
541.0,270.5,0.0029917380479074344,0.0,99.9999988822411,0.0,0.0030460265035039073
541.5,270.75,0.002988658930020518,0.0,99.99999888260568,0.0,0.003046257143887297
542.0,271.0,0.002985625498428098,0.0,99.99999821978606,0.0,0.004271249105202798
542.5,271.25,0.0029825982183419916,0.0,99.99999821662288,0.0,0.004277126766084397
543.0,271.5,0.0029795770710691616,0.0,99.99999821382744,0.0,0.004282793175956277
543.5,271.75,0.0029765424797949932,0.0,99.99999890100429,0.0,0.003040806574683427
544.0,272.0,0.002973514063474351,0.0,99.99999889979449,0.0,0.0030412970002683735
544.5,272.25,0.0029705112820411937,0.0,99.99999888287043,0.0,0.0028614809576947664
545.0,272.5,0.00296747568045593,0.0,99.99999894841535,0.0,0.0024652348762608718
545.5,272.75,0.002964446276773269,0.0,99.99999894857189,0.0,0.002464699642286306
546.0,273.0,0.00296142305203083,0.0,99.99999894905059,0.0,0.0024636837230996005
546.5,273.25,0.0029584253079244,0.0,99.99999909809137,0.0,0.002345541257197836
547.0,273.5,0.002955433626701984,0.0,99.9999990935249,0.0,0.00235189891944854
547.5,273.75,0.0029524479899890503,0.0,99.99999879039589,0.0,0.0048215253526132824
548.0,274.0,0.0029494875835037048,0.0,99.99999849287809,0.0,0.003699587503321427
548.5,274.25,0.0029465331078444125,0.0,99.99999849305364,0.0,0.0036997567364689707
549.0,274.5,0.0029435845452064407,0.0,99.99999849315483,0.0,0.0037000249582715286
549.5,274.75,0.0029406418778562524,0.0,99.9999984931759,0.0,0.0037003804777200806
550.0,275.0,0.0029377241392727674,0.0,99.99999844592658,0.0,0.0036915309364132145
550.5,275.25,0.0029348121849773895,0.0,99.9999984475334,0.0,0.003690349545354145
551.0,275.5,0.0029318870220312217,0.0,99.9999981951657,0.0,0.0038957777440292466
551.5,275.75,0.002928967684369787,0.0,99.99999819075911,0.0,0.0039001950138715428
552.0,276.0,0.002926073054936537,0.0,99.99999774626829,0.0,0.006051865550194466
552.5,276.25,0.002923184141242063,0.0,99.99999773828054,0.0,0.00606178091758013
553.0,276.5,0.0029203009263736052,0.0,99.99999773062184,0.0,0.006071252704381675
553.5,276.75,0.002917423393485065,0.0,99.99999772351886,0.0,0.006079873746265051
554.0,277.0,0.0029145327740175515,0.0,99.99999788006826,0.0,0.005678842274491099
554.5,277.25,0.0029116291625691753,0.0,99.9999987547212,0.0,0.0037716949995009867
555.0,277.5,0.002908731330824847,0.0,99.99999832014889,0.0,0.00396675641098706
555.5,277.75,0.0029058392615447775,0.0,99.99999831864093,0.0,0.003968679172887524
556.0,278.0,0.0029029529375576746,0.0,99.99999831763016,0.0,0.003969937271215607
556.5,278.25,0.0029000723417604017,0.0,99.9999983171492,0.0,0.0039704905917106095
557.0,278.5,0.0028971974571176404,0.0,99.99999831721726,0.0,0.003970313398784796
557.5,278.75,0.002894328266661555,0.0,99.9999983178549,0.0,0.003969374390277149
558.0,279.0,0.0028914647534914596,0.0,99.99999831911266,0.0,0.00396759918838367
558.5,279.25,0.002888625320426981,0.0,99.9999985062975,0.0,0.0037044884443098035
559.0,279.5,0.002885791458566915,0.0,99.9999985030328,0.0,0.0037082933043987654
559.5,279.75,0.00288296315153058,0.0,99.99999849986527,0.0,0.003711970676177708
560.0,280.0,0.002880158694836696,0.0,99.9999976605065,0.0,0.005299889262717479
560.5,280.25,0.0028773414127555783,0.0,99.99999837127923,0.0,0.0032359101826263817
561.0,280.5,0.002874529636844744,0.0,99.99999837036628,0.0,0.0032370424200869057
561.5,280.75,0.002871723350977844,0.0,99.99999836987438,0.0,0.00323765438543078
562.0,281.0,0.00286894070855869,0.0,99.9999986650319,0.0,0.0037222796273687947
562.5,281.25,0.00286618158810503,0.0,99.99999847396471,0.0,0.003971969673903505
563.0,281.5,0.0028634277695604353,0.0,99.99999847470768,0.0,0.003971088747970977
563.5,281.75,0.0028606792376574004,0.0,99.99999847523723,0.0,0.003970749288270524
564.0,282.0,0.0028578818868329244,0.0,99.99999800957517,0.0,0.005337481875249455
564.5,282.25,0.0028550900015126305,0.0,99.99999800935629,0.0,0.005335438307579886
565.0,282.5,0.002852303565694281,0.0,99.99999800936172,0.0,0.005332366574507807
565.5,282.75,0.0028495225634380464,0.0,99.99999801000594,0.0,0.005327524359698246
566.0,283.0,0.0028467290894237415,0.0,99.99999801518615,0.0,0.005377461596439285
566.5,283.25,0.0028439589415199173,0.0,99.99999788575927,0.0,0.005640050186094772
567.0,283.5,0.0028412119995735044,0.0,99.9999975252273,0.0,0.006379008063473852
567.5,283.75,0.0028384525734050153,0.0,99.99999882542315,0.0,0.003008277276215513
568.0,284.0,0.002835680751173709,0.0,99.99999775500444,0.0,0.004373242544927569
568.5,284.25,0.0028329320534067103,0.0,99.99999892524163,0.0,0.0028908592401220147
569.0,284.5,0.0028301709973072766,0.0,99.99999830425772,0.0,0.003830056751977078
569.5,284.75,0.0028273976706737073,0.0,99.99999788201573,0.0,0.004164400210537405
570.0,285.0,0.0028246297739672644,0.0,99.99999788693003,0.0,0.004158630484536515
570.5,285.25,0.002821867291256572,0.0,99.99999789151558,0.0,0.004153301207736757
571.0,285.5,0.0028190926628912814,0.0,99.99999829113409,0.0,0.0033830454816143438
571.5,285.75,0.0028163234855267086,0.0,99.9999982942964,0.0,0.003379634840177779
572.0,286.0,0.002813629644352244,0.0,99.9999985491287,0.0,0.003101133431738778
572.5,286.25,0.0028109583940926436,0.0,99.99999860401246,0.0,0.0028613136235853677
573.0,286.5,0.0028083096207852107,0.0,99.99999870246906,0.0,0.0026730537458314295
573.5,286.75,0.0028057179665048064,0.0,99.99999884028118,0.0,0.0032912466112304073
574.0,287.0,0.0028031310912409887,0.0,99.99999883928524,0.0,0.0032924561400217733
574.5,287.25,0.0028005489817871584,0.0,99.99999883816552,0.0,0.0032938089965098213
575.0,287.5,0.002797937061857262,0.0,99.99999823217233,0.0,0.0041196837102602385
575.5,287.75,0.002795312760325071,0.0,99.99999809239718,0.0,0.004388009882268532
576.0,288.0,0.0027926761605326427,0.0,99.99999791376275,0.0,0.004288182151899195
576.5,288.25,0.002790044529849781,0.0,99.99999792173372,0.0,0.004279673384437809
577.0,288.5,0.0027874693101474957,0.0,99.99999883828312,0.0,0.003251132829928302
577.5,288.75,0.0027848988399328672,0.0,99.9999988423893,0.0,0.0032443958113081055
578.0,289.0,0.002782316017050131,0.0,99.99999854170689,0.0,0.0045916406381701505
578.5,289.25,0.0027797379805479705,0.0,99.99999894439556,0.0,0.003091751385910873
579.0,289.5,0.0027771136409615064,0.0,99.99999749940652,0.0,0.005480827004616994
579.5,289.75,0.0027744942519583767,0.0,99.99999749487444,0.0,0.005486490844896519
580.0,290.0,0.002771879799543527,0.0,99.99999749050598,0.0,0.005491997918381202
580.5,290.25,0.002769253340832121,0.0,99.99999878135883,0.0,0.004033258626696002
581.0,290.5,0.002766614958042727,0.0,99.99999887343189,0.0,0.003213969425356153
581.5,290.75,0.002763981597862033,0.0,99.99999887328059,0.0,0.0032140633794646534
582.0,291.0,0.0027613532459615973,0.0,99.99999909030026,0.0,0.002968630286801775
582.5,291.25,0.0027587298880674275,0.0,99.99999909058374,0.0,0.002968113723493941
583.0,291.5,0.002756178585770087,0.0,99.99999855735983,0.0,0.003106207801953437
583.5,291.75,0.002753581783810398,0.0,99.999998087958,0.0,0.004245438397901887
584.0,292.0,0.0027509898705273643,0.0,99.99999808768327,0.0,0.00424604579535653
584.5,292.25,0.002748419507104634,0.0,99.99999830954592,0.0,0.004304997253372575
585.0,292.5,0.0027458206548751957,0.0,99.999997814133,0.0,0.005024909693794418
585.5,292.75,0.0027432267128513813,0.0,99.99999781594188,0.0,0.005022345458566704
586.0,293.0,0.002740621086447538,0.0,99.99999811987892,0.0,0.004357849736797026
586.5,293.25,0.0027380369544325375,0.0,99.99999847284204,0.0,0.0037445578152357517
587.0,293.5,0.0027354246550526855,0.0,99.99999837405325,0.0,0.00395566275759381
587.5,293.75,0.0027328173355935883,0.0,99.99999837448136,0.0,0.003955606119088684
588.0,294.0,0.0027302149818287016,0.0,99.99999837487181,0.0,0.003955624694858807
588.5,294.25,0.0027276504272114744,0.0,99.99999776517744,0.0,0.004542880330011779
589.0,294.5,0.0027250906859648807,0.0,99.99999776568445,0.0,0.004542464970487948
589.5,294.75,0.002722535744550421,0.0,99.9999977661032,0.0,0.004542156071247106
590.0,295.0,0.0027200182535441295,0.0,99.99999773655458,0.0,0.005164527531313644
590.5,295.25,0.0027175217161779525,0.0,99.99999684101056,0.0,0.004446023987310666
591.0,295.5,0.0027150460299194476,0.0,99.99999870251771,0.0,0.0036773508402273263
591.5,295.75,0.0027125748502994014,0.0,99.99999870248794,0.0,0.0036770039944605173
592.0,296.0,0.0027100919516849834,0.0,99.999997599286,0.0,0.005193879365123691
592.5,296.25,0.0027075974107479066,0.0,99.99999773042691,0.0,0.0050147230388604275
593.0,296.5,0.0027051559196932962,0.0,99.99999795337493,0.0,0.0045386067277900805
593.5,296.75,0.0027027188277479134,0.0,99.99999795799567,0.0,0.00453302391286595
594.0,297.0,0.0027003022192550025,0.0,99.99999785217335,0.0,0.004658562365211736
594.5,297.25,0.002697889928473161,0.0,99.99999785746337,0.0,0.0046528127562977355
595.0,297.5,0.0026954659050339165,0.0,99.9999986377642,0.0,0.0034036845447931396
595.5,297.75,0.0026930302237652484,0.0,99.99999655090278,0.0,0.004947936296925437
596.0,298.0,0.0026905989403910573,0.0,99.9999965556358,0.0,0.004944553217843855
596.5,298.25,0.002688172043010753,0.0,99.99999656090579,0.0,0.004940797280319445
597.0,298.5,0.0026857495197666423,0.0,99.99999806101009,0.0,0.0034709064314423052
597.5,298.75,0.0026833631484794273,0.0,99.99999780656667,0.0,0.0039059148327199827
598.0,299.0,0.002680981014156527,0.0,99.99999780802297,0.0,0.003904671113245863
598.5,299.25,0.0026786031055239536,0.0,99.99999780961242,0.0,0.0039032679197418176
599.0,299.5,0.0026762294113476855,0.0,99.99999781141517,0.0,0.003901628606576033
599.5,299.75,0.00267384413790661,0.0,99.99999791345749,0.0,0.0042232527312850085
600.0,300.0,0.0026714473583336774,0.0,99.9999979210647,0.0,0.00425415131011376
600.5,300.25,0.0026690391459074734,0.0,99.99999751666859,0.0,0.004595709629108807
601.0,300.5,0.0026666352714022497,0.0,99.99999811941194,0.0,0.0039005148633611112
601.5,300.75,0.002664220053990155,0.0,99.99999801621613,0.0,0.004094609181951578
602.0,301.0,0.002661809207626994,0.0,99.99999801667146,0.0,0.004093877833503254
602.5,301.25,0.0026594027204574406,0.0,99.99999801695705,0.0,0.004093298885952463
603.0,301.5,0.0026570005806690012,0.0,99.99999801702539,0.0,0.004092933270882238
603.5,301.75,0.0026545872204772397,0.0,99.99999805945853,0.0,0.004017392315214858
604.0,302.0,0.0026522092961985,0.0,99.99999804886778,0.0,0.003988813302395581
604.5,302.25,0.0026498511286727933,0.0,99.99999789672154,0.0,0.004091938032072539
605.0,302.5,0.0026474971508722712,0.0,99.99999787665436,0.0,0.0047015780487142615
605.5,302.75,0.002645147351641101,0.0,99.99999787717259,0.0,0.004700917903144741
606.0,303.0,0.002642801719863018,0.0,99.99999787762106,0.0,0.004700325285719719
606.5,303.25,0.002640460244461154,0.0,99.99999787800486,0.0,0.004699807657816217
607.0,303.5,0.0026381229143978614,0.0,99.99999787833906,0.0,0.004699361982836152
607.5,303.75,0.0026357897186745412,0.0,99.99999787864454,0.0,0.004698976622034855
608.0,304.0,0.0026334759557250487,0.0,99.99999806435189,0.0,0.004312561791156891
608.5,304.25,0.002631166251372214,0.0,99.99999806419326,0.0,0.004312617710662006
609.0,304.5,0.0026288453391674744,0.0,99.99999896250942,0.0,0.0028904503001900344
609.5,304.75,0.0026265285178377813,0.0,99.99999844961741,0.0,0.004253160731419544
610.0,305.0,0.0026241853729181753,0.0,99.99999816099852,0.0,0.004865101157322818
610.5,305.25,0.0026218464049450455,0.0,99.99999816050416,0.0,0.0048664114496084964
611.0,305.5,0.002619526750399001,0.0,99.99999881218743,0.0,0.0029371752418480596
611.5,305.75,0.0026172111968108154,0.0,99.99999884111529,0.0,0.003208904083089808
612.0,306.0,0.0026148997333148615,0.0,99.99999884026809,0.0,0.003209880590606185
612.5,306.25,0.0026125923490838625,0.0,99.99999883931866,0.0,0.0032109156998492705
613.0,306.5,0.0026102890333287235,0.0,99.99999883831566,0.0,0.0032119595119108283
613.5,306.75,0.0026079897752983644,0.0,99.99999883729629,0.0,0.003212982282090869
614.0,307.0,0.0026057095525427237,0.0,99.99999892237132,0.0,0.002967564967506629
614.5,307.25,0.002603433313601646,0.0,99.9999989223364,0.0,0.0029676418452774704
615.0,307.5,0.0026011610480439614,0.0,99.99999882117417,0.0,0.0031795908637131244
615.5,307.75,0.0025989076555902333,0.0,99.99999823703305,0.0,0.004192676988424718
616.0,308.0,0.002596658163996446,0.0,99.9999982368295,0.0,0.004193718557003894
616.5,308.25,0.0025944274218951346,0.0,99.99999807524534,0.0,0.004273365816831256
617.0,308.5,0.002592200509284427,0.0,99.99999807411552,0.0,0.004275069553479364
617.5,308.75,0.002589977416311712,0.0,99.99999807312875,0.0,0.00427657253394678
618.0,309.0,0.00258775813315815,0.0,99.99999807228193,0.0,0.00427788535470314
618.5,309.25,0.002585542650038526,0.0,99.99999853821227,0.0,0.0035769463772153645
619.0,309.5,0.002583316225278861,0.0,99.99999814941506,0.0,0.005025398234478627
619.5,309.75,0.0025810936315930418,0.0,99.99999815974977,0.0,0.005004978342371653
620.0,310.0,0.0025788454969828075,0.0,99.9999980884921,0.0,0.004339428269128734
620.5,310.25,0.0025766012752185563,0.0,99.99999808894542,0.0,0.004340295668272922
621.0,310.5,0.002574360956093791,0.0,99.99999808952957,0.0,0.004341008674925954
621.5,310.75,0.0025721099250511016,0.0,99.99999764421503,0.0,0.005480643850552119
622.0,311.0,0.0025698628271894892,0.0,99.99999859550364,0.0,0.004444784858112568
622.5,311.25,0.0025676342056487954,0.0,99.9999987246307,0.0,0.004320787407439111
623.0,311.5,0.002565423974538309,0.0,99.99999815663014,0.0,0.005121680638629562
623.5,311.75,0.0025632175453089725,0.0,99.99999816176764,0.0,0.005113029244373001
624.0,312.0,0.0025610004296601164,0.0,99.99999792091305,0.0,0.00543053662487232
624.5,312.25,0.0025587871461897793,0.0,99.9999979692109,0.0,0.00536963697668096
625.0,312.5,0.0025565921135059172,0.0,99.99999837838442,0.0,0.004526110428773837
625.5,312.75,0.002554400843572552,0.0,99.9999983809406,0.0,0.004520774876565702
626.0,313.0,0.0025521989475700588,0.0,99.99999815431735,0.0,0.005018603413428002
626.5,313.25,0.0025500008443711405,0.0,99.99999815667219,0.0,0.005014293317602739
627.0,313.5,0.0025478065241844768,0.0,99.9999981590752,0.0,0.005009888764818432
627.5,313.75,0.0025456159772524207,0.0,99.99999836936853,0.0,0.0047659758847033145
628.0,314.0,0.0025434577550195393,0.0,99.99999869204731,0.0,0.0032874471217467414
628.5,314.25,0.0025413031892513533,0.0,99.99999868839402,0.0,0.0032934004320639637
629.0,314.5,0.002539138038305672,0.0,99.99999852045227,0.0,0.004125910052823059
629.5,314.75,0.0025369623655913977,0.0,99.999998808699,0.0,0.0034066128305045933
630.0,315.0,0.0025348329696155782,0.0,99.99999882804376,0.0,0.003613423560235762
630.5,315.25,0.0025327071452532707,0.0,99.99999882694785,0.0,0.003615660057188721
631.0,315.5,0.0025305142027204426,0.0,99.99999796790702,0.0,0.0045546817894924815
631.5,315.75,0.002528325054417592,0.0,99.99999796757172,0.0,0.00455472054897788
632.0,316.0,0.0025261396905060644,0.0,99.99999796727333,0.0,0.00455474328120014
632.5,316.25,0.002523944038644759,0.0,99.9999989344805,0.0,0.0038500276681324203
633.0,316.5,0.002521780276672141,0.0,99.99999916214422,0.0,0.0033947776787802055
633.5,316.75,0.002519648250429675,0.0,99.99999890174266,0.0,0.003162256088803441
634.0,317.0,0.0025175338172037033,0.0,99.9999985014594,0.0,0.0037028546315305976
634.5,317.25,0.002515422929773612,0.0,99.99999850384724,0.0,0.003699145867575418
635.0,317.5,0.0025133155792276965,0.0,99.9999985065558,0.0,0.0036949817134453306
635.5,317.75,0.002511211756684092,0.0,99.99999850969988,0.0,0.003690226753855785
636.0,318.0,0.002509111453290647,0.0,99.99999851337577,0.0,0.0036847602711646624
636.5,318.25,0.002507014660224801,0.0,99.99999851770906,0.0,0.003678400991650954
637.0,318.5,0.0025049213686934597,0.0,99.9999985228369,0.0,0.003670933098555521
637.5,318.75,0.002502831569932871,0.0,99.99999852891291,0.0,0.003662102354400851
638.0,319.0,0.0025007452552085058,0.0,99.99999863663524,0.0,0.003517525482844924
638.5,319.25,0.0024986624158149337,0.0,99.99999863521583,0.0,0.0035205745061959786
639.0,319.5,0.002496583043075702,0.0,99.9999986338823,0.0,0.0035234807510002883
639.5,319.75,0.0024945071283432175,0.0,99.99999863260987,0.0,0.0035262580534863434
640.0,320.0,0.002492420949540855,0.0,99.9999978149439,0.0,0.00487871905244104
640.5,320.25,0.002490338257203015,0.0,99.99999781950183,0.0,0.00487350842188516
641.0,320.5,0.0024882590425970175,0.0,99.99999782201976,0.0,0.0048706838538911685
641.5,320.75,0.0024861696522655427,0.0,99.99999793727228,0.0,0.0046099981449697945
642.0,321.0,0.0024841110117954147,0.0,99.99999881070293,0.0,0.0029050603051016905
642.5,321.25,0.002482055777765602,0.0,99.99999881020679,0.0,0.0029059918448182957
643.0,321.5,0.0024800175188875507,0.0,99.99999798957833,0.0,0.004154529226051517
643.5,321.75,0.0024779826048903233,0.0,99.99999754950257,0.0,0.004561682934987438
644.0,322.0,0.0024759510275470047,0.0,99.99999753702653,0.0,0.0045711767563362295
644.5,322.25,0.002479397517325746,0.0,99.99999763378521,0.0,0.004438755389860505
645.0,322.5,0.0024828248544409826,0.0,99.99999717267684,0.0,0.0046665430417556
645.5,322.75,0.0024862465855001663,0.0,99.99999718958247,0.0,0.004656046485957876
646.0,323.0,0.002489649161037263,0.0,99.9999980498054,0.0,0.004196760165644017
646.5,323.25,0.0024930461431269765,0.0,99.99999806138663,0.0,0.004186626479084885
647.0,323.5,0.0024964511234030055,0.0,99.9999977602901,0.0,0.004293035199357058
647.5,323.75,0.0024998777233722264,0.0,99.99999758499857,0.0,0.004790016214844845
648.0,324.0,0.0025032988156844433,0.0,99.9999975911567,0.0,0.004784470061741704
648.5,324.25,0.0025067008127787485,0.0,99.99999731758824,0.0,0.004967176251607622
649.0,324.5,0.0025100973137079504,0.0,99.9999973139838,0.0,0.004970294506674599
649.5,324.75,0.002513515563211666,0.0,99.999997110609,0.0,0.004925323847473853
650.0,325.0,0.0025115020297699596,0.0,99.9999981920119,0.0,0.0037305187814876727
650.5,325.25,0.0025094917197590024,0.0,99.99999819205676,0.0,0.0037300710791120777
651.0,325.5,0.0025075117269406197,0.0,99.99999706042773,0.0,0.005360211676544505
651.5,325.75,0.0025055483857032547,0.0,99.99999763713046,0.0,0.0041524152327126
652.0,326.0,0.0025035881165895086,0.0,99.99999766780873,0.0,0.004125940126350785
652.5,326.25,0.002501630912394395,0.0,99.99999720639879,0.0,0.005221478476548118
653.0,326.5,0.0024996767659354394,0.0,99.9999972055896,0.0,0.005222678711491029
653.5,326.75,0.0024976987796803594,0.0,99.999997222416,0.0,0.005302288106216103
654.0,327.0,0.0024957239212986372,0.0,99.99999722233255,0.0,0.005303543846804126
654.5,327.25,0.002493752183376777,0.0,99.99999722279091,0.0,0.00530413572435837
655.0,327.5,0.0024917701771627115,0.0,99.99999716800704,0.0,0.005304638576028916
655.5,327.75,0.002489791318999147,0.0,99.99999716768045,0.0,0.005304668263553512
656.0,328.0,0.0024878289403135524,0.0,99.99999659656314,0.0,0.00549168828943659
656.5,328.25,0.002485869652567571,0.0,99.9999985748026,0.0,0.003243347883614547
657.0,328.5,0.002483926745574167,0.0,99.99999719909454,0.0,0.004093800636248224
657.5,328.75,0.0024819868732849416,0.0,99.99999713874298,0.0,0.004155622136122832
658.0,329.0,0.0024800500285954044,0.0,99.9999970983624,0.0,0.004197737320503995
658.5,329.25,0.002478129439536846,0.0,99.99999751932613,0.0,0.003963213585615626
659.0,329.5,0.002476225037623678,0.0,99.99999711142608,0.0,0.004416137981441766
659.5,329.75,0.002474323560466282,0.0,99.99999711543074,0.0,0.004413334548165974
660.0,330.0,0.0024724118270803693,0.0,99.99999816591057,0.0,0.0038149891258419596
660.5,330.25,0.002470516199451588,0.0,99.99999728636132,0.0,0.004065359792591594
661.0,330.5,0.0024686366103065576,0.0,99.99999834684253,0.0,0.00336853954791233
661.5,330.75,0.0024667467650530033,0.0,99.99999826879564,0.0,0.003610418777897027
662.0,331.0,0.002464859811098244,0.0,99.99999827348057,0.0,0.003605418911219816
662.5,331.25,0.002462975741812198,0.0,99.9999982782062,0.0,0.003600351145353921
663.0,331.5,0.0024610945505850403,0.0,99.99999828300034,0.0,0.003595186677348554
663.5,331.75,0.002459242298967542,0.0,99.99999835044223,0.0,0.0034853889381591175
664.0,332.0,0.0024573798187682385,0.0,99.99999830371267,0.0,0.003600880597285066
664.5,332.25,0.0024555201574919827,0.0,99.99999830255628,0.0,0.0036026475778936666
665.0,332.5,0.0024536633087438196,0.0,99.99999830176122,0.0,0.003603966855142406
665.5,332.75,0.002451809266148123,0.0,99.99999830132087,0.0,0.0036048445114685124
666.0,333.0,0.0024499580233485222,0.0,99.99999830117682,0.0,0.0036053537007935755
666.5,333.25,0.00244810957400783,0.0,99.99999830123508,0.0,0.003605612657393947
667.0,333.5,0.0024462639118079683,0.0,99.99999830141097,0.0,0.0036057312155040088
667.5,333.75,0.0024444081529440896,0.0,99.99999780520533,0.0,0.004516674181201955
668.0,334.0,0.002442555207538231,0.0,99.9999978039037,0.0,0.0045189415843973745
668.5,334.25,0.0024407050691971446,0.0,99.99999780246473,0.0,0.0045213591696565535
669.0,334.5,0.00243885773154694,0.0,99.99999780087732,0.0,0.004523906746370003
669.5,334.75,0.0024370131882330078,0.0,99.99999779912517,0.0,0.004526574039785404
670.0,335.0,0.002435171432919949,0.0,99.9999977972264,0.0,0.00452931847617751
670.5,335.25,0.00243330693754687,0.0,99.99999762096553,0.0,0.005044088604810738
671.0,335.5,0.0024314707778086368,0.0,99.99999832862476,0.0,0.0052769135498746825
671.5,335.75,0.0024296373870925513,0.0,99.99999739340927,0.0,0.006602132936271132
672.0,336.0,0.002427806759139594,0.0,99.99999742319451,0.0,0.006563810709577181
672.5,336.25,0.0024259788877095934,0.0,99.99999744976155,0.0,0.006529257609965329
673.0,336.5,0.0024241411017303354,0.0,99.99999848661523,0.0,0.004236764296956683
673.5,336.75,0.0024223187437353824,0.0,99.99999777000659,0.0,0.005410868682838722
674.0,337.0,0.0024204864969196178,0.0,99.9999985028945,0.0,0.004205945051029528
674.5,337.25,0.0024186696274519004,0.0,99.99999841100019,0.0,0.0042524002578179084
675.0,337.5,0.0024168680723393615,0.0,99.99999769859795,0.0,0.004419338779274977
675.5,337.75,0.0024150691990193988,0.0,99.99999770061443,0.0,0.004415534786128254
676.0,338.0,0.0024132855530532744,0.0,99.99999728767452,0.0,0.005183372571471408
676.5,338.25,0.00241150453976124,0.0,99.99999737970705,0.0,0.005094875190982535
677.0,338.5,0.0024097136387714615,0.0,99.99999677555773,0.0,0.005681547962578429
677.5,338.75,0.0024079128999782043,0.0,99.9999976342522,0.0,0.004544585424724408
678.0,339.0,0.002406102373433311,0.0,99.99999769056593,0.0,0.004239980783299767
678.5,339.25,0.0024042821093430197,0.0,99.99999768883865,0.0,0.004311430484757721
679.0,339.5,0.002402464597302405,0.0,99.99999768885749,0.0,0.0043122579537581245
679.5,339.75,0.0024006498310749635,0.0,99.99999768885208,0.0,0.0043130510422935905
680.0,340.0,0.00239883780444302,0.0,99.99999768884,0.0,0.004313820404281281
680.5,340.25,0.002397016128199035,0.0,99.9999982508516,0.0,0.003914329944420841
681.0,340.5,0.0023951848525206225,0.0,99.99999825505915,0.0,0.003518201602523486
681.5,340.75,0.0023933687180518804,0.0,99.99999853046974,0.0,0.0027774677626343966
682.0,341.0,0.0023915430091177576,0.0,99.99999826128182,0.0,0.003510927127766879
682.5,341.25,0.0023897200834341924,0.0,99.99999619396343,0.0,0.005519854116989813
683.0,341.5,0.002387899934641532,0.0,99.99999690571664,0.0,0.005102078288723454
683.5,341.75,0.0023860825563994837,0.0,99.99999690810111,0.0,0.005099850656975235
684.0,342.0,0.0023842679423870428,0.0,99.99999717755937,0.0,0.004507662705984711
684.5,342.25,0.002382468319332909,0.0,99.99999758892297,0.0,0.004935922319812665
685.0,342.5,0.002380671410906964,0.0,99.99999756560268,0.0,0.004964134791085024
685.5,342.75,0.002378877210971546,0.0,99.99999785697908,0.0,0.004213590430461437
686.0,343.0,0.002377085713407481,0.0,99.99999784208093,0.0,0.004230078655653499
686.5,343.25,0.0023752969121140144,0.0,99.99999782929395,0.0,0.004244404381697208
687.0,343.5,0.002373510801008742,0.0,99.99999781828622,0.0,0.004256876984579336
687.5,343.75,0.0023717152510491263,0.0,99.99999797442824,0.0,0.004321466818180995
688.0,344.0,0.002369922415686435,0.0,99.99999797061176,0.0,0.004326554730306478
688.5,344.25,0.002368132288769235,0.0,99.99999796723486,0.0,0.004331128932339252
689.0,344.5,0.002366344864164665,0.0,99.99999796436651,0.0,0.004335121717187552
689.5,344.75,0.0023645601357583663,0.0,99.99999796202935,0.0,0.004338515890122402
690.0,345.0,0.0023627901292405462,0.0,99.9999969653631,0.0,0.00510995446232738
690.5,345.25,0.002361022770639868,0.0,99.99999825193999,0.0,0.0034355817808144956
691.0,345.5,0.002359258054018874,0.0,99.99999825177566,0.0,0.0034351162048416165
691.5,345.75,0.0023575079515085,0.0,99.99999820898591,0.0,0.003380557828596882
692.0,346.0,0.0023557604435328282,0.0,99.99999820924805,0.0,0.003379539708931445
692.5,346.25,0.002354015524326518,0.0,99.99999769236065,0.0,0.00446032586502699
693.0,346.5,0.0023522731881412988,0.0,99.99999769002285,0.0,0.004462996590421332
693.5,346.75,0.0023505096148001055,0.0,99.99999778978149,0.0,0.005354107090455881
694.0,347.0,0.0023487605732190673,0.0,99.99999835382387,0.0,0.003922997571709917
694.5,347.25,0.0023470141326669973,0.0,99.99999835295485,0.0,0.003924649752664193
695.0,347.5,0.0023452821414852104,0.0,99.9999975091151,0.0,0.0057703616740105755
695.5,347.75,0.0023435527046820545,0.0,99.99999751109895,0.0,0.005767707904433556
696.0,348.0,0.002341825816610813,0.0,99.9999975131711,0.0,0.005764892050581046
696.5,348.25,0.0023401014716414,0.0,99.99999773994074,0.0,0.0054200145103190656
697.0,348.5,0.0023383796641603,0.0,99.99999774349936,0.0,0.005415243494851984
697.5,348.75,0.00233667215583186,0.0,99.99999712501189,0.0,0.006115906155104081
698.0,349.0,0.002334967139363319,0.0,99.99999713023567,0.0,0.006114763381804456
698.5,349.25,0.0023332528763375976,0.0,99.99999715552308,0.0,0.00682992082890417
699.0,349.5,0.002331552844343723,0.0,99.99999625079595,0.0,0.005983870285384781
699.5,349.75,0.0023298669866886265,0.0,99.99999573487986,0.0,0.006485289618180431
700.0,350.0,0.0023281718833104196,0.0,99.99999587391359,0.0,0.006010098238352239
700.5,350.25,0.00232647924469648,0.0,99.99999587630788,0.0,0.006009990188376213
701.0,350.5,0.0023247890654748784,0.0,99.99999587825775,0.0,0.006010607335652626
701.5,350.75,0.002323101340289286,0.0,99.99999587959053,0.0,0.006012046173014994
702.0,351.0,0.0023214160637989173,0.0,99.99999588029797,0.0,0.006014235151000122
702.5,351.25,0.002319733230678472,0.0,99.99999588054116,0.0,0.006016914931661427
703.0,351.5,0.002318052835618081,0.0,99.99999588059512,0.0,0.006019679726685777
703.5,351.75,0.002316363309603922,0.0,99.99999630614278,0.0,0.005926472347875398
704.0,352.0,0.002314676244637334,0.0,99.99999630557276,0.0,0.005930016756903467
704.5,352.25,0.0023129685755303876,0.0,99.99999585875989,0.0,0.0059438578126280684
705.0,352.5,0.002311263424256311,0.0,99.99999585360264,0.0,0.005951654520606437
705.5,352.75,0.002309537793794113,0.0,99.9999978483276,0.0,0.00710438734267279
706.0,353.0,0.0023078262167068714,0.0,99.9999983375402,0.0,0.005859575850788996
706.5,353.25,0.0023061171746088546,0.0,99.99999711954656,0.0,0.008061523940147766
707.0,353.5,0.002304410661872433,0.0,99.99999712055975,0.0,0.008063819281590823
707.5,353.75,0.002302718100654587,0.0,99.99999734319512,0.0,0.006402424407248549
708.0,354.0,0.0023010280239425932,0.0,99.9999973412717,0.0,0.006404840537843959
708.5,354.25,0.002304307320264029,0.0,99.9999975111416,0.0,0.006738277776970013
709.0,354.5,0.0023075589888335935,0.0,99.99999833985895,0.0,0.0035207610899613386
709.5,354.75,0.0023108058626183856,0.0,99.99999833558677,0.0,0.0035255843758003496
710.0,355.0,0.0023140593941911175,0.0,99.99999804711595,0.0,0.003462933013660591
710.5,355.25,0.0023173081673995752,0.0,99.99999804354613,0.0,0.0034674863768353664
711.0,355.5,0.002320552192674955,0.0,99.99999803991476,0.0,0.0034720598571699977
711.5,355.75,0.0023237914804179866,0.0,99.99999803630047,0.0,0.0034765907024123556
712.0,356.0,0.0023270260409990434,0.0,99.99999803277268,0.0,0.003481027232881835
712.5,356.25,0.0023302558847582543,0.0,99.99999802944048,0.0,0.0034852630735001592
713.0,356.5,0.0023334810220056123,0.0,99.99999802636225,0.0,0.0034892480145880577
713.5,356.75,0.0023367014630210846,0.0,99.99999802358533,0.0,0.003492938926242411
714.0,357.0,0.0023350129040186803,0.0,99.99999766816642,0.0,0.004732192872656897
714.5,357.25,0.0023333153217764634,0.0,99.99999774462508,0.0,0.004793536263979853
715.0,357.5,0.0023316202060661394,0.0,99.99999773895598,0.0,0.004801857806583142
715.5,357.75,0.0023299275515159244,0.0,99.99999773060928,0.0,0.004813633783408822
716.0,358.0,0.0023282487648027604,0.0,99.99999687162098,0.0,0.005702890642656015
716.5,358.25,0.002326560999980408,0.0,99.9999974049673,0.0,0.005522099470097055
717.0,358.5,0.0023248756803320413,0.0,99.99999741912747,0.0,0.00550344860898229
717.5,358.75,0.0023231928005477843,0.0,99.99999743137097,0.0,0.00548754474253986
718.0,359.0,0.002321501009242018,0.0,99.99999782698619,0.0,0.0054991676395532785
718.5,359.25,0.0023198003506561373,0.0,99.99999751396828,0.0,0.006312907845821639
719.0,359.5,0.00231810218194418,0.0,99.99999849292634,0.0,0.005053186862598544
719.5,359.75,0.002316417793989993,0.0,99.99999753047501,0.0,0.006548719619249035
720.0,360.0,0.0023147358520908155,0.0,99.9999975416605,0.0,0.006535141938351868
720.5,360.25,0.0023130563509223007,0.0,99.999997553257,0.0,0.006520956974831434
721.0,360.5,0.002311379285175543,0.0,99.99999756553632,0.0,0.0065058464130437615
721.5,360.75,0.0023097158806338835,0.0,99.99999799631777,0.0,0.005389639185377915
722.0,361.0,0.002308054868538054,0.0,99.99999800067513,0.0,0.005388347033503886
722.5,361.25,0.0023064074426554274,0.0,99.99999822158297,0.0,0.005111539677883756
723.0,361.5,0.0023047511839142925,0.0,99.99999838517213,0.0,0.00510409901804812
723.5,361.75,0.0023030861354214646,0.0,99.99999847177352,0.0,0.004313937606290011
724.0,362.0,0.002301434641678739,0.0,99.99999787881781,0.0,0.004218604324102414
724.5,362.25,0.0022997855147404147,0.0,99.99999787594679,0.0,0.004220747757381577
725.0,362.5,0.002298138749522229,0.0,99.99999787319823,0.0,0.00422276073341802
725.5,362.75,0.0022964943409544713,0.0,99.99999750279281,0.0,0.004456257257289212
726.0,363.0,0.002294852283981931,0.0,99.99999750105091,0.0,0.004457387618962395
726.5,363.25,0.0022932015024090687,0.0,99.99999763325924,0.0,0.004001060156852145
727.0,363.5,0.002291553094079109,0.0,99.99999762956034,0.0,0.004004080742495057
727.5,363.75,0.0022899070538778972,0.0,99.99999762613976,0.0,0.00400686774668521
728.0,364.0,0.0022882633767059607,0.0,99.99999762303511,0.0,0.00400940660331601
728.5,364.25,0.0022866220574784576,0.0,99.99999762023137,0.0,0.004011724091444597
729.0,364.5,0.0022849830911251257,0.0,99.99999761770817,0.0,0.004013846170605131
729.5,364.75,0.002283346472590228,0.0,99.99999761543903,0.0,0.004015794464016366
730.0,365.0,0.002281712196832503,0.0,99.99999761338361,0.0,0.00401759278626066
730.5,365.25,0.002280091203648146,0.0,99.99999861174024,0.0,0.0035419655704650136
731.0,365.5,0.0022784615827393345,0.0,99.99999856638756,0.0,0.0035473884691055954
731.5,365.75,0.0022768124625524265,0.0,99.9999986792129,0.0,0.0032120649392460648
732.0,366.0,0.00227516572786144,0.0,99.99999868104348,0.0,0.003210945774638721
732.5,366.25,0.0022735213734940913,0.0,99.99999868298373,0.0,0.003209673137795391
733.0,366.5,0.0022718902605260265,0.0,99.99999814821848,0.0,0.004514282708660306
733.5,366.75,0.00227028318795555,0.0,99.99999819783658,0.0,0.004050833497187089
734.0,367.0,0.0022686783873756408,0.0,99.99999817315661,0.0,0.004093795540996179
734.5,367.25,0.0022670758539716784,0.0,99.9999981562807,0.0,0.004124817530847749
735.0,367.5,0.002265475582942638,0.0,99.99999814513862,0.0,0.004146927058011867
735.5,367.75,0.002263866779780572,0.0,99.99999815556635,0.0,0.0039047289780269646
736.0,368.0,0.0022622602599456105,0.0,99.99999815332082,0.0,0.003907137745617997
736.5,368.25,0.002260645259545872,0.0,99.99999813517107,0.0,0.0036690546699255726
737.0,368.5,0.002259021819772861,0.0,99.99999884508665,0.0,0.0034218854947370416
737.5,368.75,0.0022574007100119287,0.0,99.9999988560675,0.0,0.003377676447316607
738.0,369.0,0.0022558033509365145,0.0,99.99999741765339,0.0,0.006147624613061717
738.5,369.25,0.0022542189487271967,0.0,99.99999778775266,0.0,0.005798330743057708
739.0,369.5,0.002252626087781282,0.0,99.99999764664953,0.0,0.005234992140976785
739.5,369.75,0.0022510248086628913,0.0,99.99999843430263,0.0,0.0047043727969912855
740.0,370.0,0.0022494364569718324,0.0,99.99999827620128,0.0,0.00415318956483318
740.5,370.25,0.00224785034522249,0.0,99.99999827603303,0.0,0.0041567266927132335
741.0,370.5,0.002246277091283972,0.0,99.99999858202855,0.0,0.003473019900805279
741.5,370.75,0.0022447272538243064,0.0,99.99999723442683,0.0,0.006792119467011699
742.0,371.0,0.0022431901469643733,0.0,99.99999807587639,0.0,0.004223582533203165
742.5,371.25,0.002241655143772682,0.0,99.99999807251409,0.0,0.004222496106614607
743.0,371.5,0.0022401116754620525,0.0,99.9999977607109,0.0,0.004572525330078728
743.5,371.75,0.002238559781328055,0.0,99.9999974488276,0.0,0.006496505692072661
744.0,372.0,0.0022370100359334452,0.0,99.99999743521616,0.0,0.006512967972200488
744.5,372.25,0.0022354624348186218,0.0,99.99999857135275,0.0,0.004721200740244721
745.0,372.5,0.002233916973536314,0.0,99.99999791973863,0.0,0.00363968395890533
745.5,372.75,0.002232373647651543,0.0,99.9999979150943,0.0,0.003647425533460283
746.0,373.0,0.002230821975709871,0.0,99.99999778735898,0.0,0.004069593438148551
746.5,373.25,0.0022292724593333773,0.0,99.99999780030979,0.0,0.004064539542312112
747.0,373.5,0.002227745990057218,0.0,99.99999712471617,0.0,0.007223035533982857
747.5,373.75,0.00222621117604878,0.0,99.9999978623183,0.0,0.00594059873210346
748.0,374.0,0.002224678475416132,0.0,99.99999783988308,0.0,0.005962197412631236
748.5,374.25,0.0022231478837972302,0.0,99.99999781937639,0.0,0.0059797929103215155
749.0,374.5,0.0022216090061690573,0.0,99.99999773332337,0.0,0.004061049391301611
749.5,374.75,0.002220093010212428,0.0,99.99999881062996,0.0,0.0029995148207077166
750.0,375.0,0.0022185894441849605,0.0,99.99999809203365,0.0,0.003372259831297924
750.5,375.25,0.002217087913370207,0.0,99.99999631499577,0.0,0.004984558557547694
751.0,375.5,0.002215588413638696,0.0,99.999996457048,0.0,0.004884042117227295
751.5,375.75,0.0022140909408721187,0.0,99.9999981714009,0.0,0.0032778662459191314
752.0,376.0,0.0022125954909632943,0.0,99.99999784409268,0.0,0.0035488559393207744
752.5,376.25,0.0022111020598161294,0.0,99.99999783919465,0.0,0.0035519215281722026
753.0,376.5,0.0022096106433455833,0.0,99.99999783507135,0.0,0.003554294564738015
753.5,376.75,0.0022081212374776282,0.0,99.99999783153105,0.0,0.003556149891214905
754.0,377.0,0.002206633838149215,0.0,99.99999782844318,0.0,0.0035576073924341056
754.5,377.25,0.0022051484413082335,0.0,99.99999782571939,0.0,0.0035587564173886416
755.0,377.5,0.002203644596199525,0.0,99.99999737618545,0.0,0.004214327624739818
755.5,377.75,0.002202142800847477,0.0,99.99999737251328,0.0,0.0042113005151689885
756.0,378.0,0.002200632855680181,0.0,99.99999633833127,0.0,0.004961742182333149
756.5,378.25,0.0021991351611618843,0.0,99.9999975438539,0.0,0.004344676556643767
757.0,378.5,0.002197649671509207,0.0,99.9999982751288,0.0,0.0033167734828818173
757.5,378.75,0.0021961661873630286,0.0,99.99999827377,0.0,0.0033163363862521926
758.0,379.0,0.00219469484500834,0.0,99.99999682405293,0.0,0.004091555850583293
758.5,379.25,0.0021932254728132387,0.0,99.99999681960051,0.0,0.004094331266809171
759.0,379.5,0.002191768180140273,0.0,99.99999861766418,0.0,0.002553314785313911
759.5,379.75,0.0021903128227829423,0.0,99.99999861816508,0.0,0.002552832753268456
760.0,380.0,0.002188849310397265,0.0,99.9999962750378,0.0,0.004583860261049959
760.5,380.25,0.0021873776795376574,0.0,99.99999785194062,0.0,0.003230255825216565
761.0,380.5,0.002185897966884796,0.0,99.99999808742432,0.0,0.002794829130525606
761.5,380.75,0.0021844303005776095,0.0,99.99999736617798,0.0,0.004023172943419073
762.0,381.0,0.002182964603803414,0.0,99.99999778311732,0.0,0.004526678421182447
762.5,381.25,0.002181490853812557,0.0,99.99999809363156,0.0,0.003779518914402165
763.0,381.5,0.0021800190923777353,0.0,99.99999809091484,0.0,0.003782875840459757
763.5,381.75,0.002178529332177566,0.0,99.99999732234231,0.0,0.005307316555414523
764.0,382.0,0.0021770416067025383,0.0,99.9999973342825,0.0,0.005295164602722613
764.5,382.25,0.0021755658761347294,0.0,99.99999678167605,0.0,0.005300887635859224
765.0,382.5,0.00217408219403798,0.0,99.99999809410309,0.0,0.003791460588561071
765.5,382.75,0.002172600534231037,0.0,99.99999808944489,0.0,0.0037999094517452933
766.0,383.0,0.0021711208925820798,0.0,99.99999808493246,0.0,0.0038080894656030966
766.5,383.25,0.0021696432649705387,0.0,99.99999808061463,0.0,0.003815929769609593
767.0,383.5,0.0021681775440710615,0.0,99.99999716346119,0.0,0.0052974216180489515
767.5,383.75,0.002166713802194995,0.0,99.99999716161395,0.0,0.005299041039149281
768.0,384.0,0.0021652421652421654,0.0,99.99999800041209,0.0,0.004360886939619625
768.5,384.25,0.0021637823827116067,0.0,99.99999797154015,0.0,0.004100417905227905
769.0,384.5,0.0021623344107069694,0.0,99.99999664356969,0.0,0.005650625376834759
769.5,384.75,0.0021608883753303884,0.0,99.99999662792631,0.0,0.005666463410784247
770.0,385.0,0.0021594540900060463,0.0,99.99999843309809,0.0,0.0029034860915512976
770.5,385.25,0.0021580119031393394,0.0,99.99999799982433,0.0,0.0037979905815168353
771.0,385.5,0.002156591223808767,0.0,99.99999658801555,0.0,0.005288032792818614
771.5,385.75,0.002155162635378242,0.0,99.9999980176348,0.0,0.0035304630307919417
772.0,386.0,0.002153735938371413,0.0,99.9999980108847,0.0,0.003537688178620319
772.5,386.25,0.0021523013765666487,0.0,99.99999823947957,0.0,0.003992892032112797
773.0,386.5,0.0021508784640463683,0.0,99.99999693972923,0.0,0.005535505151718313
773.5,386.75,0.0021494574316925055,0.0,99.99999696598067,0.0,0.005508363957551612
774.0,387.0,0.0021480382757809815,0.0,99.9999969954961,0.0,0.005478282116189159
774.5,387.25,0.0021466112916273122,0.0,99.99999773322627,0.0,0.00490107509375866
775.0,387.5,0.0021451862021623475,0.0,99.99999770200168,0.0,0.004937182125568542
775.5,387.75,0.0021437630036150613,0.0,99.99999767642586,0.0,0.004966181589059883
776.0,388.0,0.002142351354642588,0.0,99.9999967471874,0.0,0.005938336207040122
776.5,388.25,0.0021409319138579143,0.0,99.99999808639633,0.0,0.004099523247530144
777.0,388.5,0.0021395143527631263,0.0,99.99999813530869,0.0,0.0040314055727374495
777.5,388.75,0.0021380890435314928,0.0,99.99999835626619,0.0,0.003488517160820349
778.0,389.0,0.0021366560208717555,0.0,99.99999863542415,0.0,0.0035548278169024393
778.5,389.25,0.0021352345161783346,0.0,99.99999817686968,0.0,0.003495446635625451
779.0,389.5,0.002133805316095181,0.0,99.99999866411329,0.0,0.003213992364029808
779.5,389.75,0.0021323876007272565,0.0,99.99999760753892,0.0,0.004311658554997597
780.0,390.0,0.002130981328117289,0.0,99.99999803438638,0.0,0.0032327820515385213
780.5,390.25,0.0021295769091096576,0.0,99.99999803094532,0.0,0.003234959467483332
781.0,390.5,0.002128174340041936,0.0,99.99999802760088,0.0,0.0032370757229372754
781.5,390.75,0.0021267831397587555,0.0,99.99999773101254,0.0,0.0035099338258312743
782.0,391.0,0.0021254032673041386,0.0,99.9999985687517,0.0,0.003023539075889033
782.5,391.25,0.002124025184231237,0.0,99.9999985528482,0.0,0.003037167683037852
783.0,391.5,0.002122658372658373,0.0,99.9999975754646,0.0,0.004236653696838
783.5,391.75,0.0021212933190425153,0.0,99.99999757656917,0.0,0.0042353375078113325
784.0,392.0,0.0021199205587664294,0.0,99.99999790375065,0.0,0.0038174322968734685
784.5,392.25,0.002118559023054382,0.0,99.99999876886476,0.0,0.0026634051290510244
785.0,392.5,0.0021171992351339186,0.0,99.99999880562737,0.0,0.002629225777362722
785.5,392.75,0.0021158506164920534,0.0,99.99999882009622,0.0,0.0028680031921341142
786.0,393.0,0.002114503714849158,0.0,99.99999882056511,0.0,0.00286698621401245
786.5,393.25,0.0021131585269283126,0.0,99.99999882098402,0.0,0.002866015117521269
787.0,393.5,0.0021118150494609314,0.0,99.99999882151614,0.0,0.0028649463328379574
787.5,393.75,0.002110463902181109,0.0,99.99999901078658,0.0,0.0024491631928849167
788.0,394.0,0.0021091144827341227,0.0,99.99999903309383,0.0,0.0024304450083219393
788.5,394.25,0.002107757434837015,0.0,99.999997078752,0.0,0.004636407847250245
789.0,394.5,0.002106402132122411,0.0,99.99999708586357,0.0,0.004629721151856302
789.5,394.75,0.00210504857122598,0.0,99.99999862945313,0.0,0.0029446147395253116
790.0,395.0,0.0021036967487920353,0.0,99.99999863043395,0.0,0.0029430279078503986
790.5,395.25,0.0021023373565431376,0.0,99.99999881462522,0.0,0.003082038514095553
791.0,395.5,0.0021009704271825764,0.0,99.99999867543538,0.0,0.003229013189286492
791.5,395.75,0.002099605274208449,0.0,99.99999868114361,0.0,0.003212153230680334
792.0,396.0,0.002098251162872881,0.0,99.99999880504696,0.0,0.003056425360101981
792.5,396.25,0.0020968895402735228,0.0,99.99999877224322,0.0,0.002861062045638449
793.0,396.5,0.0020955389284958003,0.0,99.9999985474465,0.0,0.0031719422421090525
793.5,396.75,0.0020941900554629703,0.0,99.99999854592,0.0,0.0031672279589283676
794.0,397.0,0.002092842917819566,0.0,99.9999985443639,0.0,0.003163122438161734
794.5,397.25,0.002091506721442127,0.0,99.99999867998498,0.0,0.0031036596999490466
795.0,397.5,0.002090163032716552,0.0,99.99999801259219,0.0,0.0032880367585913116
795.5,397.75,0.002088830255057168,0.0,99.99999831489677,0.0,0.003806558480872183
796.0,398.0,0.002087480828136605,0.0,99.99999819119842,0.0,0.0038104512124858356
796.5,398.25,0.0020861331436050137,0.0,99.99999819178792,0.0,0.0038103014220467867
797.0,398.5,0.002084787198089896,0.0,99.99999819250725,0.0,0.0038099499661576066
797.5,398.75,0.0020834429882274504,0.0,99.99999819330951,0.0,0.0038094497521073876
798.0,399.0,0.002082109637318418,0.0,99.999998451838,0.0,0.0032121142174194412
798.5,399.25,0.0020807779919397233,0.0,99.99999845047259,0.0,0.003213972170054628
799.0,399.5,0.0020794480488210624,0.0,99.99999844906688,0.0,0.0032158242496218596
799.5,399.75,0.0020781198047004883,0.0,99.99999809810767,0.0,0.003947968167641969
800.0,400.0,0.0020767841762162303,0.0,99.99999787206023,0.0,0.005483670384073816
800.5,400.25,0.0020754593319205644,0.0,99.99999789309395,0.0,0.007838333258353546
801.0,400.5,0.002074136176864867,0.0,99.99999776888964,0.0,0.008052093668333716
801.5,400.75,0.0020728237532510606,0.0,99.99999849666746,0.0,0.0030323222826493055
802.0,401.0,0.00207150395548229,0.0,99.99999784427315,0.0,0.007022171384043852
802.5,401.25,0.0020701858373139014,0.0,99.99999775879355,0.0,0.00709996570421638
803.0,401.5,0.0020688693955416954,0.0,99.9999976778106,0.0,0.0071686949234472455
803.5,401.75,0.002067554626969618,0.0,99.99999760245947,0.0,0.007228472905948736
804.0,402.0,0.0020662415284097334,0.0,99.99999653265436,0.0,0.005237034559879531
804.5,402.25,0.0020649211200132155,0.0,99.99999743747672,0.0,0.005521732754101499
805.0,402.5,0.002063602398123208,0.0,99.99999743800821,0.0,0.005517224301439121
805.5,402.75,0.002062285359510609,0.0,99.9999974377967,0.0,0.005513932941379234
806.0,403.0,0.002060978943303554,0.0,99.9999969358435,0.0,0.006250966238592895
806.5,403.25,0.002059674181225311,0.0,99.9999969464061,0.0,0.006235086058072954
807.0,403.5,0.002058362150403439,0.0,99.9999977498144,0.0,0.005620720756250485
807.5,403.75,0.0020570606984478936,0.0,99.99999812825668,0.0,0.0038302515822307807
808.0,404.0,0.0020557697884071896,0.0,99.99999812005187,0.0,0.0039033038974523593
808.5,404.25,0.0020544804975735505,0.0,99.99999812343015,0.0,0.003899574750984116
809.0,404.5,0.0020531928229023935,0.0,99.99999812670228,0.0,0.003895910377727277
809.5,404.75,0.0020519156252294907,0.0,99.99999829456216,0.0,0.0040774408577997825
810.0,405.0,0.0020506311626862835,0.0,99.99999771781901,0.0,0.006509272150112727
810.5,405.25,0.002049357149020623,0.0,99.99999775794328,0.0,0.005758115333422261
811.0,405.5,0.002048075886601272,0.0,99.99999818029613,0.0,0.00712938491828426
811.5,405.75,0.0020467962252768562,0.0,99.99999812271918,0.0,0.007246194770750727
812.0,406.0,0.002045518162048102,0.0,99.99999806699901,0.0,0.007357098125019083
812.5,406.25,0.0020442504916960394,0.0,99.9999979714394,0.0,0.006247103797542996
813.0,406.5,0.002042984391599248,0.0,99.99999795560576,0.0,0.006246703426875875
813.5,406.75,0.0020417110828375917,0.0,99.99999749214611,0.0,0.007933852827918487
814.0,407.0,0.0020404393602900433,0.0,99.99999745838892,0.0,0.007982845429700992
814.5,407.25,0.0020391692209944276,0.0,99.9999974306005,0.0,0.008022822024229641
815.0,407.5,0.002037900661995941,0.0,99.9999974088891,0.0,0.008053874717523083
815.5,407.75,0.002036633680347128,0.0,99.99999833390095,0.0,0.005771301161213123
816.0,408.0,0.0020353595516210033,0.0,99.99999855452005,0.0,0.004576453846916551
816.5,408.25,0.0020340957266860513,0.0,99.99999800905667,0.0,0.004367676014151999
817.0,408.5,0.0020328334702821144,0.0,99.99999800819408,0.0,0.004369377910888184
817.5,408.75,0.002031572779490952,0.0,99.99999800734479,0.0,0.004370996962431883
818.0,409.0,0.0020303136514015574,0.0,99.99999800648172,0.0,0.0043725603082725994
818.5,409.25,0.0020290560831101373,0.0,99.99999800557953,0.0,0.004374098631761413
819.0,409.5,0.002027808728542582,0.0,99.9999986712641,0.0,0.00288170858974682
819.5,409.75,0.0020265629066458465,0.0,99.99999867128304,0.0,0.0028826543616639316
820.0,410.0,0.002025318614596791,0.0,99.99999867107525,0.0,0.0028839339509960705
820.5,410.25,0.0020240672245990217,0.0,99.99999872638513,0.0,0.0028069614079379323
821.0,410.5,0.0020228173800469294,0.0,99.99999872697245,0.0,0.0028069764333973914
821.5,410.75,0.002021569078079382,0.0,99.99999872794402,0.0,0.0028065089949515813
822.0,411.0,0.002020313722821464,0.0,99.99999869590859,0.0,0.0028641949635596167
822.5,411.25,0.0020190599256985947,0.0,99.99999773061786,0.0,0.003597468503373049
823.0,411.5,0.0020177991121683907,0.0,99.99999715509942,0.0,0.005348785635589672
823.5,411.75,0.002016539872299959,0.0,99.99999716032738,0.0,0.005341873446907177
824.0,412.0,0.0020152822031489315,0.0,99.99999716518326,0.0,0.005335448321060125
824.5,412.25,0.002014034641395832,0.0,99.99999773045012,0.0,0.003599267982636332
825.0,412.5,0.0020127971524217126,0.0,99.99999830368569,0.0,0.003174563279996928
825.5,412.75,0.002011561183221462,0.0,99.99999830645484,0.0,0.003170622845425761
826.0,413.0,0.002010326730997122,0.0,99.99999830920443,0.0,0.0031667276674155823
826.5,413.25,0.0020090937929575976,0.0,99.99999831196618,0.0,0.0031628490751976265
827.0,413.5,0.0020078538789623413,0.0,99.99999828455105,0.0,0.0033602303688640787
827.5,413.75,0.0020066239713411854,0.0,99.999998400678,0.0,0.003073271000986136
828.0,414.0,0.0020053955695534514,0.0,99.99999839883708,0.0,0.0030725006679797676
828.5,414.25,0.00200417712706483,0.0,99.9999981588313,0.0,0.0042892071386774555
829.0,414.5,0.002002960164284901,0.0,99.99999816039492,0.0,0.0042924569163661375
829.5,414.75,0.0020017446785198048,0.0,99.99999816272734,0.0,0.004295604863306028
830.0,415.0,0.0020005222415957007,0.0,99.99999821063678,0.0,0.00437784284737479
830.5,415.25,0.0019992928816755335,0.0,99.99999898190681,0.0,0.0022304207924040524
831.0,415.5,0.001998065031758718,0.0,99.9999989815816,0.0,0.0022325343677486345
831.5,415.75,0.001996838689064891,0.0,99.99999898123419,0.0,0.0022347819624526965
832.0,416.0,0.0019956138508205124,0.0,99.99999898083671,0.0,0.0022371797709253836
832.5,416.25,0.0019943905142588425,0.0,99.9999989803608,0.0,0.0022397370987222416
833.0,416.5,0.0019931686766199216,0.0,99.9999989797842,0.0,0.002242453369126603
833.5,416.75,0.0019919483351505496,0.0,99.99999897909346,0.0,0.0022453310136057434
834.0,417.0,0.001990721143973144,0.0,99.99999918491396,0.0,0.0020648667149268563
834.5,417.25,0.001989495463950342,0.0,99.99999918394113,0.0,0.0020694874727063563
835.0,417.5,0.0019882712922926235,0.0,99.99999918297468,0.0,0.00207411165338399
835.5,417.75,0.001987048626217329,0.0,99.99999918204612,0.0,0.0020787175864913706
836.0,418.0,0.0019858274629486403,0.0,99.99999807527772,0.0,0.006202541397009402
836.5,418.25,0.001984607799717559,0.0,99.9999980875679,0.0,0.006175999837969367
837.0,418.5,0.001983389633761885,0.0,99.99999809956834,0.0,0.006149926000988357
837.5,418.75,0.001982172962326195,0.0,99.99999811121423,0.0,0.006124479888273176
838.0,419.0,0.0019809577826618236,0.0,99.99999812218019,0.0,0.0061003730410377
838.5,419.25,0.0019797523434015897,0.0,99.99999835350073,0.0,0.00546767242331767
839.0,419.5,0.00197852364648156,0.0,99.9999980814859,0.0,0.005019600714803009
839.5,419.75,0.0019772882428359725,0.0,99.99999834981207,0.0,0.003694497925263074
840.0,420.0,0.0019760543810165656,0.0,99.9999983472627,0.0,0.0036999459547681153
840.5,420.25,0.0019748220581387614,0.0,99.99999834483627,0.0,0.0037052273316590103
841.0,420.5,0.001973591271325173,0.0,99.99999834244313,0.0,0.0037105864745454347
841.5,420.75,0.0019723620177055823,0.0,99.99999834001815,0.0,0.00371615569832376
842.0,421.0,0.0019711424741780336,0.0,99.99999840214157,0.0,0.00386079085576215
842.5,421.25,0.0019699244378457736,0.0,99.99999840180227,0.0,0.003857405420696923
843.0,421.5,0.001968716065552028,0.0,99.99999789209512,0.0,0.0049632280987628495
843.5,421.75,0.0019675091748059415,0.0,99.999997994365,0.0,0.0034496673723740335
844.0,422.0,0.0019663037628844643,0.0,99.99999799202172,0.0,0.003451806816334021
844.5,422.25,0.0019650998270712154,0.0,99.99999798976586,0.0,0.0034538373374038527
845.0,422.5,0.0019638973646564626,0.0,99.99999798756335,0.0,0.0034557991144453107
845.5,422.75,0.0019626882631241867,0.0,99.99999888642398,0.0,0.0030369413963571013
846.0,423.0,0.0019614725497078436,0.0,99.99999913383412,0.0,0.002352196406287537
846.5,423.25,0.0019602583414151,0.0,99.99999913349139,0.0,0.0023530654467367506
847.0,423.5,0.0019590456354525395,0.0,99.99999913321922,0.0,0.002353778344897454
847.5,423.75,0.001957834429033654,0.0,99.99999913301195,0.0,0.0023543149064299447
848.0,424.0,0.001956632779160007,0.0,99.99999841455485,0.0,0.002982876197844204
848.5,424.25,0.0019554326034423846,0.0,99.99999818864438,0.0,0.0032913184779475354
849.0,424.5,0.001954233899169759,0.0,99.99999817851335,0.0,0.0033004269191190196
849.5,424.75,0.001953028633455586,0.0,99.99999896411843,0.0,0.0023005562919512813
850.0,425.0,0.0019518248535104084,0.0,99.99999896302057,0.0,0.0023025958126923294
850.5,425.25,0.001950622556588587,0.0,99.99999896211347,0.0,0.002304324561189666
851.0,425.5,0.001949421739951244,0.0,99.99999896142815,0.0,0.0023057028814850106
851.5,425.75,0.0019482224008662411,0.0,99.99999896101305,0.0,0.0023066880314786945
852.0,426.0,0.0019470245366081604,0.0,99.99999834564122,0.0,0.0032412656324249628
852.5,426.25,0.0019458281444582814,0.0,99.99999834753513,0.0,0.0032399567331643365
853.0,426.5,0.0019446332217045632,0.0,99.99999835207484,0.0,0.0032360088454159077
853.5,426.75,0.0019434397656416214,0.0,99.9999983617138,0.0,0.0032270211650875123
854.0,427.0,0.0019422557153430024,0.0,99.99999793487962,0.0,0.0038177561472854237
854.5,427.25,0.0019410651748388917,0.0,99.99999899887003,0.0,0.0022657895259516553
855.0,427.5,0.0019398840153557135,0.0,99.99999814158662,0.0,0.0033335282325576867
855.5,427.75,0.0019386963797396026,0.0,99.999998854205,0.0,0.002548677542503905
856.0,428.0,0.0019375101974220916,0.0,99.99999885544986,0.0,0.0025475499560172854
856.5,428.25,0.0019363254657372305,0.0,99.99999885712226,0.0,0.0025458433581385734
857.0,428.5,0.0019351342983203034,0.0,99.99999777626417,0.0,0.003450400508764967
857.5,428.75,0.0019339445955409344,0.0,99.99999768809174,0.0,0.003524051437430915
858.0,429.0,0.0019327642190411862,0.0,99.99999898854063,0.0,0.002601776772391934
858.5,429.25,0.0019315852825400957,0.0,99.99999898603895,0.0,0.002606097987250051
859.0,429.5,0.0019304077834041828,0.0,99.9999989837661,0.0,0.002610150187986388
859.5,429.75,0.0019292317190063848,0.0,99.99999898170923,0.0,0.002613927041900602
860.0,430.0,0.0019280570867260373,0.0,99.99999897985485,0.0,0.002617427814290285
860.5,430.25,0.0019268838839488543,0.0,99.99999897819946,0.0,0.0026206372008523845
861.0,430.5,0.0019257121080669094,0.0,99.99999897672836,0.0,0.0026235636404530003
861.5,430.75,0.0019245417564786153,0.0,99.99999897540775,0.0,0.0026262584661555705
862.0,431.0,0.001923372826588706,0.0,99.99999897420675,0.0,0.002628771565395109
862.5,431.25,0.0019222053158082166,0.0,99.9999972792432,0.0,0.005193461186927228
863.0,431.5,0.0019210392215544645,0.0,99.99999727998913,0.0,0.005193259409448135
863.5,431.75,0.0019198435024412326,0.0,99.99999869752403,0.0,0.0033567015787234157
864.0,432.0,0.001918649270913277,0.0,99.99999869640176,0.0,0.0033582501692554175
864.5,432.25,0.001917456524196283,0.0,99.99999869515777,0.0,0.0033599956383245175
865.0,432.5,0.001916272990233059,0.0,99.99999848385312,0.0,0.003642195112532192
865.5,432.75,0.0019150909164214007,0.0,99.99999848369512,0.0,0.0036419933249417793
866.0,433.0,0.0019139103000608423,0.0,99.99999848326246,0.0,0.0036422413665079603
866.5,433.25,0.0019127311384575735,0.0,99.99999848265882,0.0,0.0036427539011011606
867.0,433.5,0.0019115457362469314,0.0,99.9999985553323,0.0,0.0034330131529136574
867.5,433.75,0.0019104002187910988,0.0,99.99999874448454,0.0,0.002868670030149481
868.0,434.0,0.0019092560734440568,0.0,99.99999874482532,0.0,0.0028677885874903346
868.5,434.25,0.0019081056327278278,0.0,99.9999987908892,0.0,0.0029316160882082395
869.0,434.5,0.0019069642333803048,0.0,99.99999777845912,0.0,0.004455184893029445
869.5,434.75,0.0019058241987513842,0.0,99.9999977806172,0.0,0.004453007590067755
870.0,435.0,0.0019046778888951264,0.0,99.999997852944,0.0,0.0043180355197157926
870.5,435.25,0.0019035329571685047,0.0,99.99999782785221,0.0,0.004345272435397594
871.0,435.5,0.0019023741629553682,0.0,99.99999825684824,0.0,0.003979498870966507
871.5,435.75,0.0019012167787383926,0.0,99.99999825715749,0.0,0.003979270999286327
872.0,436.0,0.0019000760030401216,0.0,99.99999816915602,0.0,0.0039653469413444805
872.5,436.25,0.0018989441870320102,0.0,99.99999713457011,0.0,0.005117004459375979
873.0,436.5,0.0018978137185961773,0.0,99.9999971327097,0.0,0.005117625080402787
873.5,436.75,0.0018966845953273677,0.0,99.99999713065405,0.0,0.005118364465686718
874.0,437.0,0.0018955568148260478,0.0,99.99999712846754,0.0,0.005119116623063549
874.5,437.25,0.0018944303746983868,0.0,99.99999712616244,0.0,0.0051198121700745045
875.0,437.5,0.001893305272556241,0.0,99.99999699307655,0.0,0.004864144965703015
875.5,437.75,0.0018921664309757603,0.0,99.99999735926028,0.0,0.004250282675407011
876.0,438.0,0.0018910289586203052,0.0,99.99999736132143,0.0,0.004247096632814429
876.5,438.25,0.0018898928530220382,0.0,99.99999736378882,0.0,0.004243482696804831
877.0,438.5,0.0018887656220798689,0.0,99.99999660861512,0.0,0.004668307709118486
877.5,438.75,0.0018876472364844459,0.0,99.99999779297055,0.0,0.003545258054426979
878.0,439.0,0.0018865301745536866,0.0,99.99999779541517,0.0,0.0035435571875941834
878.5,439.25,0.0018854144339390474,0.0,99.99999779807501,0.0,0.003541679982559379
879.0,439.5,0.001884300012297537,0.0,99.99999844471866,0.0,0.0027344953104424356
879.5,439.75,0.0018831869072916997,0.0,99.99999844538435,0.0,0.0027337202990619846
880.0,440.0,0.0018820676593417913,0.0,99.99999849768496,0.0,0.0027616944680057287
880.5,440.25,0.00188094974102292,0.0,99.99999849791895,0.0,0.0027612369070716424
881.0,440.5,0.0018798480291277505,0.0,99.99999766805111,0.0,0.003339755696042803
881.5,440.75,0.0018787476070688373,0.0,99.99999766571548,0.0,0.0033414080497735582
882.0,441.0,0.0018776484725823793,0.0,99.99999766354519,0.0,0.003342876105426734
882.5,441.25,0.0018765506234098702,0.0,99.99999766156039,0.0,0.0033441489718071906
883.0,441.5,0.0018754466524264332,0.0,99.99999811276953,0.0,0.0030621807992996727
883.5,441.75,0.0018743439796071375,0.0,99.99999811242498,0.0,0.0030621186555817048
884.0,442.0,0.0018732426026635538,0.0,99.99999811212972,0.0,0.0030619837290504722
884.5,442.25,0.0018721498981156318,0.0,99.99999775832862,0.0,0.0031425574057607378
885.0,442.5,0.0018710658378829777,0.0,99.99999839335636,0.0,0.0027515006292166758
885.5,442.75,0.0018699830323644852,0.0,99.99999839320697,0.0,0.0027515832604333382
886.0,443.0,0.0018689014793830659,0.0,99.99999839296746,0.0,0.002751781628123368
886.5,443.25,0.0018677991427784987,0.0,99.99999839884737,0.0,0.003344894432093149
887.0,443.5,0.0018666981057926589,0.0,99.99999813569349,0.0,0.004140143703926087
887.5,443.75,0.0018656056934358172,0.0,99.999998070062,0.0,0.004276843844881516
888.0,444.0,0.0018645145589147349,0.0,99.99999806864174,0.0,0.0042786635645680705
888.5,444.25,0.0018634246999886233,0.0,99.99999870944283,0.0,0.0035047425252819515
889.0,444.5,0.001862336114421931,0.0,99.99999870765691,0.0,0.003506985253945941
889.5,444.75,0.001861256093164684,0.0,99.99999912436786,0.0,0.002501751696825765
890.0,445.0,0.001860162754450684,0.0,99.99999788442823,0.0,0.0037978272752920727
890.5,445.25,0.001859070699480243,0.0,99.9999979041512,0.0,0.0037829680591372214
891.0,445.5,0.0018580017289195035,0.0,99.99999774614567,0.0,0.004911552670266329
891.5,445.75,0.0018569339869740967,0.0,99.99999777230741,0.0,0.0048816513107761885
892.0,446.0,0.0018558529695601041,0.0,99.99999818397981,0.0,0.00395047836718746
892.5,446.25,0.0018547804525664304,0.0,99.99999698035954,0.0,0.005280378279523514
893.0,446.5,0.0018537164087073937,0.0,99.9999982025091,0.0,0.0036292492415042656
893.5,446.75,0.001852653584982195,0.0,99.9999982037328,0.0,0.00362766065383819
894.0,447.0,0.0018515919792933546,0.0,99.99999820579238,0.0,0.003625129079459333
894.5,447.25,0.0018505460084696568,0.0,99.99999655574648,0.0,0.005661092479832582
895.0,447.5,0.0018533949055002219,0.0,99.99999655634717,0.0,0.005659871348817861
895.5,447.75,0.0018562333639462665,0.0,99.99999827538862,0.0,0.0032385975664258122
896.0,448.0,0.001855179334002287,0.0,99.99999827526635,0.0,0.0032384568831267213
896.5,448.25,0.0018541192933356656,0.0,99.9999977071079,0.0,0.0039696829089377935
897.0,448.5,0.0018530604633816604,0.0,99.99999715453323,0.0,0.004417795772076899
897.5,448.75,0.0018519812705290377,0.0,99.99999667854735,0.0,0.005182253750885105
898.0,449.0,0.0018509033339541815,0.0,99.99999668033531,0.0,0.005179837671023696
898.5,449.25,0.0018498338252003986,0.0,99.99999817971997,0.0,0.0033706030192585295
899.0,449.5,0.0018487727172307943,0.0,99.99999795380714,0.0,0.0035998532394381703
899.5,449.75,0.001851593610065232,0.0,99.99999707895019,0.0,0.004657611261271822
900.0,450.0,0.0018544112921646285,0.0,99.99999707347523,0.0,0.0046630531836969495
900.5,450.25,0.0018572185830196054,0.0,99.99999794077584,0.0,0.003611848111647082
901.0,450.5,0.001860029853285795,0.0,99.99999728502387,0.0,0.004572477957225301
901.5,450.75,0.0018628379292353475,0.0,99.99999728631768,0.0,0.004571359032949545
902.0,451.0,0.0018656067857101472,0.0,99.99999711277731,0.0,0.004469333991866908
902.5,451.25,0.0018683579681221072,0.0,99.99999797305463,0.0,0.0038179560809333776
903.0,451.5,0.0018711131001064797,0.0,99.99999758976746,0.0,0.004119274127221278
903.5,451.75,0.001873864981473413,0.0,99.99999759156206,0.0,0.004117217302111214
904.0,452.0,0.0018766136179723324,0.0,99.99999759373831,0.0,0.004114629539247051
904.5,452.25,0.0018793590153391127,0.0,99.99999759637562,0.0,0.004111397383398091
905.0,452.5,0.0018820939353468018,0.0,99.99999872170275,0.0,0.002847094065586685
905.5,452.75,0.0018848111150004039,0.0,99.99999863182381,0.0,0.002907072090547615
906.0,453.0,0.0018875322917948087,0.0,99.9999987493896,0.0,0.0025996870404937145
906.5,453.25,0.0018902792772371186,0.0,99.99999803943105,0.0,0.00336399213268473
907.0,453.5,0.0018930230772184465,0.0,99.99999804692608,0.0,0.005013889845735242
907.5,453.75,0.0018957636972764707,0.0,99.9999980499731,0.0,0.0050161836245142515
908.0,454.0,0.0018984938615365145,0.0,99.99999821572762,0.0,0.0048261229460844325
908.5,454.25,0.0019012281320433602,0.0,99.99999755293956,0.0,0.006535030805964029
909.0,454.5,0.0019039665330953055,0.0,99.99999800018166,0.0,0.004609164621846329
909.5,454.75,0.001906709089029531,0.0,99.99999809873901,0.0,0.003926326151104104
910.0,455.0,0.0019094485175944775,0.0,99.99999735680649,0.0,0.004072551102750234
910.5,455.25,0.0019121848241363617,0.0,99.99999736012076,0.0,0.004069567314059119
911.0,455.5,0.0019149180139892215,0.0,99.99999736357026,0.0,0.004066429301119991
911.5,455.75,0.0019176480924749503,0.0,99.99999736710599,0.0,0.004063149794033571
912.0,456.0,0.0019203750649033323,0.0,99.99999737070253,0.0,0.0040597313980847115
912.5,456.25,0.0019269219615684,0.0,99.99999810702272,0.0,0.0034760672888304485
913.0,456.5,0.0019334614680578436,0.0,99.99999811014307,0.0,0.0034705368309774424
913.5,456.75,0.0019399935968777155,0.0,99.99999620755793,0.0,0.005221105392637149
914.0,457.0,0.0019465109457910035,0.0,99.99999623631334,0.0,0.005173468488688069
914.5,457.25,0.001953013465513894,0.0,99.99999829609888,0.0,0.0032987008345370865
915.0,457.5,0.001959501107213247,0.0,99.99999640647955,0.0,0.00527199185823455
915.5,457.75,0.001965981298460298,0.0,99.99999694651996,0.0,0.004498624106712592
916.0,458.0,0.0019724390596140254,0.0,99.99999796738292,0.0,0.004328942288152377
916.5,458.25,0.0019751060669940786,0.0,99.9999971276945,0.0,0.004345399844943149
917.0,458.5,0.0019777700168547,0.0,99.99999713260397,0.0,0.0043424287374897105
917.5,458.75,0.0019804534555498223,0.0,99.99999747314318,0.0,0.006626855529117294
918.0,459.0,0.0019793495447875233,0.0,99.99999738900341,0.0,0.0044153166540505445
918.5,459.25,0.0019782468639860536,0.0,99.99999738529006,0.0,0.004419619511149068
919.0,459.5,0.0019771454110909525,0.0,99.99999737945087,0.0,0.0044253629140015485
919.5,459.75,0.001976045184052331,0.0,99.99999737216724,0.0,0.004431734309865
920.0,460.0,0.0019749461808248616,0.0,99.99999736437093,0.0,0.0044377756187874064
920.5,460.25,0.0019738483993677635,0.0,99.99999735717245,0.0,0.00444247747327738
921.0,460.5,0.001972766748676319,0.0,99.99999754986017,0.0,0.004373942017013324
921.5,460.75,0.0019716862828047803,0.0,99.99999755010882,0.0,0.0043742818980456455
922.0,461.0,0.0019706069998074696,0.0,99.99999755043729,0.0,0.004374547143593122
922.5,461.25,0.0019695288977429654,0.0,99.9999979932452,0.0,0.00417244348918877
923.0,461.5,0.0019684445517074937,0.0,99.99999824407514,0.0,0.00443525160123274
923.5,461.75,0.001967353984268706,0.0,99.99999835470838,0.0,0.0035720707665497
924.0,462.0,0.0019662572180850465,0.0,99.99999758099308,0.0,0.004229261690592057
924.5,462.25,0.001965161674076807,0.0,99.99999758086192,0.0,0.004230118751556
925.0,462.5,0.0019640673502022386,0.0,99.99999714073351,0.0,0.006357135408044951
925.5,462.75,0.0019629742444241378,0.0,99.99999713365114,0.0,0.006359596306937917
926.0,463.0,0.0019618897282669976,0.0,99.99999749023206,0.0,0.0042296188742961096
926.5,463.25,0.00196080640980854,0.0,99.99999749330854,0.0,0.004226482955460456
927.0,463.5,0.0019597463592643067,0.0,99.99999645053519,0.0,0.005266375923376839
927.5,463.75,0.0019586874542691507,0.0,99.99999644940092,0.0,0.005267191926939461
928.0,464.0,0.0019576370345924213,0.0,99.99999738924403,0.0,0.004635775937741871
928.5,464.25,0.0019565877409657745,0.0,99.99999738919769,0.0,0.004635248797551362
929.0,464.5,0.0019555322456777866,0.0,99.99999654634883,0.0,0.005270962370653983
929.5,464.75,0.001954470570615546,0.0,99.99999707755843,0.0,0.004789741086566607
930.0,465.0,0.0019534027377575533,0.0,99.99999671943891,0.0,0.005383802375649774
930.5,465.25,0.0019523287691726539,0.0,99.99999689958247,0.0,0.00523740289655613
931.0,465.5,0.0019512632747580546,0.0,99.99999755171352,0.0,0.0044652433659960146
931.5,465.75,0.0019501989427082361,0.0,99.99999755096354,0.0,0.004464696808714214
932.0,466.0,0.001949135771122172,0.0,99.99999755013583,0.0,0.004464246415137605
932.5,466.25,0.0019480737581029793,0.0,99.99999754929799,0.0,0.004463824709529673
933.0,466.5,0.0019470129017579065,0.0,99.99999790808661,0.0,0.005700327851218795
933.5,466.75,0.0019459459459459458,0.0,99.99999839986187,0.0,0.004447598628552008
934.0,467.0,0.0019448801588691379,0.0,99.99999839192336,0.0,0.004468874867089216
934.5,467.25,0.0019438155386081982,0.0,99.99999838363264,0.0,0.004490788473471851
935.0,467.5,0.0019427520832480433,0.0,99.99999837459661,0.0,0.004514319755062422
935.5,467.75,0.0019416897908777777,0.0,99.99999752034019,0.0,0.005189191412357784
936.0,468.0,0.0019406430889684478,0.0,99.99999777137222,0.0,0.005547316002093766
936.5,468.25,0.0019395975149371302,0.0,99.99999778041213,0.0,0.005530437763033721
937.0,468.5,0.0019385530669617822,0.0,99.99999779027583,0.0,0.005512049647967906
937.5,468.75,0.0019375025517873647,0.0,99.999997887881,0.0,0.005808436031086773
938.0,469.0,0.001936445990963252,0.0,99.99999813534275,0.0,0.005348226028201421
938.5,469.25,0.0019353618793031214,0.0,99.99999650242574,0.0,0.006372271614039913
939.0,469.5,0.0019342718133612976,0.0,99.99999701233341,0.0,0.006532512154192679
939.5,469.75,0.0019331901340641435,0.0,99.99999735247877,0.0,0.006414139908541877
940.0,470.0,0.0019320953611204673,0.0,99.99999780273366,0.0,0.003906584703374326
940.5,470.25,0.0019346939077487634,0.0,99.99999833105558,0.0,0.0032973707041353893
941.0,470.5,0.0019372966577935523,0.0,99.99999836624521,0.0,0.0031351636753295
941.5,470.75,0.0019398892969841187,0.0,99.99999645925782,0.0,0.004468421781290372
942.0,471.0,0.0019424861607093397,0.0,99.99999831786963,0.0,0.0030535101215017693
942.5,471.25,0.0019450872705664374,0.0,99.99999863026383,0.0,0.003116927530282256
943.0,471.5,0.001947707017647406,0.0,99.99999621640889,0.0,0.006527662204405376
943.5,471.75,0.001950331076995679,0.0,99.99999593920452,0.0,0.006974141641451335
944.0,472.0,0.0019529522742681956,0.0,99.9999959356177,0.0,0.006975758220163404
944.5,472.25,0.001955577816160954,0.0,99.99999588709446,0.0,0.006889848528444044
945.0,472.5,0.0019581933090154187,0.0,99.99999726768344,0.0,0.006123514581519569
945.5,472.75,0.0019607987403799463,0.0,99.99999694386665,0.0,0.006026750371882206
946.0,473.0,0.0019634013170231304,0.0,99.99999694077793,0.0,0.00603333260158985
946.5,473.25,0.001966001043634199,0.0,99.99999693787822,0.0,0.006040061195756021
947.0,473.5,0.0019685906947362235,0.0,99.99999701073166,0.0,0.00592701973330317
947.5,473.75,0.0019711774940717845,0.0,99.99999701313489,0.0,0.005927207988801003
948.0,474.0,0.001973761446348908,0.0,99.99999701583599,0.0,0.005927089008858501
948.5,474.25,0.001976335309668643,0.0,99.99999680543178,0.0,0.0060863453590408205
949.0,474.5,0.001978906324438027,0.0,99.99999680744051,0.0,0.006086973476263642
949.5,474.75,0.0019814744953832743,0.0,99.99999680952476,0.0,0.006087498839415902
950.0,475.0,0.0019840543528395404,0.0,99.99999795333517,0.0,0.0034639836217172652
950.5,475.25,0.001986638665915427,0.0,99.99999789411336,0.0,0.0035959308832996108
951.0,475.5,0.0019892347296981043,0.0,99.99999813368422,0.0,0.004160374230748419
951.5,475.75,0.001991828023010182,0.0,99.99999814477589,0.0,0.00414710260908667
952.0,476.0,0.0019944185502841862,0.0,99.99999815178285,0.0,0.004139458491007495
952.5,476.25,0.0019969990252308232,0.0,99.99999792427276,0.0,0.004634490051505386
953.0,476.5,0.0019995767319326567,0.0,99.99999790109206,0.0,0.004667886003719261
953.5,476.75,0.002002158976528424,0.0,99.99999723953887,0.0,0.004462477061646905
954.0,477.0,0.0020047311655506995,0.0,99.99999797850198,0.0,0.004259784756841293
954.5,477.25,0.0020073005996400703,0.0,99.99999797344982,0.0,0.004259217726731319
955.0,477.5,0.0020098599651915557,0.0,99.99999710331068,0.0,0.004993517399443737
955.5,477.75,0.0020124238972608474,0.0,99.99999627574768,0.0,0.005865117770761816
956.0,478.0,0.0020149850876554883,0.0,99.99999627062793,0.0,0.005866755848307821
956.5,478.25,0.002017543540770738,0.0,99.99999626563894,0.0,0.005868472362136927
957.0,478.5,0.0020200992609924646,0.0,99.99999626088051,0.0,0.005870244374802214
957.5,478.75,0.0020226522526971724,0.0,99.99999625638584,0.0,0.005872069185730024
958.0,479.0,0.0020252098705390033,0.0,99.99999633843913,0.0,0.006010018324430545
958.5,479.25,0.0020277647792856027,0.0,99.99999634660853,0.0,0.006002286583727969
959.0,479.5,0.002030309622217388,0.0,99.99999694422401,0.0,0.0054150839952552075
959.5,479.75,0.002032851754014067,0.0,99.9999969444503,0.0,0.00541323865220339
960.0,480.0,0.002035391179005773,0.0,99.99999694408504,0.0,0.005411864285253968
960.5,480.25,0.0020379352783609643,0.0,99.99999810708069,0.0,0.004596186547939104
961.0,480.5,0.002040476690086322,0.0,99.9999983984476,0.0,0.0037178234341985637
961.5,480.75,0.0020430154184384853,0.0,99.99999839441199,0.0,0.003725199763028931
962.0,481.0,0.0020455366823274304,0.0,99.9999970424615,0.0,0.005430294767210629
962.5,481.25,0.0020444431601456393,0.0,99.99999705246378,0.0,0.005420675742116022
963.0,481.5,0.002043343429712235,0.0,99.99999761576035,0.0,0.004105253261178691
963.5,481.75,0.0020422743575495596,0.0,99.99999763283304,0.0,0.00416032127979254
964.0,482.0,0.002041206403473657,0.0,99.99999763303809,0.0,0.004160343149865453
964.5,482.25,0.0020401395657314225,0.0,99.9999976334227,0.0,0.004160218958346632
965.0,482.5,0.0020390738425734123,0.0,99.9999967256745,0.0,0.004878991673331685
965.5,482.75,0.0020380018939734914,0.0,99.99999774002033,0.0,0.004042399396541622
966.0,483.0,0.0020369017500800725,0.0,99.99999873335497,0.0,0.0031258974808613025
966.5,483.25,0.002035810115746236,0.0,99.9999977252314,0.0,0.004669601662960103
967.0,483.5,0.0020347196508622395,0.0,99.99999772311422,0.0,0.004672675948817926
967.5,483.75,0.0020372233400402415,0.0,99.9999982089031,0.0,0.005381800704544517
968.0,484.0,0.0020397316747346192,0.0,99.99999805432091,0.0,0.004789104180974732
968.5,484.25,0.002042237344588968,0.0,99.99999805273218,0.0,0.004792142796300785
969.0,484.5,0.002044740353847699,0.0,99.9999982779443,0.0,0.0054151293370306355
969.5,484.75,0.002047233366677064,0.0,99.99999769676158,0.0,0.005797635840617828
970.0,485.0,0.0020497237173101317,0.0,99.99999796998263,0.0,0.004144457098989901
970.5,485.25,0.002052211410008918,0.0,99.99999796731628,0.0,0.004147966129299285
971.0,485.5,0.0020546890940396118,0.0,99.9999978983089,0.0,0.004198503241601564
971.5,485.75,0.0020571641187645566,0.0,99.99999790246196,0.0,0.0041939058501767705
972.0,486.0,0.0020596364884628176,0.0,99.99999790820678,0.0,0.004187440457069883
972.5,486.25,0.0020621135770701546,0.0,99.99999784053493,0.0,0.004496014392917692
973.0,486.5,0.0020645880289613837,0.0,99.99999788250757,0.0,0.00444359977681072
973.5,486.75,0.00206705984834421,0.0,99.99999819923674,0.0,0.004054691114414337
974.0,487.0,0.0020695364238410598,0.0,99.99999887155681,0.0,0.004057627510413649
974.5,487.25,0.002072002995666982,0.0,99.9999984602418,0.0,0.0050577866793039715
975.0,487.5,0.0020744743417464794,0.0,99.9999974753006,0.0,0.005186415052679276
975.5,487.75,0.0020769356826812776,0.0,99.99999832228536,0.0,0.004146055771298058
976.0,488.0,0.0020794018159159696,0.0,99.99999775167178,0.0,0.005802098122904159
976.5,488.25,0.002081872760207404,0.0,99.99999863343983,0.0,0.003644700136904273
977.0,488.5,0.002084348534375745,0.0,99.99999828992775,0.0,0.00435728333328819
977.5,488.75,0.002086821738496706,0.0,99.99999829588613,0.0,0.004344216236651932
978.0,489.0,0.0020892998003084204,0.0,99.99999765017515,0.0,0.005719852606936953
978.5,489.25,0.00209177530994854,0.0,99.99999765510466,0.0,0.005712932287582364
979.0,489.5,0.002094248271357783,0.0,99.9999976599932,0.0,0.0057061131445766975
979.5,489.75,0.002096718688468757,0.0,99.99999720509818,0.0,0.00587440907297971
980.0,490.0,0.002099216339846105,0.0,99.99999584554202,0.0,0.006439405046382341
980.5,490.25,0.002101704046046103,0.0,99.99999728120808,0.0,0.005517563486150973
981.0,490.5,0.002104189249505834,0.0,99.99999732188822,0.0,0.00547577803999657
981.5,490.75,0.0021066719540001983,0.0,99.99999741589272,0.0,0.00537944243517542
982.0,491.0,0.0021091521632965056,0.0,99.99999752769754,0.0,0.005266514971656848
982.5,491.25,0.002111644819219151,0.0,99.99999728128147,0.0,0.005182672756408081
983.0,491.5,0.002114127533506093,0.0,99.99999704737034,0.0,0.0054233931699061485
983.5,491.75,0.00211660777385159,0.0,99.99999703642635,0.0,0.005433937914214923
984.0,492.0,0.002115553734711681,0.0,99.99999748837733,0.0,0.004613426725895706
984.5,492.25,0.002114493280571019,0.0,99.99999785408332,0.0,0.0043983724342438885
985.0,492.5,0.0021134338890359,0.0,99.99999753685714,0.0,0.004662498229496949
985.5,492.75,0.0021123681092365854,0.0,99.9999978733572,0.0,0.004168269315197981
986.0,493.0,0.002111303403815855,0.0,99.99999793255844,0.0,0.004127992359149977
986.5,493.25,0.002110247205419707,0.0,99.99999576714438,0.0,0.005825732721954882
987.0,493.5,0.00210919206324055,0.0,99.99999575700144,0.0,0.005830034742625717
987.5,493.75,0.002108137975694823,0.0,99.99999574829715,0.0,0.005833505161630306
988.0,494.0,0.002110610036654261,0.0,99.99999762940274,0.0,0.0037530609994139005
988.5,494.25,0.002113072217143661,0.0,99.99999793294701,0.0,0.0036982556811976396
989.0,494.5,0.0021155319403152917,0.0,99.99999789998489,0.0,0.0037214324006552323
989.5,494.75,0.0021179668922787285,0.0,99.99999802638683,0.0,0.004467971696993544
990.0,495.0,0.0021203919214472025,0.0,99.99999612227478,0.0,0.006438149774062811
990.5,495.25,0.0021228144660156703,0.0,99.99999612382243,0.0,0.006434726151951377
991.0,495.5,0.0021252345298006276,0.0,99.99999612546789,0.0,0.006431258986783416
991.5,495.75,0.0021276521166107587,0.0,99.99999612711085,0.0,0.006427819314673807
992.0,496.0,0.0021300672302469546,0.0,99.99999612863643,0.0,0.006424488288190093
992.5,496.25,0.002132479874502334,0.0,99.9999961299233,0.0,0.006421346512827649
993.0,496.5,0.0021348825814580196,0.0,99.99999673574128,0.0,0.005986177633456585
993.5,496.75,0.0021372902936937694,0.0,99.99999678271236,0.0,0.00581245571891506
994.0,497.0,0.002139695547894917,0.0,99.99999679008866,0.0,0.005805176762264135
994.5,497.25,0.0021386263169849563,0.0,99.9999966747606,0.0,0.005022293705042705
995.0,497.5,0.0021375506882424233,0.0,99.99999717061489,0.0,0.00515287924533299
995.5,497.75,0.002136483599346487,0.0,99.99999762724066,0.0,0.004740455060406287
996.0,498.0,0.002135425026343887,0.0,99.99999610423274,0.0,0.0054509942286044746
996.5,498.25,0.0021343600581717743,0.0,99.9999972222262,0.0,0.005048592059574673
997.0,498.5,0.0021332961517010595,0.0,99.99999722334955,0.0,0.005049266650315236
997.5,498.75,0.002132240734159751,0.0,99.99999687666079,0.0,0.005943968770825167
998.0,499.0,0.0021311789389375445,0.0,99.99999641857879,0.0,0.006336828102811722
998.5,499.25,0.0021301182006766258,0.0,99.99999641998352,0.0,0.006336250334088176
999.0,499.5,0.0021290585177995555,0.0,99.99999642198797,0.0,0.006335128643709683
999.5,499.75,0.0021280146874739212,0.0,99.9999959913398,0.0,0.006436675084935785
1000.0,500.0,0.0021269792723784633,0.0,99.9999970213661,0.0,0.005116025253985875
1000.5,500.25,0.0021259374793745852,0.0,99.99999686588079,0.0,0.006097813997852236
1001.0,500.5,0.002124889328680798,0.0,99.99999713049947,0.0,0.005621857837312057
1001.5,500.75,0.0021238053594852895,0.0,99.99999797753519,0.0,0.003982416508426227
1002.0,501.0,0.0021227224956557027,0.0,99.9999979793772,0.0,0.00398054235259853
1002.5,501.25,0.0021216407355021216,0.0,99.99999798103428,0.0,0.003978838325726976
1003.0,501.5,0.0021205380345522963,0.0,99.99999674918561,0.0,0.005324524912846695
1003.5,501.75,0.002119451159118142,0.0,99.99999722092566,0.0,0.004224045091292155
1004.0,502.0,0.0021183653972627397,0.0,99.99999721926216,0.0,0.004225740660540775
1004.5,502.25,0.0021172880722645643,0.0,99.99999693386054,0.0,0.0043400645872867715
1005.0,502.5,0.0021162191600822976,0.0,99.99999787294472,0.0,0.003722715645580231
1005.5,502.75,0.0021151440164234713,0.0,99.99999848628038,0.0,0.003103917184618829
1006.0,503.0,0.0021140699646618696,0.0,99.99999848504278,0.0,0.003105603048837593
1006.5,503.25,0.0021129970031349694,0.0,99.9999984838224,0.0,0.003107292110822192
1007.0,503.5,0.0021119105543765206,0.0,99.99999801377022,0.0,0.004509859127877112
1007.5,503.75,0.0021108106616632635,0.0,99.99999778069126,0.0,0.004833119060325971
1008.0,504.0,0.0021097119140120035,0.0,99.99999777843347,0.0,0.004835162239599636
1008.5,504.25,0.0021086215747819887,0.0,99.99999814068097,0.0,0.0038534782097099174
1009.0,504.5,0.0021075323619859014,0.0,99.9999981384412,0.0,0.003855693014557857
1009.5,504.75,0.002106451524079632,0.0,99.99999659658069,0.0,0.005739102106867973
1010.0,505.0,0.0021053645514403857,0.0,99.99999750336222,0.0,0.004692494390645412
1010.5,505.25,0.002104271464772364,0.0,99.99999737734272,0.0,0.0052835394738706
1011.0,505.5,0.002103179512557219,0.0,99.99999737662179,0.0,0.005284065043762109
1011.5,505.75,0.00210208869302979,0.0,99.99999737602002,0.0,0.0052845249634468705
1012.0,506.0,0.0021009917917134413,0.0,99.99999814043927,0.0,0.004880874848657606
1012.5,506.25,0.0020998960345590735,0.0,99.99999814143762,0.0,0.004879748972931186
1013.0,506.5,0.002098801419777431,0.0,99.9999981425017,0.0,0.00487855203775616
1013.5,506.75,0.002097707945582988,0.0,99.99999814361223,0.0,0.004877315906124542
1014.0,507.0,0.002096622792893408,0.0,99.99999902949467,0.0,0.002496750820962734
1014.5,507.25,0.0020955459376540845,0.0,99.99999869849256,0.0,0.0034464957704500475
1015.0,507.5,0.0020944701880231897,0.0,99.99999869784789,0.0,0.003447444162544445
1015.5,507.75,0.002093395542298904,0.0,99.99999869732599,0.0,0.00344822574623025
1016.0,508.0,0.002092314845520839,0.0,99.99999874483304,0.0,0.0033705071405421
1016.5,508.25,0.0020912352639671965,0.0,99.999998744173,0.0,0.003371762655429616
1017.0,508.5,0.0020901639344262295,0.0,99.99999891848985,0.0,0.002891516336523466
1017.5,508.75,0.0020890865707917025,0.0,99.99999840927683,0.0,0.0034864089374790855
1018.0,509.0,0.0020880031934166488,0.0,99.99999866947581,0.0,0.0038360386512494367
1018.5,509.25,0.0020869209391144224,0.0,99.99999877016224,0.0,0.0037015182489483355
1019.0,509.5,0.0020858398061395947,0.0,99.99999877100504,0.0,0.003700779337271768
1019.5,509.75,0.00208475979275035,0.0,99.99999877190633,0.0,0.0036999727337024588
1020.0,510.0,0.002083687991556297,0.0,99.99999918086714,0.0,0.0025327584516997787
1020.5,510.25,0.002082603117779373,0.0,99.9999982455451,0.0,0.0048941820887149
1021.0,510.5,0.002081512293506838,0.0,99.99999767901762,0.0,0.005343264619775784
1021.5,510.75,0.002080422611338303,0.0,99.99999827752653,0.0,0.004533034454232867
1022.0,511.0,0.002079348199087397,0.0,99.99999797171675,0.0,0.004806292261534315
1022.5,511.25,0.002078289011216648,0.0,99.99999841350727,0.0,0.004120351555061197
1023.0,511.5,0.0020772379523592943,0.0,99.99999868418432,0.0,0.003690890635722196
1023.5,511.75,0.0020761949994911287,0.0,99.99999826858847,0.0,0.005222014102219262
1024.0,512.0,0.0020751601297992316,0.0,99.99999812863207,0.0,0.0046370262914993
1024.5,512.25,0.0020741333206806684,0.0,99.99999841668298,0.0,0.005044045389758178
1025.0,512.5,0.002073114549741199,0.0,99.99999787078923,0.0,0.004559789972498101
1025.5,512.75,0.00207548255815922,0.0,99.99999787308789,0.0,0.004556829644855162
1026.0,513.0,0.0020778552743344262,0.0,99.99999760844781,0.0,0.00454918356017855
1026.5,513.25,0.0020802116065660272,0.0,99.99999818092832,0.0,0.004018670598621803
1027.0,513.5,0.0020825656126495576,0.0,99.99999817997306,0.0,0.0040203669336516925
1027.5,513.75,0.0020849032057498724,0.0,99.99999834749254,0.0,0.004261815653448906
1028.0,514.0,0.0020872314124950183,0.0,99.99999902384073,0.0,0.0036368557844607794
1028.5,514.25,0.0020895431698268615,0.0,99.99999834473805,0.0,0.004269540056486031
1029.0,514.5,0.002091845513834859,0.0,99.99999884757678,0.0,0.003750838285177745
1029.5,514.75,0.00209414549758718,0.0,99.99999897189625,0.0,0.0032288947501712493
1030.0,515.0,0.002096443124711402,0.0,99.99999897257919,0.0,0.0032284276208605655
1030.5,515.25,0.002098731328702425,0.0,99.99999889484768,0.0,0.0033351326520627005
1031.0,515.5,0.0021010242493215443,0.0,99.99999869743566,0.0,0.004118292690271588
1031.5,515.75,0.0021033219024799007,0.0,99.99999895894256,0.0,0.0027404933166770384
1032.0,516.0,0.002105603056824374,0.0,99.99999831954237,0.0,0.0045911064945931505
1032.5,516.25,0.0021078889508966093,0.0,99.99999722310399,0.0,0.004954454187501289
1033.0,516.5,0.0021101796004771426,0.0,99.99999720590938,0.0,0.005028588908315308
1033.5,516.75,0.0021124679267588227,0.0,99.99999719686681,0.0,0.005039808681910287
1034.0,517.0,0.0021147397359596387,0.0,99.9999983508083,0.0,0.0037012609938343816
1034.5,517.25,0.0021170163154522062,0.0,99.99999729453556,0.0,0.005194855189703767
1035.0,517.5,0.0021192905741869066,0.0,99.99999729307919,0.0,0.005196888868278981
1035.5,517.75,0.002121562515710623,0.0,99.99999729200225,0.0,0.005198476412068532
1036.0,518.0,0.0021238392581972155,0.0,99.99999865612966,0.0,0.0033774302348310394
1036.5,518.25,0.00212610657988134,0.0,99.99999819255763,0.0,0.004542761255703645
1037.0,518.5,0.0021283787175514273,0.0,99.9999984189066,0.0,0.0043036641447404085
1037.5,518.75,0.002130634306891615,0.0,99.99999905811795,0.0,0.0034516793855409638
1038.0,519.0,0.0021328947192468676,0.0,99.99999899018793,0.0,0.0034455275458136676
1038.5,519.25,0.0021351599699273244,0.0,99.99999790385378,0.0,0.004453813621701457
1039.0,519.5,0.0021374229358839913,0.0,99.9999979065748,0.0,0.004451105191854151
1039.5,519.75,0.002139690762944962,0.0,99.99999794132493,0.0,0.00412187704192971
1040.0,520.0,0.0021419563201056967,0.0,99.99999770523172,0.0,0.004622905902595368
1040.5,520.25,0.0021442124604421145,0.0,99.99999766442455,0.0,0.0045311631453639496
1041.0,520.5,0.002146459175613024,0.0,99.99999744712409,0.0,0.004726358764391206
1041.5,520.75,0.002148725089780064,0.0,99.99999812331018,0.0,0.004669471483251807
1042.0,521.0,0.0021509887555897405,0.0,99.9999981250065,0.0,0.00466773909583426
1042.5,521.25,0.0021532501763867995,0.0,99.99999812656989,0.0,0.0046660997143255925
1043.0,521.5,0.0021521757931782346,0.0,99.9999980416679,0.0,0.0051281658770506115
1043.5,521.75,0.0021510881779917414,0.0,99.99999779282757,0.0,0.0056219731343694545
1044.0,522.0,0.0021500016615159673,0.0,99.9999978372298,0.0,0.005565244785696575
1044.5,522.25,0.0021489162420868734,0.0,99.99999812800141,0.0,0.005169844116625177
1045.0,522.5,0.0021478390481786524,0.0,99.99999830926802,0.0,0.005405673217782688
1045.5,522.75,0.0021467700567052556,0.0,99.99999853663248,0.0,0.0040578314891267005
1046.0,523.0,0.0021456950128343737,0.0,99.99999831650868,0.0,0.005393248096673003
1046.5,523.25,0.002144613936344411,0.0,99.9999979862351,0.0,0.0059332859751529705
1047.0,523.5,0.002143541050301984,0.0,99.99999806034425,0.0,0.005779010479344015
1047.5,523.75,0.0021424692371882327,0.0,99.99999806457377,0.0,0.005772768714599808
1048.0,524.0,0.0021413984953945037,0.0,99.99999806761723,0.0,0.0057683055913163766
1048.5,524.25,0.0021403288233153594,0.0,99.9999980689747,0.0,0.005766459097020043
1049.0,524.5,0.002139260219348567,0.0,99.99999806859061,0.0,0.00576734430887915
1049.5,524.75,0.002138185615661962,0.0,99.99999795440434,0.0,0.005989513327320704
1050.0,525.0,0.0021371191501730834,0.0,99.99999826675172,0.0,0.0052110245203847464
1050.5,525.25,0.0021360608001479067,0.0,99.9999982723724,0.0,0.005204063826346718
1051.0,525.5,0.0021350034978418974,0.0,99.99999826737275,0.0,0.005210672147223553
1051.5,525.75,0.0021339542799470963,0.0,99.99999750097449,0.0,0.006050034837333516
1052.0,526.0,0.002132899061458481,0.0,99.99999822197978,0.0,0.004463285619522882
1052.5,526.25,0.0021318448860435,0.0,99.99999822284148,0.0,0.004462835462608128
1053.0,526.5,0.002130791752156315,0.0,99.99999822366912,0.0,0.0044624295992290305
1053.5,526.75,0.0021297396582541403,0.0,99.99999822448606,0.0,0.004462041055014416
1054.0,527.0,0.002128688602797235,0.0,99.99999730935436,0.0,0.005964247138956522
1054.5,527.25,0.0021276455809426096,0.0,99.99999738471705,0.0,0.005854950070455576
1055.0,527.5,0.0021266035807139733,0.0,99.99999802295733,0.0,0.004444042056270982
1055.5,527.75,0.0021255556176102445,0.0,99.9999972317266,0.0,0.004900718725382599
1056.0,528.0,0.002124501710765674,0.0,99.99999734431125,0.0,0.004740933693373142
1056.5,528.25,0.0021234488485130936,0.0,99.99999734507493,0.0,0.004740377791145087
1057.0,528.5,0.002122397029300232,0.0,99.99999800595305,0.0,0.004027485587075646
1057.5,528.75,0.0021213532069483333,0.0,99.99999873149325,0.0,0.0031467128664290716
1058.0,529.0,0.0021203104108224314,0.0,99.99999712333198,0.0,0.004673922821530287
1058.5,529.25,0.00211926863940988,0.0,99.9999972186536,0.0,0.004600125016784
1059.0,529.5,0.0021182278912010057,0.0,99.9999972834869,0.0,0.004551319521956214
1059.5,529.75,0.0021171743085642483,0.0,99.99999798505115,0.0,0.004085695725394478
1060.0,530.0,0.0021161286946396857,0.0,99.99999743756402,0.0,0.004771579329504534
1060.5,530.25,0.0021150771986832256,0.0,99.99999747492832,0.0,0.004554365944858746
1061.0,530.5,0.0021140336546315963,0.0,99.99999699012716,0.0,0.00459177174423976
1061.5,530.75,0.002112991139806859,0.0,99.99999699140776,0.0,0.004590911229958498
1062.0,531.0,0.00211195654657566,0.0,99.999998425878,0.0,0.0034749867883987085
1062.5,531.25,0.0021109298531810767,0.0,99.9999978304676,0.0,0.004652975601152149
1063.0,531.5,0.0021098972770259255,0.0,99.99999816120764,0.0,0.004316866698985223
1063.5,531.75,0.002108872584330457,0.0,99.99999672924535,0.0,0.0060404133710075265
1064.0,532.0,0.002107848886456338,0.0,99.99999669081838,0.0,0.00607827930883221
1064.5,532.25,0.0021068330424362414,0.0,99.99999710757889,0.0,0.005199320829357901
1065.0,532.5,0.0021058044693828396,0.0,99.9999980500169,0.0,0.00440085591952575
1065.5,532.75,0.002104770053058423,0.0,99.99999744300263,0.0,0.004973925740162744
1066.0,533.0,0.0021037434928645052,0.0,99.99999725897567,0.0,0.004593937770019151
1066.5,533.25,0.0021027179335515135,0.0,99.99999726963524,0.0,0.004585347033659836
1067.0,533.5,0.0021017002007497256,0.0,99.99999793355366,0.0,0.003912658315374398
1067.5,533.75,0.0021006834526534524,0.0,99.99999794372401,0.0,0.0039028787819195073
1068.0,534.0,0.0020996608739392167,0.0,99.99999861497328,0.0,0.003557688783175443
1068.5,534.25,0.002098639290290144,0.0,99.99999861443683,0.0,0.0035593267762086735
1069.0,534.5,0.0020976187002545023,0.0,99.99999861399456,0.0,0.003560885605960337
1069.5,534.75,0.002096599102383383,0.0,99.999998613605,0.0,0.0035624406442414584
1070.0,535.0,0.0020955872826678413,0.0,99.99999800553387,0.0,0.004713996643123181
1070.5,535.25,0.0020945628773531458,0.0,99.99999785383558,0.0,0.005118565281051256
1071.0,535.5,0.0020935394730881487,0.0,99.99999784899599,0.0,0.00512453698538921
1071.5,535.75,0.0020925170684062263,0.0,99.99999784331098,0.0,0.005131577878871499
1072.0,536.0,0.002091488900885408,0.0,99.9999984096171,0.0,0.00419905466465358
1072.5,536.25,0.0020904617432576955,0.0,99.99999840390333,0.0,0.004207559281296535
1073.0,536.5,0.002089435594035905,0.0,99.99999839722206,0.0,0.0042175563886489515
1073.5,536.75,0.0020884037107092826,0.0,99.99999829015105,0.0,0.003921365356616951
1074.0,537.0,0.002087379580459288,0.0,99.99999791603081,0.0,0.004945409479883112
1074.5,537.25,0.0020863564541614265,0.0,99.99999792406786,0.0,0.004933405394739725
1075.0,537.5,0.002085327609157392,0.0,99.99999834916858,0.0,0.003853318752680684
1075.5,537.75,0.00208429977836194,0.0,99.99999835087841,0.0,0.003848375403526764
1076.0,538.0,0.0020832796682208085,0.0,99.99999903724613,0.0,0.0023736844607107443
1076.5,538.25,0.0020822806605367587,0.0,99.99999733063208,0.0,0.0052050902855600096
1077.0,538.5,0.002081282610513855,0.0,99.99999733334026,0.0,0.0051999387822552635
1077.5,538.75,0.002080285516775718,0.0,99.99999733579678,0.0,0.005195076542045013
1078.0,539.0,0.0020792960602642346,0.0,99.99999763282266,0.0,0.0044777258820463866
1078.5,539.25,0.0020783075445454866,0.0,99.99999763126586,0.0,0.004478784514383337
1079.0,539.5,0.002077313298657934,0.0,99.99999841348485,0.0,0.0037332932706771104
1079.5,539.75,0.0020763200035942477,0.0,99.99999841806364,0.0,0.003724497173592151
1080.0,540.0,0.002075314344367462,0.0,99.99999745125449,0.0,0.004849211207666854
1080.5,540.25,0.0020743030085408707,0.0,99.99999747578899,0.0,0.004666575291781342
1081.0,540.5,0.0020732926579163247,0.0,99.99999747631867,0.0,0.004667674640762324
1081.5,540.75,0.002072276653737625,0.0,99.99999834170168,0.0,0.0038150007002966295
1082.0,541.0,0.0020712616448442553,0.0,99.99999834149453,0.0,0.003813054552650573
1082.5,541.25,0.0020702476297744486,0.0,99.99999833367012,0.0,0.003590844212501189
1083.0,541.5,0.0020692279892668792,0.0,99.99999843591249,0.0,0.0045995399694964065
1083.5,541.75,0.0020682093526536694,0.0,99.99999794677782,0.0,0.004946835374812511
1084.0,542.0,0.0020671851137111564,0.0,99.99999826784345,0.0,0.00453807184404795
1084.5,542.25,0.0020661684869387495,0.0,99.99999854129338,0.0,0.0030230387011823804
1085.0,542.5,0.0020651594513761877,0.0,99.99999831442634,0.0,0.0038191882104942542
1085.5,542.75,0.0020641514008792584,0.0,99.99999831825288,0.0,0.0038160922077632763
1086.0,543.0,0.002063144334006167,0.0,99.9999983227712,0.0,0.0038118663421567124
1086.5,543.25,0.0020621513944223107,0.0,99.99999747701519,0.0,0.005484888315711364
1087.0,543.5,0.002061159410132494,0.0,99.99999748381747,0.0,0.005476086533313679
1087.5,543.75,0.0020601618198202213,0.0,99.99999709988026,0.0,0.005353112304093365
1088.0,544.0,0.002059171748290919,0.0,99.99999717081933,0.0,0.0051235135803613255
1088.5,544.25,0.00205817608062197,0.0,99.9999980701891,0.0,0.004328855707727594
1089.0,544.5,0.002057181375354522,0.0,99.99999808626393,0.0,0.004307537948455688
1089.5,544.75,0.0020561941657476824,0.0,99.99999836245792,0.0,0.004034307952521344
1090.0,545.0,0.002055207903179696,0.0,99.9999983673537,0.0,0.004029349812988097
1090.5,545.25,0.00205419649802359,0.0,99.99999764073742,0.0,0.0053414794907636655
1091.0,545.5,0.002053186087839553,0.0,99.9999976487813,0.0,0.005328100825019858
1091.5,545.75,0.0020521701620167727,0.0,99.99999781986727,0.0,0.0047033511478853695
1092.0,546.0,0.002051161743772806,0.0,99.99999748069013,0.0,0.0039673734981536726
1092.5,546.25,0.002050147819777114,0.0,99.99999877640957,0.0,0.0025217360622663554
1093.0,546.5,0.002049134897685776,0.0,99.9999987760936,0.0,0.0025220202772799493
1093.5,546.75,0.002048116492560937,0.0,99.99999752531323,0.0,0.0041847643250462925
1094.0,547.0,0.0020471055762269976,0.0,99.9999980730236,0.0,0.003613369251453566
1094.5,547.25,0.002046102128009462,0.0,99.99999722432815,0.0,0.004193478419773875
1095.0,547.5,0.0020450996630484945,0.0,99.99999722472165,0.0,0.004193093052680696
1095.5,547.75,0.002044091721902427,0.0,99.99999806492445,0.0,0.0034482209136145812
1096.0,548.0,0.002043078322212714,0.0,99.99999880433043,0.0,0.003072286793882252
1096.5,548.25,0.0020420594816893227,0.0,99.99999888025584,0.0,0.003039795831714782
1097.0,548.5,0.0020410480955475496,0.0,99.99999869735406,0.0,0.003335422299460658
1097.5,548.75,0.0020400570080845535,0.0,99.99999918012705,0.0,0.0021134042793980908
1098.0,549.0,0.0020390604564091736,0.0,99.99999810102425,0.0,0.0037566456298267943
1098.5,549.25,0.0020380648778736085,0.0,99.99999809570456,0.0,0.0037652111152674467
1099.0,549.5,0.002037063857386639,0.0,99.99999764583592,0.0,0.0042553367542920405
1099.5,549.75,0.00203606381974384,0.0,99.99999764611576,0.0,0.004256379435745256
1100.0,550.0,0.0020350647634984243,0.0,99.99999764636954,0.0,0.004257441696631195
1100.5,550.25,0.0020340602924393946,0.0,99.99999906100908,0.0,0.004140048114922818
1101.0,550.5,0.0020330376473323844,0.0,99.99999877665951,0.0,0.0038047605977525522
1101.5,550.75,0.0020320224119195233,0.0,99.9999973372076,0.0,0.005333747927669258
1102.0,551.0,0.002031001814403476,0.0,99.99999879585279,0.0,0.003097854851425075
1102.5,551.25,0.0020299886107285055,0.0,99.99999743128194,0.0,0.004670270538624784
1103.0,551.5,0.0020289700546598888,0.0,99.99999783845685,0.0,0.004337688640977563
1103.5,551.75,0.0020279525202090013,0.0,99.99999791655013,0.0,0.004233825505485289
1104.0,552.0,0.0020269423558897243,0.0,99.99999742988183,0.0,0.0049617114203727225
1104.5,552.25,0.0020259395412045417,0.0,99.99999836285389,0.0,0.0032191388579097552
1105.0,552.5,0.002024937718298927,0.0,99.99999836613107,0.0,0.0032150414310545246
1105.5,552.75,0.0020270523905454273,0.0,99.99999760044484,0.0,0.004746917143757014
1106.0,553.0,0.0020291712914471526,0.0,99.99999775152291,0.0,0.004476122854799516
1106.5,553.25,0.002031294434565756,0.0,99.99999816162801,0.0,0.004303434955773001
1107.0,553.5,0.0020334281850013587,0.0,99.99999792003818,0.0,0.004791787253390564
1107.5,553.75,0.0020355598570112863,0.0,99.99999791489272,0.0,0.004795638272571896
1108.0,554.0,0.002037702170948546,0.0,99.9999975935914,0.0,0.004686685126405602
1108.5,554.25,0.0020398360645511424,0.0,99.999997555914,0.0,0.004306875628103292
1109.0,554.5,0.0020419742617717477,0.0,99.9999984748028,0.0,0.003367867313812777
1109.5,554.75,0.0020441167764029154,0.0,99.99999860891748,0.0,0.003391810966211404
1110.0,555.0,0.002046263622291504,0.0,99.99999860883852,0.0,0.0031256880266918086
1110.5,555.25,0.0020484084364541986,0.0,99.99999857787284,0.0,0.003255826340631494
1111.0,555.5,0.0020505512217738045,0.0,99.99999808559902,0.0,0.0042942982323862676
1111.5,555.75,0.0020526919811276745,0.0,99.99999808965775,0.0,0.004285814420047268
1112.0,556.0,0.002054805166544912,0.0,99.99999845667674,0.0,0.004230312551298175
1112.5,556.25,0.0020569354768548154,0.0,99.99999915400942,0.0,0.002297564136169383
1113.0,556.5,0.002059070157458306,0.0,99.99999899397586,0.0,0.002514475486767883
1113.5,556.75,0.002061190026820304,0.0,99.99999919012657,0.0,0.002437463004839761
1114.0,557.0,0.002063307870356006,0.0,99.99999918805548,0.0,0.0024430842992499025
1114.5,557.25,0.0020654300963557255,0.0,99.99999902030736,0.0,0.002677720349752393
1115.0,557.5,0.0020675118564210658,0.0,99.99999865713826,0.0,0.003462760568523251
1115.5,557.75,0.002069597977494671,0.0,99.99999849346565,0.0,0.003745997142226001
1116.0,558.0,0.002071682057189573,0.0,99.99999849293205,0.0,0.0037466497718576927
1116.5,558.25,0.0020737640985006994,0.0,99.99999849182426,0.0,0.0037478714296293476
1117.0,558.5,0.002075850526387432,0.0,99.99999835336051,0.0,0.00383242136204559
1117.5,558.75,0.002077934928478222,0.0,99.99999835115834,0.0,0.003834235964941923
1118.0,559.0,0.002080017307722026,0.0,99.99999834802227,0.0,0.0038369390539905106
1118.5,559.25,0.00208209766706208,0.0,99.99999834398172,0.0,0.0038405208436492868
1119.0,559.5,0.0020841953153464703,0.0,99.99999787750048,0.0,0.004493138008794422
1119.5,559.75,0.0020862845309408957,0.0,99.99999772021806,0.0,0.0046312790979126635
1120.0,560.0,0.0020883717486797296,0.0,99.99999771243544,0.0,0.004640599111301919
1120.5,560.25,0.002090456971427338,0.0,99.99999770605136,0.0,0.004648425662411131
1121.0,560.5,0.002092540202042615,0.0,99.99999806216925,0.0,0.004662984348801002
1121.5,560.75,0.0020946085392261654,0.0,99.99999840502245,0.0,0.004160932513266933
1122.0,561.0,0.002093615396693935,0.0,99.99999856122854,0.0,0.0035515157614770363
1122.5,561.25,0.002092623195497167,0.0,99.99999856019014,0.0,0.003552810607452968
1123.0,561.5,0.0020916190669533416,0.0,99.9999985039328,0.0,0.003470935432232019
1123.5,561.75,0.0020906159015934797,0.0,99.99999850255963,0.0,0.003471901371191066
1124.0,562.0,0.002089613698032383,0.0,99.99999850115799,0.0,0.0034728748222405824
1124.5,562.25,0.0020886317005147865,0.0,99.99999844810424,0.0,0.0036213790590808106
1125.0,562.5,0.002087637807120687,0.0,99.99999854293503,0.0,0.0036146082047349066
1125.5,562.75,0.0020866512622705834,0.0,99.99999851965254,0.0,0.004000358211543639
1126.0,563.0,0.00208566564939347,0.0,99.99999851945024,0.0,0.004000674689152037
1126.5,563.25,0.0020846809671693405,0.0,99.99999851923693,0.0,0.004001016845378847
1127.0,563.5,0.0020836972142806802,0.0,99.99999851902163,0.0,0.004001379478513989
1127.5,563.75,0.0020827016315517048,0.0,99.99999866667778,0.0,0.003620885087336896
1128.0,564.0,0.0020817069997397866,0.0,99.99999866665547,0.0,0.003620906035210339
1128.5,564.25,0.0020807260509961476,0.0,99.9999975667638,0.0,0.005367723655463178
1129.0,564.5,0.002079752387127556,0.0,99.99999778635497,0.0,0.005010770947005635
1129.5,564.75,0.0020787859889824342,0.0,99.99999854727392,0.0,0.004270557126040333
1130.0,565.0,0.0020778331866627554,0.0,99.99999817337884,0.0,0.004824910410518187
1130.5,565.25,0.0020769066308298466,0.0,99.9999983714194,0.0,0.00458282755359969
1131.0,565.5,0.002075987238784326,0.0,99.99999842549087,0.0,0.004515497952782766
1131.5,565.75,0.0020750686603600854,0.0,99.99999824404028,0.0,0.0047812258897594025
1132.0,566.0,0.002074144567876381,0.0,99.99999835768773,0.0,0.004693796447961032
1132.5,566.25,0.0020731960145855435,0.0,99.9999980143726,0.0,0.004292697981641719
1133.0,566.5,0.0020722356985262745,0.0,99.99999858379954,0.0,0.0034118239487123873
1133.5,566.75,0.0020712825808180957,0.0,99.99999875044313,0.0,0.0031338358696426163
1134.0,567.0,0.0020703303394732837,0.0,99.99999875320727,0.0,0.0031299613702057854
1134.5,567.25,0.002069378973283709,0.0,99.99999793163333,0.0,0.005918636686980892
1135.0,567.5,0.0020684221893032153,0.0,99.9999980446387,0.0,0.005838743967258619
1135.5,567.75,0.0020674600037700742,0.0,99.99999810269009,0.0,0.005668277724593096
1136.0,568.0,0.0020664987129967575,0.0,99.99999810273955,0.0,0.0056681721378949515
1136.5,568.25,0.002065538315735757,0.0,99.9999981026228,0.0,0.005668359523496034
1137.0,568.5,0.002064578810741882,0.0,99.99999810261484,0.0,0.00566839765952296
1137.5,568.75,0.002063620196772255,0.0,99.99999810323035,0.0,0.005667450485995226
1138.0,569.0,0.002062662472586306,0.0,99.9999981050604,0.0,0.0056645514342859166
1138.5,569.25,0.0020616993860380507,0.0,99.99999768416517,0.0,0.00589120195709838
1139.0,569.5,0.0020607371984277785,0.0,99.99999768720791,0.0,0.005889347420336842
1139.5,569.75,0.002059788387034238,0.0,99.99999756418097,0.0,0.005026258523959785
1140.0,570.0,0.002058846682531897,0.0,99.99999777321058,0.0,0.0050581810811791824
1140.5,570.25,0.0020579182945910037,0.0,99.99999854392925,0.0,0.0033764348466798354
1141.0,570.5,0.0020600094984285244,0.0,99.99999876132148,0.0,0.002937982904172228
1141.5,570.75,0.0020620988053735513,0.0,99.99999875985752,0.0,0.0029394273617713395
1142.0,571.0,0.0020641737411713507,0.0,99.9999980388259,0.0,0.003962728282896457
1142.5,571.25,0.0020662405297309054,0.0,99.99999867023236,0.0,0.0031581848286545075
1143.0,571.5,0.002068305408694129,0.0,99.99999866946715,0.0,0.0031603628481789853
1143.5,571.75,0.0020703683807063397,0.0,99.99999866871333,0.0,0.0031625211848310794
1144.0,572.0,0.00207242944840797,0.0,99.99999785733664,0.0,0.0036039990645811825
1144.5,572.25,0.002074488614434581,0.0,99.99999785635097,0.0,0.0036059076998025807
1145.0,572.5,0.002076552139843279,0.0,99.99999829453753,0.0,0.0032844159204519475
1145.5,572.75,0.0020786137754856123,0.0,99.99999829392632,0.0,0.003285569089856433
1146.0,573.0,0.002080673523956351,0.0,99.99999829328796,0.0,0.003286768684608701
1146.5,573.25,0.0020827251194105766,0.0,99.9999971923137,0.0,0.004554551583200784
1147.0,573.5,0.0020847810979847115,0.0,99.99999756078286,0.0,0.004323116055493876
1147.5,573.75,0.0020868351971518005,0.0,99.99999755965979,0.0,0.004324448727817761
1148.0,574.0,0.0020888874194876666,0.0,99.99999755856335,0.0,0.004325795481660363
1148.5,574.25,0.0020909377675634266,0.0,99.99999755748152,0.0,0.004327154159191298
1149.0,574.5,0.0020929862439455042,0.0,99.99999755638348,0.0,0.004328540540918537
1149.5,574.75,0.002092025092295225,0.0,99.99999861223742,0.0,0.0031074838440031324
1150.0,575.0,0.002091077369862685,0.0,99.99999880575257,0.0,0.002572368796514014
1150.5,575.25,0.0020901493092311428,0.0,99.99999791402706,0.0,0.003390140038304702
1151.0,575.5,0.0020892158096985176,0.0,99.99999798253883,0.0,0.003538735992328494
1151.5,575.75,0.0020882894003583347,0.0,99.99999777364576,0.0,0.003781204218977653
1152.0,576.0,0.0020873638122390794,0.0,99.99999777426267,0.0,0.00378108829202563
1152.5,576.25,0.0020864203074252015,0.0,99.99999813042378,0.0,0.0031415074505828436
1153.0,576.5,0.0020854589356080894,0.0,99.99999780784896,0.0,0.0035356191755449
1153.5,576.75,0.0020844922153038215,0.0,99.99999836947633,0.0,0.002659343816549057
1154.0,577.0,0.002083526390836071,0.0,99.9999983706017,0.0,0.0026592707704473774
1154.5,577.25,0.002082573905976419,0.0,99.99999742611698,0.0,0.003930701758178822
1155.0,577.5,0.002081634725370558,0.0,99.99999730380269,0.0,0.00393298600459602
1155.5,577.75,0.0020807026028186507,0.0,99.99999901846817,0.0,0.0025800459665967735
1156.0,578.0,0.0020797713146720855,0.0,99.99999901634385,0.0,0.002582897679064728
1156.5,578.25,0.0020788532603994857,0.0,99.99999860394159,0.0,0.003297541257373918
1157.0,578.5,0.0020779360162657373,0.0,99.9999983110099,0.0,0.004275093268745421
1157.5,578.75,0.0020770133918194874,0.0,99.9999974074488,0.0,0.006497750549728279
1158.0,579.0,0.002076091586318646,0.0,99.99999768762997,0.0,0.00656560763640594
1158.5,579.25,0.002078147887911015,0.0,99.9999977446454,0.0,0.006476077326311091
1159.0,579.5,0.002080202365895395,0.0,99.99999780353157,0.0,0.006381549236042269
1159.5,579.75,0.0020822550226965797,0.0,99.99999786293306,0.0,0.0062840591790907325
1160.0,580.0,0.002084299663419798,0.0,99.99999766947974,0.0,0.006618366183875447
1160.5,580.25,0.0020863238794925063,0.0,99.99999821624253,0.0,0.004193330803367381
1161.0,580.5,0.0020883586629751537,0.0,99.99999768136783,0.0,0.0045816347232920645
1161.5,580.75,0.002090385414810856,0.0,99.99999788807399,0.0,0.004268501592346743
1162.0,581.0,0.0020923979176930793,0.0,99.99999776337638,0.0,0.004233051657157622
1162.5,581.25,0.0020944085817353334,0.0,99.99999776681348,0.0,0.004230094022704005
1163.0,581.5,0.002099382639173057,0.0,99.99999816601049,0.0,0.0032683237940292886
1163.5,581.75,0.0021043521559236033,0.0,99.99999883111678,0.0,0.002838303684213287
1164.0,582.0,0.002109317138201748,0.0,99.99999882834526,0.0,0.0028415369700934543
1164.5,582.25,0.002114271331487541,0.0,99.99999765280369,0.0,0.0038164515300821017
1165.0,582.5,0.0021192272516049595,0.0,99.99999812216346,0.0,0.003921279805814813
1165.5,582.75,0.0021241723715585744,0.0,99.99999822328472,0.0,0.0038613313072510813
1166.0,583.0,0.0021291129583137424,0.0,99.99999821373933,0.0,0.0038721149387779276
1166.5,583.25,0.002134049018100992,0.0,99.99999820514809,0.0,0.003881819310321098
1167.0,583.5,0.0021389805571394383,0.0,99.99999819745521,0.0,0.0038905143470786075
1167.5,583.75,0.002143920243804484,0.0,99.99999863221434,0.0,0.004229398083453623
1168.0,584.0,0.002148855468807651,0.0,99.99999863179431,0.0,0.004229376151743722
1168.5,584.25,0.002153779883695886,0.0,99.99999761285675,0.0,0.006461959355890509
1169.0,584.5,0.0021586934596306627,0.0,99.99999813820423,0.0,0.004477840465707465
1169.5,584.75,0.0021606484893146646,0.0,99.99999814983643,0.0,0.004377577507448551
1170.0,585.0,0.0021626017218316705,0.0,99.99999815869552,0.0,0.004365960134196591
1170.5,585.25,0.002164559534222128,0.0,99.99999819688593,0.0,0.004290557687578119
1171.0,585.5,0.0021665155600560466,0.0,99.9999982026657,0.0,0.004285551332830604
1171.5,585.75,0.002168463421523397,0.0,99.99999841379045,0.0,0.003779221143763241
1172.0,586.0,0.0021704094956885903,0.0,99.99999841193218,0.0,0.0037860493361152976
1172.5,586.25,0.0021723537850104647,0.0,99.99999840938038,0.0,0.0037939170616085732
1173.0,586.5,0.0021742962919433506,0.0,99.99999840594381,0.0,0.003802707910612556
1173.5,586.75,0.002173287361452931,0.0,99.999998073889,0.0,0.005154205197914739
1174.0,587.0,0.0021723048741824503,0.0,99.99999813797609,0.0,0.005310658574837862
1174.5,587.25,0.0021713232748249737,0.0,99.99999877045163,0.0,0.003847966943192642
1175.0,587.5,0.0021703616585082575,0.0,99.99999834870455,0.0,0.004997208647960212
1175.5,587.75,0.0021694008935586383,0.0,99.9999983445594,0.0,0.0050017685751254275
1176.0,588.0,0.0021684346246263844,0.0,99.9999976909627,0.0,0.006145868923934066
1176.5,588.25,0.002167469216079107,0.0,99.99999768259556,0.0,0.0061596543409089665
1177.0,588.5,0.0021665046667681607,0.0,99.99999767296075,0.0,0.00617552641985513
1177.5,588.75,0.0021655409755469454,0.0,99.99999817408576,0.0,0.005542678957201877
1178.0,589.0,0.0021645718096697858,0.0,99.99999780902868,0.0,0.004839672400487776
1178.5,589.25,0.0021636098368228852,0.0,99.99999760848057,0.0,0.004518343860325633
1179.0,589.5,0.0021626487186306343,0.0,99.99999757774486,0.0,0.004552482651361561
1179.5,589.75,0.00216169476869866,0.0,99.99999805336827,0.0,0.004689553357258349
1180.0,590.0,0.002160735350798304,0.0,99.99999838290987,0.0,0.004045491681860708
1180.5,590.25,0.002159776784150741,0.0,99.9999973140195,0.0,0.0062231649140599594
1181.0,590.5,0.0021588316636423576,0.0,99.99999756247465,0.0,0.004142748069289705
1181.5,590.75,0.002157893662499599,0.0,99.9999970906938,0.0,0.0047828957105373856
1182.0,591.0,0.002156956476116079,0.0,99.99999709407335,0.0,0.004780682395633418
1182.5,591.25,0.0021560012586385726,0.0,99.99999882310149,0.0,0.0039882706654294185
1183.0,591.5,0.0021550406108666468,0.0,99.9999987491077,0.0,0.004167443999920968
1183.5,591.75,0.002154080818783585,0.0,99.99999873881211,0.0,0.004215929390120734
1184.0,592.0,0.0021531218812465996,0.0,99.999998735533,0.0,0.004250510393382963
1184.5,592.25,0.0021521763155904817,0.0,99.99999836410448,0.0,0.004143045875248586
1185.0,592.5,0.002151244087712617,0.0,99.99999693805657,0.0,0.004693582864817666
1185.5,592.75,0.00215032516403494,0.0,99.99999804382809,0.0,0.0034298900988022738
1186.0,593.0,0.0021494070250754472,0.0,99.9999974546252,0.0,0.005485574523144832
1186.5,593.25,0.002148458481039854,0.0,99.99999769892874,0.0,0.003980331193999373
1187.0,593.5,0.0021475170060130475,0.0,99.99999725598686,0.0,0.004533430262268472
1187.5,593.75,0.0021465763557515193,0.0,99.99999724698415,0.0,0.004542574708297675
1188.0,594.0,0.0021456240866600173,0.0,99.99999663019537,0.0,0.006343435823767001
1188.5,594.25,0.002144672662089433,0.0,99.99999587072494,0.0,0.006403515888149744
1189.0,594.5,0.00214372829112989,0.0,99.99999736946475,0.0,0.004893616337667498
1189.5,594.75,0.0021427847514804035,0.0,99.99999736843922,0.0,0.004893665539375552
1190.0,595.0,0.0021418420420437805,0.0,99.99999736757329,0.0,0.004893523465015728
1190.5,595.25,0.0021409001617247554,0.0,99.99999736692834,0.0,0.004893161008660232
1191.0,595.5,0.0021399529210357373,0.0,99.99999615220105,0.0,0.00670536124664401
1191.5,595.75,0.0021390003353027555,0.0,99.99999608542653,0.0,0.007036917176303852
1192.0,596.0,0.0021380485972667647,0.0,99.99999608209806,0.0,0.007038361182409478
1192.5,596.25,0.0021370977057967333,0.0,99.99999775863185,0.0,0.0053781405557522125
1193.0,596.5,0.002136147659763638,0.0,99.99999778499945,0.0,0.005929720355085745
1193.5,596.75,0.002135198458040465,0.0,99.99999779302881,0.0,0.005917871857060741
1194.0,597.0,0.002134262410447503,0.0,99.99999702452996,0.0,0.0058133635856866235
1194.5,597.25,0.002133327183200913,0.0,99.99999702777194,0.0,0.005806468888505027
1195.0,597.5,0.0021323927752227487,0.0,99.99999747552879,0.0,0.005439316947069966
1195.5,597.75,0.002131453046105634,0.0,99.99999743035461,0.0,0.0054483678444815315
1196.0,598.0,0.0021305141448864783,0.0,99.99999741878932,0.0,0.005453012108322971
1196.5,598.25,0.002129563813530788,0.0,99.99999682143581,0.0,0.005786372568021454
1197.0,598.5,0.002128608206647586,0.0,99.99999746672977,0.0,0.005980373740842501
1197.5,598.75,0.0021276534570055863,0.0,99.99999746679431,0.0,0.00597971408708556
1198.0,599.0,0.002126705675430227,0.0,99.99999739352813,0.0,0.006091628003435227
1198.5,599.25,0.002125752631337041,0.0,99.9999976983776,0.0,0.005776266089997293
1199.0,599.5,0.0021248004410396593,0.0,99.99999770024439,0.0,0.005773947876755601
1199.5,599.75,0.0021238491033912705,0.0,99.99999770226283,0.0,0.005771501680927042
1200.0,600.0,0.002122898617247117,0.0,99.99999770442463,0.0,0.005768941068908035
1200.5,600.25,0.0021219550661677206,0.0,99.99999778538017,0.0,0.005636565658231442
1201.0,600.5,0.002121030591566897,0.0,99.99999782996771,0.0,0.004367987847987268
1201.5,600.75,0.002122971931503356,0.0,99.99999783148513,0.0,0.004366688603572104
1202.0,601.0,0.002127769250154643,0.0,99.99999764322283,0.0,0.004540952096250536
1202.5,601.25,0.002132550157865961,0.0,99.99999757223644,0.0,0.00581860506957314
1203.0,601.5,0.0021373268250253217,0.0,99.99999757324542,0.0,0.005817399405985472
1203.5,601.75,0.0021420992572721265,0.0,99.99999757429862,0.0,0.005816159249907057
1204.0,602.0,0.0021468674602357837,0.0,99.99999759203729,0.0,0.005493403123778476
1204.5,602.25,0.0021516314395357275,0.0,99.99999758720102,0.0,0.005496737940746562
1205.0,602.5,0.002156391200781442,0.0,99.99999758232721,0.0,0.005500074456765337
1205.5,602.75,0.0021611467495724814,0.0,99.99999757737503,0.0,0.005503440971917142
1206.0,603.0,0.0021658919108645588,0.0,99.99999724115237,0.0,0.00569603764186006
1206.5,603.25,0.002170639040697343,0.0,99.99999750427165,0.0,0.006280092675703756
1207.0,603.5,0.002175388177064623,0.0,99.99999818294081,0.0,0.004818835622351956
1207.5,603.75,0.0021801331448634354,0.0,99.99999819027859,0.0,0.004809611562361057
1208.0,604.0,0.002184873949579832,0.0,99.9999984821968,0.0,0.0037225996638953845
1208.5,604.25,0.0021896168312913046,0.0,99.99999745943092,0.0,0.005586994781052552
1209.0,604.5,0.0021943555823722947,0.0,99.99999788413076,0.0,0.004536636938452756
1209.5,604.75,0.002199096464376344,0.0,99.99999843929794,0.0,0.003899737884670697
1210.0,605.0,0.0022038332480236594,0.0,99.99999843775478,0.0,0.0039013829935293748
1210.5,605.25,0.0022085722163320645,0.0,99.9999983840376,0.0,0.0038644041078035847
1211.0,605.5,0.0022133071183820983,0.0,99.99999838182647,0.0,0.003866287675101402
1211.5,605.75,0.0022180379594050775,0.0,99.99999888933526,0.0,0.0025649792090456235
1212.0,606.0,0.0022227647446233507,0.0,99.99999888867237,0.0,0.002566034271240731
1212.5,606.25,0.002227487479250316,0.0,99.99999888792742,0.0,0.002567181444359675
1213.0,606.5,0.0022293698201187864,0.0,99.99999888710414,0.0,0.002568412938008488
1213.5,606.75,0.002231250549307235,0.0,99.9999988862125,0.0,0.002569717990965441
1214.0,607.0,0.002233129668884682,0.0,99.99999846896812,0.0,0.003424943684328436
1214.5,607.25,0.002235013512058875,0.0,99.99999826017768,0.0,0.0036073991154144365
1215.0,607.5,0.00223689575499479,0.0,99.99999825665333,0.0,0.0036106418331200824
1215.5,607.75,0.0022387763997305543,0.0,99.99999825348314,0.0,0.0036135311664956325
1216.0,608.0,0.0022406617873804344,0.0,99.9999974067923,0.0,0.005182182558338194
1216.5,608.25,0.0022425455861725713,0.0,99.99999740478258,0.0,0.0051833192072727125
1217.0,608.5,0.0022444277981145677,0.0,99.99999740262798,0.0,0.005184457306039748
1217.5,608.75,0.0022463020781826144,0.0,99.99999729521114,0.0,0.005302168544198774
1218.0,609.0,0.0022481747701693193,0.0,99.9999972890944,0.0,0.005307109937134238
1218.5,609.25,0.002250039523906317,0.0,99.99999775926318,0.0,0.004849383036405939
1219.0,609.5,0.0022519026884557534,0.0,99.99999775381333,0.0,0.0048536674215609145
1219.5,609.75,0.002253757908602924,0.0,99.99999758146514,0.0,0.00496276147738917
1220.0,610.0,0.002255617898328023,0.0,99.99999710523228,0.0,0.004498860881593054
1220.5,610.25,0.0022574763049537654,0.0,99.99999709710944,0.0,0.004503977507951155
1221.0,610.5,0.002259352225123884,0.0,99.99999776442642,0.0,0.004812697747748822
1221.5,610.75,0.0022612329492334897,0.0,99.99999849554759,0.0,0.003679832475258941
1222.0,611.0,0.00226309300636706,0.0,99.99999727969578,0.0,0.004104074489360875
1222.5,611.25,0.0022649514934611837,0.0,99.9999972740651,0.0,0.004107841760279737
1223.0,611.5,0.002266827538298417,0.0,99.99999809757233,0.0,0.0036999333373342043
1223.5,611.75,0.0022687020325546092,0.0,99.99999809854334,0.0,0.003698503798961106
1224.0,612.0,0.002270574978151336,0.0,99.99999810035948,0.0,0.0036961932428668316
1224.5,612.25,0.0022696437951365577,0.0,99.99999748623266,0.0,0.004184340916446667
1225.0,612.5,0.0022687133755815683,0.0,99.99999748312966,0.0,0.004186254694381072
1225.5,612.75,0.002267777353661001,0.0,99.99999746908337,0.0,0.0044284065827630715
1226.0,613.0,0.0022668357441842195,0.0,99.9999981900521,0.0,0.004374426149009024
1226.5,613.25,0.0022658949163189305,0.0,99.99999818763963,0.0,0.0043778736506324715
1227.0,613.5,0.002264948520074788,0.0,99.9999979530678,0.0,0.004788758798728771
1227.5,613.75,0.0022640029140631565,0.0,99.99999795290168,0.0,0.004788605728637138
1228.0,614.0,0.0022630580972946932,0.0,99.99999795239945,0.0,0.0047888910550441584
1228.5,614.25,0.002262114068781706,0.0,99.99999795145389,0.0,0.0047897682944937625
1229.0,614.5,0.0022611708275381503,0.0,99.9999985696813,0.0,0.003556311199901256
1229.5,614.75,0.0022602220500325884,0.0,99.99999831400488,0.0,0.004028457308607302
1230.0,615.0,0.002259274068398963,0.0,99.9999983157258,0.0,0.004026470194394236
1230.5,615.25,0.0022583268816362806,0.0,99.9999983168736,0.0,0.004025189170710173
1231.0,615.5,0.0022573994088295607,0.0,99.99999841398241,0.0,0.004076114148717207
1231.5,615.75,0.0022564726975181594,0.0,99.99999841029548,0.0,0.004080030860241704
1232.0,616.0,0.0022555404503822973,0.0,99.99999848652439,0.0,0.004453447068379251
1232.5,616.25,0.002254615264415028,0.0,99.99999849942142,0.0,0.004203436884406914
1233.0,616.5,0.0022536908371289985,0.0,99.99999842174276,0.0,0.0045151662450169895
1233.5,616.75,0.0022527671675913793,0.0,99.99999842257354,0.0,0.004514224653578501
1234.0,617.0,0.0022518442548708673,0.0,99.99999842369837,0.0,0.004512776313799256
1234.5,617.25,0.0022509220980376863,0.0,99.9999984250921,0.0,0.004510857611674831
1235.0,617.5,0.002250000696163582,0.0,99.9999984125392,0.0,0.004469643165003217
1235.5,617.75,0.002249080048321819,0.0,99.99999841181953,0.0,0.004473718396991307
1236.0,618.0,0.002248153898376766,0.0,99.99999855733141,0.0,0.004227311844820509
1236.5,618.25,0.002247222260850218,0.0,99.9999984239563,0.0,0.004148981361734846
1237.0,618.5,0.002246291395147121,0.0,99.99999774627713,0.0,0.004776862609745713
1237.5,618.75,0.0022453550606634913,0.0,99.99999696549835,0.0,0.005586813126691008
1238.0,619.0,0.0022444132720378885,0.0,99.99999700967504,0.0,0.005296433177517991
1238.5,619.25,0.0022434847315315116,0.0,99.99999808030849,0.0,0.0037431096725784527
1239.0,619.5,0.002242550734934944,0.0,99.99999817051489,0.0,0.0037384486429803197
1239.5,619.75,0.0022416175156885483,0.0,99.99999816771529,0.0,0.003743544383001538
1240.0,620.0,0.002240691286539491,0.0,99.99999798611874,0.0,0.004023775369581633
1240.5,620.25,0.002239790657190061,0.0,99.99999682260477,0.0,0.006563862239885172
1241.0,620.5,0.002238865936818538,0.0,99.99999834255266,0.0,0.003418820545926738
1241.5,620.75,0.0022379233843605718,0.0,99.99999643267854,0.0,0.006203511600739632
1242.0,621.0,0.002236981625189299,0.0,99.99999643217802,0.0,0.006206065803372092
1242.5,621.25,0.002236034470353172,0.0,99.9999985625782,0.0,0.0036209275648641497
1243.0,621.5,0.002235088117242543,0.0,99.99999856450066,0.0,0.0036176016974950433
1243.5,621.75,0.002234154919841397,0.0,99.99999782114324,0.0,0.004831659598766486
1244.0,622.0,0.0022332348462025336,0.0,99.99999790355429,0.0,0.005062593761430121
1244.5,622.25,0.0022323155300644276,0.0,99.9999979044275,0.0,0.005061213810534245
1245.0,622.5,0.002231403132801626,0.0,99.99999787907623,0.0,0.005129158753976181
1245.5,622.75,0.0022304853237930396,0.0,99.99999801248477,0.0,0.004964262592906009
1246.0,623.0,0.0022295682694907864,0.0,99.99999828327377,0.0,0.004335389211091588
1246.5,623.25,0.0022286519689643665,0.0,99.99999828241056,0.0,0.0043362914018072055
1247.0,623.5,0.0022277364212848084,0.0,99.99999828153359,0.0,0.004337194366639248
1247.5,623.75,0.0022267970776044294,0.0,99.99999821528056,0.0,0.004435942874509402
1248.0,624.0,0.002225858525754395,0.0,99.99999821485231,0.0,0.004435925777859803
1248.5,624.25,0.0022249207647339043,0.0,99.99999821428625,0.0,0.00443594596453236
1249.0,624.5,0.002223983793543841,0.0,99.999998213551,0.0,0.004436037181748354
1249.5,624.75,0.002223047611186772,0.0,99.99999821264065,0.0,0.004436207388668514
1250.0,625.0,0.002222112216666942,0.0,99.99999821157162,0.0,0.004436439526609974
1250.5,625.25,0.0022211776089902714,0.0,99.99999850139777,0.0,0.0038508398956401597
1251.0,625.5,0.002220243787164353,0.0,99.99999830459359,0.0,0.004063847848526642
1251.5,625.75,0.002219310750198447,0.0,99.99999830339034,0.0,0.004064736054259182
1252.0,626.0,0.0022183906783662982,0.0,99.99999754120778,0.0,0.004035138004775027
1252.5,626.25,0.002217477454731076,0.0,99.99999796189097,0.0,0.003985948695312518
1253.0,626.5,0.0022165649826625116,0.0,99.99999795996206,0.0,0.003988346141376033
1253.5,626.75,0.0022156593368926475,0.0,99.9999979666927,0.0,0.003916049923705778
1254.0,627.0,0.002214754430879378,0.0,99.99999796824677,0.0,0.0039145120725619315
1254.5,627.25,0.0022138441979746614,0.0,99.99999835204021,0.0,0.0035024084007453035
1255.0,627.5,0.0022129347129484066,0.0,99.9999983542375,0.0,0.003499834229443701
1255.5,627.75,0.002212025974879269,0.0,99.9999983564216,0.0,0.0034972449190552035
1256.0,628.0,0.0022111179828474166,0.0,99.99999742023456,0.0,0.004850713932617098
1256.5,628.25,0.0022102107359345253,0.0,99.99999742083594,0.0,0.004849568013928104
1257.0,628.5,0.0022093042332237797,0.0,99.99999742161143,0.0,0.004848265987238334
1257.5,628.75,0.002208398473799867,0.0,99.99999742253338,0.0,0.004846820804591418
1258.0,629.0,0.0022074994877399083,0.0,99.99999832174022,0.0,0.00332571144011521
1258.5,629.25,0.0022066012332934617,0.0,99.99999831629184,0.0,0.0033323198506283133
1259.0,629.5,0.002205703709567786,0.0,99.99999831083841,0.0,0.003338897006607321
1259.5,629.75,0.0022048189483450213,0.0,99.99999808582253,0.0,0.004248513490174847
1260.0,630.0,0.002203934896635999,0.0,99.99999808242899,0.0,0.004250293103709602
1260.5,630.25,0.0022030635671089153,0.0,99.99999820106358,0.0,0.003909074331838452
1261.0,630.5,0.0022021929262728704,0.0,99.99999820436938,0.0,0.0039054697710258026
1261.5,630.75,0.0022013289706335087,0.0,99.99999795432717,0.0,0.004328147617458109
1262.0,631.0,0.0022004537074104638,0.0,99.999997099879,0.0,0.005322084982884006
1262.5,631.25,0.002199573152140773,0.0,99.99999763076104,0.0,0.0050450473487316915
1263.0,631.5,0.002198687318363393,0.0,99.99999876230619,0.0,0.0032829132910042456
1263.5,631.75,0.002197802197802198,0.0,99.99999788706333,0.0,0.005823332920609074
1264.0,632.0,0.0021969177895961806,0.0,99.9999978725903,0.0,0.0058399595496712
1264.5,632.25,0.00219604602999451,0.0,99.9999982319526,0.0,0.004295679284958436
1265.0,632.5,0.00219517496196479,0.0,99.99999822679331,0.0,0.004304836386192651
1265.5,632.75,0.0021942986255760713,0.0,99.9999987203682,0.0,0.003474844639728595
1266.0,633.0,0.002193417034272141,0.0,99.99999802586885,0.0,0.004406837098716847
1266.5,633.25,0.002192536151067912,0.0,99.99999802333191,0.0,0.004411009549079395
1267.0,633.5,0.0021916500303793074,0.0,99.999997864253,0.0,0.004675048520029444
1267.5,633.75,0.0021907765055487922,0.0,99.99999802548312,0.0,0.004460877202946804
1268.0,634.0,0.0021899036767615444,0.0,99.99999802926838,0.0,0.004456108850246307
1268.5,634.25,0.002189031543185962,0.0,99.99999803427433,0.0,0.00444963090351398
1269.0,634.5,0.002188160103991767,0.0,99.99999804088631,0.0,0.004440941356575103
1269.5,634.75,0.002187289358350004,0.0,99.99999804981428,0.0,0.004429110332355808
1270.0,635.0,0.002186431138243062,0.0,99.9999975578066,0.0,0.005505864068141566
1270.5,635.25,0.002185567679565483,0.0,99.9999974097135,0.0,0.005518147903228441
1271.0,635.5,0.002184704902607586,0.0,99.99999740945772,0.0,0.005517929486785471
1271.5,635.75,0.002183831001751389,0.0,99.99999742320661,0.0,0.0059172698494035295
1272.0,636.0,0.0021829577997514453,0.0,99.99999888338365,0.0,0.00355535883613337
1272.5,636.25,0.0021820735099516595,0.0,99.99999792298041,0.0,0.005857988965076027
1273.0,636.5,0.002181189936291977,0.0,99.99999783817583,0.0,0.0057103314118572375
1273.5,636.75,0.002180307077902804,0.0,99.99999781037559,0.0,0.005766081771435415
1274.0,637.0,0.002179436691140374,0.0,99.99999704702218,0.0,0.005577829624933002
1274.5,637.25,0.002178566999023959,0.0,99.99999705263339,0.0,0.005571196265343263
1275.0,637.5,0.002177698000722306,0.0,99.99999794885078,0.0,0.004220656768577562
1275.5,637.75,0.0021768296954054883,0.0,99.99999794716439,0.0,0.004225815324979302
1276.0,638.0,0.002175956222346101,0.0,99.99999805374176,0.0,0.00418353855565116
1276.5,638.25,0.0021750893051827964,0.0,99.99999794289025,0.0,0.004467946383961897
1277.0,638.5,0.0021742289290846172,0.0,99.99999730252672,0.0,0.005042298105559311
1277.5,638.75,0.0021733633874343014,0.0,99.99999800903984,0.0,0.0037634188307605326
1278.0,639.0,0.002172504375929297,0.0,99.99999761942435,0.0,0.003919352273515943
1278.5,639.25,0.002171646043196405,0.0,99.99999762012162,0.0,0.0039202803449313785
1279.0,639.5,0.0021707825563651215,0.0,99.99999729714501,0.0,0.004282729224525879
1279.5,639.75,0.002169925583368917,0.0,99.99999723567234,0.0,0.004610539491624185
1280.0,640.0,0.0021690692867305577,0.0,99.99999723850924,0.0,0.004608179435454668
1280.5,640.25,0.0021682253022232358,0.0,99.99999724898348,0.0,0.00410825328664959
1281.0,640.5,0.002167381974248927,0.0,99.9999972532138,0.0,0.004104168594604816
1281.5,640.75,0.0021665393020418562,0.0,99.9999972574679,0.0,0.00410017971940801
1282.0,641.0,0.002165703089611326,0.0,99.99999660572783,0.0,0.004545096698483043
1282.5,641.25,0.002164855921872279,0.0,99.9999966940178,0.0,0.005005824589691674
1283.0,641.5,0.002164009416654838,0.0,99.99999669851385,0.0,0.005001799375530472
1283.5,641.75,0.002163163573182126,0.0,99.99999670299033,0.0,0.004997768739503967
1284.0,642.0,0.002162312604034533,0.0,99.99999605257504,0.0,0.00589751996052498
1284.5,642.25,0.002161462304150917,0.0,99.99999604414714,0.0,0.005904975684971159
1285.0,642.5,0.0021606126727420527,0.0,99.99999603604289,0.0,0.00591209114676038
1285.5,642.75,0.002159769482029542,0.0,99.99999774796657,0.0,0.003865544766843415
1286.0,643.0,0.0021589269491797147,0.0,99.99999774555405,0.0,0.0038679930711023286
1286.5,643.25,0.002158079309414621,0.0,99.99999760769225,0.0,0.003899353265796706
1287.0,643.5,0.0021572323349904154,0.0,99.99999760797974,0.0,0.0038990638937817365
1287.5,643.75,0.0021563860251240323,0.0,99.99999760852273,0.0,0.003898506299725707
1288.0,644.0,0.002155540379033635,0.0,99.9999976092846,0.0,0.003897726412492985
1288.5,644.25,0.0021546896500229335,0.0,99.99999758934281,0.0,0.0037683727953030117
1289.0,644.5,0.0021538395922632374,0.0,99.99999852623816,0.0,0.002948593558345686
1289.5,644.75,0.002152990204960404,0.0,99.99999823003505,0.0,0.003529964082116232
1290.0,645.0,0.0021521414873215427,0.0,99.99999806825346,0.0,0.0036939955930072378
1290.5,645.25,0.002151304894218634,0.0,99.99999761978383,0.0,0.005037463193800559
1291.0,645.5,0.0021504689512737802,0.0,99.99999765919544,0.0,0.004995344792143823
1291.5,645.75,0.0021496279387781705,0.0,99.9999982125757,0.0,0.004430478522986388
1292.0,646.0,0.0021487875838372876,0.0,99.99999821511265,0.0,0.0044273109646673515
1292.5,646.25,0.00214794217569529,0.0,99.99999775499913,0.0,0.004647819793207084
1293.0,646.5,0.002147097432517897,0.0,99.99999732595835,0.0,0.005471308617695356
1293.5,646.75,0.002146253353520865,0.0,99.99999732603084,0.0,0.005471011108166095
1294.0,647.0,0.0021454156344509145,0.0,99.99999756045322,0.0,0.005508219106660298
1294.5,647.25,0.002144578569077725,0.0,99.99999756100573,0.0,0.005507531370900178
1295.0,647.5,0.0021437421566364474,0.0,99.99999756156652,0.0,0.00550683880165679
1295.5,647.75,0.002142895029968705,0.0,99.99999772742791,0.0,0.00488941047832792
1296.0,648.0,0.0021420428938787412,0.0,99.9999974446798,0.0,0.005214235602418874
1296.5,648.25,0.002141197109383902,0.0,99.99999759154356,0.0,0.005564045931712021
1297.0,648.5,0.002140346322869124,0.0,99.99999738497355,0.0,0.0063843507133342185
1297.5,648.75,0.0021395018773599393,0.0,99.99999712641568,0.0,0.005205703809148044
1298.0,649.0,0.00213865809791772,0.0,99.99999809638388,0.0,0.003712850771495186
1298.5,649.25,0.002137803671307394,0.0,99.9999967197423,0.0,0.00485313126307472
1299.0,649.5,0.0021369555788293294,0.0,99.99999802141303,0.0,0.003922787608793599
1299.5,649.75,0.002136113806221696,0.0,99.99999820702968,0.0,0.003406711828195462
1300.0,650.0,0.0021352614109638275,0.0,99.9999984872167,0.0,0.0029323295268311026
1300.5,650.25,0.0021344040574809804,0.0,99.9999987681748,0.0,0.0026361990161996285
1301.0,650.5,0.0021335473922136083,0.0,99.99999875527124,0.0,0.002640158632252349
1301.5,650.75,0.0021326914143333757,0.0,99.9999987580317,0.0,0.002637396557256541
1302.0,651.0,0.002131830498368147,0.0,99.99999859696031,0.0,0.002787110098366982
1302.5,651.25,0.0021309758972911817,0.0,99.99999825543806,0.0,0.0033112256797792074
1303.0,651.5,0.002130121981118894,0.0,99.99999825391396,0.0,0.0033123613808579743
1303.5,651.75,0.0021292743601635956,0.0,99.99999797964153,0.0,0.003275767033956738
1304.0,652.0,0.0021284330202148453,0.0,99.99999857764017,0.0,0.0028963612497366637
1304.5,652.25,0.0021275923448806125,0.0,99.9999984676691,0.0,0.0030222387147100056
1305.0,652.5,0.0021267523333736923,0.0,99.99999839751543,0.0,0.0031045948360259434
1305.5,652.75,0.0021259073914747955,0.0,99.99999804364467,0.0,0.0033745474856827352
1306.0,653.0,0.002125063120686753,0.0,99.99999801704375,0.0,0.0034036588470018445
1306.5,653.25,0.002124219520210319,0.0,99.99999799720504,0.0,0.003425296302355305
1307.0,653.5,0.002123376589247515,0.0,99.99999798208644,0.0,0.0034416687103035267
1307.5,653.75,0.002122528751333148,0.0,99.99999900913456,0.0,0.00353082841259512
1308.0,654.0,0.0021216648767307454,0.0,99.99999780121614,0.0,0.004696493186985198
1308.5,654.25,0.0021208072716391896,0.0,99.99999816741304,0.0,0.00388252695631
1309.0,654.5,0.0021199503595782138,0.0,99.9999981688338,0.0,0.0038814372991780345
1309.5,654.75,0.0021190941397081,0.0,99.999998170263,0.0,0.00388032560741137
1310.0,655.0,0.002118238611190487,0.0,99.99999817169142,0.0,0.0038792001493319355
1310.5,655.25,0.0021173893218589,0.0,99.99999832599819,0.0,0.004160380344173031
1311.0,655.5,0.0021165407132846983,0.0,99.99999832643181,0.0,0.004161864872754415
1311.5,655.75,0.0021156872448672326,0.0,99.99999705530786,0.0,0.006085050897146845
1312.0,656.0,0.0021148455351370594,0.0,99.99999804754707,0.0,0.004227328003489593
1312.5,656.25,0.002114004494875894,0.0,99.99999881721185,0.0,0.0029169621588313634
1313.0,656.5,0.0021131641232853427,0.0,99.9999988137777,0.0,0.0029203732378131277
1313.5,656.75,0.0021123299417540706,0.0,99.99999895415235,0.0,0.0024508580490772125
1314.0,657.0,0.0021114964185571265,0.0,99.99999895222057,0.0,0.0024524273629019403
1314.5,657.25,0.0021106635529154847,0.0,99.99999813167088,0.0,0.0033775546040345768
1315.0,657.5,0.0021098313440513464,0.0,99.99999812905929,0.0,0.003381649695322462
1315.5,657.75,0.0021089997911881396,0.0,99.99999812714152,0.0,0.0033849129617271843
1316.0,658.0,0.0021081798945388227,0.0,99.99999774561411,0.0,0.0036566636460454113
1316.5,658.25,0.0021073606351292846,0.0,99.99999774323139,0.0,0.00365914730190174
1317.0,658.5,0.00210653652025195,0.0,99.99999824145974,0.0,0.004574502144635506
1317.5,658.75,0.0021057185373595643,0.0,99.99999731970378,0.0,0.005413107261216449
1318.0,659.0,0.0021049011894775783,0.0,99.99999731745014,0.0,0.005415854493622446
1318.5,659.25,0.0021040789967084706,0.0,99.9999976313212,0.0,0.006593974513491414
1319.0,659.5,0.002103257445999906,0.0,99.99999761435355,0.0,0.006615623005511936
1319.5,659.75,0.002102431066021019,0.0,99.9999982270942,0.0,0.005678541336656391
1320.0,660.0,0.002101605335164435,0.0,99.99999796965477,0.0,0.0060180160429966715
1320.5,660.25,0.0021007857146571403,0.0,99.99999878593864,0.0,0.00224808606863897
1321.0,660.5,0.002099961275466579,0.0,99.99999745811353,0.0,0.003763543718356407
1321.5,660.75,0.002099142936565875,0.0,99.99999685970567,0.0,0.004491389652180928
1322.0,661.0,0.0020983252352175844,0.0,99.99999685692079,0.0,0.004494956206381211
1322.5,661.25,0.0020975027257151757,0.0,99.9999978937744,0.0,0.004968657262660942
1323.0,661.5,0.002096686301476503,0.0,99.99999785629657,0.0,0.004931433462998136
1323.5,661.75,0.0020958650760918344,0.0,99.99999729647543,0.0,0.005464996705717592
1324.0,662.0,0.002095049925973174,0.0,99.99999819942728,0.0,0.004658006592706498
1324.5,662.25,0.0020942299817014063,0.0,99.99999813453195,0.0,0.004716422594977362
1325.0,662.5,0.0020934106789853176,0.0,99.99999813244531,0.0,0.0047190187924613285
1325.5,662.75,0.002092592017072236,0.0,99.99999812997392,0.0,0.004722111651625583
1326.0,663.0,0.002091773995210666,0.0,99.99999812719155,0.0,0.004725607266738148
1326.5,663.25,0.002090962023678592,0.0,99.99999589888213,0.0,0.005224270159863212
1327.0,663.5,0.002090150682273815,0.0,99.99999589128676,0.0,0.005230853193365919
1327.5,663.75,0.002089356178339996,0.0,99.99999806759443,0.0,0.0036228406386294657
1328.0,664.0,0.002088546082425195,0.0,99.99999690318572,0.0,0.004380441146495913
1328.5,664.25,0.0020877366144560257,0.0,99.99999690055074,0.0,0.0043826876477691965
1329.0,664.5,0.0020869331638991555,0.0,99.99999612607026,0.0,0.005343512922261597
1329.5,664.75,0.0020861357175867954,0.0,99.99999785056849,0.0,0.003716653084358746
1330.0,665.0,0.0020853442624643196,0.0,99.99999702375976,0.0,0.004564415030301748
1330.5,665.25,0.0020845534076514463,0.0,99.99999702873139,0.0,0.0045599687002010275
1331.0,665.5,0.0020837631524654424,0.0,99.99999703313095,0.0,0.004555965896984769
1331.5,665.75,0.0020829734962246106,0.0,99.99999703687028,0.0,0.004552486976804923
1332.0,666.0,0.002082184438248285,0.0,99.99999703993005,0.0,0.0045495520315137475
1332.5,666.25,0.0020813906162255734,0.0,99.99999754319492,0.0,0.0041707184082954065
1333.0,666.5,0.002080597399253251,0.0,99.99999754411213,0.0,0.0041700129913892214
1333.5,666.75,0.002079804786639828,0.0,99.99999754504599,0.0,0.004169289240515032
1334.0,667.0,0.002079002079002079,0.0,99.99999777441701,0.0,0.0032660956102251075
1334.5,667.25,0.0020781999907406932,0.0,99.99999776519235,0.0,0.003271943115015939
1335.0,667.5,0.0020773985211390727,0.0,99.9999969906171,0.0,0.0054293201932303315
1335.5,667.75,0.0020766030064482636,0.0,99.99999705075436,0.0,0.004513402882297192
1336.0,668.0,0.0020758081007897318,0.0,99.99999479944267,0.0,0.00492263221837148
1336.5,668.25,0.0020750138034643486,0.0,99.99999480574637,0.0,0.004920416733905765
1337.0,668.5,0.0020742307633066525,0.0,99.99999434410446,0.0,0.004811708734733535
1337.5,668.75,0.0020734589555207127,0.0,99.99999477881506,0.0,0.005196211178114488
1338.0,669.0,0.0020726877218904555,0.0,99.99999477778286,0.0,0.005197249509748746
1338.5,669.25,0.0020719223747102384,0.0,99.99999702235051,0.0,0.0038414937338921277
1339.0,669.5,0.0020711416655772668,0.0,99.99999531830002,0.0,0.005006019545085041
1339.5,669.75,0.002070377459534114,0.0,99.99999678100198,0.0,0.004384094080058762
1340.0,670.0,0.0020696138172336333,0.0,99.99999583263237,0.0,0.005027775181084272
1340.5,670.25,0.002068840143692214,0.0,99.99999786901532,0.0,0.0035287473064282535
1341.0,670.5,0.0020680670483717812,0.0,99.99999663383605,0.0,0.004045299518640393
1341.5,670.75,0.0020672998198788275,0.0,99.99999675794606,0.0,0.004182864507605225
1342.0,671.0,0.0020665331604402125,0.0,99.99999675217482,0.0,0.004186830696634121
1342.5,671.25,0.002065745943928292,0.0,99.99999810955977,0.0,0.0037602761687637928
1343.0,671.5,0.0020649593269459303,0.0,99.99999810892555,0.0,0.0037604389392437575
1343.5,671.75,0.002064168035540477,0.0,99.9999974165833,0.0,0.00499570380879728
1344.0,672.0,0.0020633773503476844,0.0,99.99999821361165,0.0,0.004208894814061238
1344.5,672.25,0.0020625872706711832,0.0,99.99999717576475,0.0,0.005528703265605522
1345.0,672.5,0.0020617925346779215,0.0,99.99999765792165,0.0,0.0046760256937105294
1345.5,672.75,0.0020609878967975614,0.0,99.99999837021991,0.0,0.003877107697568898
1346.0,673.0,0.0020601943925996186,0.0,99.99999787143065,0.0,0.004106435141414139
1346.5,673.25,0.002059406748125379,0.0,99.9999977603344,0.0,0.004304610502466385
1347.0,673.5,0.002058624950636314,0.0,99.99999721637136,0.0,0.004130765405847959
1347.5,673.75,0.0020578437464981,0.0,99.99999721295995,0.0,0.004134767193648435
1348.0,674.0,0.0020570631350355023,0.0,99.99999720959478,0.0,0.004138672833343806
1348.5,674.25,0.0020562778825427607,0.0,99.99999756466367,0.0,0.004478445060298104
1349.0,674.5,0.002055493229337587,0.0,99.99999756585916,0.0,0.0044771192483070614
1349.5,674.75,0.002054698724713601,0.0,99.99999657764955,0.0,0.005296773758211697
1350.0,675.0,0.002053904834048048,0.0,99.99999657363988,0.0,0.005300535762824533
1350.5,675.25,0.002053111556629543,0.0,99.99999709014573,0.0,0.0053291857680753075
1351.0,675.5,0.0020523188917477985,0.0,99.99999709249629,0.0,0.0053268567736349665
1351.5,675.75,0.0020515164210178874,0.0,99.9999977042107,0.0,0.005160935437210399
1352.0,676.0,0.002050714577585791,0.0,99.99999770384792,0.0,0.005161363259096348
1352.5,676.25,0.002049913360716252,0.0,99.99999770334006,0.0,0.005161980976777956
1353.0,676.5,0.002049123162953476,0.0,99.99999759052545,0.0,0.004361426980313252
1353.5,676.75,0.0020483387668392204,0.0,99.9999976539503,0.0,0.004107533615867048
1354.0,677.0,0.0020475497823211307,0.0,99.99999759104928,0.0,0.0043626934876679156
1354.5,677.25,0.002046776959573622,0.0,99.99999794584713,0.0,0.005899158395411213
1355.0,677.5,0.002046004719991087,0.0,99.99999794217243,0.0,0.00590490136687644
1355.5,677.75,0.002045222709059476,0.0,99.99999703963749,0.0,0.0061562289822103995
1356.0,678.0,0.0020444257769703534,0.0,99.99999766816178,0.0,0.006102310587176374
1356.5,678.25,0.0020436346345485542,0.0,99.99999786045443,0.0,0.005790734533276925
1357.0,678.5,0.002042849269074599,0.0,99.99999712066577,0.0,0.006986092784309844
1357.5,678.75,0.0020420799898906933,0.0,99.99999744866054,0.0,0.005766767075012027
1358.0,679.0,0.0020413009756812335,0.0,99.99999825639532,0.0,0.0041100606876255065
1358.5,679.25,0.0020405225556029767,0.0,99.99999801972649,0.0,0.004239853053832823
1359.0,679.5,0.0020397447289764925,0.0,99.99999801768182,0.0,0.004242155807066036
1359.5,679.75,0.0020389726404190997,0.0,99.99999811098812,0.0,0.004075710228787456
1360.0,680.0,0.0020382011361457816,0.0,99.99999810702202,0.0,0.004080449488947624
1360.5,680.25,0.0020374148030288895,0.0,99.99999823169395,0.0,0.004166599924827477
1361.0,680.5,0.002036634209909435,0.0,99.999998546315,0.0,0.0036656826110448132
1361.5,680.75,0.0020358542146969526,0.0,99.99999854569595,0.0,0.0036653576056131136
1362.0,681.0,0.0020350748167047403,0.0,99.99999854506302,0.0,0.0036650855779616375
1362.5,681.25,0.002034296015247149,0.0,99.99999854443537,0.0,0.003664902395900713
1363.0,681.5,0.002033517809639579,0.0,99.99999854383051,0.0,0.003664832116656962
1363.5,681.75,0.0020327401991984766,0.0,99.99999854325765,0.0,0.0036648876673130723
1364.0,682.0,0.002031958073261142,0.0,99.9999982235169,0.0,0.00416980358401745
1364.5,682.25,0.0020311816550108346,0.0,99.99999760649322,0.0,0.004488728843336948
1365.0,682.5,0.0020304058298781253,0.0,99.9999976037994,0.0,0.004491014842269793
1365.5,682.75,0.0020296254989286694,0.0,99.99999788497674,0.0,0.004173796195169109
1366.0,683.0,0.002028845767546503,0.0,99.999998230792,0.0,0.0038753242821631733
1366.5,683.25,0.002028076815919399,0.0,99.99999700806178,0.0,0.005311907009805525
1367.0,683.5,0.0020273033603556813,0.0,99.99999730789395,0.0,0.005055174350852919
1367.5,683.75,0.002026530494518586,0.0,99.99999730564227,0.0,0.005056892515678734
1368.0,684.0,0.0020257531389145174,0.0,99.9999972512818,0.0,0.004395098556398353
1368.5,684.25,0.0020249763794525045,0.0,99.99999725029434,0.0,0.0043962525762629556
1369.0,684.5,0.0020242002154470524,0.0,99.99999724928345,0.0,0.004397458629313478
1369.5,684.75,0.0020234195790886597,0.0,99.99999718017224,0.0,0.004521428899620404
1370.0,685.0,0.0020226395446057105,0.0,99.99999718090442,0.0,0.004521037583035789
1370.5,685.25,0.002021860111302398,0.0,99.99999718175866,0.0,0.00452053567500293
1371.0,685.5,0.002021081278483989,0.0,99.99999718258081,0.0,0.004520063474451277
1371.5,685.75,0.00202030809698479,0.0,99.99999724501278,0.0,0.004403052451118911
1372.0,686.0,0.0020195355068334283,0.0,99.99999724451479,0.0,0.0044039124826396915
1372.5,686.25,0.0020187584635449197,0.0,99.99999865652862,0.0,0.002938517035454212
1373.0,686.5,0.002017987057909735,0.0,99.9999984894414,0.0,0.003296269766298105
1373.5,686.75,0.0020172162415866106,0.0,99.9999984897747,0.0,0.0032961347561196942
1374.0,687.0,0.002016440981667357,0.0,99.99999892154794,0.0,0.002739369785112363
1374.5,687.25,0.0020156562607580664,0.0,99.99999795093385,0.0,0.004225604024163868
1375.0,687.5,0.0020148771747831138,0.0,99.99999741969377,0.0,0.005496201856307404
1375.5,687.75,0.002014098690835851,0.0,99.99999797798755,0.0,0.004326560575932234
1376.0,688.0,0.0020133258248904882,0.0,99.99999803401919,0.0,0.004083296440947008
1376.5,688.25,0.002012548539034226,0.0,99.9999973273631,0.0,0.004932417931782073
1377.0,688.5,0.002011776862076263,0.0,99.99999755097645,0.0,0.0040332778203832995
1377.5,688.75,0.002011000771547326,0.0,99.99999751755027,0.0,0.0042965252883514285
1378.0,689.0,0.0020102252795780517,0.0,99.99999751928617,0.0,0.004294815616338775
1378.5,689.25,0.0020094503854762497,0.0,99.99999752080384,0.0,0.004293296293650011
1379.0,689.5,0.0020086760885507948,0.0,99.99999752208943,0.0,0.004291983050514032
1379.5,689.75,0.0020079023881116272,0.0,99.99999752314486,0.0,0.004290882879143036
1380.0,690.0,0.0020096133543651335,0.0,99.99999752395094,0.0,0.004290030818623236
1380.5,690.25,0.0020113180092421303,0.0,99.99999912958857,0.0,0.002244339607617775
1381.0,690.5,0.0020130213439833993,0.0,99.99999716670615,0.0,0.00525097300564098
1381.5,690.75,0.002014728359038488,0.0,99.9999970133379,0.0,0.00476070795603542
1382.0,691.0,0.00201643406161409,0.0,99.99999702171857,0.0,0.004753349374704387
1382.5,691.25,0.002018143456777268,0.0,99.99999717170243,0.0,0.005555397595960997
1383.0,691.5,0.0020198565530094624,0.0,99.99999698463465,0.0,0.005682285380144972
1383.5,691.75,0.0020215683505637352,0.0,99.99999698899974,0.0,0.00567821819828342
1384.0,692.0,0.002023283861525165,0.0,99.99999704616994,0.0,0.00545753818925964
1384.5,692.25,0.002024993068483384,0.0,99.99999813164473,0.0,0.0034415931991592626
1385.0,692.5,0.0020266959659099347,0.0,99.99999799732015,0.0,0.00354899229676156
1385.5,692.75,0.0020259239103547224,0.0,99.99999800096123,0.0,0.0035458449316567615
1386.0,693.0,0.0020251574504281515,0.0,99.99999751719837,0.0,0.0045706092180082675
1386.5,693.25,0.0020243915702258717,0.0,99.99999752083946,0.0,0.0045669584079039705
1387.0,693.5,0.002023626269090406,0.0,99.99999752457603,0.0,0.004563210254196117
1387.5,693.75,0.0020228565500786666,0.0,99.99999771344925,0.0,0.004288322470296819
1388.0,694.0,0.002022082423931185,0.0,99.99999755648298,0.0,0.004368652334247804
1388.5,694.25,0.002021308890057085,0.0,99.9999975601522,0.0,0.0043652608288965245
1389.0,694.5,0.0020205459174610692,0.0,99.99999756160075,0.0,0.004615740208072584
1389.5,694.75,0.0020197885017559087,0.0,99.99999763623842,0.0,0.004358271200980843
1390.0,695.0,0.0020190316536830687,0.0,99.999996345167,0.0,0.005492484689335702
1390.5,695.25,0.002018275372604684,0.0,99.99999634537532,0.0,0.005493479519822094
1391.0,695.5,0.0020175295978243197,0.0,99.9999961820977,0.0,0.005858550246847624
1391.5,695.75,0.002016789340320273,0.0,99.99999797319983,0.0,0.0037724932989768823
1392.0,696.0,0.0020160397004741018,0.0,99.99999807690142,0.0,0.00431427554860573
1392.5,696.25,0.0020152906177025687,0.0,99.99999807968894,0.0,0.004310783483340044
1393.0,696.5,0.0020145371361103936,0.0,99.99999765984894,0.0,0.005281407264485267
1393.5,696.75,0.002013784217734579,0.0,99.99999834091126,0.0,0.003862316728679555
1394.0,697.0,0.0020130318619438663,0.0,99.99999834281539,0.0,0.00386026751561784
1394.5,697.25,0.0020122899564863797,0.0,99.99999810566479,0.0,0.0036407773367617166
1395.0,697.5,0.0020115436571288225,0.0,99.9999982627018,0.0,0.003432423807209271
1395.5,697.75,0.0020107929742549753,0.0,99.99999850545126,0.0,0.003390846397390275
1396.0,698.0,0.0020100428514629874,0.0,99.99999850415784,0.0,0.003392248239101551
1396.5,698.25,0.002009293288126279,0.0,99.9999985027207,0.0,0.0033939125106410084
1397.0,698.5,0.0020085344320188345,0.0,99.99999786520245,0.0,0.004864698978081235
1397.5,698.75,0.00200777614889413,0.0,99.99999786368878,0.0,0.00486717386809021
1398.0,699.0,0.0020070135197723916,0.0,99.9999983859756,0.0,0.00408318176553731
1398.5,699.25,0.002006256384378146,0.0,99.99999720862847,0.0,0.004832384074404786
1399.0,699.5,0.0020054949091283074,0.0,99.99999778214246,0.0,0.0054429956900875496
1399.5,699.75,0.0020047291045543333,0.0,99.99999856314878,0.0,0.00436440618269759
1400.0,700.0,0.002003958981235212,0.0,99.99999781304885,0.0,0.005639677785556426
1400.5,700.25,0.0020031845497971135,0.0,99.9999975798441,0.0,0.005340825275218499
1401.0,700.5,0.0020024107166870006,0.0,99.9999975740248,0.0,0.005345597416539451
1401.5,700.75,0.002001627697248312,0.0,99.99999754978523,0.0,0.005696318198559092
1402.0,701.0,0.002000850178097653,0.0,99.99999809240204,0.0,0.005194557672066219
1402.5,701.25,0.0020000732627568777,0.0,99.99999853955912,0.0,0.004140052286476396
1403.0,701.5,0.001999296950522893,0.0,99.99999854013522,0.0,0.004138930050903895
1403.5,701.75,0.001998521240693699,0.0,99.99999854080613,0.0,0.004137672811224229
1404.0,702.0,0.0019977558786223046,0.0,99.99999761982544,0.0,0.005258658179420818
1404.5,702.25,0.001996986233230436,0.0,99.99999754786309,0.0,0.0052104258438138654
1405.0,702.5,0.001996222046188532,0.0,99.99999757222247,0.0,0.005206634144210888
1405.5,702.75,0.0019954681675316134,0.0,99.99999738110957,0.0,0.005614333171256856
1406.0,703.0,0.001994719716306529,0.0,99.99999786272745,0.0,0.004957151773241916
1406.5,703.25,0.0019939718263223757,0.0,99.9999978595398,0.0,0.004958196091804751
1407.0,703.5,0.001993219645990562,0.0,99.99999736360351,0.0,0.005644856008523813
1407.5,703.75,0.0019924583384016543,0.0,99.99999863054047,0.0,0.0031333029712746234
1408.0,704.0,0.001991697612151544,0.0,99.99999863096718,0.0,0.0031348435653585486
1408.5,704.25,0.0019909423064300874,0.0,99.99999850557067,0.0,0.0033997455256277046
1409.0,704.5,0.001990197245800295,0.0,99.99999769920106,0.0,0.0061221590634063985
1409.5,704.75,0.0019894527426027094,0.0,99.99999770591077,0.0,0.006123501758766783
1410.0,705.0,0.0019887136252379656,0.0,99.9999976519502,0.0,0.006322340277156896
1410.5,705.25,0.001987979882323242,0.0,99.99999812149302,0.0,0.005624408681405311
1411.0,705.5,0.001987246680642907,0.0,99.9999981457075,0.0,0.0055935618722455305
1411.5,705.75,0.0019865092012486627,0.0,99.99999799078122,0.0,0.005915771708358072
1412.0,706.0,0.0019857722690175884,0.0,99.9999980111528,0.0,0.005891793214824515
1412.5,706.25,0.001985035883340968,0.0,99.99999750257905,0.0,0.006105736133702564
1413.0,706.5,0.0019842952359954546,0.0,99.99999732110257,0.0,0.006320282817321421
1413.5,706.75,0.0019835599451675247,0.0,99.99999746364246,0.0,0.006186207043396285
1414.0,707.0,0.0019828299995642133,0.0,99.99999737584642,0.0,0.006264260170969015
1414.5,707.25,0.0019821005909999565,0.0,99.99999873930298,0.0,0.0031652939960198512
1415.0,707.5,0.0019813669254459287,0.0,99.99999730370659,0.0,0.0048169466143113135
1415.5,707.75,0.0019806290129502665,0.0,99.99999800093315,0.0,0.004084248119344753
1416.0,708.0,0.0019798916498855335,0.0,99.99999880086881,0.0,0.003027975779706619
1416.5,708.25,0.0019791500529223274,0.0,99.99999811906206,0.0,0.0058210145297914314
1417.0,708.5,0.0019784137904379083,0.0,99.9999984342038,0.0,0.0030018680979399122
1417.5,708.75,0.0019776732999616056,0.0,99.99999669451655,0.0,0.004610555166305468
1418.0,709.0,0.001976938135595266,0.0,99.9999979318941,0.0,0.004164839490064105
1418.5,709.25,0.001976193980691692,0.0,99.99999860669175,0.0,0.0026647386548750256
1419.0,709.5,0.001975445620974939,0.0,99.99999808702138,0.0,0.0031172998317507286
1419.5,709.75,0.0019746978278323895,0.0,99.99999812496407,0.0,0.003334772488483078
1420.0,710.0,0.0019739553582403596,0.0,99.99999821799383,0.0,0.003024299337810901
1420.5,710.25,0.0019732182008297635,0.0,99.99999797286938,0.0,0.003180859363425308
1421.0,710.5,0.0019724863443253086,0.0,99.99999743024823,0.0,0.0035987551073697784
1421.5,710.75,0.0019717645246097397,0.0,99.9999988141793,0.0,0.002635258345769599
1422.0,711.0,0.0019710432329922314,0.0,99.99999881535862,0.0,0.0026342072122008987
1422.5,711.25,0.001970312988668896,0.0,99.99999867022733,0.0,0.0026680231936978445
1423.0,711.5,0.0019695880218265943,0.0,99.99999830243786,0.0,0.003510293342999214
1423.5,711.75,0.0019688541220929954,0.0,99.99999799810323,0.0,0.003933928283690127
1424.0,712.0,0.001968120769081039,0.0,99.99999711663237,0.0,0.004549028941918555
1424.5,712.25,0.0019673879621800294,0.0,99.99999711657136,0.0,0.004548336946841864
1425.0,712.5,0.0019666651458429885,0.0,99.99999707588191,0.0,0.004637730092263847
1425.5,712.75,0.001965938141360314,0.0,99.9999970360252,0.0,0.004840841150284714
1426.0,713.0,0.0019652069586082784,0.0,99.99999695001449,0.0,0.004882860180280696
1426.5,713.25,0.0019644763195452203,0.0,99.99999694958586,0.0,0.004882389508705825
1427.0,713.5,0.001963746223564955,0.0,99.99999694926738,0.0,0.004881943682047217
1427.5,713.75,0.001963026080203637,0.0,99.99999770906713,0.0,0.0041446164215154365
1428.0,714.0,0.00196230646482943,0.0,99.99999770886559,0.0,0.004144455334660708
1428.5,714.25,0.0019615920750722126,0.0,99.99999750235203,0.0,0.0037198414884316443
1429.0,714.5,0.0019608782052816815,0.0,99.99999784649131,0.0,0.004033735337098124
1429.5,714.75,0.00196016485489036,0.0,99.99999784648872,0.0,0.004032834401228049
1430.0,715.0,0.0019594473353669478,0.0,99.99999821912982,0.0,0.0031774107729578057
1430.5,715.25,0.0019587303409482264,0.0,99.99999822081195,0.0,0.0031754444700840376
1431.0,715.5,0.001958013871057973,0.0,99.99999822243838,0.0,0.003173570394792684
1431.5,715.75,0.001957302602806184,0.0,99.99999809250394,0.0,0.0031782720290858407
1432.0,716.0,0.001956596525428588,0.0,99.99999771311306,0.0,0.0034517464334941753
1432.5,716.25,0.0019558816154292553,0.0,99.99999802064814,0.0,0.004391621158773604
1433.0,716.5,0.0019551672276731363,0.0,99.99999801528834,0.0,0.004399429726791886
1433.5,716.75,0.0019544486975114784,0.0,99.99999885822243,0.0,0.0031932279746874036
1434.0,717.0,0.001953730695280035,0.0,99.99999885903223,0.0,0.0031913883146617457
1434.5,717.25,0.0019530132203971842,0.0,99.99999885996964,0.0,0.0031893906132775085
1435.0,717.5,0.001952291618495043,0.0,99.99999804578238,0.0,0.0036237102824959637
1435.5,717.75,0.0019515565987156423,0.0,99.99999783107468,0.0,0.0038474174878486344
1436.0,718.0,0.0019508174854224627,0.0,99.9999986647498,0.0,0.0034106553779865247
1436.5,718.25,0.0019500789317662857,0.0,99.9999986648752,0.0,0.0034108204323337896
1437.0,718.5,0.0019493502165944686,0.0,99.99999869549718,0.0,0.0031619566550306626
1437.5,718.75,0.001948622045839014,0.0,99.99999869521079,0.0,0.003162799734012496
1438.0,719.0,0.001947894418890057,0.0,99.99999869486248,0.0,0.0031637698127119783
1438.5,719.25,0.0019471673351386435,0.0,99.99999867566282,0.0,0.003184187939872923
1439.0,719.5,0.0019464407939767283,0.0,99.99999867617458,0.0,0.003183765598498032
1439.5,719.75,0.001945728662317484,0.0,99.99999851965248,0.0,0.0028825016533229257
1440.0,720.0,0.0019450170515536388,0.0,99.99999827312033,0.0,0.0037546564762504227
1440.5,720.25,0.0019443059611138809,0.0,99.99999827212017,0.0,0.003755042991954822
1441.0,720.5,0.0019436000028477656,0.0,99.99999798230075,0.0,0.004137058466604019
1441.5,720.75,0.0019428991661427876,0.0,99.99999762055016,0.0,0.004986628794645609
1442.0,721.0,0.0019421988346806991,0.0,99.99999761803863,0.0,0.004982930904340224
1442.5,721.25,0.0019414990079153422,0.0,99.99999760773498,0.0,0.004991582225622023
1443.0,721.5,0.0019407950861627709,0.0,99.99999774463262,0.0,0.004543819423589748
1443.5,721.75,0.0019400870788779238,0.0,99.99999764470276,0.0,0.004775347959792327
1444.0,722.0,0.001939374995560039,0.0,99.99999906931255,0.0,0.0029202543215036472
1444.5,722.25,0.0019386542567545175,0.0,99.99999827393333,0.0,0.004043520428442505
1445.0,722.5,0.0019379340534529063,0.0,99.99999826917414,0.0,0.004047850399418306
1445.5,722.75,0.0019372189672423133,0.0,99.9999976580869,0.0,0.004243500575102625
1446.0,723.0,0.0019365135662351481,0.0,99.99999866943418,0.0,0.003474737468358493
1446.5,723.25,0.0019358178298513036,0.0,99.9999989552836,0.0,0.0029819621677160306
1447.0,723.5,0.001935122593206042,0.0,99.99999895204121,0.0,0.0029857438078536385
1447.5,723.75,0.001934423286771757,0.0,99.99999891255881,0.0,0.0031489013382981
1448.0,724.0,0.0019337244855797042,0.0,99.99999899104992,0.0,0.002531099241331894
1448.5,724.25,0.0019330261890825324,0.0,99.9999989912705,0.0,0.0025311478662734216
1449.0,724.5,0.0019323192786008026,0.0,99.99999900242639,0.0,0.0026260900661587813
1449.5,724.75,0.0019316128849664385,0.0,99.99999900494491,0.0,0.0026225556590503893
1450.0,725.0,0.00193091156000679,0.0,99.9999987733332,0.0,0.00279043277373862
1450.5,725.25,0.001930210744132772,0.0,99.99999877298039,0.0,0.0027913473337115523
1451.0,725.5,0.0019295104367902747,0.0,99.99999877255658,0.0,0.0027923520068147815
1451.5,725.75,0.0019288151799403221,0.0,99.99999893798537,0.0,0.002470099998331692
1452.0,726.0,0.0019281204239510695,0.0,99.99999893732678,0.0,0.002470463052337692
1452.5,726.25,0.001927421632307258,0.0,99.99999908135183,0.0,0.0023386794648334306
1453.0,726.5,0.0019267278796818428,0.0,99.99999859640955,0.0,0.002953682582280504
1453.5,726.75,0.0019260346262928419,0.0,99.99999859554262,0.0,0.0029540104548631137
1454.0,727.0,0.00192534187160156,0.0,99.9999986020825,0.0,0.0031564646632461705
1454.5,727.25,0.0019246405692612107,0.0,99.99999822629415,0.0,0.003621170556054205
1455.0,727.5,0.0019239397776310875,0.0,99.9999982254908,0.0,0.003622605492182474
1455.5,727.75,0.0019232440124646877,0.0,99.99999826114764,0.0,0.0035653528754231723
1456.0,728.0,0.001922553263410924,0.0,99.9999981806805,0.0,0.003677213350936499
1456.5,728.25,0.001921858500527983,0.0,99.99999828388059,0.0,0.004082465191610292
1457.0,728.5,0.001921164239603663,0.0,99.99999828199648,0.0,0.004084533105644283
1457.5,728.75,0.0019228153768952629,0.0,99.99999848143013,0.0,0.0038482632307182485
1458.0,729.0,0.0019244743442488456,0.0,99.99999789769518,0.0,0.00464659734624542
1458.5,729.25,0.001926132129852236,0.0,99.99999789817024,0.0,0.004646675300623875
1459.0,729.5,0.0019277887349676984,0.0,99.99999860776573,0.0,0.004313229369255836
1459.5,729.75,0.0019294441608556992,0.0,99.99999861289652,0.0,0.004304812630282827
1460.0,730.0,0.0019310938886145045,0.0,99.99999812989812,0.0,0.0046367582765074935
1460.5,730.25,0.001932742435161873,0.0,99.99999814053602,0.0,0.004618739418544444
1461.0,730.5,0.0019343898017659786,0.0,99.99999815074628,0.0,0.004601365622943732
1461.5,730.75,0.0019360359896931803,0.0,99.99999816034834,0.0,0.004584953426025831
1462.0,731.0,0.001937681000208026,0.0,99.99999851306897,0.0,0.0033883412903940578
1462.5,731.25,0.0019393067095339121,0.0,99.99999825550596,0.0,0.0034666481122450003
1463.0,731.5,0.0019409312265704377,0.0,99.9999982820194,0.0,0.0033291147510057227
1463.5,731.75,0.0019425545526287526,0.0,99.99999828183175,0.0,0.00332914951956161
1464.0,732.0,0.0019441721514260374,0.0,99.99999876819913,0.0,0.002572043672530943
1464.5,732.25,0.0019457976370457473,0.0,99.99999886440094,0.0,0.0027367889854506547
1465.0,732.5,0.0019474219398654762,0.0,99.99999869804708,0.0,0.0028896165521956414
1465.5,732.75,0.0019490450611757684,0.0,99.99999869785208,0.0,0.0028897890994367724
1466.0,733.0,0.0019506670022652907,0.0,99.99999869786423,0.0,0.002889726413120318
1466.5,733.25,0.001952292312674291,0.0,99.99999866776152,0.0,0.0033512170874182125
1467.0,733.5,0.00195391644969422,0.0,99.99999867251935,0.0,0.0033456377300324397
1467.5,733.75,0.0019555439671468614,0.0,99.9999986271027,0.0,0.0034449810809871117
1468.0,734.0,0.0019571703180343587,0.0,99.999998674265,0.0,0.003008218579010243
1468.5,734.25,0.0019587909467567123,0.0,99.9999986480354,0.0,0.003070072022424687
1469.0,734.5,0.001960410407151428,0.0,99.99999804725627,0.0,0.0037745940590923717
1469.5,734.75,0.0019620241394059995,0.0,99.99999781702547,0.0,0.004883838882565469
1470.0,735.0,0.001963632138499971,0.0,99.99999759400747,0.0,0.005297634946315415
1470.5,735.25,0.0019652343995000964,0.0,99.999997692014,0.0,0.005176783713869979
1471.0,735.5,0.0019645133649606053,0.0,99.99999769087971,0.0,0.005177242836932438
1471.5,735.75,0.0019637928593149007,0.0,99.99999768967626,0.0,0.0051778104930496754
1472.0,736.0,0.001963072881981265,0.0,99.99999768839866,0.0,0.005178498781506515
1472.5,736.25,0.0019623488805797047,0.0,99.99999752192265,0.0,0.005275127255056221
1473.0,736.5,0.001961625413019535,0.0,99.99999752851598,0.0,0.005268148135924457
1473.5,736.75,0.0019609070238020736,0.0,99.99999757200048,0.0,0.0053393089044821915
1474.0,737.0,0.0019601891605710037,0.0,99.9999975729832,0.0,0.005338039675396964
1474.5,737.25,0.0019594763612107062,0.0,99.9999976712062,0.0,0.00513380476922409
1475.0,737.5,0.0019587595449009738,0.0,99.99999886349843,0.0,0.0033975822025172674
1475.5,737.75,0.001958047784698065,0.0,99.99999760676513,0.0,0.006430489866471957
1476.0,738.0,0.0019573365415760493,0.0,99.99999765885399,0.0,0.006342278824269102
1476.5,738.25,0.0019566258149716566,0.0,99.99999769231069,0.0,0.006315052151897605
1477.0,738.5,0.0019559110823401575,0.0,99.99999821041382,0.0,0.004898376721445727
1477.5,738.75,0.001955196871685005,0.0,99.99999822743254,0.0,0.004891789017641301
1478.0,739.0,0.0019544696364132016,0.0,99.99999849250608,0.0,0.0037227087232764577
1478.5,739.25,0.0019537429419304183,0.0,99.99999829888566,0.0,0.003978632776410449
1479.0,739.5,0.0019530122790452863,0.0,99.99999851347769,0.0,0.004088252220939414
1479.5,739.75,0.0019522821624640293,0.0,99.99999851347347,0.0,0.004088505013071188
1480.0,740.0,0.0019515525915741831,0.0,99.9999985134636,0.0,0.004088747133823078
1480.5,740.25,0.0019508235657641993,0.0,99.99999851353232,0.0,0.0040888784536134105
1481.0,740.5,0.0019501040747032777,0.0,99.99999859712425,0.0,0.003900260204031598
1481.5,740.75,0.0019493806223270904,0.0,99.99999881186898,0.0,0.0032315483453040916
1482.0,741.0,0.0019486666835581824,0.0,99.99999812531377,0.0,0.00468168368004236
1482.5,741.25,0.0019479622380842736,0.0,99.99999862300538,0.0,0.003915334344174249
1483.0,741.5,0.0019472583017421748,0.0,99.99999860477209,0.0,0.003942701736210938
1483.5,741.75,0.0019465548739801294,0.0,99.99999883008527,0.0,0.0032342765669032244
1484.0,742.0,0.0019458474786784798,0.0,99.99999859464256,0.0,0.0036792846714789307
1484.5,742.25,0.0019451405973375025,0.0,99.99999833439713,0.0,0.004147440531674365
1485.0,742.5,0.001944438698467203,0.0,99.9999984249168,0.0,0.0042392369061095905
1485.5,742.75,0.001943741771837801,0.0,99.99999794751615,0.0,0.004841711547473634
1486.0,743.0,0.0019430453446149395,0.0,99.99999794984079,0.0,0.00483898772399928
1486.5,743.25,0.0019423494162620104,0.0,99.99999795248566,0.0,0.004835862566793154
1487.0,743.5,0.001941653986243175,0.0,99.99999795539738,0.0,0.004832393086514213
1487.5,743.75,0.0019409590540233604,0.0,99.99999795853483,0.0,0.004828620842255919
1488.0,744.0,0.0019402735189360146,0.0,99.99999814365,0.0,0.004625660916171446
1488.5,744.25,0.0019395884679314496,0.0,99.99999814493809,0.0,0.004623992130607188
1489.0,744.5,0.0019389039004971019,0.0,99.9999981462684,0.0,0.004622220943210924
1489.5,744.75,0.0019382331378299121,0.0,99.99999859073027,0.0,0.0037685956258143092
1490.0,745.0,0.0019375717142013013,0.0,99.99999728493859,0.0,0.005454807752181051
1490.5,745.25,0.001936910741841393,0.0,99.99999728653654,0.0,0.005452432527720968
1491.0,745.5,0.0019362457887798447,0.0,99.99999800609554,0.0,0.0045404203070819535
1491.5,745.75,0.001935581292126348,0.0,99.99999761201234,0.0,0.005158719682420738
1492.0,746.0,0.0019349172514111631,0.0,99.99999761118052,0.0,0.005159889655441767
1492.5,746.25,0.0019342580885597551,0.0,99.99999797459488,0.0,0.004012110275601261
1493.0,746.5,0.0019335993746657342,0.0,99.99999797615128,0.0,0.004009921020314019
1493.5,746.75,0.0019329322765418333,0.0,99.99999818685225,0.0,0.0032030815748560204
1494.0,747.0,0.0019322700518698025,0.0,99.99999806890821,0.0,0.0033753006530086067
1494.5,747.25,0.0019316082808001334,0.0,99.99999806903472,0.0,0.003374919000145884
1495.0,747.5,0.0019309513701537913,0.0,99.99999813525058,0.0,0.0032586532804050918
1495.5,747.75,0.0019302905018755306,0.0,99.99999804881601,0.0,0.00329327610928461
1496.0,748.0,0.0019319109724332043,0.0,99.99999804823919,0.0,0.0032936304581667104
1496.5,748.25,0.0019335303345372297,0.0,99.99999804778136,0.0,0.0032938744908161564
1497.0,748.5,0.001935139767692055,0.0,99.9999986651801,0.0,0.002777059436406267
1497.5,748.75,0.001936756911943638,0.0,99.99999709395678,0.0,0.004944099204794063
1498.0,749.0,0.0019406462898806228,0.0,99.9999971063293,0.0,0.005146843230551641
1498.5,749.25,0.0019445241380566598,0.0,99.99999694667477,0.0,0.005211947212582666
1499.0,749.5,0.0019483992852834398,0.0,99.99999694915645,0.0,0.005209927529727174
1499.5,749.75,0.0019522672922416716,0.0,99.99999851773924,0.0,0.0035512489783780057
1500.0,750.0,0.001956141488168756,0.0,99.99999763213192,0.0,0.004073224267560722
1500.5,750.25,0.001960013006118788,0.0,99.999997629137,0.0,0.004076016311698913
1501.0,750.5,0.0019638907767597167,0.0,99.99999685518345,0.0,0.0053109246655587
1501.5,750.75,0.0019677703752851677,0.0,99.9999973372633,0.0,0.004909793320895422
1502.0,751.0,0.0019716473477027355,0.0,99.9999973387262,0.0,0.004908655192124756
1502.5,751.25,0.0019755261825340777,0.0,99.99999760193245,0.0,0.0047037052191709295
1503.0,751.5,0.0019793979180002634,0.0,99.99999792486042,0.0,0.004631234638141634
1503.5,751.75,0.0019832625349453584,0.0,99.99999773009696,0.0,0.00531747055689999
1504.0,752.0,0.0019848606174164146,0.0,99.9999972086785,0.0,0.005125871342919472
1504.5,752.25,0.0019864531153979594,0.0,99.99999863374258,0.0,0.0035183848096793408
1505.0,752.5,0.0019880490370316637,0.0,99.99999814544029,0.0,0.003934134392063595
1505.5,752.75,0.001989639372198529,0.0,99.99999671907173,0.0,0.005029370220442598
1506.0,753.0,0.001988963292527116,0.0,99.99999672839253,0.0,0.005022538649625672
1506.5,753.25,0.0019882876721635198,0.0,99.99999695147177,0.0,0.005428310732219876
1507.0,753.5,0.001987621509777377,0.0,99.99999759765797,0.0,0.004733920617647553
1507.5,753.75,0.001986955793628163,0.0,99.999997601549,0.0,0.004728829411742868
1508.0,754.0,0.0019862905232676514,0.0,99.99999730180285,0.0,0.005359793361270226
1508.5,754.25,0.0019856256982482166,0.0,99.99999730473638,0.0,0.005355801649525798
1509.0,754.5,0.0019849613181228327,0.0,99.9999973076905,0.0,0.005351918312395341
1509.5,754.75,0.001984306351588349,0.0,99.99999777750784,0.0,0.005266202701985887
1510.0,755.0,0.001983651817142547,0.0,99.99999780907251,0.0,0.005237829815176512
1510.5,755.25,0.0019829842784127995,0.0,99.99999784065761,0.0,0.005116759403208763
1511.0,755.5,0.001982321664427712,0.0,99.99999788444883,0.0,0.004770793958575204
1511.5,755.75,0.0019816594931194886,0.0,99.99999788258664,0.0,0.0047729783794237726
1512.0,756.0,0.0019809932944053863,0.0,99.99999744589836,0.0,0.005045583546602966
1512.5,756.25,0.001980327543469092,0.0,99.9999974427785,0.0,0.005049037365453858
1513.0,756.5,0.0019796711671491835,0.0,99.99999696390235,0.0,0.006034448281023651
1513.5,756.75,0.0019790196865124626,0.0,99.99999742250289,0.0,0.0054068187239189585
1514.0,757.0,0.0019783730923233264,0.0,99.9999981941969,0.0,0.00353497345328648
1514.5,757.25,0.0019777224656207415,0.0,99.99999803749398,0.0,0.003818031849592981
1515.0,757.5,0.001977085622669381,0.0,99.999998684526,0.0,0.002458354685696316
1515.5,757.75,0.001976444740586,0.0,99.99999815894233,0.0,0.0033564389879227607
1516.0,758.0,0.0019757998276238417,0.0,99.99999827464109,0.0,0.0034732860678547747
1516.5,758.25,0.0019751508920798247,0.0,99.99999729290136,0.0,0.004098475247346181
1517.0,758.5,0.0019745023826711556,0.0,99.99999724694615,0.0,0.005205653944448312
1517.5,758.75,0.001973849861515773,0.0,99.99999766359387,0.0,0.004870979665674281
1518.0,759.0,0.0019731977715001024,0.0,99.99999766114576,0.0,0.0048730926684152675
1518.5,759.25,0.0019725416806144983,0.0,99.99999761266459,0.0,0.004763895354698484
1519.0,759.5,0.0019718904545229956,0.0,99.99999732377246,0.0,0.0049478177205672345
1519.5,759.75,0.0019712485097765397,0.0,99.99999737424105,0.0,0.004878031194226307
1520.0,760.0,0.001970606982861555,0.0,99.99999742990504,0.0,0.004832331146842448
1520.5,760.25,0.001969970293386464,0.0,99.99999729752315,0.0,0.005074827840293109
1521.0,760.5,0.0019715769924366806,0.0,99.99999729692912,0.0,0.005075961308781905
1521.5,760.75,0.0019731870783153468,0.0,99.99999717304445,0.0,0.005259982665042381
1522.0,761.0,0.0019747872788731385,0.0,99.99999692597369,0.0,0.005216790420564329
1522.5,761.25,0.0019763908682674984,0.0,99.9999975308486,0.0,0.004693348627790739
1523.0,761.5,0.001977997853995533,0.0,99.99999717929941,0.0,0.00478022501191311
1523.5,761.75,0.0019795993774563043,0.0,99.99999687145724,0.0,0.005107690970958276
1524.0,762.0,0.0019811998683677374,0.0,99.99999687281748,0.0,0.0051061904161784355
1524.5,762.25,0.0019827904530653807,0.0,99.99999809532363,0.0,0.0040514843077291245
1525.0,762.5,0.0019843755592941262,0.0,99.99999807375242,0.0,0.0043184057029600825
1525.5,762.75,0.0019859507403704874,0.0,99.99999720535658,0.0,0.004644065278846736
1526.0,763.0,0.0019875248720069754,0.0,99.9999971884401,0.0,0.004657275844446652
1526.5,763.25,0.0019890979552520008,0.0,99.99999717226305,0.0,0.004669937944387855
1527.0,763.5,0.001990665543612555,0.0,99.99999762564946,0.0,0.00432535079869011
1527.5,763.75,0.0019922320816368466,0.0,99.99999762502667,0.0,0.004326343406088197
1528.0,764.0,0.0019937931188461454,0.0,99.9999973676999,0.0,0.004509581954604529
1528.5,764.25,0.00199535755736095,0.0,99.99999882724566,0.0,0.0030605891485878077
1529.0,764.5,0.00199692094870479,0.0,99.99999872218702,0.0,0.0032061202437364393
1529.5,764.75,0.0019984788364213846,0.0,99.99999860741717,0.0,0.0033345169590483286
1530.0,765.0,0.0020000356751068023,0.0,99.99999860659217,0.0,0.003335444846317652
1530.5,765.25,0.002001587004395467,0.0,99.99999833673473,0.0,0.003611132257433197
1531.0,765.5,0.0020031283561869704,0.0,99.99999843733501,0.0,0.003530880713131344
1531.5,765.75,0.0020046731157743274,0.0,99.99999854224836,0.0,0.0034588716182898287
1532.0,766.0,0.0020062212899936093,0.0,99.99999839898156,0.0,0.003773297082650027
1532.5,766.25,0.002007763947504318,0.0,99.99999763307197,0.0,0.004388135683733274
1533.0,766.5,0.002007080410049643,0.0,99.99999773593281,0.0,0.004243830933590895
1533.5,766.75,0.0020063928748584735,0.0,99.99999871395096,0.0,0.003210676010032158
1534.0,767.0,0.0020057102704818153,0.0,99.9999987162655,0.0,0.002851976081451684
1534.5,767.25,0.00200503258733673,0.0,99.99999870554367,0.0,0.002864191076810171
1535.0,767.5,0.002004355361983912,0.0,99.99999870471709,0.0,0.002865958457002174
1535.5,767.75,0.0020036830448873872,0.0,99.9999981955654,0.0,0.0034134349068399507
1536.0,768.0,0.002003011178667709,0.0,99.99999819393089,0.0,0.00341541763665112
1536.5,768.25,0.0020023397628714705,0.0,99.99999819232205,0.0,0.0034174451167170465
1537.0,768.5,0.002001668797045874,0.0,99.99999819072329,0.0,0.003419530169908505
1537.5,768.75,0.002000993841730704,0.0,99.99999808460542,0.0,0.0036423642994815324
1538.0,769.0,0.0020003104694741977,0.0,99.99999750642051,0.0,0.0035250425285082484
1538.5,769.25,0.001999627563824033,0.0,99.99999750391821,0.0,0.0035267819973716355
1539.0,769.5,0.001998949554225385,0.0,99.99999838941174,0.0,0.0030154334546972045
1539.5,769.75,0.0019982675773331767,0.0,99.99999853733846,0.0,0.002895710611193287
1540.0,770.0,0.0019975904895204013,0.0,99.99999841936246,0.0,0.002910722005944157
1540.5,770.25,0.0019969094394927584,0.0,99.99999779325137,0.0,0.0034575293127361325
1541.0,770.5,0.0019962288536954577,0.0,99.99999779552418,0.0,0.0034556652102128342
1541.5,770.75,0.0019977610916669247,0.0,99.99999779769422,0.0,0.0034539179334878325
1542.0,771.0,0.001999287864278432,0.0,99.99999819692349,0.0,0.0034303143536866974
1542.5,771.25,0.002000813590498678,0.0,99.9999982955421,0.0,0.0031028914503576878
1543.0,771.5,0.0020023426967533758,0.0,99.99999848092914,0.0,0.003234062562925487
1543.5,771.75,0.002003866335266501,0.0,99.99999836880596,0.0,0.0032811628766783512
1544.0,772.0,0.0020053845015581486,0.0,99.99999836229807,0.0,0.0032420126651872554
1544.5,772.25,0.002006901622079892,0.0,99.99999835993314,0.0,0.0032448867616404115
1545.0,772.5,0.002008422130604822,0.0,99.9999982986879,0.0,0.0033087822161969077
1545.5,772.75,0.0020099415991721953,0.0,99.99999829606146,0.0,0.003311964939110322
1546.0,773.0,0.0020114644652305573,0.0,99.99999843915795,0.0,0.0034132681361992052
1546.5,773.25,0.002012986297141471,0.0,99.9999984044207,0.0,0.0034519372544429753
1547.0,773.5,0.002014507095957982,0.0,99.99999830122995,0.0,0.0036972168388197516
1547.5,773.75,0.002016017978914435,0.0,99.99999834462761,0.0,0.004011964249497197
1548.0,774.0,0.002017523379924321,0.0,99.99999753563597,0.0,0.004413379747765659
1548.5,774.25,0.002019023294728962,0.0,99.99999836640545,0.0,0.004164992382773907
1549.0,774.5,0.0020205132719989436,0.0,99.99999849788031,0.0,0.0029022403378857428
1549.5,774.75,0.002022002200220022,0.0,99.999998494216,0.0,0.002905856303823632
1550.0,775.0,0.0020234945310661397,0.0,99.99999870815928,0.0,0.002685942631747205
1550.5,775.25,0.0020249769139439777,0.0,99.99999867423458,0.0,0.002995134161830093
1551.0,775.5,0.0020264627016572155,0.0,99.99999834980235,0.0,0.0036704547684070186
1551.5,775.75,0.0020279519004084466,0.0,99.9999983581465,0.0,0.00357271451844393
1552.0,776.0,0.0020294400590382565,0.0,99.99999809982617,0.0,0.004014278605004398
1552.5,776.25,0.002030931637743273,0.0,99.99999831330835,0.0,0.0038450770474796944
1553.0,776.5,0.002032422181934708,0.0,99.99999736238507,0.0,0.004923306886282324
1553.5,776.75,0.002033916155262182,0.0,99.99999754648863,0.0,0.004730691656769593
1554.0,777.0,0.002035418028364252,0.0,99.99999817631272,0.0,0.004540026267016107
1554.5,777.25,0.0020369144145131798,0.0,99.99999780997139,0.0,0.004762698506680636
1555.0,777.5,0.0020384097773530484,0.0,99.99999780843953,0.0,0.00476484421392971
1555.5,777.75,0.0020399085875550237,0.0,99.99999811742043,0.0,0.004052941063699611
1556.0,778.0,0.002039216029858854,0.0,99.99999811478621,0.0,0.004056860839526438
1556.5,778.25,0.002038532869426605,0.0,99.99999847042936,0.0,0.003616129566542393
1557.0,778.5,0.0020378457059679767,0.0,99.99999844153767,0.0,0.003256494871853215
1557.5,778.75,0.0020371634632216505,0.0,99.99999851985714,0.0,0.0032442967481087688
1558.0,779.0,0.002036477222516307,0.0,99.99999830537733,0.0,0.00481051561460291
1558.5,779.25,0.00203579589560806,0.0,99.99999775008878,0.0,0.00505814434630172
1559.0,779.5,0.0020351150244388677,0.0,99.99999774656821,0.0,0.005062165087112499
1559.5,779.75,0.002034434608551618,0.0,99.99999774313217,0.0,0.005066052900848971
1560.0,780.0,0.002033750204794932,0.0,99.99999697566783,0.0,0.006671814253704263
1560.5,780.25,0.0020330662613636612,0.0,99.99999697876477,0.0,0.006670683137547382
1561.0,780.5,0.00203237834109028,0.0,99.99999684388624,0.0,0.006726955403820033
1561.5,780.75,0.002031682018850343,0.0,99.99999736584049,0.0,0.006586481728759889
1562.0,781.0,0.002030986173587145,0.0,99.99999736374204,0.0,0.0065869857510269065
1562.5,781.25,0.0020302952324044716,0.0,99.99999748091501,0.0,0.005911471449492398
1563.0,781.5,0.0020296091857800913,0.0,99.99999714911796,0.0,0.006332956254054013
1563.5,781.75,0.0020289191810227408,0.0,99.99999852728395,0.0,0.0035691424565332504
1564.0,782.0,0.0020282340638752123,0.0,99.9999985300635,0.0,0.0034712149952436924
1564.5,782.25,0.0020275405780341787,0.0,99.99999711290857,0.0,0.005049118912704338
1565.0,782.5,0.002026847566258975,0.0,99.99999711249042,0.0,0.005049786802145716
1565.5,782.75,0.0020261550280636616,0.0,99.99999712695123,0.0,0.004925064923647478
1566.0,783.0,0.002025462962962963,0.0,99.9999973183923,0.0,0.004589061037653378
1566.5,783.25,0.0020247801775977975,0.0,99.99999741239147,0.0,0.004645023832446079
1567.0,783.5,0.0020240978524126117,0.0,99.99999766760298,0.0,0.004573523201528806
1567.5,783.75,0.002023415986942338,0.0,99.99999766620635,0.0,0.004575907624694989
1568.0,784.0,0.0020227345807225356,0.0,99.9999976650017,0.0,0.004578159520709577
1568.5,784.25,0.0020220580250292124,0.0,99.99999747567058,0.0,0.005181886400437743
1569.0,784.5,0.002021381921767526,0.0,99.9999974761374,0.0,0.005181990976422649
1569.5,784.75,0.0020207062704837974,0.0,99.99999747669705,0.0,0.005182150603506562
1570.0,785.0,0.0020200223048649777,0.0,99.99999831994684,0.0,0.004510707903451212
1570.5,785.25,0.0020193344221688648,0.0,99.999998232524,0.0,0.004660983278582309
1571.0,785.5,0.002018642630870271,0.0,99.99999780449699,0.0,0.005327892882212689
1571.5,785.75,0.002017955687340417,0.0,99.99999822713252,0.0,0.004797774230722381
1572.0,786.0,0.002017264840222224,0.0,99.99999807745783,0.0,0.005047958875801154
1572.5,786.25,0.0020165744659651616,0.0,99.99999807605074,0.0,0.005049542042323713
1573.0,786.5,0.0020158845640839093,0.0,99.99999807463963,0.0,0.00505108593525383
1573.5,786.75,0.002015199496091898,0.0,99.99999838563224,0.0,0.004627650099626926
1574.0,787.0,0.0020145148935617747,0.0,99.99999732833645,0.0,0.006484949103144322
1574.5,787.25,0.0020138220438887747,0.0,99.99999828292879,0.0,0.0036431262826079297
1575.0,787.5,0.0020131340236948687,0.0,99.99999797099379,0.0,0.004181283002882912
1575.5,787.75,0.002012455173695849,0.0,99.99999781993527,0.0,0.005497083505747588
1576.0,788.0,0.0020117680870051884,0.0,99.9999984309887,0.0,0.004591295277037959
1576.5,788.25,0.0020110858135284943,0.0,99.99999829069937,0.0,0.004753297472607538
1577.0,788.5,0.002010404002669022,0.0,99.99999780743727,0.0,0.005562117003821519
1577.5,788.75,0.0020097226539564123,0.0,99.99999765104253,0.0,0.0058979585914732775
1578.0,789.0,0.002009041766920944,0.0,99.99999765307349,0.0,0.005895607127085274
1578.5,789.25,0.0020105142127391533,0.0,99.99999853545106,0.0,0.003980632890936032
1579.0,789.5,0.0020119856551676545,0.0,99.99999782144275,0.0,0.005996942775600506
1579.5,789.75,0.0020134647762230073,0.0,99.99999907964165,0.0,0.002766835714712912
1580.0,790.0,0.002014942902767691,0.0,99.99999908151209,0.0,0.0027665319176163957
1580.5,790.25,0.00201641569185032,0.0,99.99999905061189,0.0,0.0027929136090225474
1581.0,790.5,0.0020178831393696107,0.0,99.99999729910037,0.0,0.005579516820571123
1581.5,790.75,0.0020215024133165126,0.0,99.99999729386523,0.0,0.005585527659754193
1582.0,791.0,0.0020251192259352997,0.0,99.9999972890612,0.0,0.005590886392686195
1582.5,791.25,0.002026595298384963,0.0,99.99999685536596,0.0,0.0048536751724916945
1583.0,791.5,0.002028070386731301,0.0,99.9999968535885,0.0,0.004855489327108433
1583.5,791.75,0.0020295488553688447,0.0,99.99999690853018,0.0,0.004790506891325413
1584.0,792.0,0.002031026345313165,0.0,99.99999690466471,0.0,0.004794494264318574
1584.5,792.25,0.002032507224424463,0.0,99.99999719348376,0.0,0.004557494472834483
1585.0,792.5,0.002033982761620227,0.0,99.99999786471798,0.0,0.0033175945260077062
1585.5,792.75,0.0020354660637564655,0.0,99.99999810772287,0.0,0.0036131844688365123
1586.0,793.0,0.0020369483980227218,0.0,99.99999811605957,0.0,0.0036018970936734732
1586.5,793.25,0.0020384253914849607,0.0,99.99999797947055,0.0,0.0036606213132689336
1587.0,793.5,0.0020399014154899517,0.0,99.9999979800695,0.0,0.003660770389518511
1587.5,793.75,0.002041372093671532,0.0,99.99999820335796,0.0,0.0033170261850269884
1588.0,794.0,0.002042828663908598,0.0,99.999998238552,0.0,0.0031804494302536384
1588.5,794.25,0.0020442754929082497,0.0,99.99999760511469,0.0,0.0038816312608268883
1589.0,794.5,0.002045721336338009,0.0,99.99999779510796,0.0,0.004211999065903298
1589.5,794.75,0.0020471618114384096,0.0,99.99999834229155,0.0,0.0037345991327854375
1590.0,795.0,0.0020486100705132872,0.0,99.99999720512164,0.0,0.0043827622558328195
1590.5,795.25,0.0020500573502473763,0.0,99.99999720346877,0.0,0.004384545254240444
1591.0,795.5,0.002051503651633716,0.0,99.99999720184192,0.0,0.0043863106608820705
1591.5,795.75,0.0020529489756640007,0.0,99.99999720027498,0.0,0.004388025134818191
1592.0,796.0,0.0020543933233285877,0.0,99.99999719881252,0.0,0.004389643703622353
1592.5,796.25,0.0020558323022116225,0.0,99.99999753542413,0.0,0.003931511652088968
1593.0,796.5,0.002057279093515405,0.0,99.99999777336453,0.0,0.003728270531500006
1593.5,796.75,0.00205872491462912,0.0,99.999997774437,0.0,0.0037272005085592632
1594.0,797.0,0.0020601697665283258,0.0,99.99999777562127,0.0,0.003726026087894809
1594.5,797.25,0.0020616224499160197,0.0,99.99999819209664,0.0,0.0033657527017035157
1595.0,797.5,0.0020609406935513464,0.0,99.99999819357338,0.0,0.0033640712214201077
1595.5,797.75,0.0020602593879366056,0.0,99.99999825481282,0.0,0.0032220370567544476
1596.0,798.0,0.002059578532624918,0.0,99.9999982568629,0.0,0.0032197964888898457
1596.5,798.25,0.0020588981271699954,0.0,99.99999825903365,0.0,0.0032174567363610147
1597.0,798.5,0.0020582137857710525,0.0,99.99999821658929,0.0,0.0037624488912178142
1597.5,798.75,0.002057529899146956,0.0,99.99999822563275,0.0,0.0037514597689947493
1598.0,799.0,0.0020568420873327484,0.0,99.9999982757754,0.0,0.0037913262871852346
1598.5,799.25,0.002056159111807377,0.0,99.99999824366175,0.0,0.0037294175443427302
1599.0,799.5,0.002055472216016086,0.0,99.99999842809235,0.0,0.0031736192424135106
1599.5,799.75,0.002054785779010555,0.0,99.99999843529044,0.0,0.0031661462959661477
1600.0,800.0,0.0020540954325082928,0.0,99.99999720869143,0.0,0.0044281018297997335
1600.5,800.25,0.0020534055497217485,0.0,99.99999721777468,0.0,0.004421723941141947
1601.0,800.5,0.0020548410951219307,0.0,99.99999894512179,0.0,0.0025151536846935406
1601.5,800.75,0.0020562756768928146,0.0,99.99999894954865,0.0,0.0025101747932847886
1602.0,801.0,0.0020577005567895624,0.0,99.99999875420738,0.0,0.002733553028363609
1602.5,801.25,0.002059120097648994,0.0,99.99999849897559,0.0,0.00309141607531953
1603.0,801.5,0.0020605386685227786,0.0,99.99999798241703,0.0,0.00386794353705882
1603.5,801.75,0.002061951896274486,0.0,99.9999981297595,0.0,0.003607449356548189
1604.0,802.0,0.0020633641530240056,0.0,99.99999812937651,0.0,0.003607889748609292
1604.5,802.25,0.0020647710626787333,0.0,99.9999977353764,0.0,0.003988185161791096
1605.0,802.5,0.0020661770003772098,0.0,99.99999810941186,0.0,0.0034112165503983674
1605.5,802.75,0.0020675775871200086,0.0,99.99999889045203,0.0,0.0026921375841877245
1606.0,803.0,0.0020689772010147943,0.0,99.99999871279186,0.0,0.0027212675389324
1606.5,803.25,0.002070375843074826,0.0,99.99999871341441,0.0,0.00272069641307428
1607.0,803.5,0.0020717735143119553,0.0,99.99999864488387,0.0,0.003066256267837281
1607.5,803.75,0.0020731789872732195,0.0,99.99999876926947,0.0,0.0029324060103042113
1608.0,804.0,0.0020745791099822993,0.0,99.9999989007994,0.0,0.0027655390919890466
1608.5,804.25,0.002075978267763144,0.0,99.99999875416992,0.0,0.0033644600861662587
1609.0,804.5,0.0020773808517472823,0.0,99.99999894977555,0.0,0.0029031487115204007
1609.5,804.75,0.002078782475694723,0.0,99.99999895039473,0.0,0.0029030895244282376
1610.0,805.0,0.0020780756681414527,0.0,99.99999885885693,0.0,0.0030997920713535564
1610.5,805.25,0.0020773693410685787,0.0,99.99999885905781,0.0,0.003100160103228927
1611.0,805.5,0.0020766634939863287,0.0,99.99999885929815,0.0,0.003100468521127529
1611.5,805.75,0.0020759581264055966,0.0,99.99999885959727,0.0,0.0031006835451489884
1612.0,806.0,0.0020752619912813687,0.0,99.99999797181715,0.0,0.004322355804193702
1612.5,806.25,0.0020745663228733586,0.0,99.99999797650851,0.0,0.004315989799974392
1613.0,806.5,0.0020738667498461463,0.0,99.9999982832119,0.0,0.004025760822125853
1613.5,806.75,0.002073154544822486,0.0,99.9999980447823,0.0,0.004496896699002339
1614.0,807.0,0.002072451558550969,0.0,99.99999801107529,0.0,0.004524459410401315
1614.5,807.25,0.002071753410813542,0.0,99.9999979943251,0.0,0.004520272500179496
1615.0,807.5,0.002071051374281499,0.0,99.99999799323483,0.0,0.0046691078770004805
1615.5,807.75,0.002070349813373955,0.0,99.99999799407898,0.0,0.0046653396756438995
1616.0,808.0,0.0020696487276077257,0.0,99.99999799488477,0.0,0.004661704401960665
1616.5,808.25,0.002068948116500282,0.0,99.9999979957911,0.0,0.00465798333361624
1617.0,808.5,0.0020682479795697457,0.0,99.99999799691088,0.0,0.004653992756761667
1617.5,808.75,0.0020675439720797516,0.0,99.99999773191365,0.0,0.005160537931202272
1618.0,809.0,0.0020668361024176103,0.0,99.99999813129745,0.0,0.004814085426381345
1618.5,809.25,0.0020661287172994186,0.0,99.99999813557523,0.0,0.0048069894150558085
1619.0,809.5,0.002065426151569535,0.0,99.99999791769696,0.0,0.0047630790819808075
1619.5,809.75,0.002064728395890687,0.0,99.99999800726728,0.0,0.004594582667741859
1620.0,810.0,0.002064035440998792,0.0,99.99999767277717,0.0,0.0051313453191548335
1620.5,810.25,0.00206333429790018,0.0,99.9999981127594,0.0,0.004708873258220645
1621.0,810.5,0.0020626336309898124,0.0,99.99999811096038,0.0,0.0047077246471153395
1621.5,810.75,0.0020619420812204017,0.0,99.99999822256463,0.0,0.004319565452965277
1622.0,811.0,0.002061255312864621,0.0,99.99999810994133,0.0,0.00463844536550271
1622.5,811.25,0.0020605603719060185,0.0,99.9999989948207,0.0,0.003515483237630519
1623.0,811.5,0.0020598702114297675,0.0,99.99999903067277,0.0,0.0034814057550648847
1623.5,811.75,0.002059180513120998,0.0,99.99999902915224,0.0,0.003483025482840604
1624.0,812.0,0.0020584826639778084,0.0,99.99999865665436,0.0,0.003995549864786939
1624.5,812.25,0.002057780984347062,0.0,99.9999988379226,0.0,0.003700711529335641
1625.0,812.5,0.0020570711821887738,0.0,99.99999894570837,0.0,0.003264035682996173
1625.5,812.75,0.002056348977467932,0.0,99.99999908987441,0.0,0.0033279940491216017
1626.0,813.0,0.002055631573999603,0.0,99.99999891562977,0.0,0.0035240894598766825
1626.5,813.25,0.0020549189622659243,0.0,99.99999842763901,0.0,0.004316528879921089
1627.0,813.5,0.0020542025560626115,0.0,99.99999853660502,0.0,0.004414855669965488
1627.5,813.75,0.002053495219989023,0.0,99.99999859367159,0.0,0.003990207577160672
1628.0,814.0,0.0020527798059872746,0.0,99.99999844937759,0.0,0.004243408816210533
1628.5,814.25,0.00205206489029586,0.0,99.99999844955109,0.0,0.004240786027499882
1629.0,814.5,0.0020513504723943263,0.0,99.99999844989198,0.0,0.004237757419273021
1629.5,814.75,0.0020506365517629433,0.0,99.99999845071846,0.0,0.004233864601916479
1630.0,815.0,0.00204992739840464,0.0,99.99999879482537,0.0,0.003106250387298707
1630.5,815.25,0.0020492272705500635,0.0,99.9999987955376,0.0,0.00305591009869127
1631.0,815.5,0.0020485276207725697,0.0,99.99999879478364,0.0,0.003056929234622628
1631.5,815.75,0.002047824186801523,0.0,99.99999877337031,0.0,0.003459230560369542
1632.0,816.0,0.002047116976924165,0.0,99.99999803860493,0.0,0.004719935417834499
1632.5,816.25,0.002046410255343751,0.0,99.99999804065514,0.0,0.004716563793919972
1633.0,816.5,0.0020457125274944594,0.0,99.99999840860902,0.0,0.004920498921503492
1633.5,816.75,0.002045019525364269,0.0,99.99999881139667,0.0,0.003919891242781773
1634.0,817.0,0.0020443269925955474,0.0,99.99999822587236,0.0,0.005536274017424052
1634.5,817.25,0.002043630684367056,0.0,99.99999867926583,0.0,0.004544163171585341
1635.0,817.5,0.002042930608872215,0.0,99.99999802544676,0.0,0.0048816994443886515
1635.5,817.75,0.002042235251387952,0.0,99.999998785083,0.0,0.003605449717649431
1636.0,818.0,0.0020415446027701933,0.0,99.9999989487172,0.0,0.0033282760493152093
1636.5,818.25,0.002040854421125332,0.0,99.9999989481378,0.0,0.0033253104293294897
1637.0,818.5,0.0020401731659174973,0.0,99.99999808133067,0.0,0.0045485262663804964
1637.5,818.75,0.002039496592548376,0.0,99.99999793076088,0.0,0.005354872183023405
1638.0,819.0,0.0020388204677684032,0.0,99.99999805673944,0.0,0.005027315941989261
1638.5,819.25,0.0020381447911315847,0.0,99.99999864633288,0.0,0.0039014681523016296
1639.0,819.5,0.002037469562192516,0.0,99.99999864718919,0.0,0.0038979729409197093
1639.5,819.75,0.002036803212518888,0.0,99.99999833806578,0.0,0.0038251771489046017
1640.0,820.0,0.0020361415118350726,0.0,99.99999810102052,0.0,0.004769942912566359
1640.5,820.25,0.002035476030408026,0.0,99.99999786095934,0.0,0.004920139513484572
1641.0,820.5,0.002034810983843518,0.0,99.999998516083,0.0,0.004832142117947801
1641.5,820.75,0.0020341505767561088,0.0,99.9999984705889,0.0,0.0038425792571640063
1642.0,821.0,0.0020334863958933495,0.0,99.99999749667987,0.0,0.004298201237044844
1642.5,821.25,0.002032822648619168,0.0,99.9999975223915,0.0,0.004271151737334846
1643.0,821.5,0.002032159334509122,0.0,99.9999975523446,0.0,0.0042400774146866506
1643.5,821.75,0.0020314964531393228,0.0,99.99999758751319,0.0,0.004204093363799038
1644.0,822.0,0.0020308340040864343,0.0,99.9999976288885,0.0,0.004162335343076089
1644.5,822.25,0.00203017617555247,0.0,99.9999974277601,0.0,0.0050596008175169665
1645.0,822.5,0.0020295229589784736,0.0,99.99999843114175,0.0,0.0045595300627269825
1645.5,822.75,0.0020288659793814435,0.0,99.99999849954962,0.0,0.004346611362776198
1646.0,823.0,0.002028209424990261,0.0,99.99999851369594,0.0,0.00432826434627993
1646.5,823.25,0.0020275700067997776,0.0,99.99999809512713,0.0,0.004453485968474088
1647.0,823.5,0.0020269435174885674,0.0,99.99999662356697,0.0,0.0056610117779299154
1647.5,823.75,0.0020263215879442104,0.0,99.99999670861854,0.0,0.005460682329145687
1648.0,824.0,0.002025704210129756,0.0,99.99999713244642,0.0,0.004903108324820958
1648.5,824.25,0.002025083040752738,0.0,99.99999730480232,0.0,0.006024859512376858
1649.0,824.5,0.002024458087133993,0.0,99.99999792707364,0.0,0.005227918774272687
1649.5,824.75,0.0020238293566320516,0.0,99.99999681561937,0.0,0.006615115183340224
1650.0,825.0,0.002023201016535145,0.0,99.99999681329192,0.0,0.006617143183986423
1650.5,825.25,0.0020225730664797568,0.0,99.99999681129587,0.0,0.006618833595366209
1651.0,825.5,0.0020219413513718996,0.0,99.99999704798488,0.0,0.00526126655750515
1651.5,825.75,0.00202131418288785,0.0,99.99999712740868,0.0,0.005235359764797071
1652.0,826.0,0.0020206874033550804,0.0,99.99999712379987,0.0,0.005239063220338431
1652.5,826.25,0.002020061012411879,0.0,99.99999719570276,0.0,0.0050630344055029326
1653.0,826.5,0.0020194350096969823,0.0,99.99999719398875,0.0,0.005062195558969865
1653.5,826.75,0.0020188052529969205,0.0,99.99999693196997,0.0,0.0053020922395614215
1654.0,827.0,0.0020181758889511025,0.0,99.99999807085459,0.0,0.004343501792897881
1654.5,827.25,0.0020175551905913035,0.0,99.99999658753839,0.0,0.00633773923644503
1655.0,827.5,0.0020169348739108245,0.0,99.99999658505158,0.0,0.006339972157918974
1655.5,827.75,0.0020163190701982304,0.0,99.9999967761506,0.0,0.005801338135454958
1656.0,828.0,0.0020157077715367315,0.0,99.99999689151439,0.0,0.005435246100976071
1656.5,828.25,0.0020150927167914153,0.0,99.99999677981292,0.0,0.005594022424725951
1657.0,828.5,0.002014482161391958,0.0,99.9999972207869,0.0,0.005209427745736031
1657.5,828.75,0.0020138719758662823,0.0,99.99999720050556,0.0,0.005227862144837442
1658.0,829.0,0.0020132621598783857,0.0,99.99999718171321,0.0,0.005245055883870693
1658.5,829.25,0.0020126485964639565,0.0,99.99999781345585,0.0,0.004702541644767794
1659.0,829.5,0.0020120395210364455,0.0,99.99999780661294,0.0,0.005156205545459976
1659.5,829.75,0.0020114308141388868,0.0,99.99999780030325,0.0,0.005165057085806863
1660.0,830.0,0.0020108224754369045,0.0,99.99999759446973,0.0,0.005508276017765311
1660.5,830.25,0.002010214504596527,0.0,99.99999758746199,0.0,0.005516919322559433
1661.0,830.5,0.0020096069012841876,0.0,99.99999790961749,0.0,0.003885767397282515
1661.5,830.75,0.0020090037668820627,0.0,99.99999620203259,0.0,0.006852535487208304
1662.0,831.0,0.0020083968951490274,0.0,99.99999656868756,0.0,0.006447064374683901
1662.5,831.25,0.0020077944867269277,0.0,99.9999976850419,0.0,0.005612918494692781
1663.0,831.5,0.002007192439575144,0.0,99.99999768059017,0.0,0.005619408471760704
1663.5,831.75,0.0020065989371551157,0.0,99.99999690472296,0.0,0.006444144047813001
1664.0,832.0,0.0020060016961315156,0.0,99.9999971470154,0.0,0.005722762792363258
1664.5,832.25,0.0020054048105259295,0.0,99.99999714365788,0.0,0.005729219385467683
1665.0,832.5,0.0020048082800211892,0.0,99.99999714017568,0.0,0.005735832793540942
1665.5,832.75,0.0020042121043005014,0.0,99.99999713657405,0.0,0.005742584466344584
1666.0,833.0,0.0020036162830474515,0.0,99.99999713289608,0.0,0.005749403087593539
1666.5,833.25,0.0020030167386246357,0.0,99.99999744135309,0.0,0.004974368062754201
1667.0,833.5,0.0020024134780334837,0.0,99.99999701399798,0.0,0.005597722076655094
1667.5,833.75,0.0020018065083123797,0.0,99.9999976682039,0.0,0.0049274867407011905
1668.0,834.0,0.0020012039763760313,0.0,99.99999730105418,0.0,0.005229598018221877
1668.5,834.25,0.0020005977395685295,0.0,99.9999972390858,0.0,0.005164382862866303
1669.0,834.5,0.0019999918699517482,0.0,99.9999972349386,0.0,0.0051676459869990235
1669.5,834.75,0.001999382304653847,0.0,99.99999777524742,0.0,0.004060178875468952
1670.0,835.0,0.0019987649907374306,0.0,99.99999665086814,0.0,0.005529922396343262
1670.5,835.25,0.001998148057897558,0.0,99.99999664942254,0.0,0.0055302655750421575
1671.0,835.5,0.0019975355608020185,0.0,99.999998230808,0.0,0.0041986230111113985
1671.5,835.75,0.0019969234390918057,0.0,99.99999822972613,0.0,0.004199222752294037
1672.0,836.0,0.0019963116924219277,0.0,99.99999822867188,0.0,0.004199785127839539
1672.5,836.25,0.001995700320447816,0.0,99.99999774313734,0.0,0.004644602342488362
1673.0,836.5,0.001995085277730469,0.0,99.99999709949317,0.0,0.005394999059454694
1673.5,836.75,0.001994474656591597,0.0,99.99999688340304,0.0,0.00547040525554531
1674.0,837.0,0.0019938522887762732,0.0,99.99999773082443,0.0,0.00417191404354448
1674.5,837.25,0.0019932222341509463,0.0,99.99999820472014,0.0,0.003797164171765013
1675.0,837.5,0.0019925925775926487,0.0,99.9999982035553,0.0,0.0037980161195950175
1675.5,837.75,0.001991963318724253,0.0,99.99999820249809,0.0,0.003798724953056548
1676.0,838.0,0.0019913425169840876,0.0,99.99999758409432,0.0,0.003973924681555246
1676.5,838.25,0.0019907180746681127,0.0,99.99999756454426,0.0,0.004322441353188055
1677.0,838.5,0.001990094023852814,0.0,99.99999756526401,0.0,0.004321495367282669
1677.5,838.75,0.001989466341828328,0.0,99.99999755593882,0.0,0.0044024393942968055
1678.0,839.0,0.001988839055624837,0.0,99.99999755324626,0.0,0.004404312606327306
1678.5,839.25,0.0019882121648680485,0.0,99.99999806786633,0.0,0.003880646873153724
1679.0,839.5,0.0019875816544597373,0.0,99.9999986751997,0.0,0.003238132085493723
1679.5,839.75,0.001986951543825003,0.0,99.99999867602791,0.0,0.003236734780256781
1680.0,840.0,0.001986329851873085,0.0,99.99999809735596,0.0,0.0038439609531066192
1680.5,840.25,0.001985708548838542,0.0,99.99999809475293,0.0,0.0038465587432951484
1681.0,840.5,0.0019850836297173476,0.0,99.99999780785713,0.0,0.0041352205462865665
1681.5,840.75,0.001984455101703324,0.0,99.99999800869291,0.0,0.0034930819853112665
1682.0,841.0,0.0019838309711497754,0.0,99.9999970804026,0.0,0.004732225593523991
1682.5,841.25,0.0019832112301351366,0.0,99.99999842666408,0.0,0.0033061508014175078
1683.0,841.5,0.0019825918762088977,0.0,99.99999842520592,0.0,0.003307174214370401
1683.5,841.75,0.00198197290900851,0.0,99.99999773771545,0.0,0.0054103940946145365
1684.0,842.0,0.0019813543281718784,0.0,99.99999774024884,0.0,0.005406326904184906
1684.5,842.25,0.0019807361333373593,0.0,99.99999774319403,0.0,0.005401771470379072
1685.0,842.5,0.00198011433952924,0.0,99.9999966988125,0.0,0.00503649784791499
1685.5,842.75,0.001979492935986337,0.0,99.9999973217879,0.0,0.004086939491583483
1686.0,843.0,0.0019788838612368022,0.0,99.99999807968463,0.0,0.003495246106981493
1686.5,843.25,0.001978271183987262,0.0,99.99999754460332,0.0,0.003961136840185784
1687.0,843.5,0.0019776549112768536,0.0,99.99999741444671,0.0,0.004226715372272226
1687.5,843.75,0.0019770390224104605,0.0,99.99999741258596,0.0,0.004227827218988834
1688.0,844.0,0.001976419547271376,0.0,99.99999777723222,0.0,0.0038304235694813973
1688.5,844.25,0.0019758083947761552,0.0,99.99999871803207,0.0,0.003123012569676153
1689.0,844.5,0.001975201584978833,0.0,99.9999984951305,0.0,0.003096228938699125
1689.5,844.75,0.0019745951477936306,0.0,99.99999849447889,0.0,0.0030967230199377372
1690.0,845.0,0.0019739811629236586,0.0,99.99999871515554,0.0,0.0028780208473022486
1690.5,845.25,0.001973367559762554,0.0,99.99999871282151,0.0,0.002880522823483383
1691.0,845.5,0.00197275433795447,0.0,99.9999987105846,0.0,0.0028829260261440965
1691.5,845.75,0.0019721414971440024,0.0,99.9999987084468,0.0,0.0028852385216906603
1692.0,846.0,0.0019715329871129064,0.0,99.99999872285936,0.0,0.0028332625831820686
1692.5,846.25,0.0019709209047808853,0.0,99.99999735414279,0.0,0.0040983184342702015
1693.0,846.5,0.0019703052571508665,0.0,99.99999800033683,0.0,0.003530326291768316
1693.5,846.75,0.001969689994014865,0.0,99.99999800310397,0.0,0.0035270101804228734
1694.0,847.0,0.001969075115012797,0.0,99.9999980060585,0.0,0.0035235766309972797
1694.5,847.25,0.001968464557635602,0.0,99.99999738094452,0.0,0.003926213882193968
1695.0,847.5,0.0019678543787759704,0.0,99.99999737590855,0.0,0.003929492231169533
1695.5,847.75,0.001967240645110987,0.0,99.99999729762888,0.0,0.004060755285651001
1696.0,848.0,0.0019666312246676312,0.0,99.99999826893384,0.0,0.0036279340747473053
1696.5,848.25,0.0019660221816852246,0.0,99.99999826920983,0.0,0.003627201838187797
1697.0,848.5,0.00196541351581319,0.0,99.99999873406756,0.0,0.002995733519877012
1697.5,848.75,0.0019648091499404967,0.0,99.99999767606302,0.0,0.004506054435060481
1698.0,849.0,0.001964205155639305,0.0,99.99999767268795,0.0,0.004509602434603305
1698.5,849.25,0.001963593695746744,0.0,99.99999748701522,0.0,0.004414620076629272
1699.0,849.5,0.001962982616432399,0.0,99.99999729622377,0.0,0.004543602437870326
1699.5,849.75,0.001962371917341066,0.0,99.99999729438794,0.0,0.0045449397120607485
1700.0,850.0,0.0019617615981179846,0.0,99.9999986914895,0.0,0.0030216957257410996
1700.5,850.25,0.0019611516584088365,0.0,99.99999869022686,0.0,0.0030232546979502978
1701.0,850.5,0.0019605460040924404,0.0,99.99999862671433,0.0,0.0029457172470703226
1701.5,850.75,0.001959940723743965,0.0,99.99999841945152,0.0,0.0032614125331687496
1702.0,851.0,0.0019613231065765055,0.0,99.99999834768467,0.0,0.00336612469729022
1702.5,851.25,0.001962708537782139,0.0,99.99999804343213,0.0,0.0038805332862068007
1703.0,851.5,0.0019640931143313127,0.0,99.99999803934851,0.0,0.003886178453527849
1703.5,851.75,0.001965480747041832,0.0,99.999998077692,0.0,0.0038904408089876314
1704.0,852.0,0.001966875353003413,0.0,99.99999772500962,0.0,0.004201516969654475
1704.5,852.25,0.0019682691160682335,0.0,99.99999771958342,0.0,0.004206367966935919
1705.0,852.5,0.0019696581222062555,0.0,99.999998133058,0.0,0.004289252394779856
1705.5,852.75,0.0019710462838227172,0.0,99.99999812696443,0.0,0.004296895152704752
1706.0,853.0,0.0019724336016875925,0.0,99.99999812078318,0.0,0.00430461690424363
1706.5,853.25,0.0019738200765699217,0.0,99.9999981145642,0.0,0.004312340176454822
1707.0,853.5,0.0019752135513545596,0.0,99.9999983289461,0.0,0.0039898562661407734
1707.5,853.75,0.001976606190984612,0.0,99.99999833587795,0.0,0.003980405096912847
1708.0,854.0,0.001977994071969622,0.0,99.99999854094274,0.0,0.003858138672683009
1708.5,854.25,0.0019793771903553956,0.0,99.99999717962999,0.0,0.005548807565816635
1709.0,854.5,0.0019807594695768036,0.0,99.99999718703292,0.0,0.005539523726003003
1709.5,854.75,0.0019821409103973203,0.0,99.99999719438051,0.0,0.005530369058918807
1710.0,855.0,0.0019835215135794934,0.0,99.99999720171773,0.0,0.005521316234519574
1710.5,855.25,0.001984901279884947,0.0,99.99999720910954,0.0,0.0055123199690093
1711.0,855.5,0.0019862802100743815,0.0,99.99999721667875,0.0,0.005503265782051077
1711.5,855.75,0.0019876622399607217,0.0,99.99999821624003,0.0,0.004231049828140774
1712.0,856.0,0.001989043438333716,0.0,99.9999982207699,0.0,0.0042250037097019515
1712.5,856.25,0.001990431682290698,0.0,99.99999688480743,0.0,0.005267723355914914
1713.0,856.5,0.0019918191024748404,0.0,99.99999688232694,0.0,0.005274402915421685
1713.5,856.75,0.001993205699619155,0.0,99.99999687961132,0.0,0.005281535600167001
1714.0,857.0,0.001994587531554612,0.0,99.99999874642093,0.0,0.0032218868908454046
1714.5,857.25,0.0019959645943547796,0.0,99.9999985631995,0.0,0.0034450585545181913
1715.0,857.5,0.0019973408301114442,0.0,99.99999856225413,0.0,0.0034476751311096512
1715.5,857.75,0.0019987162395694465,0.0,99.99999856127776,0.0,0.003450315058712232
1716.0,858.0,0.0020000908234727344,0.0,99.99999856032815,0.0,0.0034528772785502506
1716.5,858.25,0.001999490751615087,0.0,99.99999855948985,0.0,0.003455227127466784
1717.0,858.5,0.0019988910397193264,0.0,99.99999855886422,0.0,0.003457218916852072
1717.5,858.75,0.0019982916874616567,0.0,99.99999855856491,0.0,0.003458692826054469
1718.0,859.0,0.0019976926945186706,0.0,99.99999706295426,0.0,0.005295367565535252
1718.5,859.25,0.001997101935000542,0.0,99.99999702596953,0.0,0.004936923989006175
1719.0,859.5,0.001996511524779014,0.0,99.99999702819258,0.0,0.0049343621458701244
1719.5,859.75,0.0019959175309731724,0.0,99.99999679212122,0.0,0.005433205457712739
1720.0,860.0,0.001995327820739591,0.0,99.99999675236216,0.0,0.005312053599704287
1720.5,860.25,0.0019947384588725496,0.0,99.99999666015529,0.0,0.005416111607213564
1721.0,860.5,0.001994153370670394,0.0,99.99999848464493,0.0,0.003429814034239127
1721.5,860.75,0.0019935686255987592,0.0,99.99999663713776,0.0,0.0053116953916367065
1722.0,861.0,0.0019929842233558865,0.0,99.99999665653355,0.0,0.0052922401673849906
1722.5,861.25,0.0019924001636403687,0.0,99.9999966768765,0.0,0.00527195477892107
1723.0,861.5,0.0019918125297395503,0.0,99.99999722429442,0.0,0.004413100339026751
1723.5,861.75,0.001991229156469726,0.0,99.99999888926249,0.0,0.002285829111656247
1724.0,862.0,0.001990646124823141,0.0,99.99999888949792,0.0,0.002286344344899024
1724.5,862.25,0.001990055615473321,0.0,99.99999839567508,0.0,0.003558070210092632
1725.0,862.5,0.0019894654563594157,0.0,99.99999819614341,0.0,0.003751671608570731
1725.5,862.75,0.0019888756471699263,0.0,99.99999819714245,0.0,0.003749782608633376
1726.0,863.0,0.0019882939927220195,0.0,99.99999776071373,0.0,0.0041497044030541575
1726.5,863.25,0.0019877126783888737,0.0,99.99999735608908,0.0,0.004404780198192639
1727.0,863.5,0.0019871356018980775,0.0,99.9999977301754,0.0,0.004645589417557744
1727.5,863.75,0.001986558860385898,0.0,99.99999772628382,0.0,0.0046503924218277886
1728.0,864.0,0.001985982453560751,0.0,99.9999977230741,0.0,0.00465428032500745
1728.5,864.25,0.0019854063811313876,0.0,99.99999772046961,0.0,0.00465736554045488
1729.0,864.5,0.0019848267538187833,0.0,99.99999822447117,0.0,0.0037033209661218743
1729.5,864.75,0.001984239691453666,0.0,99.99999771500538,0.0,0.004603893339688828
1730.0,865.0,0.0019836568606525114,0.0,99.99999801567684,0.0,0.003914358046896515
1730.5,865.25,0.0019830743721406434,0.0,99.99999801170924,0.0,0.00392135075607151
1731.0,865.5,0.001982488345786674,0.0,99.99999786056583,0.0,0.004214548832281018
1731.5,865.75,0.001981898788165736,0.0,99.9999976148665,0.0,0.0043794165772046865
1732.0,866.0,0.00198130570588661,0.0,99.9999975870613,0.0,0.0043525666900762604
1732.5,866.25,0.001980709105591544,0.0,99.9999973428334,0.0,0.004234030458460315
1733.0,866.5,0.0019801128644785734,0.0,99.99999734273783,0.0,0.004232430416209067
1733.5,866.75,0.0019795169822234295,0.0,99.99999734275369,0.0,0.004230860251483596
1734.0,867.0,0.0019789137267848807,0.0,99.99999784369898,0.0,0.003372399463749536
1734.5,867.25,0.0019783069754361845,0.0,99.99999754556018,0.0,0.00385323930319396
1735.0,867.5,0.0019777005960434275,0.0,99.99999756121728,0.0,0.0038384224364735224
1735.5,867.75,0.0019770945882646848,0.0,99.99999757824423,0.0,0.003822344892313048
1736.0,868.0,0.001976488951758451,0.0,99.99999759721412,0.0,0.0038044554894711975
1736.5,868.25,0.001975883686183638,0.0,99.99999761872587,0.0,0.003784176376396669
1737.0,868.5,0.0019752826428618784,0.0,99.99999765221534,0.0,0.0037730958727223308
1737.5,868.75,0.0019746819650912095,0.0,99.99999765062164,0.0,0.003774070984895921
1738.0,869.0,0.0019740816525382443,0.0,99.99999764898874,0.0,0.003775026443885296
1738.5,869.25,0.001973489394199149,0.0,99.99999758468975,0.0,0.003979764498383818
1739.0,869.5,0.0019728974911287778,0.0,99.99999758568477,0.0,0.003977695676173039
1739.5,869.75,0.0019723097830848637,0.0,99.99999654670734,0.0,0.005548947565751848
1740.0,870.0,0.0019717224250823335,0.0,99.99999652137811,0.0,0.005986163476452328
1740.5,870.25,0.001971135416808551,0.0,99.99999651617159,0.0,0.0059913006047033375
1741.0,870.5,0.0019705564244419027,0.0,99.99999671720178,0.0,0.006031543571363081
1741.5,870.75,0.0019699816031333015,0.0,99.9999963826267,0.0,0.006246516153045175
1742.0,871.0,0.0019694186035208463,0.0,99.99999714348165,0.0,0.005138674196628411
1742.5,871.25,0.0019688559256149517,0.0,99.99999760232576,0.0,0.003912671591591639
1743.0,871.5,0.001968289744685812,0.0,99.99999816754949,0.0,0.0036340477685046055
1743.5,871.75,0.0019677277115501537,0.0,99.99999703860992,0.0,0.005081323780722937
1744.0,872.0,0.0019671698193815747,0.0,99.99999833522072,0.0,0.004022503775593734
1744.5,872.25,0.0019666122434716434,0.0,99.99999832943642,0.0,0.004034002380753699
1745.0,872.5,0.001966047352046688,0.0,99.99999806447211,0.0,0.00456848449551545
1745.5,872.75,0.001965478971509286,0.0,99.99999752324015,0.0,0.0043054946044131775
1746.0,873.0,0.0019649071081920917,0.0,99.99999766870697,0.0,0.00417439751460598
1746.5,873.25,0.001964335577549564,0.0,99.99999767234627,0.0,0.004171344084940694
1747.0,873.5,0.001963764379291494,0.0,99.99999767634597,0.0,0.004167739594730334
1747.5,873.75,0.0019631935131280086,0.0,99.9999976805028,0.0,0.004163853420512014
1748.0,874.0,0.001962622978769573,0.0,99.99999768462003,0.0,0.004159965965411515
1748.5,874.25,0.0019620565761822215,0.0,99.9999977959399,0.0,0.004126973761882608
1749.0,874.5,0.0019614905004221176,0.0,99.99999779828252,0.0,0.0041247423953798485
1749.5,874.75,0.0019609247512064622,0.0,99.9999978001945,0.0,0.004123106929994615
1750.0,875.0,0.001960363121950842,0.0,99.99999734186272,0.0,0.004519514866321012
1750.5,875.25,0.001959801814316033,0.0,99.99999733306872,0.0,0.004528245571865169
1751.0,875.5,0.0019592446173960806,0.0,99.99999752963443,0.0,0.00493725282396152
1751.5,875.75,0.001958687737222608,0.0,99.99999753369315,0.0,0.004931924094650703
1752.0,876.0,0.0019581311735256024,0.0,99.99999753790834,0.0,0.004926396833372
1752.5,876.25,0.0019575787089642803,0.0,99.99999739272675,0.0,0.006101414963187722
1753.0,876.5,0.0019570227752630774,0.0,99.99999801217187,0.0,0.005245385609148171
1753.5,876.75,0.0019564633785978743,0.0,99.99999784722968,0.0,0.00560408851466163
1754.0,877.0,0.001955904301637901,0.0,99.99999784775062,0.0,0.00560433916329117
1754.5,877.25,0.0019553455441091595,0.0,99.99999784794606,0.0,0.005604760346015082
1755.0,877.5,0.0019547908778998636,0.0,99.99999824109132,0.0,0.004352498194757711
1755.5,877.75,0.001954236526281877,0.0,99.99999824075222,0.0,0.004352522370900775
1756.0,878.0,0.001953682488987634,0.0,99.99999824100988,0.0,0.004350748554871788
1756.5,878.25,0.001953128765749872,0.0,99.99999824202665,0.0,0.00434673507669432
1757.0,878.5,0.0019525715926854703,0.0,99.99999736611981,0.0,0.005579417685088034
1757.5,878.75,0.0019520147374222229,0.0,99.99999702664559,0.0,0.005746796852724291
1758.0,879.0,0.0019514619590135197,0.0,99.9999980542635,0.0,0.004500413259139044
1758.5,879.25,0.0019509094935916572,0.0,99.99999805486236,0.0,0.004499237949298467
1759.0,879.5,0.0019522864277586635,0.0,99.99999757244312,0.0,0.005088289742242516
1759.5,879.75,0.001953655067280801,0.0,99.99999815586153,0.0,0.0045143204308907186
1760.0,880.0,0.0019550304511386707,0.0,99.99999759067005,0.0,0.005437355076599371
1760.5,880.25,0.001956401298881177,0.0,99.99999810905523,0.0,0.00442775478026684
1761.0,880.5,0.0019577713715361583,0.0,99.99999810668596,0.0,0.004127488815173131
1761.5,880.75,0.00195914443643355,0.0,99.99999663124788,0.0,0.005884770160587082
1762.0,881.0,0.0019605167307038063,0.0,99.9999966308767,0.0,0.005884917298345788
1762.5,881.25,0.001961888254995513,0.0,99.99999663052523,0.0,0.005884979948198431
1763.0,881.5,0.001963259009956528,0.0,99.9999966300979,0.0,0.00588502928984464
1763.5,881.75,0.001964625223252866,0.0,99.99999824267084,0.0,0.003962722025305872
1764.0,882.0,0.001965986890860849,0.0,99.99999697121336,0.0,0.004891153236819113
1764.5,882.25,0.0019673440088137013,0.0,99.99999677216643,0.0,0.005125844573219404
1765.0,882.5,0.00196869657320155,0.0,99.9999974006429,0.0,0.004732974051788304
1765.5,882.75,0.0019700370221173583,0.0,99.99999784855257,0.0,0.004127442944800598
1766.0,883.0,0.001971376684443575,0.0,99.99999782149345,0.0,0.00415964466937674
1766.5,883.25,0.001972715560872366,0.0,99.99999779615833,0.0,0.004189977452674977
1767.0,883.5,0.001974053652095084,0.0,99.99999777334915,0.0,0.004217451944687035
1767.5,883.75,0.0019734749636918926,0.0,99.9999972399412,0.0,0.004756661305444176
1768.0,884.0,0.0019729079513936777,0.0,99.99999700983909,0.0,0.005247062817496561
1768.5,884.25,0.00197234126482607,0.0,99.99999701464107,0.0,0.005241317013409499
1769.0,884.5,0.0019717749037084682,0.0,99.99999710568503,0.0,0.005040011836215909
1769.5,884.75,0.001971208867760592,0.0,99.99999706046275,0.0,0.005082867386110653
1770.0,885.0,0.0019706544677415344,0.0,99.9999965620734,0.0,0.00469348155180519
1770.5,885.25,0.001970100379483413,0.0,99.99999713872054,0.0,0.0041840715828271695
1771.0,885.5,0.0019695390704922893,0.0,99.9999970994476,0.0,0.004836453851181072
1771.5,885.75,0.0019689780812595344,0.0,99.99999709683286,0.0,0.004838965062384023
1772.0,886.0,0.001968413649706458,0.0,99.99999762665145,0.0,0.004218355480146627
1772.5,886.25,0.0019678457820276455,0.0,99.9999976965385,0.0,0.004038879664715705
1773.0,886.5,0.0019672782419026444,0.0,99.99999769530889,0.0,0.004039501640536023
1773.5,886.75,0.0019667072737618338,0.0,99.99999757271686,0.0,0.0037677586426347184
1774.0,887.0,0.0019661366369519155,0.0,99.99999757300895,0.0,0.0037669882244441796
1774.5,887.25,0.0019655813349923096,0.0,99.99999693296601,0.0,0.004270887035520479
1775.0,887.5,0.0019650225977598744,0.0,99.99999718932906,0.0,0.004047528290481861
1775.5,887.75,0.001964464178091075,0.0,99.99999719380187,0.0,0.004043865719294245
1776.0,888.0,0.0019639060757152527,0.0,99.99999719919643,0.0,0.004039397152496545
1776.5,888.25,0.0019633482903620566,0.0,99.9999972054943,0.0,0.004034127495366963
1777.0,888.5,0.0019627908217614426,0.0,99.99999752889208,0.0,0.004973979069068819
1777.5,888.75,0.0019622374078653334,0.0,99.99999766696834,0.0,0.004623777197226935
1778.0,889.0,0.001961684305954188,0.0,99.99999766792033,0.0,0.004623898754290905
1778.5,889.25,0.001961127781755038,0.0,99.99999748404502,0.0,0.004870728288162334
1779.0,889.5,0.0019605790370321023,0.0,99.99999740164317,0.0,0.004602746436883923
1779.5,889.75,0.0019600268694945602,0.0,99.99999807751023,0.0,0.003847292439070353
1780.0,890.0,0.0019594787406068677,0.0,99.99999697501666,0.0,0.005362685620023072
1780.5,890.25,0.0019589309182060756,0.0,99.99999697161367,0.0,0.005366423736274844
1781.0,890.5,0.0019583796784834917,0.0,99.99999817957514,0.0,0.004122658839590253
1781.5,890.75,0.0019578250274665744,0.0,99.99999708506526,0.0,0.004873295811120947
1782.0,891.0,0.0019572595326140248,0.0,99.99999733931917,0.0,0.004950934167886286
1782.5,891.25,0.00195669436434029,0.0,99.99999733609083,0.0,0.004952687060394953
1783.0,891.5,0.0019561295223625486,0.0,99.99999733259084,0.0,0.004954716457705014
1783.5,891.75,0.0019555612935563305,0.0,99.99999756563714,0.0,0.004525544802003679
1784.0,892.0,0.0019549971054654506,0.0,99.99999884813002,0.0,0.002890140743286029
1784.5,892.25,0.0019544369513819575,0.0,99.99999836006432,0.0,0.002740998824945289
1785.0,892.5,0.001953880824651526,0.0,99.99999767414043,0.0,0.0034793804228004975
1785.5,892.75,0.001953325014318062,0.0,99.99999767584009,0.0,0.003477866060935835
1786.0,893.0,0.0019527732223602013,0.0,99.99999791007669,0.0,0.003630869116428776
1786.5,893.25,0.001952214341762603,0.0,99.99999772691852,0.0,0.003808518179802346
1787.0,893.5,0.0019516557809749562,0.0,99.99999772521771,0.0,0.0038095825095080223
1787.5,893.75,0.0019510975397228304,0.0,99.99999772335624,0.0,0.003810790173364078
1788.0,894.0,0.0019505359239480361,0.0,99.99999753491282,0.0,0.004187769214837344
1788.5,894.25,0.0019499709397534707,0.0,99.99999757784141,0.0,0.004615382636378333
1789.0,894.5,0.001949406282766113,0.0,99.9999975716918,0.0,0.004620670224034471
1789.5,894.75,0.001948841952701795,0.0,99.99999756612739,0.0,0.00462556367316297
1790.0,895.0,0.001948277949276678,0.0,99.99999756114039,0.0,0.004630062004348402
1790.5,895.25,0.001947706906039215,0.0,99.99999769359614,0.0,0.004547676165061349
1791.0,895.5,0.0019471361974509529,0.0,99.99999769031993,0.0,0.004550371361004113
1791.5,895.75,0.0019465658232178057,0.0,99.99999768708643,0.0,0.004553039182965014
1792.0,896.0,0.001945999459654519,0.0,99.99999802242348,0.0,0.004061647787671036
1792.5,896.25,0.0019454334255682838,0.0,99.9999980174681,0.0,0.00406563016939885
1793.0,896.5,0.0019448713930188559,0.0,99.99999740291227,0.0,0.004335162094372372
1793.5,896.75,0.001944309685116215,0.0,99.99999739989434,0.0,0.004337199640804941
1794.0,897.0,0.0019437409653787652,0.0,99.99999753818399,0.0,0.004044800939489746
1794.5,897.25,0.0019431725782504277,0.0,99.99999813013514,0.0,0.003227541125962029
1795.0,897.5,0.0019426081872447969,0.0,99.99999727655228,0.0,0.003864647729882384
1795.5,897.75,0.0019457967396591838,0.0,99.99999750026683,0.0,0.004919488277039535
1796.0,898.0,0.001945231919898667,0.0,99.99999790497989,0.0,0.004320523595333805
1796.5,898.25,0.0019446710924265237,0.0,99.999997846395,0.0,0.004425704559887766
1797.0,898.5,0.0019441069258809235,0.0,99.9999981064715,0.0,0.004051913034984198
1797.5,898.75,0.0019435394263545452,0.0,99.99999799472626,0.0,0.004145476861128399
1798.0,899.0,0.0019429722580462962,0.0,99.99999786377755,0.0,0.004107037114322684
1798.5,899.25,0.0019424054206662901,0.0,99.99999786337897,0.0,0.0041077648779117015
1799.0,899.5,0.0019418389139249795,0.0,99.9999978628479,0.0,0.004108663448865812
1799.5,899.75,0.001941272737533154,0.0,99.99999786217818,0.0,0.004109741111596935
1800.0,900.0,0.0019407105407662046,0.0,99.99999696350994,0.0,0.004671274964324602
1800.5,900.25,0.0019401413746428034,0.0,99.99999773948959,0.0,0.0042507948138758795
1801.0,900.5,0.0019395688969829554,0.0,99.99999807459061,0.0,0.004034609321224604
1801.5,900.75,0.0019389967570655013,0.0,99.99999807275995,0.0,0.004036744310505488
1802.0,901.0,0.0019384285955784293,0.0,99.99999736559589,0.0,0.005088440660591474
1802.5,901.25,0.0019378607669572206,0.0,99.99999736149269,0.0,0.005093156178563885
1803.0,901.5,0.001937296907646128,0.0,99.99999726080195,0.0,0.005155880611370889
1803.5,901.75,0.0019367370110067467,0.0,99.99999715380106,0.0,0.005290693803435343
1804.0,902.0,0.0019361738053695053,0.0,99.9999973451421,0.0,0.005117700854297864
1804.5,902.25,0.0019356109271988972,0.0,99.99999734209561,0.0,0.005120739085556409
1805.0,902.5,0.0019350447479097954,0.0,99.99999694627391,0.0,0.0054720606554521396
1805.5,902.75,0.0019344825259243153,0.0,99.99999675291443,0.0,0.005636722988509742
1806.0,903.0,0.0019339242546333602,0.0,99.99999669005302,0.0,0.005607588018965203
1806.5,903.25,0.0019333626834774301,0.0,99.9999976646679,0.0,0.005041713497048285
1807.0,903.5,0.001932801438363861,0.0,99.99999766710556,0.0,0.005037461423829405
1807.5,903.75,0.0019322369012312393,0.0,99.99999781723274,0.0,0.0047776131106270535
1808.0,904.0,0.0019316726937849554,0.0,99.99999781801333,0.0,0.0047761339035212545
1808.5,904.25,0.0019311088157362914,0.0,99.99999781906995,0.0,0.004774221330004331
1809.0,904.5,0.0019305561011746088,0.0,99.99999800355141,0.0,0.005201454763598547
1809.5,904.75,0.0019300073123339062,0.0,99.99999786284273,0.0,0.0053438615642998856
1810.0,905.0,0.0019294480133416096,0.0,99.99999852899919,0.0,0.003879095380581768
1810.5,905.25,0.001928889038415171,0.0,99.99999852691475,0.0,0.0038835490000543827
1811.0,905.5,0.0019283339904368087,0.0,99.99999837605547,0.0,0.004393713294093871
1811.5,905.75,0.001927779261802511,0.0,99.9999983606076,0.0,0.004417038743575822
1812.0,906.0,0.0019272248522367572,0.0,99.99999834493039,0.0,0.0044409885788544495
1812.5,906.25,0.0019266707614643444,0.0,99.99999832890575,0.0,0.004465609054258647
1813.0,906.5,0.0019261097994568818,0.0,99.99999847636222,0.0,0.003894002250895322
1813.5,906.75,0.0019255491640093965,0.0,99.99999847442896,0.0,0.0038985900070071075
1814.0,907.0,0.001924992445523833,0.0,99.99999869019607,0.0,0.003486950637640167
1814.5,907.25,0.0019244324602526377,0.0,99.99999871720051,0.0,0.0035402626660410437
1815.0,907.5,0.001923869214177723,0.0,99.99999869607058,0.0,0.0035932667989613722
1815.5,907.75,0.0019233062977099236,0.0,99.99999869659028,0.0,0.003591546040976955
1816.0,908.0,0.001922743710559999,0.0,99.99999869686079,0.0,0.0035904008128506706
1816.5,908.25,0.0019221850326603823,0.0,99.99999870915515,0.0,0.003555453414868948
1817.0,908.5,0.001921626679328548,0.0,99.99999870776254,0.0,0.0035575326076343877
1817.5,908.75,0.001921065074217892,0.0,99.99999758060312,0.0,0.004464812805543574
1818.0,909.0,0.001920503797275192,0.0,99.9999975800581,0.0,0.004465159869956042
1818.5,909.25,0.0019199357044787338,0.0,99.9999979901308,0.0,0.004037751450915901
1819.0,909.5,0.001919364377936237,0.0,99.99999763954386,0.0,0.004401738643381499
1819.5,909.75,0.0019187933913185754,0.0,99.99999763820504,0.0,0.004403807435586113
1820.0,910.0,0.0019182227443224696,0.0,99.99999763668002,0.0,0.0044059558383632656
1820.5,910.25,0.0019176488732883777,0.0,99.99999762178433,0.0,0.004243578291562821
1821.0,910.5,0.0019170753455193938,0.0,99.9999976198367,0.0,0.0042455974205372815
1821.5,910.75,0.0019165021607076202,0.0,99.99999761783255,0.0,0.004247616255019942
1822.0,911.0,0.0019159328755144892,0.0,99.99999794217199,0.0,0.0052136372349114385
1822.5,911.25,0.0019153674832962139,0.0,99.99999794486858,0.0,0.005191952602527861
1823.0,911.5,0.0019148130830717164,0.0,99.99999873735833,0.0,0.0040641463965613595
1823.5,911.75,0.001914259003694965,0.0,99.9999987380361,0.0,0.004063315921266994
1824.0,912.0,0.0019137087936031687,0.0,99.9999974196222,0.0,0.005642308477573374
1824.5,912.25,0.001913162446400863,0.0,99.99999830055334,0.0,0.0047482882428851615
1825.0,912.5,0.0019126235004346028,0.0,99.99999755618606,0.0,0.004901258980535389
1825.5,912.75,0.001912081315334077,0.0,99.99999803157779,0.0,0.004544706381538798
1826.0,913.0,0.001911539437540634,0.0,99.99999803460786,0.0,0.0045408936650953476
1826.5,913.25,0.0019109907894688113,0.0,99.99999761642829,0.0,0.004859756386676679
1827.0,913.5,0.0019104283098818385,0.0,99.99999796758365,0.0,0.004815441042727989
1827.5,913.75,0.0019098661613170674,0.0,99.99999881531072,0.0,0.003034115506339055
1828.0,914.0,0.0019093043434823714,0.0,99.99999881538805,0.0,0.003034137281524924
1828.5,914.25,0.0019087428560859675,0.0,99.99999744592772,0.0,0.004727533644872621
1829.0,914.5,0.001908181698836416,0.0,99.99999744560253,0.0,0.0047278657371879074
1829.5,914.75,0.0019076173452694971,0.0,99.99999751273768,0.0,0.00466951583212196
1830.0,915.0,0.0019070533254242363,0.0,99.99999751129592,0.0,0.004671637622603157
1830.5,915.25,0.0019064861170124327,0.0,99.99999746530474,0.0,0.004996998274955228
1831.0,915.5,0.0019059192459060597,0.0,99.99999803588383,0.0,0.005143981126720508
1831.5,915.75,0.0019053562296101959,0.0,99.99999718186477,0.0,0.0057640054965328
1832.0,916.0,0.0019047935458507063,0.0,99.99999718109174,0.0,0.005765066838664017
1832.5,916.25,0.001904231194333067,0.0,99.99999718040152,0.0,0.005765966250979333
1833.0,916.5,0.001903669174763102,0.0,99.99999759482671,0.0,0.004797265550018974
1833.5,916.75,0.0019031074868469825,0.0,99.99999759406023,0.0,0.00479868982829067
1834.0,917.0,0.001902546130291226,0.0,99.99999759339457,0.0,0.00479991708686276
1834.5,917.25,0.0019019815994338288,0.0,99.99999745491482,0.0,0.0050158616333821245
1835.0,917.5,0.0019014209067861564,0.0,99.99999756508636,0.0,0.004505310238545036
1835.5,917.75,0.001900860544618649,0.0,99.99999756484623,0.0,0.004506110521256537
1836.0,918.0,0.0019003005126392082,0.0,99.99999756473011,0.0,0.004506738083889024
1836.5,918.25,0.0018997443076702177,0.0,99.99999872272272,0.0,0.003523250371581013
1837.0,918.5,0.0018991884282007398,0.0,99.99999872298639,0.0,0.003522742720125696
1837.5,918.75,0.0018986328739451273,0.0,99.99999872324756,0.0,0.003522264264910778
1838.0,919.0,0.001898077644618067,0.0,99.9999986360018,0.0,0.003632140718850375
1838.5,919.25,0.0018975401848262978,0.0,99.99999822339872,0.0,0.0037470980959415545
1839.0,919.5,0.001896999542293715,0.0,99.99999825489604,0.0,0.004883130414590551
1839.5,919.75,0.0018964592077504907,0.0,99.99999825374142,0.0,0.004885005322937928
1840.0,920.0,0.0018959191809335197,0.0,99.99999825329107,0.0,0.004885717948605781
1840.5,920.25,0.001895379461579997,0.0,99.9999982534121,0.0,0.004885487073952212
1841.0,920.5,0.0018948400494274169,0.0,99.99999825393985,0.0,0.004884586513891376
1841.5,920.75,0.0018943044213285461,0.0,99.99999776792126,0.0,0.004022744599874966
1842.0,921.0,0.0018937586705520526,0.0,99.99999745887237,0.0,0.005393876335450434
1842.5,921.25,0.001893216707270539,0.0,99.99999755234974,0.0,0.005231407136580355
1843.0,921.5,0.0018926750541026298,0.0,99.99999755231693,0.0,0.005231270234051537
1843.5,921.75,0.0018921337107822287,0.0,99.99999755236426,0.0,0.005231042736837717
1844.0,922.0,0.0018915961442232084,0.0,99.99999759049312,0.0,0.005206925800682817
1844.5,922.25,0.0018910554178187995,0.0,99.99999849535448,0.0,0.004589673070890864
1845.0,922.5,0.001890515000467133,0.0,99.99999773350862,0.0,0.004817745340884208
1845.5,922.75,0.0018899714306644202,0.0,99.99999754683768,0.0,0.005081957569294679
1846.0,923.0,0.0018894281733513733,0.0,99.99999754589555,0.0,0.005083229596043772
1846.5,923.25,0.0018888817710096914,0.0,99.99999747701402,0.0,0.00506659211789501
1847.0,923.5,0.0018883391398542026,0.0,99.99999792927119,0.0,0.004657597886749081
1847.5,923.75,0.0018877968203794252,0.0,99.99999792958224,0.0,0.004656689680800321
1848.0,924.0,0.0018872548123168979,0.0,99.99999792991804,0.0,0.004655741340739714
1848.5,924.25,0.0018867165647132812,0.0,99.99999732405232,0.0,0.005199898085596043
1849.0,924.5,0.0018861786240400046,0.0,99.99999732583444,0.0,0.005197143840014655
1849.5,924.75,0.001885644435430382,0.0,99.99999727072665,0.0,0.005280696024031611
1850.0,925.0,0.0018851105493124462,0.0,99.99999727206246,0.0,0.0052782905982473255
1850.5,925.25,0.0018845804069378856,0.0,99.99999714196079,0.0,0.005602955052525363
1851.0,925.5,0.0018840505626592863,0.0,99.99999724354083,0.0,0.005443057127565558
1851.5,925.75,0.0018835175785848431,0.0,99.99999712324299,0.0,0.005550233326165528
1852.0,926.0,0.0018829848959796814,0.0,99.9999971229769,0.0,0.005550282564292023
1852.5,926.25,0.001882452514588095,0.0,99.99999841618778,0.0,0.005036205068337053
1853.0,926.5,0.0018819204341546675,0.0,99.99999841635857,0.0,0.005036055707023557
1853.5,926.75,0.0018813852245630155,0.0,99.99999734703201,0.0,0.00652314547608063
1854.0,927.0,0.00188084689140843,0.0,99.99999815311617,0.0,0.005060187760315627
1854.5,927.25,0.001880308866239346,0.0,99.99999815414034,0.0,0.005058230242108621
1855.0,927.5,0.0018797745727702267,0.0,99.99999713431961,0.0,0.0061911097798969346
1855.5,927.75,0.0018792405828559357,0.0,99.99999711833863,0.0,0.00621053821271039
1856.0,928.0,0.001878706896237853,0.0,99.99999709895326,0.0,0.006234088252141909
1856.5,928.25,0.0018817928353558663,0.0,99.99999809583939,0.0,0.0050149330833121454
1857.0,928.5,0.0018812553103616414,0.0,99.99999813966788,0.0,0.004182904275481508
1857.5,928.75,0.0018807215131623222,0.0,99.99999822525957,0.0,0.00434719432843077
1858.0,929.0,0.001880191437673654,0.0,99.99999730489931,0.0,0.006081785206247074
1858.5,929.25,0.0018796616609010378,0.0,99.9999971007999,0.0,0.005597820993011721
1859.0,929.5,0.0018791355976250925,0.0,99.99999745524192,0.0,0.005282786846570625
1859.5,929.75,0.0018786098287267422,0.0,99.9999974589721,0.0,0.005277706351026217
1860.0,930.0,0.001878080942745776,0.0,99.99999803843993,0.0,0.004983979316431904
1860.5,930.25,0.0018775557637693476,0.0,99.99999784178179,0.0,0.005234152248578889
1861.0,930.5,0.0018770342858283912,0.0,99.99999815061744,0.0,0.004458233580009237
1861.5,930.75,0.0018765096919729303,0.0,99.99999824553917,0.0,0.0044686616293250336
1862.0,931.0,0.0018759853912626977,0.0,99.99999859666771,0.0,0.003448736085513307
1862.5,931.25,0.001875461383452046,0.0,99.99999859615255,0.0,0.0034491423541847194
1863.0,931.5,0.0018749410680998905,0.0,99.99999860644874,0.0,0.0036757453744206575
1863.5,931.75,0.001874421041373222,0.0,99.99999860569261,0.0,0.003677767186562461
1864.0,932.0,0.0018739046990788146,0.0,99.99999830637174,0.0,0.003821653728243307
1864.5,932.25,0.0018733852470005905,0.0,99.99999740865488,0.0,0.0053179997114962815
1865.0,932.5,0.0018728660828299477,0.0,99.99999740488884,0.0,0.005322311517203468
1865.5,932.75,0.0018723505967438484,0.0,99.99999823002447,0.0,0.00406686396970338
1866.0,933.0,0.0018718353943435813,0.0,99.9999982278801,0.0,0.004070047008029484
1866.5,933.25,0.0018749298711076203,0.0,99.99999887262142,0.0,0.003437652013015897
1867.0,933.5,0.001878026010117458,0.0,99.99999721952909,0.0,0.005605241377397348
1867.5,933.75,0.001877523261029997,0.0,99.99999814181334,0.0,0.005217635041577994
1868.0,934.0,0.0018770241752757218,0.0,99.99999853596441,0.0,0.0030363895242897006
1868.5,934.25,0.0018765253547862243,0.0,99.99999700461785,0.0,0.004852413165520752
1869.0,934.5,0.0018760234087236895,0.0,99.99999736561392,0.0,0.004769442001600426
1869.5,934.75,0.0018755183423164279,0.0,99.99999861767688,0.0,0.004077772419489477
1870.0,935.0,0.00187501354778575,0.0,99.99999861574602,0.0,0.004079863001061448
1870.5,935.25,0.0018745090249121887,0.0,99.9999986136472,0.0,0.00408219287518117
1871.0,935.5,0.0018739946235491437,0.0,99.99999843086188,0.0,0.0036272669128172555
1871.5,935.75,0.001873477123003339,0.0,99.99999831097404,0.0,0.0037165135869773516
1872.0,936.0,0.0018729599081924854,0.0,99.9999973188645,0.0,0.005282233716522008
1872.5,936.25,0.001872446356576562,0.0,99.9999972368513,0.0,0.005006978348906387
1873.0,936.5,0.001871929710662425,0.0,99.99999748885942,0.0,0.004444865006990797
1873.5,936.75,0.001871413349775809,0.0,99.99999749284932,0.0,0.004440265195062181
1874.0,937.0,0.0018708972736809094,0.0,99.99999742167557,0.0,0.004367090267832024
1874.5,937.25,0.0018703781118911361,0.0,99.99999822338792,0.0,0.0035468480651614526
1875.0,937.5,0.0018698592381494517,0.0,99.99999822797567,0.0,0.003541583099601703
1875.5,937.75,0.0018693406522161953,0.0,99.99999807166245,0.0,0.003979894442263577
1876.0,938.0,0.0018688223538519705,0.0,99.99999807537128,0.0,0.003975625768132307
1876.5,938.25,0.0018683043428176476,0.0,99.99999807962674,0.0,0.003970730563532953
1877.0,938.5,0.0018677866188743617,0.0,99.9999980845005,0.0,0.003965112415811914
1877.5,938.75,0.0018672691817835118,0.0,99.99999768382206,0.0,0.003986003365393421
1878.0,939.0,0.001866755388502729,0.0,99.9999975876037,0.0,0.004196642238828836
1878.5,939.25,0.0018662385225431905,0.0,99.99999872563521,0.0,0.003816845939048452
1879.0,939.5,0.0018657219427234148,0.0,99.99999872200715,0.0,0.0038177886097135
1879.5,939.75,0.0018652090004420438,0.0,99.99999829569141,0.0,0.003982741893160558
1880.0,940.0,0.001864689640553227,0.0,99.99999859994979,0.0,0.0035923393068215573
1880.5,940.25,0.0018641705698112124,0.0,99.99999863787968,0.0,0.0035513548125596984
1881.0,940.5,0.0018636551340287628,0.0,99.99999820702918,0.0,0.0043954275908391115
1881.5,940.75,0.0018631399831994314,0.0,99.99999825781566,0.0,0.0037087693451768136
1882.0,941.0,0.0018626251170869835,0.0,99.99999825946162,0.0,0.003706325814301492
1882.5,941.25,0.0018621105354554458,0.0,99.99999826309542,0.0,0.003701233336863723
1883.0,941.5,0.001861596238069105,0.0,99.99999827275812,0.0,0.0036881542415434765
1883.5,941.75,0.0018610788878708935,0.0,99.9999980414249,0.0,0.0044253701278684785
1884.0,942.0,0.0018605618251430374,0.0,99.99999808853491,0.0,0.0043670510147859306
1884.5,942.25,0.0018600417165425445,0.0,99.99999782301197,0.0,0.004740267062374001
1885.0,942.5,0.0018595218986470993,0.0,99.99999779976271,0.0,0.004768115022789109
1885.5,942.75,0.001858999041845388,0.0,99.9999987049755,0.0,0.0032668281794494573
1886.0,943.0,0.0018584664965758024,0.0,99.9999983793798,0.0,0.00403201427886425
1886.5,943.25,0.001857930930791178,0.0,99.99999748217921,0.0,0.005723973845934263
1887.0,943.5,0.0018573956735922353,0.0,99.99999748339454,0.0,0.005722485470279117
1887.5,943.75,0.001856864046425179,0.0,99.99999855265295,0.0,0.00438607081305838
1888.0,944.0,0.0018563360433216612,0.0,99.99999853022152,0.0,0.00441980225063741
1888.5,944.25,0.0018558116583590192,0.0,99.99999812394823,0.0,0.0052446990821732155
1889.0,944.5,0.001855284253498319,0.0,99.99999848018194,0.0,0.004636274748839142
1889.5,944.75,0.0018547604625107881,0.0,99.99999847205268,0.0,0.003875168989146146
1890.0,945.0,0.0018542369671971546,0.0,99.99999847226186,0.0,0.0038752614341791675
1890.5,945.25,0.0018537104568556928,0.0,99.99999865861949,0.0,0.0036384829663460324
1891.0,945.5,0.00185318755400667,0.0,99.9999973437568,0.0,0.005224691068408422
1891.5,945.75,0.00185444978706847,0.0,99.99999734509602,0.0,0.005223692281533012
1892.0,946.0,0.0018557079972093007,0.0,99.99999742903991,0.0,0.005115428447173431
1892.5,946.25,0.001856968806134954,0.0,99.99999752413757,0.0,0.004892025641100606
1893.0,946.5,0.0018582322183940023,0.0,99.99999887102257,0.0,0.002761595469296322
1893.5,946.75,0.0018594949233827476,0.0,99.99999887173044,0.0,0.002762109251504462
1894.0,947.0,0.0018607569216949286,0.0,99.9999988733171,0.0,0.002761073307267643
1894.5,947.25,0.00186201821392362,0.0,99.99999845772861,0.0,0.0032253707688605082
1895.0,947.5,0.0018632788006612323,0.0,99.99999847757451,0.0,0.003658513393234335
1895.5,947.75,0.001864542002949075,0.0,99.99999803716697,0.0,0.0041734026657986355
1896.0,948.0,0.0018658011817927714,0.0,99.99999838256153,0.0,0.004268036140483565
1896.5,948.25,0.001867059656916664,0.0,99.9999977236097,0.0,0.005070935088902807
1897.0,948.5,0.0018683174289105219,0.0,99.99999772256828,0.0,0.00507225566052123
1897.5,948.75,0.0018695711726711742,0.0,99.9999980807894,0.0,0.005032687805062131
1898.0,949.0,0.001870820884905392,0.0,99.99999820235385,0.0,0.0048189274727741625
1898.5,949.25,0.0018720665623666618,0.0,99.99999777581681,0.0,0.0043715816153419625
1899.0,949.5,0.0018733082018551795,0.0,99.99999787378238,0.0,0.004369364365369314
1899.5,949.75,0.0018745491309554692,0.0,99.99999788967037,0.0,0.004356928722538442
1900.0,950.0,0.0018757893502770165,0.0,99.99999792391843,0.0,0.0043301166162224135
1900.5,950.25,0.001877028860428609,0.0,99.9999988147476,0.0,0.0031021836189897727
1901.0,950.5,0.001878274331020109,0.0,99.99999759256775,0.0,0.004238478438819994
1901.5,950.75,0.001879522434469625,0.0,99.99999853400251,0.0,0.0037832876788935
1902.0,951.0,0.0018807631640114194,0.0,99.99999846989871,0.0,0.00414373199937459
1902.5,951.25,0.0018820065276003973,0.0,99.99999840393966,0.0,0.004167539588562667
1903.0,951.5,0.0018832458504752447,0.0,99.99999885349362,0.0,0.0027338026677650082
1903.5,951.75,0.0018844844702879024,0.0,99.99999885372813,0.0,0.002733489017511275
1904.0,952.0,0.0018874913379212073,0.0,99.99999747031299,0.0,0.005497820762339071
1904.5,952.25,0.0018904897910007724,0.0,99.99999820493814,0.0,0.0045449967124580595
1905.0,952.5,0.0018934932204440586,0.0,99.99999852231554,0.0,0.00405275959814823
1905.5,952.75,0.0018964949373678562,0.0,99.99999852319208,0.0,0.00405262517905071
1906.0,953.0,0.0018977280371614803,0.0,99.99999824070609,0.0,0.0035806080767912503
1906.5,953.25,0.001898963799343415,0.0,99.99999795930013,0.0,0.0037611434172957546
1907.0,953.5,0.001900198866250062,0.0,99.99999796277623,0.0,0.003759190718963049
1907.5,953.75,0.001903198647243192,0.0,99.999998021006,0.0,0.004439777055923669
1908.0,954.0,0.0019061967308195585,0.0,99.9999980266042,0.0,0.004430602961288046
1908.5,954.25,0.0019091964934424403,0.0,99.999997899803,0.0,0.004805507817442381
1909.0,954.5,0.001912194570215714,0.0,99.9999979048757,0.0,0.004797397424588904
1909.5,954.75,0.0019151909625601368,0.0,99.99999791010306,0.0,0.004789110405364966
1910.0,955.0,0.0019181822838379896,0.0,99.99999816480309,0.0,0.003973251151562716
1910.5,955.25,0.0019211719148680695,0.0,99.99999816761627,0.0,0.003968743419269618
1911.0,955.5,0.0019241598570825854,0.0,99.99999817035915,0.0,0.003964309300401661
1911.5,955.75,0.0019271461119121278,0.0,99.99999817310103,0.0,0.00395982380383644
1912.0,956.0,0.0019301306807856726,0.0,99.99999817593522,0.0,0.0039551415593526
1912.5,956.25,0.0019331169747424863,0.0,99.99999802381285,0.0,0.003968150063107388
1913.0,956.5,0.0019361015941980432,0.0,99.99999918060182,0.0,0.002458319384917057
1913.5,956.75,0.0019390879587926181,0.0,99.99999799096393,0.0,0.004241074697081509
1914.0,957.0,0.0019420760828572133,0.0,99.99999855415454,0.0,0.00353274495210925
1914.5,957.25,0.0019450625538459912,0.0,99.99999855417563,0.0,0.003532692024762318
1915.0,957.5,0.0019480473731303325,0.0,99.99999855428193,0.0,0.003532496228764467
1915.5,957.75,0.0019510271065986272,0.0,99.99999887964495,0.0,0.00300407543266206
1916.0,958.0,0.001954005182514646,0.0,99.99999887973391,0.0,0.0030040906367912517
1916.5,958.25,0.001956978158223092,0.0,99.99999885034839,0.0,0.0031336617914640916
1917.0,958.5,0.0019599529189047488,0.0,99.9999988367287,0.0,0.0033468434157639857
1917.5,958.75,0.0019629260261829003,0.0,99.9999988378638,0.0,0.003344794490510297
1918.0,959.0,0.001964139075817175,0.0,99.99999883901486,0.0,0.003342738613447694
1918.5,959.25,0.001965351451600144,0.0,99.99999884017953,0.0,0.003340682820150556
1919.0,959.5,0.0019665596980039156,0.0,99.9999987506485,0.0,0.0035069500811966367
1919.5,959.75,0.0019677672693539576,0.0,99.99999875118426,0.0,0.003506349318532372
1920.0,960.0,0.0019689776246155574,0.0,99.99999849963474,0.0,0.0034705868438905376
1920.5,960.25,0.0019701838487067376,0.0,99.99999903205321,0.0,0.0027645967390050002
1921.0,960.5,0.0019713893994371973,0.0,99.99999904849481,0.0,0.0027318082014773704
1921.5,960.75,0.0019725977392345126,0.0,99.99999858222725,0.0,0.003749316589873905
1922.0,961.0,0.001973801946080994,0.0,99.99999845250986,0.0,0.004174362890600964
1922.5,961.25,0.001975005481254111,0.0,99.99999845161017,0.0,0.0041760303638737895
1923.0,961.5,0.001976204880016132,0.0,99.9999990456068,0.0,0.0031930610550675543
1923.5,961.75,0.0019774105388268414,0.0,99.9999987204339,0.0,0.003976556706413431
1924.0,962.0,0.0019786120623481868,0.0,99.99999884556688,0.0,0.0036095788658235288
1924.5,962.25,0.0019798129164396304,0.0,99.9999988438009,0.0,0.0036124198941436575
1925.0,962.5,0.001981013101660478,0.0,99.99999884201162,0.0,0.0036152853934302096
1925.5,962.75,0.0019804650152868784,0.0,99.9999987981985,0.0,0.003770643386487058
1926.0,963.0,0.0019799103000850784,0.0,99.99999843695639,0.0,0.00436703875567451
1926.5,963.25,0.0019793524314883296,0.0,99.99999828368695,0.0,0.004423113709946515
1927.0,963.5,0.001978791415089553,0.0,99.99999844999375,0.0,0.004123067602574918
1927.5,963.75,0.00197823071662326,0.0,99.9999984481562,0.0,0.004126826455068185
1928.0,964.0,0.0019776703358192643,0.0,99.99999844671605,0.0,0.004129995240909502
1928.5,964.25,0.001977106816211227,0.0,99.9999981672766,0.0,0.004560528057854156
1929.0,964.5,0.001976550526118953,0.0,99.99999851979926,0.0,0.003733157818005757
1929.5,964.75,0.001975998001289378,0.0,99.9999984197635,0.0,0.0038453908250267238
1930.0,965.0,0.0019754492356705696,0.0,99.99999803733398,0.0,0.00444982808440553
1930.5,965.25,0.0019749007747687656,0.0,99.99999803837082,0.0,0.004448833493465216
1931.0,965.5,0.001974352618330232,0.0,99.99999803941105,0.0,0.004447854329865606
1931.5,965.75,0.0019738047661015173,0.0,99.99999804045852,0.0,0.004446885880686794
1932.0,966.0,0.0019732606605799745,0.0,99.99999804548172,0.0,0.004531026135535479
1932.5,966.25,0.0019727237366980684,0.0,99.99999806746148,0.0,0.004456375728167845
1933.0,966.5,0.0019721802269315075,0.0,99.99999866283365,0.0,0.003945763767020857
1933.5,966.75,0.00197163701656977,0.0,99.99999867006129,0.0,0.003930857373159767
1934.0,967.0,0.0019710941053655237,0.0,99.99999867721729,0.0,0.003916017527316694
1934.5,967.25,0.001970551493071708,0.0,99.99999868421997,0.0,0.0039014062139390276
1935.0,967.5,0.0019700023166251824,0.0,99.9999981923482,0.0,0.004091867447703751
1935.5,967.75,0.001969456875685653,0.0,99.99999864866899,0.0,0.0034542697011552713
1936.0,968.0,0.00196891173669853,0.0,99.99999849454125,0.0,0.0038285123341851705
1936.5,968.25,0.0019683668994131447,0.0,99.99999849532941,0.0,0.0038271535060969268
1937.0,968.5,0.0019678223635791053,0.0,99.99999849605643,0.0,0.003825863370675644
1937.5,968.75,0.0019672815508649257,0.0,99.99999799555968,0.0,0.004100172985838619
1938.0,969.0,0.0019667444553804632,0.0,99.99999802381964,0.0,0.004069459703419997
1938.5,969.25,0.001966207653085173,0.0,99.99999802351684,0.0,0.004069371514659366
1939.0,969.5,0.00196567456006952,0.0,99.99999824184935,0.0,0.003524330810064697
1939.5,969.75,0.0019651451705384603,0.0,99.99999794732553,0.0,0.0038946816207711225
1940.0,970.0,0.001964616066077803,0.0,99.99999794446408,0.0,0.0038973645372021777
1940.5,970.25,0.0019658272537983706,0.0,99.99999859422888,0.0,0.002989826893037482
1941.0,970.5,0.001965294837628799,0.0,99.9999985795936,0.0,0.002760312036375892
1941.5,970.75,0.0019647627097757357,0.0,99.99999857875576,0.0,0.002760603376777937
1942.0,971.0,0.001964227461704505,0.0,99.999998023601,0.0,0.004346084820906455
1942.5,971.25,0.00196368909874997,0.0,99.99999893510625,0.0,0.0029584649220926076
1943.0,971.5,0.001963154435393663,0.0,99.99999834537078,0.0,0.0035976500333971826
1943.5,971.75,0.001962620063108984,0.0,99.99999834490293,0.0,0.0035982006280341166
1944.0,972.0,0.0019620927834158096,0.0,99.99999881367465,0.0,0.0028999030489428395
1944.5,972.25,0.001961562387907626,0.0,99.99999897745528,0.0,0.002709975635574827
1945.0,972.5,0.0019610186903097613,0.0,99.9999986551049,0.0,0.0033420172569797227
1945.5,972.75,0.0019604786893195475,0.0,99.99999864969155,0.0,0.003385288425108327
1946.0,973.0,0.0019599457725250923,0.0,99.99999831754404,0.0,0.004164032753385343
1946.5,973.25,0.001959416536990911,0.0,99.99999825497848,0.0,0.004144703756077957
1947.0,973.5,0.001958887587193859,0.0,99.99999825428742,0.0,0.004144488269710364
1947.5,973.75,0.0019583589229025923,0.0,99.99999837256851,0.0,0.0038719876085161805
1948.0,974.0,0.0019578305438860168,0.0,99.9999981644194,0.0,0.0040905451900605
1948.5,974.25,0.0019572990656144744,0.0,99.99999835846859,0.0,0.003828701649164025
1949.0,974.5,0.001956771258279977,0.0,99.99999816699784,0.0,0.0040849218592608405
1949.5,974.75,0.001956240354888268,0.0,99.999997816357,0.0,0.004962098188131308
1950.0,975.0,0.001955709739503609,0.0,99.99999781304896,0.0,0.00496279461633858
1950.5,975.25,0.0019551827888644397,0.0,99.99999763146904,0.0,0.005378329586383226
1951.0,975.5,0.0019546527469605324,0.0,99.99999812782926,0.0,0.0046202424497880056
1951.5,975.75,0.0019541196190502497,0.0,99.99999783863943,0.0,0.004998892843284536
1952.0,976.0,0.0019535834104181912,0.0,99.99999770596621,0.0,0.004754147780385045
1952.5,976.25,0.0019530474959757215,0.0,99.99999770430432,0.0,0.004755058612258597
1953.0,976.5,0.0019525118754807973,0.0,99.99999770275517,0.0,0.004755815863948085
1953.5,976.75,0.0019519799146095005,0.0,99.99999782798186,0.0,0.005513571963308235
1954.0,977.0,0.001951451607620315,0.0,99.99999787917405,0.0,0.005506969969971564
1954.5,977.25,0.0019509235865282867,0.0,99.99999850966068,0.0,0.004479191303780325
1955.0,977.5,0.0019503992115700714,0.0,99.99999865410808,0.0,0.0035830063608888224
1955.5,977.75,0.0019498650424681296,0.0,99.99999892641918,0.0,0.003201539096969835
1956.0,978.0,0.0019493311658791276,0.0,99.99999892884512,0.0,0.0031965566411889116
1956.5,978.25,0.0019488042915011819,0.0,99.99999841502046,0.0,0.003328792014603727
1957.0,978.5,0.0019482810550320554,0.0,99.99999839518591,0.0,0.0035877295712803976
1957.5,978.75,0.0019477547480823564,0.0,99.99999782663558,0.0,0.004782018732255964
1958.0,979.0,0.0019472320749718752,0.0,99.99999796560162,0.0,0.004860955737463666
1958.5,979.25,0.0019467096823011071,0.0,99.99999795744927,0.0,0.004871274510771359
1959.0,979.5,0.0019461842238730786,0.0,99.99999873906629,0.0,0.003136678295615425
1959.5,979.75,0.0019456623931991192,0.0,99.99999758623301,0.0,0.0056588361625974914
1960.0,980.0,0.001945137499914084,0.0,99.99999793576315,0.0,0.005030466326352323
1960.5,980.25,0.0019446128897600327,0.0,99.99999732225332,0.0,0.005452339000721275
1961.0,980.5,0.0019440852237501266,0.0,99.99999748337589,0.0,0.005272581577535403
1961.5,980.75,0.0019435578440243322,0.0,99.9999974696561,0.0,0.005284336308749168
1962.0,981.0,0.001943027415224272,0.0,99.99999744460425,0.0,0.0054302462751176905
1962.5,981.25,0.0019424906092934105,0.0,99.9999973217117,0.0,0.005694242158607455
1963.0,981.5,0.0019419540998905506,0.0,99.99999867507479,0.0,0.0037849700944274202
1963.5,981.75,0.0019414145571791178,0.0,99.9999975962467,0.0,0.004995421472683204
1964.0,982.0,0.001940878641933609,0.0,99.99999769448435,0.0,0.004756756101842943
1964.5,982.25,0.0019420571064206157,0.0,99.99999750975735,0.0,0.005057015910975851
1965.0,982.5,0.0019432349206512406,0.0,99.99999750953764,0.0,0.005057223218483443
1965.5,982.75,0.001944422078355927,0.0,99.99999779991897,0.0,0.0044651185907855035
1966.0,983.0,0.0019456152580081079,0.0,99.99999763935938,0.0,0.004693463193858214
1966.5,983.25,0.001946794466788919,0.0,99.99999841352388,0.0,0.004202420727005243
1967.0,983.5,0.0019479730296458216,0.0,99.9999979531483,0.0,0.005287468535569186
1967.5,983.75,0.001949154282663308,0.0,99.99999773416384,0.0,0.005712931398952216
1968.0,984.0,0.00195034156639801,0.0,99.99999710400289,0.0,0.005359453032995194
1968.5,984.25,0.0019515282124959378,0.0,99.99999710415644,0.0,0.005359230617541962
1969.0,984.5,0.0019527042046406649,0.0,99.9999978837996,0.0,0.005137825086660476
1969.5,984.75,0.0019538828935244936,0.0,99.99999771420202,0.0,0.00532307136528579
1970.0,985.0,0.0019550609418471907,0.0,99.99999771482662,0.0,0.005321495943213677
1970.5,985.25,0.0019562383501307862,0.0,99.99999850037912,0.0,0.004035050952595269
1971.0,985.5,0.0019574117755569486,0.0,99.99999769385983,0.0,0.004289451885460417
1971.5,985.75,0.0019585812153790462,0.0,99.99999875643981,0.0,0.003459718172560383
1972.0,986.0,0.00195975001237647,0.0,99.99999875454252,0.0,0.0034619649117234247
1972.5,986.25,0.001960918167079102,0.0,99.99999875268618,0.0,0.003464177036924622
1973.0,986.5,0.0019620856800162427,0.0,99.99999875094802,0.0,0.003466254370526222
1973.5,986.75,0.0019632525517166094,0.0,99.9999987493901,0.0,0.003468114860733722
1974.0,987.0,0.001964412083180574,0.0,99.99999754254873,0.0,0.004704178742760309
1974.5,987.25,0.001965570970238562,0.0,99.99999754493625,0.0,0.004701658615973669
1975.0,987.5,0.0019667292134276136,0.0,99.99999754759504,0.0,0.0046988522615083956
1975.5,987.75,0.001967893519070677,0.0,99.99999773791004,0.0,0.004243267941107771
1976.0,988.0,0.001969063894079352,0.0,99.99999867057637,0.0,0.0036467564536000964
1976.5,988.25,0.0019702336353109463,0.0,99.99999867401547,0.0,0.0036413577357115407
1977.0,988.5,0.001971402743280121,0.0,99.99999867756067,0.0,0.0036358212335954204
1977.5,988.75,0.001972571218500982,0.0,99.99999890886818,0.0,0.004066712594690519
1978.0,989.0,0.0019737390614870762,0.0,99.99999888045976,0.0,0.004198686366180418
1978.5,989.25,0.001974912991559416,0.0,99.9999987385098,0.0,0.00397482691443072
1979.0,989.5,0.001976082934262081,0.0,99.99999901525034,0.0,0.0027640258726541896
1979.5,989.75,0.0019772522484231285,0.0,99.99999901330015,0.0,0.00276632635304283
1980.0,990.0,0.0019784209345489402,0.0,99.99999901137149,0.0,0.002768623517166265
1980.5,990.25,0.001979585629397781,0.0,99.99999799814346,0.0,0.006021677500970257
1981.0,990.5,0.0019807496950732676,0.0,99.99999801799402,0.0,0.006000185949949419
1981.5,990.75,0.001981909766212769,0.0,99.99999734729553,0.0,0.007594847428960278
1982.0,991.0,0.001981374737896551,0.0,99.99999760333019,0.0,0.004803754201800264
1982.5,991.25,0.0019808467228613815,0.0,99.99999708135911,0.0,0.005010170653946034
1983.0,991.5,0.001980315628712031,0.0,99.99999772242583,0.0,0.004064227890641099
1983.5,991.75,0.0019797814606274567,0.0,99.999998753639,0.0,0.002614915263368236
1984.0,992.0,0.0019792509374729696,0.0,99.99999865908605,0.0,0.0026584251586673894
1984.5,992.25,0.001978717343533816,0.0,99.99999822243927,0.0,0.004314819373779728
1985.0,992.5,0.001978197450210279,0.0,99.99999742944084,0.0,0.004743441905993606
1985.5,992.75,0.0019776778300112188,0.0,99.99999742890698,0.0,0.004743139855069432
1986.0,993.0,0.0019771584827214645,0.0,99.99999772148888,0.0,0.004613320690491369
1986.5,993.25,0.0019766394081260712,0.0,99.9999977189767,0.0,0.0046160616764089795
1987.0,993.5,0.0019761239522479044,0.0,99.99999763314253,0.0,0.004772531771270943
1987.5,993.75,0.0019756087651344838,0.0,99.99999886014373,0.0,0.00287843806786389
1988.0,994.0,0.001975087161087229,0.0,99.99999830844166,0.0,0.0030906332388048216
1988.5,994.25,0.0019745658323970924,0.0,99.99999830927864,0.0,0.0030903925415358396
1989.0,994.5,0.0019740414396462627,0.0,99.99999854780397,0.0,0.0033660716415165955
1989.5,994.75,0.0019735173253513268,0.0,99.99999854678684,0.0,0.003368382856915574
1990.0,995.0,0.001972993489290551,0.0,99.99999854560936,0.0,0.00337086765235253
1990.5,995.25,0.0019724632635055423,0.0,99.99999849371883,0.0,0.0034903102452587295
1991.0,995.5,0.00197193332263161,0.0,99.999998412182,0.0,0.0047415604609732055
1991.5,995.75,0.0019714169876342996,0.0,99.9999983469269,0.0,0.0035419905086352997
1992.0,996.0,0.0019708975943902884,0.0,99.99999864968777,0.0,0.0032778204039570886
1992.5,996.25,0.0019703784747548423,0.0,99.99999865350101,0.0,0.0032650390598297314
1993.0,996.5,0.0019698529784109515,0.0,99.99999790405921,0.0,0.005457461712861294
1993.5,996.75,0.001969327762290158,0.0,99.99999886024231,0.0,0.003622337415953698
1994.0,997.0,0.0019688061476688962,0.0,99.99999791190072,0.0,0.00507194954593675
1994.5,997.25,0.0019682848092939472,0.0,99.99999793135373,0.0,0.005023852678362482
1995.0,997.5,0.0019677637469459196,0.0,99.99999795071761,0.0,0.004975469840969986
1995.5,997.75,0.0019672396441774258,0.0,99.99999825569998,0.0,0.005584350551122983
1996.0,998.0,0.001966715820518222,0.0,99.99999827814032,0.0,0.005539682870494091
1996.5,998.25,0.00196619558844342,0.0,99.99999785004464,0.0,0.004245811689034974
1997.0,998.5,0.001965672320571342,0.0,99.99999783211057,0.0,0.005288723628999286
1997.5,998.75,0.0019651394036551257,0.0,99.99999872437158,0.0,0.003864353935360664
1998.0,999.0,0.0019646100829782613,0.0,99.99999848546801,0.0,0.004271990847221574
1998.5,999.25,0.0019640810473752508,0.0,99.9999984869009,0.0,0.004267612346441494
1999.0,999.5,0.001963555600424007,0.0,99.99999840920437,0.0,0.0043925897381454386
1999.5,999.75,0.001963037038656859,0.0,99.9999981938217,0.0,0.004732621936191114
2000.0,1000.0,0.0019625187507147134,0.0,99.99999819222145,0.0,0.00473394252242884
2000.5,1000.25,0.001961997437802832,0.0,99.99999786717257,0.0,0.005066256954857454
2001.0,1000.5,0.00196147969860108,0.0,99.99999881869886,0.0,0.003283706918622739
2001.5,1000.75,0.0019609622325731453,0.0,99.99999881777806,0.0,0.003284659905144717
2002.0,1001.0,0.0019604549196163084,0.0,99.9999984998247,0.0,0.00388482920889084
2002.5,1001.25,0.0019599445774026955,0.0,99.99999736808111,0.0,0.0048677284494622365
2003.0,1001.5,0.0019594345008227274,0.0,99.99999739376888,0.0,0.004844853006078024
2003.5,1001.75,0.0019589246896690644,0.0,99.99999742008356,0.0,0.004821526667574208
2004.0,1002.0,0.0019584151437345818,0.0,99.99999744629336,0.0,0.0047983862003686
2004.5,1002.25,0.001957909147646818,0.0,99.99999848689025,0.0,0.003799565671938016
2005.0,1002.5,0.001957400129822425,0.0,99.99999802681867,0.0,0.004545659091749796
2005.5,1002.75,0.0019568913765984635,0.0,99.99999790331043,0.0,0.004365400790136062
2006.0,1003.0,0.0019563894472319687,0.0,99.99999744869561,0.0,0.004985191685843339
2006.5,1003.25,0.0019558812191827197,0.0,99.99999814365083,0.0,0.004262016004242245
2007.0,1003.5,0.0019553798078131416,0.0,99.99999789010381,0.0,0.004623699002673503
2007.5,1003.75,0.001954881928146782,0.0,99.99999725640703,0.0,0.005137332075985257
2008.0,1004.0,0.0019543843019565613,0.0,99.99999725329594,0.0,0.005139966978755907
2008.5,1004.25,0.001953883657696996,0.0,99.99999764323846,0.0,0.004551413778810328
2009.0,1004.5,0.0019533832698665106,0.0,99.99999764185895,0.0,0.004552029869113463
2009.5,1004.75,0.0019528831382681425,0.0,99.99999764038739,0.0,0.004552748702367682
2010.0,1005.0,0.0019523832627051298,0.0,99.99999763899119,0.0,0.0045533933420999735
2010.5,1005.25,0.001951880378333626,0.0,99.99999777836331,0.0,0.004331345975316142
2011.0,1005.5,0.0019513744900006688,0.0,99.99999791434611,0.0,0.004231105910177342
2011.5,1005.75,0.001950868863832028,0.0,99.99999791035373,0.0,0.004235438446280079
2012.0,1006.0,0.0019503537209640462,0.0,99.99999839707056,0.0,0.0037372412489981217
2012.5,1006.25,0.0019498388500796143,0.0,99.99999839763028,0.0,0.0037364992539264032
2013.0,1006.5,0.0019493242509633871,0.0,99.99999839818979,0.0,0.0037357430520175566
2013.5,1006.75,0.0019488066690268324,0.0,99.99999851229624,0.0,0.003560019002027951
2014.0,1007.0,0.0019482893618726282,0.0,99.99999772421572,0.0,0.004366252813754422
2014.5,1007.25,0.0019477690783730871,0.0,99.99999790251879,0.0,0.0039137280498049674
2015.0,1007.5,0.0019472458235164556,0.0,99.99999900846151,0.0,0.0026612179959236626
2015.5,1007.75,0.0019467260971394638,0.0,99.9999975808199,0.0,0.005046747115201182
2016.0,1008.0,0.0019462034024371737,0.0,99.99999747122749,0.0,0.005196682713984065
2016.5,1008.25,0.0019456809883459211,0.0,99.9999974694472,0.0,0.005198805727072582
2017.0,1008.5,0.0019451653390538195,0.0,99.99999653988091,0.0,0.006023258416640331
2017.5,1008.75,0.001944649963006659,0.0,99.99999658061624,0.0,0.00583009211268029
2018.0,1009.0,0.0019441380987762092,0.0,99.999998161239,0.0,0.004122855477955104
2018.5,1009.25,0.0019452919936578151,0.0,99.99999776797969,0.0,0.00480813144179266
2019.0,1009.5,0.0019464387995684201,0.0,99.99999897409174,0.0,0.0024617196650648363
2019.5,1009.75,0.0019475914785382078,0.0,99.99999812731852,0.0,0.003481685598316692
2020.0,1010.0,0.001948746794386411,0.0,99.99999757356224,0.0,0.004566358519844311
2020.5,1010.25,0.0019498950184507985,0.0,99.99999808344087,0.0,0.004069019554947535
2021.0,1010.5,0.001951045880349159,0.0,99.99999771772083,0.0,0.004682830383455676
2021.5,1010.75,0.001952192891290792,0.0,99.99999749588662,0.0,0.005027794596961252
2022.0,1011.0,0.001953329554125515,0.0,99.99999762200468,0.0,0.004925298090481074
2022.5,1011.25,0.0019544591084276076,0.0,99.99999799154524,0.0,0.0041960454087183905
2023.0,1011.5,0.0019555880471534316,0.0,99.99999799178758,0.0,0.004196115895214614
2023.5,1011.75,0.0019567163708060576,0.0,99.99999799207998,0.0,0.004196112798111409
2024.0,1012.0,0.0019578440798880092,0.0,99.99999799239572,0.0,0.004196063784381418
2024.5,1012.25,0.0019589679227303364,0.0,99.99999860482339,0.0,0.0035434293769712917
2025.0,1012.5,0.00196008789691365,0.0,99.99999849494384,0.0,0.003649767601906073
2025.5,1012.75,0.0019612072541439216,0.0,99.99999849369749,0.0,0.0036515884909597827
2026.0,1013.0,0.001962329249985486,0.0,99.9999971117002,0.0,0.004725544331074479
2026.5,1013.25,0.00196345063181984,0.0,99.99999710888643,0.0,0.0047277422128789185
2027.0,1013.5,0.0019662260065717706,0.0,99.99999808241235,0.0,0.003655454505125115
2027.5,1013.75,0.001968999854148159,0.0,99.99999808608013,0.0,0.003652135554068384
2028.0,1014.0,0.0019717754429452693,0.0,99.99999827372847,0.0,0.003507552610887371
2028.5,1014.25,0.001974546243641116,0.0,99.99999849579918,0.0,0.0036128407982487106
2029.0,1014.5,0.0019773187954584596,0.0,99.99999843615701,0.0,0.003731062493846256
2029.5,1014.75,0.001980089832503605,0.0,99.99999843524685,0.0,0.003732722560733949
2030.0,1015.0,0.0019828593560175974,0.0,99.99999874357867,0.0,0.0028751208945491263
2030.5,1015.25,0.001985627367240127,0.0,99.99999749710838,0.0,0.004154659522447402
2031.0,1015.5,0.0019883971566913203,0.0,99.99999752156529,0.0,0.004570449195756872
2031.5,1015.75,0.0019895116517908086,0.0,99.99999751128216,0.0,0.004580351515008842
2032.0,1016.0,0.001990625542503327,0.0,99.99999815175987,0.0,0.004071181778901316
2032.5,1016.25,0.0019917355371900825,0.0,99.99999753985654,0.0,0.004560063758092052
2033.0,1016.5,0.0019928449265902686,0.0,99.99999865789223,0.0,0.0028925142671478834
2033.5,1016.75,0.0019939537111988504,0.0,99.99999865324358,0.0,0.0028988011307811493
2034.0,1017.0,0.001995058596588582,0.0,99.99999886865646,0.0,0.0025562422571809486
2034.5,1017.25,0.001996162876323758,0.0,99.99999886822295,0.0,0.0025573868527530726
2035.0,1017.5,0.0019972665509022363,0.0,99.99999886776236,0.0,0.0025585929873133593
2035.5,1017.75,0.001998369620821328,0.0,99.99999886716714,0.0,0.00256000445449151
2036.0,1018.0,0.0019994687879952688,0.0,99.99999799189322,0.0,0.004757614197867681
2036.5,1018.25,0.002000567349685319,0.0,99.99999799132267,0.0,0.004759240702532055
2037.0,1018.5,0.002001668606779292,0.0,99.99999808485178,0.0,0.004128173706824646
2037.5,1018.75,0.0020027725625104053,0.0,99.99999849976584,0.0,0.0035374103484361167
2038.0,1019.0,0.002003879220135031,0.0,99.99999874126118,0.0,0.0032739758338627273
2038.5,1019.25,0.002004985279750637,0.0,99.99999873805184,0.0,0.0032788871541178234
2039.0,1019.5,0.0020060973500738697,0.0,99.99999803576381,0.0,0.004216141007692922
2039.5,1019.75,0.0020072055220380957,0.0,99.99999830946305,0.0,0.003921309018463854
2040.0,1020.0,0.002008313099304498,0.0,99.99999786604359,0.0,0.004809916607693755
2040.5,1020.25,0.0020094200823516633,0.0,99.99999786329809,0.0,0.004813829126953638
2041.0,1020.5,0.002010526471657664,0.0,99.99999855705914,0.0,0.003947090666323455
2041.5,1020.75,0.002011632267700061,0.0,99.9999986419836,0.0,0.0038040547007830478
2042.0,1021.0,0.0020143818643145266,0.0,99.99999766304315,0.0,0.005052851869515238
2042.5,1021.25,0.0020171333034133447,0.0,99.99999823017322,0.0,0.004702158802917192
2043.0,1021.5,0.002019879957663053,0.0,99.99999874728735,0.0,0.0031050844644515776
2043.5,1021.75,0.0020226218173692444,0.0,99.9999987589271,0.0,0.0036761601593108826
2044.0,1022.0,0.002025362199809455,0.0,99.99999875781648,0.0,0.0036784262598957957
2044.5,1022.25,0.002028101106177251,0.0,99.99999875669505,0.0,0.003680573128782832
2045.0,1022.5,0.0020324836194625905,0.0,99.99999887576863,0.0,0.003360405425630038
2045.5,1022.75,0.002036867130938879,0.0,99.99999881645192,0.0,0.0034132139928295512
2046.0,1023.0,0.002041255010838014,0.0,99.99999876417135,0.0,0.003689967581025269
2046.5,1023.25,0.0020440034908823664,0.0,99.99999821352716,0.0,0.005002429156674408
2047.0,1023.5,0.0020467505375180196,0.0,99.9999982123249,0.0,0.0050036267502703135
2047.5,1023.75,0.0020494995122191163,0.0,99.99999836307349,0.0,0.003538772618055983
2048.0,1024.0,0.002052243699021742,0.0,99.99999841643059,0.0,0.003432674963165295
2048.5,1024.25,0.002054983088177456,0.0,99.99999827977203,0.0,0.0036561824579347656
2049.0,1024.5,0.0020577210411806338,0.0,99.99999724808185,0.0,0.004561572407443548
2049.5,1024.75,0.0020604609339555115,0.0,99.99999831666841,0.0,0.0036562894876603223
2050.0,1025.0,0.002063199400034714,0.0,99.99999831877464,0.0,0.0036530221560973335
2050.5,1025.25,0.0020659330585304047,0.0,99.99999881130755,0.0,0.003055497300428993
2051.0,1025.5,0.002068658514231847,0.0,99.99999745197773,0.0,0.004324923246402554
2051.5,1025.75,0.00207137913600911,0.0,99.99999861957203,0.0,0.0036330119488587943
2052.0,1026.0,0.0020724659727913188,0.0,99.99999800405375,0.0,0.005103822272203988
2052.5,1026.25,0.0020735556246013966,0.0,99.99999869880486,0.0,0.0034890052594981984
2053.0,1026.5,0.0020746447027895714,0.0,99.99999870131481,0.0,0.0034849517447381943
2053.5,1026.75,0.0020757298151619806,0.0,99.99999852195003,0.0,0.002890844981957924
2054.0,1027.0,0.00207681435305844,0.0,99.99999851999097,0.0,0.0028928171127460003
2054.5,1027.25,0.0020762613573619883,0.0,99.99999753774227,0.0,0.004370542209886258
2055.0,1027.5,0.002075715435908407,0.0,99.99999781454339,0.0,0.004317288611046488
2055.5,1027.75,0.002075173189611399,0.0,99.99999720436249,0.0,0.00525747793000705
2056.0,1028.0,0.0020746278401671454,0.0,99.99999879191346,0.0,0.0027852977659925146
2056.5,1028.25,0.0020740861618798955,0.0,99.99999890588846,0.0,0.002723255368912395
2057.0,1028.5,0.0020735447663795354,0.0,99.99999890432636,0.0,0.00272557415998524
2057.5,1028.75,0.0020730036534446763,0.0,99.99999880436538,0.0,0.0026990416824132163
2058.0,1029.0,0.0020724628228541613,0.0,99.99999880430151,0.0,0.0026990716116063193
2058.5,1029.25,0.0020719222743870633,0.0,99.99999880419132,0.0,0.00269916655295247
2059.0,1029.5,0.0020713820078226857,0.0,99.99999880408149,0.0,0.0026992463308782647
2059.5,1029.75,0.002070831900912893,0.0,99.99999809936568,0.0,0.0040665814633958864
2060.0,1030.0,0.002070282086114613,0.0,99.9999976966832,0.0,0.004368284181314445
2060.5,1030.25,0.0020697325631952373,0.0,99.99999769805169,0.0,0.004366592403731048
2061.0,1030.5,0.0020691833319224032,0.0,99.99999769942252,0.0,0.004364964985729736
2061.5,1030.75,0.002068634392063996,0.0,99.99999770073211,0.0,0.004363465815859029
2062.0,1031.0,0.0020680891084436936,0.0,99.99999771758199,0.0,0.004791392992929289
2062.5,1031.25,0.002067547475509892,0.0,99.9999989756797,0.0,0.0034739650312000385
2063.0,1031.5,0.0020670094877524403,0.0,99.99999782212184,0.0,0.004563204890095899
2063.5,1031.75,0.002066468420102787,0.0,99.99999797003984,0.0,0.004808475026776554
2064.0,1032.0,0.0020659242776173113,0.0,99.99999800366332,0.0,0.004681838970930381
2064.5,1032.25,0.0020653804216236066,0.0,99.99999800406803,0.0,0.004681121988718534
2065.0,1032.5,0.002064840206386546,0.0,99.99999814264393,0.0,0.004386805718836279
2065.5,1032.75,0.0020643036264178893,0.0,99.99999726119565,0.0,0.005006716034864906
2066.0,1033.0,0.002063763974247603,0.0,99.99999864980616,0.0,0.0033432452377781985
2066.5,1033.25,0.002063217905679612,0.0,99.99999830147075,0.0,0.0041076269859848585
2067.0,1033.5,0.0020626754734740906,0.0,99.99999781937376,0.0,0.004829465546247898
2067.5,1033.75,0.0020621299807091066,0.0,99.99999813113274,0.0,0.004487542991129776
2068.0,1034.0,0.002063210140872485,0.0,99.99999865405378,0.0,0.00381764300766268
2068.5,1034.25,0.0020642897335233844,0.0,99.99999865435106,0.0,0.0038164393506622267
2069.0,1034.5,0.002065368759108941,0.0,99.99999865441757,0.0,0.0038155659808577136
2069.5,1034.75,0.0020664438689015595,0.0,99.99999834349256,0.0,0.004303040599518532
2070.0,1035.0,0.002067518410797761,0.0,99.99999834895279,0.0,0.004295119965768304
2070.5,1035.25,0.002068592385247389,0.0,99.99999835455135,0.0,0.004287004138957695
2071.0,1035.5,0.0020696657926998125,0.0,99.99999836026997,0.0,0.004278703004401666
2071.5,1035.75,0.0020707419861961326,0.0,99.99999829812704,0.0,0.004368444818609617
2072.0,1036.0,0.0020718176153055527,0.0,99.99999829965935,0.0,0.004365568054649735
2072.5,1036.25,0.002071274497270934,0.0,99.99999755150833,0.0,0.005175718699865011
2073.0,1036.5,0.00207073166391378,0.0,99.99999866570869,0.0,0.003954556375610146
2073.5,1036.75,0.002070189115010327,0.0,99.9999986670065,0.0,0.003952829686908066
2074.0,1037.0,0.002069646850337045,0.0,99.99999866833477,0.0,0.003951016931982462
2074.5,1037.25,0.002069111559059395,0.0,99.99999883297822,0.0,0.002847681957287251
2075.0,1037.5,0.0020685732016341727,0.0,99.9999973653534,0.0,0.004602546786860817
2075.5,1037.75,0.002068035124284064,0.0,99.99999816904544,0.0,0.0036424166893527605
2076.0,1038.0,0.0020674973267905657,0.0,99.999998169017,0.0,0.0036424944510776614
2076.5,1038.25,0.0020669598089354028,0.0,99.99999816907729,0.0,0.003642453351804446
2077.0,1038.5,0.002066422570500526,0.0,99.99999816922805,0.0,0.003642301507784411
2077.5,1038.75,0.0020658789427218925,0.0,99.9999986956114,0.0,0.003142751389557488
2078.0,1039.0,0.0020653356008997117,0.0,99.99999851940132,0.0,0.0033208733303903104
2078.5,1039.25,0.0020647958755702386,0.0,99.99999880693132,0.0,0.002717035344581474
2079.0,1039.5,0.002064256432255297,0.0,99.9999988071499,0.0,0.002716386874433737
2079.5,1039.75,0.0020637172707339093,0.0,99.99999880731627,0.0,0.002715829225857746
2080.0,1040.0,0.002063175065239852,0.0,99.99999874417276,0.0,0.002812806468246585
2080.5,1040.25,0.00206262982079292,0.0,99.99999773656013,0.0,0.00416428184322877
2081.0,1040.5,0.0020620815424369937,0.0,99.99999855004197,0.0,0.003223517084135113
2081.5,1040.75,0.002061533555485048,0.0,99.99999855148262,0.0,0.0032211096080848748
2082.0,1041.0,0.0020609825412236764,0.0,99.99999861060357,0.0,0.003067912085413345
2082.5,1041.25,0.0020604285047405952,0.0,99.99999827714711,0.0,0.003577038698835753
2083.0,1041.5,0.0020598747660513328,0.0,99.99999827813623,0.0,0.003575819617492421
2083.5,1041.75,0.002060933485423038,0.0,99.99999813909551,0.0,0.0036175967800726344
2084.0,1042.0,0.0020619883229054414,0.0,99.99999871818567,0.0,0.002901028692196002
2084.5,1042.25,0.00206303927653731,0.0,99.9999977335093,0.0,0.004063123636859627
2085.0,1042.5,0.002064089662511695,0.0,99.99999768688885,0.0,0.004110466789867365
2085.5,1042.75,0.00206513948128839,0.0,99.99999763770455,0.0,0.004160955507944367
2086.0,1043.0,0.0020693854664230963,0.0,99.99999816612059,0.0,0.004707610936405631
2086.5,1043.25,0.0020736290918436187,0.0,99.99999826813767,0.0,0.004367667003616195
2087.0,1043.5,0.002077870359516534,0.0,99.99999809239588,0.0,0.004877423075348445
2087.5,1043.75,0.0020821126138780752,0.0,99.99999854785858,0.0,0.0033628062414416977
2088.0,1044.0,0.002086345829474931,0.0,99.99999847350212,0.0,0.0045819928061493235
2088.5,1044.25,0.0020905733273006736,0.0,99.99999771077135,0.0,0.005847870452486431
2089.0,1044.5,0.0020900099768703423,0.0,99.9999986013012,0.0,0.004694577735076756
2089.5,1044.75,0.0020894502805443795,0.0,99.9999986667801,0.0,0.0043136448943262235
2090.0,1045.0,0.0020888875351287397,0.0,99.99999785664363,0.0,0.005075429320559513
2090.5,1045.25,0.002088328439731771,0.0,99.99999768155553,0.0,0.005410023031131546
2091.0,1045.5,0.002087769643540973,0.0,99.99999768449645,0.0,0.005407227323818965
2091.5,1045.75,0.0020872144897217102,0.0,99.99999758819419,0.0,0.005874760770627488
2092.0,1046.0,0.0020866596310632037,0.0,99.99999759210606,0.0,0.005869778740939624
2092.5,1046.25,0.0020861084071929913,0.0,99.99999858759206,0.0,0.004329536612216073
2093.0,1046.5,0.0020855541363757136,0.0,99.99999770346528,0.0,0.005420588507316674
2093.5,1046.75,0.002084996823700157,0.0,99.99999877473262,0.0,0.0036908934894634006
2094.0,1047.0,0.002084439808801039,0.0,99.99999878377587,0.0,0.0036329735560160534
2094.5,1047.25,0.0020838830914397667,0.0,99.99999878654006,0.0,0.0036298532721500123
2095.0,1047.5,0.002083323340416313,0.0,99.9999980521942,0.0,0.005769900848205611
2095.5,1047.75,0.0020827638900211155,0.0,99.99999897152773,0.0,0.003441087046423701
2096.0,1048.0,0.002082208067397703,0.0,99.99999762210139,0.0,0.005574233801361709
2096.5,1048.25,0.0020816525413574673,0.0,99.99999762802005,0.0,0.005569414759135533
2097.0,1048.5,0.002081100635510317,0.0,99.99999774614237,0.0,0.005431152951840152
2097.5,1048.75,0.002080549022237764,0.0,99.99999775157158,0.0,0.005425688917262874
2098.0,1049.0,0.0020800010216428656,0.0,99.99999853627841,0.0,0.004124295432830526
2098.5,1049.25,0.0020794533096502275,0.0,99.99999853580717,0.0,0.00412499627158919
2099.0,1049.5,0.0020789092028827114,0.0,99.99999864564698,0.0,0.0037891182740553584
2099.5,1049.75,0.0020783653807811015,0.0,99.99999864172918,0.0,0.0037975444799551008
2100.0,1050.0,0.002077821843122059,0.0,99.9999981996582,0.0,0.0048860570569513985
2100.5,1050.25,0.0020772752780328536,0.0,99.99999800449798,0.0,0.004476614640175395
2101.0,1050.5,0.0020767323103208653,0.0,99.9999980807428,0.0,0.0048291282258001965
2101.5,1050.75,0.0020761896263814705,0.0,99.99999808077298,0.0,0.004829505608368831
2102.0,1051.0,0.0020756472259922643,0.0,99.99999808082073,0.0,0.004829849353272734
2102.5,1051.25,0.0020751117184090915,0.0,99.9999982777219,0.0,0.004395125542222577
2103.0,1051.5,0.0020745764870717105,0.0,99.99999827523717,0.0,0.004400717290186591
2103.5,1051.75,0.002074044833113407,0.0,99.99999801068446,0.0,0.004426489420551796
2104.0,1052.0,0.0020735134515803577,0.0,99.99999800770087,0.0,0.004430837146423144
2104.5,1052.25,0.0020729823422632257,0.0,99.99999888369737,0.0,0.0035167110036702113
2105.0,1052.5,0.0020724548012399737,0.0,99.9999984904125,0.0,0.0035955830063725495
2105.5,1052.75,0.0020719275286500034,0.0,99.99999758044706,0.0,0.005275029194010163
2106.0,1053.0,0.0020713972313542457,0.0,99.99999849632478,0.0,0.0036916672627255866
2106.5,1053.25,0.002070867205441788,0.0,99.99999849381686,0.0,0.0036950514517694864
2107.0,1053.5,0.0020703407402699547,0.0,99.99999812244346,0.0,0.004244153395423318
2107.5,1053.75,0.002069817830614877,0.0,99.99999867229573,0.0,0.003359268176957067
2108.0,1054.0,0.0020692918987936806,0.0,99.99999883825559,0.0,0.0030292676323532652
2108.5,1054.25,0.0020687629496145875,0.0,99.99999869231956,0.0,0.003417151483530501
2109.0,1054.5,0.002068230987909658,0.0,99.99999846459512,0.0,0.003757148937778684
2109.5,1054.75,0.0020677058620968726,0.0,99.99999878071783,0.0,0.0033974287776286183
2110.0,1055.0,0.0020671842824189386,0.0,99.9999987947342,0.0,0.0034286231810473997
2110.5,1055.25,0.0020666662437111806,0.0,99.99999845169295,0.0,0.003984915394520405
2111.0,1055.5,0.0020661484645805384,0.0,99.99999845229345,0.0,0.0039846989792676505
2111.5,1055.75,0.0020656309448319594,0.0,99.99999845299907,0.0,0.003984368945078744
2112.0,1056.0,0.0020651104112945533,0.0,99.99999813201853,0.0,0.004381666289615603
2112.5,1056.25,0.0020645934113642955,0.0,99.99999821669995,0.0,0.004330749662429933
2113.0,1056.5,0.002064076670230882,0.0,99.99999784856792,0.0,0.0045893730650521086
2113.5,1056.75,0.0020635569196463923,0.0,99.99999839760314,0.0,0.003625016630997249
2114.0,1057.0,0.0020630341643524163,0.0,99.99999788487976,0.0,0.004781561355159508
2114.5,1057.25,0.0020625149385915067,0.0,99.99999784862507,0.0,0.004907546373224017
2115.0,1057.5,0.0020619927110219287,0.0,99.99999800670982,0.0,0.004539175002977102
2115.5,1057.75,0.0020614674864019088,0.0,99.99999832132556,0.0,0.0037969030667734122
2116.0,1058.0,0.0020609425292810427,0.0,99.9999985829627,0.0,0.0033880048070962093
2116.5,1058.25,0.0020620023877481637,0.0,99.99999826312269,0.0,0.004284003583632768
2117.0,1058.5,0.0020630617100489287,0.0,99.9999978706266,0.0,0.004724798895131481
2117.5,1058.75,0.002065700987016271,0.0,99.99999787138373,0.0,0.0047252353469092135
2118.0,1059.0,0.0020683389294884457,0.0,99.99999787197456,0.0,0.004725748236669991
2118.5,1059.25,0.0020709788099849296,0.0,99.99999905866161,0.0,0.002785593655581077
2119.0,1059.5,0.0020736206395532476,0.0,99.99999897795225,0.0,0.002832857149288256
2119.5,1059.75,0.0020762611510223416,0.0,99.99999897926939,0.0,0.0028321630312193578
2120.0,1060.0,0.0020789003453784323,0.0,99.99999834547488,0.0,0.0038187357451459096
2120.5,1060.25,0.002081538223606758,0.0,99.99999834992353,0.0,0.0038085508470785305
2121.0,1060.5,0.0020841747866915737,0.0,99.99999835425578,0.0,0.0037987149640806434
2121.5,1060.75,0.002086810035616153,0.0,99.99999835839502,0.0,0.0037893566785907715
2122.0,1061.0,0.0020894373815328426,0.0,99.9999983942616,0.0,0.0033461899501541284
2122.5,1061.25,0.002092063401975715,0.0,99.99999839410833,0.0,0.0033490461032200792
2123.0,1061.5,0.0020962675404792414,0.0,99.99999907322805,0.0,0.0028005138816507465
2123.5,1061.75,0.0020988938262267182,0.0,99.99999907101035,0.0,0.002800608006156997
2124.0,1062.0,0.0021015187963054857,0.0,99.99999906868129,0.0,0.002801400554871983
2124.5,1062.25,0.0021041457656428906,0.0,99.99999884103545,0.0,0.003280612394870459
2125.0,1062.5,0.002106771427896614,0.0,99.99999884019988,0.0,0.003279612895382474
2125.5,1062.75,0.0021093957840419486,0.0,99.99999883891866,0.0,0.0032794066523886387
2126.0,1063.0,0.0021104516933187914,0.0,99.99999823071009,0.0,0.004603631294257526
2126.5,1063.25,0.0021115104065050883,0.0,99.99999858915388,0.0,0.003990419698389454
2127.0,1063.5,0.002112565280312087,0.0,99.9999988240437,0.0,0.003254341171846424
2127.5,1063.75,0.0021136163125887552,0.0,99.99999817737461,0.0,0.004353348726521987
2128.0,1064.0,0.002114663501222417,0.0,99.99999869199483,0.0,0.004100035790772507
2128.5,1064.25,0.00211571016971265,0.0,99.9999986893916,0.0,0.004103849304927604
2129.0,1064.5,0.002116762971262625,0.0,99.99999854994313,0.0,0.004077329427010731
2129.5,1064.75,0.002117815256753678,0.0,99.99999855078363,0.0,0.004075967679999068
2130.0,1065.0,0.002118860370400039,0.0,99.99999881188072,0.0,0.0031676649332187065
2130.5,1065.25,0.002119904965445549,0.0,99.99999881338641,0.0,0.003166207572697216
2131.0,1065.5,0.0021209523719814497,0.0,99.99999747080491,0.0,0.0046910191024239906
2131.5,1065.75,0.0021219992623227415,0.0,99.99999747270292,0.0,0.004690245483057572
2132.0,1066.0,0.002123055630961777,0.0,99.99999838629996,0.0,0.0037301092485420807
2132.5,1066.25,0.0021241181536801055,0.0,99.99999770878316,0.0,0.004695743271038753
2133.0,1066.5,0.002125180169794838,0.0,99.99999770939843,0.0,0.004694095685888612
2133.5,1066.75,0.002126241679668206,0.0,99.99999770978083,0.0,0.004692670087659359
2134.0,1067.0,0.002127302683662096,0.0,99.9999977099049,0.0,0.004691511004826381
2134.5,1067.25,0.0021283598464070215,0.0,99.9999977634373,0.0,0.004528235518772219
2135.0,1067.5,0.002129413165696235,0.0,99.99999841854674,0.0,0.003672194994735258
2135.5,1067.75,0.002130462639361237,0.0,99.99999758780449,0.0,0.00532977608310436
2136.0,1068.0,0.0021315082652717636,0.0,99.99999781771592,0.0,0.0049079003381601455
2136.5,1068.25,0.0021325500413357716,0.0,99.99999868789513,0.0,0.003725056571034046
2137.0,1068.5,0.002133591305341492,0.0,99.99999868788016,0.0,0.0037255484138977355
2137.5,1068.75,0.002134632057666365,0.0,99.99999840187351,0.0,0.004133683209454844
2138.0,1069.0,0.002135675640155083,0.0,99.99999733183317,0.0,0.004843867890180479
2138.5,1069.25,0.0021367253979377317,0.0,99.99999778326848,0.0,0.004571819579541167
2139.0,1069.5,0.002137777993241056,0.0,99.99999711451586,0.0,0.005446037839312094
2139.5,1069.75,0.0021388267409627533,0.0,99.99999795395608,0.0,0.004035828125783849
2140.0,1070.0,0.002142981072678476,0.0,99.99999849070912,0.0,0.0031027668768775782
2140.5,1070.25,0.002147133326978402,0.0,99.99999830110028,0.0,0.0032715381899368046
2141.0,1070.5,0.002151283505420391,0.0,99.99999820680105,0.0,0.003359536804898476
2141.5,1070.75,0.0021523246042877806,0.0,99.99999777575627,0.0,0.005027310119459251
2142.0,1071.0,0.002153361836619331,0.0,99.99999811079749,0.0,0.004929006710885347
2142.5,1071.25,0.0021543985637342907,0.0,99.99999789541287,0.0,0.005100857345809404
2143.0,1071.5,0.002155431421851174,0.0,99.99999829664338,0.0,0.0038214246318991237
2143.5,1071.75,0.002156463773905228,0.0,99.9999982978837,0.0,0.0038198541606482635
2144.0,1072.0,0.002157492254556006,0.0,99.9999971324429,0.0,0.005513003765531121
2144.5,1072.25,0.002158520228329018,0.0,99.99999713328307,0.0,0.005512382205690343
2145.0,1072.5,0.002157991820213086,0.0,99.9999984597018,0.0,0.003454064209291689
2145.5,1072.75,0.002157467033934899,0.0,99.9999970227224,0.0,0.00585894988666754
2146.0,1073.0,0.0021569357797307257,0.0,99.99999810164454,0.0,0.004382876172573002
2146.5,1073.25,0.0021564047870939796,0.0,99.99999810415422,0.0,0.0043804135624026935
2147.0,1073.5,0.002155877414068658,0.0,99.99999768085218,0.0,0.005298153937957494
2147.5,1073.75,0.002155353655535864,0.0,99.99999735885119,0.0,0.005594547902459049
2148.0,1074.0,0.0021548301514297545,0.0,99.99999915114415,0.0,0.002573736430566306
2148.5,1074.25,0.002154310254921525,0.0,99.99999773490376,0.0,0.004483114152840235
2149.0,1074.5,0.002153783905756392,0.0,99.99999789136601,0.0,0.0044592191262867245
2149.5,1074.75,0.002153254463646717,0.0,99.99999827856453,0.0,0.004430948275949963
2150.0,1075.0,0.00215273197864689,0.0,99.99999849815386,0.0,0.0037545144302676137
2150.5,1075.25,0.0021552997670534597,0.0,99.99999834287766,0.0,0.004092102368518014
2151.0,1075.5,0.0021578696167915837,0.0,99.99999730321531,0.0,0.005745541353426078
2151.5,1075.75,0.002160434822479091,0.0,99.9999971548846,0.0,0.005793999543245686
2152.0,1076.0,0.0021629987366968586,0.0,99.99999715612046,0.0,0.005791809198634543
2152.5,1076.25,0.002162471182585893,0.0,99.99999750923554,0.0,0.005370373035169048
2153.0,1076.5,0.0021619405279980617,0.0,99.99999832728828,0.0,0.004328194317404731
2153.5,1076.75,0.002161413489890889,0.0,99.99999892262312,0.0,0.0031446764182149075
2154.0,1077.0,0.0021608867086839083,0.0,99.99999892207438,0.0,0.0031447062722382
2154.5,1077.25,0.002160356831352489,0.0,99.99999871156872,0.0,0.0034128806870980318
2155.0,1077.5,0.0021598305650160203,0.0,99.99999873505097,0.0,0.0034540825110180536
2155.5,1077.75,0.002160859131530084,0.0,99.99999831042302,0.0,0.003827305824539525
2156.0,1078.0,0.0021618972587018693,0.0,99.99999750367195,0.0,0.0045373577141472375
2156.5,1078.25,0.0021629382469501796,0.0,99.9999977805163,0.0,0.004362058991094742
2157.0,1078.5,0.002163975390205376,0.0,99.99999791688249,0.0,0.004478984731989586
2157.5,1078.75,0.002165018752130924,0.0,99.9999976042809,0.0,0.004129075714630362
2158.0,1079.0,0.0021660616258477156,0.0,99.9999975586917,0.0,0.004300651303906026
2158.5,1079.25,0.002167104011698334,0.0,99.9999975578751,0.0,0.004299936934811168
2159.0,1079.5,0.0021681391945362893,0.0,99.99999807987948,0.0,0.003423112565207922
2159.5,1079.75,0.0021691772454700427,0.0,99.99999808680779,0.0,0.0032816916780263757
2160.0,1080.0,0.002170214807923606,0.0,99.99999908984546,0.0,0.0021464624544024645
2160.5,1080.25,0.002171255242428463,0.0,99.99999865685685,0.0,0.0028889680309165484
2161.0,1080.5,0.0021722918297690623,0.0,99.99999736756455,0.0,0.005068883940353484
2161.5,1080.75,0.0021733279296615175,0.0,99.99999736113864,0.0,0.005074554899094394
2162.0,1081.0,0.002174363542449577,0.0,99.99999852730895,0.0,0.00358210943975112
2162.5,1081.25,0.0021753885782049877,0.0,99.99999860252827,0.0,0.0034929320103204487
2163.0,1081.5,0.002176413122781852,0.0,99.99999860231206,0.0,0.0034928820623303775
2163.5,1081.75,0.002175891798835094,0.0,99.9999972304302,0.0,0.005131878536692169
2164.0,1082.0,0.0021769123688483685,0.0,99.99999780021643,0.0,0.004673866380881669
2164.5,1082.25,0.002177935811134349,0.0,99.9999987088142,0.0,0.0030077021330429284
2165.0,1082.5,0.0021789587634756477,0.0,99.99999783109271,0.0,0.004028317330603264
2165.5,1082.75,0.0021799812262240006,0.0,99.9999978319933,0.0,0.004027695089063975
2166.0,1083.0,0.002181003199730809,0.0,99.99999783306092,0.0,0.004026858896185068
2166.5,1083.25,0.0021820246843471365,0.0,99.99999783422811,0.0,0.004025864936331024
2167.0,1083.5,0.002181506257559675,0.0,99.99999895750823,0.0,0.002279319989520524
2167.5,1083.75,0.0021809847130555226,0.0,99.99999840671788,0.0,0.0033937095573828248
2168.0,1084.0,0.002180463417868697,0.0,99.99999841431037,0.0,0.0033852603709081026
2168.5,1084.25,0.0021799390110415298,0.0,99.99999799828029,0.0,0.0037814646771208004
2169.0,1084.5,0.00217941821555895,0.0,99.99999778716571,0.0,0.0042048736992225215
2169.5,1084.75,0.002178897668856865,0.0,99.99999778838047,0.0,0.004203588746568099
2170.0,1085.0,0.0021783807267226,0.0,99.99999888572064,0.0,0.0027938324664877703
2170.5,1085.25,0.002177864029818563,0.0,99.99999888540101,0.0,0.0027941063923456527
2171.0,1085.5,0.002177357636381275,0.0,99.99999870281327,0.0,0.0032279038152124404
2171.5,1085.75,0.0021768514783808168,0.0,99.9999987046768,0.0,0.0032256343848071265
2172.0,1086.0,0.002176348905361145,0.0,99.99999800582037,0.0,0.004194437766034174
2172.5,1086.25,0.002175839868033927,0.0,99.99999800144857,0.0,0.004112524584986878
2173.0,1086.5,0.0021753310687736916,0.0,99.9999980016949,0.0,0.004112203461703618
2173.5,1086.75,0.0021748191624023907,0.0,99.99999746557874,0.0,0.004030572032294378
2174.0,1087.0,0.002174304153474504,0.0,99.9999983290321,0.0,0.0030826900168062056
2174.5,1087.25,0.002173792730246773,0.0,99.99999879021225,0.0,0.002966269093055405
2175.0,1087.5,0.002173281547548603,0.0,99.99999879046767,0.0,0.0029667913217803162
2175.5,1087.75,0.0021727706052103468,0.0,99.99999879078523,0.0,0.002967155000573032
2176.0,1088.0,0.002172256565929677,0.0,99.99999877716161,0.0,0.002888761405519842
2176.5,1088.25,0.002171742769816769,0.0,99.999998775439,0.0,0.0028921321717862215
2177.0,1088.5,0.0021727580668441725,0.0,99.99999786984802,0.0,0.004868556383750089
2177.5,1088.75,0.002173772877577901,0.0,99.99999786341445,0.0,0.004875187739550616
2178.0,1089.0,0.002173252419585056,0.0,99.99999853443481,0.0,0.0037224704684378153
2178.5,1089.25,0.0021727355446339107,0.0,99.99999767925374,0.0,0.0049580560029716374
2179.0,1089.5,0.002172218915485957,0.0,99.99999767593434,0.0,0.004961237081267082
2179.5,1089.75,0.002171702531965897,0.0,99.99999767288267,0.0,0.004964088870166954
2180.0,1090.0,0.002171186393898598,0.0,99.99999767024646,0.0,0.00496644871564921
2180.5,1090.25,0.0021706804838042097,0.0,99.99999819529616,0.0,0.004082329194260289
2181.0,1090.5,0.00217017480942003,0.0,99.99999818427894,0.0,0.0040966220939820195
2181.5,1090.75,0.002169669370581367,0.0,99.99999817268181,0.0,0.00411176724992004
2182.0,1091.0,0.0021691575212779645,0.0,99.99999778596951,0.0,0.005042433796833062
2182.5,1091.25,0.0021686459134195686,0.0,99.99999731847936,0.0,0.005633829701581653
2183.0,1091.5,0.002168134546835381,0.0,99.9999973396655,0.0,0.005609090743762582
2183.5,1091.75,0.0021676234213547645,0.0,99.99999736712621,0.0,0.005577665182300035
2184.0,1092.0,0.0021671125368072433,0.0,99.99999740161492,0.0,0.005538916637400739
2184.5,1092.25,0.0021665952628679847,0.0,99.99999767803307,0.0,0.004217471957976855
2185.0,1092.5,0.0021660782358088222,0.0,99.99999768219088,0.0,0.004213333955887065
2185.5,1092.75,0.0021655581435538708,0.0,99.99999800225396,0.0,0.0034667603259622335
2186.0,1093.0,0.0021650416113046973,0.0,99.9999974880235,0.0,0.004298638125258251
2186.5,1093.25,0.0021645319428967125,0.0,99.99999879254655,0.0,0.003021916036792363
2187.0,1093.5,0.002164022514392431,0.0,99.99999879199424,0.0,0.0030219422983748926
2187.5,1093.75,0.0021635133256225065,0.0,99.99999879133537,0.0,0.0030221387627211273
2188.0,1094.0,0.002162997768262896,0.0,99.99999738147422,0.0,0.0048169999779192575
2188.5,1094.25,0.002162479154067477,0.0,99.99999752933458,0.0,0.004706064345172251
2189.0,1094.5,0.0021634875969714228,0.0,99.99999791237167,0.0,0.004365849385189697
2189.5,1094.75,0.0021644889485895715,0.0,99.9999983383524,0.0,0.004002081749012812
2190.0,1095.0,0.0021654898142623217,0.0,99.9999985171433,0.0,0.003977993205772608
2190.5,1095.25,0.0021664901943433245,0.0,99.9999985170358,0.0,0.0039786620073951826
2191.0,1095.5,0.002167490089185887,0.0,99.99999830029131,0.0,0.004253696525210694
2191.5,1095.75,0.002168486192293792,0.0,99.99999817548081,0.0,0.00438531994988053
2192.0,1096.0,0.0021679572262954003,0.0,99.99999817620638,0.0,0.0043847334423176235
2192.5,1096.25,0.0021674252146848395,0.0,99.99999722565772,0.0,0.005020134499899061
2193.0,1096.5,0.0021668934641190176,0.0,99.99999790630895,0.0,0.004077090800463176
2193.5,1096.75,0.00216636197440585,0.0,99.99999790588677,0.0,0.004078245852232404
2194.0,1097.0,0.002165837342873984,0.0,99.99999753074026,0.0,0.0039362790134441685
2194.5,1097.25,0.0021653129653824016,0.0,99.99999703395498,0.0,0.006022223523186638
2195.0,1097.5,0.0021647888417466285,0.0,99.99999703356802,0.0,0.006022558353473038
2195.5,1097.75,0.002164264971782368,0.0,99.99999703297038,0.0,0.0060231723993469976
2196.0,1098.0,0.002163738062921868,0.0,99.99999733511892,0.0,0.005714125471485795
2196.5,1098.25,0.0021632114105598794,0.0,99.99999733408403,0.0,0.005715272273543721
2197.0,1098.5,0.002162681725339421,0.0,99.99999719783801,0.0,0.005810293617224082
2197.5,1098.75,0.002162152299453532,0.0,99.99999779919196,0.0,0.005570956183539759
2198.0,1099.0,0.0021616231327118035,0.0,99.99999757980767,0.0,0.005921281190950324
2198.5,1099.25,0.0021610942249240123,0.0,99.99999746222326,0.0,0.006078339146494646
2199.0,1099.5,0.002160568858636198,0.0,99.99999557739359,0.0,0.0061491593941487965
2199.5,1099.75,0.002160047028872021,0.0,99.99999575187816,0.0,0.005991191234837326
2200.0,1100.0,0.0021595254511160584,0.0,99.99999574923,0.0,0.005992813696096926
2200.5,1100.25,0.0021590041251858005,0.0,99.99999574665671,0.0,0.005994436563697611
2201.0,1100.5,0.0021584830508989124,0.0,99.99999574431406,0.0,0.005995952175583457
2201.5,1100.75,0.002157962228073237,0.0,99.99999574233374,0.0,0.005997267356014418
2202.0,1101.0,0.00215743838328668,0.0,99.99999797683152,0.0,0.005168004370044834
2202.5,1101.25,0.0021569147927647794,0.0,99.99999797665461,0.0,0.005168642129166764
2203.0,1101.5,0.002156391456322458,0.0,99.99999835673208,0.0,0.004173878328100442
2203.5,1101.75,0.0021558683737748162,0.0,99.9999983571446,0.0,0.004175256419506741
2204.0,1102.0,0.002155342278054311,0.0,99.99999791221396,0.0,0.005306003515178389
2204.5,1102.25,0.002154819704326005,0.0,99.99999581171627,0.0,0.006538604644714602
2205.0,1102.5,0.0021543006476536755,0.0,99.9999960342347,0.0,0.006653521264005918
2205.5,1102.75,0.0021537851031378317,0.0,99.99999666761695,0.0,0.006653856383566898
2206.0,1103.0,0.0021532698053123075,0.0,99.99999767390956,0.0,0.005139299565016304
2206.5,1103.25,0.0021527612720972163,0.0,99.99999788029449,0.0,0.0046770083754355905
2207.0,1103.5,0.0021522562365483985,0.0,99.99999619715535,0.0,0.005470079417368024
2207.5,1103.75,0.002151751437905629,0.0,99.9999968211264,0.0,0.005165973031784004
2208.0,1104.0,0.002151246876002251,0.0,99.99999682811628,0.0,0.005159102429135593
2208.5,1104.25,0.0021507392977276577,0.0,99.99999848808845,0.0,0.003618285964424843
2209.0,1104.5,0.002150231958918775,0.0,99.99999849705316,0.0,0.003607836282881902
2209.5,1104.75,0.00214972485940618,0.0,99.99999850074934,0.0,0.003602985372053444
2210.0,1105.0,0.0021492179990206094,0.0,99.99999856473285,0.0,0.003969010866208887
2210.5,1105.25,0.0021487113775929597,0.0,99.99999856596695,0.0,0.003969270217187757
2211.0,1105.5,0.0021482049949542864,0.0,99.9999980915493,0.0,0.004158072689577166
2211.5,1105.75,0.0021476956071922126,0.0,99.99999804002645,0.0,0.005046709455712492
2212.0,1106.0,0.00214718646094748,0.0,99.99999802036605,0.0,0.005073181507451693
2212.5,1106.25,0.002146684037396383,0.0,99.9999965899902,0.0,0.0054204870767195785
2213.0,1106.5,0.0021461818489160425,0.0,99.9999965898337,0.0,0.005420339534570125
2213.5,1106.75,0.0021456766576936543,0.0,99.9999968209609,0.0,0.005256634571682449
2214.0,1107.0,0.002145171704249914,0.0,99.99999682629168,0.0,0.005252293067036583
2214.5,1107.25,0.0021446637538251783,0.0,99.99999665355541,0.0,0.005438634913943169
2215.0,1107.5,0.0021441592769569223,0.0,99.99999734402579,0.0,0.0051299114488717705
2215.5,1107.75,0.002143655037363214,0.0,99.99999734751671,0.0,0.005125988543077169
2216.0,1108.0,0.0021431478048559932,0.0,99.99999693439358,0.0,0.005524771646469975
2216.5,1108.25,0.002142640812335102,0.0,99.9999969355712,0.0,0.005523335881637318
2217.0,1108.5,0.002142137286595975,0.0,99.999997208282,0.0,0.005560341495364926
2217.5,1108.75,0.0021416339974607633,0.0,99.99999720996277,0.0,0.005558532233247055
2218.0,1109.0,0.0021411341687069176,0.0,99.99999719203547,0.0,0.005662087337113622
2218.5,1109.25,0.0021406377956548965,0.0,99.99999739176815,0.0,0.005494000973876231
2219.0,1109.5,0.0021401416526950433,0.0,99.99999739158241,0.0,0.005493481347124147
2219.5,1109.75,0.002139645739667407,0.0,99.99999739141288,0.0,0.0054929332245738805
2220.0,1110.0,0.002139146838440258,0.0,99.99999700479657,0.0,0.00575973083718275
2220.5,1110.25,0.002138644953354379,0.0,99.99999786225658,0.0,0.0051603009747257286
2221.0,1110.5,0.0021381433037170913,0.0,99.999997862283,0.0,0.005160315164698324
2221.5,1110.75,0.002137635462500432,0.0,99.99999850756257,0.0,0.003500015359270252
2222.0,1111.0,0.002137124650575611,0.0,99.99999749460008,0.0,0.005370510335227063
2222.5,1111.25,0.0021381198368838443,0.0,99.99999835729234,0.0,0.003771837039242711
2223.0,1111.5,0.002139111337440307,0.0,99.99999665659077,0.0,0.005584758297549402
2223.5,1111.75,0.0021401087926182015,0.0,99.99999824097344,0.0,0.0043604763594797
2224.0,1112.0,0.002141105777532203,0.0,99.9999975424363,0.0,0.00473399595408558
2224.5,1112.25,0.002142102292514801,0.0,99.99999753735197,0.0,0.004738212754322064
2225.0,1112.5,0.0021431047705091975,0.0,99.99999799126842,0.0,0.004876200110582012
2225.5,1112.75,0.002144106782219368,0.0,99.9999979913423,0.0,0.004875795035080542
2226.0,1113.0,0.0021451083279705623,0.0,99.99999799127825,0.0,0.004875571931015774
2226.5,1113.25,0.002146109408087728,0.0,99.99999799107266,0.0,0.004875535265293
2227.0,1113.5,0.0021471164615760614,0.0,99.99999742835747,0.0,0.004140185091744598
2227.5,1113.75,0.0021481262732482576,0.0,99.99999738562505,0.0,0.004041559468490899
2228.0,1114.0,0.0021491388457595723,0.0,99.99999793114898,0.0,0.003609436813024218
2228.5,1114.25,0.0021501541817876696,0.0,99.9999978789949,0.0,0.003811896362277599
2229.0,1114.5,0.002151165839007108,0.0,99.99999786004908,0.0,0.003923753578939784
2229.5,1114.75,0.002152173815368348,0.0,99.99999661093753,0.0,0.0042271868141011545
2230.0,1115.0,0.0021546754510743432,0.0,99.9999981104704,0.0,0.0036260426832175753
2230.5,1115.25,0.0021571694822643543,0.0,99.99999728151762,0.0,0.004634319982481051
2231.0,1115.5,0.002159662356321839,0.0,99.99999882703743,0.0,0.0031406220123947944
2231.5,1115.75,0.0021621573092887474,0.0,99.9999986089026,0.0,0.003199449379826931
2232.0,1116.0,0.002164651112693502,0.0,99.99999867398934,0.0,0.0029780927740421996
2232.5,1116.25,0.002167147008544452,0.0,99.99999718721138,0.0,0.005092586646257651
2233.0,1116.5,0.002169641762389088,0.0,99.99999748970231,0.0,0.0046874353409901365
2233.5,1116.75,0.0021721386222093328,0.0,99.99999799810115,0.0,0.004713074688157943
2234.0,1117.0,0.002174634347564858,0.0,99.99999799662362,0.0,0.004714642309777746
2234.5,1117.25,0.0021771321924184397,0.0,99.99999769966014,0.0,0.004952900975181891
2235.0,1117.5,0.0021796289103349366,0.0,99.99999769831392,0.0,0.004954251170883803
2235.5,1117.75,0.002182121242898024,0.0,99.99999703383247,0.0,0.005533191695381497
2236.0,1118.0,0.0021846059197892743,0.0,99.99999829080365,0.0,0.004016246499555533
2236.5,1118.25,0.002185599823241107,0.0,99.99999826415397,0.0,0.004535906643148521
2237.0,1118.5,0.0021851007176205087,0.0,99.99999826520629,0.0,0.004534653238307483
2237.5,1118.75,0.002184598580010923,0.0,99.99999797674408,0.0,0.004860456961629897
2238.0,1119.0,0.002184096673131434,0.0,99.99999797859354,0.0,0.004858340629166446
2238.5,1119.25,0.0021835917399378032,0.0,99.99999817723833,0.0,0.004128729263970121
2239.0,1119.5,0.002183083784787306,0.0,99.99999838204768,0.0,0.003757809942540628
2239.5,1119.75,0.0021825728120602058,0.0,99.99999696992565,0.0,0.005179534516822838
2240.0,1120.0,0.002182058826159666,0.0,99.99999728817122,0.0,0.00569380963217477
2240.5,1120.25,0.002181545082284781,0.0,99.99999729186918,0.0,0.005690031095425811
2241.0,1120.5,0.002181038078779572,0.0,99.99999812728439,0.0,0.003739801168013971
2241.5,1120.75,0.002180531310880613,0.0,99.99999813266984,0.0,0.0037345223967354666
2242.0,1121.0,0.002180024778423711,0.0,99.99999857612781,0.0,0.0036879281456745957
2242.5,1121.25,0.0021795152365086667,0.0,99.99999822277267,0.0,0.004318786129202439
2243.0,1121.5,0.0021790026895203963,0.0,99.99999820215363,0.0,0.00430906644383284
2243.5,1121.75,0.002178487141866535,0.0,99.9999979469103,0.0,0.004521948842029212
2244.0,1122.0,0.0021779750782523833,0.0,99.99999810795408,0.0,0.004411966216927177
2244.5,1122.25,0.0021789570752892883,0.0,99.9999982918956,0.0,0.004010610458952207
2245.0,1122.5,0.0021799386167352668,0.0,99.99999829302227,0.0,0.004008399166717587
2245.5,1122.75,0.0021809229451825686,0.0,99.9999978678606,0.0,0.004615581049201791
2246.0,1123.0,0.0021819068200937567,0.0,99.99999786946489,0.0,0.004613075549965715
2246.5,1123.25,0.0021828869980771576,0.0,99.99999838824661,0.0,0.0042240457057732385
2247.0,1123.5,0.0021838699661425875,0.0,99.9999979716655,0.0,0.004185731256341157
2247.5,1123.75,0.0021833607119835312,0.0,99.99999771165207,0.0,0.0047313297062178674
2248.0,1124.0,0.0021828516952739035,0.0,99.99999691264061,0.0,0.005430629060279253
2248.5,1124.25,0.0021823429158476693,0.0,99.99999817810796,0.0,0.00459473159346486
2249.0,1124.5,0.002181831135175571,0.0,99.99999836242297,0.0,0.0044873362014326325
2249.5,1124.75,0.0021813260681820207,0.0,99.99999825509576,0.0,0.0031391100143324463
2250.0,1125.0,0.00218081799961131,0.0,99.99999803981873,0.0,0.0033361439092828536
2250.5,1125.25,0.002180310167661402,0.0,99.99999658988071,0.0,0.005205689869069208
2251.0,1125.5,0.0021798025721670353,0.0,99.99999659062627,0.0,0.005204451372089713
2251.5,1125.75,0.002179291982132771,0.0,99.99999673306775,0.0,0.0050290516180517076
2252.0,1126.0,0.0021787848605577687,0.0,99.99999717184956,0.0,0.004214988418648793
2252.5,1126.25,0.002178284430600895,0.0,99.9999967358251,0.0,0.004681967039529435
2253.0,1126.5,0.002177781004120006,0.0,99.99999703656327,0.0,0.004704053298068378
2253.5,1126.75,0.002177277810280602,0.0,99.99999703409432,0.0,0.004707024582244545
2254.0,1127.0,0.0021767780722927246,0.0,99.99999665237867,0.0,0.005032604396090829
2254.5,1127.25,0.002176278563656148,0.0,99.99999665396307,0.0,0.005032144380798822
2255.0,1127.5,0.002175779284213019,0.0,99.99999669535097,0.0,0.0061204178065589815
2255.5,1127.75,0.0021752802338056306,0.0,99.99999669698616,0.0,0.006117586366154988
2256.0,1128.0,0.0021747814122764194,0.0,99.99999669989863,0.0,0.006113602721682143
2256.5,1128.25,0.002174282819467966,0.0,99.99999670412116,0.0,0.006108378042636851
2257.0,1128.5,0.0021737844552229975,0.0,99.99999675433588,0.0,0.00596316361178629
2257.5,1128.75,0.0021732831063459865,0.0,99.99999733701033,0.0,0.004709734076198604
2258.0,1129.0,0.002172781988671972,0.0,99.99999733378107,0.0,0.004711344447050898
2258.5,1129.25,0.0021722811020410578,0.0,99.999997329929,0.0,0.004713401436382689
2259.0,1129.5,0.0021717804462934947,0.0,99.99999732522572,0.0,0.004716110780381221
2259.5,1129.75,0.002171286435515747,0.0,99.99999681053295,0.0,0.004663278746587842
2260.0,1130.0,0.0021707926494302777,0.0,99.99999820678048,0.0,0.003401505112784875
2260.5,1130.25,0.0021702990878838253,0.0,99.99999820597507,0.0,0.003402578759346171
2261.0,1130.5,0.0021698089534878573,0.0,99.999996492646,0.0,0.004731925794938681
2261.5,1130.75,0.002169315839104648,0.0,99.99999594392227,0.0,0.005094956685101732
2262.0,1131.0,0.0021688261486663934,0.0,99.99999771244227,0.0,0.00429500531126759
2262.5,1131.25,0.0021683366792587533,0.0,99.9999963406415,0.0,0.005710062586144072
2263.0,1131.5,0.0021678506277181086,0.0,99.9999963506506,0.0,0.005940141344198476
2263.5,1131.75,0.0021673679895966337,0.0,99.99999720899211,0.0,0.005621073329481519
2264.0,1132.0,0.00216687917805998,0.0,99.99999662104622,0.0,0.0050136028789167985
2264.5,1132.25,0.0021663937796497514,0.0,99.9999966923824,0.0,0.005019449849071595
2265.0,1132.5,0.0021659149812066356,0.0,99.99999713700775,0.0,0.004546099313420949
2265.5,1132.75,0.0021654395842356,0.0,99.99999772608258,0.0,0.003674053441193907
2266.0,1133.0,0.0021649612074297934,0.0,99.99999714188299,0.0,0.00446587821970422
2266.5,1133.25,0.002164479854876779,0.0,99.99999807033572,0.0,0.003388450288170191
2267.0,1133.5,0.00216399871632185,0.0,99.99999807196892,0.0,0.003386685472153696
2267.5,1133.75,0.0021635146074030468,0.0,99.99999834248877,0.0,0.003065285978568522
2268.0,1134.0,0.0021630307150361534,0.0,99.99999834392594,0.0,0.0030636444622303863
2268.5,1134.25,0.002162547039075901,0.0,99.99999834534366,0.0,0.003062027448836352
2269.0,1134.5,0.002162066759326671,0.0,99.99999810287272,0.0,0.00324716667732534
2269.5,1134.75,0.002161583514323064,0.0,99.99999811954805,0.0,0.0032731456272924305
2270.0,1135.0,0.0021611004852920205,0.0,99.99999768519321,0.0,0.0038725664323067638
2270.5,1135.25,0.0021606176720887884,0.0,99.99999768285869,0.0,0.003874759599382697
2271.0,1135.5,0.0021601350745687445,0.0,99.99999768048296,0.0,0.00387701840740044
2271.5,1135.75,0.002159649519735083,0.0,99.99999702874615,0.0,0.005108117735467057
2272.0,1136.0,0.00215916101172116,0.0,99.99999788415931,0.0,0.004449712086494503
2272.5,1136.25,0.0021586727246561545,0.0,99.99999788285339,0.0,0.004450856865004812
2273.0,1136.5,0.0021581846583901996,0.0,99.99999808677305,0.0,0.004163773226106522
2273.5,1136.75,0.0021576936456656043,0.0,99.99999704193961,0.0,0.004657513597234161
2274.0,1137.0,0.00215720285631268,0.0,99.99999699481849,0.0,0.004688384032487624
2274.5,1137.25,0.0021567122901790365,0.0,99.99999695680128,0.0,0.004713248775555381
2275.0,1137.5,0.0021562251099014737,0.0,99.99999700471773,0.0,0.004615642691565037
2275.5,1137.75,0.0021557349883121035,0.0,99.99999740880314,0.0,0.0043450723585068156
2276.0,1138.0,0.002155241929571972,0.0,99.99999732282248,0.0,0.004389466110798311
2276.5,1138.25,0.0021547490963246137,0.0,99.99999732395924,0.0,0.004388522739835718
2277.0,1138.5,0.0021542564884153756,0.0,99.99999732511283,0.0,0.004387569699495405
2277.5,1138.75,0.0021537641056897467,0.0,99.9999976885913,0.0,0.004210932651232953
2278.0,1139.0,0.0021532719479933557,0.0,99.99999820451124,0.0,0.0029496948100851267
2278.5,1139.25,0.0021527800151719735,0.0,99.999998204077,0.0,0.0029496804195060294
2279.0,1139.5,0.0021522946096001125,0.0,99.99999856930744,0.0,0.002714926771730341
2279.5,1139.75,0.0021532732388098593,0.0,99.99999762166301,0.0,0.0051064040033911165
2280.0,1140.0,0.0021542482741866323,0.0,99.99999758882933,0.0,0.005213641071864159
2280.5,1140.25,0.002155226020732894,0.0,99.9999974159173,0.0,0.004971035969943647
2281.0,1140.5,0.002156203326755499,0.0,99.99999741635598,0.0,0.004970802819142308
2281.5,1140.75,0.0021557208502373634,0.0,99.99999701623899,0.0,0.004532900374130924
2282.0,1141.0,0.002155241740920642,0.0,99.99999626648118,0.0,0.005344902538520313
2282.5,1141.25,0.0021547596945913194,0.0,99.99999641733575,0.0,0.005266767441776735
2283.0,1141.5,0.0021542747153332036,0.0,99.99999732858986,0.0,0.0045128064338291266
2283.5,1141.75,0.0021537899543378996,0.0,99.9999973104651,0.0,0.004497070297205476
2284.0,1142.0,0.002153302265788205,0.0,99.99999810387912,0.0,0.003500992096290246
2284.5,1142.25,0.002152814798045817,0.0,99.99999811484514,0.0,0.003491127647189321
2285.0,1142.5,0.0021523244081472926,0.0,99.99999788155297,0.0,0.003586176783780737
2285.5,1142.75,0.002151831100236789,0.0,99.99999814103107,0.0,0.003403341936204894
2286.0,1143.0,0.0021513380184045947,0.0,99.99999814109037,0.0,0.003403001740016268
2286.5,1143.25,0.0021508577165303775,0.0,99.99999715364234,0.0,0.003997575972430036
2287.0,1143.5,0.0021503807662007993,0.0,99.99999724071444,0.0,0.0040570436119588904
2287.5,1143.75,0.0021499040273507465,0.0,99.99999723781492,0.0,0.0040587602432501785
2288.0,1144.0,0.002149427499839595,0.0,99.99999723489965,0.0,0.004060490986192243
2288.5,1144.25,0.0021489480505658847,0.0,99.99999703721873,0.0,0.004408666221835638
2289.0,1144.5,0.002148465683580854,0.0,99.99999795950369,0.0,0.003384150553086131
2289.5,1144.75,0.0021479804029576263,0.0,99.99999849581933,0.0,0.002877739312650522
2290.0,1145.0,0.002147495341508579,0.0,99.9999984984264,0.0,0.002875014577354013
2290.5,1145.25,0.0021470104990852627,0.0,99.99999655553312,0.0,0.004040857949898789
2291.0,1145.5,0.0021465258755393618,0.0,99.99999655422792,0.0,0.004041542244089522
2291.5,1145.75,0.0021460414707226948,0.0,99.99999655294414,0.0,0.004042238443062536
2292.0,1146.0,0.002145557284487213,0.0,99.99999681839097,0.0,0.004284139904873414
2292.5,1146.25,0.0021450733166850033,0.0,99.99999681541395,0.0,0.004285804245588173
2293.0,1146.5,0.002144583326664853,0.0,99.99999691217448,0.0,0.0041927575925359145
2293.5,1146.75,0.002144093560446274,0.0,99.9999969086757,0.0,0.004194506271479265
2294.0,1147.0,0.002143600900486891,0.0,99.99999678539116,0.0,0.004541542103677928
2294.5,1147.25,0.002143108466877779,0.0,99.99999678162355,0.0,0.004543858041296375
2295.0,1147.5,0.0021426193739888335,0.0,99.9999985745201,0.0,0.0028989117719485395
2295.5,1147.75,0.0021421305042871675,0.0,99.99999857179536,0.0,0.0029009760387127366
2296.0,1148.0,0.0021416387459353907,0.0,99.99999862885606,0.0,0.002848567448959717
2296.5,1148.25,0.0021411472133128807,0.0,99.9999972363652,0.0,0.0044457584788320055
2297.0,1148.5,0.0021406527974439965,0.0,99.99999722791014,0.0,0.004421094460216494
2297.5,1148.75,0.0021401555024791828,0.0,99.9999975504817,0.0,0.004370921454632913
2298.0,1149.0,0.002139655332590115,0.0,99.99999820654666,0.0,0.0033444555934681822
2298.5,1149.25,0.002139155396433096,0.0,99.99999820558061,0.0,0.0033454509454076088
2299.0,1149.5,0.002138658796866589,0.0,99.99999747131217,0.0,0.00448816652432326
2299.5,1149.75,0.0021381624278152592,0.0,99.99999739902837,0.0,0.005318082034391295
2300.0,1150.0,0.0021376662891186404,0.0,99.99999739908485,0.0,0.005319240515031061
2300.5,1150.25,0.0021371703806164154,0.0,99.9999975561408,0.0,0.005157147557695409
2301.0,1150.5,0.002136674702148416,0.0,99.99999769601192,0.0,0.005008312514341793
2301.5,1150.75,0.0021361885411020644,0.0,99.99999780348416,0.0,0.004650456805886507
2302.0,1151.0,0.002135702601239403,0.0,99.99999780687894,0.0,0.004646736807190031
2302.5,1151.25,0.0021352168824095214,0.0,99.99999781032918,0.0,0.004642999660338883
2303.0,1151.5,0.0021347313844616465,0.0,99.99999781382937,0.0,0.004639276583701774
2303.5,1151.75,0.002134243017014579,0.0,99.99999696712003,0.0,0.005937831677480694
2304.0,1152.0,0.00213375487296631,0.0,99.99999696315133,0.0,0.005943856860615598
2304.5,1152.25,0.0021332700395682515,0.0,99.99999677128125,0.0,0.006205117309903008
2305.0,1152.5,0.002132785426448565,0.0,99.99999664811936,0.0,0.006350783190902609
2305.5,1152.75,0.002132301033457163,0.0,99.9999966315468,0.0,0.0063729681677655555
2306.0,1153.0,0.0021318137772442618,0.0,99.99999673601832,0.0,0.00608013226461622
2306.5,1153.25,0.0021313267436681954,0.0,99.99999673425528,0.0,0.006084708584241755
2307.0,1153.5,0.0021308460933524543,0.0,99.99999722115929,0.0,0.005697552916387656
2307.5,1153.75,0.002130362580773839,0.0,99.99999724587803,0.0,0.005628076566845441
2308.0,1154.0,0.0021298854427965366,0.0,99.99999829483534,0.0,0.00451516632292889
2308.5,1154.25,0.0021294115947472587,0.0,99.99999703262239,0.0,0.004706509536154479
2309.0,1154.5,0.0021289379574905686,0.0,99.99999702789555,0.0,0.004716660893075694
2309.5,1154.75,0.0021284645308858397,0.0,99.99999702439938,0.0,0.004725688082772605
2310.0,1155.0,0.0021279913147925714,0.0,99.99999702206036,0.0,0.004733606046678499
2310.5,1155.25,0.002127512167522098,0.0,99.99999765702344,0.0,0.0038508460012498264
2311.0,1155.5,0.002127033235976588,0.0,99.9999976593464,0.0,0.0038538748435420255
2311.5,1155.75,0.0021265545200103873,0.0,99.99999766278022,0.0,0.0038556428093010626
2312.0,1156.0,0.002126076019477972,0.0,99.9999976673838,0.0,0.0038561153974523477
2312.5,1156.25,0.0021255977342339483,0.0,99.99999767312019,0.0,0.0038553384360362477
2313.0,1156.5,0.002125119664133055,0.0,99.99999767992914,0.0,0.0038534240810162565
2313.5,1156.75,0.0021246448715195247,0.0,99.99999718346943,0.0,0.0045155959700174195
2314.0,1157.0,0.002124170291014212,0.0,99.99999718061879,0.0,0.0045207757450509015
2314.5,1157.25,0.0021236928627206895,0.0,99.99999744829911,0.0,0.004547133769612745
2315.0,1157.5,0.0021232156489924088,0.0,99.9999974278287,0.0,0.004564658935325473
2315.5,1157.75,0.0021227386496847573,0.0,99.99999741169277,0.0,0.004579106883460041
2316.0,1158.0,0.0021222679759265125,0.0,99.99999750125575,0.0,0.005840061907369798
2316.5,1158.25,0.002121794456560073,0.0,99.99999677860959,0.0,0.005814952194767133
2317.0,1158.5,0.002121327254305978,0.0,99.99999802796312,0.0,0.0036072719180977797
2317.5,1158.75,0.002122299104605605,0.0,99.99999802884943,0.0,0.0036059577964696293
2318.0,1159.0,0.002123267472721911,0.0,99.99999667647391,0.0,0.005313455033166823
2318.5,1159.25,0.002124235411881624,0.0,99.99999740701776,0.0,0.00416303346579041
2319.0,1159.5,0.002125202922369702,0.0,99.99999741282572,0.0,0.004157806897521054
2319.5,1159.75,0.002126166947951318,0.0,99.99999819378061,0.0,0.0032664956077783666
2320.0,1160.0,0.0021271305440136367,0.0,99.99999819132871,0.0,0.0032690688072983735
2320.5,1160.25,0.0021280937108436506,0.0,99.99999818884523,0.0,0.00327165918747413
2321.0,1160.5,0.002129056448728097,0.0,99.9999981863401,0.0,0.0032742384089703143
2321.5,1160.75,0.0021300187579534583,0.0,99.99999818380793,0.0,0.0032767992488854894
2322.0,1161.0,0.002130983698836288,0.0,99.99999719555733,0.0,0.004402540842123543
2322.5,1161.25,0.0021319482130397705,0.0,99.99999720272623,0.0,0.004394188097716067
2323.0,1161.5,0.0021329123008468494,0.0,99.99999720966883,0.0,0.004386011809610023
2323.5,1161.75,0.0021338729003881726,0.0,99.9999973647765,0.0,0.005843062850238892
2324.0,1162.0,0.0021348300098563725,0.0,99.99999861280457,0.0,0.0038608390374409345
2324.5,1162.25,0.002135780563966556,0.0,99.99999821200831,0.0,0.003873615912026428
2325.0,1162.5,0.002136730687324598,0.0,99.99999821408466,0.0,0.003870987327823444
2325.5,1162.75,0.0021362435948535166,0.0,99.999998213764,0.0,0.003858889960339252
2326.0,1163.0,0.002135753663032541,0.0,99.99999824503786,0.0,0.0038481628732864818
2326.5,1163.25,0.0021352700758379144,0.0,99.99999838036618,0.0,0.004415249962396151
2327.0,1163.5,0.0021347928248037135,0.0,99.99999799319346,0.0,0.0040579870814079315
2327.5,1163.75,0.00213431272981463,0.0,99.99999739241707,0.0,0.004730374661015094
2328.0,1164.0,0.0021338359065866787,0.0,99.99999778970552,0.0,0.0041620940969796325
2328.5,1164.25,0.002133359296363696,0.0,99.99999777706999,0.0,0.0040806748358427234
2329.0,1164.5,0.002132879845860066,0.0,99.99999708645228,0.0,0.004877573791147161
2329.5,1164.75,0.002132400610811128,0.0,99.9999970897245,0.0,0.004872277301389146
2330.0,1165.0,0.0021319185406802965,0.0,99.99999677151835,0.0,0.005351700763751627
2330.5,1165.25,0.0021314366884626333,0.0,99.99999677591356,0.0,0.005346313156021908
2331.0,1165.5,0.0021309550540104145,0.0,99.99999677973379,0.0,0.005341560046912699
2331.5,1165.75,0.00213047363717605,0.0,99.99999678302973,0.0,0.005337388703949344
2332.0,1166.0,0.0021299924378120833,0.0,99.9999967858921,0.0,0.0053337053709559355
2332.5,1166.25,0.0021295114557711905,0.0,99.99999738234074,0.0,0.004988847342356571
2333.0,1166.5,0.0021290306909061813,0.0,99.9999982169521,0.0,0.002886600099885803
2333.5,1166.75,0.002128550143069998,0.0,99.99999821698299,0.0,0.0028858426044806136
2334.0,1167.0,0.002128072851503362,0.0,99.99999706987565,0.0,0.004026060413469578
2334.5,1167.25,0.0021275957739379514,0.0,99.9999976461839,0.0,0.0030462976725996772
2335.0,1167.5,0.0021271219469018968,0.0,99.99999794417892,0.0,0.0030427924939988057
2335.5,1167.75,0.0021266483308665166,0.0,99.99999794213377,0.0,0.003043191655143776
2336.0,1168.0,0.002126184027648954,0.0,99.9999986340607,0.0,0.0024578242036930233
2336.5,1168.25,0.0021271465847955387,0.0,99.99999862704722,0.0,0.0024635280470419207
2337.0,1168.5,0.0021281087218225285,0.0,99.99999829088677,0.0,0.003349188061109407
2337.5,1168.75,0.0021290643667637795,0.0,99.9999987945765,0.0,0.0023660388103082467
2338.0,1169.0,0.0021300226261439605,0.0,99.9999987750644,0.0,0.0024304317261126516
2338.5,1169.25,0.002130977427318703,0.0,99.99999593319583,0.0,0.004043219109385981
2339.0,1169.5,0.00213335993501589,0.0,99.99999706303781,0.0,0.004435481080764128
2339.5,1169.75,0.002134316619743996,0.0,99.99999705689746,0.0,0.004440229694493085
2340.0,1170.0,0.002135272884740847,0.0,99.99999704968157,0.0,0.004445827301187423
2340.5,1170.25,0.0021376528827694637,0.0,99.99999802101041,0.0,0.004045890593313374
2341.0,1170.5,0.002140031837067117,0.0,99.99999802945985,0.0,0.004034542697278089
2341.5,1170.75,0.002142403648776766,0.0,99.99999784584844,0.0,0.004092592143127909
2342.0,1171.0,0.002144774407305042,0.0,99.99999711141825,0.0,0.006042872468974858
2342.5,1171.25,0.0021471441133532727,0.0,99.99999710899696,0.0,0.006046233143893735
2343.0,1171.5,0.002149509709780625,0.0,99.9999973957888,0.0,0.006233295294656591
2343.5,1171.75,0.0021518742497596386,0.0,99.99999849646166,0.0,0.0036125641829474163
2344.0,1172.0,0.002154243860404998,0.0,99.99999676657202,0.0,0.004952361392343899
2344.5,1172.25,0.002156612426750524,0.0,99.99999676740892,0.0,0.004952421202266532
2345.0,1172.5,0.002158979949486407,0.0,99.99999676822581,0.0,0.004952459504899649
2345.5,1172.75,0.0021613433580256036,0.0,99.99999682324184,0.0,0.00482954898144952
2346.0,1173.0,0.0021622850323561376,0.0,99.99999678943901,0.0,0.004771859297746965
2346.5,1173.25,0.002163220144224145,0.0,99.99999851185657,0.0,0.0033313701509815894
2347.0,1173.5,0.002164154836474245,0.0,99.9999985133143,0.0,0.0033294433032285665
2347.5,1173.75,0.0021650891093888203,0.0,99.9999985149382,0.0,0.0033273210789013167
2348.0,1174.0,0.00216602296325,0.0,99.99999851676553,0.0,0.003324963983280987
2348.5,1174.25,0.00216554345065016,0.0,99.99999872325441,0.0,0.002923898171380808
2349.0,1174.5,0.002165067222074038,0.0,99.99999852563282,0.0,0.0032988298374872155
2349.5,1174.75,0.0021645912029084387,0.0,99.99999852558665,0.0,0.0032983864800864037
2350.0,1175.0,0.0021641153930152678,0.0,99.99999852540878,0.0,0.003298074482912409
2350.5,1175.25,0.0021636397922565513,0.0,99.99999852512288,0.0,0.003297885132863808
2351.0,1175.5,0.0021645788710452493,0.0,99.99999698425228,0.0,0.006100459268308357
2351.5,1175.75,0.0021655175345979692,0.0,99.99999698466814,0.0,0.006099653217047892
2352.0,1176.0,0.0021664588528678306,0.0,99.99999694411567,0.0,0.006200510681247114
2352.5,1176.25,0.00216740282810654,0.0,99.99999846489969,0.0,0.004059920719490687
2353.0,1176.5,0.002168346391565685,0.0,99.99999846336765,0.0,0.004062245583251552
2353.5,1176.75,0.002169283400167652,0.0,99.9999988023505,0.0,0.0030289147061402784
2354.0,1177.0,0.002170223067220288,0.0,99.99999781889557,0.0,0.0041543299184325306
2354.5,1177.25,0.0021697469619296455,0.0,99.99999717161874,0.0,0.005417999437669
2355.0,1177.5,0.002169271065489911,0.0,99.99999717206016,0.0,0.005417669413101096
2355.5,1177.75,0.0021687984460481325,0.0,99.99999673581868,0.0,0.006092260003644836
2356.0,1178.0,0.0021683260325008453,0.0,99.99999673614391,0.0,0.0060917582733061295
2356.5,1178.25,0.0021678538247135335,0.0,99.99999673656981,0.0,0.006091165085535656
2357.0,1178.5,0.0021673818225517987,0.0,99.99999765089582,0.0,0.004242872469571763
2357.5,1178.75,0.002166913088833542,0.0,99.99999699504757,0.0,0.0048501745131326905
2358.0,1179.0,0.002166444557814958,0.0,99.99999699197386,0.0,0.004852943985177081
2358.5,1179.25,0.002165973169060352,0.0,99.99999900842964,0.0,0.0029840539334086104
2359.0,1179.5,0.0021655019853966343,0.0,99.99999900690607,0.0,0.002985068849743352
2359.5,1179.75,0.0021650310066899884,0.0,99.99999900523339,0.0,0.0029862288163788426
2360.0,1180.0,0.002164560232806713,0.0,99.99999900340745,0.0,0.0029875546301728526
2360.5,1180.25,0.0021640866086377122,0.0,99.99999698072993,0.0,0.005811337859958908
2361.0,1180.5,0.002163613191689354,0.0,99.9999969785796,0.0,0.00581348401818043
2361.5,1180.75,0.0021631399818256734,0.0,99.99999697629809,0.0,0.005815719936752021
2362.0,1181.0,0.0021626669789108228,0.0,99.99999697390514,0.0,0.00581802753439891
2362.5,1181.25,0.0021621941828090753,0.0,99.99999697143028,0.0,0.005820383171814329
2363.0,1181.5,0.00216313476865457,0.0,99.99999656021113,0.0,0.00548567362942314
2363.5,1181.75,0.002164074946074354,0.0,99.9999965604378,0.0,0.005484884172253421
2364.0,1182.0,0.002165014715334393,0.0,99.99999656023687,0.0,0.00548437357643651
2364.5,1182.25,0.002165954076700422,0.0,99.99999744748138,0.0,0.004924674557168547
2365.0,1182.5,0.0021668930304379434,0.0,99.9999974473545,0.0,0.004924841384651629
2365.5,1182.75,0.002167831576812231,0.0,99.99999744782394,0.0,0.004924351771793871
2366.0,1183.0,0.002168769716088328,0.0,99.99999744901682,0.0,0.004923049186693171
2366.5,1183.25,0.0021697105034545004,0.0,99.99999713395066,0.0,0.005307060848812636
2367.0,1183.5,0.002170650885574885,0.0,99.99999713599492,0.0,0.005304957858219441
2367.5,1183.75,0.002171590862711266,0.0,99.99999713890332,0.0,0.005301879545337474
2368.0,1184.0,0.0021725304351252017,0.0,99.99999714288937,0.0,0.005297583533520896
2368.5,1184.25,0.0021734696030780267,0.0,99.99999714826295,0.0,0.005291722494633783
2369.0,1184.5,0.002174408366830849,0.0,99.99999715541034,0.0,0.005283866760706404
2369.5,1184.75,0.002175352844481255,0.0,99.99999760486284,0.0,0.005089508631097685
2370.0,1185.0,0.0021762969211303247,0.0,99.99999770352284,0.0,0.004765125631800019
2370.5,1185.25,0.0021772405970333867,0.0,99.99999770343396,0.0,0.004765759878912726
2371.0,1185.5,0.0021781899943788645,0.0,99.99999695408378,0.0,0.005304133183080685
2371.5,1185.75,0.002179142055896188,0.0,99.99999755537472,0.0,0.004978802540972468
2372.0,1186.0,0.0021786829012021384,0.0,99.99999649696666,0.0,0.005105442897592597
2372.5,1186.25,0.0021782178217821784,0.0,99.99999746012178,0.0,0.0048129286398812645
2373.0,1186.5,0.002177755998657682,0.0,99.99999757608497,0.0,0.004309410693734903
2373.5,1186.75,0.002177294371322043,0.0,99.99999752928986,0.0,0.004344968418759017
2374.0,1187.0,0.0021768298844638064,0.0,99.99999798680967,0.0,0.0035283318055084278
2374.5,1187.25,0.0021763655957432477,0.0,99.9999979821759,0.0,0.0035315705193115663
2375.0,1187.5,0.0021758953998961853,0.0,99.99999775085551,0.0,0.0038292444243557275
2375.5,1187.75,0.002175422355936126,0.0,99.99999806567422,0.0,0.003475188751225016
2376.0,1188.0,0.002174949517612744,0.0,99.99999806456154,0.0,0.0034764988494469804
2376.5,1188.25,0.0021744738362148735,0.0,99.99999706531064,0.0,0.005615282503367898
2377.0,1188.5,0.00217399836284327,0.0,99.99999751780047,0.0,0.005106223227765909
2377.5,1188.75,0.002173529189193734,0.0,99.99999704630136,0.0,0.0054580860928947796
2378.0,1189.0,0.002173057173400435,0.0,99.99999743060874,0.0,0.004768698107004392
2378.5,1189.25,0.0021725853625738202,0.0,99.9999974322789,0.0,0.004766957333748469
2379.0,1189.5,0.0021721167985435195,0.0,99.99999693846969,0.0,0.005182728502353193
2379.5,1189.75,0.002171648436581145,0.0,99.99999693975433,0.0,0.005181599727908927
2380.0,1190.0,0.0021711802765560125,0.0,99.99999763029263,0.0,0.004629164683662435
2380.5,1190.25,0.0021707183944241508,0.0,99.99999679721732,0.0,0.005632438898290536
2381.0,1190.5,0.0021702567087658223,0.0,99.99999595352658,0.0,0.007918598063611754
2381.5,1190.75,0.002169792183991662,0.0,99.99999589792637,0.0,0.007743528273954201
2382.0,1191.0,0.0021693339263685264,0.0,99.99999709008537,0.0,0.006688358512837397
2382.5,1191.25,0.0021688697964954086,0.0,99.99999718323106,0.0,0.005026948323551699
2383.0,1191.5,0.0021684058651813575,0.0,99.99999710590184,0.0,0.005935644551030286
2383.5,1191.75,0.002167942132298983,0.0,99.9999966327404,0.0,0.004719083497433913
2384.0,1192.0,0.002167481626715224,0.0,99.99999722177364,0.0,0.004134796927394049
2384.5,1192.25,0.0021670213167274206,0.0,99.99999696485584,0.0,0.004579964189570273
2385.0,1192.5,0.0021665672550808166,0.0,99.99999823523436,0.0,0.0031693071185991627
2385.5,1192.75,0.0021661133836758007,0.0,99.9999965091699,0.0,0.00436765948368187
2386.0,1193.0,0.0021656566784886483,0.0,99.99999772373931,0.0,0.0036817450235983014
2386.5,1193.25,0.0021652001658451193,0.0,99.99999772392206,0.0,0.0036823967179811287
2387.0,1193.5,0.002164740824276361,0.0,99.99999605783205,0.0,0.005262421490835187
2387.5,1193.75,0.002164284697628078,0.0,99.99999602976385,0.0,0.0055065466329528665
2388.0,1194.0,0.0021638257443644267,0.0,99.9999970193407,0.0,0.00492051049893241
2388.5,1194.25,0.0021633609507071723,0.0,99.99999668518474,0.0,0.00539115991260814
2389.0,1194.5,0.002162896356684061,0.0,99.99999668525673,0.0,0.005390989656881096
2389.5,1194.75,0.002162431962166503,0.0,99.99999668527278,0.0,0.005390779640691266
2390.0,1195.0,0.002161967767026019,0.0,99.99999668545304,0.0,0.005390508948096115
2390.5,1195.25,0.0021615067834521396,0.0,99.99999593374397,0.0,0.006262989126898732
2391.0,1195.5,0.002161045996421943,0.0,99.99999593343912,0.0,0.006263308381375601
2391.5,1195.75,0.002160588415568495,0.0,99.9999958827701,0.0,0.0066976252465367385
2392.0,1196.0,0.002160131028450778,0.0,99.99999588329088,0.0,0.006696974731480478
2392.5,1196.25,0.0021596738349457783,0.0,99.99999728092034,0.0,0.0044444392534354
2393.0,1196.5,0.0021592168349305876,0.0,99.99999738386866,0.0,0.00561480581025663
2393.5,1196.75,0.0021587570236154935,0.0,99.9999963093663,0.0,0.006182669816651599
2394.0,1197.0,0.002159688960260053,0.0,99.99999630709607,0.0,0.0061840386651136
2394.5,1197.25,0.0021620087482052824,0.0,99.99999664436197,0.0,0.006085062974006917
2395.0,1197.5,0.0021643275423198364,0.0,99.99999847960456,0.0,0.003254268934140938
2395.5,1197.75,0.002166645343242236,0.0,99.99999847786334,0.0,0.0032559768056969456
2396.0,1198.0,0.002168962151610454,0.0,99.99999847625335,0.0,0.0032575383184696126
2396.5,1198.25,0.0021712840045038156,0.0,99.99999740503135,0.0,0.004064906812437696
2397.0,1198.5,0.002173601855622249,0.0,99.99999788757748,0.0,0.003974836850794013
2397.5,1198.75,0.002175918721237856,0.0,99.99999788782704,0.0,0.0039755520629071095
2398.0,1199.0,0.0021782346019790263,0.0,99.99999788749292,0.0,0.003976925556152901
2398.5,1199.25,0.002180546469945264,0.0,99.99999683149213,0.0,0.004966221798470614
2399.0,1199.5,0.0021828603802509458,0.0,99.99999759162714,0.0,0.004204396204667955
2399.5,1199.75,0.002185167240261498,0.0,99.99999761874466,0.0,0.004392374148980041
2400.0,1200.0,0.002187473107683083,0.0,99.99999761839852,0.0,0.004392925061517505
2400.5,1200.25,0.0021897779831561944,0.0,99.99999810358767,0.0,0.0038058592421835276
2401.0,1200.5,0.002192078826044671,0.0,99.99999655875207,0.0,0.0049065756381377525
2401.5,1200.75,0.002194378673191545,0.0,99.99999656097675,0.0,0.004905416933791218
2402.0,1201.0,0.0021966805715807223,0.0,99.99999674096614,0.0,0.005973065214536996
2402.5,1201.25,0.002198981480582827,0.0,99.99999674053026,0.0,0.005973201075302488
2403.0,1201.5,0.0022012814008355998,0.0,99.99999700950741,0.0,0.004654446075269655
2403.5,1201.75,0.0022021883293719814,0.0,99.99999763146793,0.0,0.004355184693513114
2404.0,1202.0,0.0022030887581507355,0.0,99.99999810024059,0.0,0.004279617670309096
2404.5,1202.25,0.002203985737123099,0.0,99.9999973880431,0.0,0.005392013639394051
2405.0,1202.5,0.0022048823185611757,0.0,99.99999738978616,0.0,0.005390342876459177
2405.5,1202.75,0.0022057815570076145,0.0,99.99999761251983,0.0,0.005211412554833726
2406.0,1203.0,0.0022066803995835827,0.0,99.99999703156278,0.0,0.0048301538875917234
2406.5,1203.25,0.002207572735715482,0.0,99.99999845528038,0.0,0.004291889511702316
2407.0,1203.5,0.0022084646742514605,0.0,99.99999845430523,0.0,0.004293223935494277
2407.5,1203.75,0.002209356215457193,0.0,99.99999845336993,0.0,0.004294484127701959
2408.0,1204.0,0.0022102504166695482,0.0,99.99999807617607,0.0,0.005048267732705829
2408.5,1204.25,0.002211144222193029,0.0,99.99999807489169,0.0,0.005049695291530943
2409.0,1204.5,0.0022120376322902193,0.0,99.99999807362626,0.0,0.0050510882917782895
2409.5,1204.75,0.0022129306472234702,0.0,99.99999807233444,0.0,0.005052496405233053
2410.0,1205.0,0.0022138232672549007,0.0,99.99999807098932,0.0,0.005053953672976523
2410.5,1205.25,0.0022147246722815394,0.0,99.99999770578957,0.0,0.00508183813025428
2411.0,1205.5,0.002214244373567751,0.0,99.99999770861467,0.0,0.005079125053266377
2411.5,1205.75,0.0022137673403719075,0.0,99.99999756865981,0.0,0.005526697720622881
2412.0,1206.0,0.0022132966245500575,0.0,99.99999748941654,0.0,0.005760258124948034
2412.5,1206.25,0.002212823054220377,0.0,99.99999685967764,0.0,0.0048960536733388725
2413.0,1206.5,0.0022123466331755385,0.0,99.9999975662084,0.0,0.004631882095406617
2413.5,1206.75,0.002211867365228562,0.0,99.99999710017707,0.0,0.004937908129337517
2414.0,1207.0,0.0022113883048874025,0.0,99.99999733300659,0.0,0.004748028631953758
2414.5,1207.25,0.0022109094520171963,0.0,99.9999973110208,0.0,0.004765731913191505
2415.0,1207.5,0.002210430806483195,0.0,99.99999709781207,0.0,0.00494117402863056
2415.5,1207.75,0.002209958461604212,0.0,99.99999700350695,0.0,0.004680155042034726
2416.0,1208.0,0.002209489363989596,0.0,99.99999830185531,0.0,0.003980347588505274
2416.5,1208.25,0.0022090204654790597,0.0,99.99999830160169,0.0,0.00398029019160353
2417.0,1208.5,0.002208557851678049,0.0,99.99999727976196,0.0,0.0051657349404760295
2417.5,1208.75,0.002208098473202528,0.0,99.99999652188004,0.0,0.006136534445144593
2418.0,1209.0,0.0022076392857880637,0.0,99.99999650839018,0.0,0.006146878316958126
2418.5,1209.25,0.0022071802893154848,0.0,99.99999649440196,0.0,0.006157620482098402
2419.0,1209.5,0.002206724521486311,0.0,99.99999739948214,0.0,0.005379816411414098
2419.5,1209.75,0.002206265905277834,0.0,99.99999674561805,0.0,0.006186688484893031
2420.0,1210.0,0.002205807479655107,0.0,99.99999674217256,0.0,0.0061896150386586204
2420.5,1210.25,0.002205355312595014,0.0,99.99999830735902,0.0,0.003728339918919917
2421.0,1210.5,0.002204900298067308,0.0,99.9999964571462,0.0,0.004972724028378649
2421.5,1210.75,0.0022044424397113186,0.0,99.99999726808649,0.0,0.004563592946129254
2422.0,1211.0,0.002203984771468915,0.0,99.99999726164374,0.0,0.0045694457098456424
2422.5,1211.25,0.0022035272932217137,0.0,99.99999725530505,0.0,0.004575154595192304
2423.0,1211.5,0.002203063949325406,0.0,99.9999972660794,0.0,0.004732196323165917
2423.5,1211.75,0.0022026038267321632,0.0,99.99999707458228,0.0,0.005099059058767747
2424.0,1212.0,0.0022021438962972935,0.0,99.9999970808458,0.0,0.00509252622913235
2424.5,1212.25,0.0022016841579004477,0.0,99.99999715382644,0.0,0.005013085134985324
2425.0,1212.5,0.002201224611421376,0.0,99.99999724699063,0.0,0.004912904289611886
2425.5,1212.75,0.0022007592138772766,0.0,99.99999763761221,0.0,0.004881739861910827
2426.0,1213.0,0.002200290992944794,0.0,99.99999796999013,0.0,0.004458588777496443
2426.5,1213.25,0.0021998259900589275,0.0,99.99999760692,0.0,0.00480239874807013
2427.0,1213.5,0.0021993702364700315,0.0,99.99999746353431,0.0,0.0051305984836751625
2427.5,1213.75,0.0021989116553291716,0.0,99.99999696831635,0.0,0.005595945469354133
2428.0,1214.0,0.002198444220135171,0.0,99.99999687260922,0.0,0.004960886254167333
2428.5,1214.25,0.002197976983629665,0.0,99.99999687257615,0.0,0.004960288182808129
2429.0,1214.5,0.0021975099456859985,0.0,99.99999852158297,0.0,0.0027497015599935804
2429.5,1214.75,0.002197046117409706,0.0,99.9999967548868,0.0,0.00438540164437041
2430.0,1215.0,0.0021965824848925006,0.0,99.99999675822032,0.0,0.004382990643544543
2430.5,1215.25,0.002196119048010478,0.0,99.99999676149264,0.0,0.004380650207514976
2431.0,1215.5,0.002195652799217619,0.0,99.99999724674998,0.0,0.00397839293090311
2431.5,1215.75,0.0021951807360907983,0.0,99.99999851946832,0.0,0.003211074846863607
2432.0,1216.0,0.0021947088759065327,0.0,99.99999851905028,0.0,0.0032109699085927216
2432.5,1216.25,0.0021942402220795592,0.0,99.99999862873362,0.0,0.0030863693881774982
2433.0,1216.5,0.002193771768360693,0.0,99.99999862868957,0.0,0.003085957955282751
2433.5,1216.75,0.0021933035146217954,0.0,99.99999862867281,0.0,0.0030855147797350323
2434.0,1217.0,0.002192841460161556,0.0,99.99999791653288,0.0,0.003930534671204848
2434.5,1217.25,0.0021923766018846504,0.0,99.99999834066703,0.0,0.00359995792977227
2435.0,1217.5,0.002191914937838769,0.0,99.99999840361323,0.0,0.0035711780395482357
2435.5,1217.75,0.0021914534681835955,0.0,99.99999747615558,0.0,0.004327626310184603
2436.0,1218.0,0.002190989198136224,0.0,99.9999984283806,0.0,0.002911984612737391
2436.5,1218.25,0.0021905221313794003,0.0,99.99999819837015,0.0,0.003251317992082372
2437.0,1218.5,0.0021900522716156658,0.0,99.99999871521676,0.0,0.0029132206972140675
2437.5,1218.75,0.002189588595016261,0.0,99.99999860203246,0.0,0.0031822725604779274
2438.0,1219.0,0.0021891251147139797,0.0,99.99999859946669,0.0,0.003185035511244247
2438.5,1219.25,0.0021886558540058685,0.0,99.99999800987813,0.0,0.004155080061053666
2439.0,1219.5,0.0021881867944360265,0.0,99.99999800608651,0.0,0.004159258488277573
2439.5,1219.75,0.002187717935875162,0.0,99.99999800292291,0.0,0.004162772618637537
2440.0,1220.0,0.0021886077780173176,0.0,99.99999627444392,0.0,0.005625687661495614
2440.5,1220.25,0.002189500220996284,0.0,99.99999617300645,0.0,0.006609941872646784
2441.0,1220.5,0.002190395266782233,0.0,99.99999598331503,0.0,0.0068877428440444225
2441.5,1220.75,0.0021912899293387404,0.0,99.99999598337203,0.0,0.00688641876037131
2442.0,1221.0,0.0021921871975177027,0.0,99.99999641240467,0.0,0.00660438899050706
2442.5,1221.25,0.002193081094932197,0.0,99.99999676562635,0.0,0.006134062460325044
2443.0,1221.5,0.0021939746098540804,0.0,99.99999676448759,0.0,0.006134175572677644
2443.5,1221.75,0.002194867742528798,0.0,99.99999810275933,0.0,0.0036825369661716563
2444.0,1222.0,0.002195763484126346,0.0,99.99999779216297,0.0,0.00384324496569496
2444.5,1222.25,0.0021966558536180136,0.0,99.99999680657953,0.0,0.00528736875678078
2445.0,1222.5,0.00219754784159683,0.0,99.99999675384133,0.0,0.005293159400138463
2445.5,1222.75,0.002198439448307406,0.0,99.99999675548628,0.0,0.005292003362184084
2446.0,1223.0,0.00219933067399414,0.0,99.99999675731434,0.0,0.005290685694128307
2446.5,1223.25,0.002200221518901223,0.0,99.99999675927938,0.0,0.0052892282765001405
2447.0,1223.5,0.0022011089889046693,0.0,99.99999839675519,0.0,0.0032359699014127357
2447.5,1223.75,0.002201999072412991,0.0,99.99999655836342,0.0,0.005687298214180583
2448.0,1224.0,0.0022028887758737447,0.0,99.99999655779449,0.0,0.005688169721722226
2448.5,1224.25,0.0022037780995302868,0.0,99.99999655714605,0.0,0.005689059080614162
2449.0,1224.5,0.002204670040273966,0.0,99.99999794688507,0.0,0.0034955791536339553
2449.5,1224.75,0.002205573591823478,0.0,99.999997745655,0.0,0.003386787145404618
2450.0,1225.0,0.0022064707744522205,0.0,99.99999837683181,0.0,0.0032529432899259226
2450.5,1225.25,0.0022073675817167477,0.0,99.99999837702157,0.0,0.0032521641788510643
2451.0,1225.5,0.0022082640138525785,0.0,99.99999837724528,0.0,0.003251355283681431
2451.5,1225.75,0.0022091540718633612,0.0,99.99999855219019,0.0,0.002962747383558059
2452.0,1226.0,0.002210043752893216,0.0,99.99999796760966,0.0,0.003586709224080169
2452.5,1226.25,0.002210939058701857,0.0,99.9999971890224,0.0,0.005187664512473885
2453.0,1226.5,0.0022118339903249226,0.0,99.99999719328511,0.0,0.0051845081685344034
2453.5,1226.75,0.0022127255460588796,0.0,99.99999778926043,0.0,0.00439287397236163
2454.0,1227.0,0.0022136167269126692,0.0,99.9999978015727,0.0,0.0043810662546640705
2454.5,1227.25,0.0022145075331226863,0.0,99.99999781515771,0.0,0.004368005679124373
2455.0,1227.5,0.002215397964925125,0.0,99.99999782969205,0.0,0.004354027656834652
2455.5,1227.75,0.0022162880225559834,0.0,99.99999784476654,0.0,0.004339548478205211
2456.0,1228.0,0.002217177706251059,0.0,99.99999846634695,0.0,0.0035061732426539226
2456.5,1228.25,0.002219421974716475,0.0,99.99999837200268,0.0,0.003264028801323718
2457.0,1228.5,0.002221665300703753,0.0,99.99999837140277,0.0,0.0032647570711255747
2457.5,1228.75,0.002223910696847925,0.0,99.99999806342502,0.0,0.0033788350319905783
2458.0,1229.0,0.002226155156514686,0.0,99.99999806214717,0.0,0.003379908447768466
2458.5,1229.25,0.0022283986802897732,0.0,99.99999806038642,0.0,0.0033814440199217257
2459.0,1229.5,0.0022306442880346508,0.0,99.9999978955411,0.0,0.003518736778798094
2459.5,1229.75,0.0022328889658746903,0.0,99.99999738035669,0.0,0.003914159306756203
2460.0,1230.0,0.002233776706214391,0.0,99.99999745592184,0.0,0.0038115780793272496
2460.5,1230.25,0.0022346640766928052,0.0,99.99999745570345,0.0,0.0038122349966777723
2461.0,1230.5,0.0022355571243675727,0.0,99.99999729626865,0.0,0.0038319398253731686
2461.5,1230.75,0.0022364467809499085,0.0,99.99999815479906,0.0,0.0030354220240759342
2462.0,1231.0,0.0022373269958173474,0.0,99.9999981057233,0.0,0.0030295367048425005
2462.5,1231.25,0.0022382068395059725,0.0,99.99999810851446,0.0,0.0030272873289959447
2463.0,1231.5,0.002239089337907904,0.0,99.99999786014332,0.0,0.003382808690583311
2463.5,1231.75,0.0022399654142855213,0.0,99.99999817762466,0.0,0.003115595931133004
2464.0,1232.0,0.002240841119096856,0.0,99.999998177556,0.0,0.0031159494938758654
2464.5,1232.25,0.002241716452578244,0.0,99.99999817800776,0.0,0.003115692576587027
2465.0,1232.5,0.002242591414965821,0.0,99.99999817944337,0.0,0.0031143190011130306
2465.5,1232.75,0.002243472063238375,0.0,99.9999978684446,0.0,0.003760790705585039
2466.0,1233.0,0.0022443523430741553,0.0,99.99999786941245,0.0,0.0037593599088899064
2466.5,1233.25,0.002245235284196323,0.0,99.99999640747403,0.0,0.0057207309088408995
2467.0,1233.5,0.0022447688387233415,0.0,99.99999641389103,0.0,0.005714991979442034
2467.5,1233.75,0.0022443056140010144,0.0,99.99999803258804,0.0,0.004345929701417187
2468.0,1234.0,0.0022438425804189675,0.0,99.99999803533287,0.0,0.004342757074183509
2468.5,1234.25,0.0022433797378589204,0.0,99.99999803835924,0.0,0.0043392256841634416
2469.0,1234.5,0.00224291708620269,0.0,99.99999613337147,0.0,0.005998262107619105
2469.5,1234.75,0.002242448581354795,0.0,99.99999792338645,0.0,0.004427793217356726
2470.0,1235.0,0.0022419772514760132,0.0,99.99999758869434,0.0,0.004394164849595324
2470.5,1235.25,0.0022415061196888833,0.0,99.99999633209944,0.0,0.00567143876171672
2471.0,1235.5,0.002241032167700316,0.0,99.99999734293779,0.0,0.004886509265760636
2471.5,1235.75,0.0022405584160975506,0.0,99.99999733839107,0.0,0.004889501717531774
2472.0,1236.0,0.00224008486475353,0.0,99.99999733499011,0.0,0.004891274376251046
2472.5,1236.25,0.002239614527884143,0.0,99.99999828798593,0.0,0.004016801313643456
2473.0,1236.5,0.0022391534277617347,0.0,99.99999679512447,0.0,0.005318470929777412
2473.5,1236.75,0.0022386955293357907,0.0,99.99999707574302,0.0,0.005331405788728258
2474.0,1237.0,0.0022382378181485577,0.0,99.9999970758268,0.0,0.005331405961321562
2474.5,1237.25,0.002237780294085213,0.0,99.99999707588445,0.0,0.005331503034210741
2475.0,1237.5,0.0022373199488535753,0.0,99.99999712341011,0.0,0.005163086673650467
2475.5,1237.75,0.0022382040596854416,0.0,99.99999712481326,0.0,0.0051627895978203515
2476.0,1238.0,0.0022390938255576567,0.0,99.99999686275139,0.0,0.005087830492286994
2476.5,1238.25,0.0022399772105497957,0.0,99.99999760905597,0.0,0.005049848232487362
2477.0,1238.5,0.0022408632428569126,0.0,99.99999755731525,0.0,0.0046721503883642825
2477.5,1238.75,0.0022417489133763507,0.0,99.99999575389954,0.0,0.0063289416232039705
2478.0,1239.0,0.0022426312107119884,0.0,99.99999777881615,0.0,0.004086647651423166
2478.5,1239.25,0.002243510133388828,0.0,99.99999573893854,0.0,0.005992574920488075
2479.0,1239.5,0.002244388692683857,0.0,99.99999575931547,0.0,0.005979494255378333
2479.5,1239.75,0.0022452668888223825,0.0,99.99999576022101,0.0,0.0059796097570343175
2480.0,1240.0,0.0022461417081947946,0.0,99.99999779074767,0.0,0.0037434991147739355
2480.5,1240.25,0.0022470191781409975,0.0,99.99999591416407,0.0,0.005349051057723494
2481.0,1240.5,0.002247896285606221,0.0,99.999995914901,0.0,0.005350124847300391
2481.5,1240.75,0.0022487760463111087,0.0,99.99999586929697,0.0,0.005295991450587638
2482.0,1241.0,0.0022496524300402334,0.0,99.99999794583144,0.0,0.0035377106418169302
2482.5,1241.25,0.00224918805383575,0.0,99.99999799606637,0.0,0.003486963209375427
2483.0,1241.5,0.0022487298964485344,0.0,99.99999624674936,0.0,0.005078676983345413
2483.5,1241.75,0.0022482689133277597,0.0,99.99999691309415,0.0,0.004759428325918306
2484.0,1242.0,0.0022478051080634313,0.0,99.99999708491802,0.0,0.0046990190107014775
2484.5,1242.25,0.002247338484265282,0.0,99.99999759360709,0.0,0.004475788664114793
2485.0,1242.5,0.0022468750627665486,0.0,99.99999747471911,0.0,0.004907468506830936
2485.5,1242.75,0.002246411832351811,0.0,99.9999973890074,0.0,0.004983048759636114
2486.0,1243.0,0.0022472842526809473,0.0,99.99999773526542,0.0,0.0044782097652885725
2486.5,1243.25,0.0022481533026442566,0.0,99.99999619120375,0.0,0.006253075393045243
2487.0,1243.5,0.002249018980863939,0.0,99.99999741596703,0.0,0.004763386044993854
2487.5,1243.75,0.0022498842954865876,0.0,99.99999742154442,0.0,0.004757356436690857
2488.0,1244.0,0.002249414911400869,0.0,99.99999709433027,0.0,0.004796669177868917
2488.5,1244.25,0.0022489457231256336,0.0,99.9999971021626,0.0,0.004790084419058915
2489.0,1244.5,0.0022484737248066006,0.0,99.9999970828306,0.0,0.004824533598468757
2489.5,1244.75,0.002248004929038156,0.0,99.9999965534394,0.0,0.006207794813295883
2490.0,1245.0,0.002247539331938309,0.0,99.99999701051706,0.0,0.0059137883283016
2490.5,1245.25,0.0022470709256810014,0.0,99.9999966003828,0.0,0.006920569701294119
2491.0,1245.5,0.0022466027146226856,0.0,99.99999659470474,0.0,0.006925783812551979
2491.5,1245.75,0.0022461316991679164,0.0,99.99999753607982,0.0,0.005447309759038378
2492.0,1246.0,0.0022456608811749,0.0,99.9999974949505,0.0,0.0040164047022396
2492.5,1246.25,0.002245187263567899,0.0,99.9999972471457,0.0,0.004206372935900125
2493.0,1246.5,0.0022447138456939395,0.0,99.99999724700038,0.0,0.004206507279743317
2493.5,1246.75,0.0022442376330097736,0.0,99.99999573309735,0.0,0.0062067114730774645
2494.0,1247.0,0.0022437646154851772,0.0,99.99999625647663,0.0,0.005846283541843295
2494.5,1247.25,0.0022432888054287055,0.0,99.99999754990124,0.0,0.004253921814566883
2495.0,1247.5,0.002242813197128879,0.0,99.99999755070526,0.0,0.004253197864974246
2495.5,1247.75,0.0022423348011161013,0.0,99.99999789819435,0.0,0.004184397532924116
2496.0,1248.0,0.002241856609145229,0.0,99.99999789389078,0.0,0.004188348058972556
2496.5,1248.25,0.0022413756343013093,0.0,99.99999769466764,0.0,0.00432317158156213
2497.0,1248.5,0.0022409008368072625,0.0,99.99999717064048,0.0,0.0044000807062932286
2497.5,1248.75,0.0022404202719406674,0.0,99.99999755919438,0.0,0.004495245372706906
2498.0,1249.0,0.002239942896105003,0.0,99.99999780901518,0.0,0.004257021954313199
2498.5,1249.25,0.002239468705355419,0.0,99.99999665461405,0.0,0.00511032242791693
2499.0,1249.5,0.002238991734899119,0.0,99.99999715712833,0.0,0.004419992578894609
2499.5,1249.75,0.0022385149675734736,0.0,99.99999715540072,0.0,0.0044215117918453084
2500.0,1250.0,0.002238038403248748,0.0,99.99999715298277,0.0,0.004423550937131472
2500.5,1250.25,0.0022375650184246585,0.0,99.99999712997727,0.0,0.0045740117148560765
2501.0,1250.5,0.002237094809195231,0.0,99.9999975632189,0.0,0.00399996067582418
2501.5,1250.75,0.0022366247975468935,0.0,99.99999756222813,0.0,0.004000615899743298
2502.0,1251.0,0.0022361549833551366,0.0,99.99999756105639,0.0,0.004001484123518557
2502.5,1251.25,0.0022356853664955564,0.0,99.9999975596235,0.0,0.004002636603480603
2503.0,1251.5,0.002235212976461161,0.0,99.9999974860516,0.0,0.004043805155562224
2503.5,1251.75,0.002234746724275833,0.0,99.99999589044212,0.0,0.0060824148218157036
2504.0,1252.0,0.0022342806665648267,0.0,99.99999588507094,0.0,0.006088205630140389
2504.5,1252.25,0.0022338177698742715,0.0,99.99999664862396,0.0,0.005388246950697007
2505.0,1252.5,0.002233355064949205,0.0,99.99999664426144,0.0,0.005393152509165448
2505.5,1252.75,0.00223288958745971,0.0,99.99999798396192,0.0,0.0036601318644313738
2506.0,1253.0,0.0022324243039600978,0.0,99.99999798455922,0.0,0.0036599565329938724
2506.5,1253.25,0.002231959214329125,0.0,99.99999798594318,0.0,0.003659010918286367
2507.0,1253.5,0.002231494318445649,0.0,99.99999798765063,0.0,0.0036576913172983875
2507.5,1253.75,0.002231029616188627,0.0,99.99999752641999,0.0,0.004327319653358256
2508.0,1254.0,0.0022305651074371177,0.0,99.99999753390048,0.0,0.004320352574917356
2508.5,1254.25,0.0022301007920702814,0.0,99.99999754067409,0.0,0.004314011202515143
2509.0,1254.5,0.0022296366699673773,0.0,99.99999754654536,0.0,0.0043084556024573836
2509.5,1254.75,0.002229175695358358,0.0,99.9999976499862,0.0,0.004205710284511976
2510.0,1255.0,0.0022287119581924377,0.0,99.9999975141768,0.0,0.0038489529409112258
2510.5,1255.25,0.0022282484139295997,0.0,99.99999752541616,0.0,0.0038388005784891085
2511.0,1255.5,0.002227785062449504,0.0,99.99999753345588,0.0,0.0038312763453015467
2511.5,1255.75,0.002227321903631912,0.0,99.99999808844807,0.0,0.0034364697603067136
2512.0,1256.0,0.0022268618855774283,0.0,99.9999980030157,0.0,0.0034297785123504694
2512.5,1256.25,0.002226407951532608,0.0,99.99999720088282,0.0,0.003934750293667558
2513.0,1256.5,0.0022259483108863693,0.0,99.99999721120291,0.0,0.0038805512954065238
2513.5,1256.75,0.0022254888599860544,0.0,99.99999721303185,0.0,0.0038795221404358316
2514.0,1257.0,0.002225035485479725,0.0,99.9999969922398,0.0,0.00420641456900012
2514.5,1257.25,0.0022245793534700527,0.0,99.99999753149683,0.0,0.0037400941664645195
2515.0,1257.5,0.0022241234084360655,0.0,99.99999714090352,0.0,0.00411952414692536
2515.5,1257.75,0.002223664710493926,0.0,99.99999688184766,0.0,0.00474146879665783
2516.0,1258.0,0.0022231973860908734,0.0,99.99999795648594,0.0,0.0038972414333820005
2516.5,1258.25,0.002222733195370583,0.0,99.99999669680157,0.0,0.005004148262155953
2517.0,1258.5,0.0022222721345307003,0.0,99.99999811231012,0.0,0.0038221651225401154
2517.5,1258.75,0.002221811264926556,0.0,99.99999826027239,0.0,0.0036370048956904815
2518.0,1259.0,0.002221353520092552,0.0,99.99999736297146,0.0,0.004218750074774013
2518.5,1259.25,0.0022208959638318772,0.0,99.99999735949643,0.0,0.00422166266667996
2519.0,1259.5,0.002220438596028029,0.0,99.99999735617818,0.0,0.004224423071854746
2519.5,1259.75,0.0022199843466026454,0.0,99.99999699657619,0.0,0.004283670008858202
2520.0,1260.0,0.002219527354157127,0.0,99.9999962768166,0.0,0.005306920631664424
2520.5,1260.25,0.0022190705498202445,0.0,99.99999627669419,0.0,0.005307533396952881
2521.0,1260.5,0.002218613933475877,0.0,99.99999627645926,0.0,0.005308233942509116
2521.5,1260.75,0.002218157505007998,0.0,99.99999627610556,0.0,0.005309016768383471
2522.0,1261.0,0.0022177012643006793,0.0,99.99999627566281,0.0,0.0053098471156713045
2522.5,1261.25,0.0022172364428250913,0.0,99.99999827504244,0.0,0.0036062270831397547
2523.0,1261.5,0.002216771816158184,0.0,99.9999982747381,0.0,0.0036063877820558723
2523.5,1261.75,0.0022163103045252522,0.0,99.99999820139271,0.0,0.004098132371406353
2524.0,1262.0,0.00221584898501733,0.0,99.99999820231676,0.0,0.004096784430181946
2524.5,1262.25,0.002215390775439456,0.0,99.99999806962617,0.0,0.004385442313656605
2525.0,1262.5,0.0022149298386077284,0.0,99.99999845552918,0.0,0.003280040331389682
2525.5,1262.75,0.002214469093542229,0.0,99.99999845733086,0.0,0.003277479305415461
2526.0,1263.0,0.0022140085401233106,0.0,99.99999845895424,0.0,0.0032750928382519577
2526.5,1263.25,0.0022135452651582447,0.0,99.99999853631263,0.0,0.0031314676720437798
2527.0,1263.5,0.0022130821840305463,0.0,99.99999853764022,0.0,0.0031290605895292097
2527.5,1263.75,0.0022126192966185863,0.0,99.99999853892596,0.0,0.003126694239073746
2528.0,1264.0,0.0022121566028008373,0.0,99.99999854013681,0.0,0.003124422072944257
2528.5,1264.25,0.0022116941024558747,0.0,99.99999854125012,0.0,0.0031222810741100677
2529.0,1264.5,0.0022112317954623736,0.0,99.99999854225666,0.0,0.00312028691807107
2529.5,1264.75,0.0022107696816991117,0.0,99.99999854316745,0.0,0.003118423474586604
2530.0,1265.0,0.0022103077610449683,0.0,99.99999854399807,0.0,0.003116672882218435
2530.5,1265.25,0.002209846033378923,0.0,99.99999854476992,0.0,0.0031150145275067975
2531.0,1265.5,0.0022093844985800566,0.0,99.99999854551129,0.0,0.003113422043642356
2531.5,1265.75,0.002208926057447837,0.0,99.99999734519048,0.0,0.00417832019465123
2532.0,1266.0,0.002208464906809871,0.0,99.99999727383612,0.0,0.004266672309342005
2532.5,1266.25,0.0022080010501788587,0.0,99.99999840193635,0.0,0.0036332687404908755
2533.0,1266.5,0.0022075402856415387,0.0,99.99999732163799,0.0,0.005107650715388955
2533.5,1266.75,0.002207088401632353,0.0,99.99999812474005,0.0,0.0036797349694837654
2534.0,1267.0,0.0022066309127737956,0.0,99.99999841528516,0.0,0.003648471345117083
2534.5,1267.25,0.0022061736135339963,0.0,99.99999841699211,0.0,0.003646997474802915
2535.0,1267.5,0.002205713611298709,0.0,99.99999742376052,0.0,0.00446838016755481
2535.5,1267.75,0.0022052509095676688,0.0,99.99999862873962,0.0,0.0035552533916408
2536.0,1268.0,0.0022047884019216527,0.0,99.99999867202617,0.0,0.003164132453603485
2536.5,1268.25,0.0022043260882385705,0.0,99.99999697439178,0.0,0.00563573642502688
2537.0,1268.5,0.0022038668560437316,0.0,99.9999982718157,0.0,0.004330766360285792
2537.5,1268.75,0.0022034020422733555,0.0,99.99999799569099,0.0,0.0039297987604950315
2538.0,1269.0,0.0022029403097475523,0.0,99.999996681234,0.0,0.005112929720621791
2538.5,1269.25,0.002202481654715825,0.0,99.99999866469052,0.0,0.002772630025549996
2539.0,1269.5,0.002202023190629488,0.0,99.9999986640491,0.0,0.0027734029013777835
2539.5,1269.75,0.002201559154140554,0.0,99.99999827710604,0.0,0.0032372902505614556
2540.0,1270.0,0.00220109531318498,0.0,99.9999967763711,0.0,0.004970012850966637
2540.5,1270.25,0.0022006287884635766,0.0,99.99999803020478,0.0,0.004224228764639167
2541.0,1270.5,0.0022001567055727274,0.0,99.99999775884746,0.0,0.004692536099378127
2541.5,1270.75,0.0021996905786023204,0.0,99.99999797098809,0.0,0.004483375870861865
2542.0,1271.0,0.002199224649098148,0.0,99.99999797028416,0.0,0.004484138560346155
2542.5,1271.25,0.0021987589169347576,0.0,99.99999664315402,0.0,0.005784650476662218
2543.0,1271.5,0.0021982933819868025,0.0,99.9999966393436,0.0,0.005787695908696758
2543.5,1271.75,0.002197828044129042,0.0,99.99999663568315,0.0,0.005790640617402265
2544.0,1272.0,0.002197362903236342,0.0,99.99999663244125,0.0,0.005793291762344893
2544.5,1272.25,0.00219690369803415,0.0,99.99999644239722,0.0,0.005905338085846165
2545.0,1272.5,0.00219644468472139,0.0,99.99999689494543,0.0,0.005481121063359018
2545.5,1272.75,0.002195982996145932,0.0,99.99999737557505,0.0,0.0049304935569342975
2546.0,1273.0,0.00219552150162184,0.0,99.99999737662242,0.0,0.0049299191044216515
2546.5,1273.25,0.0021950687949176717,0.0,99.99999743375264,0.0,0.004727387930068282
2547.0,1273.5,0.0021946162748672075,0.0,99.99999743409488,0.0,0.00472700897895949
2547.5,1273.75,0.0021941696659304936,0.0,99.99999740463517,0.0,0.004952512691208477
2548.0,1274.0,0.0021937175164822268,0.0,99.9999984692128,0.0,0.003980102443929163
2548.5,1274.25,0.002193262693410041,0.0,99.99999657094078,0.0,0.0057104567945105555
2549.0,1274.5,0.0021928109176431324,0.0,99.99999793770151,0.0,0.004675437152532471
2549.5,1274.75,0.0021923593279545364,0.0,99.99999688584553,0.0,0.004961154895236115
2550.0,1275.0,0.0021919079242293136,0.0,99.99999688671606,0.0,0.004960697615499026
2550.5,1275.25,0.002192748166195458,0.0,99.99999816361537,0.0,0.0039017576135936607
2551.0,1275.5,0.002193590910926401,0.0,99.99999824089258,0.0,0.003910202789503971
2551.5,1275.75,0.0021944333022509547,0.0,99.99999824007335,0.0,0.0039118255579218665
2552.0,1276.0,0.002195269623640163,0.0,99.99999816599093,0.0,0.003810596378119456
2552.5,1276.25,0.0021961055901106256,0.0,99.9999981655418,0.0,0.0038115130546957344
2553.0,1276.5,0.002196938342560995,0.0,99.99999710162136,0.0,0.004909116783267654
2553.5,1276.75,0.0021977707395908425,0.0,99.99999710232812,0.0,0.004909086672237704
2554.0,1277.0,0.0021986085019800486,0.0,99.99999770746219,0.0,0.004811590546943803
2554.5,1277.25,0.0021994430505533724,0.0,99.99999728771331,0.0,0.005324590502675531
2555.0,1277.5,0.0022002743840987262,0.0,99.9999982963648,0.0,0.0040729202502384374
2555.5,1277.75,0.0022011025014301317,0.0,99.99999764425843,0.0,0.004598907797187113
2556.0,1278.0,0.002201930263542716,0.0,99.99999765341796,0.0,0.004589071718709921
2556.5,1278.25,0.002202757670664986,0.0,99.99999766228291,0.0,0.004579497945399952
2557.0,1278.5,0.002203587586110122,0.0,99.99999797243187,0.0,0.004443942578383965
2557.5,1278.75,0.0022044171479492555,0.0,99.99999797142365,0.0,0.004444230357049693
2558.0,1279.0,0.0022052463564083318,0.0,99.99999797037613,0.0,0.0044445346077409435
2558.5,1279.25,0.002206072347227218,0.0,99.9999979196114,0.0,0.003990600644925074
2559.0,1279.5,0.002206897984193418,0.0,99.99999791971486,0.0,0.003990976875875142
2559.5,1279.75,0.002207728998345177,0.0,99.99999853458621,0.0,0.0036273930087740024
2560.0,1280.0,0.0022085567950752556,0.0,99.99999849804283,0.0,0.0036578832227060066
2560.5,1280.25,0.0022093813732154996,0.0,99.99999882074293,0.0,0.002957916993781906
2561.0,1280.5,0.002208917124749989,0.0,99.99999813809879,0.0,0.004166988567629085
2561.5,1280.75,0.002208453071344835,0.0,99.9999981424618,0.0,0.004161920257356185
2562.0,1281.0,0.002207989212877128,0.0,99.99999814690945,0.0,0.004156929115823888
2562.5,1281.25,0.002207522687707482,0.0,99.99999787179796,0.0,0.004455391090948359
2563.0,1281.5,0.0022070506390467824,0.0,99.9999982722199,0.0,0.004338294827702981
2563.5,1281.75,0.002206581651295314,0.0,99.99999764465244,0.0,0.00455392493892941
2564.0,1282.0,0.0022061100049614807,0.0,99.99999734581144,0.0,0.004827149641304923
2564.5,1282.25,0.0022056357035822476,0.0,99.9999978883859,0.0,0.0047806481976219745
2565.0,1282.5,0.0022051616061034935,0.0,99.9999978931532,0.0,0.004775513434840024
2565.5,1282.75,0.002204684858229572,0.0,99.99999747198669,0.0,0.004844492133745703
2566.0,1283.0,0.002204205463530301,0.0,99.99999770196926,0.0,0.0050143247282198235
2566.5,1283.25,0.002203726277268363,0.0,99.99999813547808,0.0,0.004276294847724155
2567.0,1283.5,0.0022032472993078465,0.0,99.9999981341964,0.0,0.004277546362167558
2567.5,1283.75,0.002202771378717581,0.0,99.99999822127427,0.0,0.0040483170572864005
2568.0,1284.0,0.0022022956636888907,0.0,99.99999822074858,0.0,0.004048532949119506
2568.5,1284.25,0.0022018201540886235,0.0,99.99999822025387,0.0,0.004048675488698303
2569.0,1284.5,0.002201342004268251,0.0,99.99999841823791,0.0,0.0038120929343950266
2569.5,1284.75,0.00220086406207393,0.0,99.99999841849048,0.0,0.0038114909059450783
2570.0,1285.0,0.0022003891704158126,0.0,99.99999817702232,0.0,0.004212594478773686
2570.5,1285.25,0.0021999144836530723,0.0,99.99999820121865,0.0,0.0041841470406084975
2571.0,1285.5,0.002199442842253583,0.0,99.99999843097171,0.0,0.004421682110986301
2571.5,1285.75,0.0021989685636590425,0.0,99.99999835007695,0.0,0.004406660046468085
2572.0,1286.0,0.00219849732772198,0.0,99.99999768478929,0.0,0.004741886938336574
2572.5,1286.25,0.0021980291306620547,0.0,99.99999749163555,0.0,0.005364766323873176
2573.0,1286.5,0.002197563968725684,0.0,99.99999700607817,0.0,0.005868058713647296
2573.5,1286.75,0.0021971018381859654,0.0,99.99999698167956,0.0,0.005909059395894453
2574.0,1287.0,0.0021966399019702687,0.0,99.99999698281418,0.0,0.005907366441900764
2574.5,1287.25,0.0021961781599560506,0.0,99.99999698429073,0.0,0.005905273159813072
2575.0,1287.5,0.0021957137810371813,0.0,99.99999795560089,0.0,0.0046539793407410985
2575.5,1287.75,0.002195249598461392,0.0,99.99999795684543,0.0,0.004652157122855897
2576.0,1288.0,0.0021947912692930273,0.0,99.99999774736719,0.0,0.004352837696184069
2576.5,1288.25,0.0021943331314667113,0.0,99.99999780455055,0.0,0.004309998406638185
2577.0,1288.5,0.002193866706172585,0.0,99.99999835661764,0.0,0.0033475812776959735
2577.5,1288.75,0.0021933976541077586,0.0,99.999998193359,0.0,0.0039030484890728457
2578.0,1289.0,0.0021929288025681606,0.0,99.99999815144311,0.0,0.003952002914730618
2578.5,1289.25,0.0021924545062471435,0.0,99.99999869673367,0.0,0.0033380007285285142
2579.0,1289.5,0.002191980415047566,0.0,99.99999869065968,0.0,0.0033455027551759354
2579.5,1289.75,0.002191506528836391,0.0,99.99999868576555,0.0,0.003351455321371841
2580.0,1290.0,0.0021910328474806983,0.0,99.99999868177909,0.0,0.0033562252580021353
2580.5,1290.25,0.002190559370847681,0.0,99.99999822666759,0.0,0.004110094138501191
2581.0,1290.5,0.0021900832823214113,0.0,99.99999882194156,0.0,0.003044327832785404
2581.5,1290.75,0.0021896074006930114,0.0,99.99999873171517,0.0,0.003229418004476283
2582.0,1291.0,0.002189131725827641,0.0,99.99999873355809,0.0,0.003227194803108059
2582.5,1291.25,0.0021886562575905762,0.0,99.9999987354904,0.0,0.0032248737472673067
2583.0,1291.5,0.0021881809958472103,0.0,99.99999873739938,0.0,0.003222572114704266
2583.5,1291.75,0.0021877059404630536,0.0,99.99999873915992,0.0,0.0032204227969538056
2584.0,1292.0,0.0021872254730212226,0.0,99.99999740216519,0.0,0.0050317143806030435
2584.5,1292.25,0.0021867480244792507,0.0,99.99999766422613,0.0,0.004552349874776965
2585.0,1292.5,0.0021862707843358768,0.0,99.9999976662319,0.0,0.004550649294195997
2585.5,1292.75,0.002185799363384331,0.0,99.99999765238039,0.0,0.004527098796310248
2586.0,1293.0,0.0021853253414330243,0.0,99.99999739033288,0.0,0.0048148725478416345
2586.5,1293.25,0.00218485432807711,0.0,99.99999725367005,0.0,0.004892680594380396
2587.0,1293.5,0.002184386319559172,0.0,99.99999867651633,0.0,0.003447023479747855
2587.5,1293.75,0.002183918511498594,0.0,99.99999867726451,0.0,0.003446375868142557
2588.0,1294.0,0.002183450903766613,0.0,99.99999776420209,0.0,0.004442608992920701
2588.5,1294.25,0.0021829834962345776,0.0,99.99999776244782,0.0,0.004444336531047355
2589.0,1294.5,0.0021825134917268256,0.0,99.9999985780441,0.0,0.003031172144521087
2589.5,1294.75,0.0021820436895629634,0.0,99.99999858332585,0.0,0.0030235045758841305
2590.0,1295.0,0.002181571294979696,0.0,99.9999988493524,0.0,0.0026526408705714252
2590.5,1295.25,0.0021810991048912716,0.0,99.99999884365124,0.0,0.0026604519705212817
2591.0,1295.5,0.0021806243269579203,0.0,99.99999774807443,0.0,0.0041799722754197076
2591.5,1295.75,0.0021801497556772865,0.0,99.999997750464,0.0,0.0041778763856337026
2592.0,1296.0,0.002179675390914478,0.0,99.99999775317528,0.0,0.004175453895412423
2592.5,1296.25,0.0021792012325347193,0.0,99.99999851355238,0.0,0.0031901768682472678
2593.0,1296.5,0.0021787244930595536,0.0,99.99999724657988,0.0,0.004098259574031209
2593.5,1296.75,0.0021782451760119313,0.0,99.99999726031413,0.0,0.004139403488052293
2594.0,1297.0,0.0021777632849314895,0.0,99.99999894879149,0.0,0.002607409001173412
2594.5,1297.25,0.002177284390673603,0.0,99.99999899488225,0.0,0.0025316082048984128
2595.0,1297.5,0.002176808489425287,0.0,99.99999908380826,0.0,0.0024057142715837735
2595.5,1297.75,0.0021763383586344913,0.0,99.99999826819467,0.0,0.0031334748685779823
2596.0,1298.0,0.0021758656508368075,0.0,99.9999986315424,0.0,0.0028089027374656175
2596.5,1298.25,0.0021754070425449835,0.0,99.9999983543937,0.0,0.003819224454990706
2597.0,1298.5,0.0021749486275346197,0.0,99.99999835520723,0.0,0.0038182571162205057
2597.5,1298.75,0.0021744876291700556,0.0,99.99999768336522,0.0,0.005422782438554959
2598.0,1299.0,0.002174026826188917,0.0,99.99999794216659,0.0,0.004863582289017709
2598.5,1299.25,0.0021735662184670167,0.0,99.99999794198216,0.0,0.004863842964120618
2599.0,1299.5,0.00217310303290152,0.0,99.99999843117969,0.0,0.004355810563146084
2599.5,1299.75,0.0021726400447030576,0.0,99.99999863772098,0.0,0.004154239083826943
2600.0,1300.0,0.00217218279498574,0.0,99.99999773537387,0.0,0.0053828502486584235
2600.5,1300.25,0.0021717285071566296,0.0,99.99999820127276,0.0,0.0048516585051471845
2601.0,1300.5,0.002171279945941122,0.0,99.99999822989038,0.0,0.004777735324196217
2601.5,1300.75,0.0021708343371689416,0.0,99.99999799383012,0.0,0.004918631414988037
2602.0,1301.0,0.0021703916773189607,0.0,99.99999802702317,0.0,0.004684553848728854
2602.5,1301.25,0.002169951962895478,0.0,99.99999801904647,0.0,0.004767022218471026
2603.0,1301.5,0.002169509662789661,0.0,99.9999983800182,0.0,0.004342799693669546
2603.5,1301.75,0.0021690675429546697,0.0,99.99999838106812,0.0,0.004341605526005215
2604.0,1302.0,0.002168622841723641,0.0,99.99999855282825,0.0,0.003891325818620068
2604.5,1302.25,0.0021681755623824722,0.0,99.99999844992476,0.0,0.004154774425018198
2605.0,1302.5,0.0021677229489687725,0.0,99.99999846481671,0.0,0.004117918274919212
2605.5,1302.75,0.002167267766377952,0.0,99.99999770485533,0.0,0.005285105649193733
2606.0,1303.0,0.002166810017965565,0.0,99.9999987912927,0.0,0.003282273814915937
2606.5,1303.25,0.0021663524628743416,0.0,99.99999879220441,0.0,0.0032807158580867436
2607.0,1303.5,0.0021658951009818385,0.0,99.99999879325068,0.0,0.0032789486998777034
2607.5,1303.75,0.0021654351787215157,0.0,99.99999853630527,0.0,0.003681032226928814
2608.0,1304.0,0.0021649754517463456,0.0,99.99999853751272,0.0,0.0036794758400278873
2608.5,1304.25,0.0021645186710389183,0.0,99.99999767377889,0.0,0.005170999429995255
2609.0,1304.5,0.0021640675829538063,0.0,99.99999858904187,0.0,0.0037542037888912867
2609.5,1304.75,0.0021636166828440315,0.0,99.99999827515477,0.0,0.004085190978106378
2610.0,1305.0,0.0021631659705921204,0.0,99.99999755525255,0.0,0.005070471724171085
2610.5,1305.25,0.0021627181926127236,0.0,99.99999838367579,0.0,0.003887421995255259
2611.0,1305.5,0.00216227059997613,0.0,99.99999838414676,0.0,0.00388696692626615
2611.5,1305.75,0.0021618231925672887,0.0,99.9999983844789,0.0,0.003886690677269719
2612.0,1306.0,0.0021613759702712445,0.0,99.99999838468754,0.0,0.003886568728375799
2612.5,1306.25,0.002160928932973136,0.0,99.9999983848141,0.0,0.0038865427629519366
2613.0,1306.5,0.0021604848214206423,0.0,99.99999828683212,0.0,0.003972175714735876
2613.5,1306.75,0.0021600436321203434,0.0,99.9999984963334,0.0,0.003638223812008832
2614.0,1307.0,0.00215959988434791,0.0,99.99999851612687,0.0,0.0034922936869604534
2614.5,1307.25,0.002159153581367633,0.0,99.9999972612589,0.0,0.005288780635131213
2615.0,1307.5,0.002158704726460548,0.0,99.99999858877355,0.0,0.003483200300757203
2615.5,1307.75,0.002158253322924376,0.0,99.99999860638911,0.0,0.0034504997483406625
2616.0,1308.0,0.0021578021081333806,0.0,99.99999860653965,0.0,0.0034505175205618464
2616.5,1308.25,0.0021573538148932153,0.0,99.99999800755768,0.0,0.003973809585666777
2617.0,1308.5,0.0021569084396800228,0.0,99.99999795321499,0.0,0.004044132013669027
2617.5,1308.75,0.0021564577869905956,0.0,99.9999980506167,0.0,0.004405459053656154
2618.0,1309.0,0.0021560100520961914,0.0,99.99999771093341,0.0,0.0048826121766722035
2618.5,1309.25,0.0021555652314796062,0.0,99.99999771487697,0.0,0.004525559320549888
2619.0,1309.5,0.0021551178671040177,0.0,99.9999982950643,0.0,0.003960583010557374
2619.5,1309.75,0.002154670688381226,0.0,99.9999982952436,0.0,0.003960234415159712
2620.0,1310.0,0.0021542291452150307,0.0,99.99999766718382,0.0,0.00464862781405843
2620.5,1310.25,0.002153787782977109,0.0,99.99999766036495,0.0,0.004654728287608107
2621.0,1310.5,0.0021533466015562766,0.0,99.99999765312214,0.0,0.0046612089758255775
2621.5,1310.75,0.002152905600841441,0.0,99.99999764555557,0.0,0.004667982244214982
2622.0,1311.0,0.0021524647807216004,0.0,99.99999841451323,0.0,0.003723552559933889
2622.5,1311.25,0.00215202142164835,0.0,99.99999744233583,0.0,0.00483762503095741
2623.0,1311.5,0.002151580963498928,0.0,99.99999832003004,0.0,0.003884102147956781
2623.5,1311.75,0.0021511379684061873,0.0,99.99999852745366,0.0,0.00388659240437905
2624.0,1312.0,0.0021506924396151737,0.0,99.99999867211338,0.0,0.0037186700210636602
2624.5,1312.25,0.0021502498102906435,0.0,99.99999852767449,0.0,0.0036955291333615648
2625.0,1312.5,0.002151069727985619,0.0,99.99999853136869,0.0,0.003690912696904602
2625.5,1312.75,0.0021518893083285057,0.0,99.99999853535789,0.0,0.0036859231002949904
2626.0,1313.0,0.002152705835145131,0.0,99.99999837268221,0.0,0.003912171522111356
2626.5,1313.25,0.002153524740933623,0.0,99.99999891789624,0.0,0.0033412761858544354
2627.0,1313.5,0.002154346027325382,0.0,99.99999814268091,0.0,0.004415327921298921
2627.5,1313.75,0.002155169695968483,0.0,99.99999814215151,0.0,0.004424835897162396
2628.0,1314.0,0.0021559930302166835,0.0,99.99999794744427,0.0,0.004572822034058726
2628.5,1314.25,0.0021568133114836757,0.0,99.9999984378125,0.0,0.003565721111106878
2629.0,1314.5,0.002157633257799365,0.0,99.99999784795354,0.0,0.00431052012754401
2629.5,1314.75,0.0021584555891147306,0.0,99.99999772577948,0.0,0.004622847228206242
2630.0,1315.0,0.0021592803070864456,0.0,99.99999774064347,0.0,0.004783088530807957
2630.5,1315.25,0.0021601046926542585,0.0,99.9999977442118,0.0,0.004778989477810162
2631.0,1315.5,0.0021609260248027966,0.0,99.99999771193927,0.0,0.005112404132473029
2631.5,1315.75,0.002161747023978143,0.0,99.99999770380708,0.0,0.005122014085083236
2632.0,1316.0,0.0021625676903827416,0.0,99.99999863419421,0.0,0.0036802919294441714
2632.5,1316.25,0.002163385301565088,0.0,99.99999776202664,0.0,0.004955117643439389
2633.0,1316.5,0.002164208025688646,0.0,99.9999984652372,0.0,0.003964799938579103
2633.5,1316.75,0.0021650304186144813,0.0,99.99999846184832,0.0,0.003970015377511515
2634.0,1317.0,0.002165852480542545,0.0,99.9999984591712,0.0,0.003974140732998963
2634.5,1317.25,0.002166676936271027,0.0,99.99999847274862,0.0,0.003956590075578098
2635.0,1317.5,0.0021675037874739904,0.0,99.99999856994509,0.0,0.004067296960960271
2635.5,1317.75,0.002168333035842231,0.0,99.99999850665321,0.0,0.00378411908306898
2636.0,1318.0,0.002169161956971166,0.0,99.99999850734255,0.0,0.0037836421788599852
2636.5,1318.25,0.002169987824445849,0.0,99.999998662172,0.0,0.0035545804167364525
2637.0,1318.5,0.0021708133640697728,0.0,99.99999866380523,0.0,0.003552150009713762
2637.5,1318.75,0.002171638576038122,0.0,99.99999866557094,0.0,0.0035495309375985205
2638.0,1319.0,0.0021724634605459286,0.0,99.99999839062966,0.0,0.003902426861102704
2638.5,1319.25,0.002173285289206393,0.0,99.99999808531484,0.0,0.004952071514546968
2639.0,1319.5,0.002174106789815841,0.0,99.99999848120234,0.0,0.004095335530244961
2639.5,1319.75,0.002174927962570657,0.0,99.99999848094056,0.0,0.004096601719750743
2640.0,1320.0,0.0021757488076670677,0.0,99.99999848077395,0.0,0.00409767474886302
2640.5,1320.25,0.0021765720558256235,0.0,99.99999787400367,0.0,0.004566327147162681
2641.0,1320.5,0.002177389515668801,0.0,99.99999854541998,0.0,0.0033299469695822785
2641.5,1320.75,0.0021782093789657958,0.0,99.99999757505162,0.0,0.00434219389026069
2642.0,1321.0,0.002179026183419341,0.0,99.99999819179519,0.0,0.003997483885319872
2642.5,1321.25,0.0021798399277982864,0.0,99.99999745693889,0.0,0.004948233733746464
2643.0,1321.5,0.002180656076698938,0.0,99.99999788845571,0.0,0.004860170043228698
2643.5,1321.75,0.0021814746317430247,0.0,99.9999981934492,0.0,0.004059136057058298
2644.0,1322.0,0.0021810401093401385,0.0,99.99999819252548,0.0,0.004060413183086206
2644.5,1322.25,0.0021806030287962346,0.0,99.99999887336327,0.0,0.0032234592501854445
2645.0,1322.5,0.0021801688535141917,0.0,99.99999775976279,0.0,0.004924712683372731
2645.5,1322.75,0.002179732122064999,0.0,99.99999794327017,0.0,0.004944068312263166
2646.0,1323.0,0.0021792928376245333,0.0,99.99999811715932,0.0,0.004481255148721921
2646.5,1323.25,0.0021788564570367304,0.0,99.99999880274683,0.0,0.0033559240933068698
2647.0,1323.5,0.002178414799707209,0.0,99.9999989148915,0.0,0.003323393553388206
2647.5,1323.75,0.002177976046016468,0.0,99.99999776530291,0.0,0.004717595858729601
2648.0,1324.0,0.0021775401925640944,0.0,99.99999773782328,0.0,0.004817540362137979
2648.5,1324.25,0.002177107235974165,0.0,99.99999835106567,0.0,0.00380580344526218
2649.0,1324.5,0.0021766771728951805,0.0,99.999998882275,0.0,0.0030097505813267765
2649.5,1324.75,0.00217625,0.0,99.99999867978158,0.0,0.0033052520029239335
2650.0,1325.0,0.0021758257139857726,0.0,99.99999820310185,0.0,0.0035536610896409935
2650.5,1325.25,0.0021754015933785824,0.0,99.99999820367256,0.0,0.0035533748830493144
2651.0,1325.5,0.0021749776380817223,0.0,99.99999820411549,0.0,0.0035532342828959065
2651.5,1325.75,0.002174553847998561,0.0,99.99999820443433,0.0,0.0035532368056388104
2652.0,1326.0,0.002174127508020295,0.0,99.99999819225275,0.0,0.0034475447699609573
2652.5,1326.25,0.002173698621243316,0.0,99.99999862911078,0.0,0.0032048399897408727
2653.0,1326.5,0.0021732699036446273,0.0,99.9999986288188,0.0,0.0032063757197384325
2653.5,1326.75,0.0021728332197619243,0.0,99.99999864770518,0.0,0.003203426078657587
2654.0,1327.0,0.0021723994220244616,0.0,99.99999767147489,0.0,0.004963332330737881
2654.5,1327.25,0.002171965797464501,0.0,99.99999767276269,0.0,0.0049612496496005505
2655.0,1327.5,0.002171532345978362,0.0,99.99999844669105,0.0,0.0036127525894187914
2655.5,1327.75,0.0021710990674624455,0.0,99.99999844555411,0.0,0.003614887042601272
2656.0,1328.0,0.002170663255446295,0.0,99.99999830303383,0.0,0.0038898214090521814
2656.5,1328.25,0.0021702276183590535,0.0,99.99999830269138,0.0,0.003890660006657201
2657.0,1328.5,0.002169792156095421,0.0,99.9999983024202,0.0,0.0038913682308120523
2657.5,1328.75,0.0021693568685501818,0.0,99.99999830221935,0.0,0.003891950101747947
2658.0,1329.0,0.00216892715967714,0.0,99.99999821546523,0.0,0.003865480163395606
2658.5,1329.25,0.002168494920042199,0.0,99.99999767348945,0.0,0.004845088110363598
2659.0,1329.5,0.0021680628526526704,0.0,99.99999767377045,0.0,0.004845736556931495
2659.5,1329.75,0.002167630957405616,0.0,99.99999767405934,0.0,0.004846293969394819
2660.0,1330.0,0.00216719923419818,0.0,99.99999767436613,0.0,0.0048467608857231375
2660.5,1330.25,0.002166767682927588,0.0,99.99999767470071,0.0,0.004847148808319333
2661.0,1330.5,0.0021663363034911485,0.0,99.99999767506952,0.0,0.004847467514608921
2661.5,1330.75,0.002165905095786251,0.0,99.99999767547988,0.0,0.004847724968201658
2662.0,1331.0,0.0021654767531530633,0.0,99.99999843068996,0.0,0.004059042773461459
2662.5,1331.25,0.002165045887532022,0.0,99.99999785091983,0.0,0.005122463445293188
2663.0,1331.5,0.00216461519333582,0.0,99.99999877394487,0.0,0.0033274649561088306
2663.5,1331.75,0.002164184670462173,0.0,99.99999877304639,0.0,0.003329964418245313
2664.0,1332.0,0.0021637516296492388,0.0,99.9999983362812,0.0,0.004361961669484222
2664.5,1332.25,0.0021633160740224385,0.0,99.99999870161953,0.0,0.0034482071310586865
2665.0,1332.5,0.002162883380707229,0.0,99.99999854881364,0.0,0.0039053212066480626
2665.5,1332.75,0.002162450860446774,0.0,99.99999854878911,0.0,0.003905225932399859
2666.0,1333.0,0.0021620158282904924,0.0,99.99999782196393,0.0,0.004457617640592322
2666.5,1333.25,0.0021615809711346377,0.0,99.99999763637322,0.0,0.0051892470844535615
2667.0,1333.5,0.002161148971561216,0.0,99.99999773112626,0.0,0.00580833924759639
2667.5,1333.75,0.0021607144630109514,0.0,99.99999811469125,0.0,0.005118384401686248
2668.0,1334.0,0.0021615182742596925,0.0,99.99999829920998,0.0,0.004709361563522352
2668.5,1334.25,0.00216232176042517,0.0,99.9999982987667,0.0,0.004710288025459492
2669.0,1334.5,0.00216436793014487,0.0,99.99999753825006,0.0,0.00519496214486796
2669.5,1334.75,0.0021664105912304393,0.0,99.99999841475055,0.0,0.00396368048129962
2670.0,1335.0,0.002168452426707796,0.0,99.99999841767026,0.0,0.003961710724998645
2670.5,1335.25,0.002170493437077383,0.0,99.99999773173126,0.0,0.004185381133337266
2671.0,1335.5,0.0021712889177512786,0.0,99.99999908303022,0.0,0.0033447472811765203
2671.5,1335.75,0.0021720840731594593,0.0,99.9999986887476,0.0,0.003681962558354134
2672.0,1336.0,0.002172881595296467,0.0,99.99999838671744,0.0,0.0046554359404525425
2672.5,1336.25,0.002173678793441064,0.0,99.99999838390914,0.0,0.004660071909614006
2673.0,1336.5,0.0021744783604730356,0.0,99.99999854275606,0.0,0.0040468957920025755
2673.5,1336.75,0.0021752802979279743,0.0,99.99999790774285,0.0,0.0046361332213065995
2674.0,1337.0,0.002174846789037386,0.0,99.99999787987228,0.0,0.004694740235866581
2674.5,1337.25,0.0021744107619100657,0.0,99.99999911396047,0.0,0.0026178390537451614
2675.0,1337.5,0.002173974909582688,0.0,99.99999911337983,0.0,0.002618386953466482
2675.5,1337.75,0.0021735365431243504,0.0,99.999997880876,0.0,0.0039682227287306665
2676.0,1338.0,0.0021731037289074743,0.0,99.99999923276327,0.0,0.0022770076714304843
2676.5,1338.25,0.002172671087028028,0.0,99.99999923224362,0.0,0.0022774094888260146
2677.0,1338.5,0.002172241302998608,0.0,99.99999845635848,0.0,0.004034468395887639
2677.5,1338.75,0.0021718090044165472,0.0,99.99999806637126,0.0,0.005536716773557386
2678.0,1339.0,0.002171376877864067,0.0,99.99999806794641,0.0,0.00553618860867908
2678.5,1339.25,0.002170944923238501,0.0,99.99999859623901,0.0,0.004117336439234131
2679.0,1339.5,0.0021705131404372653,0.0,99.99999859797403,0.0,0.004112096787425228
2679.5,1339.75,0.002170081529357856,0.0,99.9999986000144,0.0,0.004106232015937635
2680.0,1340.0,0.0021696474106857296,0.0,99.9999982916867,0.0,0.003954990734008729
2680.5,1340.25,0.0021692161438077954,0.0,99.99999819641599,0.0,0.0039893463858162465
2681.0,1340.5,0.002168782371267892,0.0,99.99999839906037,0.0,0.0038088866300355763
2681.5,1340.75,0.002168351448179856,0.0,99.99999879945359,0.0,0.0037734128252129243
2682.0,1341.0,0.0021679206963010856,0.0,99.99999887174754,0.0,0.0028296483735828874
2682.5,1341.25,0.002167490115529567,0.0,99.99999886964008,0.0,0.002832169683202335
2683.0,1341.5,0.0021670597057633673,0.0,99.99999886765407,0.0,0.0028347381583088476
2683.5,1341.75,0.0021666294669006347,0.0,99.99999848981747,0.0,0.003427089191473017
2684.0,1342.0,0.002166199398839598,0.0,99.99999848703588,0.0,0.0034291133150709313
2684.5,1342.25,0.00216577484077179,0.0,99.9999991301834,0.0,0.0026754938224251446
2685.0,1342.5,0.0021653477804877146,0.0,99.99999881146775,0.0,0.0038589951794593762
2685.5,1342.75,0.002164920888590978,0.0,99.9999988234157,0.0,0.0038397344626072017
2686.0,1343.0,0.0021644914984884286,0.0,99.99999879636115,0.0,0.003953563686797396
2686.5,1343.25,0.0021640596132528637,0.0,99.99999865428431,0.0,0.004251908221422237
2687.0,1343.5,0.0021636305646989575,0.0,99.99999834143665,0.0,0.0032150708884056277
2687.5,1343.75,0.002163204349555109,0.0,99.99999852567369,0.0,0.0031139734791740515
2688.0,1344.0,0.0021627783022990445,0.0,99.99999869072063,0.0,0.0031675811351861817
2688.5,1344.25,0.0021623524228315863,0.0,99.99999869174205,0.0,0.0031659921975019222
2689.0,1344.5,0.0021619240508821192,0.0,99.99999912341056,0.0,0.0025592109234067934
2689.5,1344.75,0.002161495848623938,0.0,99.9999991251038,0.0,0.002556284475915331
2690.0,1345.0,0.0021610651578979736,0.0,99.99999917628936,0.0,0.002495502638403007
2690.5,1345.25,0.0021606346387731236,0.0,99.99999913743088,0.0,0.002544949096473802
2691.0,1345.5,0.0021602042911468508,0.0,99.99999887907755,0.0,0.002727013314210759
2691.5,1345.75,0.002159771460039926,0.0,99.99999919841872,0.0,0.0023448778793010365
2692.0,1346.0,0.0021605677942667526,0.0,99.9999986018734,0.0,0.00379852435570247
2692.5,1346.25,0.0021613611537417104,0.0,99.99999829212416,0.0,0.004654026239580088
2693.0,1346.5,0.0021621568497374698,0.0,99.99999857721623,0.0,0.004172502169286637
2693.5,1346.75,0.0021629548837826286,0.0,99.99999866634965,0.0,0.0037057081973450273
2694.0,1347.0,0.002163749943204634,0.0,99.99999855705788,0.0,0.003912129690001445
2694.5,1347.25,0.0021645446844037373,0.0,99.99999855666302,0.0,0.003912420479667555
2695.0,1347.5,0.0021653391075709535,0.0,99.9999985561854,0.0,0.0039128510989467746
2695.5,1347.75,0.0021661358713327564,0.0,99.99999834750578,0.0,0.004081469081084356
2696.0,1348.0,0.0021669349772263234,0.0,99.99999857788052,0.0,0.0035832207880098746
2696.5,1348.25,0.002167733767452588,0.0,99.9999985767119,0.0,0.003584907283650331
2697.0,1348.5,0.002168532242198558,0.0,99.99999857558069,0.0,0.003586604438772723
2697.5,1348.75,0.0021693330619112204,0.0,99.99999890459858,0.0,0.002702837498203227
2698.0,1349.0,0.0021701362281561077,0.0,99.99999890425774,0.0,0.0026618624609814337
2698.5,1349.25,0.00217093908131644,0.0,99.99999890443179,0.0,0.002661420618387457
2699.0,1349.5,0.002171741621575248,0.0,99.99999890457264,0.0,0.002661026311866158
2699.5,1349.75,0.0021725544976656987,0.0,99.9999982773497,0.0,0.0045869026517825285
2700.0,1350.0,0.0021733670650356204,0.0,99.99999828001182,0.0,0.004582576552881779
2700.5,1350.25,0.002174168671393085,0.0,99.99999901174212,0.0,0.0033190923033414844
2701.0,1350.5,0.002174972629145123,0.0,99.9999986500075,0.0,0.004502156186165279
2701.5,1350.75,0.0021757762758350474,0.0,99.99999863123176,0.0,0.004553790210997857
2702.0,1351.0,0.002176582276156631,0.0,99.99999824778313,0.0,0.005346484780272332
2702.5,1351.25,0.0021773853017312598,0.0,99.99999853033331,0.0,0.004236900181507557
2703.0,1351.5,0.0021781880167842846,0.0,99.99999852739786,0.0,0.0042381266279347945
2703.5,1351.75,0.002178995753344043,0.0,99.99999850745075,0.0,0.002851149261132295
2704.0,1352.0,0.0021798031816319167,0.0,99.99999863013281,0.0,0.0036694563117698215
2704.5,1352.25,0.0021806183025176785,0.0,99.9999985325622,0.0,0.0030049501033077622
2705.0,1352.5,0.0021814304510083004,0.0,99.99999849828063,0.0,0.004872290588261884
2705.5,1352.75,0.0021822422936894686,0.0,99.99999849813696,0.0,0.004872527785745632
2706.0,1353.0,0.002183053830733878,0.0,99.99999849810548,0.0,0.0048725644837408705
2706.5,1353.25,0.002183867731185069,0.0,99.99999806057414,0.0,0.004449610866532937
2707.0,1353.5,0.0021846813273283107,0.0,99.99999805829528,0.0,0.004451476705434264
2707.5,1353.75,0.0021854946193342367,0.0,99.99999789854715,0.0,0.0040838070569780924
2708.0,1354.0,0.002186312948102549,0.0,99.99999740154158,0.0,0.004738863429885769
2708.5,1354.25,0.002185909796417306,0.0,99.99999792986833,0.0,0.005022978444338428
2709.0,1354.5,0.002185504124986417,0.0,99.99999846495339,0.0,0.004314533010774842
2709.5,1354.75,0.0021850932693023694,0.0,99.99999741953519,0.0,0.005122000342010984
2710.0,1355.0,0.0021846799016771996,0.0,99.9999980952228,0.0,0.004537950881422935
2710.5,1355.25,0.002184266690421075,0.0,99.99999810060197,0.0,0.004532302351184989
2711.0,1355.5,0.002183856299815409,0.0,99.9999980002954,0.0,0.004629411395743098
2711.5,1355.75,0.002183446063393124,0.0,99.99999801159734,0.0,0.004617409236033828
2712.0,1356.0,0.002183035981067346,0.0,99.99999802506733,0.0,0.004603085583879384
2712.5,1356.25,0.0021826260527512673,0.0,99.99999804136289,0.0,0.004585741562973785
2713.0,1356.5,0.0021822162783581445,0.0,99.99999806139957,0.0,0.004564419630924805
2713.5,1356.75,0.0021818039984300764,0.0,99.99999792028277,0.0,0.004711233722629061
2714.0,1357.0,0.0021813918742543356,0.0,99.99999792100624,0.0,0.004710370234308968
2714.5,1357.25,0.0021809799057426783,0.0,99.99999814128144,0.0,0.004024780969861058
2715.0,1357.5,0.002180570749166145,0.0,99.99999853692128,0.0,0.003398251603983436
2715.5,1357.75,0.0021801564353589706,0.0,99.99999751862431,0.0,0.00502578408284062
2716.0,1358.0,0.0021797422789631734,0.0,99.99999753134755,0.0,0.0050097889853081955
2716.5,1358.25,0.002179328279889061,0.0,99.99999753888513,0.0,0.004999847559508575
2717.0,1358.5,0.0021801317086827914,0.0,99.99999858678277,0.0,0.0036355902298079753
2717.5,1358.75,0.00218093217812082,0.0,99.99999804641828,0.0,0.004216140719623763
2718.0,1359.0,0.0021817349964651754,0.0,99.99999840339511,0.0,0.003875774061941077
2718.5,1359.25,0.002183754086174951,0.0,99.99999840110871,0.0,0.0038785172983062514
2719.0,1359.5,0.002185769750990104,0.0,99.99999723706102,0.0,0.005595177827827226
2719.5,1359.75,0.0021865658754654663,0.0,99.99999717108184,0.0,0.0055409879990047615
2720.0,1360.0,0.00218735903449802,0.0,99.99999743525515,0.0,0.004237215418426018
2720.5,1360.25,0.0021881518869163105,0.0,99.99999743536296,0.0,0.0042363427264992225
2721.0,1360.5,0.0021889444328980967,0.0,99.9999974356238,0.0,0.0042353226209906
2721.5,1360.75,0.0021897340117215175,0.0,99.9999976915855,0.0,0.004513599052817526
2722.0,1361.0,0.002190523283573748,0.0,99.99999769158642,0.0,0.004512709355906179
2722.5,1361.25,0.002191314910416034,0.0,99.99999789943602,0.0,0.004306137191180295
2723.0,1361.5,0.0021921062315325675,0.0,99.9999978991713,0.0,0.00430566141006318
2723.5,1361.75,0.002192899909782689,0.0,99.99999774720852,0.0,0.004424909797427571
2724.0,1362.0,0.002193695946700594,0.0,99.99999707977192,0.0,0.004895724323530799
2724.5,1362.25,0.0021944890166310225,0.0,99.99999752571375,0.0,0.004456277878958173
2725.0,1362.5,0.002194068249114121,0.0,99.99999753130133,0.0,0.004450311940658082
2725.5,1362.75,0.0021936503044781767,0.0,99.99999833580272,0.0,0.003643997801268861
2726.0,1363.0,0.00219322985849543,0.0,99.99999762393543,0.0,0.004561022861876865
2726.5,1363.25,0.0021928015951176204,0.0,99.99999860189762,0.0,0.0037192160969103266
2727.0,1363.5,0.002192376157424249,0.0,99.9999978206517,0.0,0.005027938309160859
2727.5,1363.75,0.0021919482273467365,0.0,99.99999848159429,0.0,0.0043182973156498895
2728.0,1364.0,0.0021915204642920347,0.0,99.99999849101687,0.0,0.0043059573471103466
2728.5,1364.25,0.0021910955235239795,0.0,99.99999903027627,0.0,0.003406960856786685
2729.0,1364.5,0.0021906707475179265,0.0,99.99999902856098,0.0,0.0034085326044767717
2729.5,1364.75,0.0021902487894877747,0.0,99.99999813659392,0.0,0.00473635713023382
2730.0,1365.0,0.002189829646272263,0.0,99.99999834758478,0.0,0.00420390979821805
2730.5,1365.25,0.0021894080121676834,0.0,99.99999833442715,0.0,0.003993320218412892
2731.0,1365.5,0.002188989190655147,0.0,99.99999821548516,0.0,0.004199782032071248
2731.5,1365.75,0.002188567880103279,0.0,99.99999798108621,0.0,0.004502933653041486
2732.0,1366.0,0.0021881467316978713,0.0,99.99999824871094,0.0,0.004145167954230375
2732.5,1366.25,0.002187725745345335,0.0,99.99999764200722,0.0,0.004892885221725027
2733.0,1366.5,0.002187307567140543,0.0,99.99999751078411,0.0,0.004914467318623193
2733.5,1366.75,0.0021868921939560493,0.0,99.99999870710732,0.0,0.0035157659233754765
2734.0,1367.0,0.0021864769785016587,0.0,99.9999987075608,0.0,0.0035157640451654987
2734.5,1367.25,0.0021860619206875453,0.0,99.9999982187823,0.0,0.0045544693026668874
2735.0,1367.5,0.0021856470204239527,0.0,99.99999822288461,0.0,0.00455090169864322
2735.5,1367.75,0.002185232277621191,0.0,99.99999822727032,0.0,0.004546980539535065
2736.0,1368.0,0.0021848150520222833,0.0,99.99999829595882,0.0,0.0044661645418047685
2736.5,1368.25,0.002184397985714424,0.0,99.99999878649643,0.0,0.002955216165396389
2737.0,1368.5,0.0021839810786064076,0.0,99.99999878095116,0.0,0.0029623390122740676
2737.5,1368.75,0.0021835669677525323,0.0,99.9999986635523,0.0,0.0032051609842144936
2738.0,1369.0,0.002183155650062367,0.0,99.99999850683234,0.0,0.003581902110701756
2738.5,1369.25,0.002182744487302536,0.0,99.99999850545348,0.0,0.0035822857463892184
2739.0,1369.5,0.0021823334793855185,0.0,99.99999850477248,0.0,0.0035815190001390737
2739.5,1369.75,0.0021819199930487505,0.0,99.99999769389746,0.0,0.004749281704288784
2740.0,1370.0,0.002181504031197438,0.0,99.99999857331532,0.0,0.00340705946158798
2740.5,1370.25,0.0021810855967524987,0.0,99.99999810567772,0.0,0.004708905914967238
2741.0,1370.5,0.0021806646926505087,0.0,99.99999778908636,0.0,0.005417404674740122
2741.5,1370.75,0.0021802413218436545,0.0,99.99999783495778,0.0,0.005464417595750372
2742.0,1371.0,0.0021798181153977383,0.0,99.99999782406351,0.0,0.005480303863887699
2742.5,1371.25,0.0021793950732170667,0.0,99.99999781395499,0.0,0.005494901747640106
2743.0,1371.5,0.00217897219520602,0.0,99.99999780474364,0.0,0.005508063612416915
2743.5,1371.75,0.0021785494812690534,0.0,99.9999977964413,0.0,0.005519794035154959
2744.0,1372.0,0.002178126931310695,0.0,99.99999908994891,0.0,0.002714073648245157
2744.5,1372.25,0.0021777045452355485,0.0,99.99999909057433,0.0,0.002713168581620817
2745.0,1372.5,0.002177282322948291,0.0,99.99999909110329,0.0,0.002712399655903443
2745.5,1372.75,0.002176862885330617,0.0,99.99999828443977,0.0,0.0035099890749999826
2746.0,1373.0,0.0021764462292587564,0.0,99.99999799389447,0.0,0.0038925386142263764
2746.5,1373.25,0.0021760297326540463,0.0,99.9999979960159,0.0,0.003890841409864659
2747.0,1373.5,0.002175613395424955,0.0,99.99999799801623,0.0,0.003889193115765092
2747.5,1373.75,0.0021751972174800195,0.0,99.99999800003117,0.0,0.003887481700874475
2748.0,1374.0,0.002174778582761271,0.0,99.99999859051715,0.0,0.003426623201124281
2748.5,1374.25,0.0021743627241108923,0.0,99.99999826123891,0.0,0.004193684934825059
2749.0,1374.5,0.0021739470244701306,0.0,99.99999826070778,0.0,0.004193667532718597
2749.5,1374.75,0.0021735340967150543,0.0,99.9999985612393,0.0,0.003914156517129753
2750.0,1375.0,0.0021731187138214194,0.0,99.99999835781833,0.0,0.004125478021385396
2750.5,1375.25,0.002172700878694072,0.0,99.99999882867819,0.0,0.0035139706916143473
2751.0,1375.5,0.0021734820768828733,0.0,99.99999791305552,0.0,0.004610376298415671
2751.5,1375.75,0.0021742629729021965,0.0,99.9999979151378,0.0,0.004607934562460879
2752.0,1376.0,0.0021750409546640276,0.0,99.99999807084215,0.0,0.004543967663059545
2752.5,1376.25,0.0021758107957199446,0.0,99.99999805470532,0.0,0.00458068258342268
2753.0,1376.5,0.002176582944857898,0.0,99.99999790749926,0.0,0.004689732730317871
2753.5,1376.75,0.002177357403495295,0.0,99.99999834184025,0.0,0.004596817681017133
2754.0,1377.0,0.0021781315591461723,0.0,99.99999819494985,0.0,0.004711021981228017
2754.5,1377.25,0.002178905411988299,0.0,99.99999819428386,0.0,0.00471137698402909
2755.0,1377.5,0.0021796711179781483,0.0,99.9999984522118,0.0,0.003789667644100126
2755.5,1377.75,0.0021804391342049494,0.0,99.9999986861271,0.0,0.0033015693318427094
2756.0,1378.0,0.0021812120776075017,0.0,99.9999982154074,0.0,0.0042974358377814055
2756.5,1378.25,0.0021819847189136115,0.0,99.99999821310642,0.0,0.004300074040954482
2757.0,1378.5,0.0021827570583003502,0.0,99.99999821086305,0.0,0.004302665478662129
2757.5,1378.75,0.002183529095944652,0.0,99.9999978036931,0.0,0.00572347409117654
2758.0,1379.0,0.002184300832023312,0.0,99.99999780717924,0.0,0.00571981866683135
2758.5,1379.25,0.002185069649095065,0.0,99.99999809385312,0.0,0.0044874457664987885
2759.0,1379.5,0.0021858407821597065,0.0,99.99999863273528,0.0,0.0043817568008832795
2759.5,1379.75,0.0021866116141887864,0.0,99.99999863368717,0.0,0.00438040831629629
2760.0,1380.0,0.0021861875092787256,0.0,99.99999836131637,0.0,0.004362921458774683
2760.5,1380.25,0.0021857609524459335,0.0,99.99999815023499,0.0,0.004171031053570366
2761.0,1380.5,0.002185331946656837,0.0,99.99999895774235,0.0,0.0026604841287088455
2761.5,1380.75,0.0021849057235914775,0.0,99.99999895031915,0.0,0.0026059774287298127
2762.0,1381.0,0.0021844796667532004,0.0,99.99999894948765,0.0,0.0026067024559659076
2762.5,1381.25,0.0021840537760447814,0.0,99.99999760253822,0.0,0.004622733485906671
2763.0,1381.5,0.0021836306626709175,0.0,99.99999888340338,0.0,0.0030768239542254125
2763.5,1381.75,0.0021832077132035044,0.0,99.99999888310322,0.0,0.003077519539826019
2764.0,1382.0,0.0021827849275473194,0.0,99.99999888297688,0.0,0.003078006656737405
2764.5,1382.25,0.002182357089075068,0.0,99.99999846419041,0.0,0.003002480513183854
2765.0,1382.5,0.00218192941828758,0.0,99.9999984577858,0.0,0.003009162329353193
2765.5,1382.75,0.0021815019150862925,0.0,99.99999845317535,0.0,0.0030138344965494326
2766.0,1383.0,0.002181077184570969,0.0,99.99999822722704,0.0,0.0031113170302748483
2766.5,1383.25,0.002180655223600756,0.0,99.9999981397584,0.0,0.00356751676467131
2767.0,1383.5,0.0021802334258678845,0.0,99.99999814070017,0.0,0.0035668439778620865
2767.5,1383.75,0.002179811791277649,0.0,99.99999814172995,0.0,0.0035660509052022654
2768.0,1384.0,0.0021793903197354176,0.0,99.99999813582767,0.0,0.003680935953646552
2768.5,1384.25,0.0021789690111466316,0.0,99.99999814164245,0.0,0.0036755397339225714
2769.0,1384.5,0.002178542667104125,0.0,99.99999873824224,0.0,0.003057822610811387
2769.5,1384.75,0.002178116489868657,0.0,99.9999986651006,0.0,0.0030837903256874916
2770.0,1385.0,0.00217769567358894,0.0,99.99999882754676,0.0,0.003022483076239637
2770.5,1385.25,0.002177272423759694,0.0,99.99999836474134,0.0,0.003763048966490604
2771.0,1385.5,0.002176849338421391,0.0,99.99999856785145,0.0,0.0034954246030587223
2771.5,1385.75,0.0021764290115841804,0.0,99.99999845313268,0.0,0.00357253853984471
2772.0,1386.0,0.0021760088470370647,0.0,99.99999845275653,0.0,0.0035732659968000257
2772.5,1386.25,0.002175586252582466,0.0,99.99999851504442,0.0,0.0035515489490479156
2773.0,1386.5,0.002175166413334032,0.0,99.99999835025534,0.0,0.003766484526264499
2773.5,1386.75,0.002174749326196916,0.0,99.99999840391303,0.0,0.003835496016339099
2774.0,1387.0,0.0021743298098711714,0.0,99.99999730357587,0.0,0.005216001958387984
2774.5,1387.25,0.002173907867260662,0.0,99.9999973940924,0.0,0.004968771680349711
2775.0,1387.5,0.0021734860883797055,0.0,99.99999855670183,0.0,0.003708691524047982
2775.5,1387.75,0.0021730593009556226,0.0,99.99999874916799,0.0,0.0032485417073918124
2776.0,1388.0,0.002172627510985095,0.0,99.99999875727028,0.0,0.0035982312967303767
2776.5,1388.25,0.002172193308550186,0.0,99.99999870138276,0.0,0.003051645793023508
2777.0,1388.5,0.002171761862624763,0.0,99.99999880922715,0.0,0.002916628055571379
2777.5,1388.75,0.0021713383339913147,0.0,99.99999869638711,0.0,0.0034452060064489925
2778.0,1389.0,0.0021709201324903284,0.0,99.99999854900376,0.0,0.00365122430883192
2778.5,1389.25,0.00217050467205291,0.0,99.9999983183544,0.0,0.003912659896147294
2779.0,1389.5,0.0021700893706027764,0.0,99.99999831039923,0.0,0.003921128771518998
2779.5,1389.75,0.0021696716500198433,0.0,99.9999982096154,0.0,0.003309499146924617
2780.0,1390.0,0.0021692540902200617,0.0,99.9999981977161,0.0,0.003321146425786926
2780.5,1390.25,0.0021688392671556254,0.0,99.99999863505765,0.0,0.002815752429696651
2781.0,1390.5,0.002168422027652725,0.0,99.99999826554878,0.0,0.0034015575258811146
2781.5,1390.75,0.0021680049486553265,0.0,99.99999816462042,0.0,0.0040485364009027434
2782.0,1391.0,0.002167590603150485,0.0,99.99999816821015,0.0,0.004493557796163757
2782.5,1391.25,0.0021671841323192905,0.0,99.99999872561976,0.0,0.003210493013802002
2783.0,1391.5,0.002166777813903926,0.0,99.99999872402681,0.0,0.0032119165259233465
2783.5,1391.75,0.00216636907763218,0.0,99.99999868168152,0.0,0.0034232627664016755
2784.0,1392.0,0.0021659604955375994,0.0,99.99999868342523,0.0,0.0034213744733886083
2784.5,1392.25,0.002165546931054726,0.0,99.99999760131395,0.0,0.004343036012702548
2785.0,1392.5,0.0021651335244721745,0.0,99.99999760039043,0.0,0.004344329944370129
2785.5,1392.75,0.002164725408257017,0.0,99.99999873787758,0.0,0.0034307604655600026
2786.0,1393.0,0.002164314880553761,0.0,99.99999842835399,0.0,0.004132041451237429
2786.5,1393.25,0.002163907072871289,0.0,99.99999746366318,0.0,0.005598977737021221
2787.0,1393.5,0.00216349685546514,0.0,99.99999817149119,0.0,0.004549636178255791
2787.5,1393.75,0.002163084231163339,0.0,99.99999796229683,0.0,0.0045401308777955176
2788.0,1394.0,0.002162671764223771,0.0,99.99999796275017,0.0,0.004539280462603842
2788.5,1394.25,0.0021622594545564347,0.0,99.99999796329996,0.0,0.004538321223031443
2789.0,1394.5,0.0021618473020713954,0.0,99.99999796389727,0.0,0.004537303421439492
2789.5,1394.75,0.0021614353066787876,0.0,99.999998077111,0.0,0.00382731346255243
2790.0,1395.0,0.002161023468288815,0.0,99.99999807069901,0.0,0.00383519226739946
2790.5,1395.25,0.0021606143433554603,0.0,99.99999834213912,0.0,0.0034452061370056613
2791.0,1395.5,0.0021602053733038367,0.0,99.99999833985743,0.0,0.0034480286816638305
2791.5,1395.75,0.002159794003437219,0.0,99.99999870654487,0.0,0.002914759178921769
2792.0,1396.0,0.0021593827902158438,0.0,99.99999870866321,0.0,0.0029124576457070154
2792.5,1396.25,0.002158966628240371,0.0,99.9999988075924,0.0,0.002878991234870967
2793.0,1396.5,0.002158553178309969,0.0,99.99999815349646,0.0,0.0039026316495783388
2793.5,1396.75,0.0021581347853270472,0.0,99.99999828036843,0.0,0.0045083285570618635
2794.0,1397.0,0.002157721653906646,0.0,99.9999986112752,0.0,0.0029560008666058607
2794.5,1397.25,0.002157311229360226,0.0,99.99999799448193,0.0,0.0036392264244130604
2795.0,1397.5,0.0021569060564646347,0.0,99.99999877815554,0.0,0.0031765825965484307
2795.5,1397.75,0.002156503582559484,0.0,99.99999834505634,0.0,0.0037296911602351353
2796.0,1398.0,0.0021561038047084773,0.0,99.9999983536282,0.0,0.0035639857957562244
2796.5,1398.25,0.0021557067199966,0.0,99.99999771925347,0.0,0.004373508938340057
2797.0,1398.5,0.0021553046935123676,0.0,99.999998175352,0.0,0.004128088308996097
2797.5,1398.75,0.0021549079030598276,0.0,99.99999819385933,0.0,0.0040620531506193255
2798.0,1399.0,0.0021545087165570336,0.0,99.9999980706129,0.0,0.004304194215048302
2798.5,1399.25,0.0021541096779216736,0.0,99.99999805383581,0.0,0.004329274397936823
2799.0,1399.5,0.002153710787071602,0.0,99.9999980372907,0.0,0.004353988238584191
2799.5,1399.75,0.0021533120439247355,0.0,99.99999802238024,0.0,0.004376177667451302
2800.0,1400.0,0.0021529159867570906,0.0,99.9999973142084,0.0,0.005331731866512916
2800.5,1400.25,0.0021525175378311443,0.0,99.99999820341779,0.0,0.0041027717688453475
2801.0,1400.5,0.0021521166998834367,0.0,99.99999767892412,0.0,0.004832997950430363
2801.5,1400.75,0.0021517160111945797,0.0,99.99999732986213,0.0,0.005158317894941516
2802.0,1401.0,0.002151315471681219,0.0,99.9999981118703,0.0,0.004381872308575126
2802.5,1401.25,0.0021520930194206664,0.0,99.99999811217305,0.0,0.004381510281409704
2803.0,1401.5,0.002152877884243949,0.0,99.99999779096753,0.0,0.0036169098346970335
2803.5,1401.75,0.002153664998528113,0.0,99.999998308341,0.0,0.003626261158664143
2804.0,1402.0,0.002154451827398976,0.0,99.99999830983695,0.0,0.0036259352795405043
2804.5,1402.25,0.0021552409079084746,0.0,99.99999821788052,0.0,0.003991491578540179
2805.0,1402.5,0.0021560271668837993,0.0,99.99999740202593,0.0,0.005392055608915409
2805.5,1402.75,0.002156815678743893,0.0,99.99999779122889,0.0,0.004965698991582324
2806.0,1403.0,0.0021576039067453946,0.0,99.99999778889891,0.0,0.004968673574582367
2806.5,1403.25,0.002158391851041556,0.0,99.99999778704017,0.0,0.004971139649156612
2807.0,1403.5,0.002159171894073567,0.0,99.99999711638353,0.0,0.005360498352569685
2807.5,1403.75,0.002159951650946169,0.0,99.99999711561117,0.0,0.0053595535562870195
2808.0,1404.0,0.002160728581689765,0.0,99.99999746862834,0.0,0.005311695629660915
2808.5,1404.25,0.0021638457921955806,0.0,99.99999673434208,0.0,0.005900576608492035
2809.0,1404.5,0.0021669643696530976,0.0,99.99999781635417,0.0,0.004865666033469479
2809.5,1404.75,0.0021700792249280654,0.0,99.99999799606364,0.0,0.005056766014174159
2810.0,1405.0,0.0021731929019995723,0.0,99.99999718230369,0.0,0.004914425674155112
2810.5,1405.25,0.002176302845518907,0.0,99.9999974241155,0.0,0.004932273235969587
2811.0,1405.5,0.002177073327681241,0.0,99.99999830320239,0.0,0.003978759289547537
2811.5,1405.75,0.0021778435239973703,0.0,99.9999983066197,0.0,0.003973938815223675
2812.0,1406.0,0.0021786134346263373,0.0,99.99999831058213,0.0,0.003968297567821066
2812.5,1406.25,0.0021793856174632514,0.0,99.99999768336038,0.0,0.004590116455058902
2813.0,1406.5,0.002180160073970555,0.0,99.99999836527245,0.0,0.00358453653324984
2813.5,1406.75,0.0021809342470028286,0.0,99.99999812070345,0.0,0.004189902865551419
2814.0,1407.0,0.002181708136715685,0.0,99.99999812082972,0.0,0.0041903143266860355
2814.5,1407.25,0.0021824791837692036,0.0,99.99999860233679,0.0,0.00319784166419455
2815.0,1407.5,0.002183252506871031,0.0,99.99999700179917,0.0,0.005176855119512354
2815.5,1407.75,0.002182853230669674,0.0,99.99999700032043,0.0,0.005179304036504225
2816.0,1408.0,0.0021824566585439895,0.0,99.99999720935057,0.0,0.005331783728015033
2816.5,1408.25,0.002182060230487436,0.0,99.99999698699311,0.0,0.005217919050801239
2817.0,1408.5,0.0021816665026315914,0.0,99.99999864463037,0.0,0.0036359134119938186
2817.5,1408.75,0.0021812703615496625,0.0,99.99999716968156,0.0,0.005443402366194761
2818.0,1409.0,0.002180874364302062,0.0,99.99999716982538,0.0,0.0054433711640444965
2818.5,1409.25,0.0021804734039625596,0.0,99.9999977899732,0.0,0.0047255410711264075
2819.0,1409.5,0.002180070038555159,0.0,99.99999709374869,0.0,0.005511087052386464
2819.5,1409.75,0.0021796642708308946,0.0,99.99999837484684,0.0,0.003883703230684052
2820.0,1410.0,0.0021792586541263714,0.0,99.99999837578586,0.0,0.0038828119873222954
2820.5,1410.25,0.0021788531883572943,0.0,99.99999779947744,0.0,0.00520209473452531
2821.0,1410.5,0.0021784478734394323,0.0,99.99999779998537,0.0,0.005202662051123449
2821.5,1410.75,0.0021780401615633226,0.0,99.9999975243723,0.0,0.0057330641947323235
2822.0,1411.0,0.0021776300555050067,0.0,99.9999979459187,0.0,0.004989502651325848
2822.5,1411.25,0.002177220103856439,0.0,99.99999794530706,0.0,0.004990336977608104
2823.0,1411.5,0.00217681285137933,0.0,99.99999743670939,0.0,0.005772530990663906
2823.5,1411.75,0.0021764032073310425,0.0,99.99999777931625,0.0,0.005151333854303246
2824.0,1412.0,0.002175991174497664,0.0,99.99999849499301,0.0,0.003827467276010958
2824.5,1412.25,0.0021755792976454204,0.0,99.9999981464248,0.0,0.004231266806468372
2825.0,1412.5,0.0021751701176951606,0.0,99.99999777812762,0.0,0.0052707508082924645
2825.5,1412.75,0.0021747585515781015,0.0,99.99999814601841,0.0,0.004226932759306951
2826.0,1413.0,0.0021743471411772536,0.0,99.99999822723711,0.0,0.004525294436587662
2826.5,1413.25,0.002173938424536783,0.0,99.99999711763647,0.0,0.006632870161012952
2827.0,1413.5,0.002173529861522101,0.0,99.99999712151781,0.0,0.0066288196257808085
2827.5,1413.75,0.002173123988277735,0.0,99.99999765702447,0.0,0.005659692891854095
2828.0,1414.0,0.0021727157313020423,0.0,99.99999758825415,0.0,0.005766054441273214
2828.5,1414.25,0.0021723076276930725,0.0,99.99999759124675,0.0,0.00576302347736942
2829.0,1414.5,0.0021718996773644195,0.0,99.9999975942483,0.0,0.005759916214181512
2829.5,1414.75,0.002171494412658576,0.0,99.99999766026731,0.0,0.004745080219760744
2830.0,1415.0,0.0021710892991649118,0.0,99.99999765935694,0.0,0.004746701625402002
2830.5,1415.25,0.002170681806259071,0.0,99.99999813946509,0.0,0.00451230057647803
2831.0,1415.5,0.0021702744662896465,0.0,99.99999813899451,0.0,0.00451341572745633
2831.5,1415.75,0.002169864750535474,0.0,99.9999975503543,0.0,0.0054488428101929125
2832.0,1416.0,0.0021694501341051075,0.0,99.99999801758742,0.0,0.004023332223362904
2832.5,1416.25,0.0021690356760937788,0.0,99.99999840859589,0.0,0.0037750216027646324
2833.0,1416.5,0.0021686213764107102,0.0,99.99999842222547,0.0,0.003757173773232141
2833.5,1416.75,0.002168209759738604,0.0,99.99999820035809,0.0,0.00406143625808466
2834.0,1417.0,0.0021677982992912162,0.0,99.9999982177647,0.0,0.004039180854071218
2834.5,1417.25,0.002167389517843133,0.0,99.99999720271269,0.0,0.005589680394624819
2835.0,1417.5,0.0021669859343759383,0.0,99.99999706860845,0.0,0.005806486628652164
2835.5,1417.75,0.002166579980195923,0.0,99.99999778772361,0.0,0.004891212427529355
2836.0,1418.0,0.0021661792181744996,0.0,99.99999717142715,0.0,0.005695293812356824
2836.5,1418.25,0.0021657811235076814,0.0,99.99999825619193,0.0,0.004776219818516998
2837.0,1418.5,0.0021653882115428447,0.0,99.99999853300974,0.0,0.0032666982237029283
2837.5,1418.75,0.002164995442114859,0.0,99.99999853254288,0.0,0.0032675341309069774
2838.0,1419.0,0.002164602815146175,0.0,99.99999781756968,0.0,0.003938933429343865
2838.5,1419.25,0.0021642103305593006,0.0,99.9999978188469,0.0,0.003937155769318605
2839.0,1419.5,0.0021638205028384166,0.0,99.99999760531722,0.0,0.004025547490477244
2839.5,1419.75,0.002163428301871447,0.0,99.99999745541128,0.0,0.0042856196616818725
2840.0,1420.0,0.002163033730315464,0.0,99.9999984888356,0.0,0.0032562479744447943
2840.5,1420.25,0.0021637957367532843,0.0,99.99999861223284,0.0,0.002871243189415133
2841.0,1420.5,0.002164559975381614,0.0,99.99999840206989,0.0,0.0028497176420950975
2841.5,1420.75,0.0021653239336215015,0.0,99.99999840149178,0.0,0.0028510954131571696
2842.0,1421.0,0.002166087611627224,0.0,99.9999984007012,0.0,0.0028526116585541827
2842.5,1421.25,0.0021668459798449666,0.0,99.99999766738323,0.0,0.0039442498883495445
2843.0,1421.5,0.0021676040664623613,0.0,99.99999767223991,0.0,0.003938108006495972
2843.5,1421.75,0.002168356840301505,0.0,99.99999802777353,0.0,0.004372935034805151
2844.0,1422.0,0.0021691093312299547,0.0,99.99999803282333,0.0,0.004367617638868698
2844.5,1422.25,0.0021698590229487814,0.0,99.99999791247326,0.0,0.004090528873630165
2845.0,1422.5,0.002170610948134921,0.0,99.99999783980054,0.0,0.0040622591297281825
2845.5,1422.75,0.002171362590888856,0.0,99.99999784174365,0.0,0.0040597132538088615
2846.0,1423.0,0.002172116469024159,0.0,99.99999754165165,0.0,0.004611184468311786
2846.5,1423.25,0.002174028929881773,0.0,99.99999819876383,0.0,0.004344554146615868
2847.0,1423.5,0.0021759381560835893,0.0,99.9999978375605,0.0,0.0048105341555784555
2847.5,1423.75,0.0021778466656935864,0.0,99.99999783810713,0.0,0.004809015612709991
2848.0,1424.0,0.002180907618930695,0.0,99.99999755259941,0.0,0.005402400747859622
2848.5,1424.25,0.002183969938568608,0.0,99.99999790115743,0.0,0.00519213261703378
2849.0,1424.5,0.0021870311023840837,0.0,99.99999789962008,0.0,0.005193611646706177
2849.5,1424.75,0.00218893355759002,0.0,99.9999982216186,0.0,0.003449086900114584
2850.0,1425.0,0.00219083275948869,0.0,99.99999849967679,0.0,0.003381176122599538
2850.5,1425.25,0.0021915766623699113,0.0,99.99999814313335,0.0,0.0035787101557995847
2851.0,1425.5,0.002192320284689275,0.0,99.99999814381145,0.0,0.0035777721926099557
2851.5,1425.75,0.0021930636266054705,0.0,99.99999814454223,0.0,0.003576707701030482
2852.0,1426.0,0.002193809225332078,0.0,99.99999723832474,0.0,0.004826618844405071
2852.5,1426.25,0.0021945545447397755,0.0,99.99999723952952,0.0,0.004825308123678613
2853.0,1426.5,0.002195299584985492,0.0,99.9999972408602,0.0,0.004823856613508092
2853.5,1426.75,0.0021960468844451687,0.0,99.99999870456733,0.0,0.0034432152117455476
2854.0,1427.0,0.00219679390583254,0.0,99.99999870430022,0.0,0.0034429411652096395
2854.5,1427.25,0.0021975431883093474,0.0,99.99999860841842,0.0,0.0034650593885348392
2855.0,1427.5,0.0021982921938101265,0.0,99.99999861777215,0.0,0.00355273361035715
2855.5,1427.75,0.002199043462292295,0.0,99.99999701982986,0.0,0.005379900758736497
2856.0,1428.0,0.0021997969951119472,0.0,99.99999735573564,0.0,0.005143244437390834
2856.5,1428.25,0.0022005527936398714,0.0,99.9999981141559,0.0,0.004432093667056418
2857.0,1428.5,0.002201303236158166,0.0,99.99999831370772,0.0,0.003312093178020796
2857.5,1428.75,0.002202053403257377,0.0,99.9999977200705,0.0,0.004766617757277065
2858.0,1429.0,0.0022028032950890987,0.0,99.99999771923966,0.0,0.004766989196187054
2858.5,1429.25,0.0022035503695850057,0.0,99.99999763931712,0.0,0.00450458078747453
2859.0,1429.5,0.0022042946257197697,0.0,99.99999754627873,0.0,0.004568878360425648
2859.5,1429.75,0.002205036062488323,0.0,99.99999691392742,0.0,0.005120979221233064
2860.0,1430.0,0.0022057746789058527,0.0,99.9999974177582,0.0,0.0046790188127410325
2860.5,1430.25,0.002206513017735108,0.0,99.99999725629553,0.0,0.004574351955930004
2861.0,1430.5,0.0022072510791325446,0.0,99.9999972607685,0.0,0.004569348758876246
2861.5,1430.75,0.0022079939522169825,0.0,99.99999738414151,0.0,0.004329592549526472
2862.0,1431.0,0.002208736549693116,0.0,99.99999738503219,0.0,0.00432872796665723
2862.5,1431.25,0.0022094839622337215,0.0,99.99999755956756,0.0,0.004061290987761403
2863.0,1431.5,0.002210231101026796,0.0,99.99999753204676,0.0,0.004085158803284105
2863.5,1431.75,0.0022109779662227054,0.0,99.99999750760053,0.0,0.004106545210218008
2864.0,1432.0,0.002211724557971707,0.0,99.99999748695723,0.0,0.004124782219040602
2864.5,1432.25,0.002212470876423947,0.0,99.99999716400752,0.0,0.004409965662201197
2865.0,1432.5,0.00221206600289341,0.0,99.99999849516335,0.0,0.002951395249575859
2865.5,1432.75,0.0022116612775163113,0.0,99.99999849662771,0.0,0.0029500797631121763
2866.0,1433.0,0.0022112567002113464,0.0,99.99999849816716,0.0,0.002948665370266991
2866.5,1433.25,0.002210854814015577,0.0,99.99999861780758,0.0,0.002682171210836658
2867.0,1433.5,0.0022104530738753657,0.0,99.9999987766301,0.0,0.0026534370873879886
2867.5,1433.75,0.0022100514797111065,0.0,99.9999987096407,0.0,0.002722882531462867
2868.0,1434.0,0.002209650031443251,0.0,99.99999822295553,0.0,0.0034420564547679214
2868.5,1434.25,0.002209248728992309,0.0,99.99999821709801,0.0,0.0034481240432956825
2869.0,1434.5,0.0022088424952794897,0.0,99.99999875505158,0.0,0.0027306340087246573
2869.5,1434.75,0.002208436410934633,0.0,99.99999875525832,0.0,0.0027302646516882754
2870.0,1435.0,0.002208027939250511,0.0,99.99999697523016,0.0,0.004785296058945402
2870.5,1435.25,0.0022076246900194,0.0,99.99999806410841,0.0,0.0034185039447231906
2871.0,1435.5,0.002207224122823639,0.0,99.99999714425513,0.0,0.004291768268852673
2871.5,1435.75,0.002206826234823764,0.0,99.99999881100999,0.0,0.0024790852913790453
2872.0,1436.0,0.0022064284902495834,0.0,99.99999700865445,0.0,0.004495128249391281
2872.5,1436.25,0.002206028356990941,0.0,99.99999714751134,0.0,0.004270610888388743
2873.0,1436.5,0.0022056233066218046,0.0,99.9999984017038,0.0,0.0033228699579726994
2873.5,1436.75,0.0022052184049685107,0.0,99.99999698522515,0.0,0.0050189081597206454
2874.0,1437.0,0.0022048111227100133,0.0,99.99999765250041,0.0,0.0042927615855552275
2874.5,1437.25,0.0022044090474819616,0.0,99.9999974841769,0.0,0.004164425019039408
2875.0,1437.5,0.0022040071188741905,0.0,99.99999748941133,0.0,0.004159732792621338
2875.5,1437.75,0.002203605336806515,0.0,99.99999882035205,0.0,0.002574770610493085
2876.0,1438.0,0.0022032037011988086,0.0,99.99999753320378,0.0,0.005841215570446101
2876.5,1438.25,0.0022028047366032338,0.0,99.99999847078782,0.0,0.004830849370791558
2877.0,1438.5,0.002202398345336519,0.0,99.99999774385712,0.0,0.00615400702421555
2877.5,1438.75,0.002201992103990853,0.0,99.99999819186641,0.0,0.00482612507481279
2878.0,1439.0,0.0022015885343285154,0.0,99.99999751818905,0.0,0.006290945956727997
2878.5,1439.25,0.0022011825916462713,0.0,99.9999989086181,0.0,0.0032568256540341026
2879.0,1439.5,0.0022007793186286464,0.0,99.99999843438884,0.0,0.0041791869616368185
2879.5,1439.75,0.0022003761933491856,0.0,99.99999843613982,0.0,0.00417573677123528
2880.0,1440.0,0.002199973215726718,0.0,99.99999823974643,0.0,0.004138949919359815
2880.5,1440.25,0.002199575420145227,0.0,99.99999864188898,0.0,0.0039037826460145883
2881.0,1440.5,0.0021991777683952295,0.0,99.99999870696281,0.0,0.0038816670621774985
2881.5,1440.75,0.002198780260398732,0.0,99.99999870816036,0.0,0.0038800229143760357
2882.0,1441.0,0.0021983854105902243,0.0,99.99999778332027,0.0,0.004993686147401146
2882.5,1441.25,0.002197985675354542,0.0,99.99999839546444,0.0,0.004682639168668154
2883.0,1441.5,0.0021975885981511444,0.0,99.99999746609629,0.0,0.005605449801263519
2883.5,1441.75,0.002197189152607476,0.0,99.99999743950806,0.0,0.005554433285762471
2884.0,1442.0,0.0021967873413844103,0.0,99.99999835774075,0.0,0.004705194381928486
2884.5,1442.25,0.002196388187042681,0.0,99.99999704462313,0.0,0.006234665108965794
2885.0,1442.5,0.0021959841596647296,0.0,99.99999731842762,0.0,0.005238506321359471
2885.5,1442.75,0.0021955777728022517,0.0,99.99999761921484,0.0,0.004832798178048456
2886.0,1443.0,0.0021951690291573725,0.0,99.99999752107318,0.0,0.0046396449426384925
2886.5,1443.25,0.002194760437673143,0.0,99.99999752215254,0.0,0.004638396791762547
2887.0,1443.5,0.002194354503564399,0.0,99.99999835575292,0.0,0.004497715477620798
2887.5,1443.75,0.002193948719587784,0.0,99.9999974387739,0.0,0.005563571833324635
2888.0,1444.0,0.002193545589113075,0.0,99.99999793716121,0.0,0.004787805683003477
2888.5,1444.25,0.002193145109297817,0.0,99.99999673360406,0.0,0.005839559900717967
2889.0,1444.5,0.0021927447756885984,0.0,99.99999842671839,0.0,0.0038493857835440945
2889.5,1444.75,0.0021923470889235143,0.0,99.99999710440922,0.0,0.005343844727507741
2890.0,1445.0,0.002191952046202061,0.0,99.99999716103216,0.0,0.005085092195448961
2890.5,1445.25,0.0021915571458217885,0.0,99.9999971604066,0.0,0.005085359089618548
2891.0,1445.5,0.0021911623877057776,0.0,99.9999971600166,0.0,0.0050853721577103226
2891.5,1445.75,0.002190770268899383,0.0,99.99999768462219,0.0,0.004156410153207739
2892.0,1446.0,0.002190378290410884,0.0,99.99999743389158,0.0,0.004445750959165494
2892.5,1446.25,0.0021899914428534155,0.0,99.99999876707368,0.0,0.002929620309105335
2893.0,1446.5,0.0021896047319158243,0.0,99.99999875006027,0.0,0.0029497396815444314
2893.5,1446.75,0.002189210676787305,0.0,99.99999771696615,0.0,0.0042132851282710385
2894.0,1447.0,0.0021888142707957286,0.0,99.99999733816726,0.0,0.004594438293862204
2894.5,1447.25,0.002188415516571953,0.0,99.9999971261483,0.0,0.004837041839697812
2895.0,1447.5,0.0021880193984654267,0.0,99.99999736834471,0.0,0.004599147865763024
2895.5,1447.75,0.0021876234237330964,0.0,99.99999741995349,0.0,0.00455127888904137
2896.0,1448.0,0.0021883680782759803,0.0,99.99999841155145,0.0,0.003927547005543059
2896.5,1448.25,0.0021891124650839974,0.0,99.99999812020499,0.0,0.004892988498833294
2897.0,1448.5,0.0021898540931501362,0.0,99.9999974309922,0.0,0.004895920065904782
2897.5,1448.75,0.0021905954529789708,0.0,99.99999743408817,0.0,0.004892606270758985
2898.0,1449.0,0.002191336544716002,0.0,99.99999743749918,0.0,0.0048889182829430855
2898.5,1449.25,0.0021920748761841526,0.0,99.99999742591267,0.0,0.005005243876294076
2899.0,1449.5,0.0021928129390741307,0.0,99.99999742936868,0.0,0.005001353367939922
2899.5,1449.75,0.0021935507335324577,0.0,99.99999779015502,0.0,0.003603931104189291
2900.0,1450.0,0.0021942857662329987,0.0,99.99999795017239,0.0,0.004026207359466173
2900.5,1450.25,0.002195020530031562,0.0,99.99999795485779,0.0,0.004022491162198912
2901.0,1450.5,0.0021957550250756813,0.0,99.99999795909096,0.0,0.004019104621136036
2901.5,1450.75,0.0021964892515127835,0.0,99.99999796292262,0.0,0.004015937976062081
2902.0,1451.0,0.002197225704474846,0.0,99.99999749995854,0.0,0.0037763917686000166
2902.5,1451.25,0.0021979618898839257,0.0,99.99999861417145,0.0,0.003083816599144378
2903.0,1451.5,0.0021986978078857994,0.0,99.99999861005394,0.0,0.003087620868776387
2903.5,1451.75,0.002199430962495049,0.0,99.9999984414359,0.0,0.0033167469610177382
2904.0,1452.0,0.0022001638492314744,0.0,99.99999844399765,0.0,0.0033144322277282407
2904.5,1452.25,0.0021997644811210517,0.0,99.99999798043305,0.0,0.00454872970251624
2905.0,1452.5,0.0021993652579688707,0.0,99.99999730412384,0.0,0.005341019082584314
2905.5,1452.75,0.002198968673485473,0.0,99.99999828995115,0.0,0.0037987623248670974
2906.0,1453.0,0.002198572231998694,0.0,99.99999828768057,0.0,0.0038020594903842974
2906.5,1453.25,0.0021993071048956123,0.0,99.999998395561,0.0,0.003650409440905305
2907.0,1453.5,0.002200036723951497,0.0,99.99999848090167,0.0,0.0032183181721446436
2907.5,1453.75,0.0022007685691264583,0.0,99.99999770392095,0.0,0.004293867977526226
2908.0,1454.0,0.0022015001472954292,0.0,99.99999770270611,0.0,0.004295351270362878
2908.5,1454.25,0.0022022314586045057,0.0,99.99999770155313,0.0,0.004296757089937448
2909.0,1454.5,0.0022029625031996757,0.0,99.99999770046483,0.0,0.00429809456342332
2909.5,1454.75,0.0022036907857188154,0.0,99.99999766779013,0.0,0.004100999759943771
2910.0,1455.0,0.002204421296951513,0.0,99.99999756183242,0.0,0.0043043412780469975
2910.5,1455.25,0.0022051515419080673,0.0,99.99999741995597,0.0,0.004475131785473318
2911.0,1455.5,0.0022058790241164033,0.0,99.99999775804218,0.0,0.003876381338919717
2911.5,1455.75,0.0022066037426262657,0.0,99.99999830295347,0.0,0.0031264681190587185
2912.0,1456.0,0.002207333188515984,0.0,99.99999867461378,0.0,0.0027314765293207648
2912.5,1456.25,0.0022080648664301746,0.0,99.99999875777817,0.0,0.002947485201221784
2913.0,1456.5,0.002208796279541095,0.0,99.99999786307818,0.0,0.004882930205146646
2913.5,1456.75,0.0022095249295247484,0.0,99.9999976897654,0.0,0.0051011477536154065
2914.0,1457.0,0.002209120252341679,0.0,99.99999748367267,0.0,0.005362257867377369
2914.5,1457.25,0.0022087182200037077,0.0,99.99999857001049,0.0,0.003471122904592048
2915.0,1457.5,0.002208313838239316,0.0,99.99999848275739,0.0,0.00415910770992026
2915.5,1457.75,0.0022079120993357053,0.0,99.9999980144755,0.0,0.004364226316527357
2916.0,1458.0,0.0022075130004891776,0.0,99.99999807416967,0.0,0.004335243179789712
2916.5,1458.25,0.0022071115528848324,0.0,99.9999979936489,0.0,0.004368742720056922
2917.0,1458.5,0.0022067077591639357,0.0,99.99999740386588,0.0,0.004829016649542449
2917.5,1458.75,0.002206306604354125,0.0,99.99999840726134,0.0,0.0032050318835825506
2918.0,1459.0,0.002205903105085205,0.0,99.99999864684447,0.0,0.0030923129495795463
2918.5,1459.25,0.002205499753376819,0.0,99.99999864601222,0.0,0.0030932112061535706
2919.0,1459.5,0.002205096549148036,0.0,99.99999864519145,0.0,0.0030941034736866975
2919.5,1459.75,0.002204693492317986,0.0,99.99999864437818,0.0,0.0030950088090047133
2920.0,1460.0,0.0022042905828058568,0.0,99.99999873062048,0.0,0.0027663875856694287
2920.5,1460.25,0.0022038878205308957,0.0,99.99999872953393,0.0,0.0027675874980638486
2921.0,1460.5,0.0022034802357746405,0.0,99.9999987765994,0.0,0.0026418604680062386
2921.5,1460.75,0.0022042027550843234,0.0,99.99999894137582,0.0,0.0025345891998400445
2922.0,1461.0,0.002204927494408773,0.0,99.99999847835981,0.0,0.003074721443282047
2922.5,1461.25,0.002206779026808195,0.0,99.99999770608795,0.0,0.004630389862147404
2923.0,1461.5,0.0022086298832130606,0.0,99.99999771394184,0.0,0.004620443744563838
2923.5,1461.75,0.002210482554425528,0.0,99.99999773849365,0.0,0.004463797069491174
2924.0,1462.0,0.0022123395377967622,0.0,99.99999741055511,0.0,0.005216414720557582
2924.5,1462.25,0.0022141958560975418,0.0,99.99999740841812,0.0,0.00521977047619471
2925.0,1462.5,0.002216051509685091,0.0,99.99999740663795,0.0,0.005222766279445322
2925.5,1462.75,0.0022179064989163782,0.0,99.99999740519878,0.0,0.005225398756405661
2926.0,1463.0,0.0022197583255007683,0.0,99.99999736344384,0.0,0.00533932708178858
2926.5,1463.25,0.002221606984894423,0.0,99.99999832485913,0.0,0.004229334593809357
2927.0,1463.5,0.002222329744223912,0.0,99.99999866408079,0.0,0.0037730618890592007
2927.5,1463.75,0.0022230522417276805,0.0,99.99999866419421,0.0,0.003774603588002494
2928.0,1464.0,0.0022237744775479764,0.0,99.99999854460971,0.0,0.0035400220606738877
2928.5,1464.25,0.0022244964518269438,0.0,99.99999854440851,0.0,0.0035413859142311597
2929.0,1464.5,0.0022252206667791085,0.0,99.99999836447164,0.0,0.0030960853155428685
2929.5,1464.75,0.0022259446211959394,0.0,99.99999836418961,0.0,0.003096597919050783
2930.0,1465.0,0.0022266658124182985,0.0,99.99999892478449,0.0,0.002677904360313582
2930.5,1465.25,0.002227386742666031,0.0,99.99999892469883,0.0,0.0026781942165873774
2931.0,1465.5,0.0022281074120807693,0.0,99.99999821548543,0.0,0.0034605297130275523
2931.5,1465.75,0.0022288253169391848,0.0,99.99999829430253,0.0,0.0033535026543736906
2932.0,1466.0,0.0022295429605410206,0.0,99.99999829356642,0.0,0.003354660898348666
2932.5,1466.25,0.0022302603430288644,0.0,99.9999986866058,0.0,0.0033103311100984227
2933.0,1466.5,0.0022309824743807537,0.0,99.99999798201769,0.0,0.003927249993182777
2933.5,1466.75,0.002231709356901741,0.0,99.99999779424255,0.0,0.0048971326086534855
2934.0,1467.0,0.002233558372757322,0.0,99.9999986551828,0.0,0.003364635193951911
2934.5,1467.25,0.0022354067329283718,0.0,99.99999865402174,0.0,0.0033665410742477414
2935.0,1467.5,0.002237254437763598,0.0,99.99999865280803,0.0,0.0033685039446816004
2935.5,1467.75,0.0022390989758029234,0.0,99.9999976174325,0.0,0.004960384455882209
2936.0,1468.0,0.00224094536938586,0.0,99.99999847609075,0.0,0.004120392997947301
2936.5,1468.25,0.0022427885936257704,0.0,99.99999829864605,0.0,0.004469509554137987
2937.0,1468.5,0.0022446311606828524,0.0,99.99999829855606,0.0,0.00446974116073988
2937.5,1468.75,0.0022453596274698397,0.0,99.99999853712185,0.0,0.004250903680101461
2938.0,1469.0,0.0022460853221014125,0.0,99.9999986443499,0.0,0.002898014187514671
2938.5,1469.25,0.002245692674043984,0.0,99.99999831572069,0.0,0.004648638262028897
2939.0,1469.5,0.0022453051945651066,0.0,99.99999858821975,0.0,0.00343154992846969
2939.5,1469.75,0.0022449203635785194,0.0,99.9999973353896,0.0,0.00489460916118606
2940.0,1470.0,0.002244530636611162,0.0,99.99999718382611,0.0,0.005538788709845053
2940.5,1470.25,0.002244143557997785,0.0,99.999997337613,0.0,0.005494576168278163
2941.0,1470.5,0.0022437566128680115,0.0,99.9999973383028,0.0,0.005493688035954311
2941.5,1470.75,0.0022433698011528054,0.0,99.99999733915492,0.0,0.00549270107638857
2942.0,1471.0,0.0022429755914113287,0.0,99.99999813545912,0.0,0.0045955882634699415
2942.5,1471.25,0.0022425815201882696,0.0,99.99999813472145,0.0,0.00459743998820547
2943.0,1471.5,0.0022421926047922953,0.0,99.9999984201119,0.0,0.00375828204949329
2943.5,1471.75,0.0022418038242667435,0.0,99.99999842064781,0.0,0.00375710689714886
2944.0,1472.0,0.0022414126715871864,0.0,99.99999865154982,0.0,0.003556141255063459
2944.5,1472.25,0.0022410191493073416,0.0,99.99999794925955,0.0,0.004369675973017611
2945.0,1472.5,0.0022406282703780894,0.0,99.99999748673989,0.0,0.005019109604910163
2945.5,1472.75,0.0022402375277793926,0.0,99.9999974870687,0.0,0.005019055058771526
2946.0,1473.0,0.0022398469214399397,0.0,99.99999707257027,0.0,0.0053670961550419975
2946.5,1473.25,0.00223945895386871,0.0,99.99999680033969,0.0,0.005480142875347041
2947.0,1473.5,0.0022390711206752073,0.0,99.99999657419237,0.0,0.00553087372994622
2947.5,1473.75,0.0022386859226424536,0.0,99.99999714144933,0.0,0.005060119761764808
2948.0,1474.0,0.0022382983571292148,0.0,99.9999974548292,0.0,0.004748987809251673
2948.5,1474.25,0.002237910925784888,0.0,99.99999657104532,0.0,0.004921527751443966
2949.0,1474.5,0.002237518632032022,0.0,99.99999650178809,0.0,0.005180522394440015
2949.5,1474.75,0.0022371264757890226,0.0,99.9999965039394,0.0,0.005179816364164685
2950.0,1475.0,0.0022367344569836005,0.0,99.9999965063928,0.0,0.005178853916746748
2950.5,1475.25,0.002236337584309034,0.0,99.99999754728671,0.0,0.00399437319206727
2951.0,1475.5,0.00223594334717595,0.0,99.99999755537067,0.0,0.0041107150099744735
2951.5,1475.75,0.00223555174287139,0.0,99.9999965120072,0.0,0.005382847581932387
2952.0,1476.0,0.0022351627687019213,0.0,99.99999718541868,0.0,0.0048801828877386615
2952.5,1476.25,0.00223477891412494,0.0,99.99999789334983,0.0,0.004025741307081027
2953.0,1476.5,0.0022343927000918733,0.0,99.9999980525457,0.0,0.0035869851919242946
2953.5,1476.75,0.0022340066195266003,0.0,99.9999980531055,0.0,0.0035870830692562765
2954.0,1477.0,0.0022336181828111713,0.0,99.99999823551676,0.0,0.0034409442581438757
2954.5,1477.25,0.0022332249038008282,0.0,99.9999979928443,0.0,0.0035099432607682826
2955.0,1477.5,0.0022328317632574384,0.0,99.99999799481955,0.0,0.0035083017308607392
2955.5,1477.75,0.002232441248028233,0.0,99.99999808236048,0.0,0.0034197885748466147
2956.0,1478.0,0.0022320508693749034,0.0,99.99999851507715,0.0,0.0025920674966335897
2956.5,1478.25,0.002231660627225814,0.0,99.99999851695462,0.0,0.002590016981055817
2957.0,1478.5,0.0022312730058275864,0.0,99.99999771414126,0.0,0.003835111540126307
2957.5,1478.75,0.002230885519059377,0.0,99.9999977132576,0.0,0.0038361349291250323
2958.0,1479.0,0.0022305006494496653,0.0,99.99999746824025,0.0,0.004357378802127635
2958.5,1479.25,0.002230115912611506,0.0,99.99999746484615,0.0,0.004360861762813535
2959.0,1479.5,0.0022297337893680417,0.0,99.99999804234939,0.0,0.0037843591673877262
2959.5,1479.75,0.0022293517970533396,0.0,99.99999708124024,0.0,0.004955374085857827
2960.0,1480.0,0.0022289699356001203,0.0,99.99999707945389,0.0,0.004956528473159647
2960.5,1480.25,0.0022285906832899068,0.0,99.99999725899079,0.0,0.004902829980799486
2961.0,1480.5,0.0022282115600149436,0.0,99.99999714283825,0.0,0.00535863807754913
2961.5,1480.75,0.002227830089046502,0.0,99.99999821909472,0.0,0.004162196596602595
2962.0,1481.0,0.002227451224486847,0.0,99.99999818080273,0.0,0.004183060982274937
2962.5,1481.25,0.002227072488764619,0.0,99.99999818311606,0.0,0.004181323033077337
2963.0,1481.5,0.002226693881814111,0.0,99.99999818537447,0.0,0.004179628689204196
2963.5,1481.75,0.002226315403569659,0.0,99.9999981876887,0.0,0.00417786322579224
2964.0,1482.0,0.002225939526421369,0.0,99.99999808216889,0.0,0.0044181502604582045
2964.5,1482.25,0.0022255613045520724,0.0,99.9999980994058,0.0,0.004085888813931269
2965.0,1482.5,0.0022251832111925382,0.0,99.99999809853998,0.0,0.0040867365537304275
2965.5,1482.75,0.00222480277634071,0.0,99.99999725975911,0.0,0.004661899729023051
2966.0,1483.0,0.0022244224715509244,0.0,99.99999825523683,0.0,0.003832187601864532
2966.5,1483.25,0.002224044765004811,0.0,99.99999807476114,0.0,0.004278500204571802
2967.0,1483.5,0.0022236647192956176,0.0,99.99999715332598,0.0,0.0054034234086880375
2967.5,1483.75,0.002223284803448976,0.0,99.99999707032987,0.0,0.004984720779459699
2968.0,1484.0,0.0022229074831229853,0.0,99.99999808458182,0.0,0.004060701002239303
2968.5,1484.25,0.0022225327557409886,0.0,99.99999708918038,0.0,0.005568801862414178
2969.0,1484.5,0.002222158154677288,0.0,99.99999834074305,0.0,0.0036092892848379283
2969.5,1484.75,0.002221781216635864,0.0,99.99999760904203,0.0,0.004582924514593527
2970.0,1485.0,0.002221401944059246,0.0,99.99999781291363,0.0,0.004358974527549236
2970.5,1485.25,0.002221020339403827,0.0,99.9999977253814,0.0,0.00475370012960991
2971.0,1485.5,0.0022206388658341856,0.0,99.99999772823436,0.0,0.004754936680362615
2971.5,1485.75,0.0022202599831375462,0.0,99.99999771771061,0.0,0.005181547558113669
2972.0,1486.0,0.0022198812297078594,0.0,99.99999748112278,0.0,0.005566536478059743
2972.5,1486.25,0.0022195026054789816,0.0,99.99999748485787,0.0,0.005561997127282364
2973.0,1486.5,0.0022191241103848144,0.0,99.9999974879961,0.0,0.005558402584108951
2973.5,1486.75,0.002218745744359304,0.0,99.9999974904982,0.0,0.005555799874576381
2974.0,1487.0,0.0022183675073364426,0.0,99.99999749239844,0.0,0.005554119324081996
2974.5,1487.25,0.002219093724336541,0.0,99.99999745017308,0.0,0.005542851083494393
2975.0,1487.5,0.002219817235785313,0.0,99.99999730870537,0.0,0.005563781704714654
2975.5,1487.75,0.002220540497480732,0.0,99.99999730554231,0.0,0.005569255202325337
2976.0,1488.0,0.002221263509552097,0.0,99.99999730263282,0.0,0.005574323633861959
2976.5,1488.25,0.0022219862721286165,0.0,99.99999877923776,0.0,0.0029454716474764343
2977.0,1488.5,0.002222708785339411,0.0,99.99999878004073,0.0,0.00294475130188207
2977.5,1488.75,0.0022234310493135117,0.0,99.99999878095157,0.0,0.0029439003519128406
2978.0,1489.0,0.0022241506055062097,0.0,99.99999732224956,0.0,0.00471472798778913
2978.5,1489.25,0.002224867452941235,0.0,99.99999744137223,0.0,0.004603738587927654
2979.0,1489.5,0.00222558650945377,0.0,99.99999750890836,0.0,0.0050316141775912935
2979.5,1489.75,0.002226295477471326,0.0,99.99999839934742,0.0,0.004854630217875117
2980.0,1490.0,0.0022258995285290724,0.0,99.99999745829408,0.0,0.006352561841527335
2980.5,1490.25,0.0022255037204016287,0.0,99.99999745560025,0.0,0.006356386939537204
2981.0,1490.5,0.002226209866659305,0.0,99.99999844262959,0.0,0.004188923618072724
2981.5,1490.75,0.0022269157603145282,0.0,99.99999844140362,0.0,0.004190646564537843
2982.0,1491.0,0.0022276214015028166,0.0,99.99999844018926,0.0,0.004192312969690202
2982.5,1491.25,0.0022283243310060458,0.0,99.99999806314516,0.0,0.00370512932944188
2983.0,1491.5,0.0022290270076415902,0.0,99.99999806417034,0.0,0.003704140592839881
2983.5,1491.75,0.002229729431545872,0.0,99.99999808687211,0.0,0.004613022011511098
2984.0,1492.0,0.0022304316028552173,0.0,99.9999980876777,0.0,0.00461240077531196
2984.5,1492.25,0.0022311335217058523,0.0,99.99999808846634,0.0,0.004611750715731443
2985.0,1492.5,0.002231835188233906,0.0,99.99999785198554,0.0,0.00412314993342685
2985.5,1492.75,0.00223254152527237,0.0,99.99999915166234,0.0,0.0025999064556575862
2986.0,1493.0,0.0022332525350061785,0.0,99.99999712330771,0.0,0.004409999383951041
2986.5,1493.25,0.002233965757614164,0.0,99.99999846364302,0.0,0.0032381400391692365
2987.0,1493.5,0.0022346762694570002,0.0,99.99999742294933,0.0,0.005202691459928761
2987.5,1493.75,0.0022353865323745444,0.0,99.99999741898954,0.0,0.005205947854361636
2988.0,1494.0,0.0022361014727426943,0.0,99.99999740543096,0.0,0.005967357656464811
2988.5,1494.25,0.0022368161658702164,0.0,99.99999741124782,0.0,0.005959726690378453
2989.0,1494.5,0.0022375281480380336,0.0,99.9999971833383,0.0,0.0053038726505786424
2989.5,1494.75,0.002238234954117835,0.0,99.99999778269671,0.0,0.0047682239055351645
2990.0,1495.0,0.0022389365821763475,0.0,99.9999986627622,0.0,0.003057894584930298
2990.5,1495.25,0.0022396354951960645,0.0,99.99999875537007,0.0,0.002912287642182309
2991.0,1495.5,0.0022403366226815377,0.0,99.99999724736304,0.0,0.004614922414382716
2991.5,1495.75,0.0022410375002475374,0.0,99.999997245297,0.0,0.004616499603861819
2992.0,1496.0,0.0022417381280276662,0.0,99.99999724299194,0.0,0.0046182733598447824
2992.5,1496.25,0.0022424434385159182,0.0,99.99999738606806,0.0,0.004516497686317858
2993.0,1496.5,0.002243148500829085,0.0,99.99999738421351,0.0,0.0045178157531244375
2993.5,1496.75,0.0022438533150981317,0.0,99.99999738238033,0.0,0.004519138939769421
2994.0,1497.0,0.0022445554142479806,0.0,99.99999865058426,0.0,0.003181706241222116
2994.5,1497.25,0.0022452597324810943,0.0,99.99999873641379,0.0,0.0030754778645637614
2995.0,1497.5,0.0022459662709487997,0.0,99.9999985227178,0.0,0.003201534484955202
2995.5,1497.75,0.002246672562579993,0.0,99.99999851932668,0.0,0.0032054559481892084
2996.0,1498.0,0.0022473736703588327,0.0,99.99999859470034,0.0,0.0038375561554541554
2996.5,1498.25,0.002248072061307462,0.0,99.99999845825484,0.0,0.004735068913611618
2997.0,1498.5,0.0022487702037948,0.0,99.99999816633444,0.0,0.005324203661340538
2997.5,1498.75,0.002249465628406722,0.0,99.99999850519721,0.0,0.004779174965825082
2998.0,1499.0,0.0022501632740424458,0.0,99.99999793579065,0.0,0.00537823877946766
2998.5,1499.25,0.0022508606716146826,0.0,99.9999979362389,0.0,0.005378113660278308
2999.0,1499.5,0.0022515578212557153,0.0,99.99999793645303,0.0,0.005378286950152569
2999.5,1499.75,0.002252257193948636,0.0,99.99999860926326,0.0,0.004418336150420988
3000.0,1500.0,0.0022529563196302255,0.0,99.99999852493153,0.0,0.004349465987294686
