Time_ps,HBonds_per_interfacial_water,N_interfacial_water
0.0,1.2,5
0.0005,1.2,5
0.001,1.2,5
0.0015,1.2,5
0.002,1.2,5
0.0025,1.0,5
0.003,1.0,5
0.0035,1.0,5
0.004,1.0,5
0.0045,1.0,5
0.005,0.8,5
0.0055,0.8,5
0.006,0.8,5
0.0065,0.8,5
0.007,0.8,5
0.0075,0.8,5
0.008,0.8,5
0.0085,0.8,5
0.009,1.5365853658536586,41
0.0095,1.5365853658536586,41
0.01,1.5365853658536586,41
0.0105,1.5365853658536586,41
0.011,1.5365853658536586,41
0.0115,1.5365853658536586,41
0.012,1.5609756097560976,41
0.0125,1.5609756097560976,41
0.013,1.5609756097560976,41
0.0135,1.5853658536585367,41
0.014,1.5853658536585367,41
0.0145,1.5853658536585367,41
0.015,1.5853658536585367,41
0.0155,1.5609756097560976,41
0.016,1.1666666666666667,6
0.0165,1.1666666666666667,6
0.017,1.1666666666666667,6
0.0175,1.1666666666666667,6
0.018,1.5853658536585367,41
0.0185,1.5853658536585367,41
0.019,1.5609756097560976,41
0.0195,1.5609756097560976,41
0.02,1.5609756097560976,41
0.0205,1.5609756097560976,41
0.021,1.5365853658536586,41
0.0215,1.5365853658536586,41
0.022,1.5365853658536586,41
0.0225,1.5365853658536586,41
0.023,1.5365853658536586,41
0.0235,1.5365853658536586,41
0.024,1.5609756097560976,41
0.0245,1.5609756097560976,41
0.025,1.5609756097560976,41
0.0255,1.5609756097560976,41
0.026,1.5609756097560976,41
0.0265,1.5609756097560976,41
0.027,1.5609756097560976,41
0.0275,1.5609756097560976,41
0.028,1.5609756097560976,41
0.0285,1.5609756097560976,41
0.029,1.5853658536585367,41
0.0295,1.5853658536585367,41
0.03,1.5853658536585367,41
0.0305,1.5853658536585367,41
0.031,1.5853658536585367,41
0.0315,1.5853658536585367,41
0.032,1.5853658536585367,41
0.0325,1.5609756097560976,41
0.033,1.5609756097560976,41
0.0335,1.5609756097560976,41
0.034,1.5609756097560976,41
0.0345,1.5365853658536586,41
0.035,1.525,40
0.0355,1.525,40
0.036,1.525,40
0.0365,1.525,40
0.037,1.525,40
0.0375,1.5384615384615385,39
0.038,1.5384615384615385,39
0.0385,1.5384615384615385,39
0.039,1.5384615384615385,39
0.0395,1.5384615384615385,39
0.04,1.5384615384615385,39
0.0405,1.5384615384615385,39
0.041,1.5384615384615385,39
0.0415,1.564102564102564,39
0.042,1.564102564102564,39
0.0425,1.6666666666666667,3
0.043,1.6666666666666667,3
0.0435,1.5897435897435896,39
0.044,1.5897435897435896,39
0.0445,1.564102564102564,39
0.045,1.5384615384615385,39
0.0455,1.5384615384615385,39
0.046,1.5384615384615385,39
0.0465,1.5128205128205128,39
0.047,1.5128205128205128,39
0.0475,1.5128205128205128,39
0.048,1.5128205128205128,39
0.0485,1.5128205128205128,39
0.049,1.564102564102564,39
0.0495,1.564102564102564,39
0.05,1.564102564102564,39
0.0505,1.564102564102564,39
0.051,1.564102564102564,39
0.0515,1.564102564102564,39
0.052,1.525,40
0.0525,1.55,40
0.053,1.55,40
0.0535,1.3333333333333333,3
0.054,1.3333333333333333,3
0.0545,1.3333333333333333,3
0.055,1.3333333333333333,3
0.0555,1.3333333333333333,3
0.056,1.3333333333333333,3
0.0565,1.6153846153846154,39
0.057,1.5,2
0.0575,1.5,2
0.058,1.5,2
0.0585,1.0,3
0.059,1.0,3
0.0595,1.0,3
0.06,1.5,2
0.0605,1.0,1
0.061,1.0,1
0.0615,1.0,1
0.062,1.3333333333333333,3
0.0625,1.3333333333333333,3
0.063,1.3333333333333333,3
0.0635,1.3333333333333333,3
0.064,1.3333333333333333,3
0.0645,1.6666666666666667,3
0.065,1.6666666666666667,3
0.0655,1.4615384615384615,39
0.066,1.4615384615384615,39
0.0665,1.4615384615384615,39
0.067,1.4615384615384615,39
0.0675,1.4615384615384615,39
0.068,1.4615384615384615,39
0.0685,1.4615384615384615,39
0.069,1.0,4
0.0695,1.0,4
0.07,1.0,4
0.0705,1.0,4
0.071,1.0,4
0.0715,1.0,4
0.072,1.0,4
0.0725,1.25,4
0.073,1.25,4
0.0735,2.0,1
0.074,1.3333333333333333,3
0.0745,1.3333333333333333,3
0.075,1.3333333333333333,3
0.0755,1.3333333333333333,3
0.076,1.4,35
0.0765,1.4,35
0.077,1.4,35
0.0775,1.4285714285714286,35
0.078,1.5675675675675675,37
0.0785,1.5675675675675675,37
0.079,1.3333333333333333,6
0.0795,1.3333333333333333,6
0.08,1.5675675675675675,37
0.0805,1.5945945945945945,37
0.081,1.6216216216216217,37
0.0815,1.6216216216216217,37
0.082,1.6111111111111112,36
0.0825,1.6111111111111112,36
0.083,1.6111111111111112,36
0.0835,1.6111111111111112,36
0.084,1.0,1
0.0845,1.0,1
0.085,1.0,1
0.0855,1.0,1
0.086,1.6,35
0.0865,1.5714285714285714,35
0.087,1.5714285714285714,35
0.0875,1.5714285714285714,35
0.088,1.6,35
0.0885,1.6,35
0.089,1.6,35
0.0895,1.6285714285714286,35
0.09,1.6285714285714286,35
0.0905,1.6285714285714286,35
0.091,1.6,35
0.0915,1.6,35
0.092,1.6,35
0.0925,1.6,35
0.093,1.5,34
0.0935,1.5294117647058822,34
0.094,1.5,34
0.0945,1.5,34
0.095,1.5,34
0.0955,1.5,34
0.096,1.5294117647058822,34
0.0965,0.0,0
0.097,0.0,0
0.0975,1.6,35
0.098,1.6,35
0.0985,1.6,35
0.099,1.6,35
0.0995,1.5714285714285714,35
0.1,1.5714285714285714,35
0.1005,1.5714285714285714,35
0.101,1.5714285714285714,35
0.1015,1.5714285714285714,35
0.102,1.5714285714285714,35
0.1025,1.5714285714285714,35
0.103,1.5714285714285714,35
0.1035,1.0,1
0.104,2.0,1
0.1045,0.0,0
0.105,0.0,0
0.1055,0.0,0
0.106,1.5,2
0.1065,1.5,2
0.107,0.0,0
0.1075,0.0,0
0.108,0.0,0
0.1085,0.0,0
0.109,0.0,0
0.1095,1.5,2
0.11,1.5,2
0.1105,1.6470588235294117,34
0.111,1.6470588235294117,34
0.1115,1.6764705882352942,34
0.112,1.6764705882352942,34
0.1125,1.6764705882352942,34
0.113,1.6470588235294117,34
0.1135,1.6470588235294117,34
0.114,1.6176470588235294,34
0.1145,2.0,1
0.115,2.0,1
0.1155,2.0,1
0.116,2.0,1
0.1165,1.6388888888888888,36
0.117,1.0,2
0.1175,1.6388888888888888,36
0.118,1.6388888888888888,36
0.1185,1.6388888888888888,36
0.119,1.6388888888888888,36
0.1195,1.0,6
0.12,1.0,2
0.1205,1.6216216216216217,37
0.121,1.0,5
0.1215,1.0,5
0.122,1.0,5
0.1225,1.0,5
0.123,1.0,5
0.1235,1.0,5
0.124,1.0,5
0.1245,1.0,5
0.125,1.0,6
0.1255,1.0,2
0.126,1.0,2
0.1265,1.0,2
0.127,1.0,2
0.1275,1.0,2
0.128,1.0,2
0.1285,1.0,2
0.129,1.0,2
0.1295,0.8333333333333334,6
0.13,0.8333333333333334,6
0.1305,1.0,6
0.131,1.0,1
0.1315,1.6842105263157894,38
0.132,1.736842105263158,38
0.1325,1.7105263157894737,38
0.133,1.7105263157894737,38
0.1335,1.7105263157894737,38
0.134,1.7105263157894737,38
0.1345,1.7105263157894737,38
0.135,1.7105263157894737,38
0.1355,1.7105263157894737,38
0.136,1.0,3
0.1365,1.0,3
0.137,1.0,3
0.1375,1.0,3
0.138,1.3333333333333333,3
0.1385,1.3333333333333333,3
0.139,1.3333333333333333,3
0.1395,1.3333333333333333,3
0.14,1.3333333333333333,3
0.1405,1.3333333333333333,3
0.141,1.3333333333333333,3
0.1415,1.3333333333333333,3
0.142,1.2,5
0.1425,1.0,4
0.143,1.0,4
0.1435,1.0,4
0.144,1.0,4
0.1445,1.0,4
0.145,1.6842105263157894,38
0.1455,1.6842105263157894,38
0.146,1.6842105263157894,38
0.1465,1.3333333333333333,3
0.147,1.3333333333333333,3
0.1475,1.3333333333333333,3
0.148,1.3333333333333333,3
0.1485,1.3333333333333333,3
0.149,0.0,0
0.1495,0.0,0
0.15,0.0,0
0.1505,0.0,0
0.151,0.0,0
0.1515,0.0,0
0.152,0.0,0
0.1525,0.0,0
0.153,0.0,0
0.1535,1.0,5
0.154,1.0,5
0.1545,1.0,5
0.155,1.0,5
0.1555,1.0,5
0.156,1.0,5
0.1565,1.0,5
0.157,1.0,5
0.1575,1.0,5
0.158,0.0,0
0.1585,0.0,0
0.159,0.0,0
0.1595,0.0,0
0.16,0.0,0
0.1605,0.0,0
0.161,0.0,0
0.1615,0.0,0
0.162,0.0,0
0.1625,1.0,3
0.163,1.0,3
0.1635,1.0,3
0.164,0.0,0
0.1645,0.0,0
0.165,1.0,5
0.1655,1.0,5
0.166,1.0,5
0.1665,1.0,5
0.167,1.0,5
0.1675,1.0,5
0.168,1.0,5
0.1685,1.0,5
0.169,1.0,3
0.1695,1.0,3
0.17,1.0,3
0.1705,1.0,3
0.171,1.0,3
0.1715,0.0,0
0.172,0.0,0
0.1725,0.0,0
0.173,0.0,0
0.1735,0.0,0
0.174,0.0,0
0.1745,0.0,0
0.175,0.6666666666666666,3
0.1755,0.6666666666666666,3
0.176,0.0,0
0.1765,1.0,5
0.177,1.0,5
0.1775,1.0,5
0.178,1.0,5
0.1785,1.0,5
0.179,0.6666666666666666,3
0.1795,0.6666666666666666,3
0.18,0.6666666666666666,3
0.1805,0.6666666666666666,3
0.181,0.6666666666666666,3
0.1815,1.631578947368421,38
0.182,1.605263157894737,38
0.1825,1.0,1
0.183,1.0,3
0.1835,1.0,3
0.184,1.0,3
0.1845,1.0,3
0.185,1.0,3
0.1855,1.0,3
0.186,1.0,3
0.1865,1.0,3
0.187,1.0,3
0.1875,1.0,3
0.188,1.0,3
0.1885,1.0,3
0.189,1.0,3
0.1895,1.0,3
0.19,1.0,3
0.1905,1.0,3
0.191,1.0,3
0.1915,1.0,3
0.192,1.0,3
0.1925,1.0,3
0.193,0.0,0
0.1935,0.0,0
0.194,0.0,0
0.1945,0.0,0
0.195,0.0,0
0.1955,0.0,0
0.196,0.0,0
0.1965,1.0,6
0.197,1.7435897435897436,39
0.1975,1.7435897435897436,39
0.198,1.7435897435897436,39
0.1985,1.7435897435897436,39
0.199,1.7435897435897436,39
0.1995,1.1666666666666667,6
0.2,1.1666666666666667,6
0.2005,1.1666666666666667,6
0.201,0.0,0
0.2015,0.0,0
0.202,0.0,0
0.2025,0.0,0
0.203,0.0,0
0.2035,0.0,0
0.204,0.0,0
0.2045,0.0,0
0.205,0.0,0
0.2055,0.0,0
0.206,1.1666666666666667,6
0.2065,1.1666666666666667,6
0.207,1.1666666666666667,6
0.2075,1.1666666666666667,6
0.208,1.1666666666666667,6
0.2085,1.1666666666666667,6
0.209,1.1666666666666667,6
0.2095,1.1666666666666667,6
0.21,1.1666666666666667,6
0.2105,1.1666666666666667,6
0.211,1.1666666666666667,6
0.2115,1.1666666666666667,6
0.212,1.1666666666666667,6
0.2125,1.1666666666666667,6
0.213,1.1666666666666667,6
0.2135,1.0,6
0.214,1.0,6
0.2145,1.7567567567567568,37
0.215,1.7567567567567568,37
0.2155,1.1666666666666667,6
0.216,1.1666666666666667,6
0.2165,1.1666666666666667,6
0.217,1.0,6
0.2175,0.6666666666666666,3
0.218,0.6666666666666666,3
0.2185,0.6666666666666666,3
0.219,1.6756756756756757,37
0.2195,0.6666666666666666,3
0.22,0.6666666666666666,3
0.2205,0.6666666666666666,3
0.221,0.6666666666666666,3
0.2215,0.3333333333333333,3
0.222,0.3333333333333333,3
0.2225,0.3333333333333333,3
0.223,0.3333333333333333,3
0.2235,1.6363636363636365,33
0.224,0.6666666666666666,6
0.2245,0.3333333333333333,3
0.225,0.3333333333333333,3
0.2255,0.3333333333333333,3
0.226,0.3333333333333333,3
0.2265,0.3333333333333333,3
0.227,0.3333333333333333,3
0.2275,1.6944444444444444,36
0.228,1.6944444444444444,36
0.2285,1.6944444444444444,36
0.229,1.6944444444444444,36
0.2295,1.7222222222222223,36
0.23,1.7222222222222223,36
0.2305,1.7222222222222223,36
0.231,1.7297297297297298,37
0.2315,1.7297297297297298,37
0.232,1.7297297297297298,37
0.2325,1.7297297297297298,37
0.233,1.7297297297297298,37
0.2335,1.7027027027027026,37
0.234,0.8,5
0.2345,1.7567567567567568,37
0.235,1.7297297297297298,37
0.2355,1.7297297297297298,37
0.236,1.7297297297297298,37
0.2365,1.7297297297297298,37
0.237,1.3333333333333333,3
0.2375,1.3333333333333333,3
0.238,0.0,0
0.2385,0.0,0
0.239,0.0,0
0.2395,0.0,0
0.24,0.0,0
0.2405,1.0,2
0.241,1.0,2
0.2415,1.0,2
0.242,1.0,2
0.2425,0.5,2
0.243,1.7567567567567568,37
0.2435,0.5,2
0.244,0.5,2
0.2445,0.5,2
0.245,0.5,2
0.2455,0.5,2
0.246,0.5,2
0.2465,0.5,2
0.247,0.5,2
0.2475,0.5,2
0.248,0.5,2
0.2485,1.0,2
0.249,0.0,0
0.2495,0.0,0
0.25,0.0,0
0.2505,0.0,0
0.251,1.0,2
0.2515,1.0,2
0.252,1.0,2
0.2525,1.0,2
0.253,1.0,2
0.2535,1.0,2
0.254,1.0,2
0.2545,1.0,2
0.255,1.0,2
0.2555,1.0,2
0.256,1.0,2
0.2565,1.0,2
0.257,1.0,2
0.2575,1.0,2
0.258,1.0,2
0.2585,1.0,2
0.259,1.0,2
0.2595,1.0,2
0.26,1.0,1
0.2605,1.0,2
0.261,1.0,2
0.2615,1.0,2
0.262,1.0,2
0.2625,1.0,2
0.263,0.5,2
0.2635,0.5,2
0.264,0.5,2
0.2645,0.5,2
0.265,0.5,2
0.2655,0.0,1
0.266,0.0,1
0.2665,0.0,1
0.267,0.0,1
0.2675,0.0,1
0.268,0.0,1
0.2685,0.0,1
0.269,0.0,1
0.2695,0.0,1
0.27,0.0,1
0.2705,0.0,1
0.271,0.0,1
0.2715,0.0,1
0.272,0.5,2
0.2725,0.5,2
0.273,0.5,2
0.2735,0.5,2
0.274,0.5,2
0.2745,0.5,2
0.275,0.5,2
0.2755,0.5,2
0.276,0.5,2
0.2765,0.5,2
0.277,0.5,2
0.2775,0.5,2
0.278,0.5,2
0.2785,0.5,2
0.279,0.5,2
0.2795,0.5,2
0.28,0.5,2
0.2805,0.5,2
0.281,0.5,2
0.2815,0.5,2
0.282,0.5,2
0.2825,0.5,2
0.283,0.5,2
0.2835,0.5,2
0.284,0.5,2
0.2845,0.5,2
0.285,0.5,2
0.2855,0.5,2
0.286,0.5,2
0.2865,1.0,3
0.287,1.0,3
0.2875,1.0,3
0.288,1.0,3
0.2885,0.0,1
0.289,0.0,1
0.2895,0.0,1
0.29,0.0,1
0.2905,0.0,1
0.291,0.0,1
0.2915,0.0,1
0.292,0.0,1
0.2925,0.0,1
0.293,0.0,1
0.2935,0.0,1
0.294,1.0,1
0.2945,1.0,1
0.295,1.0,3
0.2955,1.0,3
0.296,1.0,3
0.2965,1.0,3
0.297,1.0,3
0.2975,1.0,3
0.298,1.0,3
0.2985,1.0,3
0.299,1.0,3
0.2995,1.0,3
0.3,1.0,3
0.3005,1.0,3
0.301,1.0,3
0.3015,1.0,3
0.302,1.0,3
0.3025,1.0,3
0.303,1.0,3
0.3035,1.0,3
0.304,1.0,3
0.3045,1.0,3
0.305,1.0,3
0.3055,1.0,3
0.306,1.0,3
0.3065,1.0,3
0.307,1.0,3
0.3075,1.0,3
0.308,1.0,3
0.3085,1.0,3
0.309,1.0,3
0.3095,1.0,3
0.31,1.0,3
0.3105,1.0,3
0.311,1.0,3
0.3115,1.0,3
0.312,1.0,3
0.3125,1.0,3
0.313,1.0,3
0.3135,1.0,3
0.314,1.0,3
0.3145,1.0,3
0.315,1.0,3
0.3155,1.0,3
0.316,1.0,3
0.3165,1.0,3
0.317,1.0,3
0.3175,1.0,3
0.318,1.0,3
0.3185,1.0,3
0.319,1.0,3
0.3195,1.0,1
0.32,1.0,1
0.3205,1.0,1
0.321,1.0,1
0.3215,1.0,1
0.322,1.0,1
0.3225,1.0,1
0.323,1.0,1
0.3235,1.0,1
0.324,1.0,1
0.3245,1.0,1
0.325,1.0,1
0.3255,1.0,1
0.326,0.0,1
0.3265,0.0,1
0.327,0.0,1
0.3275,0.0,1
0.328,0.0,1
0.3285,0.0,1
0.329,0.0,1
0.3295,0.6666666666666666,3
0.33,1.7105263157894737,38
0.3305,1.7105263157894737,38
0.331,1.7105263157894737,38
0.3315,1.7105263157894737,38
0.332,1.7105263157894737,38
0.3325,1.736842105263158,38
0.333,0.6666666666666666,3
0.3335,1.736842105263158,38
0.334,1.736842105263158,38
0.3345,1.736842105263158,38
0.335,1.736842105263158,38
0.3355,1.736842105263158,38
0.336,1.736842105263158,38
0.3365,1.736842105263158,38
0.337,1.0,3
0.3375,1.0,3
0.338,1.0,3
0.3385,1.0,3
0.339,1.0,3
0.3395,1.0,3
0.34,1.736842105263158,38
0.3405,1.7105263157894737,38
0.341,1.7105263157894737,38
0.3415,1.0,3
0.342,1.0,3
0.3425,1.7105263157894737,38
0.343,1.7105263157894737,38
0.3435,1.736842105263158,38
0.344,1.736842105263158,38
0.3445,1.736842105263158,38
0.345,1.7105263157894737,38
0.3455,1.7105263157894737,38
0.346,1.7105263157894737,38
0.3465,1.7105263157894737,38
0.347,1.7105263157894737,38
0.3475,0.6666666666666666,3
0.348,0.6666666666666666,3
0.3485,0.6666666666666666,3
0.349,0.5,2
0.3495,0.5,2
0.35,1.736842105263158,38
0.3505,1.763157894736842,38
0.351,1.763157894736842,38
0.3515,0.5,2
0.352,0.5,2
0.3525,0.5,2
0.353,0.5,2
0.3535,0.5,2
0.354,0.5,2
0.3545,0.5,2
0.355,0.5,2
0.3555,0.5,2
0.356,0.5,2
0.3565,0.5,2
0.357,1.0,2
0.3575,1.0,2
0.358,1.0,2
0.3585,1.0,2
0.359,1.0,2
0.3595,1.0,2
0.36,1.0,2
0.3605,1.0,2
0.361,1.0,2
0.3615,1.0,2
0.362,1.0,2
0.3625,1.0,2
0.363,1.0,2
0.3635,1.0,2
0.364,1.0,2
0.3645,1.0,2
0.365,1.0,2
0.3655,0.5,2
0.366,0.5,2
0.3665,0.0,0
0.367,0.0,0
0.3675,1.8108108108108107,37
0.368,1.8108108108108107,37
0.3685,1.8108108108108107,37
0.369,1.7837837837837838,37
0.3695,1.7567567567567568,37
0.37,1.7567567567567568,37
0.3705,0.0,0
0.371,0.0,0
0.3715,0.0,0
0.372,0.0,0
0.3725,0.0,0
0.373,0.0,1
0.3735,0.0,1
0.374,1.0,1
0.3745,1.0,1
0.375,1.0,1
0.3755,1.0,1
0.376,1.0,1
0.3765,1.0,1
0.377,1.0,1
0.3775,1.0,1
0.378,1.0,1
0.3785,1.0,1
0.379,1.0,1
0.3795,1.0,1
0.38,1.0,1
0.3805,1.0,1
0.381,1.0,1
0.3815,1.0,1
0.382,1.0,1
0.3825,1.0,1
0.383,1.0,1
0.3835,1.0,1
0.384,1.0,1
0.3845,1.0,1
0.385,0.0,1
0.3855,0.0,0
0.386,0.0,0
0.3865,0.0,0
0.387,0.0,0
0.3875,0.0,0
0.388,0.0,0
0.3885,1.7435897435897436,39
0.389,1.7435897435897436,39
0.3895,1.7435897435897436,39
0.39,1.7435897435897436,39
0.3905,0.0,0
0.391,0.0,0
0.3915,0.0,0
0.392,0.0,0
0.3925,0.0,0
0.393,0.0,0
0.3935,0.0,0
0.394,0.0,0
0.3945,0.0,1
0.395,0.0,0
0.3955,0.0,0
0.396,0.0,0
0.3965,0.0,0
0.397,0.0,0
0.3975,0.0,0
0.398,0.0,0
0.3985,1.6923076923076923,39
0.399,1.6923076923076923,39
0.3995,0.0,0
0.4,0.0,0
0.4005,0.0,0
0.401,0.0,0
0.4015,0.0,0
0.402,0.0,0
0.4025,0.0,0
0.403,0.0,0
0.4035,0.0,0
0.404,0.0,0
0.4045,0.0,0
0.405,0.0,0
0.4055,0.0,0
0.406,0.0,0
0.4065,0.0,0
0.407,0.0,0
0.4075,1.736842105263158,38
0.408,1.7105263157894737,38
0.4085,1.6842105263157894,38
0.409,1.6842105263157894,38
0.4095,1.6842105263157894,38
0.41,1.6842105263157894,38
0.4105,0.0,0
0.411,0.0,0
0.4115,0.0,0
0.412,0.0,0
0.4125,0.0,0
0.413,0.0,0
0.4135,0.0,0
0.414,0.0,0
0.4145,0.0,0
0.415,0.0,0
0.4155,0.0,0
0.416,0.0,0
0.4165,0.0,0
0.417,0.0,0
0.4175,0.0,0
0.418,0.0,0
0.4185,0.0,0
0.419,0.0,0
0.4195,0.0,0
0.42,0.0,0
0.4205,0.0,0
0.421,0.0,0
0.4215,0.0,0
0.422,0.0,0
0.4225,0.0,0
0.423,0.0,0
0.4235,0.0,0
0.424,0.0,0
0.4245,0.0,0
0.425,0.0,0
0.4255,0.0,0
0.426,0.0,0
0.4265,0.0,0
0.427,0.0,0
0.4275,0.0,0
0.428,0.0,0
0.4285,0.0,0
0.429,0.0,0
0.4295,0.0,0
0.43,0.0,0
0.4305,1.7105263157894737,38
0.431,1.7105263157894737,38
0.4315,0.0,0
0.432,0.0,0
0.4325,0.0,0
0.433,0.0,0
0.4335,0.0,0
0.434,0.0,0
0.4345,0.0,0
0.435,0.0,0
0.4355,0.0,0
0.436,0.0,0
0.4365,0.0,0
0.437,0.0,0
0.4375,0.0,0
0.438,0.0,0
0.4385,0.0,0
0.439,0.0,0
0.4395,0.0,0
0.44,0.0,0
0.4405,0.0,0
0.441,0.0,0
0.4415,0.0,0
0.442,0.0,0
0.4425,0.0,0
0.443,0.0,0
0.4435,0.0,0
0.444,0.0,0
0.4445,0.0,0
0.445,0.0,0
0.4455,0.0,0
0.446,0.0,0
0.4465,0.0,0
0.447,0.0,0
0.4475,0.0,0
0.448,0.0,0
0.4485,0.0,0
0.449,0.0,0
0.4495,0.0,0
0.45,0.0,0
0.4505,0.0,0
0.451,0.0,0
0.4515,0.0,0
0.452,0.0,0
0.4525,0.0,0
0.453,0.0,0
0.4535,0.0,0
0.454,0.0,0
0.4545,0.0,0
0.455,0.0,0
0.4555,0.0,0
0.456,0.0,0
0.4565,0.0,0
0.457,0.0,0
0.4575,0.0,0
0.458,0.0,0
0.4585,0.0,0
0.459,0.0,0
0.4595,0.0,0
0.46,0.0,0
0.4605,0.0,0
0.461,0.0,0
0.4615,0.0,0
0.462,0.0,0
0.4625,0.0,0
0.463,0.0,0
0.4635,0.0,0
0.464,0.0,0
0.4645,0.0,0
0.465,0.0,0
0.4655,0.0,0
0.466,0.0,0
0.4665,0.0,0
0.467,1.725,40
0.4675,1.725,40
0.468,1.725,40
0.4685,1.725,40
0.469,1.75,40
0.4695,1.725,40
0.47,1.725,40
0.4705,1.75,40
0.471,1.725,40
0.4715,1.725,40
0.472,0.0,0
0.4725,0.0,0
0.473,0.0,0
0.4735,0.0,0
0.474,0.0,0
0.4745,0.0,0
0.475,0.0,0
0.4755,0.0,0
0.476,0.0,0
0.4765,0.0,0
0.477,0.0,0
0.4775,0.0,0
0.478,0.0,0
0.4785,0.0,0
0.479,0.0,0
0.4795,0.0,0
0.48,0.0,0
0.4805,0.0,0
0.481,0.0,0
0.4815,0.0,0
0.482,0.0,0
0.4825,0.0,0
0.483,0.0,0
0.4835,0.0,0
0.484,0.0,0
0.4845,0.0,0
0.485,0.0,0
0.4855,0.0,0
0.486,1.7317073170731707,41
0.4865,1.7317073170731707,41
0.487,0.0,0
0.4875,0.0,0
0.488,0.0,0
0.4885,0.0,0
0.489,0.0,0
0.4895,0.0,0
0.49,0.0,0
0.4905,0.0,0
0.491,0.0,0
0.4915,0.0,0
0.492,0.0,0
0.4925,0.0,0
0.493,0.0,0
0.4935,0.0,0
0.494,0.0,0
0.4945,0.0,0
0.495,0.0,0
0.4955,0.0,0
0.496,0.0,0
0.4965,0.0,0
0.497,0.0,0
0.4975,0.0,0
0.498,0.0,0
0.4985,0.0,0
0.499,0.0,0
0.4995,0.0,0
0.5,0.0,0
0.5005,0.0,0
0.501,0.0,0
0.5015,1.763157894736842,38
0.502,1.763157894736842,38
0.5025,0.0,0
0.503,1.7894736842105263,38
0.5035,1.7894736842105263,38
0.504,1.7894736842105263,38
0.5045,0.0,0
0.505,0.0,0
0.5055,0.0,0
0.506,1.8157894736842106,38
0.5065,0.0,0
0.507,0.0,0
0.5075,0.0,0
0.508,0.0,0
0.5085,0.0,0
0.509,0.0,0
0.5095,0.0,0
0.51,0.0,0
0.5105,0.0,0
0.511,0.0,0
0.5115,0.0,0
0.512,0.0,0
0.5125,0.0,0
0.513,0.0,0
0.5135,0.0,0
0.514,0.0,0
0.5145,0.0,0
0.515,0.0,0
0.5155,0.0,0
0.516,0.0,0
0.5165,0.0,0
0.517,0.0,0
0.5175,0.0,0
0.518,0.0,0
0.5185,0.0,0
0.519,0.0,0
0.5195,0.0,0
0.52,0.0,0
0.5205,0.0,0
0.521,0.0,0
0.5215,0.0,0
0.522,0.0,0
0.5225,0.0,0
0.523,0.0,0
0.5235,0.0,0
0.524,0.0,0
0.5245,0.0,0
0.525,0.0,0
0.5255,0.0,0
0.526,0.0,0
0.5265,0.0,0
0.527,0.0,0
0.5275,0.0,0
0.528,0.0,0
0.5285,0.0,0
0.529,0.0,0
0.5295,0.0,0
0.53,0.0,0
0.5305,0.0,0
0.531,0.0,0
0.5315,0.0,0
0.532,0.0,0
0.5325,0.0,0
0.533,0.0,0
0.5335,0.0,0
0.534,0.0,0
0.5345,0.0,0
0.535,0.0,0
0.5355,0.0,0
0.536,0.0,0
0.5365,0.0,0
0.537,0.0,0
0.5375,0.0,0
0.538,1.7894736842105263,38
0.5385,1.763157894736842,38
0.539,1.763157894736842,38
0.5395,1.763157894736842,38
0.54,0.0,0
0.5405,0.0,0
0.541,0.0,0
0.5415,0.0,0
0.542,0.0,0
0.5425,0.0,0
0.543,0.0,0
0.5435,0.0,0
0.544,0.0,0
0.5445,0.0,0
0.545,0.0,0
0.5455,0.0,0
0.546,0.0,0
0.5465,0.0,0
0.547,0.0,0
0.5475,0.0,0
0.548,0.0,0
0.5485,0.0,0
0.549,0.0,0
0.5495,0.0,0
0.55,0.0,0
0.5505,0.0,0
0.551,0.0,0
0.5515,0.0,0
0.552,0.0,0
0.5525,0.0,0
0.553,0.0,0
0.5535,0.0,0
0.554,0.0,0
0.5545,0.0,0
0.555,0.0,0
0.5555,0.0,0
0.556,0.0,0
0.5565,0.0,0
0.557,0.0,0
0.5575,0.0,0
0.558,0.0,0
0.5585,0.0,0
0.559,0.0,0
0.5595,0.0,0
0.56,0.0,0
0.5605,0.0,0
0.561,0.0,0
0.5615,0.0,0
0.562,0.0,0
0.5625,0.0,0
0.563,0.0,0
0.5635,0.0,0
0.564,0.0,0
0.5645,0.0,0
0.565,0.0,0
0.5655,0.0,0
0.566,1.763157894736842,38
0.5665,1.7567567567567568,37
0.567,0.0,0
0.5675,0.0,0
0.568,0.0,0
0.5685,0.0,0
0.569,0.0,0
0.5695,0.0,0
0.57,0.0,0
0.5705,0.0,0
0.571,0.0,0
0.5715,0.0,0
0.572,0.0,0
0.5725,0.0,0
0.573,0.0,0
0.5735,0.0,0
0.574,0.0,0
0.5745,0.0,0
0.575,0.0,0
0.5755,0.0,0
0.576,0.0,0
0.5765,0.0,0
0.577,0.0,0
0.5775,0.0,0
0.578,0.0,0
0.5785,0.0,0
0.579,0.0,0
0.5795,0.0,0
0.58,0.0,0
0.5805,0.0,0
0.581,0.0,0
0.5815,0.0,0
0.582,0.0,0
0.5825,0.0,0
0.583,0.0,0
0.5835,0.0,0
0.584,0.0,0
0.5845,0.0,0
0.585,0.0,0
0.5855,0.0,0
0.586,0.0,0
0.5865,0.0,0
0.587,0.0,0
0.5875,0.0,0
0.588,0.0,0
0.5885,1.763157894736842,38
0.589,1.763157894736842,38
0.5895,1.763157894736842,38
0.59,1.736842105263158,38
0.5905,1.736842105263158,38
0.591,0.0,0
0.5915,0.0,0
0.592,0.0,0
0.5925,1.7105263157894737,38
0.593,1.736842105263158,38
0.5935,1.736842105263158,38
0.594,1.7179487179487178,39
0.5945,1.6923076923076923,39
0.595,1.6923076923076923,39
0.5955,0.0,0
0.596,0.0,0
0.5965,0.0,0
0.597,0.0,0
0.5975,0.0,0
0.598,0.0,0
0.5985,1.7,40
0.599,1.6923076923076923,39
0.5995,1.6923076923076923,39
0.6,0.0,0
0.6005,0.0,0
0.601,0.0,0
0.6015,0.0,0
0.602,0.0,0
0.6025,0.0,0
0.603,0.0,0
0.6035,0.0,0
0.604,0.0,0
0.6045,1.736842105263158,38
0.605,1.736842105263158,38
0.6055,0.0,0
0.606,0.0,0
0.6065,1.7105263157894737,38
0.607,1.7105263157894737,38
0.6075,1.7105263157894737,38
0.608,1.7105263157894737,38
0.6085,1.7692307692307692,39
0.609,0.0,0
0.6095,0.0,0
0.61,0.0,0
0.6105,0.0,0
0.611,0.0,0
0.6115,0.0,0
0.612,1.8205128205128205,39
0.6125,0.0,0
0.613,1.8205128205128205,39
0.6135,1.794871794871795,39
0.614,0.0,0
0.6145,0.0,0
0.615,0.0,0
0.6155,0.0,0
0.616,0.0,0
0.6165,1.794871794871795,39
0.617,0.0,0
0.6175,0.0,0
0.618,0.0,0
0.6185,1.7692307692307692,39
0.619,1.7692307692307692,39
0.6195,0.0,0
0.62,1.7435897435897436,39
0.6205,1.7435897435897436,39
0.621,1.7435897435897436,39
0.6215,1.7435897435897436,39
0.622,0.0,0
0.6225,0.0,0
0.623,0.0,0
0.6235,1.7435897435897436,39
0.624,0.0,0
0.6245,1.7435897435897436,39
0.625,0.0,0
0.6255,0.0,0
0.626,0.0,0
0.6265,0.0,0
0.627,0.0,0
0.6275,0.0,0
0.628,0.0,0
0.6285,0.0,0
0.629,0.0,0
0.6295,0.0,0
0.63,0.0,0
0.6305,0.0,0
0.631,0.0,0
0.6315,0.0,0
0.632,0.0,0
0.6325,0.0,0
0.633,1.8461538461538463,39
0.6335,0.0,0
0.634,0.0,0
0.6345,0.0,0
0.635,1.794871794871795,39
0.6355,1.8205128205128205,39
0.636,1.8461538461538463,39
0.6365,1.8461538461538463,39
0.637,1.825,40
0.6375,1.825,40
0.638,1.825,40
0.6385,1.825,40
0.639,1.825,40
0.6395,0.0,0
0.64,1.825,40
0.6405,1.8048780487804879,41
0.641,1.8048780487804879,41
0.6415,1.825,40
0.642,0.0,0
0.6425,0.0,0
0.643,0.0,0
0.6435,0.0,0
0.644,0.0,0
0.6445,1.794871794871795,39
0.645,0.0,0
0.6455,0.0,0
0.646,0.0,0
0.6465,1.794871794871795,39
0.647,0.0,0
0.6475,0.0,0
0.648,0.0,0
0.6485,0.0,0
0.649,0.0,0
0.6495,0.0,0
0.65,0.0,0
0.6505,0.0,0
0.651,0.0,0
0.6515,0.0,0
0.652,0.0,0
0.6525,0.0,0
0.653,0.0,0
0.6535,0.0,0
0.654,0.0,0
0.6545,0.0,0
0.655,0.0,0
0.6555,0.0,0
0.656,0.0,0
0.6565,0.0,0
0.657,0.0,0
0.6575,0.0,0
0.658,0.0,0
0.6585,0.0,0
0.659,0.0,0
0.6595,0.0,0
0.66,0.0,0
0.6605,1.794871794871795,39
0.661,0.0,0
0.6615,0.0,0
0.662,1.794871794871795,39
0.6625,1.794871794871795,39
0.663,0.0,0
0.6635,0.0,0
0.664,0.0,0
0.6645,0.0,0
0.665,0.0,0
0.6655,0.0,0
0.666,0.0,0
0.6665,0.0,0
0.667,0.0,0
0.6675,0.0,0
0.668,0.0,0
0.6685,0.0,0
0.669,0.0,0
0.6695,0.0,0
0.67,1.7692307692307692,39
0.6705,0.0,0
0.671,0.0,0
0.6715,1.7692307692307692,39
0.672,1.7692307692307692,39
0.6725,1.794871794871795,39
0.673,1.794871794871795,39
0.6735,1.794871794871795,39
0.674,1.794871794871795,39
0.6745,1.794871794871795,39
0.675,1.794871794871795,39
0.6755,1.794871794871795,39
0.676,1.794871794871795,39
0.6765,0.0,0
0.677,0.0,0
0.6775,0.0,0
0.678,0.0,0
0.6785,0.0,0
0.679,0.0,0
0.6795,0.0,0
0.68,0.0,0
0.6805,1.7692307692307692,39
0.681,1.7692307692307692,39
0.6815,0.0,0
0.682,0.0,0
0.6825,0.0,0
0.683,0.0,0
0.6835,0.0,0
0.684,0.0,0
0.6845,0.0,0
0.685,0.0,0
0.6855,0.0,0
0.686,0.0,0
0.6865,0.0,0
0.687,0.0,0
0.6875,0.0,0
0.688,1.794871794871795,39
0.6885,1.794871794871795,39
0.689,1.794871794871795,39
0.6895,1.794871794871795,39
0.69,1.8205128205128205,39
0.6905,1.8205128205128205,39
0.691,1.8205128205128205,39
0.6915,1.8205128205128205,39
0.692,1.8205128205128205,39
0.6925,1.8205128205128205,39
0.693,1.8205128205128205,39
0.6935,1.8205128205128205,39
0.694,1.8461538461538463,39
0.6945,1.8461538461538463,39
0.695,1.8205128205128205,39
0.6955,1.8205128205128205,39
0.696,1.8205128205128205,39
0.6965,1.8205128205128205,39
0.697,1.8205128205128205,39
0.6975,1.8205128205128205,39
0.698,1.8205128205128205,39
0.6985,1.8205128205128205,39
0.699,1.8205128205128205,39
0.6995,1.8205128205128205,39
0.7,1.8461538461538463,39
0.7005,1.8461538461538463,39
0.701,1.8461538461538463,39
0.7015,1.8461538461538463,39
0.702,1.0,1
0.7025,1.0,1
0.703,1.0,1
0.7035,1.0,1
0.704,1.0,1
0.7045,1.0,1
0.705,1.0,1
0.7055,1.0,1
0.706,1.0,1
0.7065,1.0,1
0.707,1.0,1
0.7075,1.0,1
0.708,1.0,1
0.7085,0.0,0
0.709,0.0,0
0.7095,0.0,0
0.71,0.0,0
0.7105,0.0,0
0.711,0.0,0
0.7115,0.0,0
0.712,0.0,0
0.7125,0.0,0
0.713,0.0,0
0.7135,0.0,0
0.714,0.0,0
0.7145,0.0,0
0.715,0.0,0
0.7155,0.0,0
0.716,0.0,0
0.7165,0.0,0
0.717,0.0,0
0.7175,0.0,0
0.718,0.0,0
0.7185,0.0,0
0.719,0.0,0
0.7195,0.0,0
0.72,0.0,0
0.7205,0.0,0
0.721,0.0,0
0.7215,0.0,0
0.722,0.0,0
0.7225,0.0,0
0.723,0.0,0
0.7235,0.0,0
0.724,0.0,0
0.7245,0.0,0
0.725,0.0,0
0.7255,0.0,0
0.726,0.0,0
0.7265,0.0,0
0.727,0.0,0
0.7275,0.0,0
0.728,0.0,0
0.7285,0.0,0
0.729,0.0,0
0.7295,0.0,0
0.73,0.0,0
0.7305,0.0,0
0.731,0.0,0
0.7315,0.0,0
0.732,0.0,0
0.7325,0.0,0
0.733,0.0,0
0.7335,0.0,0
0.734,0.0,0
0.7345,0.0,0
0.735,1.763157894736842,38
0.7355,1.763157894736842,38
0.736,0.0,0
0.7365,0.0,0
0.737,0.0,0
0.7375,0.0,0
0.738,0.0,0
0.7385,0.0,0
0.739,0.0,0
0.7395,0.0,0
0.74,0.0,0
0.7405,0.0,0
0.741,0.0,0
0.7415,0.0,0
0.742,0.0,0
0.7425,0.0,0
0.743,0.0,0
0.7435,0.0,0
0.744,0.0,0
0.7445,0.0,0
0.745,0.0,0
0.7455,0.0,0
0.746,0.0,0
0.7465,0.0,0
0.747,0.0,0
0.7475,0.0,0
0.748,0.0,0
0.7485,0.0,0
0.749,0.0,0
0.7495,0.0,0
0.75,0.0,0
0.7505,0.0,0
0.751,0.0,0
0.7515,0.0,0
0.752,0.0,0
0.7525,0.0,0
0.753,0.0,0
0.7535,0.0,0
0.754,0.0,0
0.7545,0.0,0
0.755,0.0,0
0.7555,0.0,0
0.756,0.0,0
0.7565,0.0,0
0.757,0.0,0
0.7575,0.0,0
0.758,0.0,0
0.7585,0.0,0
0.759,0.0,0
0.7595,0.0,0
0.76,1.8918918918918919,37
0.7605,1.0,1
0.761,1.0,1
0.7615,1.0,1
0.762,1.9189189189189189,37
0.7625,1.0,1
0.763,1.0,1
0.7635,1.0,1
0.764,1.0,1
0.7645,1.0,1
0.765,1.864864864864865,37
0.7655,1.864864864864865,37
0.766,1.864864864864865,37
0.7665,1.864864864864865,37
0.767,1.837837837837838,37
0.7675,1.837837837837838,37
0.768,1.837837837837838,37
0.7685,1.837837837837838,37
0.769,1.0,1
0.7695,1.0,1
0.77,1.85,40
0.7705,1.825,40
0.771,1.825,40
0.7715,1.825,40
0.772,1.825,40
0.7725,1.825,40
0.773,1.825,40
0.7735,1.85,40
0.774,1.85,40
0.7745,1.85,40
0.775,1.85,40
0.7755,1.825,40
0.776,1.0,1
0.7765,1.85,40
0.777,1.85,40
0.7775,1.85,40
0.778,1.0,1
0.7785,1.85,40
0.779,1.0,1
0.7795,1.0,1
0.78,1.0,1
0.7805,1.85,40
0.781,1.85,40
0.7815,1.85,40
0.782,1.85,40
0.7825,1.85,40
0.783,1.85,40
0.7835,1.85,40
0.784,1.85,40
0.7845,1.85,40
0.785,1.85,40
0.7855,1.85,40
0.786,1.875,40
0.7865,1.875,40
0.787,1.875,40
0.7875,1.8974358974358974,39
0.788,1.8974358974358974,39
0.7885,1.8974358974358974,39
0.789,1.8974358974358974,39
0.7895,1.9230769230769231,39
0.79,1.9230769230769231,39
0.7905,1.9230769230769231,39
0.791,1.9487179487179487,39
0.7915,1.9487179487179487,39
0.792,1.9230769230769231,39
0.7925,1.9230769230769231,39
0.793,1.9230769230769231,39
0.7935,1.9230769230769231,39
0.794,1.9230769230769231,39
0.7945,1.9230769230769231,39
0.795,0.0,0
0.7955,0.0,0
0.796,0.0,0
0.7965,1.8717948717948718,39
0.797,1.8717948717948718,39
0.7975,1.8717948717948718,39
0.798,1.8717948717948718,39
0.7985,1.8717948717948718,39
0.799,1.8717948717948718,39
0.7995,1.8717948717948718,39
0.8,1.8717948717948718,39
0.8005,0.0,0
0.801,0.0,0
0.8015,0.0,0
0.802,0.0,0
0.8025,0.0,0
0.803,0.0,0
0.8035,0.0,0
0.804,0.0,0
0.8045,0.0,0
0.805,0.0,0
0.8055,0.0,0
0.806,0.0,0
0.8065,0.0,0
0.807,0.0,0
0.8075,0.0,0
0.808,0.0,0
0.8085,0.0,0
0.809,1.85,40
0.8095,0.0,0
0.81,0.0,0
0.8105,0.0,0
0.811,1.825,40
0.8115,0.0,0
0.812,0.0,0
0.8125,0.0,0
0.813,0.0,0
0.8135,0.0,0
0.814,0.0,0
0.8145,0.0,0
0.815,0.0,0
0.8155,0.0,0
0.816,0.0,0
0.8165,0.0,0
0.817,1.825,40
0.8175,1.825,40
0.818,0.0,0
0.8185,0.0,0
0.819,1.825,40
0.8195,1.825,40
0.82,1.8,40
0.8205,1.775,40
0.821,1.775,40
0.8215,1.775,40
0.822,1.775,40
0.8225,1.775,40
0.823,1.8,40
0.8235,1.775,40
0.824,1.775,40
0.8245,1.775,40
0.825,1.75,40
0.8255,1.75,40
0.826,1.75,40
0.8265,1.75,40
0.827,1.75,40
0.8275,1.775,40
0.828,0.0,0
0.8285,0.0,0
0.829,0.0,0
0.8295,0.0,0
0.83,0.0,0
0.8305,0.0,0
0.831,0.0,0
0.8315,0.0,0
0.832,0.0,0
0.8325,1.75,40
0.833,1.75,40
0.8335,1.775,40
0.834,1.7560975609756098,41
0.8345,1.7619047619047619,42
0.835,1.7619047619047619,42
0.8355,1.7619047619047619,42
0.836,1.7619047619047619,42
0.8365,1.7619047619047619,42
0.837,1.7619047619047619,42
0.8375,1.7619047619047619,42
0.838,1.7619047619047619,42
0.8385,0.0,0
0.839,0.0,0
0.8395,0.0,0
0.84,0.0,0
0.8405,1.7804878048780488,41
0.841,1.7804878048780488,41
0.8415,1.7560975609756098,41
0.842,1.7560975609756098,41
0.8425,1.7560975609756098,41
0.843,1.7560975609756098,41
0.8435,1.8048780487804879,41
0.844,1.8048780487804879,41
0.8445,1.8048780487804879,41
0.845,1.8048780487804879,41
0.8455,1.8048780487804879,41
0.846,1.829268292682927,41
0.8465,1.829268292682927,41
0.847,1.829268292682927,41
0.8475,1.829268292682927,41
0.848,1.8095238095238095,42
0.8485,1.7857142857142858,42
0.849,1.7857142857142858,42
0.8495,1.7857142857142858,42
0.85,1.7857142857142858,42
0.8505,1.7857142857142858,42
0.851,1.7857142857142858,42
0.8515,1.7857142857142858,42
0.852,1.7857142857142858,42
0.8525,1.7857142857142858,42
0.853,1.7857142857142858,42
0.8535,1.7857142857142858,42
0.854,1.7857142857142858,42
0.8545,1.7857142857142858,42
0.855,1.7857142857142858,42
0.8555,1.7857142857142858,42
0.856,1.7857142857142858,42
0.8565,1.7857142857142858,42
0.857,1.7857142857142858,42
0.8575,1.7857142857142858,42
0.858,1.8048780487804879,41
0.8585,1.8048780487804879,41
0.859,1.8048780487804879,41
0.8595,1.7804878048780488,41
0.86,1.7560975609756098,41
0.8605,1.775,40
0.861,1.775,40
0.8615,1.8,40
0.862,1.8,40
0.8625,1.8,40
0.863,1.8,40
0.8635,1.8,40
0.864,1.825,40
0.8645,1.825,40
0.865,1.825,40
0.8655,1.825,40
0.866,1.825,40
0.8665,1.825,40
0.867,1.825,40
0.8675,1.8,40
0.868,1.8,40
0.8685,1.8,40
0.869,1.8,40
0.8695,1.8,40
0.87,1.8,40
0.8705,1.8,40
0.871,1.794871794871795,39
0.8715,1.794871794871795,39
0.872,1.794871794871795,39
0.8725,1.794871794871795,39
0.873,1.794871794871795,39
0.8735,1.794871794871795,39
0.874,1.794871794871795,39
0.8745,1.7692307692307692,39
0.875,1.7692307692307692,39
0.8755,1.7692307692307692,39
0.876,1.7692307692307692,39
0.8765,0.0,0
0.877,0.0,0
0.8775,0.0,0
0.878,0.0,0
0.8785,0.0,0
0.879,0.0,0
0.8795,0.0,0
0.88,0.0,0
0.8805,0.0,0
0.881,0.0,0
0.8815,0.0,0
0.882,0.0,0
0.8825,0.0,0
0.883,0.0,0
0.8835,0.0,0
0.884,1.7692307692307692,39
0.8845,1.7692307692307692,39
0.885,0.0,0
0.8855,0.0,0
0.886,0.0,0
0.8865,0.0,0
0.887,1.8,40
0.8875,1.8,40
0.888,0.0,0
0.8885,1.8,40
0.889,0.0,0
0.8895,0.0,0
0.89,1.8,40
0.8905,1.8,40
0.891,1.8,40
0.8915,1.8,40
0.892,1.775,40
0.8925,1.775,40
0.893,1.775,40
0.8935,1.775,40
0.894,1.775,40
0.8945,1.775,40
0.895,1.775,40
0.8955,1.75,40
0.896,1.75,40
0.8965,1.75,40
0.897,1.75,40
0.8975,0.0,0
0.898,0.0,0
0.8985,0.0,0
0.899,0.0,0
0.8995,1.75,40
0.9,1.75,40
0.9005,0.0,0
0.901,0.0,0
0.9015,0.0,0
0.902,0.0,0
0.9025,0.0,0
0.903,0.0,0
0.9035,0.0,0
0.904,0.0,0
0.9045,0.0,0
0.905,0.0,0
0.9055,1.7804878048780488,41
0.906,1.7804878048780488,41
0.9065,1.7804878048780488,41
0.907,0.0,0
0.9075,1.8048780487804879,41
0.908,1.8048780487804879,41
0.9085,1.8048780487804879,41
0.909,1.8048780487804879,41
0.9095,1.8048780487804879,41
0.91,1.8048780487804879,41
0.9105,1.7804878048780488,41
0.911,1.7804878048780488,41
0.9115,1.7804878048780488,41
0.912,0.0,0
0.9125,0.0,0
0.913,0.0,0
0.9135,0.0,0
0.914,0.0,0
0.9145,0.0,0
0.915,0.0,0
0.9155,0.0,0
0.916,0.0,0
0.9165,0.0,0
0.917,0.0,0
0.9175,0.0,0
0.918,0.0,0
0.9185,1.7804878048780488,41
0.919,1.7804878048780488,41
0.9195,1.7560975609756098,41
0.92,1.7560975609756098,41
0.9205,1.7560975609756098,41
0.921,1.7560975609756098,41
0.9215,1.8048780487804879,41
0.922,1.8048780487804879,41
0.9225,1.8048780487804879,41
0.923,1.853658536585366,41
0.9235,1.853658536585366,41
0.924,1.875,40
0.9245,1.875,40
0.925,1.875,40
0.9255,1.875,40
0.926,1.875,40
0.9265,1.875,40
0.927,1.875,40
0.9275,1.875,40
0.928,0.0,0
0.9285,0.0,0
0.929,0.0,0
0.9295,0.0,0
0.93,0.0,0
0.9305,0.0,0
0.931,0.0,0
0.9315,0.0,0
0.932,0.0,0
0.9325,0.0,0
0.933,0.0,0
0.9335,0.0,0
0.934,0.0,0
0.9345,0.0,0
0.935,1.8205128205128205,39
0.9355,1.8205128205128205,39
0.936,1.7894736842105263,38
0.9365,1.763157894736842,38
0.937,1.763157894736842,38
0.9375,1.763157894736842,38
0.938,1.763157894736842,38
0.9385,1.763157894736842,38
0.939,1.763157894736842,38
0.9395,1.763157894736842,38
0.94,1.763157894736842,38
0.9405,1.763157894736842,38
0.941,1.763157894736842,38
0.9415,1.7894736842105263,38
0.942,1.7894736842105263,38
0.9425,1.7894736842105263,38
0.943,1.7894736842105263,38
0.9435,1.7894736842105263,38
0.944,1.7894736842105263,38
0.9445,1.7894736842105263,38
0.945,1.7894736842105263,38
0.9455,1.8157894736842106,38
0.946,1.8157894736842106,38
0.9465,1.8157894736842106,38
0.947,1.8157894736842106,38
0.9475,1.8157894736842106,38
0.948,1.8157894736842106,38
0.9485,1.8157894736842106,38
0.949,1.8157894736842106,38
0.9495,1.8157894736842106,38
0.95,1.8157894736842106,38
0.9505,1.8157894736842106,38
0.951,1.8157894736842106,38
0.9515,1.8157894736842106,38
0.952,1.7894736842105263,38
0.9525,1.7894736842105263,38
0.953,1.7894736842105263,38
0.9535,1.7894736842105263,38
0.954,1.7894736842105263,38
0.9545,1.7894736842105263,38
0.955,1.7894736842105263,38
0.9555,1.7894736842105263,38
0.956,1.8157894736842106,38
0.9565,1.8157894736842106,38
0.957,1.8157894736842106,38
0.9575,1.8157894736842106,38
0.958,1.8157894736842106,38
0.9585,1.8157894736842106,38
0.959,1.8157894736842106,38
0.9595,1.8157894736842106,38
0.96,1.8157894736842106,38
0.9605,1.8157894736842106,38
0.961,1.8157894736842106,38
0.9615,1.8157894736842106,38
0.962,1.8157894736842106,38
0.9625,1.8461538461538463,39
0.963,1.8461538461538463,39
0.9635,1.8461538461538463,39
0.964,1.8461538461538463,39
0.9645,1.8461538461538463,39
0.965,1.8461538461538463,39
0.9655,1.8461538461538463,39
0.966,1.8461538461538463,39
0.9665,1.8205128205128205,39
0.967,1.8205128205128205,39
0.9675,1.8205128205128205,39
0.968,1.8205128205128205,39
0.9685,1.8205128205128205,39
0.969,1.794871794871795,39
0.9695,1.794871794871795,39
0.97,1.794871794871795,39
0.9705,1.736842105263158,38
0.971,1.736842105263158,38
0.9715,1.7105263157894737,38
0.972,1.736842105263158,38
0.9725,1.736842105263158,38
0.973,1.736842105263158,38
0.9735,1.7105263157894737,38
0.974,1.736842105263158,38
0.9745,1.763157894736842,38
0.975,1.763157894736842,38
0.9755,1.7894736842105263,38
0.976,1.7894736842105263,38
0.9765,1.7894736842105263,38
0.977,1.8157894736842106,38
0.9775,1.8157894736842106,38
0.978,1.8157894736842106,38
0.9785,1.8717948717948718,39
0.979,1.8717948717948718,39
0.9795,1.8461538461538463,39
0.98,1.8461538461538463,39
0.9805,1.8461538461538463,39
0.981,1.8461538461538463,39
0.9815,1.8461538461538463,39
0.982,1.8461538461538463,39
0.9825,1.8461538461538463,39
0.983,1.8461538461538463,39
0.9835,1.8461538461538463,39
0.984,1.8461538461538463,39
0.9845,1.8461538461538463,39
0.985,1.8461538461538463,39
0.9855,1.8421052631578947,38
0.986,1.8421052631578947,38
0.9865,1.8421052631578947,38
0.987,1.8157894736842106,38
0.9875,1.8157894736842106,38
0.988,1.8157894736842106,38
0.9885,1.8421052631578947,38
0.989,1.8421052631578947,38
0.9895,1.8421052631578947,38
0.99,1.8421052631578947,38
0.9905,1.8157894736842106,38
0.991,1.8157894736842106,38
0.9915,1.85,40
0.992,1.875,40
0.9925,1.875,40
0.993,0.0,0
0.9935,0.0,0
0.994,1.8974358974358974,39
0.9945,1.9230769230769231,39
0.995,1.9230769230769231,39
0.9955,1.9230769230769231,39
0.996,1.9230769230769231,39
0.9965,0.0,0
0.997,0.0,0
0.9975,0.0,0
0.998,1.9,40
0.9985,1.9,40
0.999,1.9,40
0.9995,1.875,40
1.0,1.8421052631578947,38
1.0005,1.8421052631578947,38
1.001,1.8421052631578947,38
1.0015,1.8421052631578947,38
1.002,1.8421052631578947,38
1.0025,1.8157894736842106,38
1.003,1.8157894736842106,38
1.0035,1.8157894736842106,38
1.004,1.8157894736842106,38
1.0045,1.8157894736842106,38
1.005,1.8205128205128205,39
1.0055,1.85,40
1.006,1.85,40
1.0065,1.85,40
1.007,1.875,40
1.0075,1.875,40
1.008,1.875,40
1.0085,1.875,40
1.009,1.875,40
1.0095,1.875,40
1.01,1.875,40
1.0105,1.875,40
1.011,1.875,40
1.0115,1.875,40
1.012,1.875,40
1.0125,1.85,40
1.013,1.85,40
1.0135,1.85,40
1.014,1.85,40
1.0145,1.85,40
1.015,1.825,40
1.0155,0.0,0
1.016,0.0,0
1.0165,0.0,0
1.017,0.0,0
1.0175,1.7894736842105263,38
1.018,1.825,40
1.0185,1.825,40
1.019,1.825,40
1.0195,1.825,40
1.02,1.825,40
1.0205,1.825,40
1.021,1.825,40
1.0215,1.825,40
1.022,1.825,40
1.0225,1.825,40
1.023,1.825,40
1.0235,1.825,40
1.024,1.825,40
1.0245,1.825,40
1.025,1.825,40
1.0255,1.825,40
1.026,1.825,40
1.0265,1.825,40
1.027,1.825,40
1.0275,1.825,40
1.028,1.825,40
1.0285,1.825,40
1.029,1.825,40
1.0295,1.825,40
1.03,1.825,40
1.0305,1.825,40
1.031,1.825,40
1.0315,1.825,40
1.032,1.825,40
1.0325,1.825,40
1.033,1.825,40
1.0335,1.825,40
1.034,1.85,40
1.0345,1.85,40
1.035,1.85,40
1.0355,1.85,40
1.036,1.85,40
1.0365,1.875,40
1.037,1.9,40
1.0375,1.875,40
1.038,1.85,40
1.0385,1.85,40
1.039,1.85,40
1.0395,1.85,40
1.04,1.85,40
1.0405,1.85,40
1.041,1.85,40
1.0415,1.825,40
1.042,1.825,40
1.0425,1.825,40
1.043,1.8,40
1.0435,1.8,40
1.044,1.825,40
1.0445,1.85,40
1.045,1.85,40
1.0455,1.85,40
1.046,1.85,40
1.0465,1.85,40
1.047,1.85,40
1.0475,1.85,40
1.048,1.85,40
1.0485,1.875,40
1.049,1.95,40
1.0495,1.95,40
1.05,1.95,40
1.0505,1.95,40
1.051,1.9,40
1.0515,1.925,40
1.052,1.925,40
1.0525,1.925,40
1.053,1.95,40
1.0535,1.925,40
1.054,0.0,0
1.0545,0.0,0
1.055,0.0,0
1.0555,1.8974358974358974,39
1.056,1.8974358974358974,39
1.0565,1.8717948717948718,39
1.057,1.8717948717948718,39
1.0575,1.8717948717948718,39
1.058,1.8717948717948718,39
1.0585,1.8717948717948718,39
1.059,1.8205128205128205,39
1.0595,1.8205128205128205,39
1.06,1.8205128205128205,39
1.0605,1.794871794871795,39
1.061,1.794871794871795,39
1.0615,1.794871794871795,39
1.062,1.794871794871795,39
1.0625,1.794871794871795,39
1.063,0.0,0
1.0635,0.0,0
1.064,1.7692307692307692,39
1.0645,1.7692307692307692,39
1.065,1.7692307692307692,39
1.0655,1.7692307692307692,39
1.066,1.7692307692307692,39
1.0665,0.0,0
1.067,0.0,0
1.0675,0.0,0
1.068,0.0,0
1.0685,0.0,0
1.069,0.0,0
1.0695,0.0,0
1.07,0.0,0
1.0705,0.0,0
1.071,0.0,0
1.0715,0.0,0
1.072,1.7179487179487178,39
1.0725,0.0,0
1.073,0.0,0
1.0735,0.0,0
1.074,0.0,0
1.0745,0.0,0
1.075,0.0,0
1.0755,0.0,0
1.076,0.0,0
1.0765,0.0,0
1.077,0.0,0
1.0775,0.0,0
1.078,0.0,0
1.0785,0.0,0
1.079,0.0,0
1.0795,0.0,0
1.08,0.0,0
1.0805,0.0,0
1.081,0.0,0
1.0815,0.0,0
1.082,0.0,0
1.0825,0.0,0
1.083,1.7857142857142858,42
1.0835,1.7857142857142858,42
1.084,1.7857142857142858,42
1.0845,1.7674418604651163,43
1.085,1.7674418604651163,43
1.0855,1.736842105263158,38
1.086,1.7105263157894737,38
1.0865,1.7297297297297298,37
1.087,1.7209302325581395,43
1.0875,1.7209302325581395,43
1.088,1.7209302325581395,43
1.0885,1.7209302325581395,43
1.089,1.7209302325581395,43
1.0895,1.7209302325581395,43
1.09,1.7209302325581395,43
1.0905,1.7045454545454546,44
1.091,1.7045454545454546,44
1.0915,1.7045454545454546,44
1.092,1.7045454545454546,44
1.0925,1.7045454545454546,44
1.093,1.7045454545454546,44
1.0935,1.7045454545454546,44
1.094,1.7045454545454546,44
1.0945,1.7045454545454546,44
1.095,1.7045454545454546,44
1.0955,1.7045454545454546,44
1.096,1.7045454545454546,44
1.0965,1.7272727272727273,44
1.097,1.7272727272727273,44
1.0975,1.7272727272727273,44
1.098,1.7272727272727273,44
1.0985,1.75,44
1.099,1.7272727272727273,44
1.0995,1.7272727272727273,44
1.1,1.7272727272727273,44
1.1005,1.7272727272727273,44
1.101,1.7272727272727273,44
1.1015,1.7272727272727273,44
1.102,1.7272727272727273,44
1.1025,1.7272727272727273,44
1.103,1.7272727272727273,44
1.1035,1.7272727272727273,44
1.104,1.7272727272727273,44
1.1045,1.7209302325581395,43
1.105,1.7209302325581395,43
1.1055,1.7209302325581395,43
1.106,1.7209302325581395,43
1.1065,1.744186046511628,43
1.107,1.744186046511628,43
1.1075,1.744186046511628,43
1.108,1.744186046511628,43
1.1085,1.744186046511628,43
1.109,0.0,0
1.1095,0.0,0
1.11,1.744186046511628,43
1.1105,1.744186046511628,43
1.111,1.7209302325581395,43
1.1115,1.7209302325581395,43
1.112,1.7209302325581395,43
1.1125,1.744186046511628,43
1.113,1.7674418604651163,43
1.1135,1.7674418604651163,43
1.114,1.7674418604651163,43
1.1145,1.7674418604651163,43
1.115,1.7674418604651163,43
1.1155,1.7674418604651163,43
1.116,1.7674418604651163,43
1.1165,1.7674418604651163,43
1.117,1.7674418604651163,43
1.1175,1.7674418604651163,43
1.118,1.744186046511628,43
1.1185,1.7857142857142858,42
1.119,1.7857142857142858,42
1.1195,1.7857142857142858,42
1.12,1.7857142857142858,42
1.1205,1.7857142857142858,42
1.121,1.7857142857142858,42
1.1215,1.7857142857142858,42
1.122,1.7619047619047619,42
1.1225,1.7619047619047619,42
1.123,1.7674418604651163,43
1.1235,1.7674418604651163,43
1.124,1.7674418604651163,43
1.1245,1.7674418604651163,43
1.125,1.7906976744186047,43
1.1255,1.7906976744186047,43
1.126,1.7906976744186047,43
1.1265,1.7857142857142858,42
1.127,1.8095238095238095,42
1.1275,1.8095238095238095,42
1.128,1.7857142857142858,42
1.1285,1.7857142857142858,42
1.129,1.7857142857142858,42
1.1295,1.7619047619047619,42
1.13,1.7619047619047619,42
1.1305,1.7857142857142858,42
1.131,1.7857142857142858,42
1.1315,1.7857142857142858,42
1.132,1.7857142857142858,42
1.1325,1.7857142857142858,42
1.133,1.7857142857142858,42
1.1335,1.8095238095238095,42
1.134,1.8095238095238095,42
1.1345,1.8095238095238095,42
1.135,1.8095238095238095,42
1.1355,1.8095238095238095,42
1.136,1.7857142857142858,42
1.1365,1.7857142857142858,42
1.137,1.7857142857142858,42
1.1375,1.7857142857142858,42
1.138,1.7857142857142858,42
1.1385,1.7857142857142858,42
1.139,1.7619047619047619,42
1.1395,1.7619047619047619,42
1.14,1.7619047619047619,42
1.1405,1.7560975609756098,41
1.141,1.7317073170731707,41
1.1415,1.7317073170731707,41
1.142,1.7317073170731707,41
1.1425,1.7317073170731707,41
1.143,1.7317073170731707,41
1.1435,1.7073170731707317,41
1.144,1.6829268292682926,41
1.1445,1.6829268292682926,41
1.145,1.6829268292682926,41
1.1455,1.6829268292682926,41
1.146,1.6829268292682926,41
1.1465,1.7073170731707317,41
1.147,1.7073170731707317,41
1.1475,1.7,40
1.148,1.7,40
1.1485,1.7,40
1.149,1.7,40
1.1495,1.7,40
1.15,1.7,40
1.1505,1.7,40
1.151,1.7073170731707317,41
1.1515,1.7073170731707317,41
1.152,0.0,0
1.1525,0.0,0
1.153,0.0,0
1.1535,0.0,0
1.154,0.0,0
1.1545,1.7317073170731707,41
1.155,1.7317073170731707,41
1.1555,1.7073170731707317,41
1.156,1.7317073170731707,41
1.1565,1.7560975609756098,41
1.157,1.7560975609756098,41
1.1575,1.7560975609756098,41
1.158,1.7560975609756098,41
1.1585,1.7560975609756098,41
1.159,1.7560975609756098,41
1.1595,1.7560975609756098,41
1.16,1.7317073170731707,41
1.1605,1.7317073170731707,41
1.161,1.7317073170731707,41
1.1615,1.7317073170731707,41
1.162,1.7317073170731707,41
1.1625,1.7073170731707317,41
1.163,1.7073170731707317,41
1.1635,1.7073170731707317,41
1.164,1.7317073170731707,41
1.1645,1.7317073170731707,41
1.165,1.7317073170731707,41
1.1655,1.7317073170731707,41
1.166,1.7317073170731707,41
1.1665,1.7073170731707317,41
1.167,1.7073170731707317,41
1.1675,1.7073170731707317,41
1.168,1.7,40
1.1685,1.7,40
1.169,1.7,40
1.1695,1.7,40
1.17,1.725,40
1.1705,1.7,40
1.171,1.7,40
1.1715,1.7,40
1.172,1.7,40
1.1725,1.725,40
1.173,1.725,40
1.1735,1.725,40
1.174,1.725,40
1.1745,1.725,40
1.175,1.725,40
1.1755,1.7,40
1.176,1.7,40
1.1765,1.7,40
1.177,1.7,40
1.1775,1.75,40
1.178,1.75,40
1.1785,1.75,40
1.179,1.775,40
1.1795,1.775,40
1.18,1.775,40
1.1805,1.75,40
1.181,1.75,40
1.1815,1.75,40
1.182,1.75,40
1.1825,1.7804878048780488,41
1.183,1.7804878048780488,41
1.1835,1.7804878048780488,41
1.184,1.7804878048780488,41
1.1845,1.829268292682927,41
1.185,1.829268292682927,41
1.1855,1.829268292682927,41
1.186,1.829268292682927,41
1.1865,1.853658536585366,41
1.187,1.853658536585366,41
1.1875,1.8571428571428572,42
1.188,1.8571428571428572,42
1.1885,1.8571428571428572,42
1.189,1.8333333333333333,42
1.1895,1.8333333333333333,42
1.19,1.8333333333333333,42
1.1905,1.8333333333333333,42
1.191,1.829268292682927,41
1.1915,1.853658536585366,41
1.192,1.8780487804878048,41
1.1925,1.8780487804878048,41
1.193,1.8780487804878048,41
1.1935,1.8780487804878048,41
1.194,1.8780487804878048,41
1.1945,1.8780487804878048,41
1.195,1.8780487804878048,41
1.1955,0.0,0
1.196,1.8974358974358974,39
1.1965,1.8974358974358974,39
1.197,0.0,0
1.1975,1.875,40
1.198,0.0,0
1.1985,0.0,0
1.199,0.0,0
1.1995,0.0,0
1.2,0.0,0
1.2005,1.853658536585366,41
1.201,1.829268292682927,41
1.2015,1.829268292682927,41
1.202,1.829268292682927,41
1.2025,1.829268292682927,41
1.203,1.829268292682927,41
1.2035,0.0,0
1.204,0.0,0
1.2045,1.8048780487804879,41
1.205,1.829268292682927,41
1.2055,0.0,0
1.206,1.829268292682927,41
1.2065,0.0,0
1.207,1.829268292682927,41
1.2075,1.829268292682927,41
1.208,1.829268292682927,41
1.2085,1.829268292682927,41
1.209,1.829268292682927,41
1.2095,0.0,0
1.21,0.0,0
1.2105,0.0,0
1.211,0.0,0
1.2115,0.0,0
1.212,0.0,0
1.2125,0.0,0
1.213,0.0,0
1.2135,0.0,0
1.214,0.0,0
1.2145,0.0,0
1.215,0.0,0
1.2155,0.0,0
1.216,0.0,0
1.2165,0.0,0
1.217,0.0,0
1.2175,0.0,0
1.218,0.0,0
1.2185,0.0,0
1.219,1.7804878048780488,41
1.2195,1.7804878048780488,41
1.22,1.7804878048780488,41
1.2205,1.7560975609756098,41
1.221,1.7560975609756098,41
1.2215,1.7560975609756098,41
1.222,1.7560975609756098,41
1.2225,1.7560975609756098,41
1.223,0.0,0
1.2235,0.0,0
1.224,0.0,0
1.2245,0.0,0
1.225,0.0,0
1.2255,0.0,0
1.226,0.0,0
1.2265,0.0,0
1.227,0.0,0
1.2275,1.7906976744186047,43
1.228,1.7906976744186047,43
1.2285,1.7674418604651163,43
1.229,0.0,0
1.2295,0.0,0
1.23,0.0,0
1.2305,0.0,0
1.231,0.0,0
1.2315,0.0,0
1.232,0.0,0
1.2325,0.0,0
1.233,0.0,0
1.2335,0.0,0
1.234,0.0,0
1.2345,0.0,0
1.235,0.0,0
1.2355,0.0,0
1.236,0.0,0
1.2365,0.0,0
1.237,0.0,0
1.2375,0.0,0
1.238,0.0,0
1.2385,0.0,0
1.239,0.0,0
1.2395,0.0,0
1.24,0.0,0
1.2405,0.0,0
1.241,0.0,0
1.2415,0.0,0
1.242,0.0,0
1.2425,0.0,0
1.243,0.0,0
1.2435,0.0,0
1.244,0.0,0
1.2445,0.0,0
1.245,0.0,0
1.2455,0.0,0
1.246,0.0,0
1.2465,0.0,0
1.247,0.0,0
1.2475,0.0,0
1.248,0.0,0
1.2485,0.0,0
1.249,0.0,0
1.2495,0.0,0
1.25,0.0,0
1.2505,0.0,0
1.251,0.0,0
1.2515,0.0,0
1.252,0.0,0
1.2525,0.0,0
1.253,0.0,0
1.2535,0.0,0
1.254,0.0,0
1.2545,0.0,0
1.255,0.0,0
1.2555,0.0,0
1.256,0.0,0
1.2565,0.0,0
1.257,0.0,0
1.2575,1.8333333333333333,42
1.258,0.0,0
1.2585,0.0,0
1.259,0.0,0
1.2595,0.0,0
1.26,0.0,0
1.2605,0.0,0
1.261,0.0,0
1.2615,0.0,0
1.262,0.0,0
1.2625,0.0,0
1.263,0.0,0
1.2635,0.0,0
1.264,0.0,0
1.2645,0.0,0
1.265,0.0,0
1.2655,0.0,0
1.266,0.0,0
1.2665,0.0,0
1.267,0.0,0
1.2675,0.0,0
1.268,0.0,0
1.2685,0.0,0
1.269,0.0,0
1.2695,0.0,0
1.27,0.0,0
1.2705,0.0,0
1.271,0.0,0
1.2715,0.0,0
1.272,0.0,0
1.2725,0.0,0
1.273,0.0,0
1.2735,0.0,0
1.274,1.8095238095238095,42
1.2745,1.8095238095238095,42
1.275,1.8095238095238095,42
1.2755,1.8095238095238095,42
1.276,1.8095238095238095,42
1.2765,0.0,0
1.277,1.8095238095238095,42
1.2775,1.8095238095238095,42
1.278,1.8095238095238095,42
1.2785,1.8095238095238095,42
1.279,0.0,0
1.2795,0.0,0
1.28,0.0,0
1.2805,0.0,0
1.281,1.7857142857142858,42
1.2815,1.7857142857142858,42
1.282,1.7619047619047619,42
1.2825,1.7619047619047619,42
1.283,1.7619047619047619,42
1.2835,1.7619047619047619,42
1.284,1.7380952380952381,42
1.2845,1.7380952380952381,42
1.285,1.7380952380952381,42
1.2855,1.7380952380952381,42
1.286,1.7619047619047619,42
1.2865,1.7619047619047619,42
1.287,1.7619047619047619,42
1.2875,1.7619047619047619,42
1.288,1.7619047619047619,42
1.2885,1.8095238095238095,42
1.289,1.8095238095238095,42
1.2895,1.813953488372093,43
1.29,1.813953488372093,43
1.2905,1.7857142857142858,42
1.291,1.7906976744186047,43
1.2915,1.7906976744186047,43
1.292,1.7906976744186047,43
1.2925,1.7906976744186047,43
1.293,1.7906976744186047,43
1.2935,1.7906976744186047,43
1.294,1.7674418604651163,43
1.2945,1.7674418604651163,43
1.295,1.7674418604651163,43
1.2955,1.7674418604651163,43
1.296,1.7674418604651163,43
1.2965,1.7674418604651163,43
1.297,1.744186046511628,43
1.2975,1.744186046511628,43
1.298,1.744186046511628,43
1.2985,1.744186046511628,43
1.299,1.744186046511628,43
1.2995,1.7209302325581395,43
1.3,1.7209302325581395,43
1.3005,1.7209302325581395,43
1.301,1.7209302325581395,43
1.3015,1.7209302325581395,43
1.302,1.744186046511628,43
1.3025,1.7209302325581395,43
1.303,1.7209302325581395,43
1.3035,1.7209302325581395,43
1.304,1.7142857142857142,42
1.3045,1.7142857142857142,42
1.305,1.7142857142857142,42
1.3055,0.0,0
1.306,0.0,0
1.3065,0.0,0
1.307,0.0,0
1.3075,0.0,0
1.308,0.0,0
1.3085,0.0,0
1.309,1.6904761904761905,42
1.3095,0.0,0
1.31,0.0,0
1.3105,0.0,0
1.311,1.7142857142857142,42
1.3115,1.7073170731707317,41
1.312,1.7073170731707317,41
1.3125,1.725,40
1.313,0.0,0
1.3135,1.725,40
1.314,1.725,40
1.3145,1.7,40
1.315,1.7,40
1.3155,1.7,40
1.316,1.725,40
1.3165,1.725,40
1.317,1.725,40
1.3175,1.725,40
1.318,1.7435897435897436,39
1.3185,1.7435897435897436,39
1.319,1.7435897435897436,39
1.3195,1.7692307692307692,39
1.32,1.7692307692307692,39
1.3205,1.7692307692307692,39
1.321,1.7692307692307692,39
1.3215,1.7692307692307692,39
1.322,0.0,0
1.3225,0.0,0
1.323,1.7435897435897436,39
1.3235,1.7435897435897436,39
1.324,1.7692307692307692,39
1.3245,0.0,0
1.325,0.0,0
1.3255,0.0,0
1.326,0.0,0
1.3265,0.0,0
1.327,0.0,0
1.3275,0.0,0
1.328,0.0,0
1.3285,0.0,0
1.329,0.0,0
1.3295,0.0,0
1.33,0.0,0
1.3305,0.0,0
1.331,0.0,0
1.3315,1.7692307692307692,39
1.332,0.0,0
1.3325,0.0,0
1.333,0.0,0
1.3335,0.0,0
1.334,1.794871794871795,39
1.3345,1.794871794871795,39
1.335,0.0,0
1.3355,0.0,0
1.336,0.0,0
1.3365,0.0,0
1.337,0.0,0
1.3375,0.0,0
1.338,0.0,0
1.3385,0.0,0
1.339,1.8461538461538463,39
1.3395,1.8205128205128205,39
1.34,1.8205128205128205,39
1.3405,0.0,0
1.341,0.0,0
1.3415,1.8461538461538463,39
1.342,1.8461538461538463,39
1.3425,1.8461538461538463,39
1.343,1.8205128205128205,39
1.3435,1.8205128205128205,39
1.344,1.8205128205128205,39
1.3445,1.8205128205128205,39
1.345,1.794871794871795,39
1.3455,1.794871794871795,39
1.346,1.8205128205128205,39
1.3465,1.8205128205128205,39
1.347,1.8205128205128205,39
1.3475,1.794871794871795,39
1.348,1.794871794871795,39
1.3485,1.794871794871795,39
1.349,1.794871794871795,39
1.3495,1.794871794871795,39
1.35,1.794871794871795,39
1.3505,1.794871794871795,39
1.351,1.8205128205128205,39
1.3515,1.8205128205128205,39
1.352,1.8205128205128205,39
1.3525,1.8205128205128205,39
1.353,1.8205128205128205,39
1.3535,1.8205128205128205,39
1.354,1.8205128205128205,39
1.3545,1.8205128205128205,39
1.355,0.0,0
1.3555,0.0,0
1.356,1.7894736842105263,38
1.3565,1.7894736842105263,38
1.357,1.7894736842105263,38
1.3575,1.7894736842105263,38
1.358,1.7894736842105263,38
1.3585,1.7894736842105263,38
1.359,1.7894736842105263,38
1.3595,1.8157894736842106,38
1.36,1.8157894736842106,38
1.3605,0.0,0
1.361,0.0,0
1.3615,0.0,0
1.362,0.0,0
1.3625,0.0,0
1.363,0.0,0
1.3635,0.0,0
1.364,0.0,0
1.3645,0.0,0
1.365,1.7894736842105263,38
1.3655,1.8157894736842106,38
1.366,0.0,0
1.3665,1.8157894736842106,38
1.367,1.7894736842105263,38
1.3675,1.7894736842105263,38
1.368,1.763157894736842,38
1.3685,0.0,0
1.369,0.0,0
1.3695,1.763157894736842,38
1.37,1.763157894736842,38
1.3705,1.763157894736842,38
1.371,1.763157894736842,38
1.3715,1.763157894736842,38
1.372,1.736842105263158,38
1.3725,1.736842105263158,38
1.373,1.763157894736842,38
1.3735,1.763157894736842,38
1.374,1.763157894736842,38
1.3745,1.763157894736842,38
1.375,1.736842105263158,38
1.3755,1.736842105263158,38
1.376,1.7894736842105263,38
1.3765,1.8157894736842106,38
1.377,1.8421052631578947,38
1.3775,1.868421052631579,38
1.378,1.894736842105263,38
1.3785,1.868421052631579,38
1.379,1.868421052631579,38
1.3795,1.894736842105263,38
1.38,1.894736842105263,38
1.3805,1.894736842105263,38
1.381,1.9210526315789473,38
1.3815,1.894736842105263,38
1.382,1.894736842105263,38
1.3825,1.894736842105263,38
1.383,1.894736842105263,38
1.3835,1.894736842105263,38
1.384,1.894736842105263,38
1.3845,1.868421052631579,38
1.385,1.868421052631579,38
1.3855,1.868421052631579,38
1.386,1.894736842105263,38
1.3865,1.894736842105263,38
1.387,1.868421052631579,38
1.3875,1.8421052631578947,38
1.388,1.8421052631578947,38
1.3885,1.8421052631578947,38
1.389,1.8421052631578947,38
1.3895,1.8157894736842106,38
1.39,1.868421052631579,38
1.3905,1.8421052631578947,38
1.391,1.8461538461538463,39
1.3915,1.8461538461538463,39
1.392,1.8717948717948718,39
1.3925,1.8461538461538463,39
1.393,1.8461538461538463,39
1.3935,1.8461538461538463,39
1.394,1.8461538461538463,39
1.3945,1.8461538461538463,39
1.395,1.8461538461538463,39
1.3955,0.0,0
1.396,0.0,0
1.3965,0.0,0
1.397,0.0,0
1.3975,0.0,0
1.398,0.0,0
1.3985,0.0,0
1.399,0.0,0
1.3995,0.0,0
1.4,0.0,0
1.4005,0.0,0
1.401,0.0,0
1.4015,0.0,0
1.402,0.0,0
1.4025,0.0,0
1.403,0.0,0
1.4035,0.0,0
1.404,0.0,0
1.4045,0.0,0
1.405,0.0,0
1.4055,0.0,0
1.406,0.0,0
1.4065,0.0,0
1.407,0.0,0
1.4075,0.0,0
1.408,0.0,0
1.4085,1.8205128205128205,39
1.409,1.8461538461538463,39
1.4095,1.8461538461538463,39
1.41,1.8461538461538463,39
1.4105,1.8461538461538463,39
1.411,1.8205128205128205,39
1.4115,1.8205128205128205,39
1.412,1.8205128205128205,39
1.4125,1.8205128205128205,39
1.413,0.0,0
1.4135,1.8461538461538463,39
1.414,0.0,0
1.4145,0.0,0
1.415,0.0,0
1.4155,0.0,0
1.416,0.0,0
1.4165,0.0,0
1.417,0.0,0
1.4175,0.0,0
1.418,0.0,0
1.4185,0.0,0
1.419,0.0,0
1.4195,0.0,0
1.42,0.0,0
1.4205,0.0,0
1.421,0.0,0
1.4215,0.0,0
1.422,0.0,0
1.4225,1.8717948717948718,39
1.423,1.8717948717948718,39
1.4235,1.8717948717948718,39
1.424,1.8717948717948718,39
1.4245,1.8717948717948718,39
1.425,1.8717948717948718,39
1.4255,1.8974358974358974,39
1.426,1.8717948717948718,39
1.4265,1.8974358974358974,39
1.427,1.8974358974358974,39
1.4275,1.8974358974358974,39
1.428,1.9230769230769231,39
1.4285,1.9230769230769231,39
1.429,1.8717948717948718,39
1.4295,1.8717948717948718,39
1.43,1.8717948717948718,39
1.4305,1.8717948717948718,39
1.431,1.8717948717948718,39
1.4315,1.8717948717948718,39
1.432,1.8717948717948718,39
1.4325,1.8717948717948718,39
1.433,1.8461538461538463,39
1.4335,1.8461538461538463,39
1.434,0.0,0
1.4345,0.0,0
1.435,1.8461538461538463,39
1.4355,1.8461538461538463,39
1.436,1.8461538461538463,39
1.4365,1.8461538461538463,39
1.437,1.8461538461538463,39
1.4375,1.8461538461538463,39
1.438,1.8461538461538463,39
1.4385,1.8461538461538463,39
1.439,0.0,0
1.4395,0.0,0
1.44,0.0,0
1.4405,0.0,0
1.441,1.8461538461538463,39
1.4415,1.8461538461538463,39
1.442,1.8461538461538463,39
1.4425,1.8461538461538463,39
1.443,1.8461538461538463,39
1.4435,1.8461538461538463,39
1.444,1.8461538461538463,39
1.4445,1.8461538461538463,39
1.445,1.8461538461538463,39
1.4455,1.8461538461538463,39
1.446,1.8461538461538463,39
1.4465,1.8461538461538463,39
1.447,1.8461538461538463,39
1.4475,1.8461538461538463,39
1.448,1.8461538461538463,39
1.4485,1.8461538461538463,39
1.449,1.8461538461538463,39
1.4495,0.0,0
1.45,0.0,0
1.4505,0.0,0
1.451,0.0,0
1.4515,0.0,0
1.452,0.0,0
1.4525,0.0,0
1.453,0.0,0
1.4535,0.0,0
1.454,0.0,0
1.4545,0.0,0
1.455,0.0,0
1.4555,0.0,0
1.456,0.0,0
1.4565,1.894736842105263,38
1.457,1.9210526315789473,38
1.4575,1.894736842105263,38
1.458,1.894736842105263,38
1.4585,1.894736842105263,38
1.459,1.894736842105263,38
1.4595,1.894736842105263,38
1.46,1.894736842105263,38
1.4605,1.894736842105263,38
1.461,1.868421052631579,38
1.4615,1.868421052631579,38
1.462,1.868421052631579,38
1.4625,1.868421052631579,38
1.463,1.868421052631579,38
1.4635,1.868421052631579,38
1.464,1.868421052631579,38
1.4645,1.868421052631579,38
1.465,1.868421052631579,38
1.4655,1.894736842105263,38
1.466,1.894736842105263,38
1.4665,1.894736842105263,38
1.467,1.894736842105263,38
1.4675,1.868421052631579,38
1.468,1.868421052631579,38
1.4685,1.8157894736842106,38
1.469,1.8157894736842106,38
1.4695,1.8421052631578947,38
1.47,1.8421052631578947,38
1.4705,1.8157894736842106,38
1.471,1.8157894736842106,38
1.4715,1.8157894736842106,38
1.472,1.8421052631578947,38
1.4725,1.8157894736842106,38
1.473,1.8157894736842106,38
1.4735,1.7894736842105263,38
1.474,1.7894736842105263,38
1.4745,1.7894736842105263,38
1.475,1.763157894736842,38
1.4755,1.7894736842105263,38
1.476,1.7894736842105263,38
1.4765,1.8157894736842106,38
1.477,1.8157894736842106,38
1.4775,1.8157894736842106,38
1.478,1.8421052631578947,38
1.4785,1.8421052631578947,38
1.479,1.8421052631578947,38
1.4795,1.8421052631578947,38
1.48,1.868421052631579,38
1.4805,1.868421052631579,38
1.481,1.868421052631579,38
1.4815,1.868421052631579,38
1.482,1.894736842105263,38
1.4825,1.894736842105263,38
1.483,1.894736842105263,38
1.4835,1.894736842105263,38
1.484,1.894736842105263,38
1.4845,1.868421052631579,38
1.485,1.868421052631579,38
1.4855,1.8717948717948718,39
1.486,1.8717948717948718,39
1.4865,1.8717948717948718,39
1.487,1.8461538461538463,39
1.4875,1.8461538461538463,39
1.488,1.8461538461538463,39
1.4885,1.8461538461538463,39
1.489,1.8461538461538463,39
1.4895,1.8461538461538463,39
1.49,1.8461538461538463,39
1.4905,1.8461538461538463,39
1.491,0.0,0
1.4915,1.8461538461538463,39
1.492,0.0,0
1.4925,0.0,0
1.493,0.0,0
1.4935,0.0,0
1.494,0.0,0
1.4945,0.0,0
1.495,0.0,0
1.4955,1.794871794871795,39
1.496,1.794871794871795,39
1.4965,1.794871794871795,39
1.497,1.794871794871795,39
1.4975,1.7857142857142858,42
1.498,0.0,0
1.4985,0.0,0
1.499,1.825,40
1.4995,1.825,40
1.5,1.825,40
1.5005,1.825,40
1.501,1.825,40
1.5015,1.825,40
1.502,1.825,40
1.5025,1.825,40
1.503,1.825,40
1.5035,1.8,40
1.504,0.0,0
1.5045,0.0,0
1.505,0.0,0
1.5055,0.0,0
1.506,0.0,0
1.5065,0.0,0
1.507,0.0,0
1.5075,0.0,0
1.508,0.0,0
1.5085,0.0,0
1.509,0.0,0
1.5095,0.0,0
1.51,0.0,0
1.5105,0.0,0
1.511,0.0,0
1.5115,1.7619047619047619,42
1.512,0.0,0
1.5125,1.7619047619047619,42
1.513,1.7619047619047619,42
1.5135,0.0,0
1.514,0.0,0
1.5145,0.0,0
1.515,0.0,0
1.5155,0.0,0
1.516,1.7857142857142858,42
1.5165,1.7857142857142858,42
1.517,1.8095238095238095,42
1.5175,1.8095238095238095,42
1.518,1.8095238095238095,42
1.5185,1.8333333333333333,42
1.519,1.8333333333333333,42
1.5195,1.8333333333333333,42
1.52,1.8333333333333333,42
1.5205,1.8333333333333333,42
1.521,1.8571428571428572,42
1.5215,1.8571428571428572,42
1.522,1.8571428571428572,42
1.5225,1.8333333333333333,42
1.523,0.0,0
1.5235,0.0,0
1.524,0.0,0
1.5245,0.0,0
1.525,0.0,0
1.5255,0.0,0
1.526,0.0,0
1.5265,0.0,0
1.527,0.0,0
1.5275,0.0,0
1.528,0.0,0
1.5285,0.0,0
1.529,0.0,0
1.5295,0.0,0
1.53,0.0,0
1.5305,0.0,0
1.531,0.0,0
1.5315,0.0,0
1.532,0.0,0
1.5325,0.0,0
1.533,0.0,0
1.5335,1.9268292682926829,41
1.534,1.9024390243902438,41
1.5345,0.0,0
1.535,0.0,0
1.5355,0.0,0
1.536,0.0,0
1.5365,0.0,0
1.537,0.0,0
1.5375,0.0,0
1.538,0.0,0
1.5385,0.0,0
1.539,0.0,0
1.5395,0.0,0
1.54,0.0,0
1.5405,0.0,0
1.541,0.0,0
1.5415,0.0,0
1.542,1.725,40
1.5425,0.0,0
1.543,0.0,0
1.5435,0.0,0
1.544,0.0,0
1.5445,0.0,0
1.545,0.0,0
1.5455,0.0,0
1.546,0.0,0
1.5465,0.0,0
1.547,0.0,0
1.5475,0.0,0
1.548,0.0,0
1.5485,0.0,0
1.549,0.0,0
1.5495,0.0,0
1.55,0.0,0
1.5505,0.0,0
1.551,0.0,0
1.5515,0.0,0
1.552,0.0,0
1.5525,0.0,0
1.553,0.0,0
1.5535,0.0,0
1.554,0.0,0
1.5545,0.0,0
1.555,0.0,0
1.5555,0.0,0
1.556,0.0,0
1.5565,0.0,0
1.557,0.0,0
1.5575,0.0,0
1.558,0.0,0
1.5585,0.0,0
1.559,0.0,0
1.5595,0.0,0
1.56,0.0,0
1.5605,0.0,0
1.561,0.0,0
1.5615,0.0,0
1.562,0.0,0
1.5625,0.0,0
1.563,0.0,0
1.5635,0.0,0
1.564,0.0,0
1.5645,0.0,0
1.565,0.0,0
1.5655,0.0,0
1.566,0.0,0
1.5665,0.0,0
1.567,0.0,0
1.5675,0.0,0
1.568,0.0,0
1.5685,0.0,0
1.569,0.0,0
1.5695,0.0,0
1.57,0.0,0
1.5705,0.0,0
1.571,0.0,0
1.5715,0.0,0
1.572,0.0,0
1.5725,0.0,0
1.573,0.0,0
1.5735,1.605263157894737,38
1.574,1.605263157894737,38
1.5745,1.605263157894737,38
1.575,1.605263157894737,38
1.5755,0.0,0
1.576,1.6578947368421053,38
1.5765,1.6578947368421053,38
1.577,0.0,0
1.5775,0.0,0
1.578,0.0,0
1.5785,0.0,0
1.579,0.0,0
1.5795,0.0,0
1.58,0.0,0
1.5805,0.0,0
1.581,1.6756756756756757,37
1.5815,1.6756756756756757,37
1.582,1.6756756756756757,37
1.5825,1.7027027027027026,37
1.583,1.7027027027027026,37
1.5835,1.7027027027027026,37
1.584,1.7297297297297298,37
1.5845,1.7297297297297298,37
1.585,1.7567567567567568,37
1.5855,1.7567567567567568,37
1.586,1.7567567567567568,37
1.5865,1.7567567567567568,37
1.587,1.7567567567567568,37
1.5875,1.7567567567567568,37
1.588,1.7567567567567568,37
1.5885,1.7567567567567568,37
1.589,1.7567567567567568,37
1.5895,1.7297297297297298,37
1.59,1.7297297297297298,37
1.5905,1.6756756756756757,37
1.591,1.6756756756756757,37
1.5915,1.6756756756756757,37
1.592,1.6756756756756757,37
1.5925,1.6216216216216217,37
1.593,1.6216216216216217,37
1.5935,1.6216216216216217,37
1.594,1.5945945945945945,37
1.5945,1.5945945945945945,37
1.595,1.5945945945945945,37
1.5955,1.5945945945945945,37
1.596,1.5945945945945945,37
1.5965,1.6216216216216217,37
1.597,1.6216216216216217,37
1.5975,1.6216216216216217,37
1.598,0.0,0
1.5985,0.0,0
1.599,0.0,0
1.5995,0.0,0
1.6,0.0,0
1.6005,0.0,0
1.601,0.0,0
1.6015,0.0,0
1.602,0.0,0
1.6025,1.7105263157894737,38
1.603,1.7105263157894737,38
1.6035,1.6842105263157894,38
1.604,1.6842105263157894,38
1.6045,1.6842105263157894,38
1.605,1.6842105263157894,38
1.6055,1.7105263157894737,38
1.606,1.7105263157894737,38
1.6065,1.7105263157894737,38
1.607,1.7105263157894737,38
1.6075,1.7105263157894737,38
1.608,1.7105263157894737,38
1.6085,1.736842105263158,38
1.609,1.736842105263158,38
1.6095,1.7105263157894737,38
1.61,1.7105263157894737,38
1.6105,1.7105263157894737,38
1.611,1.736842105263158,38
1.6115,1.736842105263158,38
1.612,1.736842105263158,38
1.6125,1.736842105263158,38
1.613,1.736842105263158,38
1.6135,1.736842105263158,38
1.614,1.736842105263158,38
1.6145,1.736842105263158,38
1.615,1.736842105263158,38
1.6155,1.736842105263158,38
1.616,1.736842105263158,38
1.6165,1.736842105263158,38
1.617,1.736842105263158,38
1.6175,1.736842105263158,38
1.618,1.736842105263158,38
1.6185,1.736842105263158,38
1.619,1.736842105263158,38
1.6195,1.7435897435897436,39
1.62,1.7179487179487178,39
1.6205,1.7179487179487178,39
1.621,1.7435897435897436,39
1.6215,1.7435897435897436,39
1.622,1.7435897435897436,39
1.6225,1.7435897435897436,39
1.623,1.7435897435897436,39
1.6235,1.7435897435897436,39
1.624,1.7435897435897436,39
1.6245,1.75,40
1.625,1.775,40
1.6255,1.8,40
1.626,1.825,40
1.6265,1.825,40
1.627,1.775,40
1.6275,1.775,40
1.628,1.775,40
1.6285,1.775,40
1.629,1.8,40
1.6295,1.775,40
1.63,1.8,40
1.6305,1.8,40
1.631,1.8,40
1.6315,1.8,40
1.632,1.8,40
1.6325,1.825,40
1.633,1.825,40
1.6335,0.0,0
1.634,0.0,0
1.6345,0.0,0
1.635,0.0,0
1.6355,0.0,0
1.636,0.0,0
1.6365,0.0,0
1.637,0.0,0
1.6375,0.0,0
1.638,0.0,0
1.6385,0.0,0
1.639,0.0,0
1.6395,0.0,0
1.64,1.725,40
1.6405,1.725,40
1.641,1.75,40
1.6415,1.725,40
1.642,1.725,40
1.6425,1.725,40
1.643,1.75,40
1.6435,1.75,40
1.644,1.75,40
1.6445,1.75,40
1.645,0.0,0
1.6455,0.0,0
1.646,0.0,0
1.6465,0.0,0
1.647,0.0,0
1.6475,0.0,0
1.648,0.0,0
1.6485,0.0,0
1.649,0.0,0
1.6495,1.725,40
1.65,0.0,0
1.6505,1.7435897435897436,39
1.651,1.75,40
1.6515,1.725,40
1.652,1.725,40
1.6525,1.7179487179487178,39
1.653,1.7179487179487178,39
1.6535,1.6923076923076923,39
1.654,1.6923076923076923,39
1.6545,1.6923076923076923,39
1.655,1.6923076923076923,39
1.6555,1.6923076923076923,39
1.656,1.6923076923076923,39
1.6565,1.6923076923076923,39
1.657,1.6923076923076923,39
1.6575,1.7179487179487178,39
1.658,1.7435897435897436,39
1.6585,1.7435897435897436,39
1.659,1.7179487179487178,39
1.6595,1.7435897435897436,39
1.66,1.7435897435897436,39
1.6605,1.7435897435897436,39
1.661,0.0,0
1.6615,0.0,0
1.662,0.0,0
1.6625,0.0,0
1.663,0.0,0
1.6635,1.7692307692307692,39
1.664,1.7692307692307692,39
1.6645,1.7692307692307692,39
1.665,1.7692307692307692,39
1.6655,1.7692307692307692,39
1.666,1.7692307692307692,39
1.6665,1.7692307692307692,39
1.667,1.7692307692307692,39
1.6675,1.7692307692307692,39
1.668,1.7692307692307692,39
1.6685,1.7692307692307692,39
1.669,1.7692307692307692,39
1.6695,1.7692307692307692,39
1.67,1.7692307692307692,39
1.6705,1.7692307692307692,39
1.671,1.7692307692307692,39
1.6715,1.7692307692307692,39
1.672,0.0,0
1.6725,0.0,0
1.673,0.0,0
1.6735,0.0,0
1.674,0.0,0
1.6745,0.0,0
1.675,0.0,0
1.6755,0.0,0
1.676,0.0,0
1.6765,0.0,0
1.677,0.0,0
1.6775,0.0,0
1.678,0.0,0
1.6785,0.0,0
1.679,1.825,40
1.6795,1.8,40
1.68,1.8,40
1.6805,1.8,40
1.681,1.8,40
1.6815,1.8,40
1.682,1.825,40
1.6825,1.825,40
1.683,1.825,40
1.6835,1.825,40
1.684,0.0,0
1.6845,1.825,40
1.685,1.825,40
1.6855,1.825,40
1.686,1.8,40
1.6865,1.8,40
1.687,1.85,40
1.6875,1.875,40
1.688,1.85,40
1.6885,1.85,40
1.689,1.85,40
1.6895,1.85,40
1.69,1.825,40
1.6905,1.825,40
1.691,1.825,40
1.6915,0.0,0
1.692,0.0,0
1.6925,0.0,0
1.693,0.0,0
1.6935,0.0,0
1.694,0.0,0
1.6945,0.0,0
1.695,0.0,0
1.6955,0.0,0
1.696,0.0,0
1.6965,0.0,0
1.697,0.0,0
1.6975,0.0,0
1.698,0.0,0
1.6985,0.0,0
1.699,0.0,0
1.6995,0.0,0
1.7,0.0,0
1.7005,0.0,0
1.701,0.0,0
1.7015,0.0,0
1.702,0.0,0
1.7025,1.875,40
1.703,1.9,40
1.7035,1.9,40
1.704,1.925,40
1.7045,1.925,40
1.705,1.8974358974358974,39
1.7055,1.9210526315789473,38
1.706,1.9210526315789473,38
1.7065,1.9210526315789473,38
1.707,1.9210526315789473,38
1.7075,1.9210526315789473,38
1.708,1.9210526315789473,38
1.7085,1.9210526315789473,38
1.709,1.894736842105263,38
1.7095,1.894736842105263,38
1.71,1.868421052631579,38
1.7105,1.868421052631579,38
1.711,1.868421052631579,38
1.7115,1.868421052631579,38
1.712,1.868421052631579,38
1.7125,1.868421052631579,38
1.713,1.868421052631579,38
1.7135,1.868421052631579,38
1.714,1.868421052631579,38
1.7145,0.0,0
1.715,0.0,0
1.7155,0.0,0
1.716,0.0,0
1.7165,1.894736842105263,38
1.717,1.894736842105263,38
1.7175,1.9210526315789473,38
1.718,1.837837837837838,37
1.7185,1.837837837837838,37
1.719,0.0,0
1.7195,0.0,0
1.72,0.0,0
1.7205,0.0,0
1.721,1.9210526315789473,38
1.7215,1.9210526315789473,38
1.722,1.9230769230769231,39
1.7225,1.9230769230769231,39
1.723,0.0,0
1.7235,0.0,0
1.724,0.0,0
1.7245,1.9230769230769231,39
1.725,1.9210526315789473,38
1.7255,0.0,0
1.726,0.0,0
1.7265,0.0,0
1.727,0.0,0
1.7275,1.8157894736842106,38
1.728,1.8157894736842106,38
1.7285,1.8157894736842106,38
1.729,1.8157894736842106,38
1.7295,1.8157894736842106,38
1.73,1.8421052631578947,38
1.7305,1.763157894736842,38
1.731,1.763157894736842,38
1.7315,1.763157894736842,38
1.732,1.7894736842105263,38
1.7325,1.8157894736842106,38
1.733,1.837837837837838,37
1.7335,1.837837837837838,37
1.734,1.837837837837838,37
1.7345,1.864864864864865,37
1.735,1.8918918918918919,37
1.7355,1.864864864864865,37
1.736,1.837837837837838,37
1.7365,1.837837837837838,37
1.737,1.837837837837838,37
1.7375,1.837837837837838,37
1.738,1.8461538461538463,39
1.7385,1.8205128205128205,39
1.739,1.825,40
1.7395,1.825,40
1.74,1.825,40
1.7405,1.825,40
1.741,1.825,40
1.7415,1.825,40
1.742,1.85,40
1.7425,1.85,40
1.743,1.875,40
1.7435,1.875,40
1.744,1.85,40
1.7445,1.837837837837838,37
1.745,1.837837837837838,37
1.7455,1.837837837837838,37
1.746,1.7837837837837838,37
1.7465,1.7837837837837838,37
1.747,1.7837837837837838,37
1.7475,1.775,40
1.748,1.8,40
1.7485,1.8,40
1.749,1.8,40
1.7495,1.794871794871795,39
1.75,1.864864864864865,37
1.7505,1.8461538461538463,39
1.751,1.8461538461538463,39
1.7515,1.8717948717948718,39
1.752,1.8974358974358974,39
1.7525,1.9210526315789473,38
1.753,1.9210526315789473,38
1.7535,1.894736842105263,38
1.754,1.894736842105263,38
1.7545,1.868421052631579,38
1.755,1.868421052631579,38
1.7555,1.8421052631578947,38
1.756,1.8974358974358974,39
1.7565,1.8421052631578947,38
1.757,1.8157894736842106,38
1.7575,1.8157894736842106,38
1.758,1.8157894736842106,38
1.7585,1.8157894736842106,38
1.759,1.8108108108108107,37
1.7595,1.8108108108108107,37
1.76,1.8108108108108107,37
1.7605,1.8108108108108107,37
1.761,1.8108108108108107,37
1.7615,1.8108108108108107,37
1.762,1.8108108108108107,37
1.7625,1.8421052631578947,38
1.763,1.8421052631578947,38
1.7635,1.8421052631578947,38
1.764,1.8421052631578947,38
1.7645,1.7894736842105263,38
1.765,1.7894736842105263,38
1.7655,1.8205128205128205,39
1.766,1.8,40
1.7665,1.8,40
1.767,1.775,40
1.7675,1.775,40
1.768,1.75,40
1.7685,1.75,40
1.769,1.75,40
1.7695,1.75,40
1.77,1.775,40
1.7705,1.775,40
1.771,1.775,40
1.7715,1.75,40
1.772,1.775,40
1.7725,1.8,40
1.773,1.825,40
1.7735,1.8,40
1.774,1.825,40
1.7745,1.825,40
1.775,1.85,40
1.7755,1.875,40
1.776,1.85,40
1.7765,1.825,40
1.777,1.825,40
1.7775,1.825,40
1.778,1.825,40
1.7785,1.825,40
1.779,1.8,40
1.7795,1.8,40
1.78,1.8,40
1.7805,1.8,40
1.781,1.8,40
1.7815,1.7435897435897436,39
1.782,1.7179487179487178,39
1.7825,1.6666666666666667,39
1.783,1.6666666666666667,39
1.7835,1.6666666666666667,39
1.784,1.6666666666666667,39
1.7845,1.641025641025641,39
1.785,1.641025641025641,39
1.7855,1.641025641025641,39
1.786,1.6666666666666667,39
1.7865,1.6666666666666667,39
1.787,1.6666666666666667,39
1.7875,1.6666666666666667,39
1.788,1.6666666666666667,39
1.7885,1.6923076923076923,39
1.789,1.6666666666666667,39
1.7895,1.641025641025641,39
1.79,1.6153846153846154,39
1.7905,1.6666666666666667,39
1.791,1.6666666666666667,39
1.7915,1.7179487179487178,39
1.792,1.7179487179487178,39
1.7925,1.7179487179487178,39
1.793,1.7435897435897436,39
1.7935,1.7435897435897436,39
1.794,1.7435897435897436,39
1.7945,1.7435897435897436,39
1.795,1.7435897435897436,39
1.7955,1.7435897435897436,39
1.796,1.7435897435897436,39
1.7965,1.7435897435897436,39
1.797,1.7435897435897436,39
1.7975,1.7435897435897436,39
1.798,1.7435897435897436,39
1.7985,1.7435897435897436,39
1.799,1.7692307692307692,39
1.7995,1.794871794871795,39
1.8,1.7692307692307692,39
1.8005,1.7692307692307692,39
1.801,1.7692307692307692,39
1.8015,1.7692307692307692,39
1.802,1.7692307692307692,39
1.8025,1.7692307692307692,39
1.803,1.7692307692307692,39
1.8035,1.7692307692307692,39
1.804,1.7692307692307692,39
1.8045,1.7692307692307692,39
1.805,1.794871794871795,39
1.8055,1.794871794871795,39
1.806,1.794871794871795,39
1.8065,1.7692307692307692,39
1.807,1.794871794871795,39
1.8075,1.794871794871795,39
1.808,1.794871794871795,39
1.8085,1.794871794871795,39
1.809,1.794871794871795,39
1.8095,1.794871794871795,39
1.81,1.794871794871795,39
1.8105,1.8205128205128205,39
1.811,1.794871794871795,39
1.8115,1.794871794871795,39
1.812,1.794871794871795,39
1.8125,1.8205128205128205,39
1.813,1.8205128205128205,39
1.8135,1.8205128205128205,39
1.814,1.8205128205128205,39
1.8145,1.8205128205128205,39
1.815,1.8461538461538463,39
1.8155,1.8717948717948718,39
1.816,1.8717948717948718,39
1.8165,1.8461538461538463,39
1.817,1.8461538461538463,39
1.8175,1.8461538461538463,39
1.818,1.8205128205128205,39
1.8185,1.794871794871795,39
1.819,1.794871794871795,39
1.8195,1.8205128205128205,39
1.82,1.794871794871795,39
1.8205,1.794871794871795,39
1.821,1.794871794871795,39
1.8215,1.794871794871795,39
1.822,1.794871794871795,39
1.8225,1.794871794871795,39
1.823,1.794871794871795,39
1.8235,1.794871794871795,39
1.824,1.7692307692307692,39
1.8245,1.794871794871795,39
1.825,1.794871794871795,39
1.8255,1.8205128205128205,39
1.826,1.8205128205128205,39
1.8265,1.8205128205128205,39
1.827,1.8205128205128205,39
1.8275,1.8205128205128205,39
1.828,1.8205128205128205,39
1.8285,1.8205128205128205,39
1.829,1.794871794871795,39
1.8295,1.794871794871795,39
1.83,1.794871794871795,39
1.8305,1.794871794871795,39
1.831,1.794871794871795,39
1.8315,1.794871794871795,39
1.832,1.794871794871795,39
1.8325,1.794871794871795,39
1.833,1.794871794871795,39
1.8335,1.794871794871795,39
1.834,1.794871794871795,39
1.8345,1.794871794871795,39
1.835,1.794871794871795,39
1.8355,1.7692307692307692,39
1.836,1.7692307692307692,39
1.8365,1.794871794871795,39
1.837,1.794871794871795,39
1.8375,1.8205128205128205,39
1.838,1.8205128205128205,39
1.8385,1.8205128205128205,39
1.839,1.8205128205128205,39
1.8395,1.8205128205128205,39
1.84,1.8205128205128205,39
1.8405,1.8205128205128205,39
1.841,1.8461538461538463,39
1.8415,1.8461538461538463,39
1.842,1.8205128205128205,39
1.8425,1.8205128205128205,39
1.843,1.8205128205128205,39
1.8435,1.8205128205128205,39
1.844,1.8205128205128205,39
1.8445,1.8205128205128205,39
1.845,1.8461538461538463,39
1.8455,1.8461538461538463,39
1.846,1.8461538461538463,39
1.8465,1.8461538461538463,39
1.847,1.8205128205128205,39
1.8475,1.8205128205128205,39
1.848,1.8205128205128205,39
1.8485,1.8,40
1.849,1.825,40
1.8495,1.825,40
1.85,1.8,40
1.8505,1.8,40
1.851,1.8,40
1.8515,1.8,40
1.852,1.825,40
1.8525,1.825,40
1.853,1.85,40
1.8535,1.825,40
1.854,1.825,40
1.8545,1.8,40
1.855,1.775,40
1.8555,1.775,40
1.856,1.75,40
1.8565,1.75,40
1.857,1.75,40
1.8575,1.775,40
1.858,1.775,40
1.8585,1.7692307692307692,39
1.859,1.794871794871795,39
1.8595,1.794871794871795,39
1.86,1.794871794871795,39
1.8605,1.8205128205128205,39
1.861,1.8205128205128205,39
1.8615,1.8205128205128205,39
1.862,1.8205128205128205,39
1.8625,1.8205128205128205,39
1.863,1.7692307692307692,39
1.8635,1.7692307692307692,39
1.864,1.7692307692307692,39
1.8645,1.7692307692307692,39
1.865,1.7179487179487178,39
1.8655,1.7179487179487178,39
1.866,1.6923076923076923,39
1.8665,1.6923076923076923,39
1.867,1.7179487179487178,39
1.8675,1.7179487179487178,39
1.868,1.7179487179487178,39
1.8685,1.7179487179487178,39
1.869,1.7179487179487178,39
1.8695,1.7179487179487178,39
1.87,1.7179487179487178,39
1.8705,1.6842105263157894,38
1.871,1.6842105263157894,38
1.8715,1.6842105263157894,38
1.872,1.6578947368421053,38
1.8725,1.631578947368421,38
1.873,1.631578947368421,38
1.8735,1.631578947368421,38
1.874,1.631578947368421,38
1.8745,1.631578947368421,38
1.875,1.631578947368421,38
1.8755,1.631578947368421,38
1.876,1.631578947368421,38
1.8765,1.605263157894737,38
1.877,1.605263157894737,38
1.8775,1.605263157894737,38
1.878,1.605263157894737,38
1.8785,1.605263157894737,38
1.879,1.605263157894737,38
1.8795,1.631578947368421,38
1.88,1.631578947368421,38
1.8805,1.631578947368421,38
1.881,1.631578947368421,38
1.8815,1.631578947368421,38
1.882,1.631578947368421,38
1.8825,1.0,1
1.883,1.0,1
1.8835,1.0,1
1.884,1.0,1
1.8845,1.0,1
1.885,1.0,1
1.8855,1.0,1
1.886,1.0,1
1.8865,1.0,1
1.887,1.0,1
1.8875,1.0,1
1.888,1.0,1
1.8885,1.0,1
1.889,1.0,1
1.8895,1.0,1
1.89,1.0,1
1.8905,1.0,1
1.891,1.7105263157894737,38
1.8915,1.0,1
1.892,1.0,1
1.8925,1.0,1
1.893,1.0,1
1.8935,1.0,1
1.894,1.0,1
1.8945,1.0,1
1.895,1.0,1
1.8955,1.0,1
1.896,1.0,1
1.8965,1.0,1
1.897,1.0,1
1.8975,1.0,1
1.898,1.0,1
1.8985,1.0,1
1.899,1.0,1
1.8995,1.0,1
1.9,1.0,1
1.9005,1.0,1
1.901,1.0,1
1.9015,1.0,1
1.902,1.0,1
1.9025,1.0,1
1.903,1.0,1
1.9035,1.0,1
1.904,1.0,1
1.9045,1.0,1
1.905,1.0,1
1.9055,1.0,1
1.906,1.0,1
1.9065,1.0,1
1.907,1.0,1
1.9075,1.0,1
1.908,1.0,1
1.9085,1.0,1
1.909,1.0,1
1.9095,1.0,1
1.91,1.0,1
1.9105,1.0,1
1.911,1.0,1
1.9115,1.0,1
1.912,1.0,1
1.9125,1.0,1
1.913,1.5,2
1.9135,1.5,2
1.914,1.5,2
1.9145,1.5,2
1.915,1.5,2
1.9155,1.5,2
1.916,1.5,2
1.9165,1.0,1
1.917,1.0,1
1.9175,1.0,1
1.918,1.0,1
1.9185,1.0,1
1.919,1.0,1
1.9195,1.0,1
1.92,1.0,1
1.9205,1.0,1
1.921,1.0,1
1.9215,1.0,1
1.922,1.0,1
1.9225,1.0,1
1.923,1.0,1
1.9235,1.0,1
1.924,1.0,1
1.9245,1.0,1
1.925,1.0,1
1.9255,1.0,1
1.926,1.0,1
1.9265,1.0,1
1.927,1.0,1
1.9275,1.0,1
1.928,1.0,1
1.9285,1.0,1
1.929,1.0,1
1.9295,1.0,1
1.93,1.0,1
1.9305,1.0,1
1.931,1.0,1
1.9315,1.0,1
1.932,1.0,1
1.9325,1.0,1
1.933,1.0,1
1.9335,1.0,1
1.934,1.0,1
1.9345,1.0,1
1.935,1.0,1
1.9355,1.0,1
1.936,1.65,40
1.9365,1.65,40
1.937,1.65,40
1.9375,1.65,40
1.938,1.0,1
1.9385,1.0,1
1.939,1.65,40
1.9395,1.65,40
1.94,1.65,40
1.9405,1.65,40
1.941,1.65,40
1.9415,1.65,40
1.942,1.65,40
1.9425,1.65,40
1.943,1.65,40
1.9435,1.65,40
1.944,1.675,40
1.9445,1.675,40
1.945,1.65,40
1.9455,1.65,40
1.946,1.65,40
1.9465,1.65,40
1.947,1.625,40
1.9475,1.625,40
1.948,1.625,40
1.9485,1.625,40
1.949,1.625,40
1.9495,1.65,40
1.95,1.0,1
1.9505,1.0,1
1.951,1.6666666666666667,39
1.9515,1.6666666666666667,39
1.952,1.641025641025641,39
1.9525,1.0,1
1.953,1.0,1
1.9535,1.0,1
1.954,1.0,1
1.9545,1.0,1
1.955,1.0,1
1.9555,1.0,1
1.956,1.0,1
1.9565,1.0,1
1.957,1.0,1
1.9575,1.0,1
1.958,1.0,1
1.9585,1.0,1
1.959,1.0,1
1.9595,1.0,1
1.96,1.0,1
1.9605,1.0,1
1.961,1.0,1
1.9615,1.0,1
1.962,1.0,1
1.9625,1.0,1
1.963,1.0,1
1.9635,1.0,1
1.964,1.0,1
1.9645,1.0,1
1.965,1.0,1
1.9655,1.0,1
1.966,1.641025641025641,39
1.9665,1.641025641025641,39
1.967,1.65,40
1.9675,1.65,40
1.968,1.65,40
1.9685,1.625,40
1.969,1.6341463414634145,41
1.9695,1.6097560975609757,41
1.97,1.6097560975609757,41
1.9705,1.6097560975609757,41
1.971,1.6097560975609757,41
1.9715,1.6097560975609757,41
1.972,1.6097560975609757,41
1.9725,1.6097560975609757,41
1.973,1.6097560975609757,41
1.9735,1.6097560975609757,41
1.974,1.6341463414634145,41
1.9745,1.6341463414634145,41
1.975,1.6585365853658536,41
1.9755,1.6585365853658536,41
1.976,1.6585365853658536,41
1.9765,1.6585365853658536,41
1.977,1.65,40
1.9775,1.65,40
1.978,1.65,40
1.9785,1.65,40
1.979,1.65,40
1.9795,1.65,40
1.98,1.675,40
1.9805,1.675,40
1.981,1.675,40
1.9815,1.675,40
1.982,1.65,40
1.9825,1.65,40
1.983,1.625,40
1.9835,1.625,40
1.984,1.625,40
1.9845,1.625,40
1.985,1.625,40
1.9855,1.6,40
1.986,1.6,40
1.9865,1.6,40
1.987,1.6,40
1.9875,1.6,40
1.988,1.6,40
1.9885,1.6,40
1.989,1.6153846153846154,39
1.9895,1.6153846153846154,39
1.99,1.6153846153846154,39
1.9905,1.6153846153846154,39
1.991,1.625,40
1.9915,1.65,40
1.992,1.65,40
1.9925,1.65,40
1.993,1.65,40
1.9935,1.65,40
1.994,1.65,40
1.9945,1.65,40
1.995,1.65,40
1.9955,1.65,40
1.996,1.65,40
1.9965,1.65,40
1.997,1.65,40
1.9975,1.65,40
1.998,1.65,40
1.9985,1.6923076923076923,39
1.999,1.6923076923076923,39
1.9995,1.6923076923076923,39
2.0,1.6842105263157894,38
2.0005,1.6842105263157894,38
2.001,1.7105263157894737,38
2.0015,1.7105263157894737,38
2.002,1.7105263157894737,38
2.0025,1.7105263157894737,38
2.003,1.7105263157894737,38
2.0035,1.7105263157894737,38
2.004,1.7105263157894737,38
2.0045,1.7105263157894737,38
2.005,1.7105263157894737,38
2.0055,1.7105263157894737,38
2.006,1.7105263157894737,38
2.0065,1.7105263157894737,38
2.007,1.7105263157894737,38
2.0075,1.736842105263158,38
2.008,1.736842105263158,38
2.0085,1.736842105263158,38
2.009,1.736842105263158,38
2.0095,1.7105263157894737,38
2.01,1.7105263157894737,38
2.0105,1.7105263157894737,38
2.011,1.7105263157894737,38
2.0115,1.7105263157894737,38
2.012,1.6842105263157894,38
2.0125,1.6842105263157894,38
2.013,1.6842105263157894,38
2.0135,1.6578947368421053,38
2.014,1.6578947368421053,38
2.0145,1.6578947368421053,38
2.015,1.6578947368421053,38
2.0155,1.6578947368421053,38
2.016,1.6578947368421053,38
2.0165,1.6842105263157894,38
2.017,1.6842105263157894,38
2.0175,1.6842105263157894,38
2.018,1.6842105263157894,38
2.0185,1.6842105263157894,38
2.019,1.6842105263157894,38
2.0195,1.6578947368421053,38
2.02,1.6578947368421053,38
2.0205,1.6578947368421053,38
2.021,1.6842105263157894,38
2.0215,1.6842105263157894,38
2.022,1.6842105263157894,38
2.0225,1.6842105263157894,38
2.023,1.6578947368421053,38
2.0235,1.631578947368421,38
2.024,1.631578947368421,38
2.0245,1.631578947368421,38
2.025,1.631578947368421,38
2.0255,1.6578947368421053,38
2.026,1.6578947368421053,38
2.0265,1.6578947368421053,38
2.027,1.6578947368421053,38
2.0275,1.6578947368421053,38
2.028,1.6578947368421053,38
2.0285,1.6842105263157894,38
2.029,1.7105263157894737,38
2.0295,1.7105263157894737,38
2.03,1.7105263157894737,38
2.0305,1.7105263157894737,38
2.031,1.7105263157894737,38
2.0315,1.7105263157894737,38
2.032,1.7179487179487178,39
2.0325,1.7179487179487178,39
2.033,1.7179487179487178,39
2.0335,1.7179487179487178,39
2.034,1.7435897435897436,39
2.0345,1.7435897435897436,39
2.035,1.7179487179487178,39
2.0355,1.7179487179487178,39
2.036,1.7435897435897436,39
2.0365,1.7435897435897436,39
2.037,1.736842105263158,38
2.0375,1.736842105263158,38
2.038,1.763157894736842,38
2.0385,1.763157894736842,38
2.039,1.763157894736842,38
2.0395,1.7179487179487178,39
2.04,1.7179487179487178,39
2.0405,1.7179487179487178,39
2.041,1.7179487179487178,39
2.0415,1.7179487179487178,39
2.042,1.7179487179487178,39
2.0425,1.7179487179487178,39
2.043,1.7179487179487178,39
2.0435,1.7179487179487178,39
2.044,1.7179487179487178,39
2.0445,1.7179487179487178,39
2.045,1.7179487179487178,39
2.0455,1.7179487179487178,39
2.046,1.7179487179487178,39
2.0465,1.7179487179487178,39
2.047,1.7179487179487178,39
2.0475,1.7179487179487178,39
2.048,1.7179487179487178,39
2.0485,1.7179487179487178,39
2.049,1.7179487179487178,39
2.0495,1.7179487179487178,39
2.05,1.7179487179487178,39
2.0505,1.7179487179487178,39
2.051,1.7179487179487178,39
2.0515,1.7179487179487178,39
2.052,1.7179487179487178,39
2.0525,1.7435897435897436,39
2.053,1.7435897435897436,39
2.0535,1.7435897435897436,39
2.054,1.7435897435897436,39
2.0545,1.7435897435897436,39
2.055,1.7435897435897436,39
2.0555,1.7435897435897436,39
2.056,1.7179487179487178,39
2.0565,1.7435897435897436,39
2.057,1.7435897435897436,39
2.0575,1.7692307692307692,39
2.058,1.7692307692307692,39
2.0585,1.7692307692307692,39
2.059,1.0,1
2.0595,1.0,1
2.06,1.0,1
2.0605,1.0,1
2.061,1.0,1
2.0615,1.0,1
2.062,1.0,1
2.0625,1.0,1
2.063,1.0,1
2.0635,1.0,1
2.064,1.0,1
2.0645,1.0,1
2.065,1.0,1
2.0655,1.0,1
2.066,1.0,1
2.0665,1.0,1
2.067,1.0,1
2.0675,1.0,1
2.068,1.0,1
2.0685,1.7179487179487178,39
2.069,1.0,1
2.0695,1.0,1
2.07,1.0,1
2.0705,1.7435897435897436,39
2.071,1.7179487179487178,39
2.0715,1.7179487179487178,39
2.072,1.7179487179487178,39
2.0725,1.7179487179487178,39
2.073,1.736842105263158,38
2.0735,1.736842105263158,38
2.074,1.736842105263158,38
2.0745,1.763157894736842,38
2.075,1.763157894736842,38
2.0755,1.763157894736842,38
2.076,1.763157894736842,38
2.0765,1.763157894736842,38
2.077,1.763157894736842,38
2.0775,1.763157894736842,38
2.078,1.763157894736842,38
2.0785,1.763157894736842,38
2.079,1.763157894736842,38
2.0795,1.7894736842105263,38
2.08,1.8157894736842106,38
2.0805,1.7894736842105263,38
2.081,1.7692307692307692,39
2.0815,1.75,40
2.082,1.725,40
2.0825,1.725,40
2.083,1.725,40
2.0835,1.725,40
2.084,1.725,40
2.0845,1.725,40
2.085,1.725,40
2.0855,1.725,40
2.086,1.725,40
2.0865,1.725,40
2.087,1.725,40
2.0875,1.725,40
2.088,1.725,40
2.0885,1.725,40
2.089,1.725,40
2.0895,1.725,40
2.09,1.725,40
2.0905,1.725,40
2.091,1.725,40
2.0915,1.75,40
2.092,1.75,40
2.0925,1.775,40
2.093,1.7560975609756098,41
2.0935,1.7317073170731707,41
2.094,1.7317073170731707,41
2.0945,1.7317073170731707,41
2.095,1.7317073170731707,41
2.0955,1.7317073170731707,41
2.096,1.7317073170731707,41
2.0965,1.725,40
2.097,1.7,40
2.0975,1.7,40
2.098,1.675,40
2.0985,1.675,40
2.099,1.675,40
2.0995,1.7,40
2.1,1.675,40
2.1005,1.675,40
2.101,1.675,40
2.1015,1.7,40
2.102,1.7,40
2.1025,1.725,40
2.103,1.75,40
2.1035,1.7692307692307692,39
2.104,1.7692307692307692,39
2.1045,1.794871794871795,39
2.105,1.794871794871795,39
2.1055,1.794871794871795,39
2.106,1.8,40
2.1065,1.8,40
2.107,1.8,40
2.1075,1.8,40
2.108,1.8,40
2.1085,1.8,40
2.109,1.8,40
2.1095,1.8,40
2.11,1.8,40
2.1105,1.775,40
2.111,1.775,40
2.1115,1.775,40
2.112,1.775,40
2.1125,1.75,40
2.113,1.725,40
2.1135,1.725,40
2.114,1.725,40
2.1145,1.725,40
2.115,1.725,40
2.1155,1.725,40
2.116,1.725,40
2.1165,1.725,40
2.117,1.725,40
2.1175,1.725,40
2.118,1.725,40
2.1185,1.725,40
2.119,1.725,40
2.1195,1.725,40
2.12,1.725,40
2.1205,1.725,40
2.121,1.7073170731707317,41
2.1215,1.6829268292682926,41
2.122,1.6585365853658536,41
2.1225,1.6585365853658536,41
2.123,1.6585365853658536,41
2.1235,1.6585365853658536,41
2.124,1.6829268292682926,41
2.1245,1.6829268292682926,41
2.125,1.6829268292682926,41
2.1255,1.6585365853658536,41
2.126,1.6585365853658536,41
2.1265,1.6585365853658536,41
2.127,1.6585365853658536,41
2.1275,1.6585365853658536,41
2.128,1.6585365853658536,41
2.1285,1.6585365853658536,41
2.129,1.6585365853658536,41
2.1295,1.6585365853658536,41
2.13,1.6585365853658536,41
2.1305,1.6585365853658536,41
2.131,1.6585365853658536,41
2.1315,1.6585365853658536,41
2.132,1.6585365853658536,41
2.1325,1.6829268292682926,41
2.133,1.6829268292682926,41
2.1335,1.6829268292682926,41
2.134,1.6829268292682926,41
2.1345,1.6829268292682926,41
2.135,1.6829268292682926,41
2.1355,1.6829268292682926,41
2.136,1.6829268292682926,41
2.1365,1.6585365853658536,41
2.137,1.6829268292682926,41
2.1375,1.6829268292682926,41
2.138,1.6829268292682926,41
2.1385,1.6585365853658536,41
2.139,1.6585365853658536,41
2.1395,1.6829268292682926,41
2.14,1.6829268292682926,41
2.1405,1.7073170731707317,41
2.141,1.7073170731707317,41
2.1415,1.6829268292682926,41
2.142,1.6829268292682926,41
2.1425,1.6829268292682926,41
2.143,1.6829268292682926,41
2.1435,1.6829268292682926,41
2.144,1.6829268292682926,41
2.1445,1.6829268292682926,41
2.145,1.7073170731707317,41
2.1455,1.7073170731707317,41
2.146,1.7073170731707317,41
2.1465,1.7073170731707317,41
2.147,1.7073170731707317,41
2.1475,1.7073170731707317,41
2.148,1.7073170731707317,41
2.1485,1.7073170731707317,41
2.149,1.7073170731707317,41
2.1495,1.7073170731707317,41
2.15,1.7073170731707317,41
2.1505,1.7073170731707317,41
2.151,1.7073170731707317,41
2.1515,1.7317073170731707,41
2.152,1.7560975609756098,41
2.1525,1.7560975609756098,41
2.153,1.7560975609756098,41
2.1535,1.7560975609756098,41
2.154,1.7560975609756098,41
2.1545,1.7560975609756098,41
2.155,1.7317073170731707,41
2.1555,1.7317073170731707,41
2.156,1.7560975609756098,41
2.1565,1.7560975609756098,41
2.157,1.7317073170731707,41
2.1575,1.7317073170731707,41
2.158,1.7317073170731707,41
2.1585,1.7317073170731707,41
2.159,1.7073170731707317,41
2.1595,1.7073170731707317,41
2.16,1.6829268292682926,41
2.1605,1.6829268292682926,41
2.161,1.6585365853658536,41
2.1615,1.6585365853658536,41
2.162,1.6666666666666667,42
2.1625,1.6666666666666667,42
2.163,1.6666666666666667,42
2.1635,1.6585365853658536,41
2.164,1.7073170731707317,41
2.1645,1.725,40
2.165,1.725,40
2.1655,1.7435897435897436,39
2.166,1.7435897435897436,39
2.1665,1.7435897435897436,39
2.167,1.7179487179487178,39
2.1675,1.7179487179487178,39
2.168,1.7179487179487178,39
2.1685,1.6923076923076923,39
2.169,1.6923076923076923,39
2.1695,1.6923076923076923,39
2.17,1.6923076923076923,39
2.1705,1.6923076923076923,39
2.171,1.6923076923076923,39
2.1715,1.6923076923076923,39
2.172,1.6923076923076923,39
2.1725,1.6923076923076923,39
2.173,1.6923076923076923,39
2.1735,1.6923076923076923,39
2.174,1.6923076923076923,39
2.1745,1.6666666666666667,39
2.175,1.6666666666666667,39
2.1755,1.6666666666666667,39
2.176,1.641025641025641,39
2.1765,1.641025641025641,39
2.177,1.641025641025641,39
2.1775,1.641025641025641,39
2.178,1.641025641025641,39
2.1785,1.6153846153846154,39
2.179,1.6153846153846154,39
2.1795,1.6153846153846154,39
2.18,1.5897435897435896,39
2.1805,1.5897435897435896,39
2.181,1.641025641025641,39
2.1815,1.6666666666666667,39
2.182,1.6666666666666667,39
2.1825,1.6666666666666667,39
2.183,1.6666666666666667,39
2.1835,1.6666666666666667,39
2.184,1.641025641025641,39
2.1845,1.641025641025641,39
2.185,1.641025641025641,39
2.1855,1.641025641025641,39
2.186,1.641025641025641,39
2.1865,1.641025641025641,39
2.187,1.641025641025641,39
2.1875,1.6153846153846154,39
2.188,1.6153846153846154,39
2.1885,1.6153846153846154,39
2.189,1.6153846153846154,39
2.1895,1.6153846153846154,39
2.19,1.641025641025641,39
2.1905,1.641025641025641,39
2.191,1.641025641025641,39
2.1915,1.6153846153846154,39
2.192,1.6666666666666667,39
2.1925,1.641025641025641,39
2.193,1.6666666666666667,39
2.1935,1.6666666666666667,39
2.194,1.641025641025641,39
2.1945,1.641025641025641,39
2.195,1.641025641025641,39
2.1955,1.641025641025641,39
2.196,1.641025641025641,39
2.1965,1.641025641025641,39
2.197,1.6666666666666667,39
2.1975,1.6666666666666667,39
2.198,1.6666666666666667,39
2.1985,1.6923076923076923,39
2.199,1.6923076923076923,39
2.1995,1.725,40
2.2,1.725,40
2.2005,1.725,40
2.201,1.725,40
2.2015,1.725,40
2.202,1.725,40
2.2025,1.725,40
2.203,1.725,40
2.2035,1.725,40
2.204,1.725,40
2.2045,1.725,40
2.205,1.725,40
2.2055,1.725,40
2.206,1.725,40
2.2065,1.725,40
2.207,1.7,40
2.2075,1.7,40
2.208,1.7,40
2.2085,1.725,40
2.209,1.75,40
2.2095,1.75,40
2.21,1.75,40
2.2105,1.775,40
2.211,1.775,40
2.2115,1.775,40
2.212,1.775,40
2.2125,1.775,40
2.213,1.7435897435897436,39
2.2135,1.7179487179487178,39
2.214,1.7179487179487178,39
2.2145,1.7435897435897436,39
2.215,1.7435897435897436,39
2.2155,1.7435897435897436,39
2.216,1.7692307692307692,39
2.2165,1.7692307692307692,39
2.217,1.7692307692307692,39
2.2175,1.7692307692307692,39
2.218,1.7692307692307692,39
2.2185,1.7692307692307692,39
2.219,1.7692307692307692,39
2.2195,1.7692307692307692,39
2.22,1.794871794871795,39
2.2205,1.8205128205128205,39
2.221,1.8205128205128205,39
2.2215,1.8205128205128205,39
2.222,1.8205128205128205,39
2.2225,1.794871794871795,39
2.223,1.8205128205128205,39
2.2235,1.794871794871795,39
2.224,1.8157894736842106,38
2.2245,1.7894736842105263,38
2.225,1.7894736842105263,38
2.2255,1.763157894736842,38
2.226,1.763157894736842,38
2.2265,1.736842105263158,38
2.227,1.763157894736842,38
2.2275,1.763157894736842,38
2.228,1.763157894736842,38
2.2285,1.763157894736842,38
2.229,1.7105263157894737,38
2.2295,1.7105263157894737,38
2.23,1.6842105263157894,38
2.2305,1.7105263157894737,38
2.231,1.736842105263158,38
2.2315,1.736842105263158,38
2.232,1.763157894736842,38
2.2325,1.763157894736842,38
2.233,1.736842105263158,38
2.2335,1.736842105263158,38
2.234,1.8157894736842106,38
2.2345,1.7894736842105263,38
2.235,1.8157894736842106,38
2.2355,1.7894736842105263,38
2.236,1.7894736842105263,38
2.2365,1.7894736842105263,38
2.237,1.7894736842105263,38
2.2375,1.7837837837837838,37
2.238,1.7837837837837838,37
2.2385,1.7837837837837838,37
2.239,1.7567567567567568,37
2.2395,1.7297297297297298,37
2.24,1.7297297297297298,37
2.2405,1.736842105263158,38
2.241,1.736842105263158,38
2.2415,1.736842105263158,38
2.242,1.763157894736842,38
2.2425,1.763157894736842,38
2.243,1.736842105263158,38
2.2435,1.736842105263158,38
2.244,1.7105263157894737,38
2.2445,1.6842105263157894,38
2.245,1.7105263157894737,38
2.2455,1.7105263157894737,38
2.246,1.763157894736842,38
2.2465,1.7567567567567568,37
2.247,1.7027027027027026,37
2.2475,1.7027027027027026,37
2.248,1.6756756756756757,37
2.2485,1.6756756756756757,37
2.249,1.7027027027027026,37
2.2495,1.7027027027027026,37
2.25,1.6578947368421053,38
2.2505,1.631578947368421,38
2.251,1.631578947368421,38
2.2515,1.6578947368421053,38
2.252,1.6578947368421053,38
2.2525,1.6578947368421053,38
2.253,1.6578947368421053,38
2.2535,1.6578947368421053,38
2.254,1.6578947368421053,38
2.2545,1.6578947368421053,38
2.255,1.6578947368421053,38
2.2555,1.6578947368421053,38
2.256,1.6486486486486487,37
2.2565,1.6486486486486487,37
2.257,1.6216216216216217,37
2.2575,1.6486486486486487,37
2.258,1.6388888888888888,36
2.2585,1.6388888888888888,36
2.259,1.6944444444444444,36
2.2595,1.6944444444444444,36
2.26,1.6944444444444444,36
2.2605,1.6944444444444444,36
2.261,1.6944444444444444,36
2.2615,1.6944444444444444,36
2.262,1.6666666666666667,36
2.2625,1.6666666666666667,36
2.263,1.6666666666666667,36
2.2635,1.6666666666666667,36
2.264,1.6666666666666667,36
2.2645,1.6666666666666667,36
2.265,1.6666666666666667,36
2.2655,1.6666666666666667,36
2.266,1.6666666666666667,36
2.2665,1.6666666666666667,36
2.267,1.6944444444444444,36
2.2675,1.6666666666666667,36
2.268,1.6666666666666667,36
2.2685,1.6944444444444444,36
2.269,1.6944444444444444,36
2.2695,1.6944444444444444,36
2.27,1.6388888888888888,36
2.2705,1.6285714285714286,35
2.271,1.6,35
2.2715,1.6285714285714286,35
2.272,1.6571428571428573,35
2.2725,1.6571428571428573,35
2.273,1.6571428571428573,35
2.2735,1.6571428571428573,35
2.274,1.6571428571428573,35
2.2745,1.6571428571428573,35
2.275,1.6571428571428573,35
2.2755,1.6285714285714286,35
2.276,1.6285714285714286,35
2.2765,1.6285714285714286,35
2.277,1.6285714285714286,35
2.2775,1.6285714285714286,35
2.278,1.6285714285714286,35
2.2785,1.6285714285714286,35
2.279,1.6571428571428573,35
2.2795,1.6388888888888888,36
2.28,1.6111111111111112,36
2.2805,1.5833333333333333,36
2.281,1.5833333333333333,36
2.2815,1.5833333333333333,36
2.282,1.5833333333333333,36
2.2825,1.5833333333333333,36
2.283,1.5945945945945945,37
2.2835,1.6216216216216217,37
2.284,1.6216216216216217,37
2.2845,1.6216216216216217,37
2.285,1.5945945945945945,37
2.2855,1.5675675675675675,37
2.286,1.5675675675675675,37
2.2865,1.5675675675675675,37
2.287,1.5675675675675675,37
2.2875,1.5945945945945945,37
2.288,1.5945945945945945,37
2.2885,1.6153846153846154,39
2.289,1.6153846153846154,39
2.2895,1.6153846153846154,39
2.29,1.6153846153846154,39
2.2905,1.6153846153846154,39
2.291,1.6153846153846154,39
2.2915,1.641025641025641,39
2.292,1.641025641025641,39
2.2925,1.641025641025641,39
2.293,1.641025641025641,39
2.2935,1.641025641025641,39
2.294,1.641025641025641,39
2.2945,1.6666666666666667,39
2.295,1.6666666666666667,39
2.2955,1.6666666666666667,39
2.296,1.6666666666666667,39
2.2965,1.6666666666666667,39
2.297,1.6666666666666667,39
2.2975,1.6923076923076923,39
2.298,1.6923076923076923,39
2.2985,1.7435897435897436,39
2.299,1.7435897435897436,39
2.2995,1.75,40
2.3,1.75,36
2.3005,1.75,36
2.301,1.75,36
2.3015,1.7777777777777777,36
2.302,1.7777777777777777,36
2.3025,1.75,36
2.303,1.75,36
2.3035,1.75,36
2.304,1.75,36
2.3045,1.7222222222222223,36
2.305,1.7222222222222223,36
2.3055,1.75,36
2.306,1.7222222222222223,36
2.3065,1.7222222222222223,36
2.307,1.7222222222222223,36
2.3075,1.7222222222222223,36
2.308,1.7222222222222223,36
2.3085,1.7222222222222223,36
2.309,1.7222222222222223,36
2.3095,1.7222222222222223,36
2.31,1.7222222222222223,36
2.3105,1.6944444444444444,36
2.311,1.6666666666666667,36
2.3115,1.6666666666666667,36
2.312,1.6666666666666667,36
2.3125,1.6666666666666667,36
2.313,1.6666666666666667,36
2.3135,1.6666666666666667,36
2.314,1.6666666666666667,36
2.3145,1.6666666666666667,36
2.315,1.6666666666666667,36
2.3155,1.6666666666666667,36
2.316,1.6944444444444444,36
2.3165,1.6944444444444444,36
2.317,1.6944444444444444,36
2.3175,1.6944444444444444,36
2.318,1.6944444444444444,36
2.3185,1.7222222222222223,36
2.319,1.75,36
2.3195,1.641025641025641,39
2.32,1.641025641025641,39
2.3205,1.631578947368421,38
2.321,1.641025641025641,39
2.3215,1.6666666666666667,39
2.322,1.641025641025641,39
2.3225,1.641025641025641,39
2.323,1.0,1
2.3235,1.0,1
2.324,1.0,1
2.3245,1.641025641025641,39
2.325,1.641025641025641,39
2.3255,1.641025641025641,39
2.326,1.641025641025641,39
2.3265,1.6666666666666667,39
2.327,1.6666666666666667,39
2.3275,1.6666666666666667,39
2.328,1.6578947368421053,38
2.3285,1.631578947368421,38
2.329,1.631578947368421,38
2.3295,1.631578947368421,38
2.33,1.631578947368421,38
2.3305,1.631578947368421,38
2.331,1.631578947368421,38
2.3315,1.631578947368421,38
2.332,1.631578947368421,38
2.3325,1.6578947368421053,38
2.333,1.6578947368421053,38
2.3335,1.6578947368421053,38
2.334,1.6578947368421053,38
2.3345,1.6578947368421053,38
2.335,1.6578947368421053,38
2.3355,1.6578947368421053,38
2.336,1.6578947368421053,38
2.3365,1.6578947368421053,38
2.337,1.6578947368421053,38
2.3375,1.6842105263157894,38
2.338,1.6578947368421053,38
2.3385,1.631578947368421,38
2.339,1.631578947368421,38
2.3395,1.631578947368421,38
2.34,1.631578947368421,38
2.3405,1.631578947368421,38
2.341,1.6578947368421053,38
2.3415,1.6578947368421053,38
2.342,1.6578947368421053,38
2.3425,1.6486486486486487,37
2.343,1.6486486486486487,37
2.3435,1.6486486486486487,37
2.344,1.6486486486486487,37
2.3445,1.6666666666666667,39
2.345,1.6486486486486487,37
2.3455,1.6486486486486487,37
2.346,1.6756756756756757,37
2.3465,1.6756756756756757,37
2.347,1.6756756756756757,37
2.3475,1.0,1
2.348,1.0,1
2.3485,1.0,1
2.349,1.6756756756756757,37
2.3495,1.6756756756756757,37
2.35,1.6756756756756757,37
2.3505,1.7027027027027026,37
2.351,1.7297297297297298,37
2.3515,1.7297297297297298,37
2.352,1.7567567567567568,37
2.3525,1.7297297297297298,37
2.353,1.7297297297297298,37
2.3535,1.7297297297297298,37
2.354,1.7297297297297298,37
2.3545,1.7297297297297298,37
2.355,1.6756756756756757,37
2.3555,1.6486486486486487,37
2.356,1.6486486486486487,37
2.3565,1.6486486486486487,37
2.357,1.6756756756756757,37
2.3575,1.6756756756756757,37
2.358,1.6756756756756757,37
2.3585,1.7027027027027026,37
2.359,1.7027027027027026,37
2.3595,1.6756756756756757,37
2.36,1.6756756756756757,37
2.3605,1.6756756756756757,37
2.361,1.6756756756756757,37
2.3615,1.6756756756756757,37
2.362,1.6756756756756757,37
2.3625,1.6756756756756757,37
2.363,1.6756756756756757,37
2.3635,1.7027027027027026,37
2.364,1.7027027027027026,37
2.3645,1.7027027027027026,37
2.365,1.7027027027027026,37
2.3655,1.7027027027027026,37
2.366,1.6486486486486487,37
2.3665,1.6486486486486487,37
2.367,1.6486486486486487,37
2.3675,1.6486486486486487,37
2.368,1.6486486486486487,37
2.3685,1.6486486486486487,37
2.369,1.6486486486486487,37
2.3695,1.6756756756756757,37
2.37,1.6756756756756757,37
2.3705,1.6756756756756757,37
2.371,1.6756756756756757,37
2.3715,1.6756756756756757,37
2.372,1.6756756756756757,37
2.3725,1.6756756756756757,37
2.373,1.6756756756756757,37
2.3735,1.6756756756756757,37
2.374,1.6756756756756757,37
2.3745,1.6756756756756757,37
2.375,1.6756756756756757,37
2.3755,1.0,1
2.376,1.0,1
2.3765,1.0,1
2.377,1.0,1
2.3775,1.0,1
2.378,1.0,1
2.3785,1.0,1
2.379,1.0,1
2.3795,1.0,1
2.38,1.0,1
2.3805,1.0,1
2.381,1.0,1
2.3815,1.0,1
2.382,1.0,1
2.3825,1.0,1
2.383,1.0,1
2.3835,1.6756756756756757,37
2.384,1.6756756756756757,37
2.3845,1.6756756756756757,37
2.385,1.7027027027027026,37
2.3855,1.7027027027027026,37
2.386,1.7027027027027026,37
2.3865,1.0,1
2.387,1.0,1
2.3875,1.7222222222222223,36
2.388,1.7222222222222223,36
2.3885,1.7222222222222223,36
2.389,1.7222222222222223,36
2.3895,1.75,36
2.39,1.75,36
2.3905,1.75,36
2.391,1.75,36
2.3915,1.75,36
2.392,1.75,36
2.3925,1.75,36
2.393,1.75,36
2.3935,1.75,36
2.394,1.75,36
2.3945,1.75,36
2.395,1.7837837837837838,37
2.3955,1.7567567567567568,37
2.396,1.7567567567567568,37
2.3965,1.7567567567567568,37
2.397,1.7567567567567568,37
2.3975,1.7567567567567568,37
2.398,1.7297297297297298,37
2.3985,1.7027027027027026,37
2.399,1.6756756756756757,37
2.3995,1.6756756756756757,37
2.4,1.6756756756756757,37
2.4005,1.6756756756756757,37
2.401,1.0,1
2.4015,1.0,1
2.402,1.6756756756756757,37
2.4025,1.6756756756756757,37
2.403,1.6756756756756757,37
2.4035,1.0,1
2.404,1.0,1
2.4045,1.0,1
2.405,1.6486486486486487,37
2.4055,1.6486486486486487,37
2.406,1.6486486486486487,37
2.4065,1.0,1
2.407,1.0,1
2.4075,1.0,1
2.408,1.0,1
2.4085,1.0,1
2.409,1.0,1
2.4095,1.0,1
2.41,1.0,1
2.4105,1.0,1
2.411,1.0,1
2.4115,1.0,1
2.412,1.0,1
2.4125,1.6666666666666667,39
2.413,1.6666666666666667,39
2.4135,1.641025641025641,39
2.414,1.0,1
2.4145,1.0,1
2.415,1.0,1
2.4155,1.641025641025641,39
2.416,1.641025641025641,39
2.4165,1.6153846153846154,39
2.417,1.6153846153846154,39
2.4175,1.5897435897435896,39
2.418,1.5897435897435896,39
2.4185,1.6153846153846154,39
2.419,1.0,1
2.4195,1.0,1
2.42,1.6153846153846154,39
2.4205,1.0,1
2.421,1.0,1
2.4215,1.0,1
2.422,1.0,1
2.4225,1.0,1
2.423,1.6216216216216217,37
2.4235,1.6216216216216217,37
2.424,1.0,1
2.4245,1.0,1
2.425,1.0,1
2.4255,0.0,0
2.426,0.0,0
2.4265,0.0,0
2.427,0.0,0
2.4275,0.0,0
2.428,1.5897435897435896,39
2.4285,1.0,1
2.429,1.0,1
2.4295,1.0,1
2.43,1.0,1
2.4305,1.0,1
2.431,1.0,1
2.4315,1.0,1
2.432,1.0,1
2.4325,1.0,1
2.433,1.0,1
2.4335,1.0,1
2.434,1.641025641025641,39
2.4345,1.631578947368421,38
2.435,1.631578947368421,38
2.4355,1.631578947368421,38
2.436,1.631578947368421,38
2.4365,1.631578947368421,38
2.437,1.631578947368421,38
2.4375,1.631578947368421,38
2.438,1.631578947368421,38
2.4385,1.6842105263157894,38
2.439,1.6842105263157894,38
2.4395,1.6578947368421053,38
2.44,1.6842105263157894,38
2.4405,1.7105263157894737,38
2.441,1.6842105263157894,38
2.4415,1.7105263157894737,38
2.442,1.7105263157894737,38
2.4425,1.7105263157894737,38
2.443,1.7105263157894737,38
2.4435,1.7105263157894737,38
2.444,1.725,40
2.4445,1.725,40
2.445,1.725,40
2.4455,1.725,40
2.446,1.725,40
2.4465,1.725,40
2.447,1.725,40
2.4475,1.725,40
2.448,1.7317073170731707,41
2.4485,1.7317073170731707,41
2.449,1.7317073170731707,41
2.4495,1.7317073170731707,41
2.45,1.7560975609756098,41
2.4505,1.7317073170731707,41
2.451,1.7317073170731707,41
2.4515,1.7317073170731707,41
2.452,1.7317073170731707,41
2.4525,1.7317073170731707,41
2.453,1.7317073170731707,41
2.4535,1.7317073170731707,41
2.454,1.7073170731707317,41
2.4545,1.7073170731707317,41
2.455,1.7317073170731707,41
2.4555,1.7317073170731707,41
2.456,1.7073170731707317,41
2.4565,1.7073170731707317,41
2.457,1.7317073170731707,41
2.4575,1.7317073170731707,41
2.458,1.7317073170731707,41
2.4585,1.7317073170731707,41
2.459,1.7317073170731707,41
2.4595,1.7317073170731707,41
2.46,1.7317073170731707,41
2.4605,1.7317073170731707,41
2.461,1.7317073170731707,41
2.4615,1.7317073170731707,41
2.462,1.7560975609756098,41
2.4625,1.7560975609756098,41
2.463,1.7560975609756098,41
2.4635,1.7560975609756098,41
2.464,1.7560975609756098,41
2.4645,1.7560975609756098,41
2.465,1.7560975609756098,41
2.4655,1.7560975609756098,41
2.466,1.7560975609756098,41
2.4665,1.7560975609756098,41
2.467,1.7560975609756098,41
2.4675,1.7560975609756098,41
2.468,1.7560975609756098,41
2.4685,1.7317073170731707,41
2.469,1.7317073170731707,41
2.4695,1.7317073170731707,41
2.47,1.7317073170731707,41
2.4705,1.7317073170731707,41
2.471,1.7560975609756098,41
2.4715,1.75,40
2.472,1.725,40
2.4725,1.725,40
2.473,1.725,40
2.4735,1.725,40
2.474,1.725,40
2.4745,1.725,40
2.475,1.725,40
2.4755,1.725,40
2.476,1.725,40
2.4765,1.725,40
2.477,1.75,40
2.4775,1.75,40
2.478,1.75,40
2.4785,1.75,40
2.479,1.75,40
2.4795,1.75,40
2.48,1.775,40
2.4805,1.775,40
2.481,1.775,40
2.4815,1.775,40
2.482,1.75,40
2.4825,1.75,40
2.483,1.75,40
2.4835,1.75,40
2.484,1.725,40
2.4845,1.75,40
2.485,1.75,40
2.4855,1.725,40
2.486,1.7317073170731707,41
2.4865,1.7560975609756098,41
2.487,1.7560975609756098,41
2.4875,1.7317073170731707,41
2.488,1.7317073170731707,41
2.4885,1.7317073170731707,41
2.489,1.7317073170731707,41
2.4895,1.7317073170731707,41
2.49,1.7317073170731707,41
2.4905,0.0,0
2.491,0.0,0
2.4915,1.7380952380952381,42
2.492,1.7380952380952381,42
2.4925,1.7380952380952381,42
2.493,1.7142857142857142,42
2.4935,1.7142857142857142,42
2.494,1.7142857142857142,42
2.4945,1.7142857142857142,42
2.495,1.7142857142857142,42
2.4955,1.7619047619047619,42
2.496,1.7619047619047619,42
2.4965,1.7619047619047619,42
2.497,1.7619047619047619,42
2.4975,1.7619047619047619,42
2.498,1.7619047619047619,42
2.4985,0.0,0
2.499,1.7804878048780488,41
2.4995,1.7619047619047619,42
2.5,1.7619047619047619,42
2.5005,1.7857142857142858,42
2.501,1.7857142857142858,42
2.5015,1.7857142857142858,42
2.502,1.7857142857142858,42
2.5025,1.7619047619047619,42
2.503,1.7619047619047619,42
2.5035,1.7857142857142858,42
2.504,1.7857142857142858,42
2.5045,1.7619047619047619,42
2.505,1.7857142857142858,42
2.5055,1.7857142857142858,42
2.506,1.7857142857142858,42
2.5065,1.8095238095238095,42
2.507,1.8095238095238095,42
2.5075,1.8095238095238095,42
2.508,1.8095238095238095,42
2.5085,1.8095238095238095,42
2.509,1.8095238095238095,42
2.5095,1.8333333333333333,42
2.51,1.8333333333333333,42
2.5105,1.8333333333333333,42
2.511,1.8333333333333333,42
2.5115,1.8571428571428572,42
2.512,1.8571428571428572,42
2.5125,1.8571428571428572,42
2.513,1.880952380952381,42
2.5135,1.880952380952381,42
2.514,1.880952380952381,42
2.5145,1.8571428571428572,42
2.515,1.8333333333333333,42
2.5155,1.8095238095238095,42
2.516,1.8095238095238095,42
2.5165,1.7906976744186047,43
2.517,1.7906976744186047,43
2.5175,1.7906976744186047,43
2.518,0.0,0
2.5185,0.0,0
2.519,0.0,0
2.5195,0.0,0
2.52,0.0,0
2.5205,1.813953488372093,43
2.521,1.813953488372093,43
2.5215,1.813953488372093,43
2.522,1.813953488372093,43
2.5225,1.8372093023255813,43
2.523,1.813953488372093,43
2.5235,1.813953488372093,43
2.524,1.813953488372093,43
2.5245,1.7906976744186047,43
2.525,1.7906976744186047,43
2.5255,1.7906976744186047,43
2.526,1.813953488372093,43
2.5265,1.813953488372093,43
2.527,1.8604651162790697,43
2.5275,1.8604651162790697,43
2.528,1.8604651162790697,43
2.5285,1.8604651162790697,43
2.529,1.8604651162790697,43
2.5295,1.8604651162790697,43
2.53,1.8604651162790697,43
2.5305,1.8372093023255813,43
2.531,1.8372093023255813,43
2.5315,1.8372093023255813,43
2.532,1.8372093023255813,43
2.5325,1.8372093023255813,43
2.533,1.8372093023255813,43
2.5335,1.8604651162790697,43
2.534,1.8604651162790697,43
2.5345,1.8604651162790697,43
2.535,1.8636363636363635,44
2.5355,1.8636363636363635,44
2.536,1.8636363636363635,44
2.5365,1.8636363636363635,44
2.537,1.8636363636363635,44
2.5375,1.8636363636363635,44
2.538,1.8636363636363635,44
2.5385,1.8636363636363635,44
2.539,1.8636363636363635,44
2.5395,1.8636363636363635,44
2.54,1.8636363636363635,44
2.5405,1.8636363636363635,44
2.541,1.8444444444444446,45
2.5415,1.8444444444444446,45
2.542,1.8444444444444446,45
2.5425,1.8444444444444446,45
2.543,1.8,45
2.5435,1.8,45
2.544,1.8,45
2.5445,1.8,45
2.545,1.8222222222222222,45
2.5455,1.8222222222222222,45
2.546,1.8222222222222222,45
2.5465,1.8222222222222222,45
2.547,1.8222222222222222,45
2.5475,1.8444444444444446,45
2.548,1.8666666666666667,45
2.5485,1.8666666666666667,45
2.549,1.8444444444444446,45
2.5495,1.8444444444444446,45
2.55,1.8222222222222222,45
2.5505,1.8222222222222222,45
2.551,1.8444444444444446,45
2.5515,1.8444444444444446,45
2.552,1.8666666666666667,45
2.5525,1.8666666666666667,45
2.553,1.8444444444444446,45
2.5535,1.8444444444444446,45
2.554,1.8444444444444446,45
2.5545,1.8444444444444446,45
2.555,1.8444444444444446,45
2.5555,1.8666666666666667,45
2.556,1.8666666666666667,45
2.5565,1.8666666666666667,45
2.557,1.8666666666666667,45
2.5575,1.8666666666666667,45
2.558,1.8888888888888888,45
2.5585,1.8888888888888888,45
2.559,1.8888888888888888,45
2.5595,1.8888888888888888,45
2.56,1.8888888888888888,45
2.5605,1.8888888888888888,45
2.561,0.0,0
2.5615,1.8888888888888888,45
2.562,1.8888888888888888,45
2.5625,1.8888888888888888,45
2.563,1.8666666666666667,45
2.5635,1.8666666666666667,45
2.564,1.8666666666666667,45
2.5645,1.8666666666666667,45
2.565,1.8666666666666667,45
2.5655,1.8444444444444446,45
2.566,1.8444444444444446,45
2.5665,1.8222222222222222,45
2.567,1.8,45
2.5675,1.8,45
2.568,1.8,45
2.5685,1.7777777777777777,45
2.569,1.7777777777777777,45
2.5695,1.7777777777777777,45
2.57,1.7777777777777777,45
2.5705,1.7777777777777777,45
2.571,1.7777777777777777,45
2.5715,1.7777777777777777,45
2.572,1.7777777777777777,45
2.5725,1.7777777777777777,45
2.573,1.7777777777777777,45
2.5735,1.7777777777777777,45
2.574,1.8,45
2.5745,1.7777777777777777,45
2.575,1.7777777777777777,45
2.5755,1.8,45
2.576,1.7777777777777777,45
2.5765,0.0,0
2.577,0.0,0
2.5775,0.0,0
2.578,0.0,0
2.5785,0.0,0
2.579,0.0,0
2.5795,0.0,0
2.58,0.0,0
2.5805,0.0,0
2.581,0.0,0
2.5815,0.0,0
2.582,0.0,0
2.5825,0.0,0
2.583,0.0,0
2.5835,0.0,0
2.584,0.0,0
2.5845,0.0,0
2.585,0.0,0
2.5855,0.0,0
2.586,0.0,0
2.5865,1.7777777777777777,45
2.587,1.7555555555555555,45
2.5875,1.7333333333333334,45
2.588,1.7333333333333334,45
2.5885,1.7333333333333334,45
2.589,0.0,0
2.5895,0.0,0
2.59,0.0,0
2.5905,0.0,0
2.591,0.0,0
2.5915,0.0,0
2.592,0.0,0
2.5925,0.0,0
2.593,0.0,0
2.5935,0.0,0
2.594,0.0,0
2.5945,0.0,0
2.595,0.0,0
2.5955,0.0,0
2.596,0.0,0
2.5965,0.0,0
2.597,0.0,0
2.5975,0.0,0
2.598,0.0,0
2.5985,0.0,0
2.599,0.0,0
2.5995,0.0,0
2.6,0.0,0
2.6005,0.0,0
2.601,0.0,0
2.6015,0.0,0
2.602,0.0,0
2.6025,0.0,0
2.603,0.0,0
2.6035,0.0,0
2.604,0.0,0
2.6045,0.0,0
2.605,0.0,0
2.6055,0.0,0
2.606,0.0,0
2.6065,0.0,0
2.607,0.0,0
2.6075,0.0,0
2.608,0.0,0
2.6085,0.0,0
2.609,0.0,0
2.6095,0.0,0
2.61,0.0,0
2.6105,0.0,0
2.611,0.0,0
2.6115,0.0,0
2.612,0.0,0
2.6125,0.0,0
2.613,0.0,0
2.6135,0.0,0
2.614,0.0,0
2.6145,0.0,0
2.615,0.0,0
2.6155,0.0,0
2.616,1.8863636363636365,44
2.6165,1.8863636363636365,44
2.617,1.8863636363636365,44
2.6175,1.8636363636363635,44
2.618,1.8636363636363635,44
2.6185,1.8636363636363635,44
2.619,1.8444444444444446,45
2.6195,1.8444444444444446,45
2.62,1.8222222222222222,45
2.6205,1.8,45
2.621,1.8,45
2.6215,1.8,45
2.622,1.8,45
2.6225,1.8,45
2.623,1.8,45
2.6235,1.7777777777777777,45
2.624,1.7555555555555555,45
2.6245,1.75,44
2.625,1.75,44
2.6255,1.7727272727272727,44
2.626,1.7727272727272727,44
2.6265,1.7727272727272727,44
2.627,1.7954545454545454,44
2.6275,1.7777777777777777,45
2.628,1.7555555555555555,45
2.6285,1.7727272727272727,44
2.629,1.7727272727272727,44
2.6295,1.7777777777777777,45
2.63,1.7555555555555555,45
2.6305,1.7333333333333334,45
2.631,1.7333333333333334,45
2.6315,1.711111111111111,45
2.632,1.711111111111111,45
2.6325,1.6888888888888889,45
2.633,1.6888888888888889,45
2.6335,1.7045454545454546,44
2.634,1.6888888888888889,45
2.6345,1.6888888888888889,45
2.635,1.6888888888888889,45
2.6355,1.6818181818181819,44
2.636,1.7045454545454546,44
2.6365,1.7045454545454546,44
2.637,1.7045454545454546,44
2.6375,1.7272727272727273,44
2.638,1.7272727272727273,44
2.6385,1.7272727272727273,44
2.639,1.7272727272727273,44
2.6395,1.7272727272727273,44
2.64,1.7272727272727273,44
2.6405,1.7272727272727273,44
2.641,1.697674418604651,43
2.6415,1.7045454545454546,44
2.642,1.6511627906976745,43
2.6425,1.6511627906976745,43
2.643,1.6511627906976745,43
2.6435,1.6744186046511629,43
2.644,1.697674418604651,43
2.6445,1.7209302325581395,43
2.645,1.7209302325581395,43
2.6455,1.697674418604651,43
2.646,1.7272727272727273,44
2.6465,1.7272727272727273,44
2.647,1.7272727272727273,44
2.6475,1.75,44
2.648,1.75,44
2.6485,1.75,44
2.649,1.75,44
2.6495,1.75,44
2.65,1.7727272727272727,44
2.6505,1.7727272727272727,44
2.651,1.7954545454545454,44
2.6515,1.7954545454545454,44
2.652,1.7954545454545454,44
2.6525,1.8181818181818181,44
2.653,1.8181818181818181,44
2.6535,1.8409090909090908,44
2.654,1.8409090909090908,44
2.6545,1.8636363636363635,44
2.655,1.8409090909090908,44
2.6555,1.8409090909090908,44
2.656,1.8409090909090908,44
2.6565,1.8409090909090908,44
2.657,1.8409090909090908,44
2.6575,1.8409090909090908,44
2.658,1.8181818181818181,44
2.6585,1.7954545454545454,44
2.659,1.7954545454545454,44
2.6595,1.7954545454545454,44
2.66,1.7777777777777777,45
2.6605,1.7777777777777777,45
2.661,1.8,45
2.6615,1.8222222222222222,45
2.662,1.8222222222222222,45
2.6625,1.8222222222222222,45
2.663,1.8222222222222222,45
2.6635,1.8222222222222222,45
2.664,1.8222222222222222,45
2.6645,1.8222222222222222,45
2.665,1.8222222222222222,45
2.6655,1.8222222222222222,45
2.666,1.8222222222222222,45
2.6665,1.8,45
2.667,1.8,45
2.6675,1.8,45
2.668,1.8222222222222222,45
2.6685,1.8,45
2.669,1.8,45
2.6695,1.8,45
2.67,1.8,45
2.6705,1.8,45
2.671,1.8222222222222222,45
2.6715,1.8222222222222222,45
2.672,1.8222222222222222,45
2.6725,1.8222222222222222,45
2.673,1.8222222222222222,45
2.6735,1.8,45
2.674,1.8,45
2.6745,1.7777777777777777,45
2.675,1.7777777777777777,45
2.6755,1.7777777777777777,45
2.676,1.8,45
2.6765,1.8,45
2.677,1.8,45
2.6775,1.8,45
2.678,1.8,45
2.6785,1.8,45
2.679,1.8,45
2.6795,1.8,45
2.68,1.8,45
2.6805,1.7777777777777777,45
2.681,1.7777777777777777,45
2.6815,1.7555555555555555,45
2.682,1.7777777777777777,45
2.6825,1.7777777777777777,45
2.683,1.8,45
2.6835,1.8,45
2.684,1.8,45
2.6845,1.7777777777777777,45
2.685,1.8,45
2.6855,1.8,45
2.686,1.7777777777777777,45
2.6865,1.7777777777777777,45
2.687,1.7777777777777777,45
2.6875,1.7777777777777777,45
2.688,1.7777777777777777,45
2.6885,1.7777777777777777,45
2.689,1.8,45
2.6895,1.8,45
2.69,1.8222222222222222,45
2.6905,1.8,45
2.691,1.7777777777777777,45
2.6915,1.7777777777777777,45
2.692,1.7777777777777777,45
2.6925,1.7272727272727273,44
2.693,1.7272727272727273,44
2.6935,1.7272727272727273,44
2.694,1.7045454545454546,44
2.6945,1.7045454545454546,44
2.695,1.7045454545454546,44
2.6955,1.75,44
2.696,1.75,44
2.6965,1.75,44
2.697,1.7727272727272727,44
2.6975,1.7727272727272727,44
2.698,1.7954545454545454,44
2.6985,1.7954545454545454,44
2.699,1.7954545454545454,44
2.6995,1.7727272727272727,44
2.7,1.7272727272727273,44
2.7005,1.7272727272727273,44
2.701,1.7272727272727273,44
2.7015,1.7272727272727273,44
2.702,1.7272727272727273,44
2.7025,1.75,44
2.703,1.7727272727272727,44
2.7035,1.7727272727272727,44
2.704,1.7727272727272727,44
2.7045,1.7727272727272727,44
2.705,1.7727272727272727,44
2.7055,1.7272727272727273,44
2.706,1.744186046511628,43
2.7065,1.744186046511628,43
2.707,1.7209302325581395,43
2.7075,1.7209302325581395,43
2.708,1.697674418604651,43
2.7085,1.0,1
2.709,1.0,1
2.7095,1.0,1
2.71,1.0,1
2.7105,1.0,1
2.711,1.0,1
2.7115,1.0,1
2.712,1.0,1
2.7125,0.0,0
2.713,0.0,0
2.7135,0.0,0
2.714,0.0,0
2.7145,0.0,0
2.715,0.0,0
2.7155,1.0,1
2.716,1.0,1
2.7165,1.0,1
2.717,1.0,1
2.7175,1.0,1
2.718,1.0,1
2.7185,1.0,1
2.719,1.0,1
2.7195,1.0,1
2.72,1.0,1
2.7205,1.0,1
2.721,1.0,1
2.7215,1.0,1
2.722,1.0,1
2.7225,1.0,1
2.723,1.0,1
2.7235,1.0,1
2.724,1.0,1
2.7245,1.0,1
2.725,1.0,1
2.7255,1.0,1
2.726,1.0,1
2.7265,1.0,1
2.727,1.0,1
2.7275,1.0,1
2.728,1.0,1
2.7285,1.0,1
2.729,1.0,1
2.7295,1.0,1
2.73,1.0,1
2.7305,1.0,1
2.731,1.0,1
2.7315,1.0,1
2.732,1.0,1
2.7325,1.0,1
2.733,1.0,1
2.7335,1.0,1
2.734,1.0,1
2.7345,1.0,1
2.735,1.0,1
2.7355,1.0,1
2.736,1.0,1
2.7365,1.0,1
2.737,1.0,1
2.7375,1.0,1
2.738,1.0,1
2.7385,1.7954545454545454,44
2.739,1.7727272727272727,44
2.7395,1.7727272727272727,44
2.74,1.0,1
2.7405,1.0,1
2.741,1.0,1
2.7415,1.0,1
2.742,1.0,1
2.7425,1.0,1
2.743,0.0,0
2.7435,0.0,0
2.744,0.0,0
2.7445,0.0,0
2.745,0.0,0
2.7455,0.0,0
2.746,0.0,0
2.7465,0.0,0
2.747,0.0,0
2.7475,1.6818181818181819,44
2.748,1.6818181818181819,44
2.7485,1.6818181818181819,44
2.749,1.6744186046511629,43
2.7495,0.0,0
2.75,0.0,0
2.7505,1.697674418604651,43
2.751,0.0,0
2.7515,0.0,0
2.752,0.0,0
2.7525,1.744186046511628,43
2.753,1.744186046511628,43
2.7535,1.7674418604651163,43
2.754,1.7906976744186047,43
2.7545,1.7906976744186047,43
2.755,1.7906976744186047,43
2.7555,1.7906976744186047,43
2.756,1.7906976744186047,43
2.7565,1.7906976744186047,43
2.757,1.7906976744186047,43
2.7575,1.7906976744186047,43
2.758,1.8372093023255813,43
2.7585,1.8372093023255813,43
2.759,1.8372093023255813,43
2.7595,1.813953488372093,43
2.76,1.7906976744186047,43
2.7605,1.7906976744186047,43
2.761,1.7906976744186047,43
2.7615,1.813953488372093,43
2.762,1.813953488372093,43
2.7625,1.8372093023255813,43
2.763,1.8372093023255813,43
2.7635,1.813953488372093,43
2.764,1.813953488372093,43
2.7645,1.813953488372093,43
2.765,1.813953488372093,43
2.7655,1.813953488372093,43
2.766,1.813953488372093,43
2.7665,1.813953488372093,43
2.767,1.7906976744186047,43
2.7675,1.7906976744186047,43
2.768,1.7674418604651163,43
2.7685,1.7674418604651163,43
2.769,1.7674418604651163,43
2.7695,1.7674418604651163,43
2.77,1.7674418604651163,43
2.7705,1.7674418604651163,43
2.771,1.744186046511628,43
2.7715,1.744186046511628,43
2.772,1.7906976744186047,43
2.7725,1.7906976744186047,43
2.773,1.7906976744186047,43
2.7735,1.7674418604651163,43
2.774,1.7674418604651163,43
2.7745,1.8372093023255813,43
2.775,1.8604651162790697,43
2.7755,1.8604651162790697,43
2.776,1.8604651162790697,43
2.7765,1.8604651162790697,43
2.777,1.8372093023255813,43
2.7775,1.813953488372093,43
2.778,1.813953488372093,43
2.7785,1.744186046511628,43
2.779,1.744186046511628,43
2.7795,1.7674418604651163,43
2.78,1.7674418604651163,43
2.7805,1.7906976744186047,43
2.781,1.7906976744186047,43
2.7815,1.7906976744186047,43
2.782,1.7906976744186047,43
2.7825,1.7906976744186047,43
2.783,1.7674418604651163,43
2.7835,1.7674418604651163,43
2.784,1.7674418604651163,43
2.7845,1.7906976744186047,43
2.785,1.7674418604651163,43
2.7855,1.7619047619047619,42
2.786,1.7619047619047619,42
2.7865,1.7674418604651163,43
2.787,1.7674418604651163,43
2.7875,1.744186046511628,43
2.788,1.744186046511628,43
2.7885,1.7317073170731707,41
2.789,1.744186046511628,43
2.7895,1.744186046511628,43
2.79,1.7209302325581395,43
2.7905,1.7209302325581395,43
2.791,1.697674418604651,43
2.7915,1.697674418604651,43
2.792,1.697674418604651,43
2.7925,1.7209302325581395,43
2.793,1.7209302325581395,43
2.7935,1.7209302325581395,43
2.794,1.7674418604651163,43
2.7945,1.7674418604651163,43
2.795,1.7906976744186047,43
2.7955,1.7674418604651163,43
2.796,1.7674418604651163,43
2.7965,1.7674418604651163,43
2.797,1.7674418604651163,43
2.7975,1.7674418604651163,43
2.798,1.7674418604651163,43
2.7985,1.7674418604651163,43
2.799,1.7674418604651163,43
2.7995,1.744186046511628,43
2.8,1.744186046511628,43
2.8005,1.744186046511628,43
2.801,1.744186046511628,43
2.8015,1.744186046511628,43
2.802,1.744186046511628,43
2.8025,1.744186046511628,43
2.803,1.7317073170731707,41
2.8035,1.7073170731707317,41
2.804,1.7073170731707317,41
2.8045,1.7,40
2.805,1.7073170731707317,41
2.8055,1.6829268292682926,41
2.806,1.6829268292682926,41
2.8065,1.6829268292682926,41
2.807,1.6829268292682926,41
2.8075,1.6829268292682926,41
2.808,1.6829268292682926,41
2.8085,1.6829268292682926,41
2.809,1.6829268292682926,41
2.8095,1.6829268292682926,41
2.81,1.6585365853658536,41
2.8105,1.6585365853658536,41
2.811,1.6585365853658536,41
2.8115,1.6585365853658536,41
2.812,1.6585365853658536,41
2.8125,1.6341463414634145,41
2.813,1.6341463414634145,41
2.8135,1.6341463414634145,41
2.814,1.6341463414634145,41
2.8145,1.6428571428571428,42
2.815,1.6904761904761905,42
2.8155,1.6904761904761905,42
2.816,1.6666666666666667,42
2.8165,1.6428571428571428,42
2.817,1.6428571428571428,42
2.8175,1.619047619047619,42
2.818,1.6341463414634145,41
2.8185,1.6341463414634145,41
2.819,0.0,1
2.8195,1.0,1
2.82,1.6341463414634145,41
2.8205,1.6341463414634145,41
2.821,1.6341463414634145,41
2.8215,1.6341463414634145,41
2.822,1.6829268292682926,41
2.8225,1.6585365853658536,41
2.823,1.7,40
2.8235,1.7,40
2.824,1.7,40
2.8245,1.7,40
2.825,1.7,40
2.8255,1.725,40
2.826,1.725,40
2.8265,1.725,40
2.827,1.725,40
2.8275,1.725,40
2.828,1.725,40
2.8285,1.75,40
2.829,1.75,40
2.8295,1.775,40
2.83,1.775,40
2.8305,1.775,40
2.831,1.7692307692307692,39
2.8315,1.7435897435897436,39
2.832,1.7435897435897436,39
2.8325,1.7435897435897436,39
2.833,1.7435897435897436,39
2.8335,1.7435897435897436,39
2.834,1.7435897435897436,39
2.8345,1.7435897435897436,39
2.835,1.7435897435897436,39
2.8355,1.7435897435897436,39
2.836,1.7435897435897436,39
2.8365,1.7435897435897436,39
2.837,1.7435897435897436,39
2.8375,1.75,40
2.838,1.75,40
2.8385,1.75,40
2.839,1.75,40
2.8395,1.75,40
2.84,1.75,40
2.8405,1.75,40
2.841,1.75,40
2.8415,1.75,40
2.842,1.75,40
2.8425,1.75,40
2.843,1.75,40
2.8435,1.75,40
2.844,1.75,40
2.8445,1.75,40
2.845,1.8,40
2.8455,1.8,40
2.846,1.8,40
2.8465,1.75,40
2.847,1.75,40
2.8475,1.725,40
2.848,1.725,40
2.8485,1.725,40
2.849,1.725,40
2.8495,1.725,40
2.85,1.725,40
2.8505,1.725,40
2.851,1.7,40
2.8515,1.725,40
2.852,1.75,40
2.8525,1.775,40
2.853,1.775,40
2.8535,1.775,40
2.854,1.8,40
2.8545,1.8,40
2.855,1.775,40
2.8555,1.775,40
2.856,1.775,40
2.8565,1.775,40
2.857,1.775,40
2.8575,1.8,40
2.858,1.8,40
2.8585,1.8,40
2.859,1.825,40
2.8595,1.8048780487804879,41
2.86,1.8048780487804879,41
2.8605,1.8048780487804879,41
2.861,1.8048780487804879,41
2.8615,1.829268292682927,41
2.862,1.829268292682927,41
2.8625,1.829268292682927,41
2.863,1.829268292682927,41
2.8635,1.829268292682927,41
2.864,1.8048780487804879,41
2.8645,1.8048780487804879,41
2.865,1.8048780487804879,41
2.8655,1.7804878048780488,41
2.866,1.7804878048780488,41
2.8665,1.7560975609756098,41
2.867,1.7317073170731707,41
2.8675,1.7317073170731707,41
2.868,1.7317073170731707,41
2.8685,1.7317073170731707,41
2.869,1.7560975609756098,41
2.8695,1.7560975609756098,41
2.87,1.7804878048780488,41
2.8705,1.7560975609756098,41
2.871,1.7560975609756098,41
2.8715,1.7560975609756098,41
2.872,1.7560975609756098,41
2.8725,1.8048780487804879,41
2.873,1.8048780487804879,41
2.8735,1.829268292682927,41
2.874,1.829268292682927,41
2.8745,1.853658536585366,41
2.875,1.853658536585366,41
2.8755,1.853658536585366,41
2.876,1.853658536585366,41
2.8765,1.853658536585366,41
2.877,1.829268292682927,41
2.8775,1.8048780487804879,41
2.878,1.8048780487804879,41
2.8785,1.8048780487804879,41
2.879,1.8048780487804879,41
2.8795,1.829268292682927,41
2.88,1.8048780487804879,41
2.8805,1.8048780487804879,41
2.881,1.7560975609756098,41
2.8815,1.7804878048780488,41
2.882,1.7804878048780488,41
2.8825,1.7804878048780488,41
2.883,1.7804878048780488,41
2.8835,1.7804878048780488,41
2.884,1.7804878048780488,41
2.8845,1.7804878048780488,41
2.885,1.7804878048780488,41
2.8855,1.7804878048780488,41
2.886,1.7804878048780488,41
2.8865,1.7804878048780488,41
2.887,1.7317073170731707,41
2.8875,1.7619047619047619,42
2.888,1.7619047619047619,42
2.8885,1.7142857142857142,42
2.889,1.7142857142857142,42
2.8895,1.7142857142857142,42
2.89,1.7142857142857142,42
2.8905,1.7142857142857142,42
2.891,1.7142857142857142,42
2.8915,1.7142857142857142,42
2.892,1.7142857142857142,42
2.8925,1.7380952380952381,42
2.893,1.7380952380952381,42
2.8935,1.7380952380952381,42
2.894,1.7380952380952381,42
2.8945,1.7380952380952381,42
2.895,1.7380952380952381,42
2.8955,1.7380952380952381,42
2.896,1.7380952380952381,42
2.8965,1.7380952380952381,42
2.897,1.7380952380952381,42
2.8975,1.7380952380952381,42
2.898,1.7380952380952381,42
2.8985,1.7380952380952381,42
2.899,1.7380952380952381,42
2.8995,1.7619047619047619,42
2.9,1.7857142857142858,42
2.9005,1.7857142857142858,42
2.901,1.8095238095238095,42
2.9015,1.8095238095238095,42
2.902,1.8095238095238095,42
2.9025,1.8095238095238095,42
2.903,1.7857142857142858,42
2.9035,1.7857142857142858,42
2.904,1.7857142857142858,42
2.9045,1.7619047619047619,42
2.905,1.7857142857142858,42
2.9055,1.7857142857142858,42
2.906,1.7857142857142858,42
2.9065,1.8095238095238095,42
2.907,1.8095238095238095,42
2.9075,1.8095238095238095,42
2.908,1.813953488372093,43
2.9085,1.813953488372093,43
2.909,1.813953488372093,43
2.9095,1.813953488372093,43
2.91,1.813953488372093,43
2.9105,1.813953488372093,43
2.911,1.813953488372093,43
2.9115,1.813953488372093,43
2.912,1.813953488372093,43
2.9125,1.813953488372093,43
2.913,1.813953488372093,43
2.9135,1.7906976744186047,43
2.914,1.7906976744186047,43
2.9145,1.813953488372093,43
2.915,1.813953488372093,43
2.9155,1.813953488372093,43
2.916,1.813953488372093,43
2.9165,1.813953488372093,43
2.917,1.7674418604651163,43
2.9175,1.7209302325581395,43
2.918,1.7209302325581395,43
2.9185,1.7209302325581395,43
2.919,1.7209302325581395,43
2.9195,1.7209302325581395,43
2.92,1.7209302325581395,43
2.9205,1.7209302325581395,43
2.921,1.7209302325581395,43
2.9215,1.7209302325581395,43
2.922,1.7209302325581395,43
2.9225,1.7209302325581395,43
2.923,1.7209302325581395,43
2.9235,1.7209302325581395,43
2.924,1.7209302325581395,43
2.9245,1.7209302325581395,43
2.925,1.744186046511628,43
2.9255,1.7209302325581395,43
2.926,1.7209302325581395,43
2.9265,1.7209302325581395,43
2.927,1.697674418604651,43
2.9275,1.697674418604651,43
2.928,1.697674418604651,43
2.9285,1.697674418604651,43
2.929,1.697674418604651,43
2.9295,1.697674418604651,43
2.93,1.697674418604651,43
2.9305,1.697674418604651,43
2.931,1.697674418604651,43
2.9315,1.7209302325581395,43
2.932,1.744186046511628,43
2.9325,1.744186046511628,43
2.933,1.744186046511628,43
2.9335,1.7209302325581395,43
2.934,1.7209302325581395,43
2.9345,1.7209302325581395,43
2.935,1.7209302325581395,43
2.9355,1.7272727272727273,44
2.936,1.7045454545454546,44
2.9365,1.7272727272727273,44
2.937,1.75,44
2.9375,1.75,44
2.938,1.7727272727272727,44
2.9385,1.7906976744186047,43
2.939,1.7906976744186047,43
2.9395,1.7906976744186047,43
2.94,1.7906976744186047,43
2.9405,1.7906976744186047,43
2.941,1.7674418604651163,43
2.9415,1.744186046511628,43
2.942,1.7209302325581395,43
2.9425,1.7209302325581395,43
2.943,1.7209302325581395,43
2.9435,1.7209302325581395,43
2.944,1.697674418604651,43
2.9445,1.697674418604651,43
2.945,1.697674418604651,43
2.9455,1.697674418604651,43
2.946,1.7209302325581395,43
2.9465,1.7209302325581395,43
2.947,1.7209302325581395,43
2.9475,1.7209302325581395,43
2.948,1.7272727272727273,44
2.9485,1.7272727272727273,44
2.949,1.7272727272727273,44
2.9495,1.7272727272727273,44
2.95,1.7272727272727273,44
2.9505,1.7272727272727273,44
2.951,1.7045454545454546,44
2.9515,1.7045454545454546,44
2.952,1.7209302325581395,43
2.9525,1.744186046511628,43
2.953,1.744186046511628,43
2.9535,1.7674418604651163,43
2.954,1.7674418604651163,43
2.9545,1.7674418604651163,43
2.955,1.7674418604651163,43
2.9555,1.744186046511628,43
2.956,1.744186046511628,43
2.9565,1.7142857142857142,42
2.957,1.7209302325581395,43
2.9575,1.7209302325581395,43
2.958,1.7209302325581395,43
2.9585,1.7209302325581395,43
2.959,1.7209302325581395,43
2.9595,1.7209302325581395,43
2.96,1.7209302325581395,43
2.9605,1.7209302325581395,43
2.961,1.744186046511628,43
2.9615,1.7674418604651163,43
2.962,1.7674418604651163,43
2.9625,1.7674418604651163,43
2.963,1.7674418604651163,43
2.9635,1.7674418604651163,43
2.964,1.7674418604651163,43
2.9645,1.7674418604651163,43
2.965,1.7674418604651163,43
2.9655,1.7674418604651163,43
2.966,1.7674418604651163,43
2.9665,1.7674418604651163,43
2.967,1.7674418604651163,43
2.9675,1.7674418604651163,43
2.968,1.7906976744186047,43
2.9685,1.813953488372093,43
2.969,1.813953488372093,43
2.9695,1.813953488372093,43
2.97,1.813953488372093,43
2.9705,1.813953488372093,43
2.971,1.813953488372093,43
2.9715,1.7906976744186047,43
2.972,1.7906976744186047,43
2.9725,1.7906976744186047,43
2.973,1.7906976744186047,43
2.9735,1.7906976744186047,43
2.974,1.7906976744186047,43
2.9745,1.7906976744186047,43
2.975,1.7906976744186047,43
2.9755,1.813953488372093,43
2.976,1.8372093023255813,43
2.9765,1.8372093023255813,43
2.977,1.7954545454545454,44
2.9775,1.7954545454545454,44
2.978,1.8409090909090908,44
2.9785,1.8409090909090908,44
2.979,1.8409090909090908,44
2.9795,1.8636363636363635,44
2.98,1.8636363636363635,44
2.9805,1.8636363636363635,44
2.981,1.8636363636363635,44
2.9815,1.8636363636363635,44
2.982,1.8409090909090908,44
2.9825,1.8409090909090908,44
2.983,1.8409090909090908,44
2.9835,1.8409090909090908,44
2.984,1.8636363636363635,44
2.9845,1.8636363636363635,44
2.985,1.8636363636363635,44
2.9855,1.8181818181818181,44
2.986,1.8181818181818181,44
2.9865,1.8181818181818181,44
2.987,1.8181818181818181,44
2.9875,1.8181818181818181,44
2.988,1.8181818181818181,44
2.9885,1.7954545454545454,44
2.989,1.7727272727272727,44
2.9895,1.75,44
2.99,1.7272727272727273,44
2.9905,1.75,44
2.991,1.75,44
2.9915,1.75,44
2.992,1.75,44
2.9925,1.75,44
2.993,1.75,44
2.9935,1.7727272727272727,44
2.994,1.7727272727272727,44
2.9945,1.7727272727272727,44
2.995,1.7727272727272727,44
2.9955,1.0,1
2.996,1.0,1
2.9965,1.0,1
2.997,1.7954545454545454,44
2.9975,1.8409090909090908,44
2.998,1.8181818181818181,44
2.9985,1.8181818181818181,44
2.999,1.8181818181818181,44
2.9995,1.8181818181818181,44
3.0,1.8181818181818181,44
