Frame,Time_fs,LBHB_Fraction,Avg_Wire_Length,Hodge_Gradient_Pct,Hodge_Curl_Pct,Hodge_Harmonic_Pct
0.0,0.0,0.0,0.0,99.99999858217929,0.0,0.004749902904577427
0.5,0.25,0.0,0.0,99.99999857906049,0.0,0.0047555035410430145
1.0,0.5,0.0,0.0,99.99999857551786,0.0,0.004761906722528988
1.5,0.75,0.0,0.0,99.99999857176421,0.0,0.004768721101218638
2.0,1.0,0.0,0.0,99.99999855392396,0.0,0.004781955324593451
2.5,1.25,0.0,0.0,99.99999850704434,0.0,0.004932073392158088
3.0,1.5,0.0,0.0,99.9999985042564,0.0,0.004937803869209405
3.5,1.75,0.0,0.0,99.99999850225679,0.0,0.004942019537054332
4.0,2.0,0.0008051529790660225,0.0,99.99999850112096,0.0,0.00494456647067852
4.5,2.25,0.0014503263234227702,0.0,99.99999850085582,0.0,0.004945423627837135
5.0,2.5,0.001978891820580475,0.0,99.99999850137715,0.0,0.004944748302571359
5.5,2.75,0.0024227740763173833,0.0,99.99999882114142,0.0,0.0037253983233579845
6.0,3.0,0.002799552071668533,0.0,99.99999881955168,0.0,0.0037288264858087957
6.5,3.25,0.003121748178980229,0.0,99.99999897920634,0.0,0.0035702173041596065
7.0,3.5,0.0033980582524271844,0.0,99.99999852332977,0.0,0.004303391312008061
7.5,3.75,0.003639672429481347,0.0,99.9999985221025,0.0,0.00430620822902044
8.0,4.0,0.003852739726027397,0.0,99.99999852092138,0.0,0.004309136053515226
8.5,4.25,0.004042037186742118,0.0,99.99999851977167,0.0,0.004312259617084303
9.0,4.5,0.004208110175975516,0.0,99.9999988773128,0.0,0.0033424395744763584
9.5,4.75,0.004357298474945534,0.0,99.99999887750788,0.0,0.0033432025364437136
10.0,5.0,0.004492052522460262,0.0,99.99999887785475,0.0,0.0033437107872789497
10.5,5.25,0.004614370468029005,0.0,99.99999887820509,0.0,0.003344121200889775
11.0,5.5,0.004725897920604915,0.0,99.99999887843099,0.0,0.0033445649053488375
11.5,5.75,0.004832376925400181,0.0,99.99999799824874,0.0,0.003983930861465984
12.0,6.0,0.004933255948926291,0.0,99.99999752087322,0.0,0.00461862329040283
12.5,6.25,0.005025125628140704,0.0,99.99999880348474,0.0,0.0029708981125731553
13.0,6.5,0.005111649179445789,0.0,99.99999859012034,0.0,0.0031341171470445446
13.5,6.75,0.005193456245131135,0.0,99.99999816259997,0.0,0.0039319031749713166
14.0,7.0,0.005271084337349397,0.0,99.99999822141353,0.0,0.004234121177283994
14.5,7.25,0.005344995140913508,0.0,99.99999811635183,0.0,0.0050752369103782774
15.0,7.5,0.005414312617702448,0.0,99.99999902233509,0.0,0.003630956253092349
15.5,7.75,0.005476951163852123,0.0,99.99999781209765,0.0,0.004655735789176289
16.0,8.0,0.005535872453498672,0.0,99.99999781521836,0.0,0.004652692687915369
16.5,8.25,0.005591397849462366,0.0,99.99999781838952,0.0,0.004649857729497255
17.0,8.5,0.005642633228840125,0.0,99.9999979738945,0.0,0.0045604413433945
17.5,8.75,0.005688744412840309,0.0,99.9999987488708,0.0,0.003396745573838345
18.0,9.0,0.005733491498616054,0.0,99.99999883222026,0.0,0.0029165993189011626
18.5,9.25,0.005582290664100096,0.0,99.9999988889059,0.0,0.0028194768820935033
19.0,9.5,0.005438859714928732,0.0,99.99999889663258,0.0,0.002807748427796109
19.5,9.75,0.005302614737611995,0.0,99.99999890432854,0.0,0.002796134069923269
20.0,10.0,0.005173028897609704,0.0,99.99999891129944,0.0,0.002785663827595667
20.5,10.25,0.005049625631203204,0.0,99.99999891681462,0.0,0.0027774070027130992
21.0,10.5,0.004930295817749065,0.0,99.99999836071011,0.0,0.004016885058868977
21.5,10.75,0.004816475668493606,0.0,99.9999983541065,0.0,0.004025445374242856
22.0,11.0,0.004708556583861016,0.0,99.99999849120064,0.0,0.003581474366322761
22.5,11.25,0.004604636392505557,0.0,99.9999987723791,0.0,0.0033732769284287654
23.0,11.5,0.004507304942493006,0.0,99.99999806219138,0.0,0.004647956543233179
23.5,11.75,0.004414003044140031,0.0,99.99999805848012,0.0,0.004650432725242137
24.0,12.0,0.004325130499627144,0.0,99.99999816780671,0.0,0.003889072139879019
24.5,12.25,0.0042385267465653315,0.0,99.99999875778406,0.0,0.0029882023760342724
25.0,12.5,0.004155323112193724,0.0,99.99999875857351,0.0,0.002987333036350255
25.5,12.75,0.004077042035709265,0.0,99.99999837343026,0.0,0.003254470795747076
26.0,13.0,0.004001655857596246,0.0,99.99999837087677,0.0,0.0032566517984699167
26.5,13.25,0.003929539295392954,0.0,99.99999743127498,0.0,0.005069197117959515
27.0,13.5,0.003859976041528018,0.0,99.9999974311536,0.0,0.005069773430917319
27.5,13.75,0.0037923368641297243,0.0,99.99999734080156,0.0,0.005140122595020913
28.0,14.0,0.003726548445129787,0.0,99.99999824943121,0.0,0.0034039699795530066
28.5,14.25,0.0036620785452708676,0.0,99.99999872703629,0.0,0.003391742734891003
29.0,14.5,0.0036006953066799107,0.0,99.99999756238712,0.0,0.004669046104984251
29.5,14.75,0.003540903540903541,0.0,99.99999736706536,0.0,0.004897425781093266
30.0,15.0,0.0036036036036036037,0.0,99.99999740228237,0.0,0.005612297122439448
30.5,15.25,0.0036643026004728133,0.0,99.99999739912401,0.0,0.005610710608877614
31.0,15.5,0.0037235280428205724,0.0,99.99999846027049,0.0,0.003639188667201266
31.5,15.75,0.0037813681677552422,0.0,99.99999850972728,0.0,0.003257345756590619
32.0,16.0,0.0038370387089493286,0.0,99.99999772285364,0.0,0.004779753527499049
32.5,16.25,0.0038910505836575876,0.0,99.99999772350789,0.0,0.0047805026922996185
33.0,16.5,0.003943476832073612,0.0,99.99999772418137,0.0,0.004781208671416683
33.5,16.75,0.003994386267947749,0.0,99.99999772480992,0.0,0.004781889727445722
34.0,17.0,0.004044704630122405,0.0,99.99999788516153,0.0,0.00545831536938866
34.5,17.25,0.004093628634407474,0.0,99.99999788847686,0.0,0.005457678583915515
35.0,17.5,0.004141215446733616,0.0,99.99999859761483,0.0,0.003428367204113459
35.5,17.75,0.004187519150240016,0.0,99.99999859724012,0.0,0.0034290688335553254
36.0,18.0,0.004233017536786938,0.0,99.9999987954259,0.0,0.003152906254429631
36.5,18.25,0.004277330150203919,0.0,99.99999879520396,0.0,0.003153716146635156
37.0,18.5,0.00432050274941084,0.0,99.99999879499674,0.0,0.0031546090075358765
37.5,18.75,0.004362578768783325,0.0,99.99999879478678,0.0,0.003155664973632293
38.0,19.0,0.0044035994639096306,0.0,99.99999879456773,0.0,0.0031569479065227104
38.5,19.25,0.004444024205748865,0.0,99.99999882273568,0.0,0.003438345773464929
39.0,19.5,0.004485142963931975,0.0,99.99999772680577,0.0,0.0058440410259106455
39.5,19.75,0.004524886877828055,0.0,99.99999810358477,0.0,0.00511015093600402
40.0,20.0,0.004562460078474313,0.0,99.99999864437024,0.0,0.003106680892078444
40.5,20.25,0.004598737601442741,0.0,99.99999695396193,0.0,0.006112517298231998
41.0,20.5,0.004633755123863839,0.0,99.99999678916282,0.0,0.006238984644573955
41.5,20.75,0.004667958428747578,0.0,99.99999678832113,0.0,0.006239138341383522
42.0,21.0,0.004701375587671948,0.0,99.99999678741213,0.0,0.006239327755313422
42.5,21.25,0.004733625957483432,0.0,99.99999758876639,0.0,0.005404214701195147
43.0,21.5,0.004765146358066712,0.0,99.9999975849996,0.0,0.005410481601639141
43.5,21.75,0.004795961295750947,0.0,99.9999975821865,0.0,0.0054156421307335716
44.0,22.0,0.004825692653298943,0.0,99.99999738454206,0.0,0.004949198474160728
44.5,22.25,0.004854768369949807,0.0,99.99999737793341,0.0,0.004957456592432125
45.0,22.5,0.004883209896638724,0.0,99.9999976899921,0.0,0.006652600804781117
45.5,22.75,0.00491182864964973,0.0,99.99999832079509,0.0,0.0036184572707474915
46.0,23.0,0.004939451880178458,0.0,99.99999828240091,0.0,0.0046473728887265
46.5,23.25,0.004966104367018761,0.0,99.99999704413659,0.0,0.006502222250534376
47.0,23.5,0.004991810311208174,0.0,99.99999898542127,0.0,0.0027834275486264544
47.5,23.75,0.005016980549552331,0.0,99.99999898414268,0.0,0.0027882237248572483
48.0,24.0,0.004965243296921549,0.0,99.99999898255851,0.0,0.002793515954566349
48.5,24.25,0.004914562225918645,0.0,99.99999707249681,0.0,0.004983213122735546
49.0,24.5,0.0048652694610778445,0.0,99.99999718945706,0.0,0.005337209229975168
49.5,24.75,0.004889975550122249,0.0,99.99999858548263,0.0,0.0033182048332696563
50.0,25.0,0.004914545587911685,0.0,99.99999813954744,0.0,0.0041026612062711
50.5,25.25,0.004938630256373012,0.0,99.99999814240822,0.0,0.004099997864639218
51.0,25.5,0.004962600690448792,0.0,99.999998175005,0.0,0.004320602112739788
51.5,25.75,0.004985754985754986,0.0,99.999998603426,0.0,0.003798121079780871
52.0,26.0,0.0050081117302673344,0.0,99.99999826571208,0.0,0.004094979913708344
52.5,26.25,0.0050300405197708535,0.0,99.99999826751403,0.0,0.004092202434373248
53.0,26.5,0.005051553525707564,0.0,99.9999982686117,0.0,0.004090650783374754
53.5,26.75,0.005072662462297779,0.0,99.99999826916059,0.0,0.004090059434640918
54.0,27.0,0.005093724531377343,0.0,99.99999696653016,0.0,0.0059096583285298595
54.5,27.25,0.0051140569275284304,0.0,99.9999983107769,0.0,0.0032195403230963916
55.0,27.5,0.005134017869049206,0.0,99.99999831273338,0.0,0.00321765060340671
55.5,27.75,0.005153617443012884,0.0,99.9999983144978,0.0,0.0032159031736091626
56.0,28.0,0.005172865374541645,0.0,99.99999831597454,0.0,0.0032143729732835016
56.5,28.25,0.005191771042897008,0.0,99.99999796945251,0.0,0.004190023303106605
57.0,28.5,0.005210343496719413,0.0,99.99999815400157,0.0,0.005510529418310535
57.5,28.75,0.0052285914684690425,0.0,99.99999815163152,0.0,0.00551385233035079
58.0,29.0,0.0052471867492729805,0.0,99.99999858973442,0.0,0.003713556192495209
58.5,29.25,0.00526579739217653,0.0,99.99999857593451,0.0,0.0033097240386687253
59.0,29.5,0.0052837695033256665,0.0,99.99999818871636,0.0,0.0037972841366466915
59.5,29.75,0.005240767001664714,0.0,99.99999831842071,0.0,0.004393124961075296
60.0,30.0,0.005198458809858724,0.0,99.99999831712454,0.0,0.004394355056495804
60.5,30.25,0.00515651540888134,0.0,99.99999780256262,0.0,0.004392716685354854
61.0,30.5,0.005115243425407715,0.0,99.99999775234546,0.0,0.004427780068978343
61.5,30.75,0.005074626865671642,0.0,99.99999723669227,0.0,0.005410498734829363
62.0,31.0,0.005034948465821585,0.0,99.99999827395311,0.0,0.004039015975447247
62.5,31.25,0.004995592124595945,0.0,99.99999789850183,0.0,0.004402406974819254
63.0,31.5,0.004956846279449498,0.0,99.99999790034562,0.0,0.004398917401927651
63.5,31.75,0.00491869683467392,0.0,99.99999790217953,0.0,0.0043954776489157224
64.0,32.0,0.004881410440475507,0.0,99.99999794365388,0.0,0.004362455545489868
64.5,32.25,0.004844132900210863,0.0,99.9999972185775,0.0,0.0049738207174771605
65.0,32.5,0.004807420394774051,0.0,99.99999718781038,0.0,0.0050092204634545855
65.5,32.75,0.0047712601740106655,0.0,99.99999730551906,0.0,0.004957223603448758
66.0,33.0,0.00473590372186316,0.0,99.99999828988425,0.0,0.0037671567393327654
66.5,33.25,0.004701067418837454,0.0,99.99999827301014,0.0,0.0037883551043894825
67.0,33.5,0.004666483667307164,0.0,99.99999800866681,0.0,0.004236721565060961
67.5,33.75,0.00463291001253611,0.0,99.99999809751992,0.0,0.003659726579120015
68.0,34.0,0.004599816007359705,0.0,99.99999809541224,0.0,0.003662795587123943
68.5,34.25,0.0045674368619022035,0.0,99.99999677942334,0.0,0.006088646428687978
69.0,34.5,0.004535268381175969,0.0,99.99999747654195,0.0,0.004945346392836884
69.5,34.75,0.004503311258278146,0.0,99.99999767149808,0.0,0.004378077790112547
70.0,35.0,0.004471801346801346,0.0,99.9999976763611,0.0,0.004373906405448921
70.5,35.25,0.004440497335701598,0.0,99.99999815054453,0.0,0.0040639649734348065
71.0,35.5,0.004409399802873891,0.0,99.99999786981444,0.0,0.004367723674304551
71.5,35.75,0.004378734803214507,0.0,99.99999786517043,0.0,0.004373753140670714
72.0,36.0,0.004348715849790239,0.0,99.99999765354745,0.0,0.004675287579285831
72.5,36.25,0.004318447391149723,0.0,99.99999863060756,0.0,0.0034199335426147574
73.0,36.5,0.004287948342834081,0.0,99.99999735775498,0.0,0.00514329370181547
73.5,36.75,0.004257877072584281,0.0,99.99999848643718,0.0,0.0038680373958694505
74.0,37.0,0.00422864534102781,0.0,99.99999879144808,0.0,0.0032254183475774537
74.5,37.25,0.004200019764798893,0.0,99.99999782400421,0.0,0.0037948643134540602
75.0,37.5,0.0041717791411042945,0.0,99.99999782132909,0.0,0.0037974971547103096
75.5,37.75,0.004143713742504753,0.0,99.99999776245666,0.0,0.0038478146783741413
76.0,38.0,0.0041160234371216894,0.0,99.99999850418857,0.0,0.004357178195000428
76.5,38.25,0.004088700755207081,0.0,99.99999850922852,0.0,0.004354303741915482
77.0,38.5,0.004061738424045491,0.0,99.9999985139436,0.0,0.004351619456065207
77.5,38.75,0.004035129361500119,0.0,99.99999851825774,0.0,0.004349191702314414
78.0,39.0,0.0040090557494575985,0.0,99.99999832773015,0.0,0.0033843794104255836
78.5,39.25,0.003983316931440086,0.0,99.99999832738999,0.0,0.003385383855925333
79.0,39.5,0.003958090803259604,0.0,99.99999836678565,0.0,0.004896111567265392
79.5,39.75,0.003933182175743834,0.0,99.99999837210424,0.0,0.004883561376517683
80.0,40.0,0.0039085850921966245,0.0,99.9999985966061,0.0,0.0033177116489850654
80.5,40.25,0.0038841162493145676,0.0,99.9999979404813,0.0,0.004245031191908901
81.0,40.5,0.0038599518641296944,0.0,99.99999794053635,0.0,0.004245879936210636
81.5,40.75,0.0038362594214018143,0.0,99.99999788139547,0.0,0.004343368992763313
82.0,41.0,0.003812856053469699,0.0,99.99999788094158,0.0,0.004345162073341537
82.5,41.25,0.0037897365018502833,0.0,99.99999788035113,0.0,0.00434711605208503
83.0,41.5,0.0037668956348327056,0.0,99.9999987779623,0.0,0.002906172394834315
83.5,41.75,0.003744163509822923,0.0,99.99999832389594,0.0,0.003971031532121505
84.0,42.0,0.003721704102631464,0.0,99.99999831925646,0.0,0.0039805640805483655
84.5,42.25,0.003699351525438482,0.0,99.99999834613938,0.0,0.003857970779992401
85.0,42.5,0.0036772658446895955,0.0,99.99999834230049,0.0,0.0038663214804372436
85.5,42.75,0.0036552851122387546,0.0,99.99999832625234,0.0,0.003928008739250812
86.0,43.0,0.003633720930232558,0.0,99.99999805826828,0.0,0.0041707196187832805
86.5,43.25,0.003612409689757756,0.0,99.99999805641,0.0,0.0041735924702262445
87.0,43.5,0.0035910435149978876,0.0,99.99999830623946,0.0,0.003965584768039451
87.5,43.75,0.003570078541727918,0.0,99.99999848347262,0.0,0.004835263730998003
88.0,44.0,0.0035493569400367464,0.0,99.99999847504624,0.0,0.00431247882415369
88.5,44.25,0.003528874496616432,0.0,99.99999847668765,0.0,0.004309271501354659
89.0,44.5,0.0035086270948567655,0.0,99.9999984778441,0.0,0.004306900689162605
89.5,44.75,0.00348861071208701,0.0,99.99999847859767,0.0,0.004305169021822115
90.0,45.0,0.003468538317146821,0.0,99.9999985163861,0.0,0.004189977483038901
90.5,45.25,0.0034486955816123667,0.0,99.99999852424759,0.0,0.004178909029558062
91.0,45.5,0.003429355281207133,0.0,99.99999769683362,0.0,0.005383595501912058
91.5,45.75,0.0034100938778785206,0.0,99.99999792621976,0.0,0.005551981083756381
92.0,46.0,0.0033909123548888976,0.0,99.9999978148029,0.0,0.0057755466204032525
92.5,46.25,0.003371811654567813,0.0,99.99999756897824,0.0,0.005877160604365708
93.0,46.5,0.0033527926790785736,0.0,99.99999822628044,0.0,0.003587894476747193
93.5,46.75,0.003333987056285546,0.0,99.99999822599104,0.0,0.0035878967689956334
94.0,47.0,0.0033153912161635072,0.0,99.99999778523755,0.0,0.005643176757132009
94.5,47.25,0.0032970016678949615,0.0,99.99999778357194,0.0,0.0056450279918231466
95.0,47.5,0.0032788149976855424,0.0,99.99999834931536,0.0,0.003434971152373774
95.5,47.75,0.003260952965548991,0.0,99.99999850847759,0.0,0.0035555157442979297
96.0,48.0,0.0032432844932844935,0.0,99.99999850623973,0.0,0.0035582815406743117
96.5,48.25,0.003225684034761489,0.0,99.99999807671306,0.0,0.004354169326690579
97.0,48.5,0.003208273571374651,0.0,99.99999807549652,0.0,0.004356364876081548
97.5,48.75,0.0031912896564670547,0.0,99.9999982458684,0.0,0.003867979840385471
98.0,49.0,0.003174484613086346,0.0,99.9999982457237,0.0,0.0038687581376178498
98.5,49.25,0.003157972952890474,0.0,99.99999874568508,0.0,0.0031964405764330576
99.0,49.5,0.003141516058690912,0.0,99.99999898394327,0.0,0.0028434961066730697
99.5,49.75,0.0031252297963085523,0.0,99.99999898299066,0.0,0.002844102119074756
100.0,50.0,0.0031091115256593146,0.0,99.99999898205132,0.0,0.002844685004857746
100.5,50.25,0.003093046104581347,0.0,99.99999816087796,0.0,0.0036696656476043815
101.0,50.5,0.0030771458567136084,0.0,99.99999815908009,0.0,0.0036715806586753432
101.5,50.75,0.0030614082477939853,0.0,99.99999815735887,0.0,0.003673244862369089
102.0,51.0,0.0030456125264251674,0.0,99.99999832188165,0.0,0.0035773209684908085
102.5,51.25,0.0030297629656032793,0.0,99.99999887898696,0.0,0.002565487507523573
103.0,51.5,0.0030140775149817382,0.0,99.99999887888882,0.0,0.002565396643266374
103.5,51.75,0.002998342093195527,0.0,99.99999836538093,0.0,0.0036934139446959443
104.0,52.0,0.0029828747894441324,0.0,99.99999823553442,0.0,0.003697827711361711
104.5,52.25,0.002967359050445104,0.0,99.999997587617,0.0,0.004635005577290532
105.0,52.5,0.002952003889699243,0.0,99.9999975870912,0.0,0.0046352077742793435
105.5,52.75,0.0029370097785149096,0.0,99.99999839648301,0.0,0.0036930210194212358
106.0,53.0,0.002922368149625249,0.0,99.99999788225959,0.0,0.004775957563865065
106.5,53.25,0.0029080707516507577,0.0,99.99999828104812,0.0,0.003697075351215868
107.0,53.5,0.002893715530741472,0.0,99.99999760640176,0.0,0.004669132072411573
107.5,53.75,0.0028794037940379404,0.0,99.99999847137316,0.0,0.003463471589090164
108.0,54.0,0.0028652329265826198,0.0,99.99999847055275,0.0,0.003464241038817206
108.5,54.25,0.0028512008587146115,0.0,99.99999846986215,0.0,0.0034648932636928676
109.0,54.5,0.0028373055611188996,0.0,99.99999846939617,0.0,0.003465321582470244
109.5,54.75,0.002823638839982726,0.0,99.99999755772731,0.0,0.004118133317206334
110.0,55.0,0.0028099173553719006,0.0,99.99999777281562,0.0,0.0038892241336055846
110.5,55.25,0.0027965125843066293,0.0,99.99999759968844,0.0,0.004038484817545404
111.0,55.5,0.002783235101506221,0.0,99.99999759608798,0.0,0.0040419607881371725
111.5,55.75,0.0027698123044838374,0.0,99.99999868603736,0.0,0.0033090646268062887
112.0,56.0,0.002756428965204138,0.0,99.9999985346097,0.0,0.0035540766393104294
112.5,56.25,0.002743085810178462,0.0,99.99999799194211,0.0,0.0040681721760505805
113.0,56.5,0.0027298712143109484,0.0,99.99999798834894,0.0,0.004072109234227705
113.5,56.75,0.0027167833285390098,0.0,99.99999831753992,0.0,0.0037215202580555876
114.0,57.0,0.0027038203390908804,0.0,99.99999831619576,0.0,0.0037228989830712447
114.5,57.25,0.0026908952766873497,0.0,99.99999840226,0.0,0.004327410433299444
115.0,57.5,0.002678093197643278,0.0,99.99999886071001,0.0,0.003142403620092718
115.5,57.75,0.00266541235497021,0.0,99.99999886048265,0.0,0.0031427943848267863
116.0,58.0,0.0026528510346119035,0.0,99.99999886031279,0.0,0.0031431332139178246
116.5,58.25,0.0026405716060888475,0.0,99.99999791526074,0.0,0.004113353690784003
117.0,58.5,0.0026284053310244595,0.0,99.99999791527836,0.0,0.004113981090414217
117.5,58.75,0.0026163506525486335,0.0,99.99999791541728,0.0,0.004114456530542198
118.0,59.0,0.002604406042222018,0.0,99.99999791564626,0.0,0.004114833475113972
118.5,59.25,0.0025925699993899834,0.0,99.9999979159697,0.0,0.00411515792009572
119.0,59.5,0.0025808410505541216,0.0,99.99999791637802,0.0,0.004115474005732921
119.5,59.75,0.00256929540851797,0.0,99.99999767069646,0.0,0.00422176666997138
120.0,60.0,0.0025577756379393355,0.0,99.99999746600213,0.0,0.004179878413904006
120.5,60.25,0.0025464349910125825,0.0,99.99999876967932,0.0,0.00416619743733724
121.0,60.5,0.0025353457018433456,0.0,99.99999884942828,0.0,0.003999297866661437
121.5,60.75,0.0025243525778094558,0.0,99.99999885334243,0.0,0.003999658730621358
122.0,61.0,0.0025135286985835527,0.0,99.99999865755561,0.0,0.004479400863708612
122.5,61.25,0.002502797243978564,0.0,99.99999866334126,0.0,0.004475144658991258
123.0,61.5,0.002492157035212713,0.0,99.99999866871192,0.0,0.004470812025688883
123.5,61.75,0.0024816069134649074,0.0,99.99999912306924,0.0,0.0034509419211623746
124.0,62.0,0.002471145739454022,0.0,99.99999797191917,0.0,0.005910308982716194
124.5,62.25,0.0024608436351003155,0.0,99.99999797651617,0.0,0.0041935812688596195
125.0,62.5,0.0024505564204578218,0.0,99.99999805085467,0.0,0.0035475077904326886
125.5,62.75,0.002440144686226101,0.0,99.99999757850992,0.0,0.004209024863471761
126.0,63.0,0.0024298210508261393,0.0,99.99999757890596,0.0,0.004208306130863611
126.5,63.25,0.0024195844007970395,0.0,99.99999757933182,0.0,0.004207558196105577
127.0,63.5,0.002409433641362889,0.0,99.99999757968415,0.0,0.004206867187458911
127.5,63.75,0.002399435426958363,0.0,99.9999978994654,0.0,0.004038839586587521
128.0,64.0,0.0023895198470707296,0.0,99.99999789895323,0.0,0.004039135547846802
128.5,64.25,0.0023796858814636467,0.0,99.99999789789746,0.0,0.004039924346627206
129.0,64.5,0.002369932526626889,0.0,99.99999789643003,0.0,0.004041083943288311
129.5,64.75,0.0023603898808697344,0.0,99.9999979515707,0.0,0.0039859810203131596
130.0,65.0,0.0023510538253028713,0.0,99.99999884103357,0.0,0.002963893078607165
130.5,65.25,0.0023417268169045125,0.0,99.99999749449451,0.0,0.004395483155221203
131.0,65.5,0.0023324735195653368,0.0,99.99999829866869,0.0,0.003278880578657833
131.5,65.75,0.0023233565668990025,0.0,99.99999803366799,0.0,0.0044281944662968075
132.0,66.0,0.0023143106077107385,0.0,99.99999808173322,0.0,0.004303632203799863
132.5,66.25,0.0023053973420124763,0.0,99.99999812215054,0.0,0.0031041414758786984
133.0,66.5,0.0022965524694693613,0.0,99.999998120065,0.0,0.003105837365250116
133.5,66.75,0.0022877136320818194,0.0,99.9999983505481,0.0,0.0031871869653792907
134.0,67.0,0.0022789425706472195,0.0,99.99999842219292,0.0,0.0030965384269583864
134.5,67.25,0.0022702991452991455,0.0,99.99999824194092,0.0,0.00332638911664225
135.0,67.5,0.0022617210366664892,0.0,99.99999824273671,0.0,0.003325000146476743
135.5,67.75,0.0022532075071572473,0.0,99.99999824406635,0.0,0.003322872975726113
136.0,68.0,0.002244698550188819,0.0,99.99999745245135,0.0,0.0051843452236227106
136.5,68.25,0.0022362536174690873,0.0,99.99999746047462,0.0,0.005174249477241476
137.0,68.5,0.002227930383728245,0.0,99.99999695572996,0.0,0.00566244520232647
137.5,68.75,0.0022196688776309603,0.0,99.99999693924565,0.0,0.005677280789216176
138.0,69.0,0.002211468415027578,0.0,99.9999969211898,0.0,0.005693583209153446
138.5,69.25,0.002203328321841464,0.0,99.99999690222067,0.0,0.005710777417519368
139.0,69.5,0.0021953046308014154,0.0,99.99999845075256,0.0,0.0028966959008218333
139.5,69.75,0.0021873391662377765,0.0,99.99999844970395,0.0,0.002897674644842907
140.0,70.0,0.0021794312966334196,0.0,99.9999984489013,0.0,0.0028983681359827434
140.5,70.25,0.0021715249214418926,0.0,99.99999758901802,0.0,0.0037588902372541286
141.0,70.5,0.0021636757031946036,0.0,99.99999758879136,0.0,0.003759313665176949
141.5,70.75,0.0021558830243234334,0.0,99.99999758880136,0.0,0.003759604054180842
142.0,71.0,0.0021482005661140314,0.0,99.99999691743207,0.0,0.004976003270537098
142.5,71.25,0.0021406804845493237,0.0,99.9999982777237,0.0,0.00356286582652259
143.0,71.5,0.002133319947796406,0.0,99.99999660912603,0.0,0.00609415611744683
143.5,71.75,0.0021259035089913215,0.0,99.99999655307644,0.0,0.005919193786892631
144.0,72.0,0.0021184856566059365,0.0,99.99999798834554,0.0,0.0043629521516205675
144.5,72.25,0.00211111939001068,0.0,99.9999979861953,0.0,0.004365099111555426
145.0,72.5,0.0021038562447403594,0.0,99.99999715974182,0.0,0.00505391253620929
145.5,72.75,0.0020966429047137468,0.0,99.99999715816054,0.0,0.00505534417152511
146.0,73.0,0.002089530224440129,0.0,99.99999627998587,0.0,0.004673036843811276
146.5,73.25,0.002082312591866732,0.0,99.99999635082207,0.0,0.004165643129869753
147.0,73.5,0.0020751446497888236,0.0,99.99999634993301,0.0,0.004165602605407178
147.5,73.75,0.0020680258868181595,0.0,99.99999634938396,0.0,0.004165161239951567
148.0,74.0,0.0020609058287266026,0.0,99.99999759144112,0.0,0.004124735946965064
148.5,74.25,0.002053834630068139,0.0,99.99999759083856,0.0,0.0041251706469333975
149.0,74.5,0.0020467625033109395,0.0,99.99999694979581,0.0,0.004479046874955616
149.5,74.75,0.002039689967124997,0.0,99.99999785209405,0.0,0.003449263266188766
150.0,75.0,0.002032666140564842,0.0,99.99999784689743,0.0,0.003453973451887048
150.5,75.25,0.002025690522151522,0.0,99.99999784189548,0.0,0.0034587873163935638
151.0,75.5,0.0020187626172663577,0.0,99.99999783720668,0.0,0.0034636662938049606
151.5,75.75,0.002011834319526627,0.0,99.99999659714832,0.0,0.005453416558917195
152.0,76.0,0.0020049061232191717,0.0,99.99999773974942,0.0,0.005326489214699121
152.5,76.25,0.0019980254807014245,0.0,99.9999978704129,0.0,0.004581352195451209
153.0,76.5,0.001991238550378335,0.0,99.99999646991317,0.0,0.0064656155106449665
153.5,76.75,0.001984682917717381,0.0,99.99999671126278,0.0,0.004955920567252444
154.0,77.0,0.001978170308827294,0.0,99.9999982017099,0.0,0.003635334678806915
154.5,77.25,0.001971700301554164,0.0,99.99999814791497,0.0,0.003362903896522019
155.0,77.5,0.0019652724792490347,0.0,99.9999981466367,0.0,0.003363798526552559
155.5,77.75,0.001958886430678466,0.0,99.99999825522411,0.0,0.0032559053651108204
156.0,78.0,0.0019525417499368296,0.0,99.99999802520706,0.0,0.0033887673893395367
156.5,78.25,0.001946282600233554,0.0,99.99999780372586,0.0,0.0035151952837168083
157.0,78.5,0.00194001917195417,0.0,99.99999789349015,0.0,0.003574075105617116
157.5,78.75,0.0019337959276532818,0.0,99.99999789028881,0.0,0.0035764483038181576
158.0,79.0,0.0019276124818577648,0.0,99.99999821115301,0.0,0.004299748381016789
158.5,79.25,0.0019214684540090874,0.0,99.99999820409306,0.0,0.004306308228418746
159.0,79.5,0.001915363468385236,0.0,99.99999819834018,0.0,0.004311544596112093
159.5,79.75,0.0019092971540241245,0.0,99.99999819419918,0.0,0.004315199653787898
160.0,80.0,0.001903269144648455,0.0,99.99999819186463,0.0,0.004317109152205353
160.5,80.25,0.0018972790785919957,0.0,99.99999819138333,0.0,0.00431723410493757
161.0,80.5,0.0018913265987272484,0.0,99.99999713716134,0.0,0.004794161474148784
161.5,80.75,0.0018854113523944724,0.0,99.99999714694373,0.0,0.004780135429570376
162.0,81.0,0.0018795329913320362,0.0,99.99999715803835,0.0,0.004763991219716389
162.5,81.25,0.0018736911716080678,0.0,99.99999743514242,0.0,0.005337293059134387
163.0,81.5,0.0018678855535533775,0.0,99.99999744388275,0.0,0.005327613584235661
163.5,81.75,0.0018621158016956208,0.0,99.99999745293434,0.0,0.005317636962364416
164.0,82.0,0.0018563815846946799,0.0,99.99999746216668,0.0,0.005307505500771164
164.5,82.25,0.001850642281733072,0.0,99.99999781774694,0.0,0.004858637010987209
165.0,82.5,0.001844978402899872,0.0,99.99999859107037,0.0,0.0031854100329690694
165.5,82.75,0.0018393092852660507,0.0,99.99999853537815,0.0,0.003214559794759575
166.0,83.0,0.0018336353438605573,0.0,99.99999845901144,0.0,0.003221703940758144
166.5,83.25,0.0018280356144350295,0.0,99.99999833652502,0.0,0.0035754049793956634
167.0,83.5,0.001822391835684576,0.0,99.99999815379594,0.0,0.0036951693339107197
167.5,83.75,0.0018167827982729877,0.0,99.99999816298303,0.0,0.0036885039417484423
168.0,84.0,0.0018112081823993182,0.0,99.99999817215014,0.0,0.003681812421990854
168.5,84.25,0.0018056293149229952,0.0,99.99999742330641,0.0,0.004689848481365239
169.0,84.5,0.0018000465894411385,0.0,99.99999767067547,0.0,0.004936316727494236
169.5,84.75,0.001794536165181776,0.0,99.9999977699052,0.0,0.004986278485551288
170.0,85.0,0.0017890593757235167,0.0,99.99999777237592,0.0,0.004983606841582514
170.5,85.25,0.0017836159140506966,0.0,99.99999777497098,0.0,0.004980810598060708
171.0,85.5,0.0017782054768728688,0.0,99.99999777763674,0.0,0.00497796629453219
171.5,85.75,0.0017728277645684728,0.0,99.9999977803068,0.0,0.004975162239488516
172.0,86.0,0.0017674457290193795,0.0,99.99999889775869,0.0,0.0025513187737480204
172.5,86.25,0.0017620962726481197,0.0,99.9999988975694,0.0,0.0025511320673200907
173.0,86.5,0.0017568517217146872,0.0,99.99999891935684,0.0,0.0022207305975303774
173.5,86.75,0.0017516382969954252,0.0,99.99999891816938,0.0,0.0022221487755270802
174.0,87.0,0.0017464916065668085,0.0,99.99999889552777,0.0,0.00238937109448214
174.5,87.25,0.0017413750717036793,0.0,99.99999889559594,0.0,0.0023889308658634374
175.0,87.5,0.001736252961843288,0.0,99.99999854337653,0.0,0.0028397251344014626
175.5,87.75,0.0017311608961303462,0.0,99.99999854440446,0.0,0.002838190395265974
176.0,88.0,0.0017260986109982942,0.0,99.99999854542247,0.0,0.00283663408944332
176.5,88.25,0.0017209961530674225,0.0,99.99999920594634,0.0,0.0025042707309227523
177.0,88.5,0.0017159584132431613,0.0,99.99999821201557,0.0,0.004982051696426102
177.5,88.75,0.001710950080515298,0.0,99.99999821339483,0.0,0.0049801478232355915
178.0,89.0,0.001706039379403087,0.0,99.99999908568658,0.0,0.0023288907569619646
178.5,89.25,0.0017011567866148981,0.0,99.99999908502402,0.0,0.0023299872214488444
179.0,89.5,0.001696268209938136,0.0,99.99999785123084,0.0,0.006396660580303831
179.5,89.75,0.0016914076491423569,0.0,99.99999867839728,0.0,0.0053330193133708185
180.0,90.0,0.001686541399630945,0.0,99.99999845502761,0.0,0.004848017137630029
180.5,90.25,0.0016817363433116357,0.0,99.99999846537928,0.0,0.004384365069762092
181.0,90.5,0.001676925505050505,0.0,99.999998376297,0.0,0.0033874490841591847
181.5,90.75,0.0016722079046251304,0.0,99.99999783452748,0.0,0.004006560281552
182.0,91.0,0.0016675167732569545,0.0,99.99999757528217,0.0,0.004993725040656358
182.5,91.25,0.0016627868307283007,0.0,99.99999743766173,0.0,0.005418610551405601
183.0,91.5,0.0016581483359993758,0.0,99.99999861778609,0.0,0.0033394276285271147
183.5,91.75,0.0016534713171357986,0.0,99.99999829549398,0.0,0.0037357253192110886
184.0,92.0,0.001648820608317815,0.0,99.99999829887636,0.0,0.00373081399074618
184.5,92.25,0.001644195988161789,0.0,99.999998302302,0.0,0.0037257308743551217
185.0,92.5,0.001639565611557973,0.0,99.99999844305962,0.0,0.003180888909110732
185.5,92.75,0.0016349612418011502,0.0,99.99999844655662,0.0,0.00317677862998232
186.0,93.0,0.0016302575806977503,0.0,99.99999786362241,0.0,0.0040903700940463795
186.5,93.25,0.0016255187317129143,0.0,99.99999804519241,0.0,0.004095218718682339
187.0,93.5,0.0016208073527448849,0.0,99.99999804607785,0.0,0.004094410473233013
187.5,93.75,0.0016161232056279113,0.0,99.9999980471696,0.0,0.00409323882371037
188.0,94.0,0.0016114966063777347,0.0,99.99999865194752,0.0,0.0034360295804861754
188.5,94.25,0.0016068660440848425,0.0,99.99999894393633,0.0,0.0030439294285945426
189.0,94.5,0.0016022620169651271,0.0,99.99999894417843,0.0,0.0030436023474825053
189.5,94.75,0.0015976542676164878,0.0,99.99999810404326,0.0,0.004431455715280939
190.0,95.0,0.0015930729439988004,0.0,99.99999810363823,0.0,0.0044320369727289
190.5,95.25,0.0015886365760209326,0.0,99.99999902719333,0.0,0.0027217321240554254
191.0,95.5,0.0015841657969285822,0.0,99.9999991776481,0.0,0.002443012955550905
191.5,95.75,0.00157969075230449,0.0,99.99999822155343,0.0,0.004024081651399511
192.0,96.0,0.001575299306868305,0.0,99.99999841021867,0.0,0.003740893088044322
192.5,96.25,0.0015709031769206602,0.0,99.999998267878,0.0,0.004033424126692891
193.0,96.5,0.0015665892587268238,0.0,99.99999827916568,0.0,0.0035374164067657745
193.5,96.75,0.0015623276844465683,0.0,99.9999982890179,0.0,0.003602610490546349
194.0,97.0,0.001558060672715608,0.0,99.99999846185517,0.0,0.0034006158764954457
194.5,97.25,0.0015539305301645338,0.0,99.9999991646106,0.0,0.002388271862969155
195.0,97.5,0.0015497939685665317,0.0,99.9999988174972,0.0,0.0034179285393011313
195.5,97.75,0.0015456512647064173,0.0,99.99999809577862,0.0,0.004462168334828865
196.0,98.0,0.0015415306492564383,0.0,99.99999784940687,0.0,0.004683841235807023
196.5,98.25,0.0015372929176010997,0.0,99.99999909915915,0.0,0.002777609580696728
197.0,98.5,0.0015330784214703124,0.0,99.99999909928229,0.0,0.002777401816090721
197.5,98.75,0.0015288869702856321,0.0,99.99999909954742,0.0,0.0027771673748234276
198.0,99.0,0.0015246910258479972,0.0,99.99999878901579,0.0,0.003322166821667351
198.5,99.25,0.0015204908502227071,0.0,99.99999794078275,0.0,0.004388870575595452
199.0,99.5,0.0015342074748015341,0.0,99.99999766762294,0.0,0.004469567255389973
199.5,99.75,0.0015478774508059638,0.0,99.99999778653773,0.0,0.004499419031051055
200.0,100.0,0.0015614741735720495,0.0,99.99999778308884,0.0,0.004503051198666046
200.5,100.25,0.001575026102960695,0.0,99.99999793492503,0.0,0.004472822697270124
201.0,100.5,0.0015884502020861646,0.0,99.99999850124308,0.0,0.003891530310546026
201.5,100.75,0.001601802467831934,0.0,99.99999849870635,0.0,0.003895328890242852
202.0,101.0,0.0016150834752383127,0.0,99.99999849652639,0.0,0.0038986930460331343
202.5,101.25,0.0016108980756771901,0.0,99.99999770706734,0.0,0.004741987330898243
203.0,101.5,0.0016067343125098239,0.0,99.99999770459989,0.0,0.004744673126256697
203.5,101.75,0.0016026757717232248,0.0,99.9999984774498,0.0,0.00349595765208842
204.0,102.0,0.00159863768267042,0.0,99.99999847833246,0.0,0.0034952310341729463
204.5,102.25,0.0015945922523615565,0.0,99.99999855541614,0.0,0.0033763477332111624
205.0,102.5,0.001590594744121715,0.0,99.99999862515234,0.0,0.003386131952942008
205.5,102.75,0.0015866172285936017,0.0,99.9999986247206,0.0,0.00338702152928038
206.0,103.0,0.0015826051056216886,0.0,99.99999855898317,0.0,0.003632567056085504
206.5,103.25,0.0015957173006640242,0.0,99.99999868502854,0.0,0.0036404591402357856
207.0,103.5,0.001608790155573431,0.0,99.99999808730475,0.0,0.004557111286607616
207.5,103.75,0.001621824638077028,0.0,99.99999893772396,0.0,0.0029172925824046776
208.0,104.0,0.001634766024112799,0.0,99.99999821901243,0.0,0.004045246822397121
208.5,104.25,0.0016476423427096074,0.0,99.99999821945572,0.0,0.004046146929259755
209.0,104.5,0.00166051035277373,0.0,99.99999911767117,0.0,0.0026536277608463785
209.5,104.75,0.001673286571452717,0.0,99.9999982701929,0.0,0.003784988285270291
210.0,105.0,0.0016859994604801727,0.0,99.99999826724965,0.0,0.003788462270863633
210.5,105.25,0.0016986494895642374,0.0,99.9999982642355,0.0,0.003792003492855943
211.0,105.5,0.0017112084151190297,0.0,99.99999820708055,0.0,0.003951600642581437
211.5,105.75,0.0017237051292778847,0.0,99.99999747142255,0.0,0.004872401127092583
212.0,106.0,0.001736111111111111,0.0,99.99999856718134,0.0,0.0036669485477943955
212.5,106.25,0.001748455530947663,0.0,99.99999856724875,0.0,0.0036669279465331916
213.0,106.5,0.0017442439948171036,0.0,99.99999751636004,0.0,0.004802028194235122
213.5,106.75,0.0017401103727150693,0.0,99.99999753656017,0.0,0.005034540425217043
214.0,107.0,0.0017359962965412341,0.0,99.99999753331356,0.0,0.005037877684961225
214.5,107.25,0.0017319016279875303,0.0,99.99999753034615,0.0,0.005040916656981437
215.0,107.5,0.001727826230047721,0.0,99.99999752765613,0.0,0.005043661906439071
215.5,107.75,0.0017236850745288594,0.0,99.99999813387934,0.0,0.004220597752384664
216.0,108.0,0.0017195637221185025,0.0,99.99999813290562,0.0,0.004222075306792953
216.5,108.25,0.001731771471515627,0.0,99.99999777049466,0.0,0.004999176329822195
217.0,108.5,0.0017276224004172372,0.0,99.99999777626508,0.0,0.004992959644094343
217.5,108.75,0.001723409098299353,0.0,99.99999818312108,0.0,0.004389193721382905
218.0,109.0,0.0017192720666947805,0.0,99.99999876688547,0.0,0.0032848090957985094
218.5,109.25,0.001715210355987055,0.0,99.99999824538676,0.0,0.0037327502859326794
219.0,109.5,0.0017272551171950668,0.0,99.99999824295814,0.0,0.003129983571385386
219.5,109.75,0.0017392424632826592,0.0,99.99999824328702,0.0,0.00312911350698823
220.0,110.0,0.0017511728038043827,0.0,99.99999824357953,0.0,0.0031282544669278285
220.5,110.25,0.001747046849705887,0.0,99.99999788533643,0.0,0.003833615821224812
221.0,110.5,0.0017429402923022802,0.0,99.99999788748526,0.0,0.0038310021863894516
221.5,110.75,0.0017388529951344021,0.0,99.9999978898504,0.0,0.003828244174289035
222.0,111.0,0.0017347848230201172,0.0,99.99999789231437,0.0,0.0038254511908415046
222.5,111.25,0.0017306806814753656,0.0,99.99999747315724,0.0,0.004275217153102304
223.0,111.5,0.0017266779666386808,0.0,99.99999739602002,0.0,0.0047639443285315
223.5,111.75,0.0017227481784703894,0.0,99.99999818540999,0.0,0.004551291252742551
224.0,112.0,0.0017188091333417434,0.0,99.99999797705779,0.0,0.0046452207888526935
224.5,112.25,0.0017148341015999875,0.0,99.99999858104626,0.0,0.004053099019671691
225.0,112.5,0.001710904267842848,0.0,99.99999850888116,0.0,0.004126194141355543
225.5,112.75,0.0017069924046668233,0.0,99.9999985086908,0.0,0.004126599864082651
226.0,113.0,0.001703125,0.0,99.99999684297231,0.0,0.004532130809228992
226.5,113.25,0.0016992750798971081,0.0,99.99999684049155,0.0,0.004534353735713831
227.0,113.5,0.0016953106773466055,0.0,99.999998251883,0.0,0.0038471285596501
227.5,113.75,0.0016913909751101732,0.0,99.99999780040719,0.0,0.004590301531538289
228.0,114.0,0.0016874893564318115,0.0,99.99999779641428,0.0,0.004594264358956031
228.5,114.25,0.0016836056964567052,0.0,99.99999779250062,0.0,0.004598061687645379
229.0,114.5,0.0016797398714767842,0.0,99.99999778881146,0.0,0.004601563039506795
229.5,114.75,0.0016758917589175892,0.0,99.99999778551005,0.0,0.004604645915402297
230.0,115.0,0.0016720612373253157,0.0,99.99999778274018,0.0,0.0046072298433637625
230.5,115.25,0.001668248186354036,0.0,99.99999778052297,0.0,0.004609341849255649
231.0,115.5,0.0016644779036740678,0.0,99.9999963510864,0.0,0.0047541338764391945
231.5,115.75,0.0016607246244324588,0.0,99.99999635109641,0.0,0.004754268595684302
232.0,116.0,0.0016570134233289248,0.0,99.99999628775565,0.0,0.005130833044560111
232.5,116.25,0.0016533438500159266,0.0,99.99999815518123,0.0,0.0033126559615372793
233.0,116.5,0.0016496655265308593,0.0,99.9999973747326,0.0,0.0042336891664172035
233.5,116.75,0.0016461029644955223,0.0,99.99999662087924,0.0,0.0050499094755542045
234.0,117.0,0.0016425557564798072,0.0,99.99999662644508,0.0,0.005044688824706826
234.5,117.25,0.0016389745131944967,0.0,99.99999737839228,0.0,0.004323261310716891
235.0,117.5,0.0016354088522130533,0.0,99.99999738634298,0.0,0.004315675503688974
235.5,117.75,0.001631883103272749,0.0,99.9999973969322,0.0,0.004320617249064166
236.0,118.0,0.0016283968507701271,0.0,99.99999736634464,0.0,0.004396054867709827
236.5,118.25,0.0016249254621347644,0.0,99.99999737475808,0.0,0.004388442723643489
237.0,118.5,0.0016213241309553912,0.0,99.99999807030814,0.0,0.0041185735068623155
237.5,118.75,0.0016177387277746444,0.0,99.99999806639732,0.0,0.004122641876457714
238.0,119.0,0.001614193051565323,0.0,99.99999827033656,0.0,0.004359175076467202
238.5,119.25,0.0016106628838253982,0.0,99.99999826556275,0.0,0.004364808168169875
239.0,119.5,0.001607148123027926,0.0,99.99999826096236,0.0,0.004370275559396138
239.5,119.75,0.001603625075399803,0.0,99.99999812867773,0.0,0.004497608437525124
240.0,120.0,0.0016001174398120963,0.0,99.99999812612374,0.0,0.00450069497993749
240.5,120.25,0.001596601728431229,0.0,99.99999872840885,0.0,0.003382045738560897
241.0,120.5,0.0015931014323297282,0.0,99.99999872745548,0.0,0.00338302827011782
241.5,120.75,0.0015896164503427155,0.0,99.99999872663052,0.0,0.0033837418505254014
242.0,121.0,0.0015861466821885913,0.0,99.99999894910941,0.0,0.0028632304443984465
242.5,121.25,0.0015826920284594164,0.0,99.99999894204282,0.0,0.0028362602502179663
243.0,121.5,0.001579252390611417,0.0,99.99999764422395,0.0,0.00359904173950214
243.5,121.75,0.0015759188040366653,0.0,99.99999749018401,0.0,0.0043046369728283376
244.0,122.0,0.0015725992613111726,0.0,99.99999749061044,0.0,0.004304199932254632
244.5,122.25,0.0015692936738748596,0.0,99.99999749095541,0.0,0.004303868439144272
245.0,122.5,0.0015660019539106948,0.0,99.99999851199314,0.0,0.0033536597762157407
245.5,122.75,0.0015627240143369176,0.0,99.99999723428581,0.0,0.004527911921903419
246.0,123.0,0.001559482080263252,0.0,99.99999726669854,0.0,0.004051109168843297
246.5,123.25,0.0015562313502091633,0.0,99.99999829698957,0.0,0.0033063965334701427
247.0,123.5,0.0015529941442147407,0.0,99.99999827143269,0.0,0.0033350007032957154
247.5,123.75,0.0015496381808100769,0.0,99.99999820603801,0.0,0.003425503261112783
248.0,124.0,0.0015462966903576343,0.0,99.99999820347203,0.0,0.003428221235035135
248.5,124.25,0.0015429477379536832,0.0,99.99999802243983,0.0,0.003723634272552156
249.0,124.5,0.0015395697679345753,0.0,99.99999723086076,0.0,0.004467954203037002
249.5,124.75,0.0015362065563604588,0.0,99.99999723035211,0.0,0.004468851409285942
250.0,125.0,0.00153283645056954,0.0,99.99999731548947,0.0,0.004416353884401331
250.5,125.25,0.0015295025608643795,0.0,99.99999746273582,0.0,0.004226996569172811
251.0,125.5,0.0015262045114045283,0.0,99.99999816345667,0.0,0.003606388093410754
251.5,125.75,0.0015229206544367289,0.0,99.99999817288777,0.0,0.003595261497333302
252.0,126.0,0.0015196720854362435,0.0,99.9999963643145,0.0,0.005670162648973132
252.5,126.25,0.0015164373460955216,0.0,99.99999636619431,0.0,0.005668604630041899
253.0,126.5,0.0015132373561383293,0.0,99.99999692946403,0.0,0.005203302859179306
253.5,126.75,0.0015100926836702179,0.0,99.99999678486037,0.0,0.005394809765106299
254.0,127.0,0.0015070235593407809,0.0,99.99999641463039,0.0,0.005686447544396472
254.5,127.25,0.001503946133892599,0.0,99.99999705798207,0.0,0.005754750679754961
255.0,127.5,0.0015008605851979345,0.0,99.99999720848872,0.0,0.005553856870436887
255.5,127.75,0.0014977876714211118,0.0,99.99999720969758,0.0,0.005552263347568159
256.0,128.0,0.0014947478127314117,0.0,99.999997628099,0.0,0.005231430329391541
256.5,128.25,0.0014916998535670785,0.0,99.99999808869758,0.0,0.003981682637364989
257.0,128.5,0.0014886439682604718,0.0,99.9999981989318,0.0,0.0037606432841640375
257.5,128.75,0.0014854993458351504,0.0,99.99999920769767,0.0,0.0021316203707062477
258.0,129.0,0.0014823679808516135,0.0,99.99999921653513,0.0,0.002121126414799206
258.5,129.25,0.0014792297148750798,0.0,99.99999910255006,0.0,0.0024540222003213755
259.0,129.5,0.0014896469536719798,0.0,99.99999909753083,0.0,0.0024591689917202045
259.5,129.75,0.0015000202705441965,0.0,99.99999909261626,0.0,0.002464413477985964
260.0,130.0,0.0015103499426876138,0.0,99.99999908786151,0.0,0.00246973370784512
260.5,130.25,0.001520636244970462,0.0,99.99999908335433,0.0,0.002475046543047937
261.0,130.5,0.0015308794499576993,0.0,99.99999907915722,0.0,0.0024802642782090307
261.5,130.75,0.0015411211321209846,0.0,99.99999788104103,0.0,0.004360208911260075
262.0,131.0,0.0015513206285523236,0.0,99.99999788020692,0.0,0.004360811023783278
262.5,131.25,0.0015614781993620627,0.0,99.99999787969536,0.0,0.004361134850869926
263.0,131.5,0.0015715941025265373,0.0,99.99999787944847,0.0,0.004361256756460887
263.5,131.75,0.0015816685939099113,0.0,99.9999978794094,0.0,0.004361257178672579
264.0,132.0,0.0015918074974133128,0.0,99.99999902993052,0.0,0.0024863062448676875
264.5,132.25,0.0016019276087589694,0.0,99.99999882448698,0.0,0.0035043723990143202
265.0,132.5,0.0016119868398451437,0.0,99.99999866852686,0.0,0.004198908907795142
265.5,132.75,0.0016220065407743433,0.0,99.99999866703818,0.0,0.0041989759696426905
266.0,133.0,0.001631965465504988,0.0,99.99999856303538,0.0,0.003792788451589579
266.5,133.25,0.0016418635808387952,0.0,99.99999853069973,0.0,0.003324281661112211
267.0,133.5,0.001651744163181836,0.0,99.99999854517229,0.0,0.004098398468539297
267.5,133.75,0.0016615207493851066,0.0,99.99999891696051,0.0,0.0031204575007111072
268.0,134.0,0.0016712582746869656,0.0,99.9999989178937,0.0,0.003116827814743423
268.5,134.25,0.001680913165850099,0.0,99.9999992779661,0.0,0.0027690445514833594
269.0,134.5,0.001690529135619449,0.0,99.99999927355529,0.0,0.0027811629576420813
269.5,134.75,0.0016870847176079734,0.0,99.99999879360753,0.0,0.003899313971558756
270.0,135.0,0.001683654306917229,0.0,99.9999987968887,0.0,0.003893245390551812
270.5,135.25,0.0016802378182758176,0.0,99.99999880006457,0.0,0.003887452639852304
271.0,135.5,0.0016768351671030738,0.0,99.99999880299791,0.0,0.00388220289407488
271.5,135.75,0.0016734678114902874,0.0,99.99999886246042,0.0,0.0037353736959966828
272.0,136.0,0.0016701139531597271,0.0,99.99999886386918,0.0,0.003732073228775977
272.5,136.25,0.001666773511122508,0.0,99.99999886552501,0.0,0.003728285546732026
273.0,136.5,0.0016634251202784318,0.0,99.99999902110773,0.0,0.002882725508087658
273.5,136.75,0.001660090155665377,0.0,99.99999901635171,0.0,0.0028890823468380243
274.0,137.0,0.0016568318825433644,0.0,99.9999983023504,0.0,0.004266450856407997
274.5,137.25,0.0016536494771923576,0.0,99.99999902040511,0.0,0.0034692718516609613
275.0,137.5,0.001650500228530801,0.0,99.99999843699825,0.0,0.0034569132501946717
275.5,137.75,0.0016473420769182031,0.0,99.99999901307453,0.0,0.0034913454432050723
276.0,138.0,0.0016441751931905852,0.0,99.99999894509595,0.0,0.0036956356679046748
276.5,138.25,0.001641020462262841,0.0,99.99999894232346,0.0,0.003703701915551333
277.0,138.5,0.001637877814315052,0.0,99.99999893997844,0.0,0.0037106343673811875
277.5,138.75,0.0016347266234092853,0.0,99.99999862113611,0.0,0.003783748200493856
278.0,139.0,0.0016315670574060593,0.0,99.99999884138758,0.0,0.003575431216927423
278.5,139.25,0.0016284196813307946,0.0,99.99999884553678,0.0,0.003570342306977021
279.0,139.5,0.0016252844247743356,0.0,99.9999988499216,0.0,0.0035651343924313233
279.5,139.75,0.001622140976528868,0.0,99.99999860972098,0.0,0.003793757868556952
280.0,140.0,0.0016189693392114374,0.0,99.9999989393089,0.0,0.003937378400424207
280.5,140.25,0.0016158100801690386,0.0,99.99999894490568,0.0,0.003929926008415076
281.0,140.5,0.0016126631270778544,0.0,99.99999895088791,0.0,0.003921923835946911
281.5,140.75,0.0016095084808716107,0.0,99.99999831598053,0.0,0.003834077056905581
282.0,141.0,0.001606366152629498,0.0,99.99999831798698,0.0,0.0038326602899904413
282.5,141.25,0.0016032360703450658,0.0,99.99999832001133,0.0,0.0038312129492608566
283.0,141.5,0.0016001181625720053,0.0,99.99999832715841,0.0,0.0038428030950749415
283.5,141.75,0.0015970123584187121,0.0,99.9999983290014,0.0,0.0038412423723808466
284.0,142.0,0.0015938795027095952,0.0,99.99999918821516,0.0,0.0032172904673575774
284.5,142.25,0.0015908173129871878,0.0,99.99999863472226,0.0,0.004024945123102377
285.0,142.5,0.0015877862595419848,0.0,99.99999871169373,0.0,0.004168266349552155
285.5,142.75,0.0015847667345271908,0.0,99.999998923329,0.0,0.003970260463655428
286.0,143.0,0.0015817779183802593,0.0,99.99999895841438,0.0,0.0037154482048357956
286.5,143.25,0.001578838703409077,0.0,99.99999917979709,0.0,0.003101912793588632
287.0,143.5,0.00157585308200497,0.0,99.99999866761944,0.0,0.00389813724447703
287.5,143.75,0.001572897761645493,0.0,99.99999924302064,0.0,0.0026835730955023416
288.0,144.0,0.0015699345458058595,0.0,99.99999915576535,0.0,0.0029930351672435027
288.5,144.25,0.0015670013620857994,0.0,99.99999904467303,0.0,0.003219206466301359
289.0,144.5,0.0015640791183406323,0.0,99.9999990462971,0.0,0.003217411780741277
289.5,144.75,0.0015611677534796027,0.0,99.99999904787985,0.0,0.0032157584450730205
290.0,145.0,0.001558267206865965,0.0,99.99999904941268,0.0,0.0032142633031376744
290.5,145.25,0.0015553215926493108,0.0,99.99999810054936,0.0,0.004250289128934679
291.0,145.5,0.0015523870936925317,0.0,99.99999810105668,0.0,0.0042489126835077275
291.5,145.75,0.0015494821154006604,0.0,99.99999849574637,0.0,0.004190214487065531
292.0,146.0,0.0015465879889597412,0.0,99.99999849388077,0.0,0.004193836459344228
292.5,146.25,0.0015437229848477652,0.0,99.99999798513834,0.0,0.004556871681752149
293.0,146.5,0.0015408685757633226,0.0,99.99999798353635,0.0,0.004559856375906047
293.5,146.75,0.0015380247030429227,0.0,99.9999979817657,0.0,0.0045631433274833785
294.0,147.0,0.0015351913084553613,0.0,99.99999797981957,0.0,0.004566735482158747
294.5,147.25,0.0015324225242535335,0.0,99.99999861366423,0.0,0.0035777193234914914
295.0,147.5,0.0015296637093168287,0.0,99.9999986164279,0.0,0.003573879859577412
295.5,147.75,0.0015269327444854238,0.0,99.9999978424238,0.0,0.004578436741518967
296.0,148.0,0.0015242115136592802,0.0,99.9999978472394,0.0,0.004573900908527326
296.5,148.25,0.0015214999648884623,0.0,99.99999785132846,0.0,0.004570078325560479
297.0,148.5,0.0015188157910109472,0.0,99.99999819919681,0.0,0.0043297417146236795
297.5,148.75,0.0015160880264032562,0.0,99.99999854801574,0.0,0.003720041308789096
298.0,149.0,0.001513370042257948,0.0,99.99999855153165,0.0,0.003715169670825641
298.5,149.25,0.0015106617860670502,0.0,99.99999855503565,0.0,0.003710293141571335
299.0,149.5,0.001507963205697781,0.0,99.99999855848614,0.0,0.0037054815681948285
299.5,149.75,0.001505291679210764,0.0,99.99999871285215,0.0,0.0032941868130211853
300.0,150.0,0.0015026296018031556,0.0,99.99999871319268,0.0,0.003293372317190935
300.5,150.25,0.0014999596164718642,0.0,99.99999880665723,0.0,0.003381019818359331
301.0,150.5,0.0014972991027723068,0.0,99.99999880579247,0.0,0.0033823629833958594
301.5,150.75,0.0014946651949963208,0.0,99.99999884635135,0.0,0.003338048556703004
302.0,151.0,0.001492040537593683,0.0,99.99999884432766,0.0,0.0033411328196349677
302.5,151.25,0.0014894250819183796,0.0,99.9999988421253,0.0,0.0033445329264486377
303.0,151.5,0.0014868017750125806,0.0,99.99999883986962,0.0,0.00332048997738889
303.5,151.75,0.0014841876926589793,0.0,99.99999885105187,0.0,0.0032717372125652244
304.0,152.0,0.0014815827862873815,0.0,99.99999904938835,0.0,0.0029798365807405095
304.5,152.25,0.0014790879716015109,0.0,99.99999777892319,0.0,0.004250049372360928
305.0,152.5,0.0014766015447523853,0.0,99.9999977831885,0.0,0.004246060870425487
305.5,152.75,0.0014741234635097745,0.0,99.99999778756538,0.0,0.004242010182322573
306.0,153.0,0.001471637026387584,0.0,99.99999847404345,0.0,0.0036886319775677394
306.5,153.25,0.0014691589629997966,0.0,99.99999847707065,0.0,0.0036865696923397673
307.0,153.5,0.0014666230440325365,0.0,99.99999783018238,0.0,0.004695340526737514
307.5,153.75,0.0014641123537295446,0.0,99.99999828478366,0.0,0.004059691155083987
308.0,154.0,0.0014615938118366612,0.0,99.99999813336909,0.0,0.004235232145160088
308.5,154.25,0.0014591002963095987,0.0,99.99999828080473,0.0,0.004065749422079447
309.0,154.5,0.0014566152742918608,0.0,99.9999982788654,0.0,0.0040688087875262
309.5,154.75,0.0014541549681763779,0.0,99.99999815190476,0.0,0.0043377791840373565
310.0,155.0,0.0014516867483333519,0.0,99.99999785501439,0.0,0.0047487005217894725
310.5,155.25,0.0014492107375367878,0.0,99.99999835236034,0.0,0.003810175378392675
311.0,155.5,0.001446743158574179,0.0,99.99999835095107,0.0,0.0038128028717045103
311.5,155.75,0.0014442839684479503,0.0,99.99999834952156,0.0,0.0038154775198983434
312.0,156.0,0.0014418491160355805,0.0,99.99999879596656,0.0,0.00321003823981305
312.5,156.25,0.0014393905841711325,0.0,99.99999859518631,0.0,0.0035647532459238958
313.0,156.5,0.0014369404222394164,0.0,99.99999859364078,0.0,0.003567106896573753
313.5,156.75,0.0014344985875706215,0.0,99.9999985920627,0.0,0.0035695305849501252
314.0,157.0,0.0014320650377844851,0.0,99.99999864660433,0.0,0.0034169365298677297
314.5,157.25,0.0014296711756296052,0.0,99.99999886925744,0.0,0.002785020353523341
315.0,157.5,0.0014272853033530225,0.0,99.99999886806434,0.0,0.002786354656065765
315.5,157.75,0.0014249073810202336,0.0,99.99999886707532,0.0,0.0027874187204098874
316.0,158.0,0.001422521802882248,0.0,99.99999898979395,0.0,0.0027379412876058864
316.5,158.25,0.0014200821462903085,0.0,99.99999901019677,0.0,0.0025558587299951683
317.0,158.5,0.0014176508435022519,0.0,99.99999901085191,0.0,0.0025548983672295214
317.5,158.75,0.0014152432585431704,0.0,99.99999857767402,0.0,0.003262256765353128
318.0,159.0,0.001412843837283862,0.0,99.99999857921907,0.0,0.0032601634384962193
318.5,159.25,0.0014104525382720872,0.0,99.99999858065061,0.0,0.003258190535150686
319.0,159.5,0.0014080693203357704,0.0,99.99999799065569,0.0,0.003707489756252866
319.5,159.75,0.0014056941425806381,0.0,99.99999799167925,0.0,0.0037062482505723767
320.0,160.0,0.0014033118158854898,0.0,99.9999991093834,0.0,0.002420698226621184
320.5,160.25,0.0014009375505145752,0.0,99.99999910868684,0.0,0.0024216525559156445
321.0,160.5,0.001398571305620105,0.0,99.99999910776837,0.0,0.0024228931358433615
321.5,160.75,0.0013961980453227366,0.0,99.99999905375704,0.0,0.0024584175031409417
322.0,161.0,0.0013938477703796628,0.0,99.99999901974141,0.0,0.002444887022557239
322.5,161.25,0.0013915053947593766,0.0,99.99999901968546,0.0,0.0024447039979907793
323.0,161.5,0.001399871767471682,0.0,99.99999893753692,0.0,0.0026948457131943672
323.5,161.75,0.0014081952697440712,0.0,99.99999868714646,0.0,0.002889720258310303
324.0,162.0,0.0014165060228132022,0.0,99.99999896887952,0.0,0.0025063837539435704
324.5,162.25,0.0014247892056268542,0.0,99.99999897017932,0.0,0.0025045172814014143
325.0,162.5,0.0014330297433284504,0.0,99.99999890532885,0.0,0.0026853589827355332
325.5,162.75,0.0014412428600192873,0.0,99.99999890580399,0.0,0.002684798395729688
326.0,163.0,0.0014494286923402455,0.0,99.99999816663328,0.0,0.004581348110138114
326.5,163.25,0.0014575873760258563,0.0,99.99999816830865,0.0,0.004577913695629415
327.0,163.5,0.0014657345017029936,0.0,99.99999867188502,0.0,0.004147923019996838
327.5,163.75,0.0014738548674056997,0.0,99.99999866811928,0.0,0.0041565784288152925
328.0,164.0,0.001481948604761154,0.0,99.99999866563151,0.0,0.00416249490728988
328.5,164.25,0.0014900002098591845,0.0,99.99999889523102,0.0,0.0036113137102789
329.0,164.5,0.0014980567166368102,0.0,99.99999841438205,0.0,0.004250867885758415
329.5,164.75,0.0015060713501302125,0.0,99.99999914304438,0.0,0.0026821906156948017
330.0,165.0,0.001514044063903101,0.0,99.99999899315426,0.0,0.002693308918745979
330.5,165.25,0.0015220065467130913,0.0,99.99999818354446,0.0,0.004320389918697049
331.0,165.5,0.0015299590970118961,0.0,99.9999981811279,0.0,0.004286829699436471
331.5,165.75,0.0015378860301758178,0.0,99.99999818171713,0.0,0.004285407518167742
332.0,166.0,0.0015457874697845234,0.0,99.99999818241322,0.0,0.004283836772093606
332.5,166.25,0.0015536635386240755,0.0,99.99999818323649,0.0,0.004282110281520475
333.0,166.5,0.0015615466550843338,0.0,99.99999882615089,0.0,0.002857857619693915
333.5,166.75,0.0015590798331474828,0.0,99.99999882717685,0.0,0.0028563154805816763
334.0,167.0,0.001556620792742642,0.0,99.99999882829869,0.0,0.0028546606132384515
334.5,167.25,0.0015541694971078037,0.0,99.99999882950672,0.0,0.0028529178374091533
335.0,167.5,0.0015517259097121599,0.0,99.99999883079873,0.0,0.002851098975359644
335.5,167.75,0.0015492899942542888,0.0,99.99999883217218,0.0,0.00284921687362227
336.0,168.0,0.0015468458685898093,0.0,99.9999979352399,0.0,0.003403882015514335
336.5,168.25,0.0015444094423761403,0.0,99.99999793931916,0.0,0.0034005758280475197
337.0,168.5,0.001542027919896245,0.0,99.99999797043012,0.0,0.003282236510385381
337.5,168.75,0.0015396537308562921,0.0,99.99999803384068,0.0,0.003224801330689717
338.0,169.0,0.0015372868414354798,0.0,99.99999809771873,0.0,0.0031674761856954063
338.5,169.25,0.0015349272180206555,0.0,99.99999814105578,0.0,0.003128806401321572
339.0,169.5,0.0015325592724910685,0.0,99.99999866226122,0.0,0.0036472437178314355
339.5,169.75,0.0015301986218078639,0.0,99.99999866439153,0.0,0.0036452873445193394
340.0,170.0,0.0015277988566803258,0.0,99.99999895734545,0.0,0.0030708531667005584
340.5,170.25,0.0015254066067279524,0.0,99.99999895701635,0.0,0.003071592860958824
341.0,170.5,0.0015230218367038176,0.0,99.99999895668783,0.0,0.0030723142146081538
341.5,170.75,0.0015206291980946818,0.0,99.99999902250714,0.0,0.0029936325638004998
342.0,171.0,0.0015182593307593308,0.0,99.99999783829753,0.0,0.004307484345637313
342.5,171.25,0.0015158816206882705,0.0,99.9999985437252,0.0,0.003420911493400019
343.0,171.5,0.0015135113463234705,0.0,99.9999985534843,0.0,0.003411625856864006
343.5,171.75,0.0015111182274883414,0.0,99.99999902216992,0.0,0.002664476585868216
344.0,172.0,0.0015087477393763177,0.0,99.99999868876215,0.0,0.003622090921786023
344.5,172.25,0.0015064147329356132,0.0,99.99999833358227,0.0,0.00407162168903587
345.0,172.5,0.0015040589670800338,0.0,99.99999944933299,0.0,0.002365754612045643
345.5,172.75,0.001501710557721378,0.0,99.999999452874,0.0,0.0023576136543261694
346.0,173.0,0.0014993694704544779,0.0,99.99999845986413,0.0,0.0044437364300022346
346.5,173.25,0.0014970356710883746,0.0,99.99999847243717,0.0,0.004425773750903487
347.0,173.5,0.0014947091256446552,0.0,99.99999848495888,0.0,0.004407812735127798
347.5,173.75,0.0014923898003558016,0.0,99.99999918844392,0.0,0.003191096561147115
348.0,174.0,0.0014900629576269514,0.0,99.99999933902848,0.0,0.0024452122047068296
348.5,174.25,0.0014877433593442106,0.0,99.99999933992,0.0,0.0024469548379267344
349.0,174.5,0.001485430971727625,0.0,99.9999993408825,0.0,0.0024487385285739626
349.5,174.75,0.0014831257612069305,0.0,99.99999842943369,0.0,0.004109737338995381
350.0,175.0,0.0014807986506099715,0.0,99.99999873762142,0.0,0.00431483778459964
350.5,175.25,0.0014784788313163357,0.0,99.99999872020923,0.0,0.004362440658405235
351.0,175.5,0.001476166269111954,0.0,99.99999927622622,0.0,0.0032794693917456994
351.5,175.75,0.001473860929996486,0.0,99.99999926029037,0.0,0.0033307763136161215
352.0,176.0,0.0014715627801816552,0.0,99.99999924279169,0.0,0.00338586913965879
352.5,176.25,0.0014692574898076342,0.0,99.99999877373827,0.0,0.0038909629490355467
353.0,176.5,0.001466973662479477,0.0,99.99999931820103,0.0,0.002942318609218227
353.5,176.75,0.0014647111318046018,0.0,99.99999893264729,0.0,0.004165324974698844
354.0,177.0,0.001462441405493356,0.0,99.99999886869495,0.0,0.0038959192835984874
354.5,177.25,0.0014601504631868026,0.0,99.99999787646728,0.0,0.004113717081546602
355.0,177.5,0.0014578666872634588,0.0,99.99999788525746,0.0,0.004106765595719673
355.5,177.75,0.0014555900441496849,0.0,99.9999978942136,0.0,0.004099486435388926
356.0,178.0,0.001453320500481232,0.0,99.99999790332637,0.0,0.004091937961855827
356.5,178.25,0.0014510580231016125,0.0,99.9999979125429,0.0,0.004084239272851988
357.0,178.5,0.001448802579060485,0.0,99.99999792168289,0.0,0.004076623225285343
357.5,178.75,0.0014465679934856542,0.0,99.99999792803301,0.0,0.003820653337458537
358.0,179.0,0.0014443541058874168,0.0,99.99999897216226,0.0,0.0028636300617017126
358.5,179.25,0.0014421469843846999,0.0,99.99999897256143,0.0,0.0028622386129487413
359.0,179.5,0.0014399465980069613,0.0,99.99999897304596,0.0,0.0028607255328088137
359.5,179.75,0.0014377529159723876,0.0,99.9999989736009,0.0,0.0028591281903196605
360.0,180.0,0.0014355386121859164,0.0,99.99999900288749,0.0,0.0027620129624502986
360.5,180.25,0.0014333311184728853,0.0,99.99999900233043,0.0,0.0027624459614705547
361.0,180.5,0.0014311168397907346,0.0,99.99999899211598,0.0,0.002955921212103393
361.5,180.75,0.0014289093920037852,0.0,99.99999899238775,0.0,0.0029549211682819336
362.0,181.0,0.0014267087435514655,0.0,99.9999989927278,0.0,0.0029538362162432924
362.5,181.25,0.0014245148630673296,0.0,99.99999899312606,0.0,0.0029526706796662123
363.0,181.5,0.0014223277193775668,0.0,99.99999899355969,0.0,0.002951448288767941
363.5,181.75,0.0014201472814995252,0.0,99.99999899400073,0.0,0.0029502039294210395
364.0,182.0,0.0014179735186402478,0.0,99.99999777036177,0.0,0.004414605627827761
364.5,182.25,0.0014157931254336453,0.0,99.99999826220576,0.0,0.003648735356549552
365.0,182.5,0.0014136194274373232,0.0,99.99999826644417,0.0,0.0036439746079922506
365.5,182.75,0.001411465587347286,0.0,99.99999908715269,0.0,0.0027005524323252704
366.0,183.0,0.0014093183006047936,0.0,99.9999990888655,0.0,0.0026983724615266503
366.5,183.25,0.0014071775373461191,0.0,99.99999909055126,0.0,0.002696243245326152
367.0,183.5,0.001405043267888713,0.0,99.99999909218174,0.0,0.0026941795605246186
367.5,183.75,0.0014029415317148406,0.0,99.99999894598433,0.0,0.002951815417892636
368.0,184.0,0.0014008460739201424,0.0,99.99999894553288,0.0,0.0029526150857147816
368.5,184.25,0.0013987568664140875,0.0,99.99999894502191,0.0,0.002953562927342477
369.0,184.5,0.0013966738812734706,0.0,99.99999894446783,0.0,0.002954636626813251
369.5,184.75,0.0013946099709995013,0.0,99.99999888650868,0.0,0.002926453511859083
370.0,185.0,0.001392552151539185,0.0,99.99999888527041,0.0,0.002928267901577874
370.5,185.25,0.0013905003959703115,0.0,99.99999857064208,0.0,0.0031840857444224643
371.0,185.5,0.0013884674445762415,0.0,99.9999980544781,0.0,0.003936809552246089
371.5,185.75,0.0013864404289701778,0.0,99.9999980546515,0.0,0.003936982238657797
372.0,186.0,0.0013844193231931493,0.0,99.99999805507997,0.0,0.003936945838641391
372.5,186.25,0.001382404101437334,0.0,99.99999805571612,0.0,0.003936736037834367
373.0,186.5,0.0013804073572969613,0.0,99.99999900921169,0.0,0.002947921947123509
373.5,186.75,0.0013784037901539978,0.0,99.99999895539531,0.0,0.003001165022706533
374.0,187.0,0.001376393484463161,0.0,99.999998153422,0.0,0.003629626893931842
374.5,187.25,0.001374389034013853,0.0,99.99999815039638,0.0,0.0036325996147143534
375.0,187.5,0.0013723904132621992,0.0,99.99999814724994,0.0,0.003635685567468714
375.5,187.75,0.0013703975968126913,0.0,99.99999814390384,0.0,0.0036389531825088187
376.0,188.0,0.0013684105594171114,0.0,99.99999814032634,0.0,0.0036424245323073002
376.5,188.25,0.0013664292759734678,0.0,99.99999813650041,0.0,0.003646108459660862
377.0,188.5,0.0013644537215249351,0.0,99.99999813243342,0.0,0.003649990236302266
377.5,188.75,0.0013624838712588089,0.0,99.99999812813054,0.0,0.003654058210193498
378.0,189.0,0.0013605442176870747,0.0,99.99999801426618,0.0,0.0035296969391167155
378.5,189.25,0.0013586100789073536,0.0,99.9999980133671,0.0,0.0035307839378206705
379.0,189.5,0.0013566814314336798,0.0,99.99999801270857,0.0,0.0035316515208528862
379.5,189.75,0.0013547582519132595,0.0,99.99999801224742,0.0,0.003532331446737594
380.0,190.0,0.001352828396853554,0.0,99.99999804245583,0.0,0.0037668024894390102
380.5,190.25,0.0013509040321354124,0.0,99.99999804092464,0.0,0.0037682395731354445
381.0,190.5,0.001348985134362493,0.0,99.99999803942676,0.0,0.0037696438832562403
381.5,190.75,0.0013470596631458749,0.0,99.99999860475302,0.0,0.003064221888293746
382.0,191.0,0.0013451396807297605,0.0,99.99999860349715,0.0,0.0030655423874208694
382.5,191.25,0.0013432371124849887,0.0,99.99999873984736,0.0,0.0034838397158680288
383.0,191.5,0.0013413280035531867,0.0,99.99999881760839,0.0,0.0030184854603419755
383.5,191.75,0.0013394243136559188,0.0,99.99999881757844,0.0,0.0030182180478132326
384.0,192.0,0.0013375260197528677,0.0,99.99999881762015,0.0,0.003017820496635683
384.5,192.25,0.0013356212850268894,0.0,99.9999987278848,0.0,0.003127792844716261
385.0,192.5,0.001333721967549043,0.0,99.99999872833098,0.0,0.0031270354811574474
385.5,192.75,0.0013318397911392962,0.0,99.9999986607286,0.0,0.0029557037058565855
386.0,193.0,0.001329962919576878,0.0,99.99999865990506,0.0,0.0029571736954457873
386.5,193.25,0.0013280679689355228,0.0,99.99999916765016,0.0,0.0022936268210582496
387.0,193.5,0.0013262017056183525,0.0,99.99999918822216,0.0,0.0028866347626070876
387.5,193.75,0.001324340680062095,0.0,99.99999918678027,0.0,0.0028885758307773224
388.0,194.0,0.0013225080357690253,0.0,99.99999883250564,0.0,0.003912703895701568
388.5,194.25,0.0013206689056815002,0.0,99.99999920181352,0.0,0.003161638813785596
389.0,194.5,0.001318834883619372,0.0,99.99999919841926,0.0,0.003168286601277932
389.5,194.75,0.0013170404095908452,0.0,99.99999920721882,0.0,0.002667294897102096
390.0,195.0,0.0013152508122327036,0.0,99.99999920825697,0.0,0.0026649941267117795
390.5,195.25,0.0013134546466720017,0.0,99.99999880957249,0.0,0.003923246972671599
391.0,195.5,0.0013116633802694557,0.0,99.9999988079213,0.0,0.003925254995140689
391.5,195.75,0.0013098656303403048,0.0,99.9999991780117,0.0,0.0034899428933191996
392.0,196.0,0.0013080728016147335,0.0,99.99999917705861,0.0,0.00349224596002205
392.5,196.25,0.0013062848739132315,0.0,99.99999917614505,0.0,0.003494466627639604
393.0,196.5,0.0013045130969659272,0.0,99.99999918486817,0.0,0.0032191975483202547
393.5,196.75,0.0013027461198008782,0.0,99.99999918393294,0.0,0.0032210045017580626
394.0,197.0,0.0013009951320380822,0.0,99.99999903357855,0.0,0.0029660440024517815
394.5,197.25,0.0012992488448731296,0.0,99.9999990791524,0.0,0.0027618991760819476
395.0,197.5,0.0012974737927478948,0.0,99.99999918696115,0.0,0.0033408729609870035
395.5,197.75,0.001295692466106058,0.0,99.99999892929885,0.0,0.004074179356563657
396.0,198.0,0.001293916023993145,0.0,99.99999892410646,0.0,0.0040856168888088506
396.5,198.25,0.0012921555036411402,0.0,99.9999995041411,0.0,0.0023109901321321335
397.0,198.5,0.001290399767557128,0.0,99.99999950117967,0.0,0.0023228784232795646
397.5,198.75,0.001288659793814433,0.0,99.99999937509992,0.0,0.0029313800182734595
398.0,199.0,0.0012869025703961274,0.0,99.9999985239974,0.0,0.003325084946908797
398.5,199.25,0.0012851501327704772,0.0,99.99999891362177,0.0,0.0030027137681619904
399.0,199.5,0.0012834024614129327,0.0,99.99999891439728,0.0,0.0030021839270478546
399.5,199.75,0.0012816377803052165,0.0,99.9999990637546,0.0,0.00244212654560221
400.0,200.0,0.001279877945414477,0.0,99.99999906424328,0.0,0.002441852730045801
400.5,200.25,0.001278155393223237,0.0,99.9999985851786,0.0,0.0037803088071225984
401.0,200.5,0.0012764266815442227,0.0,99.99999846882477,0.0,0.0037911461164615466
401.5,200.75,0.0012746811186804096,0.0,99.99999867479545,0.0,0.0037799112204386235
402.0,201.0,0.001272940323546024,0.0,99.99999867450046,0.0,0.0037801951232637626
402.5,201.25,0.0012712042766342552,0.0,99.9999991447385,0.0,0.002751188863112503
403.0,201.5,0.0012694729585445619,0.0,99.99999914604733,0.0,0.0027488511233387043
403.5,201.75,0.0012677569936528192,0.0,99.99999905836738,0.0,0.0028192245383865753
404.0,202.0,0.0012660456614878972,0.0,99.99999905914535,0.0,0.0028178719953987413
404.5,202.25,0.0012643283569592485,0.0,99.99999793465277,0.0,0.004296043327868062
405.0,202.5,0.001262605147415422,0.0,99.9999982705918,0.0,0.003902073146295427
405.5,202.75,0.0012608971575536925,0.0,99.99999833731377,0.0,0.0040796024043840895
406.0,203.0,0.0012591937824179857,0.0,99.99999833624071,0.0,0.004080562925973999
406.5,203.25,0.001257484531274723,0.0,99.99999927016003,0.0,0.0026342939698789517
407.0,203.5,0.0012557799141745118,0.0,99.99999926984131,0.0,0.002634863052935539
407.5,203.75,0.0012540590819623118,0.0,99.9999989012603,0.0,0.002918088813035618
408.0,204.0,0.0012523533461056787,0.0,99.99999877278873,0.0,0.003107189800668751
408.5,204.25,0.001250652244133944,0.0,99.99999877522167,0.0,0.0031024029863158976
409.0,204.5,0.001248966087675765,0.0,99.99999904417656,0.0,0.002830827426133637
409.5,204.75,0.0012472844717213352,0.0,99.99999904632973,0.0,0.0028269156359750805
410.0,205.0,0.0012456073779552241,0.0,99.99999904859898,0.0,0.002822819533530518
410.5,205.25,0.0012439142934813948,0.0,99.99999898811697,0.0,0.002870852932443166
411.0,205.5,0.0012504524663529567,0.0,99.9999989900805,0.0,0.002867140082046846
411.5,205.75,0.0012569729134660412,0.0,99.99999899207806,0.0,0.002863365402425863
412.0,206.0,0.0012634757068080008,0.0,99.99999899407673,0.0,0.0028595830896808896
412.5,206.25,0.0012699609179769114,0.0,99.9999989960398,0.0,0.0028558548745090694
413.0,206.5,0.0012764390623082272,0.0,99.99999863288313,0.0,0.003962069839153544
413.5,206.75,0.0012828998439274712,0.0,99.99999863040337,0.0,0.003967464647203247
414.0,207.0,0.001289353854188768,0.0,99.99999862723791,0.0,0.00440683725125093
414.5,207.25,0.0012957801574495136,0.0,99.99999858875071,0.0,0.004437602362863012
415.0,207.5,0.0013021893057703264,0.0,99.99999858562774,0.0,0.004442679567477537
415.5,207.75,0.001308592003771346,0.0,99.99999885957354,0.0,0.003949496151966646
416.0,208.0,0.001314967085237465,0.0,99.99999897303485,0.0,0.0030218812557552114
416.5,208.25,0.001321325216235277,0.0,99.99999897337104,0.0,0.0030216297880599793
417.0,208.5,0.0013276664642784862,0.0,99.99999897368724,0.0,0.0030214200176024316
417.5,208.75,0.0013340016816506047,0.0,99.99999895326329,0.0,0.0030276997679194594
418.0,209.0,0.001340309401543778,0.0,99.99999892010416,0.0,0.0031997673555055005
418.5,209.25,0.001346633014280761,0.0,99.99999912033753,0.0,0.0034900293305936596
419.0,209.5,0.0013529511246406223,0.0,99.99999917907971,0.0,0.0034885868500066862
419.5,209.75,0.0013592311095025535,0.0,99.99999884866986,0.0,0.0028191633452807974
420.0,210.0,0.0013654947508775312,0.0,99.99999883320707,0.0,0.0028383220210688536
420.5,210.25,0.0013717201049245555,0.0,99.99999875179229,0.0,0.003263541486179564
421.0,210.5,0.0013779291007410374,0.0,99.99999875047905,0.0,0.003265038347656058
421.5,210.75,0.0013840885816692268,0.0,99.99999912427126,0.0,0.003035121514472955
422.0,211.0,0.0013902316253725261,0.0,99.99999912348882,0.0,0.003035983960288208
422.5,211.25,0.0013963582975599635,0.0,99.99999921937949,0.0,0.0024693674845162215
423.0,211.5,0.0014024686635907978,0.0,99.99999921908717,0.0,0.00246946873876672
423.5,211.75,0.0014085627884768423,0.0,99.9999992188036,0.0,0.002469576507451405
424.0,212.0,0.0014146407368847704,0.0,99.99999921852663,0.0,0.0024696838866472065
424.5,212.25,0.0014207138491820974,0.0,99.99999910536869,0.0,0.0030204497667066822
425.0,212.5,0.0014267709794782775,0.0,99.99999910473483,0.0,0.003021179406763643
425.5,212.75,0.001432812190777756,0.0,99.99999910412032,0.0,0.00302190370289237
426.0,213.0,0.0014388375457542433,0.0,99.99999843001295,0.0,0.004064074533437791
426.5,213.25,0.0014448927384270408,0.0,99.99999870475091,0.0,0.0040338412875436085
427.0,213.5,0.0014509324606710563,0.0,99.99999870386922,0.0,0.004034877942117154
427.5,213.75,0.001456968245967742,0.0,99.9999984051304,0.0,0.00401367639532143
428.0,214.0,0.001462988744425305,0.0,99.99999840367913,0.0,0.004016933205190341
428.5,214.25,0.0014689940140457823,0.0,99.999998402204,0.0,0.004020324925621159
429.0,214.5,0.0014671384523650742,0.0,99.99999840071929,0.0,0.004023809773940741
429.5,214.75,0.001465299054216065,0.0,99.99999861008095,0.0,0.0038581992525378267
430.0,215.0,0.0014634642625157498,0.0,99.99999860912723,0.0,0.003861125328143607
430.5,215.25,0.0014616683341670835,0.0,99.99999900017154,0.0,0.003112216090304187
431.0,215.5,0.001459888205352403,0.0,99.99999850343325,0.0,0.0037744067870701596
431.5,215.75,0.0014580896686159845,0.0,99.99999841530274,0.0,0.0037855934993541915
432.0,216.0,0.0014562955579091646,0.0,99.99999841394337,0.0,0.00378817443072708
432.5,216.25,0.0014545171703029597,0.0,99.99999917513726,0.0,0.0030343652910008114
433.0,216.5,0.0014527431208340455,0.0,99.99999917120708,0.0,0.003042444762385924
433.5,216.75,0.0014509733936483057,0.0,99.99999916747367,0.0,0.003050155921094814
434.0,217.0,0.0014491742806438364,0.0,99.9999988021003,0.0,0.0035818249367516623
434.5,217.25,0.0014473684210526317,0.0,99.99999895468709,0.0,0.003410418220165003
435.0,217.5,0.0014455670565317214,0.0,99.99999895393609,0.0,0.0034117873324399192
435.5,217.75,0.001443770170318556,0.0,99.99999895310239,0.0,0.0034133324117560484
436.0,218.0,0.001441966626569199,0.0,99.99999895350888,0.0,0.0032472145070471486
436.5,218.25,0.00144017867457353,0.0,99.99999902595475,0.0,0.002957353766825734
437.0,218.5,0.001438395150993031,0.0,99.9999990263854,0.0,0.0029566623402798404
437.5,218.75,0.0014366270761950125,0.0,99.99999899480365,0.0,0.0030593154094930397
438.0,219.0,0.0014348743525800882,0.0,99.9999989931988,0.0,0.0031716634085352455
438.5,219.25,0.001433125900493547,0.0,99.99999899281438,0.0,0.003172317374994662
439.0,219.5,0.0014313817043393063,0.0,99.99999899249732,0.0,0.0031728658624429118
439.5,219.75,0.0014296526784963418,0.0,99.99999798083113,0.0,0.004399382239918091
440.0,220.0,0.0014279605363633587,0.0,99.99999781561198,0.0,0.0045519108773600485
440.5,220.25,0.0014262723951460976,0.0,99.99999781486028,0.0,0.0045527105261221204
441.0,220.5,0.0014245882406716134,0.0,99.99999781399573,0.0,0.0045536625569705565
441.5,220.75,0.0014229188860143053,0.0,99.9999981130923,0.0,0.00407799639783619
442.0,221.0,0.0014212534391293112,0.0,99.99999811008288,0.0,0.004081524100598426
442.5,221.25,0.0014195918863111868,0.0,99.99999810693488,0.0,0.004085204164581948
443.0,221.5,0.001417934213918503,0.0,99.99999810370429,0.0,0.004088963037597967
443.5,221.75,0.001416280408373474,0.0,99.99999810044869,0.0,0.004092727128259435
444.0,222.0,0.0014146625613713905,0.0,99.99999798308417,0.0,0.0049678231042675665
444.5,222.25,0.0014130484063534284,0.0,99.99999798328389,0.0,0.0049675818841040335
445.0,222.5,0.0014114379306961332,0.0,99.99999798319894,0.0,0.004967709106292579
445.5,222.75,0.0014098098641455949,0.0,99.99999840158816,0.0,0.004242045239992386
446.0,223.0,0.001408185549154712,0.0,99.99999840256423,0.0,0.004241288489903317
446.5,223.25,0.0014065649727713092,0.0,99.9999984034245,0.0,0.00424074638891789
447.0,223.5,0.0014049586776859503,0.0,99.9999987510778,0.0,0.003395562958172576
447.5,223.75,0.0014033560471887851,0.0,99.99999875168707,0.0,0.0033951862187809787
448.0,224.0,0.001401725546635484,0.0,99.99999834595009,0.0,0.003735916922563771
448.5,224.25,0.0014000673829221728,0.0,99.99999839653671,0.0,0.0041004842014188605
449.0,224.5,0.0013984131376053484,0.0,99.99999839536648,0.0,0.004101959344969796
449.5,224.75,0.0013967523640220493,0.0,99.99999905223225,0.0,0.0029819014212130387
450.0,225.0,0.0013950955304720197,0.0,99.99999905139683,0.0,0.0029834982122900204
450.5,225.25,0.0013934426229508198,0.0,99.99999901734498,0.0,0.0030895890910578217
451.0,225.5,0.0013992259601071748,0.0,99.99999893505054,0.0,0.003291897386527968
451.5,225.75,0.0014049955396966995,0.0,99.99999893525909,0.0,0.0032917420602477988
452.0,226.0,0.0014107514107514108,0.0,99.99999893535313,0.0,0.003291764814357632
452.5,226.25,0.0014164936220706023,0.0,99.99999893530395,0.0,0.0032920181090742556
453.0,226.5,0.0014222222222222223,0.0,99.99999893509293,0.0,0.0032925424221230946
453.5,226.75,0.001427937259544244,0.0,99.99999893471181,0.0,0.003293362061191165
454.0,227.0,0.0014336387821460243,0.0,99.99999893416297,0.0,0.003294480822238051
454.5,227.25,0.0014393162140816794,0.0,99.99999843303232,0.0,0.0038302158704546447
455.0,227.5,0.0014449801683844236,0.0,99.99999843188935,0.0,0.003831688502533459
455.5,227.75,0.0014506520570540717,0.0,99.99999814738854,0.0,0.004119896984244937
456.0,228.0,0.0014563106796116505,0.0,99.99999814743788,0.0,0.004119484865196439
456.5,228.25,0.0014619453423449897,0.0,99.99999822320076,0.0,0.00407793270378237
457.0,228.5,0.0014675667742882301,0.0,99.9999982224243,0.0,0.0040789565790168795
457.5,228.75,0.00147316422482978,0.0,99.99999815672062,0.0,0.003944001430268723
458.0,229.0,0.0014787484809885654,0.0,99.99999815667161,0.0,0.003944200614996747
458.5,229.25,0.00148431958936262,0.0,99.99999815667488,0.0,0.0039443346065099055
459.0,229.5,0.0014898775963308112,0.0,99.99999815669467,0.0,0.003944450749734533
459.5,229.75,0.001495422548054127,0.0,99.99999910744522,0.0,0.0027632930219674686
460.0,230.0,0.0015009544904769538,0.0,99.99999910980596,0.0,0.0027606430184032842
460.5,230.25,0.0015064734693283456,0.0,99.99999911207419,0.0,0.0027580599201186273
461.0,230.5,0.0015119575488842043,0.0,99.99999860269601,0.0,0.0034440407357724336
461.5,230.75,0.0015174286481816268,0.0,99.99999860695775,0.0,0.0034386473095980434
462.0,231.0,0.0015228868132505656,0.0,99.9999986115347,0.0,0.003432873494387586
462.5,231.25,0.0015283210198464435,0.0,99.99999877449626,0.0,0.0031753167743607934
463.0,231.5,0.0015337312353047568,0.0,99.9999989992458,0.0,0.002978796181478663
463.5,231.75,0.0015391285497507044,0.0,99.99999900055978,0.0,0.0029768892512571326
464.0,232.0,0.0015445130092742955,0.0,99.99999900209076,0.0,0.002974699646580292
464.5,232.25,0.0015498846597462514,0.0,99.99999900399851,0.0,0.002972016430205135
465.0,232.5,0.0015480544915181015,0.0,99.9999989674254,0.0,0.00297419920661734
465.5,232.75,0.001546217520442434,0.0,99.99999807280498,0.0,0.004116346037488733
466.0,233.0,0.0015443959975002335,0.0,99.9999983314046,0.0,0.003898279152293847
466.5,233.25,0.0015425676936101824,0.0,99.99999847797942,0.0,0.003620997844639341
467.0,233.5,0.001540743713407337,0.0,99.99999848158299,0.0,0.003616579206295976
467.5,233.75,0.0015389240415724225,0.0,99.99999848493837,0.0,0.003612500061085437
468.0,234.0,0.0015371086628584501,0.0,99.9999984881024,0.0,0.003608687165438711
468.5,234.25,0.00153528659873321,0.0,99.99999884467947,0.0,0.0030720848079335197
469.0,234.5,0.0015334688491851218,0.0,99.99999885609716,0.0,0.003060587509707045
469.5,234.75,0.0015316553989071816,0.0,99.99999886674195,0.0,0.003049943610816274
470.0,235.0,0.0015298462326647074,0.0,99.99999887654593,0.0,0.0030401862967272485
470.5,235.25,0.001528041335294912,0.0,99.99999888545948,0.0,0.0030313354590039542
471.0,235.5,0.0015262298573152553,0.0,99.99999863289257,0.0,0.0035011188926843367
471.5,235.75,0.0015244118606333045,0.0,99.99999836187374,0.0,0.003733186585464872
472.0,236.0,0.001522608972770086,0.0,99.99999924192954,0.0,0.0024715132123243307
472.5,236.25,0.0015208103443397562,0.0,99.99999923992115,0.0,0.0024743463240419795
473.0,236.5,0.0015190159602653686,0.0,99.99999923802801,0.0,0.002477031041904075
473.5,236.75,0.0015172365124730956,0.0,99.99999876648597,0.0,0.003287099888449832
474.0,237.0,0.0015154505469719183,0.0,99.99999940158575,0.0,0.0023485975162220387
474.5,237.25,0.0015136687811094136,0.0,99.99999940211404,0.0,0.0023487696241397014
475.0,237.5,0.0015118805684670937,0.0,99.99999932647684,0.0,0.002349344279081734
475.5,237.75,0.0015100965759438103,0.0,99.9999984355265,0.0,0.004056692377919244
476.0,238.0,0.001508327370178614,0.0,99.9999993869735,0.0,0.002217200779964264
476.5,238.25,0.0015066045338285273,0.0,99.99999889046524,0.0,0.0029698457643869895
477.0,238.5,0.0015048856286922195,0.0,99.99999889186287,0.0,0.0029692644207622645
477.5,238.75,0.001503170641329502,0.0,99.99999877238402,0.0,0.003384721957011995
478.0,239.0,0.0015014281025440477,0.0,99.99999926617826,0.0,0.002808150915960269
478.5,239.25,0.0014997105209924597,0.0,99.99999889666603,0.0,0.0031762258376796205
479.0,239.5,0.001511879049676026,0.0,99.9999982961786,0.0,0.0032264819034385746
479.5,239.75,0.0015240189562905795,0.0,99.99999829808796,0.0,0.003225342126473233
480.0,240.0,0.0015361303417021157,0.0,99.99999830011443,0.0,0.0032241020441877715
480.5,240.25,0.0015482133063032416,0.0,99.99999830229012,0.0,0.0032227159180452628
481.0,240.5,0.0015464525211336953,0.0,99.99999826995032,0.0,0.003660450785067443
481.5,240.75,0.001544685036642977,0.0,99.9999982272877,0.0,0.0038077239935967785
482.0,241.0,0.00154292158775626,0.0,99.9999989454406,0.0,0.002831771118814463
482.5,241.25,0.0015411728117764954,0.0,99.99999820207961,0.0,0.003921092127130903
483.0,241.5,0.001539438622651148,0.0,99.99999814851421,0.0,0.004027262915946088
483.5,241.75,0.0015377189353192662,0.0,99.99999795206475,0.0,0.004324219793075412
484.0,242.0,0.0015360242457638793,0.0,99.99999884888486,0.0,0.0027311695480370384
484.5,242.25,0.0015343227306816383,0.0,99.99999913492805,0.0,0.002350970611201441
485.0,242.5,0.0015326144478120726,0.0,99.99999907991666,0.0,0.002351233142042204
485.5,242.75,0.0015309099646449043,0.0,99.99999908005424,0.0,0.002350758530720503
486.0,243.0,0.0015292092685168042,0.0,99.99999908012427,0.0,0.002350357573480259
486.5,243.25,0.001527512346820651,0.0,99.99999908017811,0.0,0.00234995994165448
487.0,243.5,0.0015258087470578577,0.0,99.99999915371609,0.0,0.0022877280875548576
487.5,243.75,0.0015241089430338653,0.0,99.99999915378166,0.0,0.0022870334943278538
488.0,244.0,0.001522423315605863,0.0,99.99999900548654,0.0,0.002490740020883015
488.5,244.25,0.0015207414125846467,0.0,99.9999990051945,0.0,0.0024906871491025876
489.0,244.5,0.001519073569482289,0.0,99.99999792502831,0.0,0.0046916923248300655
489.5,244.75,0.0015173990555381663,0.0,99.99999865303732,0.0,0.0038503747798113185
490.0,245.0,0.0015157282292487969,0.0,99.99999865307738,0.0,0.0038500519721074654
490.5,245.25,0.0015140713582510099,0.0,99.99999872099667,0.0,0.003231127393705974
491.0,245.5,0.001512418105611546,0.0,99.99999872187419,0.0,0.003231100833191473
491.5,245.75,0.0015107684594904036,0.0,99.99999916683458,0.0,0.0029261760137431737
492.0,246.0,0.0015091224080991826,0.0,99.99999916656506,0.0,0.0029267394301218867
492.5,246.25,0.0015074799397008024,0.0,99.99999916630024,0.0,0.002927335071620567
493.0,246.5,0.00150585121109603,0.0,99.99999904598543,0.0,0.0032343787144304163
493.5,246.75,0.0015042259981517582,0.0,99.99999904530833,0.0,0.003235549518661936
494.0,247.0,0.0015026042894972678,0.0,99.99999904463508,0.0,0.003236763640103204
494.5,247.25,0.001500986073810822,0.0,99.99999904397706,0.0,0.0032379866861811813
495.0,247.5,0.0014993612586566261,0.0,99.99999909572544,0.0,0.0031279771473258374
495.5,247.75,0.001497780195718901,0.0,99.99999893946942,0.0,0.0032515473335437673
496.0,248.0,0.0014962526587000717,0.0,99.99999834255223,0.0,0.003804188367726521
496.5,248.25,0.00149469817821092,0.0,99.99999890887578,0.0,0.0028656854527584572
497.0,248.5,0.0014931369266822899,0.0,99.99999849291554,0.0,0.002875990459261098
497.5,248.75,0.0014915789332869585,0.0,99.99999849512578,0.0,0.002872926559699988
498.0,249.0,0.0014900341438317264,0.0,99.9999980613009,0.0,0.003961851673300992
498.5,249.25,0.0014884925508623912,0.0,99.9999980646563,0.0,0.003957427223575061
499.0,249.5,0.0014869541444679304,0.0,99.999998067972,0.0,0.003953136926908883
499.5,249.75,0.001485428809325562,0.0,99.99999811453606,0.0,0.004062753703925833
500.0,250.0,0.0014839066003899414,0.0,99.99999811781936,0.0,0.004058805321510944
500.5,250.25,0.0014823776539877953,0.0,99.99999896580279,0.0,0.002793180619489519
501.0,250.5,0.0014808518550491737,0.0,99.99999896827096,0.0,0.0027903119948631135
501.5,250.75,0.0014793291938650958,0.0,99.999998971026,0.0,0.0027870861789660974
502.0,251.0,0.0014778096607664729,0.0,99.99999897426581,0.0,0.0027832293199863654
502.5,251.25,0.0014763030194699875,0.0,99.99999820224544,0.0,0.003789027615004524
503.0,251.5,0.0014747994471155435,0.0,99.99999820087896,0.0,0.003790985028286074
503.5,251.75,0.0014799154334038055,0.0,99.99999834775096,0.0,0.004200379774924023
504.0,252.0,0.0014850210872994396,0.0,99.99999834664007,0.0,0.00420289870923615
504.5,252.25,0.001490116440072264,0.0,99.9999990779827,0.0,0.003693768702756035
505.0,252.5,0.0014952015228660443,0.0,99.9999990815835,0.0,0.0036844024990368837
505.5,252.75,0.0015002763666991288,0.0,99.999999084997,0.0,0.0036755132453576145
506.0,253.0,0.0015053410024650782,0.0,99.99999908826089,0.0,0.003667040582911507
506.5,253.25,0.0015103855423269131,0.0,99.99999817249616,0.0,0.0048698870906771574
507.0,253.5,0.0015154298310066127,0.0,99.99999838178694,0.0,0.005240370005142019
507.5,253.75,0.0015204241459082896,0.0,99.99999856057799,0.0,0.00442212181439663
508.0,254.0,0.0015254081939952602,0.0,99.99999856241571,0.0,0.00442010090642045
508.5,254.25,0.001530382006893259,0.0,99.99999856444192,0.0,0.004417834312346036
509.0,254.5,0.001535345616098262,0.0,99.99999856668748,0.0,0.004415290104442731
509.5,254.75,0.0015402889999869467,0.0,99.99999849627976,0.0,0.004434162830775967
510.0,255.0,0.001545222199040267,0.0,99.99999850117824,0.0,0.004427832431144403
510.5,255.25,0.0015501553411970065,0.0,99.99999946136472,0.0,0.0018877099376397163
511.0,255.5,0.0015550784045806495,0.0,99.99999946145599,0.0,0.00188867531212069
511.5,255.75,0.0015599914200471897,0.0,99.999999461662,0.0,0.001889353513741011
512.0,256.0,0.0015648944183267966,0.0,99.99999946198372,0.0,0.0018897118181573406
512.5,256.25,0.00156977724731127,0.0,99.9999986034108,0.0,0.003617922233129798
513.0,256.5,0.0015746398740288101,0.0,99.99999887132446,0.0,0.003355181074141855
513.5,256.75,0.0015794924909373381,0.0,99.99999840447953,0.0,0.0044337106467822445
514.0,257.0,0.001584335128913146,0.0,99.99999840170909,0.0,0.004437645192669662
514.5,257.25,0.001589167818705668,0.0,99.99999839898331,0.0,0.004441520092316627
515.0,257.5,0.0015939905909381313,0.0,99.99999839627708,0.0,0.0044453663853117
515.5,257.75,0.001598803476108203,0.0,99.99999839358759,0.0,0.004449181787978826
516.0,258.0,0.0016036168321805326,0.0,99.99999843688487,0.0,0.004521176788293717
516.5,258.25,0.0016084204024911215,0.0,99.99999843886582,0.0,0.0045191939761937226
517.0,258.5,0.0016067870685776721,0.0,99.99999844094502,0.0,0.004517075672774962
517.5,258.75,0.0016051570485656316,0.0,99.999998443141,0.0,0.004514798428706445
518.0,259.0,0.0016035200472076302,0.0,99.99999838862205,0.0,0.004402082375058001
518.5,259.25,0.001601917174474411,0.0,99.99999901469552,0.0,0.0033439569849446596
519.0,259.5,0.0016003072589937269,0.0,99.99999881312377,0.0,0.004032377914227818
519.5,259.75,0.0015987005761716876,0.0,99.99999881878651,0.0,0.0040298034338074095
520.0,260.0,0.001597086913469831,0.0,99.99999884479928,0.0,0.003937274156647908
520.5,260.25,0.0015954765050129871,0.0,99.99999869597336,0.0,0.0034252179401487
521.0,260.5,0.0015938591793537857,0.0,99.99999868566358,0.0,0.003349929313257738
521.5,260.75,0.0015922451293221495,0.0,99.99999868599214,0.0,0.003350193347767553
522.0,261.0,0.0015906343449767768,0.0,99.9999986863878,0.0,0.003350367915824422
522.5,261.25,0.0015890268164165538,0.0,99.99999868683595,0.0,0.0033504552013501666
523.0,261.5,0.0015874023747539526,0.0,99.99999827784113,0.0,0.004125185419092881
523.5,261.75,0.0015857812509911132,0.0,99.99999827837999,0.0,0.004125012250731975
524.0,262.0,0.0015841634349732594,0.0,99.99999827879256,0.0,0.0041249486596900845
524.5,262.25,0.0015825489165870116,0.0,99.99999868480892,0.0,0.003523293145159031
525.0,262.5,0.0015809476832792648,0.0,99.99999889892996,0.0,0.0033023652243463386
525.5,262.75,0.0015793397096541878,0.0,99.99999869497606,0.0,0.003521021075388312
526.0,263.0,0.0015777250467006614,0.0,99.99999894386401,0.0,0.00324626453995533
526.5,263.25,0.00157611368192765,0.0,99.99999894760873,0.0,0.003251526274556851
527.0,263.5,0.0015745056052399546,0.0,99.99999895031276,0.0,0.0032594864313429646
527.5,263.75,0.0015729008065835336,0.0,99.99999895148277,0.0,0.0032707626535832266
528.0,264.0,0.0015712992759452937,0.0,99.9999989507937,0.0,0.003285694706038728
528.5,264.25,0.0015697010033528813,0.0,99.99999894810134,0.0,0.00330429036974698
529.0,264.5,0.0015681059788744762,0.0,99.9999989434451,0.0,0.003326267323511349
529.5,264.75,0.0015665141926185851,0.0,99.99999893703568,0.0,0.0033510969323161345
530.0,265.0,0.0015649256347338375,0.0,99.99999892919641,0.0,0.0033781328109946983
530.5,265.25,0.0015633305193383986,0.0,99.9999988039809,0.0,0.0042028507202024005
531.0,265.5,0.0015617386524069516,0.0,99.99999878753431,0.0,0.004234286768070707
531.5,265.75,0.0015601694968141338,0.0,99.99999887305646,0.0,0.003728275420928404
532.0,266.0,0.0015586034912718205,0.0,99.99999886778922,0.0,0.003729899601770857
532.5,266.25,0.0015570406263040214,0.0,99.99999886299055,0.0,0.00373123864855045
533.0,266.5,0.0015554712144497055,0.0,99.99999862885124,0.0,0.0037657973919585632
533.5,266.75,0.0015539146217150245,0.0,99.99999927561475,0.0,0.002253844540616666
534.0,267.0,0.0015523707806562182,0.0,99.99999917264057,0.0,0.0024439866813495475
534.5,267.25,0.0015508396245727436,0.0,99.9999991550684,0.0,0.002347185116171326
535.0,267.5,0.0015493114859756324,0.0,99.99999915548345,0.0,0.002346163276308195
535.5,267.75,0.001547786355953715,0.0,99.99999915597199,0.0,0.002345026521296924
536.0,268.0,0.0015462737894222504,0.0,99.99999935762631,0.0,0.002035304040249154
536.5,268.25,0.001544764176300846,0.0,99.99999948177359,0.0,0.0017884900269250356
537.0,268.5,0.0015432670345815276,0.0,99.99999934966142,0.0,0.002078026999182889
537.5,268.75,0.0015417727920271846,0.0,99.99999934808905,0.0,0.0020804277370887873
538.0,269.0,0.0015402814402247578,0.0,99.99999934651619,0.0,0.0020829187907261313
538.5,269.25,0.0015387834993167801,0.0,99.99999832648246,0.0,0.0036743539235593557
539.0,269.5,0.001537288469106651,0.0,99.999998322997,0.0,0.0036784223937847173
539.5,269.75,0.0015358057758583618,0.0,99.99999835829205,0.0,0.0037140653840149695
540.0,270.0,0.0015343353566102235,0.0,99.99999846192938,0.0,0.0035527039459903593
540.5,270.25,0.0015328677503019749,0.0,99.99999846037103,0.0,0.0035542045262321968
541.0,270.5,0.0015314029488695184,0.0,99.99999845891833,0.0,0.0035556358207467402
541.5,270.75,0.0015299409442795509,0.0,99.99999845757648,0.0,0.0035569983290890737
542.0,271.0,0.001528472383560974,0.0,99.99999849403926,0.0,0.0038856218514981104
542.5,271.25,0.0015270066394248681,0.0,99.99999849377232,0.0,0.003885789782788733
543.0,271.5,0.0015255437037760258,0.0,99.99999849351573,0.0,0.003885995770998867
543.5,271.75,0.0015240835685502308,0.0,99.99999849327456,0.0,0.003886218247001824
544.0,272.0,0.0015226262257141117,0.0,99.99999849305344,0.0,0.00388643511520822
544.5,272.25,0.001521171667264994,0.0,99.99999849285649,0.0,0.0038866258216660337
545.0,272.5,0.0015197198852307543,0.0,99.99999849269076,0.0,0.003886768388308019
545.5,272.75,0.0015182616511399108,0.0,99.99999919960834,0.0,0.0029203386398123045
546.0,273.0,0.0015167970100897338,0.0,99.99999865504513,0.0,0.0035403986254625474
546.5,273.25,0.0015153351921445024,0.0,99.99999865460698,0.0,0.0035406845756349556
547.0,273.5,0.0015138761891497466,0.0,99.99999865425269,0.0,0.003540844453887564
547.5,273.75,0.0015124199929823713,0.0,99.999998653973,0.0,0.003540900964149643
548.0,274.0,0.0015109665955505055,0.0,99.99999865375597,0.0,0.003540879108656761
548.5,274.25,0.0015095159887933533,0.0,99.99999865359815,0.0,0.0035407884524685973
549.0,274.5,0.0015080772618142773,0.0,99.99999928135912,0.0,0.0024440598613595333
549.5,274.75,0.0015066321949220468,0.0,99.99999919286165,0.0,0.0028545577283557166
550.0,275.0,0.0015051898947571227,0.0,99.99999919311314,0.0,0.0028538559606013235
550.5,275.25,0.0015037413083752375,0.0,99.99999826384307,0.0,0.004279303274723935
551.0,275.5,0.0015022955075355143,0.0,99.99999826281875,0.0,0.0042800361217029004
551.5,275.75,0.001500852484211032,0.0,99.99999826190478,0.0,0.004280689860391394
552.0,276.0,0.001499412230405681,0.0,99.9999982610973,0.0,0.004281274300492295
552.5,276.25,0.0014979837139210623,0.0,99.9999991702327,0.0,0.002856689921172434
553.0,276.5,0.00149655791679138,0.0,99.99999917082974,0.0,0.002855315901885201
553.5,276.75,0.0014951258895999043,0.0,99.99999833585154,0.0,0.004345264866466196
554.0,277.0,0.0014936966003465375,0.0,99.99999833551864,0.0,0.004345811936075973
554.5,277.25,0.0014922700411866532,0.0,99.99999833510735,0.0,0.0043463923690795925
555.0,277.5,0.0014908462043055639,0.0,99.99999833459479,0.0,0.004346999058906522
555.5,277.75,0.0014894250819183796,0.0,99.99999833396444,0.0,0.004347624860451278
556.0,278.0,0.0014880066662698649,0.0,99.99999833321677,0.0,0.004348250336644895
556.5,278.25,0.0014865909496342986,0.0,99.99999833235832,0.0,0.0043488534249458595
557.0,278.5,0.001485177924315333,0.0,99.99999833138884,0.0,0.004349420232864352
557.5,278.75,0.0014837587764331625,0.0,99.99999873153439,0.0,0.003878844650759164
558.0,279.0,0.0014823423380689229,0.0,99.99999872961183,0.0,0.003880886969940719
558.5,279.25,0.001480928601470266,0.0,99.99999872753716,0.0,0.003882989384031381
559.0,279.5,0.0014795175589143892,0.0,99.99999872534097,0.0,0.0038851335833659938
559.5,279.75,0.001478109202707896,0.0,99.99999872305753,0.0,0.0038872989177991066
560.0,280.0,0.0014767035251866552,0.0,99.99999863824597,0.0,0.0035183930470767807
560.5,280.25,0.0014753092248135208,0.0,99.99999874962107,0.0,0.003430154187350769
561.0,280.5,0.0014739175549476464,0.0,99.99999874857726,0.0,0.0034303560340209205
561.5,280.75,0.0014725285081519178,0.0,99.99999874770967,0.0,0.0034303638758565016
562.0,281.0,0.00147114207701723,0.0,99.99999874716347,0.0,0.0034300273231587454
562.5,281.25,0.0014697582541623553,0.0,99.99999874701439,0.0,0.003429269229943912
563.0,281.5,0.0014683856568089044,0.0,99.9999987966687,0.0,0.0035128995661402487
563.5,281.75,0.0014670242293721722,0.0,99.99999826771392,0.0,0.004337607858533279
564.0,282.0,0.0014656653241172297,0.0,99.99999826366206,0.0,0.004341751890295127
564.5,282.25,0.0014643089340416683,0.0,99.99999863495897,0.0,0.0039132779014362015
565.0,282.5,0.0014629550521689772,0.0,99.99999863146786,0.0,0.003917736258819325
565.5,282.75,0.001461603671548423,0.0,99.9999986277618,0.0,0.0039224553924093065
566.0,283.0,0.0014602547852549312,0.0,99.99999862386133,0.0,0.003927405034004751
566.5,283.25,0.0014589083863889684,0.0,99.9999986198031,0.0,0.003932532354541804
567.0,283.5,0.0014575559701492538,0.0,99.99999829507918,0.0,0.0046117151026851995
567.5,283.75,0.0014562060589821703,0.0,99.99999828904862,0.0,0.004615654727845756
568.0,284.0,0.0014548501795285122,0.0,99.99999901122354,0.0,0.00303163314128521
568.5,284.25,0.0014534968226559456,0.0,99.99999900994912,0.0,0.0030320287744020707
569.0,284.5,0.0014521375464684014,0.0,99.99999900495656,0.0,0.0034033244271918996
569.5,284.75,0.0014507808102320668,0.0,99.99999898892187,0.0,0.0034346817550538655
570.0,285.0,0.0014494266068343364,0.0,99.99999828094064,0.0,0.004703384693506326
570.5,285.25,0.0014480665415537175,0.0,99.99999911334247,0.0,0.0034928903403136967
571.0,285.5,0.0014467090263069568,0.0,99.99999909085636,0.0,0.003540892033807529
571.5,285.75,0.001445345697783996,0.0,99.99999868480278,0.0,0.0038807835509494
572.0,286.0,0.001443984936349144,0.0,99.99999867731955,0.0,0.003898182638794983
572.5,286.25,0.0014426267347586485,0.0,99.99999866973985,0.0,0.00391570425282844
573.0,286.5,0.0014412710857959852,0.0,99.99999866182422,0.0,0.003933825101563483
573.5,286.75,0.0014399262757746802,0.0,99.99999907945943,0.0,0.0031436175806831956
574.0,287.0,0.0014385839730236734,0.0,99.9999990821573,0.0,0.0031365577540428354
574.5,287.25,0.0014372524332683695,0.0,99.9999991404977,0.0,0.0026661863463489704
575.0,287.5,0.0014359233561549419,0.0,99.99999913879198,0.0,0.0026664475433681033
575.5,287.75,0.0014346049671762383,0.0,99.99999916731205,0.0,0.002646740902464191
576.0,288.0,0.0014332889969270284,0.0,99.99999916597993,0.0,0.002646514176358893
576.5,288.25,0.0014319754387572745,0.0,99.99999916461752,0.0,0.00264624495121255
577.0,288.5,0.0014306642860412947,0.0,99.99999916322236,0.0,0.002645965931219695
577.5,288.75,0.0014293555321776518,0.0,99.99999916180104,0.0,0.0026457137225179214
578.0,289.0,0.0014280573279333725,0.0,99.99999879670648,0.0,0.0034939420195976754
578.5,289.25,0.0014267696223626163,0.0,99.9999988676066,0.0,0.0034127716733776867
579.0,289.5,0.0014254842369953074,0.0,99.99999886319529,0.0,0.0034221301504023935
579.5,289.75,0.0014242011655662338,0.0,99.99999885886561,0.0,0.003431300486295678
580.0,290.0,0.0014229042043973432,0.0,99.9999981479821,0.0,0.0039726209551778835
580.5,290.25,0.001421609603257192,0.0,99.99999814110193,0.0,0.003984856318933036
581.0,290.5,0.001420309286550239,0.0,99.99999887607339,0.0,0.0032185419444328268
581.5,290.75,0.0014190113464147259,0.0,99.99999887903051,0.0,0.0032073292431293926
582.0,291.0,0.0014177077367146609,0.0,99.99999909270895,0.0,0.0029772197075151456
582.5,291.25,0.0014164145448776785,0.0,99.99999831358853,0.0,0.004402412182981416
583.0,291.5,0.0014151237101147382,0.0,99.99999832206072,0.0,0.00438904333505012
583.5,291.75,0.0014138352259874226,0.0,99.9999984608596,0.0,0.0046058329359691735
584.0,292.0,0.0014125490860807412,0.0,99.99999846440582,0.0,0.004599717270344764
584.5,292.25,0.0014112732507268056,0.0,99.99999840830954,0.0,0.004324343096510452
585.0,292.5,0.001410007670441727,0.0,99.9999985686993,0.0,0.0041577961704349345
585.5,292.75,0.0014087364197809132,0.0,99.99999893551468,0.0,0.0034653366973468797
586.0,293.0,0.0014074674593523397,0.0,99.99999893615981,0.0,0.0034633124600325317
586.5,293.25,0.0014062007829725959,0.0,99.99999893661736,0.0,0.003461544274380189
587.0,293.5,0.0014049442799098587,0.0,99.9999989468821,0.0,0.0031767853419247044
587.5,293.75,0.0014036900203254314,0.0,99.99999894732238,0.0,0.003175509681058174
588.0,294.0,0.0014024458655895883,0.0,99.99999848957701,0.0,0.003695233386955678
588.5,294.25,0.0014012117679369118,0.0,99.99999886356136,0.0,0.003213732631817988
589.0,294.5,0.0013999798402902998,0.0,99.99999886601718,0.0,0.0032096130779453603
589.5,294.75,0.0013987579029821518,0.0,99.99999884061452,0.0,0.003240618473020161
590.0,295.0,0.0013975380968885211,0.0,99.99999884267837,0.0,0.003237621201708276
590.5,295.25,0.001396320416438601,0.0,99.99999884463467,0.0,0.0032347985966986337
591.0,295.5,0.001395104856080983,0.0,99.99999884647902,0.0,0.003232166948982409
591.5,295.75,0.0013938914102835734,0.0,99.99999884825593,0.0,0.0032296714427092104
592.0,296.0,0.0013926723153455777,0.0,99.99999901811756,0.0,0.002795394088420567
592.5,296.25,0.0013914476064318274,0.0,99.99999879105542,0.0,0.0034401675807111238
593.0,296.5,0.0013902250496310342,0.0,99.99999840978751,0.0,0.004334003833372428
593.5,296.75,0.0013890046392754953,0.0,99.99999841982883,0.0,0.004316914670786197
594.0,297.0,0.001387778665956124,0.0,99.99999861864892,0.0,0.003742262714617206
594.5,297.25,0.0013865702353287003,0.0,99.99999852485966,0.0,0.003981356051908872
595.0,297.5,0.0013853639073911936,0.0,99.99999852415452,0.0,0.003981664324313743
595.5,297.75,0.0013841673402947723,0.0,99.99999861543346,0.0,0.0038748834451890557
596.0,298.0,0.0013829804889112624,0.0,99.99999867029568,0.0,0.0033818041080570984
596.5,298.25,0.001381788033715628,0.0,99.99999920715621,0.0,0.002398836575892922
597.0,298.5,0.001380597633103418,0.0,99.99999920674371,0.0,0.002399407744907961
597.5,298.75,0.001379416892891037,0.0,99.99999906162701,0.0,0.0028375341994893587
598.0,299.0,0.0013782457687854899,0.0,99.9999989312148,0.0,0.004442335002503775
598.5,299.25,0.0013770690462419786,0.0,99.99999892160008,0.0,0.0033730808656258077
599.0,299.5,0.0013758867590161858,0.0,99.99999878225948,0.0,0.003667647043273257
599.5,299.75,0.0013747065001622153,0.0,99.99999878990137,0.0,0.003646969264738055
600.0,300.0,0.0013735282644646261,0.0,99.9999987978343,0.0,0.0036254236186686463
600.5,300.25,0.0013723520467258425,0.0,99.99999880600339,0.0,0.003603144014968523
601.0,300.5,0.00137118536232202,0.0,99.9999982574094,0.0,0.004796463059465941
601.5,300.75,0.0013700206599115514,0.0,99.99999827209459,0.0,0.004768599423061981
602.0,301.0,0.0013688579344481313,0.0,99.99999828701826,0.0,0.004740069806074031
602.5,301.25,0.0013676971809025707,0.0,99.99999830218242,0.0,0.004710845486769001
603.0,301.5,0.0013665383942627252,0.0,99.9999983175408,0.0,0.00468099379113622
603.5,301.75,0.0013653815695334219,0.0,99.99999833301541,0.0,0.004650648480995315
604.0,302.0,0.0013642341462349866,0.0,99.9999983463881,0.0,0.004690357494149643
604.5,302.25,0.0013630886498334305,0.0,99.99999836308416,0.0,0.00465973220358333
605.0,302.5,0.001361952495096971,0.0,99.9999985335027,0.0,0.004458010745374926
605.5,302.75,0.0013608182327870101,0.0,99.99999851892578,0.0,0.004478414156770803
606.0,303.0,0.0013596932532020775,0.0,99.99999870057913,0.0,0.003840133401371921
606.5,303.25,0.0013585701321073597,0.0,99.99999871818042,0.0,0.0037909633571102178
607.0,303.5,0.0013574488649012592,0.0,99.99999873444429,0.0,0.003744679870387119
607.5,303.75,0.0013563220885190047,0.0,99.99999826340287,0.0,0.0051756172794261415
608.0,304.0,0.001355197181189863,0.0,99.9999982967833,0.0,0.005113697342626568
608.5,304.25,0.0013540521364234608,0.0,99.99999888076488,0.0,0.0037842936462734234
609.0,304.5,0.0013529090249855239,0.0,99.99999888589073,0.0,0.0037715806004480364
609.5,304.75,0.0013517678419837464,0.0,99.99999888689888,0.0,0.003766127945325359
610.0,305.0,0.0013506358793720084,0.0,99.99999920195978,0.0,0.0030708202281941174
610.5,305.25,0.0013494985263476091,0.0,99.99999877729255,0.0,0.0035909457872598523
611.0,305.5,0.0013483703595834075,0.0,99.99999836000075,0.0,0.004283346468239109
611.5,305.75,0.0013472513378205784,0.0,99.99999888465248,0.0,0.003360794778313601
612.0,306.0,0.001346119675423624,0.0,99.99999901770505,0.0,0.0037787474974608232
612.5,306.25,0.0013449899125756557,0.0,99.99999900320029,0.0,0.0037998526406388504
613.0,306.5,0.0013438692683975704,0.0,99.999998466992,0.0,0.0041002690866067245
613.5,306.75,0.0013481214920643447,0.0,99.99999845301004,0.0,0.0041175213986387625
614.0,307.0,0.001357733175914994,0.0,99.99999843931731,0.0,0.004134428853638402
614.5,307.25,0.0013619595058339052,0.0,99.9999981099663,0.0,0.004798119856613554
615.0,307.5,0.0013661860906183198,0.0,99.99999842035493,0.0,0.004295686075093597
615.5,307.75,0.001370398325544546,0.0,99.99999854724943,0.0,0.003851819182506697
616.0,308.0,0.00137459617894354,0.0,99.99999847589142,0.0,0.0037340287067833466
616.5,308.25,0.00137878698809861,0.0,99.99999847863464,0.0,0.0037305506598701473
617.0,308.5,0.0013829707707258727,0.0,99.99999848130294,0.0,0.003727211649633312
617.5,308.75,0.001387147544482087,0.0,99.99999848388462,0.0,0.003724028189800651
618.0,309.0,0.0013913173269649026,0.0,99.99999848639209,0.0,0.003720981373758916
618.5,309.25,0.0013954727030625832,0.0,99.9999989868562,0.0,0.0029854973201114375
619.0,309.5,0.0013996210911722759,0.0,99.99999898908439,0.0,0.0029819179958188134
619.5,309.75,0.0014037625089064478,0.0,99.99999899132717,0.0,0.002978313763387301
620.0,310.0,0.0014079044537596362,0.0,99.9999988503142,0.0,0.0030102748888467404
620.5,310.25,0.001412046990375785,0.0,99.99999887597878,0.0,0.0028503371874105663
621.0,310.5,0.001410878616702469,0.0,99.99999887643808,0.0,0.0028500272965830318
621.5,310.75,0.001409719645980179,0.0,99.99999877425758,0.0,0.002918999993193859
622.0,311.0,0.0014085625777754242,0.0,99.99999877528319,0.0,0.0029177725016781703
622.5,311.25,0.0014074074074074073,0.0,99.99999877617687,0.0,0.0029167073507047506
623.0,311.5,0.001406246695848929,0.0,99.99999872863317,0.0,0.003137930227061827
623.5,311.75,0.001405080475191878,0.0,99.9999984677158,0.0,0.0038427808977020074
624.0,312.0,0.0014039161872591967,0.0,99.99999847012771,0.0,0.0038395137232789442
624.5,312.25,0.0014027538272503388,0.0,99.99999847239769,0.0,0.0038364333994042256
625.0,312.5,0.0014016007756226848,0.0,99.99999821407695,0.0,0.004121904716010136
625.5,312.75,0.0014004569912287167,0.0,99.99999875592478,0.0,0.003557137873356827
626.0,313.0,0.0013993150720962898,0.0,99.99999875661572,0.0,0.0035561204642756174
626.5,313.25,0.0013981750136663723,0.0,99.99999875720195,0.0,0.003555229131264626
627.0,313.5,0.0013970368113947783,0.0,99.99999875768731,0.0,0.00355444734177043
627.5,313.75,0.0013959004607521069,0.0,99.99999875808263,0.0,0.003553750257286138
628.0,314.0,0.0013947732706908846,0.0,99.99999878675463,0.0,0.0032875343688726294
628.5,314.25,0.001393655201320305,0.0,99.99999895494793,0.0,0.0030565971665074175
629.0,314.5,0.0013925389230334314,0.0,99.99999895449722,0.0,0.003056979139121005
629.5,314.75,0.001391424431529887,0.0,99.99999895403832,0.0,0.003057327644816897
630.0,315.0,0.0013903117225230498,0.0,99.99999895359744,0.0,0.0030576199556606137
630.5,315.25,0.0013891935365942824,0.0,99.99999859573242,0.0,0.0037563692389262215
631.0,315.5,0.0013880843913563045,0.0,99.99999868907788,0.0,0.0038355911713175176
631.5,315.75,0.0013869770158094522,0.0,99.99999868941042,0.0,0.0038341939336830437
632.0,316.0,0.001385871405721669,0.0,99.99999868974784,0.0,0.0038328653524297507
632.5,316.25,0.0013847603479600814,0.0,99.99999896491633,0.0,0.003215759305564953
633.0,316.5,0.0013836510702489012,0.0,99.99999896543325,0.0,0.0032144325748101224
633.5,316.75,0.0013825435683137647,0.0,99.99999896569392,0.0,0.003213587145401913
634.0,317.0,0.0013814450122564294,0.0,99.99999885774758,0.0,0.003281926037028793
634.5,317.25,0.001380348200617524,0.0,99.9999988581065,0.0,0.003281343682920381
635.0,317.5,0.0013792459776313265,0.0,99.99999809867433,0.0,0.0040364829025659145
635.5,317.75,0.0013781455135146337,0.0,99.99999911783986,0.0,0.0026997079857469645
636.0,318.0,0.001377046804060735,0.0,99.99999910397442,0.0,0.0027214681089367224
636.5,318.25,0.0013759640800955933,0.0,99.99999766307988,0.0,0.005010026340313783
637.0,318.5,0.0013748830574091208,0.0,99.99999765963628,0.0,0.0050132979007535714
637.5,318.75,0.0013738037319946494,0.0,99.99999765602149,0.0,0.005016724327058782
638.0,319.0,0.0013727260998580829,0.0,99.99999765227987,0.0,0.005020257199157776
638.5,319.25,0.001371650157017847,0.0,99.99999764842742,0.0,0.005023879381875167
639.0,319.5,0.0013705758995048408,0.0,99.9999976445133,0.0,0.005027545351064688
639.5,319.75,0.0013694892217079487,0.0,99.99999913083099,0.0,0.002676164074259256
640.0,320.0,0.0013684042657173576,0.0,99.99999912867807,0.0,0.0026792016907735356
640.5,320.25,0.0013673139990336277,0.0,99.99999893942001,0.0,0.0031100001265021273
641.0,320.5,0.0013662254682917558,0.0,99.99999893732068,0.0,0.0031125477659942257
641.5,320.75,0.0013651526815499102,0.0,99.99999913097717,0.0,0.0026591117264070712
642.0,321.0,0.0013640745830854751,0.0,99.99999860891315,0.0,0.003664496878421263
642.5,321.25,0.0013629981860851209,0.0,99.99999860843846,0.0,0.0036659466382143097
643.0,321.5,0.0013619234865241256,0.0,99.9999986078466,0.0,0.003667579962088261
643.5,321.75,0.0013608504803904516,0.0,99.99999860706737,0.0,0.003669500468572269
644.0,322.0,0.001359779163684695,0.0,99.99999860602857,0.0,0.003671819346825869
644.5,322.25,0.0013587095324200354,0.0,99.99999860467811,0.0,0.003674617149898234
645.0,322.5,0.0013576415826221878,0.0,99.99999860300451,0.0,0.003677909396203054
645.5,322.75,0.001356575310329352,0.0,99.99999860103284,0.0,0.0036816582235080727
646.0,323.0,0.0013555038040736456,0.0,99.99999790295836,0.0,0.004347156867420357
646.5,323.25,0.0013544408857839717,0.0,99.99999894967598,0.0,0.0027038212916744363
647.0,323.5,0.001353379633162889,0.0,99.999998945123,0.0,0.0027101329607355155
647.5,323.75,0.0013523200422981307,0.0,99.99999894120127,0.0,0.002715625659827041
648.0,324.0,0.001351268973645175,0.0,99.99999864050825,0.0,0.003142490464512335
648.5,324.25,0.0013502195375751885,0.0,99.9999986414071,0.0,0.0031414702684067794
649.0,324.5,0.0013491785734211822,0.0,99.99999866382227,0.0,0.003450704699192334
649.5,324.75,0.001348146045776147,0.0,99.999998530187,0.0,0.003607596185631615
650.0,325.0,0.0013471150973113405,0.0,99.99999853089957,0.0,0.0036062733963589232
650.5,325.25,0.00134607891261114,0.0,99.99999863828975,0.0,0.0034840787121716795
651.0,325.5,0.0013450375194676482,0.0,99.99999888418594,0.0,0.0030312489359380305
651.5,325.75,0.0013439977364248649,0.0,99.99999889567212,0.0,0.003009262033710046
652.0,326.0,0.001342959559751603,0.0,99.99999891144125,0.0,0.002979002893356683
652.5,326.25,0.001341922985728195,0.0,99.99999893248084,0.0,0.0029386616144134697
653.0,326.5,0.0013408880106464491,0.0,99.99999895885763,0.0,0.0028882881046579556
653.5,326.75,0.0013398613797549967,0.0,99.99999896154523,0.0,0.0030765276713503025
654.0,327.0,0.0013388430584007369,0.0,99.99999877058723,0.0,0.0033601467826099053
654.5,327.25,0.00133783301228694,0.0,99.99999863925812,0.0,0.0035400582639023583
655.0,327.5,0.0013368244890164288,0.0,99.99999863933962,0.0,0.0035399192433258576
655.5,327.75,0.0013358241934835885,0.0,99.99999885368196,0.0,0.003167723412219758
656.0,328.0,0.0013348253937985818,0.0,99.99999886392403,0.0,0.0031550564216984846
656.5,328.25,0.0013338280866085667,0.0,99.9999988731718,0.0,0.0031436515950475637
657.0,328.5,0.0013328389469570185,0.0,99.99999847294758,0.0,0.0035566514555873553
657.5,328.75,0.0013318512732698451,0.0,99.9999984718962,0.0,0.0035580239529456126
658.0,329.0,0.0013308584036703674,0.0,99.99999875436148,0.0,0.0029304675488353075
658.5,329.25,0.0013298603646617105,0.0,99.9999990888729,0.0,0.0024273454258610166
659.0,329.5,0.0013288638214326751,0.0,99.999999088308,0.0,0.0024281041304042208
659.5,329.75,0.0013278687706231498,0.0,99.99999908771919,0.0,0.002428888183456788
660.0,330.0,0.0013268752088830802,0.0,99.9999990872519,0.0,0.0024295582531158877
660.5,330.25,0.0013258897418004186,0.0,99.99999865028826,0.0,0.002980036666415824
661.0,330.5,0.0013248991383174777,0.0,99.99999897975985,0.0,0.002593140840893989
661.5,330.75,0.001323910013935895,0.0,99.99999897817432,0.0,0.0025942649023188904
662.0,331.0,0.001322928944790097,0.0,99.99999777940965,0.0,0.004121905084435226
662.5,331.25,0.0013219493285888937,0.0,99.9999977746057,0.0,0.004126795247776481
663.0,331.5,0.0013209711621069986,0.0,99.99999776975368,0.0,0.004131715823769412
663.5,331.75,0.001319981341617126,0.0,99.99999805398886,0.0,0.004150018098863056
664.0,332.0,0.0013189930033867376,0.0,99.99999805320554,0.0,0.004151363851888764
664.5,332.25,0.001318006144088792,0.0,99.99999888916884,0.0,0.002948430453562738
665.0,332.5,0.001317020760406197,0.0,99.99999888929668,0.0,0.0029489333128475455
665.5,332.75,0.0013160368490317729,0.0,99.99999888932042,0.0,0.0029496377958479173
666.0,333.0,0.001315060908084164,0.0,99.99999797983223,0.0,0.004373162863663125
666.5,333.25,0.0013140799217480226,0.0,99.99999901641196,0.0,0.0027792645046305145
667.0,333.5,0.0013131003978792935,0.0,99.9999990187471,0.0,0.00277571224976818
667.5,333.75,0.0013121158608170634,0.0,99.99999875152962,0.0,0.0035584827508330632
668.0,334.0,0.0013111327990220725,0.0,99.99999875090207,0.0,0.003559182569211483
668.5,334.25,0.0013101512091809092,0.0,99.99999875031006,0.0,0.003559878049459918
669.0,334.5,0.001309171087990078,0.0,99.9999987497997,0.0,0.0035604826670366852
669.5,334.75,0.0013081924321559602,0.0,99.99999874940693,0.0,0.0035609250690833
670.0,335.0,0.0013072216625304076,0.0,99.99999822030523,0.0,0.0042358795604339455
670.5,335.25,0.001306252332593451,0.0,99.99999822310681,0.0,0.004232005690855216
671.0,335.5,0.0013052844391447933,0.0,99.99999822604943,0.0,0.0042279354543024285
671.5,335.75,0.0013043179789936157,0.0,99.99999822899018,0.0,0.004223879988020491
672.0,336.0,0.0013033529489585426,0.0,99.99999823175924,0.0,0.004220088892767134
672.5,336.25,0.0013023957226582581,0.0,99.99999844237624,0.0,0.0038562588507965426
673.0,336.5,0.0013014399013645548,0.0,99.99999843831327,0.0,0.0038621018719417377
673.5,336.75,0.0013004854819863205,0.0,99.99999843438626,0.0,0.003867776790331199
674.0,337.0,0.0012995324614415039,0.0,99.99999843055367,0.0,0.0038733343318299173
674.5,337.25,0.0012985808366570819,0.0,99.99999842679055,0.0,0.003878799465302184
675.0,337.5,0.0012976306045690256,0.0,99.9999984230937,0.0,0.0038841651216674645
675.5,337.75,0.0012966754411621333,0.0,99.99999878230153,0.0,0.0034728147182665255
676.0,338.0,0.0012957153712760362,0.0,99.99999860461041,0.0,0.003909903742896806
676.5,338.25,0.0012947567220264404,0.0,99.99999833726523,0.0,0.004053498837082715
677.0,338.5,0.0012937994902624565,0.0,99.99999833634749,0.0,0.0040541830105534325
677.5,338.75,0.0012928373892461202,0.0,99.99999890125696,0.0,0.002912880815908994
678.0,339.0,0.0012918767180503346,0.0,99.99999890119156,0.0,0.002913062803363237
678.5,339.25,0.0012909174734900876,0.0,99.9999989011615,0.0,0.002913195044759892
679.0,339.5,0.0012899533967964541,0.0,99.9999990372856,0.0,0.00281897957673541
679.5,339.75,0.0012889907590023406,0.0,99.99999903692203,0.0,0.0028195225049465764
680.0,340.0,0.0012880295568887792,0.0,99.99999903666802,0.0,0.0028198654270375724
680.5,340.25,0.0012870697872463964,0.0,99.99999903654299,0.0,0.0028199691535273396
681.0,340.5,0.0012861114468753778,0.0,99.99999903655421,0.0,0.002819815954648133
681.5,340.75,0.0012851483235095178,0.0,99.99999904807872,0.0,0.0026260862540964163
682.0,341.0,0.001284186641562266,0.0,99.99999904804551,0.0,0.002625806280026421
682.5,341.25,0.0012832263978001834,0.0,99.99999904803808,0.0,0.0026254498859122656
683.0,341.5,0.0012822675889994938,0.0,99.99999904802185,0.0,0.0026250789824347528
683.5,341.75,0.001281304039961272,0.0,99.99999790676215,0.0,0.004203277613653728
684.0,342.0,0.0012803419379371092,0.0,99.99999790495718,0.0,0.004204489310918741
684.5,342.25,0.001279381279669862,0.0,99.99999790310434,0.0,0.004205733601151466
685.0,342.5,0.0012784343504736455,0.0,99.99999899473917,0.0,0.002699977541271434
685.5,342.75,0.001277482686747798,0.0,99.99999910013678,0.0,0.0026232845839416863
686.0,343.0,0.0012765324388008274,0.0,99.99999910058017,0.0,0.002622638128725034
686.5,343.25,0.0012755836034757256,0.0,99.99999910071064,0.0,0.0026224872946120138
687.0,343.5,0.0012746422855390396,0.0,99.99999813005934,0.0,0.0042397700527558434
687.5,343.75,0.001273702355870523,0.0,99.99999813110432,0.0,0.004238423262050048
688.0,344.0,0.001272769901384257,0.0,99.99999911922318,0.0,0.0026527926042155176
688.5,344.25,0.001271838811165406,0.0,99.9999991211497,0.0,0.0026497230607973655
689.0,344.5,0.0012709090822220841,0.0,99.99999912320708,0.0,0.0026464538396298986
689.5,344.75,0.0012699807115711475,0.0,99.99999912540693,0.0,0.002642967875878729
690.0,345.0,0.0012690658053558393,0.0,99.99999876348066,0.0,0.00293355066348557
690.5,345.25,0.001268152216405885,0.0,99.9999987632876,0.0,0.002934168580325632
691.0,345.5,0.0012672459791142618,0.0,99.99999829753212,0.0,0.0038137450286566737
691.5,345.75,0.0012663410361145229,0.0,99.99999829841758,0.0,0.003813466127445774
692.0,346.0,0.0012654373846358775,0.0,99.99999829947009,0.0,0.0038130309218116303
692.5,346.25,0.001264522999106277,0.0,99.99999880816254,0.0,0.002874415808523452
693.0,346.5,0.0012636099340642636,0.0,99.99999881002427,0.0,0.002872525986205045
693.5,346.75,0.0012626981866514762,0.0,99.99999881227097,0.0,0.0028702111980644374
694.0,347.0,0.0012617877540177977,0.0,99.99999881494993,0.0,0.0028673988271354393
694.5,347.25,0.001260878633321325,0.0,99.99999881807194,0.0,0.0028640595916366745
695.0,347.5,0.0012599648536119781,0.0,99.99999908714567,0.0,0.002472735971896042
695.5,347.75,0.0012590583568815113,0.0,99.9999987196182,0.0,0.0029822547656067396
696.0,348.0,0.0012581531635930206,0.0,99.99999872114451,0.0,0.0029794342093140244
696.5,348.25,0.001257249270937218,0.0,99.99999872275924,0.0,0.0029765219699015052
697.0,348.5,0.0012563466761128822,0.0,99.99999872439031,0.0,0.002973617251600099
697.5,348.75,0.0012554453763268312,0.0,99.9999987259834,0.0,0.002970789330449635
698.0,349.0,0.0012545453687938914,0.0,99.99999872751198,0.0,0.0029680637903714206
698.5,349.25,0.0012536466507368708,0.0,99.99999872896753,0.0,0.0029654383488254233
699.0,349.5,0.0012527492193865296,0.0,99.99999873035414,0.0,0.002962891132670982
699.5,349.75,0.0012518471805201283,0.0,99.99999899300116,0.0,0.002602167765888916
700.0,350.0,0.0012509464397405933,0.0,99.9999989936717,0.0,0.002602298735839854
700.5,350.25,0.0012500469942479042,0.0,99.99999899420845,0.0,0.002602645892343549
701.0,350.5,0.0012491429752143736,0.0,99.99999818613455,0.0,0.0035088508790420297
701.5,350.75,0.0012482402627874238,0.0,99.99999818401419,0.0,0.003512030567802997
702.0,351.0,0.0012473447032398137,0.0,99.99999812678608,0.0,0.003818217691196529
702.5,351.25,0.0012464445871035157,0.0,99.9999987243084,0.0,0.0030908825477567884
703.0,351.5,0.0012455399368801565,0.0,99.99999917149233,0.0,0.00252966702906312
703.5,351.75,0.0012446365988667257,0.0,99.99999917221116,0.0,0.0025281028664600413
704.0,352.0,0.0012437403855595195,0.0,99.99999877345101,0.0,0.003383887850566412
704.5,352.25,0.0012428454619787409,0.0,99.99999877375392,0.0,0.0033821128437534296
705.0,352.5,0.0012419518253423537,0.0,99.99999877412695,0.0,0.003380273022971542
705.5,352.75,0.0012410536825701942,0.0,99.99999917584101,0.0,0.0025208796143529853
706.0,353.0,0.001240156837879798,0.0,99.99999917671592,0.0,0.0025191554480785304
706.5,353.25,0.0012392612884590298,0.0,99.99999917746979,0.0,0.0025176190926768935
707.0,353.5,0.0012383670315038711,0.0,99.99999917806136,0.0,0.0025163312072601085
707.5,353.75,0.0012374798211702094,0.0,99.99999887945438,0.0,0.002983862056667351
708.0,354.0,0.0012365938811847127,0.0,99.99999887923956,0.0,0.0029838977486018
708.5,354.25,0.0012357149493635604,0.0,99.99999875130928,0.0,0.0029507227832340803
709.0,354.5,0.0012348372660888618,0.0,99.99999875010889,0.0,0.002953378171326172
709.5,354.75,0.0012339551044454856,0.0,99.99999929885388,0.0,0.002035414013818597
710.0,355.0,0.0012330684862925433,0.0,99.99999919143679,0.0,0.0022256785471308216
710.5,355.25,0.001232166018158236,0.0,99.99999896619148,0.0,0.0025993017567013
711.0,355.5,0.0012312591707978652,0.0,99.9999991607898,0.0,0.0025437698522452297
711.5,355.75,0.0012303479664568292,0.0,99.99999917318638,0.0,0.002479153265267673
712.0,356.0,0.0012294381098082354,0.0,99.99999917305375,0.0,0.0024800006370558295
712.5,356.25,0.0012285352718942536,0.0,99.99999788583085,0.0,0.004092986707206855
713.0,356.5,0.0012276337590053398,0.0,99.99999788696674,0.0,0.004091719234070371
713.5,356.75,0.0012267392256785114,0.0,99.99999902951016,0.0,0.0026880909171507618
714.0,357.0,0.0012258516443002508,0.0,99.99999892282689,0.0,0.002972759414320656
714.5,357.25,0.0012249766287353728,0.0,99.99999798941349,0.0,0.0033768516420143715
715.0,357.5,0.0012240972282941331,0.0,99.99999786846845,0.0,0.0035289536802887407
715.5,357.75,0.001223219089575506,0.0,99.99999787506991,0.0,0.003523313425602567
716.0,358.0,0.001222342209866048,0.0,99.99999788285983,0.0,0.0035167561644632206
716.5,358.25,0.0012214665864600889,0.0,99.99999789198701,0.0,0.003509161147303355
717.0,358.5,0.001220592216659707,0.0,99.99999790248245,0.0,0.0035005040265323607
717.5,358.75,0.0012197135048880247,0.0,99.99999925331741,0.0,0.002249404730629473
718.0,359.0,0.0012188360573861007,0.0,99.99999925431439,0.0,0.002247930561706585
718.5,359.25,0.001217959871427394,0.0,99.99999925540783,0.0,0.002246312359346255
719.0,359.5,0.0012170849442931985,0.0,99.99999925657148,0.0,0.00224458094247644
719.5,359.75,0.0012162112732726142,0.0,99.9999992577669,0.0,0.00224278660151187
720.0,360.0,0.0012153388556625196,0.0,99.99999925895946,0.0,0.0022409763221436416
720.5,360.25,0.0012144676887675435,0.0,99.99999926012183,0.0,0.002239190064442737
721.0,360.5,0.0012135977699000379,0.0,99.99999926123593,0.0,0.002237457860458005
721.5,360.75,0.0012127290963800492,0.0,99.99999926230177,0.0,0.0022357852770798
722.0,361.0,0.0012118837502790522,0.0,99.99999897855143,0.0,0.002782711558125768
722.5,361.25,0.0012110395818726496,0.0,99.99999898025192,0.0,0.0027808126088295394
723.0,361.5,0.0012102020946505427,0.0,99.99999787085041,0.0,0.003807124373645691
723.5,361.75,0.0012093602666048348,0.0,99.9999979416963,0.0,0.0036177127238863804
724.0,362.0,0.0012085196089121506,0.0,99.99999792816281,0.0,0.003627652357498243
724.5,362.25,0.0012076801191335577,0.0,99.9999979145943,0.0,0.0036377182178768844
725.0,362.5,0.0012068417948368948,0.0,99.9999979010192,0.0,0.003647875477367742
725.5,362.75,0.00120600463359675,0.0,99.99999788764849,0.0,0.003657938202189093
726.0,363.0,0.0012051686329944363,0.0,99.9999984826833,0.0,0.0034887934650014826
726.5,363.25,0.0012043337906179682,0.0,99.99999848393387,0.0,0.00348886820576677
727.0,363.5,0.001203494658926899,0.0,99.99999860578285,0.0,0.003138499830341645
727.5,363.75,0.0012026566957685475,0.0,99.99999860533241,0.0,0.00313892969817747
728.0,364.0,0.0012018253286947092,0.0,99.99999864716239,0.0,0.0029497131081352886
728.5,364.25,0.001200995110234194,0.0,99.99999864677788,0.0,0.002949958686675412
729.0,364.5,0.0012001660380082657,0.0,99.99999864608064,0.0,0.0029504823821545384
729.5,364.75,0.0011993381096447524,0.0,99.99999864506324,0.0,0.0029513042076148898
730.0,365.0,0.001198511322778023,0.0,99.99999864375188,0.0,0.0029524145047443206
730.5,365.25,0.0011976856750489655,0.0,99.99999864219279,0.0,0.0029537822534945668
731.0,365.5,0.0011968665493797442,0.0,99.99999914147187,0.0,0.002336596410662058
731.5,365.75,0.0011960485433837383,0.0,99.99999914033474,0.0,0.0023378747045421536
732.0,366.0,0.0011952316547667726,0.0,99.99999913923183,0.0,0.002339165792563749
732.5,366.25,0.0011944105179969825,0.0,99.9999981677277,0.0,0.005277384349900938
733.0,366.5,0.0011935905087118645,0.0,99.99999815325083,0.0,0.0053002119304000625
733.5,366.75,0.0011927716245908255,0.0,99.99999813915169,0.0,0.005322479167437047
734.0,367.0,0.0011919592045240676,0.0,99.99999868552497,0.0,0.00404318473080399
734.5,367.25,0.0011911478904143942,0.0,99.99999868156416,0.0,0.004047380306980077
735.0,367.5,0.001190337680005012,0.0,99.99999867741057,0.0,0.004052007358103992
735.5,367.75,0.0011895285710452647,0.0,99.99999867285335,0.0,0.0040574621651221715
736.0,368.0,0.0011887152490715955,0.0,99.99999846567363,0.0,0.004998486930000318
736.5,368.25,0.0011879083434930757,0.0,99.99999815989024,0.0,0.005431768620092677
737.0,368.5,0.0011871078304488696,0.0,99.99999815781017,0.0,0.003850860975830442
737.5,368.75,0.001186308395584792,0.0,99.99999815748956,0.0,0.0038509302343126516
738.0,369.0,0.0011855100367240703,0.0,99.99999815713294,0.0,0.0038510557189467055
738.5,369.25,0.001184712751695787,0.0,99.9999981567837,0.0,0.003851193672899948
739.0,369.5,0.0011839165383348614,0.0,99.99999815648675,0.0,0.003851297751537006
739.5,369.75,0.0011831213944820285,0.0,99.9999981562857,0.0,0.0038513235801486976
740.0,370.0,0.0011823273179838209,0.0,99.99999815621459,0.0,0.00385123499530147
740.5,370.25,0.0011815343066925478,0.0,99.99999815629597,0.0,0.0038510064475574973
741.0,370.5,0.0011807423584662777,0.0,99.99999815654013,0.0,0.0038506249020860838
741.5,370.75,0.0011799514711688173,0.0,99.99999815694251,0.0,0.003850091604511879
742.0,371.0,0.0011791616426696928,0.0,99.99999855851694,0.0,0.00352626120785823
742.5,371.25,0.001178351990573184,0.0,99.99999857550345,0.0,0.0038269651848077
743.0,371.5,0.0011775382367914297,0.0,99.99999903666368,0.0,0.002839087678247572
743.5,371.75,0.0011767256061685195,0.0,99.99999903809298,0.0,0.002837053940739437
744.0,372.0,0.0011759088980053756,0.0,99.99999900781455,0.0,0.0027151843524176713
744.5,372.25,0.0011750933227309877,0.0,99.99999900970118,0.0,0.0027121899994907374
745.0,372.5,0.0011742788779897759,0.0,99.99999901153642,0.0,0.002709206224284909
745.5,372.75,0.0011734655614326869,0.0,99.99999901337601,0.0,0.0027061459435314536
746.0,373.0,0.0011726533707171701,0.0,99.99999901524885,0.0,0.002702967048166326
746.5,373.25,0.0011718423035071567,0.0,99.99999819995041,0.0,0.004636899757910158
747.0,373.5,0.001171027202169482,0.0,99.99999878736939,0.0,0.0031723394874407615
747.5,373.75,0.0011702080858739168,0.0,99.99999900482717,0.0,0.0026949763342230633
748.0,374.0,0.0011693901146969477,0.0,99.99999901498482,0.0,0.0026767419461273903
748.5,374.25,0.0011685732862389512,0.0,99.99999904126393,0.0,0.0026296287337259396
749.0,374.5,0.0011677575981070035,0.0,99.99999915534653,0.0,0.002429912739407088
749.5,374.75,0.0011669430479148571,0.0,99.9999992436153,0.0,0.002282301249399103
750.0,375.0,0.001166129633282918,0.0,99.99999906886373,0.0,0.0025811262256177007
750.5,375.25,0.0011653173518382223,0.0,99.99999903191006,0.0,0.0026474120921788674
751.0,375.5,0.0011645062012144137,0.0,99.99999902179614,0.0,0.0026659895291687033
751.5,375.75,0.0011636961790517189,0.0,99.9999990185669,0.0,0.002672249408575091
752.0,376.0,0.0011628923668794264,0.0,99.99999870651473,0.0,0.003096504571395225
752.5,376.25,0.0011620947413028568,0.0,99.99999871160881,0.0,0.003196931376248255
753.0,376.5,0.0011612982091559196,0.0,99.99999871401579,0.0,0.0031943393357562414
753.5,376.75,0.0011605027681917534,0.0,99.9999987166292,0.0,0.0031915017067277924
754.0,377.0,0.0011640682222454745,0.0,99.99999871953274,0.0,0.0031883259009428894
754.5,377.25,0.0011676287986058164,0.0,99.99999872281636,0.0,0.00318471347103071
755.0,377.5,0.0011711794081407853,0.0,99.99999833086673,0.0,0.00367653355145954
755.5,377.75,0.0011747251360723283,0.0,99.99999833300339,0.0,0.0036743022055765293
756.0,378.0,0.0011782608695652173,0.0,99.99999844824663,0.0,0.0035282661966147145
756.5,378.25,0.0011817865832464372,0.0,99.99999860963645,0.0,0.003368529310770953
757.0,378.5,0.001185307398402223,0.0,99.9999990658834,0.0,0.002765029412668272
757.5,378.75,0.0011888233252342936,0.0,99.99999906553397,0.0,0.0027656426850835147
758.0,379.0,0.0011923292042611679,0.0,99.99999899050019,0.0,0.003014671824505864
758.5,379.25,0.0011958250109400657,0.0,99.99999832003495,0.0,0.0038398984783580446
759.0,379.5,0.0011993159136665728,0.0,99.99999885661882,0.0,0.0033366745294918423
759.5,379.75,0.0012028019227524262,0.0,99.99999885566237,0.0,0.0033393585441460153
760.0,380.0,0.0012019594533246285,0.0,99.99999885484921,0.0,0.003341785812259497
760.5,380.25,0.0012011129737483366,0.0,99.99999840595619,0.0,0.003958977102437829
761.0,380.5,0.0012002728677886483,0.0,99.99999790399538,0.0,0.004832018629352544
761.5,380.75,0.0011994339362142758,0.0,99.99999790368031,0.0,0.004831265349440322
762.0,381.0,0.0011985961765644266,0.0,99.99999790346106,0.0,0.004830404105299169
762.5,381.25,0.0011977595863851788,0.0,99.99999790332284,0.0,0.004829445749523051
763.0,381.5,0.0011969241632294565,0.0,99.9999979032448,0.0,0.004828397547364879
763.5,381.75,0.0011960847585242552,0.0,99.9999985137287,0.0,0.0034383655601639565
764.0,382.0,0.0011952465303455037,0.0,99.99999851738308,0.0,0.0034336898235404084
764.5,382.25,0.0011944094762213696,0.0,99.99999883395738,0.0,0.003448519475274474
765.0,382.5,0.001193578718233847,0.0,99.99999794536012,0.0,0.004517496804976448
765.5,382.75,0.0011927491150917086,0.0,99.99999794604508,0.0,0.004516906218841943
766.0,383.0,0.001191915554069234,0.0,99.99999880394121,0.0,0.0034996269823788393
766.5,383.25,0.0011910831573129508,0.0,99.99999880323249,0.0,0.0035015098355009938
767.0,383.5,0.0011902468263652517,0.0,99.99999818775923,0.0,0.0040460625522649694
767.5,383.75,0.0011894116690697345,0.0,99.9999981878829,0.0,0.004048335117336997
768.0,384.0,0.0011885776829575916,0.0,99.99999818803435,0.0,0.004050476419312814
768.5,384.25,0.0011877448655669344,0.0,99.99999818823645,0.0,0.004052451727459417
769.0,384.5,0.0011869182819571344,0.0,99.99999819568028,0.0,0.004106260452224463
769.5,384.75,0.001186087787562291,0.0,99.99999824291625,0.0,0.003997658273349309
770.0,385.0,0.0011852635079536297,0.0,99.99999817767281,0.0,0.004092682724967035
770.5,385.25,0.001184440373226535,0.0,99.99999817539644,0.0,0.004095477016494192
771.0,385.5,0.00118361838099739,0.0,99.99999817369542,0.0,0.004097762688680789
771.5,385.75,0.0011827975288891915,0.0,99.99999817245708,0.0,0.004099644883434847
772.0,386.0,0.0011819727891156462,0.0,99.99999849844701,0.0,0.0037636001192993067
772.5,386.25,0.0011811592355605407,0.0,99.99999818636978,0.0,0.004123506317518328
773.0,386.5,0.0011803468011752519,0.0,99.9999981842677,0.0,0.0041262609435294695
773.5,386.75,0.0011795354836519776,0.0,99.99999818232648,0.0,0.004128939156729629
774.0,387.0,0.0011787202828928678,0.0,99.99999826648752,0.0,0.00400207581697624
774.5,387.25,0.0011779062081589073,0.0,99.99999826652588,0.0,0.004003233189187854
775.0,387.5,0.001177093257118662,0.0,99.99999876448548,0.0,0.003579682960652239
775.5,387.75,0.0011763063135491023,0.0,99.99999893165918,0.0,0.0031913228503157934
776.0,388.0,0.0011755204214959555,0.0,99.99999893246503,0.0,0.003190374924965953
776.5,388.25,0.0011747355788530693,0.0,99.99999893320815,0.0,0.0031895314506211227
777.0,388.5,0.001173951783519913,0.0,99.99999893386412,0.0,0.0031888324310666953
777.5,388.75,0.0011731690334015573,0.0,99.99999893441196,0.0,0.003188308698868601
778.0,389.0,0.001172387326408657,0.0,99.99999893484222,0.0,0.003187970785934028
778.5,389.25,0.0011716066604574324,0.0,99.99999799649373,0.0,0.004108413739503812
779.0,389.5,0.0011708319645549576,0.0,99.99999912060359,0.0,0.0025833924327405763
779.5,389.75,0.0011700582924724847,0.0,99.99999912023392,0.0,0.0025839045788427096
780.0,390.0,0.0011692856421817693,0.0,99.99999911992444,0.0,0.0025843133360588053
780.5,390.25,0.0011685091000798622,0.0,99.99999863061575,0.0,0.002641216186781852
781.0,390.5,0.0011677335887225499,0.0,99.99999863146975,0.0,0.002640127295168379
781.5,390.75,0.0011669591060589524,0.0,99.99999863237426,0.0,0.0026389996553194805
782.0,391.0,0.0011661856500436271,0.0,99.99999863332563,0.0,0.002637833051209728
782.5,391.25,0.0011654083330887932,0.0,99.9999988524784,0.0,0.002762555907062992
783.0,391.5,0.0011646320516795,0.0,99.99999885286752,0.0,0.0027624623044897522
783.5,391.75,0.0011638568037477864,0.0,99.99999885324046,0.0,0.002762396908894505
784.0,392.0,0.001163082587231194,0.0,99.99999885360015,0.0,0.002762364790636653
784.5,392.25,0.0011623094000727488,0.0,99.99999885394737,0.0,0.002762367740096349
785.0,392.5,0.0011615372402209428,0.0,99.9999988542868,0.0,0.0027624044625584386
785.5,392.75,0.0011607661056297156,0.0,99.99999885461936,0.0,0.0027624708676517408
786.0,393.0,0.001159981473677183,0.0,99.99999855468138,0.0,0.003072383885811256
786.5,393.25,0.0011591979017684022,0.0,99.99999855555943,0.0,0.0030720528782038703
787.0,393.5,0.0011584202148494471,0.0,99.999998540149,0.0,0.003154027219935778
787.5,393.75,0.0011576435707057878,0.0,99.99999853849643,0.0,0.003156580839295215
788.0,394.0,0.0011568679672414942,0.0,99.99999853690422,0.0,0.0031590700994588426
788.5,394.25,0.0011560934023662488,0.0,99.99999853536666,0.0,0.0031614981610694117
789.0,394.5,0.001155319873995329,0.0,99.99999853388674,0.0,0.0031638533843471963
789.5,394.75,0.0011545473800495874,0.0,99.99999853245062,0.0,0.003166150528026418
790.0,395.0,0.0011537807069604519,0.0,99.99999834047016,0.0,0.0035879725029153067
790.5,395.25,0.0011530150514087107,0.0,99.99999833952138,0.0,0.003589703822931846
791.0,395.5,0.001152250411369976,0.0,99.99999833857888,0.0,0.0035914381726648474
791.5,395.75,0.0011514867848252267,0.0,99.99999833761657,0.0,0.0035932050632181242
792.0,396.0,0.0011507241697607902,0.0,99.99999833661765,0.0,0.0035950192314007316
792.5,396.25,0.001149957807303473,0.0,99.9999985612929,0.0,0.003363401962319583
793.0,396.5,0.0011491924649351616,0.0,99.99999855861125,0.0,0.003367771998960595
793.5,396.75,0.0011484281406204816,0.0,99.99999855646733,0.0,0.0033714294508578307
794.0,397.0,0.0011476648323294706,0.0,99.99999855469794,0.0,0.0033745978840571556
794.5,397.25,0.001146902538037559,0.0,99.99999855320023,0.0,0.003377414009404779
795.0,397.5,0.0011461412557255528,0.0,99.99999855188445,0.0,0.003380000690361728
795.5,397.75,0.001145390421569597,0.0,99.9999983633104,0.0,0.004424879536539987
796.0,398.0,0.001144640570508624,0.0,99.9999983617229,0.0,0.004427617803695534
796.5,398.25,0.0011438917006130931,0.0,99.9999983604446,0.0,0.004429901267115476
797.0,398.5,0.0011431391093383774,0.0,99.99999872913484,0.0,0.003708174701527937
797.5,398.75,0.0011423875077049518,0.0,99.99999793456018,0.0,0.004298225695283261
798.0,399.0,0.0011416368937620632,0.0,99.99999908815857,0.0,0.003033830572263343
798.5,399.25,0.0011408872655640826,0.0,99.9999990810318,0.0,0.003044350402311415
799.0,399.5,0.0011401386211704876,0.0,99.99999907460055,0.0,0.0030537597874380623
799.5,399.75,0.0011393956284914484,0.0,99.99999791646206,0.0,0.004547605208916454
800.0,400.0,0.001138653603551944,0.0,99.99999791279487,0.0,0.004548805699120009
800.5,400.25,0.0011379125444625,0.0,99.99999791294498,0.0,0.004547310943490103
801.0,400.5,0.0011371724493385584,0.0,99.99999791501389,0.0,0.004544497734071767
801.5,400.75,0.001136437961933416,0.0,99.99999853704203,0.0,0.00443796193063213
802.0,401.0,0.0011357044227108203,0.0,99.99999854572299,0.0,0.004426544562259548
802.5,401.25,0.0011349718298358782,0.0,99.99999854951261,0.0,0.004421338050056063
803.0,401.5,0.0011342355537966291,0.0,99.99999831934218,0.0,0.004872071153510546
803.5,401.75,0.001133500232408321,0.0,99.99999831916845,0.0,0.004871702037564757
804.0,402.0,0.001132765863815465,0.0,99.99999831905069,0.0,0.004871234123070426
804.5,402.25,0.0011320278364830582,0.0,99.99999867382692,0.0,0.004270868676037285
805.0,402.5,0.0011312907702136837,0.0,99.99999867394413,0.0,0.004269966949737826
805.5,402.75,0.0011305546631313111,0.0,99.99999867415262,0.0,0.0042689127040367696
806.0,403.0,0.0011298195133647895,0.0,99.99999867446,0.0,0.0042677009118319564
806.5,403.25,0.0011290853190478317,0.0,99.99999867486638,0.0,0.0042663361056110485
807.0,403.5,0.0011283520783189989,0.0,99.99999867535678,0.0,0.004264849775639068
807.5,403.75,0.001127619789321684,0.0,99.9999986758982,0.0,0.00426330773831356
808.0,404.0,0.001130928252938792,0.0,99.99999832596612,0.0,0.0035956813520609063
808.5,404.25,0.0011342323474963847,0.0,99.99999832348739,0.0,0.0035989577494657298
809.0,404.5,0.001137532081643228,0.0,99.9999983211302,0.0,0.0036020549062716024
809.5,404.75,0.0011408274640052752,0.0,99.99999831887862,0.0,0.0036049819308052785
810.0,405.0,0.0011441185031857435,0.0,99.99999831672429,0.0,0.0036077405604536786
810.5,405.25,0.001147409843483601,0.0,99.99999842715216,0.0,0.0036897629828486073
811.0,405.5,0.001150692232221805,0.0,99.99999904820206,0.0,0.0028597706948563575
811.5,405.75,0.0011539703034215622,0.0,99.99999903729633,0.0,0.00287270532987131
812.0,406.0,0.0011572440655959807,0.0,99.99999902245682,0.0,0.0028898497856021076
812.5,406.25,0.0011605135272358018,0.0,99.99999900701187,0.0,0.002907566487624114
813.0,406.5,0.0011637786968094746,0.0,99.99999899287974,0.0,0.002923747505003093
813.5,406.75,0.0011670395827632278,0.0,99.99999898080226,0.0,0.002937572336248312
814.0,407.0,0.0011702961935211437,0.0,99.99999897088641,0.0,0.0029489276085876166
814.5,407.25,0.00117354853748523,0.0,99.9999989628173,0.0,0.002958182645036508
815.0,407.5,0.0011767966230354927,0.0,99.99999895625062,0.0,0.002965744650859545
815.5,407.75,0.0011760314357617914,0.0,99.99999826219653,0.0,0.003371195876663554
816.0,408.0,0.0011752672429353602,0.0,99.99999825045947,0.0,0.003384487872004519
816.5,408.25,0.0011745040426188633,0.0,99.99999824078402,0.0,0.0033955135617686695
817.0,408.5,0.0011737465348438476,0.0,99.99999867261698,0.0,0.0035698167663519506
817.5,408.75,0.0011729900035630072,0.0,99.9999986712507,0.0,0.0035718950348340136
818.0,409.0,0.0011722344468893778,0.0,99.99999867024297,0.0,0.003573583967820095
818.5,409.25,0.0011714798629408542,0.0,99.99999866957886,0.0,0.0035749083502745007
819.0,409.5,0.001170726249840174,0.0,99.99999866924436,0.0,0.003575893046590916
819.5,409.75,0.0011699736057149018,0.0,99.99999862621928,0.0,0.0033201247006344877
820.0,410.0,0.001169221928697415,0.0,99.99999862733267,0.0,0.0033171569729342444
820.5,410.25,0.0011684712169248868,0.0,99.99999862861819,0.0,0.0033139008307561985
821.0,410.5,0.001167721468539272,0.0,99.999998629796,0.0,0.003310815754851717
821.5,410.75,0.001166972681687291,0.0,99.99999834450456,0.0,0.004311665996428048
822.0,411.0,0.0011662202126262245,0.0,99.99999812077728,0.0,0.00385313227192931
822.5,411.25,0.0011654687133304958,0.0,99.99999812469076,0.0,0.0038482460338857376
823.0,411.5,0.0011647135520185719,0.0,99.99999912749597,0.0,0.002947588839254198
823.5,411.75,0.0011639593686811507,0.0,99.99999913000848,0.0,0.002943798786036082
824.0,412.0,0.0011632061614196673,0.0,99.99999913284212,0.0,0.0029395748677727724
824.5,412.25,0.001162453928340468,0.0,99.99999913592917,0.0,0.002934999070108805
825.0,412.5,0.0011617026675547943,0.0,99.99999913918892,0.0,0.0029301693553443206
825.5,412.75,0.0011609523771787668,0.0,99.99999914251536,0.0,0.0029252219874107764
826.0,413.0,0.0011602076494509803,0.0,99.99999917980195,0.0,0.0028613411911530195
826.5,413.25,0.0011594638765665623,0.0,99.9999991839586,0.0,0.0028553887632634025
827.0,413.5,0.0011587210566903288,0.0,99.99999918772563,0.0,0.0028499342827509517
827.5,413.75,0.0011579791879917953,0.0,99.99999919104798,0.0,0.0028450612543034896
828.0,414.0,0.0011572382686451622,0.0,99.99999919388907,0.0,0.0028408368441726474
828.5,414.25,0.0011564982968293,0.0,99.99999919626936,0.0,0.0028372519601973906
829.0,414.5,0.001155759270727734,0.0,99.99999919821538,0.0,0.0028342903398588404
829.5,414.75,0.0011550211885286291,0.0,99.99999919976146,0.0,0.0028319204114698694
830.0,415.0,0.0011542885957862557,0.0,99.99999919337228,0.0,0.0028258141237956203
830.5,415.25,0.0011535569317747847,0.0,99.99999919100738,0.0,0.0028281455766227597
831.0,415.5,0.0011528216588828253,0.0,99.99999812892268,0.0,0.0036548573286148602
831.5,415.75,0.0011520873227142076,0.0,99.99999812147595,0.0,0.0036633587628688642
832.0,416.0,0.0011513674944985855,0.0,99.99999804009943,0.0,0.0036740772148509326
832.5,416.25,0.0011506485652237088,8.27450980392157,99.99999803592195,0.0,0.0036789686138093206
833.0,416.5,0.0011499260201178183,8.217821782178218,99.99999847591904,0.0,0.003967271682225758
833.5,416.75,0.0011492088893072583,8.198675496688741,99.9999985927731,0.0,0.00377876320181307
834.0,417.0,0.0011484926523908639,8.189054726368159,99.9999985962474,0.0,0.00377466273500381
834.5,417.25,0.0011477773076983343,8.183266932270916,99.99999859966358,0.0,0.0037707521141576105
835.0,417.5,0.0011470673442063313,8.186046511627907,99.99999876084955,0.0,0.0037142892728610094
835.5,417.75,0.0011463582584744436,8.188034188034187,99.99999876459528,0.0,0.0037104246684451
836.0,418.0,0.0011534476354323473,8.191542288557214,99.99999878168558,0.0,0.004291582697212593
836.5,418.25,0.0011605279816191123,8.194260485651213,99.99999877576924,0.0,0.004302308033775388
837.0,418.5,0.0011675993142794662,8.196428571428571,99.99999876931261,0.0,0.004313927133317966
837.5,418.75,0.0011746616506142582,8.198198198198199,99.99999876239657,0.0,0.004326286651532402
838.0,419.0,0.0011817150077805987,8.053272450532724,99.99999875512074,0.0,0.004339205635049061
838.5,419.25,0.0011887594028919984,7.94729907773386,99.99999874761332,0.0,0.004352458231831675
839.0,419.5,0.0011957948530185057,7.866434378629501,99.99999874002978,0.0,0.004365775389264309
839.5,419.75,0.0011950593831625087,7.8210197710718,99.99999896872964,0.0,0.00316458767683208
840.0,420.0,0.001194324817447257,7.7841658812441095,99.99999897054315,0.0,0.0031631052600705695
840.5,420.25,0.001193591154206534,7.753660637381568,99.99999897233174,0.0,0.0031616219342315817
841.0,420.5,0.0011928583917782138,7.7279936558287075,99.99999897411355,0.0,0.0031601399278583056
841.5,420.75,0.00119212652850425,7.7060984570169,99.99999897591681,0.0,0.003158657189398542
842.0,421.0,0.001191395562730663,7.687200547570157,99.99999897776748,0.0,0.0031571750411138306
842.5,421.25,0.0011906654928075272,7.670723894939141,99.9999989796987,0.0,0.003155688290114134
843.0,421.5,0.0011899363170889583,7.65623118603251,99.99999898172955,0.0,0.0031541990014905207
843.5,421.75,0.0011892172471363882,7.701306076093129,99.99999936911037,0.0,0.002094593001349099
844.0,422.0,0.0011884990457165642,7.742887815351583,99.99999936784995,0.0,0.00210024800669584
844.5,422.25,0.0011877817112568433,7.742887815351583,99.99999936632916,0.0,0.0021069347093439815
845.0,422.5,0.0011870606522260288,7.742887815351583,99.99999929108277,0.0,0.0022782712313763644
845.5,422.75,0.0011863404681214473,7.742887815351583,99.99999929091517,0.0,0.002276449735751665
846.0,423.0,0.001185607421052835,7.742887815351583,99.99999837659885,0.0,0.0046998085468800055
846.5,423.25,0.001184879852411057,7.742887815351583,99.9999982724507,0.0,0.006243955592938959
847.0,423.5,0.0011841531761919639,7.742887815351583,99.9999983289103,0.0,0.006140270331323116
847.5,423.75,0.001183427390754618,7.742887815351583,99.99999838483603,0.0,0.006035149083311362
848.0,424.0,0.0011827070507832063,7.742887815351583,99.9999992813301,0.0,0.0020880303429539936
848.5,424.25,0.0011819875872052731,7.742887815351583,99.99999928006152,0.0,0.002100729781099712
849.0,424.5,0.0011812689984224095,7.742887815351583,99.99999927760234,0.0,0.002122650429833887
849.5,424.75,0.0011805512828400911,7.742887815351583,99.99999927410876,0.0,0.002152539483923734
850.0,425.0,0.0011798344388676664,7.742887815351583,99.9999992696808,0.0,0.002189481982205331
850.5,425.25,0.0011791184649183452,7.742887815351583,99.99999926436001,0.0,0.0022329280745648065
851.0,425.5,0.0011784033594091862,7.742887815351583,99.99999925818265,0.0,0.0022822726646574295
851.5,425.75,0.0011776891207610865,7.742887815351583,99.99999925115361,0.0,0.0023370891369612944
852.0,426.0,0.0011769757473987686,7.742887815351583,99.99999924329494,0.0,0.0023968330219436658
852.5,426.25,0.0011762632377507701,7.742887815351583,99.99999923464152,0.0,0.002460887313180119
853.0,426.5,0.0011755515902494313,7.742887815351583,99.99999922521965,0.0,0.0025286935305820395
853.5,426.75,0.0011748408033308841,7.742887815351583,99.99999921502958,0.0,0.0025998197246690138
854.0,427.0,0.0011741308754350404,7.742887815351583,99.99999920404767,0.0,0.0026738990254221
854.5,427.25,0.0011734218050055804,7.742887815351583,99.9999991923075,0.0,0.0027501386901894044
855.0,427.5,0.0011727180701720879,7.742887815351583,99.9999978236873,0.0,0.004343509935613169
855.5,427.75,0.0011720107046189437,7.742887815351583,99.99999799839591,0.0,0.004166489831595807
856.0,428.0,0.0011712997230085996,7.742887815351583,99.99999840585872,0.0,0.00373292097450279
856.5,428.25,0.001170589603486603,7.742887815351583,99.99999841851155,0.0,0.0037163194521227924
857.0,428.5,0.0011698803444859386,7.742887815351583,99.99999843604205,0.0,0.003693652684666148
857.5,428.75,0.0011691719444433867,7.742887815351583,99.99999845953378,0.0,0.003663690774849803
858.0,429.0,0.0011684644017995113,7.742887815351583,99.99999848965446,0.0,0.0036258080335922083
858.5,429.25,0.0011677621568985455,7.742887815351583,99.99999835993675,0.0,0.0038974320820634838
859.0,429.5,0.0011670607555863055,7.742887815351583,99.99999835694557,0.0,0.003900756057363999
859.5,429.75,0.0011663646276181467,7.742887815351583,99.9999984702877,0.0,0.0033955097004375366
860.0,430.0,0.0011656781816939165,7.742887815351583,99.99999817818185,0.0,0.0041023186728234885
860.5,430.25,0.0011649925432887702,7.742887815351583,99.99999820095944,0.0,0.004075249943309466
861.0,430.5,0.0011643077109786252,7.742887815351583,99.99999822288831,0.0,0.004049319713401061
861.5,430.75,0.001163623683342746,7.742887815351583,99.9999982428104,0.0,0.0040258480095669786
862.0,431.0,0.0011629360536693095,7.742887815351583,99.99999810970385,0.0,0.004297746434069146
862.5,431.25,0.0011622492362091746,7.742887815351583,99.99999810861031,0.0,0.0042987673176566425
863.0,431.5,0.0011653468231056492,7.742887815351583,99.99999810763602,0.0,0.00429965927570513
863.5,431.75,0.0011684451738298532,7.742887815351583,99.99999773504373,0.0,0.004960433536689267
864.0,432.0,0.0011715398947125758,7.742887815351583,99.999997736106,0.0,0.004957777714963567
864.5,432.25,0.0011746265556247994,7.742887815351583,99.99999794787722,0.0,0.004666559816114304
865.0,432.5,0.0011777051358513072,7.758987341772152,99.99999747326214,0.0,0.0053075068363881775
865.5,432.75,0.00118078006933782,7.773358888356492,99.99999747247502,0.0,0.0053065290243674975
866.0,433.0,0.0011838513625601352,7.786266484765803,99.99999747184567,0.0,0.005305414357222158
866.5,433.25,0.001186919021978726,7.7979229770662055,99.99999747140893,0.0,0.005304091758959985
867.0,433.5,0.0011899830540387875,7.808501857201816,99.99999747117714,0.0,0.005302525351150648
867.5,433.75,0.00119304795525882,7.822625147812377,99.9999976160752,0.0,0.005116914011116629
868.0,434.0,0.0011961092596911179,7.835533760844964,99.99999761669407,0.0,0.005114715286948804
868.5,434.25,0.0011991669736634363,7.847377938517179,99.99999761729126,0.0,0.005112542933912912
869.0,434.5,0.0012022211034886953,7.858284126432789,99.99999761784305,0.0,0.005110408510435435
869.5,434.75,0.0012052716554650247,7.8683595055128634,99.99999761833419,0.0,0.005108318628813903
870.0,435.0,0.001208318635875806,7.877695526231091,99.99999761875921,0.0,0.005106267326843603
870.5,435.25,0.0012113620509897165,7.886370692331574,99.99999761912181,0.0,0.005104246063923761
871.0,435.5,0.0012144019070607726,7.894452773613193,99.99999761943964,0.0,0.005102230556188958
871.5,435.75,0.0012174382103283712,7.902000579878226,99.99999761974262,0.0,0.005100190065571774
872.0,436.0,0.0012204709670173336,7.909065394330621,99.99999762006962,0.0,0.005098094420248096
872.5,436.25,0.0012235047611920753,7.915692140331792,99.99999772955974,0.0,0.004897927333827768
873.0,436.5,0.0012265350385161917,7.921920337641783,99.99999772804917,0.0,0.004898431760670267
873.5,436.75,0.0012295618051013735,7.927784891165173,99.99999772655288,0.0,0.004898968277504851
874.0,437.0,0.0012325804632261487,7.931789892954941,99.99999773386135,0.0,0.004927149039674914
874.5,437.25,0.0012356002180031805,7.919715197643015,99.99999807627394,0.0,0.0047640935136185935
875.0,437.5,0.00123862110132816,7.907968031000242,99.9999982018431,0.0,0.0045291024577264185
875.5,437.75,0.001241638515403029,7.895793499043977,99.99999820148557,0.0,0.004529142567642885
876.0,438.0,0.0012446524662006052,7.883934890304317,99.99999820112234,0.0,0.004529242047132008
876.5,438.25,0.0012476629596800024,7.872380065207266,99.99999820070178,0.0,0.004529459134017187
877.0,438.5,0.0012543922339348461,7.8611174982754655,99.99999820018019,0.0,0.004529842292090191
877.5,438.75,0.0012611137978497825,7.8501362397820165,99.99999819951607,0.0,0.004530429245159712
878.0,439.0,0.0012678276646688777,7.8394258802422065,99.999998198675,0.0,0.004531243776235492
878.5,439.25,0.001274538583590037,7.828976517501108,99.99999823864907,0.0,0.004403941715911326
879.0,439.5,0.0012812466344064857,7.818778726198293,99.99999814490592,0.0,0.004605630311145798
879.5,439.75,0.0012879518966669142,7.8088235294117645,99.99999794997079,0.0,0.0048384660789735695
880.0,440.0,0.0012946448444200436,7.799102372301774,99.99999794530066,0.0,0.00488992390520408
880.5,440.25,0.0013013254240430067,7.7896070975918885,99.99999774381648,0.0,0.004797630619346215
881.0,440.5,0.0013079935823091088,7.780329922739612,99.99999817149892,0.0,0.00397217470645158
881.5,440.75,0.001314654134864998,7.7712634186622624,99.99999817050976,0.0,0.0039738988885447725
882.0,441.0,0.001321307094715882,7.762400489895897,99.99999816950034,0.0,0.00397570602789563
882.5,441.25,0.0013279524748373351,7.753734356075898,99.99999816848711,0.0,0.003977574926963538
883.0,441.5,0.001334590288175382,7.745258534637652,99.99999816748705,0.0,0.003979483372792251
883.5,441.75,0.0013412255032366764,7.745258534637652,99.99999795491874,0.0,0.005086705988801304
884.0,442.0,0.0013478532206306476,7.745258534637652,99.99999795902212,0.0,0.005082896254983899
884.5,442.25,0.001354468454171357,7.745258534637652,99.99999805466602,0.0,0.004321419205629489
885.0,442.5,0.0013610811927349986,7.745258534637652,99.99999791759599,0.0,0.004549513757249334
885.5,442.75,0.0013640050136400502,7.745258534637652,99.99999859634964,0.0,0.004781174562731582
886.0,443.0,0.001366925559665748,7.745258534637652,99.99999862581272,0.0,0.004716358746208236
886.5,443.25,0.0013698478806022912,7.745258534637652,99.9999983584558,0.0,0.003657607258603111
887.0,443.5,0.0013727619012568317,7.745258534637652,99.99999845295463,0.0,0.003747160424104285
887.5,443.75,0.0013756726634714769,7.745258534637652,99.99999844689205,0.0,0.003760353384178422
888.0,444.0,0.001378575104771708,7.745258534637652,99.99999888455656,0.0,0.0029887173072297734
888.5,444.25,0.0013814742829009491,7.745258534637652,99.99999887752567,0.0,0.002999343745856119
889.0,444.5,0.0013843702033592092,7.745258534637652,99.9999988704667,0.0,0.003010126013119266
889.5,444.75,0.0013872628716341442,7.745258534637652,99.99999886369751,0.0,0.0030206140735908843
890.0,445.0,0.0013901522932010916,7.745258534637652,99.99999885749075,0.0,0.0030304066213019606
890.5,445.25,0.0013930435802686375,7.745258534637652,99.99999886886616,0.0,0.0032103062203605428
891.0,445.5,0.0013959316469795116,7.745258534637652,99.99999886246827,0.0,0.00322032591083837
891.5,445.75,0.0013988164987110382,7.745258534637652,99.9999988565809,0.0,0.003229586963989341
892.0,446.0,0.0014016981408285756,7.745258534637652,99.99999885188328,0.0,0.0032369759679426835
892.5,446.25,0.0014045765786855505,7.745258534637652,99.99999884586052,0.0,0.003246605375320608
893.0,446.5,0.0014074518176234903,7.745258534637652,99.99999884119268,0.0,0.0032540730308597407
893.5,446.75,0.0014103238629720567,7.745258534637652,99.99999883693276,0.0,0.00326091788697233
894.0,447.0,0.0014131875595674989,7.745258534637652,99.99999878954746,0.0,0.0027297573132704918
894.5,447.25,0.001416048058043372,7.745258534637652,99.99999878924022,0.0,0.002731752365998476
895.0,447.5,0.0014189053637540807,7.745258534637652,99.99999878886943,0.0,0.0027337591098873753
895.5,447.75,0.0014181191147145352,7.745258534637652,99.99999906664915,0.0,0.0033350810786609195
896.0,448.0,0.0014173337365508145,7.745258534637652,99.99999906779296,0.0,0.0033329821577732103
896.5,448.25,0.0014165543862204582,7.745258534637652,99.9999975286336,0.0,0.004856532488382361
897.0,448.5,0.001415781045275877,7.745258534637652,99.99999740281685,0.0,0.004713955115000548
897.5,448.75,0.0014150034011007199,7.745258534637652,99.99999872325333,0.0,0.0039007294042064035
898.0,449.0,0.0014142266107277633,7.745258534637652,99.99999872506184,0.0,0.00389790454025571
898.5,449.25,0.0014134506727516505,7.745258534637652,99.99999872684656,0.0,0.003895090722421135
899.0,449.5,0.001412675585770108,7.745258534637652,99.99999872864016,0.0,0.0038922381288768555
899.5,449.75,0.0014119013483839355,7.745258534637652,99.9999987304685,0.0,0.0038893069986950537
900.0,450.0,0.0014111279591969993,7.745258534637652,99.9999987323526,0.0,0.003886266443458917
900.5,450.25,0.0014103554168162225,7.745258534637652,99.99999873430346,0.0,0.0038831033178878924
901.0,450.5,0.001409583719851577,7.745258534637652,99.99999873632486,0.0,0.0038798172777788314
901.5,450.75,0.001408812866916076,7.745258534637652,99.99999873840727,0.0,0.003876429246228055
902.0,451.0,0.0014080428566257647,7.745258534637652,99.9999987405435,0.0,0.003872954736061615
902.5,451.25,0.001407273687599712,7.745258534637652,99.99999874272072,0.0,0.003869417495151275
903.0,451.5,0.001406500272983986,7.745258534637652,99.99999883290087,0.0,0.003724489736627172
903.5,451.75,0.0014057378678317307,7.745258534637652,99.99999850450122,0.0,0.004258861644426832
904.0,452.0,0.0014049762887677743,7.745258534637652,99.99999850557839,0.0,0.004257510755101433
904.5,452.25,0.0014078253430220595,7.745258534637652,99.99999853772798,0.0,0.00343090817757048
905.0,452.5,0.001410671313583935,7.745258534637652,99.99999854007149,0.0,0.0034256605971504806
905.5,452.75,0.0014135142054571745,7.745258534637652,99.99999854223877,0.0,0.0034208089300725576
906.0,453.0,0.001416348919178013,7.745258534637652,99.99999819962629,0.0,0.004295175634925112
906.5,453.25,0.0014191754374590277,7.745258534637652,99.99999844203128,0.0,0.005394770886138182
907.0,453.5,0.00142199886240091,7.745258534637652,99.99999843627845,0.0,0.005404842031081371
907.5,453.75,0.0014248140725575773,7.745258534637652,99.99999809714302,0.0,0.005334143045627307
908.0,454.0,0.0014276313187070047,7.745258534637652,99.99999806222064,0.0,0.00415792056512317
908.5,454.25,0.0014304454867288443,7.745258534637652,99.99999815541771,0.0,0.004031829788349666
909.0,454.5,0.0014332565816650921,7.745258534637652,99.99999825439377,0.0,0.0039011251170611664
909.5,454.75,0.0014360646085467385,7.745258534637652,99.99999822433088,0.0,0.003939813141941206
910.0,455.0,0.0014388695723937981,7.745258534637652,99.99999812659912,0.0,0.00406860860867444
910.5,455.25,0.0014380852307570927,7.745258534637652,99.99999877786402,0.0,0.0030854153757991867
911.0,455.5,0.0014373017437588488,7.745258534637652,99.9999987235165,0.0,0.003173591423332096
911.5,455.75,0.0014365191100029733,7.745258534637652,99.99999868935429,0.0,0.003229800647859174
912.0,456.0,0.0014357373280964127,7.745258534637652,99.9999986675235,0.0,0.0032660663384719867
912.5,456.25,0.001434961531579889,7.745258534637652,99.9999987402621,0.0,0.0030342396137963217
913.0,456.5,0.0014341865730093956,7.745258534637652,99.99999874246902,0.0,0.0030312973092414012
913.5,456.75,0.001433417574914835,7.745258534637652,99.99999851705546,0.0,0.00340218045263352
914.0,457.0,0.0014326494010382241,7.745258534637652,99.99999851508848,0.0,0.003404646668221048
914.5,457.25,0.0014318820500551686,7.745258534637652,99.99999851310423,0.0,0.003407044867371483
915.0,457.5,0.0014311155206441092,7.745258534637652,99.99999851116253,0.0,0.003409293697877959
915.5,457.75,0.001430344709508047,7.745258534637652,99.9999982994726,0.0,0.004878407467898689
916.0,458.0,0.0014295747282560259,7.745258534637652,99.99999830524283,0.0,0.004870516974430573
916.5,458.25,0.0014288055755485403,7.745258534637652,99.99999831067286,0.0,0.004863072609470396
917.0,458.5,0.0014280372500489664,7.745258534637652,99.9999983157891,0.0,0.00485605884290605
917.5,458.75,0.001427269750423554,7.745258534637652,99.9999983206636,0.0,0.004849390603886288
918.0,459.0,0.001426503075341418,7.745258534637652,99.99999832540072,0.0,0.004842930012228529
918.5,459.25,0.001429297759700203,7.745258534637652,99.9999985583013,0.0,0.004645925436396685
919.0,459.5,0.0014320894647254687,7.745258534637652,99.99999855912999,0.0,0.004644711168201947
919.5,459.75,0.0014348781951789512,7.745258534637652,99.99999856030615,0.0,0.004642965802984212
920.0,460.0,0.0014376639558122447,7.745258534637652,99.99999856199267,0.0,0.004640370221616084
920.5,460.25,0.0014404467513668279,7.745258534637652,99.99999856433794,0.0,0.004636635307424897
921.0,460.5,0.0014432265865740922,7.745258534637652,99.99999856748728,0.0,0.004631479656811741
921.5,460.75,0.0014460034661553673,7.745258534637652,99.99999857154684,0.0,0.004624691686430633
922.0,461.0,0.0014523196378410737,7.745258534637652,99.99999792189627,0.0,0.004084986324180346
922.5,461.25,0.0014586291010667111,7.745258534637652,99.99999792296276,0.0,0.004084694104944174
923.0,461.5,0.0014719932061852022,7.745258534637652,99.99999726552427,0.0,0.00497523605743229
923.5,461.75,0.0014853428489583148,7.745258534637652,99.99999727703141,0.0,0.0049606894543338925
924.0,462.0,0.001498678052849609,7.745258534637652,99.99999728885439,0.0,0.0049458093605440874
924.5,462.25,0.0015119988412719161,7.745258534637652,99.9999973008345,0.0,0.004930789304947202
925.0,462.5,0.0015253052375874755,7.745258534637652,99.9999973128071,0.0,0.0049158266148520815
925.5,462.75,0.0015385972651080723,7.745258534637652,99.99999806612317,0.0,0.00495752647773006
926.0,463.0,0.0015518749470951722,7.745258534637652,99.99999864740666,0.0,0.0042357631516556134
926.5,463.25,0.0015651383067600579,7.745258534637652,99.99999865276497,0.0,0.004226680639650227
927.0,463.5,0.0015783873672639641,7.745258534637652,99.99999865797422,0.0,0.004217785611713893
927.5,463.75,0.0015916221517182124,7.745258534637652,99.99999866313887,0.0,0.004208903686067663
928.0,464.0,0.0016048426831843457,7.745258534637652,99.99999866833814,0.0,0.004199906381997477
928.5,464.25,0.0016110423232778028,7.745258534637652,99.9999985010513,0.0,0.0039803973861960214
929.0,464.5,0.001617235511679253,7.745258534637652,99.99999850335887,0.0,0.003979051492634033
929.5,464.75,0.0016234222584544458,7.745258534637652,99.9999985054198,0.0,0.003978106795715648
930.0,465.0,0.0016296025736482025,7.745258534637652,99.99999850721723,0.0,0.003977588832992645
930.5,465.25,0.0016322604877124132,7.745258534637652,99.9999978339238,0.0,0.004212240467634311
931.0,465.5,0.0016349156229168858,7.745258534637652,99.99999783349067,0.0,0.0042119093716228555
931.5,465.75,0.0016375564992057675,7.745258534637652,99.99999807128195,0.0,0.0038704257682837724
932.0,466.0,0.0016401945803485062,7.745258534637652,99.9999980721973,0.0,0.0038696482445815267
932.5,466.25,0.0016428298707803967,7.745258534637652,99.99999807305907,0.0,0.0038689245023342065
933.0,466.5,0.0016454623749273547,7.745258534637652,99.99999807388816,0.0,0.0038682404316195827
933.5,466.75,0.0016480920972059415,7.745258534637652,99.99999807471815,0.0,0.0038675685685683496
934.0,467.0,0.00165071904202339,7.745258534637652,99.99999807560023,0.0,0.0038668625225498745
934.5,467.25,0.0016533432137776272,7.745258534637652,99.9999980765882,0.0,0.0038660724210145708
935.0,467.5,0.0016559646168573005,7.745258534637652,99.99999807772106,0.0,0.003865163203641558
935.5,467.75,0.00165858904702711,7.745258534637652,99.99999829081135,0.0,0.003785286508232768
936.0,468.0,0.0016612049319638862,7.745258534637652,99.999998463337,0.0,0.003336067192743682
936.5,468.25,0.0016638180613205902,7.745258534637652,99.99999846547138,0.0,0.0033342052500645657
937.0,468.5,0.0016664284394490327,7.745258534637652,99.9999984675286,0.0,0.0033324514954594197
937.5,468.75,0.001669036070691866,7.745258534637652,99.99999846952034,0.0,0.003330793974055755
938.0,469.0,0.0016716409593826073,7.745258534637652,99.99999847147014,0.0,0.003329203151910025
938.5,469.25,0.0016742431098456633,7.745258534637652,99.99999847341951,0.0,0.003327628009094569
939.0,469.5,0.001676848360028388,7.745258534637652,99.99999856981114,0.0,0.00347314586766832
939.5,469.75,0.001675967941028182,7.745258534637652,99.99999833610843,0.0,0.003666009613659925
940.0,470.0,0.0016750884460600668,7.745258534637652,99.99999833515227,0.0,0.0036672330988448704
940.5,470.25,0.0016742098736700973,7.745258534637652,99.99999833400989,0.0,0.003668631159866963
941.0,470.5,0.0016733322224073766,7.745258534637652,99.99999833268807,0.0,0.0036701996416472348
941.5,470.75,0.0016724380816233058,7.745258534637652,99.99999852418367,0.0,0.0033891556083505067
942.0,471.0,0.0016715448958925772,7.745258534637652,99.9999985225013,0.0,0.0033924522685005545
942.5,471.25,0.0016741187480503275,7.745258534637652,99.99999865749854,0.0,0.0038821129937623156
943.0,471.5,0.0016766898539478424,7.745258534637652,99.99999865491586,0.0,0.003886427519828926
943.5,471.75,0.0016792582179781038,7.745258534637652,99.99999865217274,0.0,0.003890951971699766
944.0,472.0,0.001681823844524729,7.745258534637652,99.99999864934624,0.0,0.003895591555161306
944.5,472.25,0.0016843867379619957,7.745258534637652,99.99999864652688,0.0,0.003900232464327767
945.0,472.5,0.0016869469026548672,7.745258534637652,99.99999864379325,0.0,0.003904777669446212
945.5,472.75,0.0016895043429590165,7.745258534637652,99.99999864118739,0.0,0.003909180806257814
946.0,473.0,0.0016920590632208516,7.745258534637652,99.99999863874334,0.0,0.003913397403047749
946.5,473.25,0.0016946169164874837,7.745258534637652,99.99999884533266,0.0,0.0035086843203864324
947.0,473.5,0.0016971720697910272,7.745258534637652,99.99999828236488,0.0,0.003996177348225535
947.5,473.75,0.001699730387593692,7.745258534637652,99.99999878193793,0.0,0.0028087498951574036
948.0,474.0,0.0017022742935906272,7.745258534637652,99.99999865879502,0.0,0.0030971993749221846
948.5,474.25,0.0017048037581451736,7.745258534637652,99.99999903461129,0.0,0.003013540974540912
949.0,474.5,0.0017073305061408822,7.745258534637652,99.99999903783919,0.0,0.0030073582532597013
949.5,474.75,0.0017098545419516424,7.745258534637652,99.99999904125937,0.0,0.0030007393388901535
950.0,475.0,0.0017089373641790224,7.745258534637652,99.9999980322779,0.0,0.004505842596621689
950.5,475.25,0.0017080211698398515,7.745258534637652,99.999998033326,0.0,0.004504411287420916
951.0,475.5,0.001707111820976523,7.745258534637652,99.99999840685587,0.0,0.004248144291180669
951.5,475.75,0.001706203439870919,7.745258534637652,99.99999840772789,0.0,0.004246768103037738
952.0,476.0,0.001705296024978984,7.745258534637652,99.99999840869081,0.0,0.004245322664830884
952.5,476.25,0.001704395419737379,7.745258534637652,99.99999789045101,0.0,0.0044977828025898935
953.0,476.5,0.001703495765253485,7.745258534637652,99.9999978921078,0.0,0.0044958645022622895
953.5,476.75,0.0017025970600225413,7.745258534637652,99.99999789385667,0.0,0.00449389124809929
954.0,477.0,0.001701699302542962,7.745258534637652,99.99999789567455,0.0,0.004491878912951802
954.5,477.25,0.0017008024913163253,7.745258534637652,99.99999789753615,0.0,0.0044898456412133655
955.0,477.5,0.0016999066248473676,7.745258534637652,99.99999789940696,0.0,0.004487819921332401
955.5,477.75,0.001699023317984008,7.745258534637652,99.99999790956984,0.0,0.004358817338185778
956.0,478.0,0.0016981467308112837,7.745258534637652,99.99999831978641,0.0,0.004740900352412524
956.5,478.25,0.0016972710476977559,7.745258534637652,99.9999983186392,0.0,0.0047415980139373015
957.0,478.5,0.0016963962672455577,7.745258534637652,99.99999831745293,0.0,0.004742327196586879
957.5,478.75,0.0016955223880597014,7.745258534637652,99.99999831618538,0.0,0.004743146928656356
958.0,479.0,0.0016946494087480735,7.745258534637652,99.99999831482668,0.0,0.004744080913323575
958.5,479.25,0.001693777327921425,7.745258534637652,99.99999831338485,0.0,0.004745121993569903
959.0,479.5,0.001692906144193366,7.745258534637652,99.99999853915232,0.0,0.004056866634094913
959.5,479.75,0.0016920358561803568,7.745258534637652,99.99999855610594,0.0,0.00403393974644884
960.0,480.0,0.0016911664625017015,7.745258534637652,99.9999985762929,0.0,0.004006374949815576
960.5,480.25,0.0016902979617795402,7.745258534637652,99.9999985994135,0.0,0.003974680865719122
961.0,480.5,0.0016894360954650368,7.745258534637652,99.99999838752007,0.0,0.0042265882411672015
961.5,480.75,0.0016885693706426756,7.745258534637652,99.99999815402522,0.0,0.0037884703323315745
962.0,481.0,0.0016877035346692338,7.745258534637652,99.9999981619018,0.0,0.0037813497756706985
962.5,481.25,0.0016902096810323176,7.745258534637652,99.99999809395298,0.0,0.004654813022120542
963.0,481.5,0.0016927131919686016,7.745258534637652,99.99999809662322,0.0,0.004652481412554488
963.5,481.75,0.0016952140716329658,7.745258534637652,99.99999809919386,0.0,0.004650279510668677
964.0,482.0,0.0016977123241715603,7.745258534637652,99.99999810169265,0.0,0.004648181460061998
964.5,482.25,0.0017002021953606834,7.745258534637652,99.99999841175227,0.0,0.004314704209216129
965.0,482.5,0.0017026894368938612,7.745258534637652,99.9999984141699,0.0,0.0043118351121724015
965.5,482.75,0.0017051740529348278,7.745258534637652,99.99999841664027,0.0,0.004308923873385293
966.0,483.0,0.0017076560476385315,7.745258534637652,99.99999841920891,0.0,0.004305932676633623
966.5,483.25,0.0017101354251511578,7.745258534637652,99.99999842189229,0.0,0.00430285544504448
967.0,483.5,0.0017126121896101527,7.745258534637652,99.9999984246941,0.0,0.004299692205186928
967.5,483.75,0.0017150863451442463,7.745258534637652,99.9999984275999,0.0,0.004296452523224307
968.0,484.0,0.001717563691580901,7.745258534637652,99.99999830673252,0.0,0.00442069157216995
968.5,484.25,0.0017200384479182475,7.745258534637652,99.99999830774294,0.0,0.0044211542509650925
969.0,484.5,0.0017225222309865233,7.745258534637652,99.99999863729451,0.0,0.003775584308954032
969.5,484.75,0.0017250150770360738,7.745258534637652,99.9999990846077,0.0,0.003011566759424532
970.0,485.0,0.0017275053879310346,7.745258534637652,99.99999908543657,0.0,0.003010474306057303
970.5,485.25,0.001726656479505631,7.745258534637652,99.99999867648481,0.0,0.004012966229061232
971.0,485.5,0.0017258084049897057,7.745258534637652,99.99999867880223,0.0,0.004008640749523584
971.5,485.75,0.0017249611631550985,7.745258534637652,99.999998681358,0.0,0.004003847400022647
972.0,486.0,0.00172411475277606,7.745258534637652,99.99999868416953,0.0,0.003998553909144549
972.5,486.25,0.0017232691726292452,7.745258534637652,99.99999868723066,0.0,0.00399277171600493
973.0,486.5,0.001722424421493708,7.745258534637652,99.99999869048854,0.0,0.003986601137946375
973.5,486.75,0.001721580498150895,7.745258534637652,99.9999986938618,0.0,0.003980195501736124
974.0,487.0,0.0017207374013846401,7.745258534637652,99.99999869727387,0.0,0.0039736978172070225
974.5,487.25,0.001719889363842092,7.745258534637652,99.99999851655888,0.0,0.004498062515981875
975.0,487.5,0.001719042161770915,7.745258534637652,99.99999851685688,0.0,0.0044973690718750035
975.5,487.75,0.0017181900391867904,7.745258534637652,99.9999985918893,0.0,0.004270106373532677
976.0,488.0,0.0017173387609718865,7.745258534637652,99.99999859083697,0.0,0.00427173588507675
976.5,488.25,0.0017164883258717954,7.745258534637652,99.99999858966778,0.0,0.0042735729211681745
977.0,488.5,0.001715644470307311,7.745258534637652,99.99999776684606,0.0,0.005642449844933195
977.5,488.75,0.0017148014440433214,7.745258534637652,99.99999776953719,0.0,0.005639096428570279
978.0,489.0,0.0017139592458579318,7.745258534637652,99.99999777176875,0.0,0.005636305622354999
978.5,489.25,0.0017164171628358952,7.745258534637652,99.99999843747304,0.0,0.004984546951990327
979.0,489.5,0.0017188725531098242,7.745258534637652,99.99999843695997,0.0,0.004985283927635922
979.5,489.75,0.001721325420573842,7.745258534637652,99.9999984368209,0.0,0.004985397974512046
980.0,490.0,0.0017237757691140727,7.745258534637652,99.99999843697016,0.0,0.004985020897321427
980.5,490.25,0.0017262236026086637,7.745258534637652,99.99999843729974,0.0,0.004984322117061934
981.0,490.5,0.0017286746827432301,7.745258534637652,99.99999806990385,0.0,0.005485776933046343
981.5,490.75,0.0017311232659637861,7.745258534637652,99.9999980706853,0.0,0.0054845502642398266
982.0,491.0,0.001733569356083797,7.745258534637652,99.99999807136277,0.0,0.005483429719589642
982.5,491.25,0.0017360129569089658,7.745258534637652,99.99999807179051,0.0,0.005482618391687899
983.0,491.5,0.001741778076199467,7.745258534637652,99.99999807184771,0.0,0.005482286577166126
983.5,491.75,0.0017475373345072177,7.745258534637652,99.99999807144485,0.0,0.005482563477764213
984.0,492.0,0.001753290740765338,7.745258534637652,99.99999807054377,0.0,0.00548350768104164
984.5,492.25,0.0017557135365845564,7.745258534637652,99.99999802589316,0.0,0.005541126777214588
985.0,492.5,0.001758133857013959,7.745258534637652,99.99999802377056,0.0,0.005543629565882458
985.5,492.75,0.0017572594709654317,7.745258534637652,99.99999832554474,0.0,0.004469354869471149
986.0,493.0,0.0017563801336837256,7.745258534637652,99.99999832215512,0.0,0.004374046679875524
986.5,493.25,0.0017555016760072604,7.745258534637652,99.99999832965287,0.0,0.004360554041026505
987.0,493.5,0.0017546240966168861,7.745258534637652,99.99999833690968,0.0,0.004347745589462819
987.5,493.75,0.001753747394196089,7.745258534637652,99.99999834389895,0.0,0.004335667236376701
988.0,494.0,0.0017528715674309848,7.745258534637652,99.9999983506545,0.0,0.004324217735744349
988.5,494.25,0.0017519966150103137,7.745258534637652,99.99999835727088,0.0,0.004313155698442335
989.0,494.5,0.0017511167499273121,7.745258534637652,99.99999768539747,0.0,0.005129235132576963
989.5,494.75,0.0017502377681496355,7.745258534637652,99.99999769225332,0.0,0.00512133429103203
990.0,495.0,0.0017493538942928155,7.745258534637652,99.99999760701718,0.0,0.005972193321472445
990.5,495.25,0.0017484651445122937,7.745258534637652,99.99999760987582,0.0,0.005930606804065338
991.0,495.5,0.0017475772973222499,7.745258534637652,99.99999761372271,0.0,0.005925719983933
991.5,495.75,0.001753264301297811,7.745258534637652,99.99999847487175,0.0,0.0038270473516989227
992.0,496.0,0.0017589454232832989,7.745258534637652,99.99999858576477,0.0,0.004260108493635745
992.5,496.25,0.0017646206723994891,7.745258534637652,99.99999854146128,0.0,0.004319027498885702
993.0,496.5,0.0017702900577483095,7.745258534637652,99.99999852649957,0.0,0.004339909401567771
993.5,496.75,0.001775947747670713,7.745258534637652,99.99999830882292,0.0,0.004617470746687995
994.0,497.0,0.0017815995608455695,7.745258534637652,99.9999982188923,0.0,0.004752251569324935
994.5,497.25,0.0017872396346671924,7.745258534637652,99.99999806710818,0.0,0.004942673491506257
995.0,497.5,0.0017961574708001274,7.745258534637652,99.99999806351934,0.0,0.004950074283191978
995.5,497.75,0.0018050659997768282,7.745258534637652,99.99999805988196,0.0,0.004957519601004363
996.0,498.0,0.0018139652361599044,7.745258534637652,99.99999805649867,0.0,0.00496451929109533
996.5,498.25,0.0018228611707620938,7.745258534637652,99.99999807504308,0.0,0.004876589591314037
997.0,498.5,0.001831753896163475,7.745258534637652,99.9999983216485,0.0,0.004372201074557663
997.5,498.75,0.001840637476296061,7.745258534637652,99.99999832015908,0.0,0.004376368140758896
998.0,499.0,0.0018495119252600774,7.745258534637652,99.99999831917665,0.0,0.00437958671311283
998.5,499.25,0.0018583772571267787,7.745258534637652,99.99999855374291,0.0,0.0037376666603953124
999.0,499.5,0.0018639633747547417,7.745258534637652,99.99999855735456,0.0,0.003731172222174771
999.5,499.75,0.001869543759417173,7.745258534637652,99.99999856108002,0.0,0.0037245012194734957
1000.0,500.0,0.00186860932344582,7.745258534637652,99.99999845660513,0.0,0.004616979129467499
1000.5,500.25,0.001867675821108002,7.745258534637652,99.99999845903412,0.0,0.004614879459404959
1001.0,500.5,0.0018667432510051695,7.745258534637652,99.99999846148377,0.0,0.00461275249309372
1001.5,500.75,0.0018658116117415656,7.745258534637652,99.99999846392103,0.0,0.004610639387323014
1002.0,501.0,0.0018648748219077147,7.745258534637652,99.99999842754153,0.0,0.004677483844531349
1002.5,501.25,0.0018639389722918303,7.745258534637652,99.99999843021084,0.0,0.00467513899611528
1003.0,501.5,0.001863004061479134,7.745258534637652,99.99999843289297,0.0,0.004672754565719618
1003.5,501.75,0.0018620640263553678,7.745258534637652,99.99999847409255,0.0,0.004523697508450037
1004.0,502.0,0.0018611249393995595,7.745258534637652,99.99999847531275,0.0,0.0045215191170973335
1004.5,502.25,0.0018601807497308916,7.745258534637652,99.99999864086944,0.0,0.0036276187214594902
1005.0,502.5,0.0018592435609064788,7.745258534637652,99.99999857155714,0.0,0.004364844789073331
1005.5,502.75,0.0018615319140641497,7.745258534637652,99.99999782465324,0.0,0.005319802818138171
1006.0,503.0,0.0018638239563072906,7.745258534637652,99.99999803580867,0.0,0.005459609021078427
1006.5,503.25,0.001862868232903965,7.745258534637652,99.99999804742133,0.0,0.005448105067738976
1007.0,503.5,0.001861913489141541,7.745258534637652,99.99999805929835,0.0,0.005436291164985239
1007.5,503.75,0.0018642018136252078,7.745258534637652,99.99999807146509,0.0,0.005424149089613803
1008.0,504.0,0.0018664877949196535,7.745258534637652,99.9999980838847,0.0,0.0054117138433674135
1008.5,504.25,0.0018687714366220905,7.745258534637652,99.99999809659472,0.0,0.00539893755467831
1009.0,504.5,0.0018710587991557575,7.745258534637652,99.9999982977637,0.0,0.005001503763961677
1009.5,504.75,0.001873349899052648,7.745258534637652,99.99999899759811,0.0,0.0036233987731495013
1010.0,505.0,0.0018756386873116278,7.745258534637652,99.99999806584484,0.0,0.004579915731393653
1010.5,505.25,0.0018779251674294728,7.745258534637652,99.99999806882363,0.0,0.004580027879292132
1011.0,505.5,0.00188020934289591,7.745258534637652,99.99999807200633,0.0,0.004579846411416446
1011.5,505.75,0.001882491217193635,7.745258534637652,99.99999807535033,0.0,0.004579431352558042
1012.0,506.0,0.0018847707937983296,7.745258534637652,99.99999807879512,0.0,0.004578870612612471
1012.5,506.25,0.0018870480761786794,7.745258534637652,99.99999808229136,0.0,0.004578262053360496
1013.0,506.5,0.0018893169764480197,7.745258534637652,99.99999819225815,0.0,0.004461608630671405
1013.5,506.75,0.001891583580925619,7.745258534637652,99.99999819442222,0.0,0.004461283413695676
1014.0,507.0,0.001893847893094219,7.745258534637652,99.9999990150852,0.0,0.003164587789849074
1014.5,507.25,0.0018961099164295188,7.745258534637652,99.99999901539286,0.0,0.003166018765388956
1015.0,507.5,0.001898363546271807,7.745258534637652,99.99999905968842,0.0,0.003016928607328163
1015.5,507.75,0.0018974233633919499,7.745258534637652,99.99999836746083,0.0,0.004364982521244534
1016.0,508.0,0.001896484111320403,7.745258534637652,99.99999836910324,0.0,0.004363888837444782
1016.5,508.25,0.0018955457886755598,7.745258534637652,99.99999837081903,0.0,0.00436269569087856
1017.0,508.5,0.0018946144780658235,7.745258534637652,99.99999801463441,0.0,0.004741694024516994
1017.5,508.75,0.0018936840821409543,7.745258534637652,99.99999801685578,0.0,0.004740668925820738
1018.0,509.0,0.0018959383290720168,7.745258534637652,99.9999988665276,0.0,0.003441873924581806
1018.5,509.25,0.0018981903064038271,7.745258534637652,99.9999988684222,0.0,0.0034431938572314362
1019.0,509.5,0.001900446108091478,7.745258534637652,99.99999816464793,0.0,0.004794794520053468
1019.5,509.75,0.0019026996553358874,7.745258534637652,99.99999817306102,0.0,0.004785174429167991
1020.0,510.0,0.0019049509515149962,7.745258534637652,99.99999818118333,0.0,0.004775738679572059
1020.5,510.25,0.0019072,7.745258534637652,99.99999818903571,0.0,0.004766475037376525
1021.0,510.5,0.0019094468041553655,7.745258534637652,99.99999819672507,0.0,0.004757267087662791
1021.5,510.75,0.0019116913673388489,7.745258534637652,99.9999982043712,0.0,0.004747979471937156
1022.0,511.0,0.0019139336929015107,7.745258534637652,99.99999821206717,0.0,0.004738505839438666
1022.5,511.25,0.001916173784187734,7.745258534637652,99.99999821992398,0.0,0.004728715062027802
1023.0,511.5,0.0019184116445352401,7.745258534637652,99.99999822803453,0.0,0.004718493169474662
1023.5,511.75,0.0019206472772751056,7.745258534637652,99.99999823646128,0.0,0.004707757085087831
1024.0,512.0,0.001922880685731779,7.745258534637652,99.9999982453453,0.0,0.0046963138834531844
1024.5,512.25,0.0019251118732230962,7.745258534637652,99.99999825479014,0.0,0.004684007189320751
1025.0,512.5,0.0019273408430602987,7.745258534637652,99.99999826489821,0.0,0.004670673011047497
1025.5,512.75,0.001929561454621873,7.745258534637652,99.9999982728029,0.0,0.0047197721171970105
1026.0,513.0,0.0019317798471125143,7.745258534637652,99.99999828461014,0.0,0.004703633741742677
1026.5,513.25,0.0019339960238568589,7.745258534637652,99.99999829700306,0.0,0.004686476783754484
1027.0,513.5,0.0019362099881729045,7.745258534637652,99.99999830978209,0.0,0.004668564166562602
1027.5,513.75,0.0019384217433720276,7.745258534637652,99.99999832270672,0.0,0.004650234711938401
1028.0,514.0,0.0019406374565262272,7.745258534637652,99.99999845663027,0.0,0.004323219769754714
1028.5,514.25,0.0019428509750762696,7.745258534637652,99.99999846574468,0.0,0.004311365240792069
1029.0,514.5,0.0019450623022810854,7.745258534637652,99.9999984746147,0.0,0.004299634649801347
1029.5,514.75,0.0019472776170903739,7.745258534637652,99.99999848835184,0.0,0.0042225010762689625
1030.0,515.0,0.0019494907549759562,7.745258534637652,99.99999849662478,0.0,0.00421132364633478
1030.5,515.25,0.001951707902832828,7.745258534637652,99.99999829337533,0.0,0.004403747654800089
1031.0,515.5,0.0019539228881323726,7.745258534637652,99.99999830217774,0.0,0.004393029815591998
1031.5,515.75,0.0019561357140370148,7.745258534637652,99.99999831092407,0.0,0.004382285793712521
1032.0,516.0,0.001958346383703015,7.745258534637652,99.99999831971007,0.0,0.00437141186513142
1032.5,516.25,0.0019605549002804858,7.745258534637652,99.99999832868784,0.0,0.004360221357742104
1033.0,516.5,0.001962761266913408,7.745258534637652,99.99999833800001,0.0,0.004348523681050659
1033.5,516.75,0.001961800180700435,7.745258534637652,99.99999807722939,0.0,0.004371714051745391
1034.0,517.0,0.0019608400352382847,7.745258534637652,99.99999808082144,0.0,0.004368575020131178
1034.5,517.25,0.0019598746437667464,7.745258534637652,99.99999917024464,0.0,0.0025617434069142766
1035.0,517.5,0.0019589102024207207,7.745258534637652,99.99999916994463,0.0,0.002563373361412289
1035.5,517.75,0.0019579467097982466,7.745258534637652,99.99999916961336,0.0,0.0025651051338006093
1036.0,518.0,0.001956984164500118,7.745258534637652,99.999999169281,0.0,0.0025668727023885765
1036.5,518.25,0.0019560225651298817,7.745258534637652,99.99999916897873,0.0,0.002568610329217064
1037.0,518.5,0.001955061910293826,7.745258534637652,99.99999916874046,0.0,0.0025702348521164063
1037.5,518.75,0.001954102198600976,7.745258534637652,99.99999916859677,0.0,0.002571672610163378
1038.0,519.0,0.0019531434286630873,7.745258534637652,99.99999916857462,0.0,0.0025728608529026215
1038.5,519.25,0.0019521917360360134,7.745258534637652,99.99999905661895,0.0,0.0028617187708059877
1039.0,519.5,0.0019512409704046075,7.745258534637652,99.99999905652074,0.0,0.0028625745256517115
1039.5,519.75,0.00195029113041512,7.745258534637652,99.9999990565581,0.0,0.0028631619556406876
1040.0,520.0,0.0019493483337937269,7.745258534637652,99.99999864262037,0.0,0.0032338352156584295
1040.5,520.25,0.0019484064482527092,7.745258534637652,99.99999917918042,0.0,0.0024819809186619893
1041.0,520.5,0.001947465472472058,7.745258534637652,99.99999918322831,0.0,0.0024763564148251077
1041.5,520.75,0.0019465254051343134,7.745258534637652,99.99999918786826,0.0,0.0024699317352693505
1042.0,521.0,0.0019455740539998621,7.745258534637652,99.9999990187472,0.0,0.0026954080350579273
1042.5,521.25,0.0019446297218334006,7.745258534637652,99.99999833219779,0.0,0.003636517912128381
1043.0,521.5,0.0019436863059318426,7.745258534637652,99.99999825176272,0.0,0.003729667136505858
1043.5,521.75,0.001942743804962287,7.745258534637652,99.99999818224279,0.0,0.003811477908002975
1044.0,522.0,0.001941796145800436,7.745258534637652,99.99999779119503,0.0,0.004510916204919412
1044.5,522.25,0.0019408494107131136,7.745258534637652,99.99999778850966,0.0,0.0045144868713827445
1045.0,522.5,0.0019399035983493637,7.745258534637652,99.99999778598585,0.0,0.004517895031031482
1045.5,522.75,0.0019389647614230314,7.745258534637652,99.99999764513129,0.0,0.004440564171925515
1046.0,523.0,0.0019380207845707332,7.745258534637652,99.99999890873168,0.0,0.0029633676792088755
1046.5,523.25,0.0019370777264135052,7.745258534637652,99.99999890736675,0.0,0.002966037289017312
1047.0,523.5,0.0019361295492029444,7.745258534637652,99.99999881257978,0.0,0.0031257386155722987
1047.5,523.75,0.0019351822997818635,7.745258534637652,99.99999881303093,0.0,0.0031255799492549935
1048.0,524.0,0.0019342420013953952,7.745258534637652,99.9999985554157,0.0,0.003529836354095574
1048.5,524.25,0.0019333026163406099,7.745258534637652,99.99999855633544,0.0,0.003528996304337483
1049.0,524.5,0.0019323641432874461,7.745258534637652,99.99999855726978,0.0,0.003528155404081043
1049.5,524.75,0.001931432588026362,7.745258534637652,99.99999859022365,0.0,0.0034904283769248996
1050.0,525.0,0.0019305019305019305,7.745258534637652,99.999998589853,0.0,0.0034913027096059013
1050.5,525.25,0.0019295781650053444,7.745258534637652,99.99999814168723,0.0,0.004129122456445703
1051.0,525.5,0.0019286552831489568,7.745258534637652,99.99999814102273,0.0,0.004127882159783245
1051.5,525.75,0.0019277392678315882,7.745258534637652,99.99999824513752,0.0,0.004248448874992384
1052.0,526.0,0.0019268241222245666,7.745258534637652,99.99999824323676,0.0,0.004246592850965633
1052.5,526.25,0.0019259158179404795,7.745258534637652,99.99999806354394,0.0,0.0041477135758171664
1053.0,526.5,0.0019250083696016069,7.745258534637652,99.99999805853649,0.0,0.004149650650645973
1053.5,526.75,0.0019241017759986118,7.745258534637652,99.99999805353896,0.0,0.004151422860050663
1054.0,527.0,0.0019231960359244347,7.745258534637652,99.99999804857119,0.0,0.004153067317910671
1054.5,527.25,0.0019222911481742877,7.745258534637652,99.999998043664,0.0,0.00415462024549898
1055.0,527.5,0.001921393056376333,7.745258534637652,99.99999800684124,0.0,0.004322139153913001
1055.5,527.75,0.0019204958033610224,7.745258534637652,99.99999800515624,0.0,0.0043189536430032005
1056.0,528.0,0.0019195934542172324,7.745258534637652,99.9999981926103,0.0,0.004200382669347247
1056.5,528.25,0.0019186919526166509,7.745258534637652,99.99999819085441,0.0,0.004198742468330239
1057.0,528.5,0.0019177853748019679,7.745258534637652,99.99999845614063,0.0,0.0035101469032767373
1057.5,528.75,0.0019168796532948106,7.745258534637652,99.99999845124805,0.0,0.0035162743439204865
1058.0,529.0,0.0019159747868825146,7.745258534637652,99.9999989822855,0.0,0.0028186107067793647
1058.5,529.25,0.0019150648685821428,7.745258534637652,99.99999905874448,0.0,0.0025897549028378493
1059.0,529.5,0.0019141558141326962,7.745258534637652,99.99999838867343,0.0,0.0030064196108092124
1059.5,529.75,0.0019132535168742183,7.745258534637652,99.99999713560179,0.0,0.004559404042451007
1060.0,530.0,0.0019123520698670592,7.745258534637652,99.9999971323094,0.0,0.004562241003378681
1060.5,530.25,0.001911451471909974,7.745258534637652,99.99999712900312,0.0,0.0045651421463399145
1061.0,530.5,0.0019105517218039791,7.745258534637652,99.9999971255506,0.0,0.004568227545571897
1061.5,530.75,0.0019096528183523479,7.745258534637652,99.99999712187636,0.0,0.004571561401388284
1062.0,531.0,0.0019087606272783716,7.745258534637652,99.9999979333506,0.0,0.003632674767796553
1062.5,531.25,0.0019078634080400621,7.745258534637652,99.9999978752633,0.0,0.0037351040187617963
1063.0,531.5,0.001906967031887191,7.745258534637652,99.99999787641002,0.0,0.003734703073206496
1063.5,531.75,0.0019060714976319902,7.745258534637652,99.99999787728302,0.0,0.003734594336685332
1064.0,532.0,0.0019051709591814822,7.745258534637652,99.9999981643109,0.0,0.00396516112872535
1064.5,532.25,0.0019042712712620626,7.745258534637652,99.99999816480481,0.0,0.0039641657948521
1065.0,532.5,0.0019033724326693495,7.745258534637652,99.99999816528734,0.0,0.0039632321406559146
1065.5,532.75,0.0019024802705749717,7.745258534637652,99.99999802651752,0.0,0.004147596478936809
1066.0,533.0,0.0019015889444497181,7.745258534637652,99.9999980267075,0.0,0.004147007536687625
1066.5,533.25,0.001900704270616214,7.745258534637652,99.99999834696281,0.0,0.0036113745249882136
1067.0,533.5,0.0018998204195513242,7.745258534637652,99.99999834798412,0.0,0.003609498321415826
1067.5,533.75,0.0018989315834215016,7.745258534637652,99.99999851893598,0.0,0.0031951991183651125
1068.0,534.0,0.0018980435785915354,7.745258534637652,99.99999851974928,0.0,0.0031932028345906384
1068.5,534.25,0.001897162199730548,7.745258534637652,99.99999883043014,0.0,0.003063329051056086
1069.0,534.5,0.0018962816390469123,7.745258534637652,99.99999883065742,0.0,0.003061920557438565
1069.5,534.75,0.0018953961103175476,7.745258534637652,99.99999802448015,0.0,0.004693019168430674
1070.0,535.0,0.00189451140825348,7.745258534637652,99.9999980242895,0.0,0.004690968187356
1070.5,535.25,0.0018936217574395552,7.745258534637652,99.99999871719835,0.0,0.0029540044541633012
1071.0,535.5,0.0018927271729788052,7.745258534637652,99.99999874388747,0.0,0.00276109484814954
1071.5,535.75,0.0018918334333578063,7.745258534637652,99.99999874448478,0.0,0.0027600623013940063
1072.0,536.0,0.0018909405373803319,7.745258534637652,99.99999874511431,0.0,0.0027589645212631134
1072.5,536.25,0.0018900484838524118,7.745258534637652,99.99999874578378,0.0,0.0027577905297153874
1073.0,536.5,0.0018891515245544066,7.745258534637652,99.99999911626345,0.0,0.002449994234001608
1073.5,536.75,0.001888255416191562,7.745258534637652,99.99999911424877,0.0,0.002452521473514303
1074.0,537.0,0.0018873601575535436,7.745258534637652,99.99999845117443,0.0,0.004478813395113745
1074.5,537.25,0.0018864714781309047,7.745258534637652,99.99999805945411,0.0,0.0054039146924947015
1075.0,537.5,0.0018855836351987757,7.745258534637652,99.99999805341416,0.0,0.0054108323989834756
1075.5,537.75,0.0018846966275766625,7.745258534637652,99.99999804769367,0.0,0.005417318665484762
1076.0,538.0,0.0018838104540862912,7.745258534637652,99.99999804239333,0.0,0.005423269870744268
1076.5,538.25,0.0018829251135516032,7.745258534637652,99.99999803759555,0.0,0.005428596786242239
1077.0,538.5,0.0018820349009885987,7.745258534637652,99.9999982128071,0.0,0.003520950420083652
1077.5,538.75,0.0018811455297802603,7.745258534637652,99.99999821281844,0.0,0.0035208670388286113
1078.0,539.0,0.0018802569987343841,7.745258534637652,99.99999821306265,0.0,0.0035206032494914494
1078.5,539.25,0.0018793693066610174,7.745258534637652,99.99999884612484,0.0,0.0033417360327022074
1079.0,539.5,0.0018784824523724538,7.745258534637652,99.99999884458475,0.0,0.0033443340472866026
1079.5,539.75,0.0018775907577786982,7.745258534637652,99.99999887941426,0.0,0.003276813905427242
1080.0,540.0,0.0018766999093381687,7.745258534637652,99.99999887732174,0.0,0.003280454932122176
1080.5,540.25,0.0018758099058470293,7.745258534637652,99.99999887521028,0.0,0.003284119355395738
1081.0,540.5,0.0018749207461037276,7.745258534637652,99.99999887309752,0.0,0.0032877716018813287
1081.5,540.75,0.0018740324289089872,7.745258534637652,99.99999887101535,0.0,0.00329135563114675
1082.0,541.0,0.0018731393030473956,7.745258534637652,99.99999880549339,0.0,0.0033642026094280763
1082.5,541.25,0.0018722470280716458,7.745258534637652,99.9999988038414,0.0,0.003367022898285254
1083.0,541.5,0.0018713612420293874,7.745258534637652,99.99999854946503,0.0,0.004530235564413197
1083.5,541.75,0.0018704762937461032,7.745258534637652,99.99999854598538,0.0,0.004534292279241974
1084.0,542.0,0.0018695921820338513,7.745258534637652,99.9999985424507,0.0,0.004538356282817894
1084.5,542.25,0.0018687089057069348,7.745258534637652,99.99999853888582,0.0,0.0045424032379001965
1085.0,542.5,0.0018678264635818957,7.745258534637652,99.9999985353252,0.0,0.004546401458150026
1085.5,542.75,0.001866944854477511,7.745258534637652,99.99999853178254,0.0,0.004550344770325279
1086.0,543.0,0.0018660584698320546,7.745258534637652,99.99999831469161,0.0,0.004870700885385091
1086.5,543.25,0.001865178528521313,7.745258534637652,99.99999855171681,0.0,0.004724411131995604
1087.0,543.5,0.0018642994166934352,7.745258534637652,99.9999985471635,0.0,0.004730344375683056
1087.5,543.75,0.0018634211331760978,7.745258534637652,99.9999985426797,0.0,0.004736172560799149
1088.0,544.0,0.0018625436767991841,7.745258534637652,99.99999853818868,0.0,0.004741991217802505
1088.5,544.25,0.001861672627416652,7.745258534637652,99.99999810304882,0.0,0.005464477708536067
1089.0,544.5,0.0018608135440856992,7.745258534637652,99.99999892144088,0.0,0.0036533565134175315
1089.5,544.75,0.0018599496825206661,7.745258534637652,99.99999848402871,0.0,0.004778962635088138
1090.0,545.0,0.0018590810571315667,7.745258534637652,99.99999802159012,0.0,0.005576400994498993
1090.5,545.25,0.0018582132426868388,7.745258534637652,99.99999801426071,0.0,0.005586341002770008
1091.0,545.5,0.0018573517931968883,7.745258534637652,99.99999860193867,0.0,0.0032100301457753185
1091.5,545.75,0.001856496692087617,7.745258534637652,99.99999874781481,0.0,0.0028307793921458677
1092.0,546.0,0.0018556479229293538,7.745258534637652,99.99999926167152,0.0,0.0029565771151120936
1092.5,546.25,0.0018547943896203196,7.745258534637652,99.9999987489748,0.0,0.0028347138646315118
1093.0,546.5,0.001853936106375928,7.745258534637652,99.99999866850136,0.0,0.002948743106615025
1093.5,546.75,0.0018530786170841316,7.745258534637652,99.99999867009979,0.0,0.002949473263600639
1094.0,547.0,0.001852221920643774,7.745258534637652,99.99999867207057,0.0,0.002949743764040202
1094.5,547.25,0.0018513660159557343,7.745258534637652,99.99999867439277,0.0,0.0029495876089136127
1095.0,547.5,0.0018505109019229223,7.745258534637652,99.99999867701472,0.0,0.0029490636542363912
1095.5,547.75,0.0018496510682405082,7.745258534637652,99.99999866399371,0.0,0.0030258069948122563
1096.0,548.0,0.0018487920332246684,7.745258534637652,99.99999866152992,0.0,0.003027209465615647
1096.5,548.25,0.001847933795763143,7.745258534637652,99.99999865897925,0.0,0.0030287383323255247
1097.0,548.5,0.001847076354745737,7.745258534637652,99.99999865638213,0.0,0.003030351781960995
1097.5,548.75,0.0018462197090643145,7.745258534637652,99.99999865377744,0.0,0.0030320079096295637
1098.0,549.0,0.001845358373945085,7.745258534637652,99.99999844205794,0.0,0.00370091870462985
1098.5,549.25,0.0018445033207000203,7.745258534637652,99.99999844813604,0.0,0.003597524559791687
1099.0,549.5,0.0018436490594717842,7.745258534637652,99.99999845086313,0.0,0.0035951326489094535
1099.5,549.75,0.0018428010576075635,7.745258534637652,99.99999848598662,0.0,0.003596169575738802
1100.0,550.0,0.001841953835475853,7.745258534637652,99.99999848933237,0.0,0.0035928086889735855
1100.5,550.25,0.0018411073920017076,7.745258534637652,99.99999849295249,0.0,0.003589058911110639
1101.0,550.5,0.0018402617261121582,7.745258534637652,99.99999866201337,0.0,0.0033259237666766537
1101.5,550.75,0.001839416836736205,7.745258534637652,99.99999866393881,0.0,0.0033240382277956618
1102.0,551.0,0.0018385781662181246,7.745258534637652,99.99999763446287,0.0,0.004487039586718479
1102.5,551.25,0.0018377402601245875,7.745258534637652,99.99999764289574,0.0,0.004476982691622368
1103.0,551.5,0.001836897683911616,7.745258534637652,99.9999988409041,0.0,0.003009419218979372
1103.5,551.75,0.0018360504514732753,7.745258534637652,99.9999990119879,0.0,0.0028141371021115666
1104.0,552.0,0.001835209423696957,7.745258534637652,99.99999786652238,0.0,0.0042964575412744385
1104.5,552.25,0.0018343691660561948,7.745258534637652,99.99999799216698,0.0,0.004509714942257185
1105.0,552.5,0.0018335296774936447,7.745258534637652,99.99999798730389,0.0,0.0045146777713391375
1105.5,552.75,0.0018326909569538964,7.745258534637652,99.9999979844444,0.0,0.004517394393796018
1106.0,553.0,0.0018318530033834708,7.745258534637652,99.9999979825296,0.0,0.004519037525731514
1106.5,553.25,0.0018310158157308141,7.745258534637652,99.99999798102087,0.0,0.004520203728398839
1107.0,553.5,0.0018301847867731574,7.745258534637652,99.99999789888307,0.0,0.00442776550899425
1107.5,553.75,0.0018293599007844744,7.745258534637652,99.99999818792065,0.0,0.003956126152732452
1108.0,554.0,0.0018285357580326016,7.745258534637652,99.99999818381647,0.0,0.003959229261645938
1108.5,554.25,0.0018277123575134871,7.745258534637652,99.99999818001984,0.0,0.003962072406024412
1109.0,554.5,0.001826889698224887,7.745258534637652,99.9999984408289,0.0,0.0036363230017416935
1109.5,554.75,0.0018260624095790352,7.745258534637652,99.99999811665357,0.0,0.0037879302674925365
1110.0,555.0,0.001825251964129831,7.745258534637652,99.99999865664071,0.0,0.002763406525054582
1110.5,555.25,0.0018244422377474455,7.745258534637652,99.99999865542318,0.0,0.002764261567718034
1111.0,555.5,0.0018236332294753164,7.745258534637652,99.99999865413241,0.0,0.002765172464980737
1111.5,555.75,0.001822824938358577,7.745258534637652,99.99999865278375,0.0,0.00276611169328177
1112.0,556.0,0.0018220173634440528,7.745258534637652,99.99999865141052,0.0,0.0027670402001218233
1112.5,556.25,0.001821205162720722,7.745258534637652,99.99999910512423,0.0,0.0028014771747867863
1113.0,556.5,0.0018203936857842202,7.745258534637652,99.99999910284501,0.0,0.0028034139113190517
1113.5,556.75,0.0018195829316674822,7.745258534637652,99.99999910059856,0.0,0.0028052512334628328
1114.0,557.0,0.0018187728994051647,7.745258534637652,99.99999909843498,0.0,0.002806947488181392
1114.5,557.25,0.0018179635880336425,7.745258534637652,99.99999909639222,0.0,0.0028084668270439562
1115.0,557.5,0.0018171549965910055,7.745258534637652,99.99999807335489,0.0,0.004013764211628025
1115.5,557.75,0.0018163471241170535,7.745258534637652,99.9999980684331,0.0,0.004017549657646855
1116.0,558.0,0.0018155346618018524,7.745258534637652,99.99999921123405,0.0,0.0024604626470348515
1116.5,558.25,0.0018176398735249941,7.745258534637652,99.99999922926446,0.0,0.0021253383380208765
1117.0,558.5,0.001819743191297947,7.745258534637652,99.99999922794912,0.0,0.002127009408367087
1117.5,558.75,0.0018218446176753963,7.745258534637652,99.99999922697997,0.0,0.0021282653020738046
1118.0,559.0,0.0018239441552074336,7.745258534637652,99.99999922636701,0.0,0.002129092962431974
1118.5,559.25,0.0018260418064395686,7.745258534637652,99.99999922612372,0.0,0.002129475057759314
1119.0,559.5,0.0018281375739127392,7.745258534637652,99.99999922627445,0.0,0.00212938051528712
1119.5,559.75,0.001830231460163322,7.745258534637652,99.99999922685141,0.0,0.0021287692149629498
1120.0,560.0,0.0018323234677231415,7.745258534637652,99.9999992278908,0.0,0.0021275967539308516
1120.5,560.25,0.0018344189405211497,7.745258534637652,99.99999915989632,0.0,0.00221817352453938
1121.0,560.5,0.0018365125470770054,7.745258534637652,99.99999915783454,0.0,0.002220881396866045
1121.5,560.75,0.0018386042898827309,7.745258534637652,99.99999915583876,0.0,0.0022235022532081134
1122.0,561.0,0.0018406941714259129,7.745258534637652,99.99999915392814,0.0,0.0022260128119668335
1122.5,561.25,0.0018427821941897136,7.745258534637652,99.99999915211725,0.0,0.002228395863288715
1123.0,561.5,0.0018448683606528801,7.745258534637652,99.99999915041778,0.0,0.0022306370863492643
1123.5,561.75,0.001846947309729579,7.745258534637652,99.99999911237204,0.0,0.0024138704056965925
1124.0,562.0,0.001849024400155585,7.745258534637652,99.99999910864676,0.0,0.002418547298257704
1124.5,562.25,0.0018510996344223293,7.745258534637652,99.99999796392791,0.0,0.00444365869642103
1125.0,562.5,0.0018531515176121896,7.745258534637652,99.9999979941866,0.0,0.004494772974455865
1125.5,562.75,0.0018552015212652474,7.745258534637652,99.99999799381344,0.0,0.004494869327709882
1126.0,563.0,0.0018572496479628202,7.745258534637652,99.99999799361858,0.0,0.004494767667927445
1126.5,563.25,0.0018592905155911067,7.745258534637652,99.99999845951284,0.0,0.0034717763147686783
1127.0,563.5,0.0018613241164499948,7.745258534637652,99.99999835499518,0.0,0.003559123280322381
1127.5,563.75,0.0018633558344159507,7.745258534637652,99.99999835445007,0.0,0.003559047026898862
1128.0,564.0,0.0018624989877722893,7.745258534637652,99.99999829430138,0.0,0.003535573666400729
1128.5,564.25,0.001861642928792158,7.745258534637652,99.99999829532752,0.0,0.0035338622796996706
1129.0,564.5,0.0018607822798050223,7.745258534637652,99.99999851113553,0.0,0.003251835930268239
1129.5,564.75,0.0018599224262168196,7.745258534637652,99.99999849161053,0.0,0.00337796604252096
1130.0,565.0,0.0018590633669254152,7.745258534637652,99.99999849370231,0.0,0.0033748942838399457
1130.5,565.25,0.0018581997391595396,7.745258534637652,99.99999847708138,0.0,0.003952364841679173
1131.0,565.5,0.0018573476268346355,7.745258534637652,99.99999869378532,0.0,0.0032330848318527184
1131.5,565.75,0.0018564962956556833,7.745258534637652,99.99999869236673,0.0,0.0032334947373953288
1132.0,566.0,0.001855640397637228,7.745258534637652,99.99999775033623,0.0,0.0043791847061399
1132.5,566.25,0.0018547852884421533,7.745258534637652,99.9999977491225,0.0,0.004379740812418074
1133.0,566.5,0.0018539309669804531,7.745258534637652,99.99999774820058,0.0,0.004380047434151725
1133.5,566.75,0.0018530721000428738,7.745258534637652,99.99999887629495,0.0,0.0030185619348752748
1134.0,567.0,0.0018522140285079898,7.745258534637652,99.99999887736189,0.0,0.003017047263158427
1134.5,567.25,0.0018513567512713704,7.745258534637652,99.99999887844928,0.0,0.003015474883992558
1135.0,567.5,0.0018505055845614963,7.745258534637652,99.9999981895488,0.0,0.0038857333082084737
1135.5,567.75,0.0018496498876998282,7.745258534637652,99.99999890089153,0.0,0.002867818208204986
1136.0,568.0,0.0018487896743374214,7.745258534637652,99.99999872749558,0.0,0.003174588316851605
1136.5,568.25,0.0018479302607188562,7.745258534637652,99.99999872741755,0.0,0.0031746465437657956
1137.0,568.5,0.0018470769433744719,7.745258534637652,99.99999790965933,0.0,0.00442693472518526
1137.5,568.75,0.0018462297065240138,7.745258534637652,99.99999892402256,0.0,0.0030959918755281393
1138.0,569.0,0.0018453885345208008,7.745258534637652,99.99999785303086,0.0,0.00406814239015919
1138.5,569.25,0.0018445534118509692,7.745258534637652,99.99999862558178,0.0,0.003820510414724297
1139.0,569.5,0.001843719044701598,7.745258534637652,99.99999862586232,0.0,0.003820790846614203
1139.5,569.75,0.001842885432047892,7.745258534637652,99.99999862612178,0.0,0.0038210756098449113
1140.0,570.0,0.0018420578417603665,7.745258534637652,99.99999859818739,0.0,0.003918539987446536
1140.5,570.25,0.0018412257302718668,7.745258534637652,99.99999872768369,0.0,0.0035803310896903875
1141.0,570.5,0.0018404154080492454,7.745258534637652,99.99999843620444,0.0,0.0038753938467096785
1141.5,570.75,0.0018396057987574092,7.745258534637652,99.9999984368768,0.0,0.0038743932636116515
1142.0,571.0,0.0018388021517411514,7.745258534637652,99.9999986959355,0.0,0.0035744516225091768
1142.5,571.25,0.0018380044523089217,7.745258534637652,99.99999876105396,0.0,0.003450891651058098
1143.0,571.5,0.0018371969623488735,7.745258534637652,99.99999889743823,0.0,0.003070975505500438
1143.5,571.75,0.001836390181585911,7.745258534637652,99.99999893991965,0.0,0.002871831380343258
1144.0,572.0,0.0018355841090861413,7.745258534637652,99.99999893855073,0.0,0.0028732411501919204
1144.5,572.25,0.0018347787439173095,7.745258534637652,99.9999989371681,0.0,0.00287466262751829
1145.0,572.5,0.0018339740851487968,7.745258534637652,99.99999893580615,0.0,0.0028760400108174084
1145.5,572.75,0.0018331701318516156,7.745258534637652,99.99999901052024,0.0,0.0028558179015059815
1146.0,573.0,0.0018323720967287605,7.745258534637652,99.99999919478884,0.0,0.0022328086508021988
1146.5,573.25,0.0018315747561218395,7.745258534637652,99.99999919183901,0.0,0.0022371798915753797
1147.0,573.5,0.0018307781091246094,7.745258534637652,99.99999919005728,0.0,0.002239595482947417
1147.5,573.75,0.0018299717547837849,7.745258534637652,99.99999893180095,0.0,0.0024577445754159935
1148.0,574.0,0.0018291765013306975,7.745258534637652,99.99999905723598,0.0,0.0023803686303058716
1148.5,574.25,0.0018283767478174463,7.745258534637652,99.99999903816402,0.0,0.002428445342300194
1149.0,574.5,0.001827582879748452,7.745258534637652,99.99999911532173,0.0,0.0024361240009674284
1149.5,574.75,0.0018267897007639045,7.745258534637652,99.99999911446939,0.0,0.0024372355005222402
1150.0,575.0,0.001825997209966996,7.745258534637652,99.99999911381593,0.0,0.0024380421955239612
1150.5,575.25,0.0018252054064624742,7.745258534637652,99.99999911357997,0.0,0.0024382070415041777
1151.0,575.5,0.0018244091209124313,7.745258534637652,99.99999795523637,0.0,0.0036786270822022384
1151.5,575.75,0.001823618693790635,7.745258534637652,99.99999906001959,0.0,0.002525998970533002
1152.0,576.0,0.0018228237918131436,7.745258534637652,99.99999865485253,0.0,0.003752927413719678
1152.5,576.25,0.0018220295825175695,7.745258534637652,99.99999803593022,0.0,0.0045439767015004896
1153.0,576.5,0.001821236064998897,7.745258534637652,99.99999803654961,0.0,0.004543445812150306
1153.5,576.75,0.0018204432383536861,7.745258534637652,99.9999980372967,0.0,0.004542760102903126
1154.0,577.0,0.0018196511016800691,7.745258534637652,99.99999803819628,0.0,0.00454188381757653
1154.5,577.25,0.0018188545170574096,7.745258534637652,99.99999787860331,0.0,0.0038641913267230582
1155.0,577.5,0.001818058629567731,7.745258534637652,99.9999978789694,0.0,0.0038635215763594692
1155.5,577.75,0.0018172634382962872,7.745258534637652,99.99999787987925,0.0,0.0038622966740285984
1156.0,578.0,0.0018164433249938652,7.745258534637652,99.99999825710651,0.0,0.004084503302838156
1156.5,578.25,0.0018156239515758432,7.745258534637652,99.99999825863718,0.0,0.004083152539504352
1157.0,578.5,0.0018148053170414164,7.745258534637652,99.99999826020371,0.0,0.004081741448975027
1157.5,578.75,0.0018139874203915846,7.745258534637652,99.99999826179811,0.0,0.004080272774714823
1158.0,579.0,0.0018131753655913374,7.745258534637652,99.99999817650794,0.0,0.00403685795208313
1158.5,579.25,0.001812358937124653,7.745258534637652,99.99999818276912,0.0,0.003931717586863948
1159.0,579.5,0.0018115432435625517,7.745258534637652,99.99999818455554,0.0,0.0039297435740035785
1159.5,579.75,0.0018107333751339071,7.745258534637652,99.99999912047853,0.0,0.0025116481817174284
1160.0,580.0,0.001809924230501158,7.745258534637652,99.99999912010253,0.0,0.0025123398240347555
1160.5,580.25,0.001809115808694431,7.745258534637652,99.99999911976923,0.0,0.0025129406128761122
1161.0,580.5,0.0018083030311539163,7.745258534637652,99.99999797058376,0.0,0.003976052167163773
1161.5,580.75,0.0018074909835950547,7.745258534637652,99.9999979736543,0.0,0.0039726820171853226
1162.0,581.0,0.001806679665034857,7.745258534637652,99.99999797705264,0.0,0.003968927118612329
1162.5,581.25,0.0018058690744920992,7.745258534637652,99.99999798076355,0.0,0.0039648210505136856
1163.0,581.5,0.001805059210987317,7.745258534637652,99.99999798470175,0.0,0.003960480564362125
1163.5,581.75,0.0018042551283990879,7.745258534637652,99.99999831264479,0.0,0.003675265680757076
1164.0,582.0,0.0018034467115101347,7.745258534637652,99.9999987869723,0.0,0.0032800654259701393
1164.5,582.25,0.0018026339729324992,7.745258534637652,99.99999897001419,0.0,0.0029711702422787986
1165.0,582.5,0.001801821966559975,7.745258534637652,99.9999989709522,0.0,0.002970363465447923
1165.5,582.75,0.00180101069140353,7.745258534637652,99.99999896913613,0.0,0.002973399497382244
1166.0,583.0,0.001800195114315185,7.745258534637652,99.99999866628644,0.0,0.003436032391317088
1166.5,583.25,0.0017993802755510602,7.745258534637652,99.99999866622417,0.0,0.0034365196986391004
1167.0,583.5,0.0017985661741090255,7.745258534637652,99.99999866616321,0.0,0.003436977422948697
1167.5,583.75,0.0017977528089887641,7.745258534637652,99.99999866617613,0.0,0.0034372835179100223
1168.0,584.0,0.0017969351652399076,7.745258534637652,99.99999863346403,0.0,0.003324966078415855
1168.5,584.25,0.001796123274299261,7.745258534637652,99.99999870708898,0.0,0.0031059215505236134
1169.0,584.5,0.0017953121166841366,7.745258534637652,99.999998708496,0.0,0.003103889494369996
1169.5,584.75,0.001794501691401439,7.745258534637652,99.99999870990982,0.0,0.0031018274592440618
1170.0,585.0,0.0017936919974598647,7.745258534637652,99.9999987113299,0.0,0.0030997568351666793
1170.5,585.25,0.0017928780425335259,7.745258534637652,99.9999988865404,0.0,0.003072401646562023
1171.0,585.5,0.0017920747996438113,7.745258534637652,99.99999902093333,0.0,0.002439484819678259
1171.5,585.75,0.0017912772585669781,7.745258534637652,99.99999899539085,0.0,0.002480005794869175
1172.0,586.0,0.0017904854050417177,7.745258534637652,99.99999886146918,0.0,0.0028315727541068946
1172.5,586.25,0.0017896942513019748,7.745258534637652,99.99999886324788,0.0,0.0028289879090648345
1173.0,586.5,0.0017889037964205258,7.745258534637652,99.99999886506016,0.0,0.002826361072120731
1173.5,586.75,0.0017881190043175855,7.745258534637652,99.99999803708391,0.0,0.0036248474240999215
1174.0,587.0,0.0017873349004892969,7.745258534637652,99.99999804194402,0.0,0.003620176238428232
1174.5,587.25,0.001786546527885661,7.745258534637652,99.99999858224788,0.0,0.003035311559189752
1175.0,587.5,0.0017857588504593337,7.745258534637652,99.99999858395985,0.0,0.003033611790172214
1175.5,587.75,0.0017849768147033308,7.745258534637652,99.99999858518798,0.0,0.003023116314560954
1176.0,588.0,0.001784195463599919,7.745258534637652,99.99999858770235,0.0,0.0030202058677166136
1176.5,588.25,0.0017834098574933677,7.745258534637652,99.99999898479157,0.0,0.0024836529690643277
1177.0,588.5,0.001782624942908945,7.745258534637652,99.9999989865066,0.0,0.002481550401884627
1177.5,588.75,0.0017818407189339944,7.745258534637652,99.99999898823553,0.0,0.0024794227363879057
1178.0,589.0,0.0017810571846574646,7.745258534637652,99.99999898996789,0.0,0.002477280208586922
1178.5,589.25,0.0017802743391699056,7.745258534637652,99.99999899169293,0.0,0.0024751361659100827
1179.0,589.5,0.0017794921815634662,7.745258534637652,99.99999899339078,0.0,0.0024730166998226492
1179.5,589.75,0.0017787107109318897,7.745258534637652,99.99999899504188,0.0,0.0024709489150831214
1180.0,590.0,0.0017779299263705106,7.745258534637652,99.99999899663719,0.0,0.0024689475995045805
1180.5,590.25,0.0017771547311225603,7.745258534637652,99.99999861138035,0.0,0.0029927683158387434
1181.0,590.5,0.0017763802115657798,7.745258534637652,99.99999861407733,0.0,0.002989624397763339
1181.5,590.75,0.0017756063668171152,7.745258534637652,99.99999861680412,0.0,0.002986451771381828
1182.0,591.0,0.0017748380873639244,7.745258534637652,99.99999869893655,0.0,0.0029434078396051
1182.5,591.25,0.0017740704724702279,7.745258534637652,99.99999870060168,0.0,0.002941585130429213
1183.0,591.5,0.0017733035212741351,7.745258534637652,99.99999870263832,0.0,0.0029392917409651665
1183.5,591.75,0.0017725372329152457,7.745258534637652,99.99999870947389,0.0,0.0029307098477435274
1184.0,592.0,0.0017745179226310187,7.745258534637652,99.99999799578875,0.0,0.0037224992452172534
1184.5,592.25,0.0017764968911304405,7.745258534637652,99.99999799892375,0.0,0.003720330434128731
1185.0,592.5,0.0017784741406561388,7.745258534637652,99.99999800202232,0.0,0.0037181899500909788
1185.5,592.75,0.0017804545654372004,7.745258534637652,99.9999983309326,0.0,0.003569754148749432
1186.0,593.0,0.001782433282341277,7.745258534637652,99.99999833406237,0.0,0.0035669717601529978
1186.5,593.25,0.0017844151922364214,7.745258534637652,99.99999867665609,0.0,0.0034454974247932002
1187.0,593.5,0.0017863905033175824,7.745258534637652,99.99999843933566,0.0,0.0035790227471556328
1187.5,593.75,0.0017883592078556147,7.745258534637652,99.99999889906694,0.0,0.0025510726445886612
1188.0,594.0,0.0017903262067566308,7.745258534637652,99.9999988921435,0.0,0.002559805789264753
1188.5,594.25,0.0017922915022362536,7.745258534637652,99.99999888606685,0.0,0.002567508676943266
1189.0,594.5,0.0017942550965062702,7.745258534637652,99.99999888086577,0.0,0.0025741214797315648
1189.5,594.75,0.0017962169917746405,7.745258534637652,99.99999887651538,0.0,0.0025796542927100184
1190.0,595.0,0.0017981771902455047,7.745258534637652,99.99999887293978,0.0,0.0025841863161545167
1190.5,595.25,0.001800135694119192,7.745258534637652,99.9999979019524,0.0,0.004030599904982435
1191.0,595.5,0.0018020925055922295,7.745258534637652,99.99999790391601,0.0,0.00402873141994823
1191.5,595.75,0.001804047626857349,7.745258534637652,99.99999790562345,0.0,0.004027110000846072
1192.0,596.0,0.0018060010601034966,7.745258534637652,99.99999790704635,0.0,0.004025761331987335
1192.5,596.25,0.0018079478699260707,7.745258534637652,99.99999868325807,0.0,0.002839504470714185
1193.0,596.5,0.0018071631360559075,7.745258534637652,99.99999868572054,0.0,0.002836174763977202
1193.5,596.75,0.0018063790831125384,7.745258534637652,99.99999868790508,0.0,0.0028332794719065223
1194.0,597.0,0.001805595710210071,7.745258534637652,99.99999868972476,0.0,0.0028309364957727796
1194.5,597.25,0.0018048080960092476,7.745258534637652,99.99999866162787,0.0,0.002627146765703569
1195.0,597.5,0.0018040211686351027,7.745258534637652,99.99999866555363,0.0,0.002622095488013339
1195.5,597.75,0.001803234927189623,7.745258534637652,99.9999986686798,0.0,0.0026180961165560373
1196.0,598.0,0.0018024493707763602,7.745258534637652,99.99999867099086,0.0,0.0026151597635900616
1196.5,598.25,0.0018016644985004273,7.745258534637652,99.99999867255211,0.0,0.0026131937103819774
1197.0,598.5,0.0018008803094684955,7.745258534637652,99.99999867350026,0.0,0.0026120135245338216
1197.5,598.75,0.0018000968027887905,7.745258534637652,99.99999867401861,0.0,0.002611374525047491
1198.0,599.0,0.0017993139775710893,7.745258534637652,99.9999986743182,0.0,0.002610997050868643
1198.5,599.25,0.0017985367192190765,7.745258534637652,99.99999838018432,0.0,0.002919207193355944
1199.0,599.5,0.001797755250015615,7.745258534637652,99.99999840728762,0.0,0.003022396238487751
1199.5,599.75,0.0017969744596182922,7.745258534637652,99.99999840609959,0.0,0.003023919175812196
1200.0,600.0,0.0017961992207425738,7.745258534637652,99.9999976785455,0.0,0.0036752475278296263
1200.5,600.25,0.0017954246504752994,7.745258534637652,99.99999767847676,0.0,0.00367624227729636
1201.0,600.5,0.0017946507479518752,7.745258534637652,99.99999767817286,0.0,0.0036774685211385405
1201.5,600.75,0.0017938775123091974,7.745258534637652,99.99999767758545,0.0,0.0036789580431393245
1202.0,601.0,0.0017931049426856487,7.745258534637652,99.99999767669814,0.0,0.0036807191861151873
1202.5,601.25,0.0017923378908894002,7.745258534637652,99.99999883490555,0.0,0.00318314750198042
1203.0,601.5,0.001791571495069119,7.745258534637652,99.99999883261586,0.0,0.003183191709976982
1203.5,601.75,0.0017908009100081966,7.745258534637652,99.99999872728999,0.0,0.0037322640458606394
1204.0,602.0,0.0017900358277563712,7.745258534637652,99.99999935625674,0.0,0.0025142214527222283
1204.5,602.25,0.0017892713989561683,7.745258534637652,99.99999936438702,0.0,0.0024730835329292316
1205.0,602.5,0.001788507622770782,7.745258534637652,99.99999937232568,0.0,0.002432050576823852
1205.5,602.75,0.001787749326218343,7.745258534637652,99.99999940629665,0.0,0.0024051142825098526
1206.0,603.0,0.001786991672402856,7.745258534637652,99.9999994128403,0.0,0.002369135586964962
1206.5,603.25,0.001786234660507485,7.745258534637652,99.99999941843225,0.0,0.002337491576386398
1207.0,603.5,0.0017854782897167778,7.745258534637652,99.99999942303191,0.0,0.0023106171660820995
1207.5,603.75,0.001784722559216663,7.745258534637652,99.99999942670263,0.0,0.0022883905745192186
1208.0,604.0,0.0017839722756695286,7.745258534637652,99.99999914822374,0.0,0.0024211713636698596
1208.5,604.25,0.0017832226226841001,7.745258534637652,99.99999914895662,0.0,0.002420383459508195
1209.0,604.5,0.0017824688000646213,7.745258534637652,99.99999914386589,0.0,0.002492337292285
1209.5,604.75,0.0017817156145034881,7.745258534637652,99.99999914403689,0.0,0.0024921635431441715
1210.0,605.0,0.0017809630651934713,7.745258534637652,99.99999914424139,0.0,0.0024919212485105978
1210.5,605.25,0.0017802111513287044,7.745258534637652,99.99999914448468,0.0,0.002491624327062717
1211.0,605.5,0.0017794598721046816,7.745258534637652,99.99999914476739,0.0,0.002491287139140965
1211.5,605.75,0.0017787092267182547,7.745258534637652,99.99999914508773,0.0,0.0024909206404102723
1212.0,606.0,0.0017779592143676293,7.745258534637652,99.99999914543832,0.0,0.002490535797923347
1212.5,606.25,0.0017772002920836735,7.745258534637652,99.99999784882297,0.0,0.0041937683715307485
1213.0,606.5,0.001776442017415572,7.745258534637652,99.99999784916099,0.0,0.004193633437926857
1213.5,606.75,0.0017756843895347279,7.745258534637652,99.99999784944646,0.0,0.004193532984239028
1214.0,607.0,0.001774927407613956,7.745258534637652,99.99999784964122,0.0,0.004193470778486303
1214.5,607.25,0.001774171070827482,7.745258534637652,99.99999784971514,0.0,0.004193442854821598
1215.0,607.5,0.0017734106276051992,7.745258534637652,99.99999836484524,0.0,0.003387207146197593
1215.5,607.75,0.0017726460893338653,7.745258534637652,99.9999989867983,0.0,0.002874115822718714
1216.0,608.0,0.0017718869525418014,7.745258534637652,99.99999868749703,0.0,0.0031222081152477953
1216.5,608.25,0.0017711284656730154,7.745258534637652,99.99999868704631,0.0,0.003123419212187009
1217.0,608.5,0.0017703706278932323,7.745258534637652,99.99999868646873,0.0,0.0031246646073602746
1217.5,608.75,0.0017696134383696034,7.745258534637652,99.99999868578803,0.0,0.003125930019653011
1218.0,609.0,0.0017688568962707046,7.745258534637652,99.9999986850391,0.0,0.003127206406654226
1218.5,609.25,0.0017681057231071654,7.745258534637652,99.99999922713947,0.0,0.003507839447426804
1219.0,609.5,0.0017673551876680256,7.745258534637652,99.99999922811382,0.0,0.0035059169475756546
1219.5,609.75,0.001766600574812332,7.745258534637652,99.99999886805874,0.0,0.0030179316980088145
1220.0,610.0,0.0017658466060801673,7.745258534637652,99.99999886987911,0.0,0.0030122540302076574
1220.5,610.25,0.0017650932806471654,7.745258534637652,99.99999887230273,0.0,0.003004211350119236
1221.0,610.5,0.0017643405976903663,7.745258534637652,99.99999887525647,0.0,0.0029940283212591423
1221.5,610.75,0.0017635838581460525,7.745258534637652,99.99999921752179,0.0,0.0036442896102087795
1222.0,611.0,0.0017628324616810285,7.745258534637652,99.99999930280939,0.0,0.003299063906369375
1222.5,611.25,0.0017620817052266219,7.745258534637652,99.99999842180779,0.0,0.004554944030286947
1223.0,611.5,0.0017613315879654759,7.745258534637652,99.99999843862462,0.0,0.004510368586289184
1223.5,611.75,0.0017605821090816251,7.745258534637652,99.99999845541771,0.0,0.004465413084164145
1224.0,612.0,0.0017598332677604925,7.745258534637652,99.9999984715625,0.0,0.00442168079347185
1224.5,612.25,0.0017590850631888865,7.745258534637652,99.99999848652149,0.0,0.004380613776444979
1225.0,612.5,0.0017583421648857476,7.745258534637652,99.99999871976853,0.0,0.004939517753304302
1225.5,612.75,0.0017575952274121137,7.745258534637652,99.99999809808322,0.0,0.006275538942837695
1226.0,613.0,0.0017568535866882514,7.745258534637652,99.99999845609237,0.0,0.006064967217675021
1226.5,613.25,0.0017561125715907673,7.745258534637652,99.99999845742195,0.0,0.006062389116947244
1227.0,613.5,0.0017553675267614,7.745258534637652,99.9999988492668,0.0,0.005123036453938798
1227.5,613.75,0.0017546231138464148,7.745258534637652,99.99999885104424,0.0,0.0051195572748322345
1228.0,614.0,0.0017538839787202476,7.745258534637652,99.99999904167173,0.0,0.002472892337811874
1228.5,614.25,0.0017531501088436095,7.745258534637652,99.99999770360036,0.0,0.004369262490574427
1229.0,614.5,0.0017524214917818844,7.745258534637652,99.99999763729069,0.0,0.004535571610106804
1229.5,614.75,0.0017516934801016088,7.745258534637652,99.99999763843839,0.0,0.004534057535155636
1230.0,615.0,0.0017509614418188839,7.745258534637652,99.99999817791397,0.0,0.0047967383921997744
1230.5,615.25,0.0017502300151228333,7.745258534637652,99.99999817290069,0.0,0.004802845650766668
1231.0,615.5,0.001749508446267363,7.745258534637652,99.99999844321678,0.0,0.004694664842168027
1231.5,615.75,0.0017487874721303508,7.745258534637652,99.99999844634009,0.0,0.004690015025649552
1232.0,616.0,0.0017480670919768474,7.745258534637652,99.99999844940383,0.0,0.004685512830630403
1232.5,616.25,0.0017473473050731141,7.745258534637652,99.99999845255417,0.0,0.004680982617080765
1233.0,616.5,0.00174662811068662,7.745258534637652,99.99999845596577,0.0,0.0046761639470860854
1233.5,616.75,0.0017459141126299216,7.745258534637652,99.99999816005429,0.0,0.005560530894395786
1234.0,617.0,0.0017452006980802793,7.745258534637652,99.999998162567,0.0,0.0055582783790098155
1234.5,617.25,0.0017444878663226881,7.745258534637652,99.99999816546273,0.0,0.005555516076654131
1235.0,617.5,0.001743775616643311,7.745258534637652,99.99999816865738,0.0,0.0055523400472911886
1235.5,617.75,0.0017430685378761947,7.745258534637652,99.99999844916582,0.0,0.005043680206946025
1236.0,618.0,0.0017423620322994967,7.745258534637652,99.99999845581289,0.0,0.005030133229994938
1236.5,618.25,0.0017416560992165179,7.745258534637652,99.99999846253644,0.0,0.005016449496913829
1237.0,618.5,0.0017409507379316873,7.745258534637652,99.99999846913458,0.0,0.0050030405983054515
1237.5,618.75,0.001740241373055701,7.745258534637652,99.99999862918473,0.0,0.004849574039173709
1238.0,619.0,0.001739528015072406,7.745258534637652,99.9999980677319,0.0,0.005673487387301511
1238.5,619.25,0.0017388061073594576,7.745258534637652,99.99999811733892,0.0,0.00554627631497721
1239.0,619.5,0.0017380847985843273,7.745258534637652,99.99999811886832,0.0,0.005546316233927964
1239.5,619.75,0.0017373640880019527,7.745258534637652,99.99999811962633,0.0,0.005547036719007917
1240.0,620.0,0.0017366439748685055,7.745258534637652,99.99999811953268,0.0,0.0055485104667800395
1240.5,620.25,0.001735929010468019,7.745258534637652,99.99999831636912,0.0,0.0056989908092344044
1241.0,620.5,0.0017352191828218543,7.745258534637652,99.99999860270921,0.0,0.0052045261926090556
1241.5,620.75,0.001734509935440597,7.745258534637652,99.99999859469337,0.0,0.0052195999865457835
1242.0,621.0,0.0017338012676130113,7.745258534637652,99.99999858429891,0.0,0.005239304366366492
1242.5,621.25,0.001733093178629024,7.745258534637652,99.99999857292534,0.0,0.005260667897222275
1243.0,621.5,0.0017323992683099163,7.745258534637652,99.99999857330863,0.0,0.0038368300684512176
1243.5,621.75,0.0017317013835300027,7.745258534637652,99.99999817695267,0.0,0.004295567068389452
1244.0,622.0,0.0017310040607995565,7.745258534637652,99.99999817602605,0.0,0.004295798710434356
1244.5,622.25,0.0017303118220549413,7.745258534637652,99.99999834152695,0.0,0.004114070658248839
1245.0,622.5,0.0017296201367497251,7.745258534637652,99.99999834063317,0.0,0.004114143105998398
1245.5,622.75,0.0017289335196333199,7.745258534637652,99.99999832087057,0.0,0.004196398459281994
1246.0,623.0,0.0017282474474411757,7.745258534637652,99.99999832050432,0.0,0.004195130694385051
1246.5,623.25,0.0017275483948413631,7.745258534637652,99.99999855621488,0.0,0.00479242882660109
1247.0,623.5,0.0017268499075274483,7.745258534637652,99.99999856296792,0.0,0.004780908917660805
1247.5,623.75,0.0017261564857331342,7.745258534637652,99.99999863579328,0.0,0.0038772520754187414
1248.0,624.0,0.0017254636206065186,7.745258534637652,99.99999863847333,0.0,0.0038709241048013165
1248.5,624.25,0.0017247713114775453,7.745258534637652,99.9999986408724,0.0,0.0038654060639578135
1249.0,624.5,0.0017240795576772324,7.745258534637652,99.99999864285994,0.0,0.003861029977194642
1249.5,624.75,0.001723388358537671,7.745258534637652,99.9999986443429,0.0,0.003858025818879507
1250.0,625.0,0.001722697713392023,7.745258534637652,99.99999864526768,0.0,0.0038565144756977205
1250.5,625.25,0.0017220031422655526,7.745258534637652,99.99999846818937,0.0,0.004832164151053213
1251.0,625.5,0.0017213091309989054,7.745258534637652,99.99999846807054,0.0,0.004832103303284668
1251.5,625.75,0.0017206112068450176,7.745258534637652,99.99999782912306,0.0,0.00546542934024995
1252.0,626.0,0.0017199138484241484,7.745258534637652,99.99999782865595,0.0,0.0054656190230998256
1252.5,626.25,0.0017192170550487068,7.745258534637652,99.99999782814561,0.0,0.005465830438930882
1253.0,626.5,0.001718525287242935,7.745258534637652,99.9999978990412,0.0,0.005494295866064725
1253.5,626.75,0.0017178340759116588,7.745258534637652,99.99999789935765,0.0,0.005493731012968833
1254.0,627.0,0.0017171434203836855,7.745258534637652,99.99999790004975,0.0,0.005492887171902612
1254.5,627.25,0.0017164533199889027,7.745258534637652,99.9999979034031,0.0,0.00548749484791804
1255.0,627.5,0.0017157637740582738,7.745258534637652,99.99999790268942,0.0,0.005490375010707081
1255.5,627.75,0.001715079225260889,7.745258534637652,99.9999984886923,0.0,0.00481124862112487
1256.0,628.0,0.0017143996622995226,7.745258534637652,99.99999811550325,0.0,0.0045770248061325946
1256.5,628.25,0.0017137162013487102,7.745258534637652,99.99999815606029,0.0,0.004430588062455299
1257.0,628.5,0.0017130332851165355,7.745258534637652,99.99999815730774,0.0,0.004429429022708012
1257.5,628.75,0.0017123464837404683,7.745258534637652,99.99999809354772,0.0,0.004891772493448873
1258.0,629.0,0.001711660232858188,7.745258534637652,99.99999809117077,0.0,0.004898739507803033
1258.5,629.25,0.0017109701097140198,7.745258534637652,99.99999794926187,0.0,0.005671925968076239
1259.0,629.5,0.0017102761243386244,7.745258534637652,99.99999845674013,0.0,0.0047429202118252035
1259.5,629.75,0.0017095915315822501,7.745258534637652,99.99999829143131,0.0,0.005461677092811908
1260.0,630.0,0.0017089074866669077,7.745258534637652,99.9999982869418,0.0,0.005468473174188465
1260.5,630.25,0.0017082239889352501,7.745258534637652,99.99999828294587,0.0,0.005474557989403027
1261.0,630.5,0.0017075410377309823,7.745258534637652,99.99999827926612,0.0,0.00548019422629939
1261.5,630.75,0.0017068586323988582,7.745258534637652,99.99999827561552,0.0,0.0054858007367802036
1262.0,631.0,0.0017061723749558638,7.745258534637652,99.9999985959517,0.0,0.004365662367025278
1262.5,631.25,0.001705482275350371,7.745258534637652,99.99999830757174,0.0,0.004628440666300164
1263.0,631.5,0.001704792733771635,7.745258534637652,99.99999830579648,0.0,0.004628592894792158
1263.5,631.75,0.001704099362893365,7.745258534637652,99.9999984631874,0.0,0.004241955248743037
1264.0,632.0,0.0017034109388830564,7.745258534637652,99.99999862982769,0.0,0.003942983974679737
1264.5,632.25,0.001702727450435713,7.745258534637652,99.99999784577636,0.0,0.004440444740954126
1265.0,632.5,0.001702048886340672,7.745258534637652,99.99999916883299,0.0,0.002128483891698346
1265.5,632.75,0.0017013752354811268,7.745258534637652,99.9999990515107,0.0,0.0023782479930787334
1266.0,633.0,0.0017007021176567304,7.745258534637652,99.99999905254064,0.0,0.0023767532777953077
1266.5,633.25,0.0017000295322350766,7.745258534637652,99.99999905352351,0.0,0.002375326324483807
1267.0,633.5,0.0016993574785847587,7.745258534637652,99.9999990544302,0.0,0.0023740121573565267
1267.5,633.75,0.0016986815972738984,7.745258534637652,99.9999979314887,0.0,0.00439655117761362
1268.0,634.0,0.0016980062533825464,7.745258534637652,99.99999793236934,0.0,0.00439319050252976
1268.5,634.25,0.001697331446269973,7.745258534637652,99.9999979331524,0.0,0.0043900104663353685
1269.0,634.5,0.0016966571752964664,7.745258534637652,99.99999793384548,0.0,0.004387064032097326
1269.5,634.75,0.0016959877847888853,7.745258534637652,99.99999799278092,0.0,0.004371778042113693
1270.0,635.0,0.001695318922268859,7.745258534637652,99.99999799148351,0.0,0.004371338208889434
1270.5,635.25,0.001694650587111952,7.745258534637652,99.99999799026791,0.0,0.00437102898212312
1271.0,635.5,0.0016939784439963562,7.745258534637652,99.99999793604132,0.0,0.004377951888285215
1271.5,635.75,0.0016933068338487432,7.745258534637652,99.9999979365786,0.0,0.004376186154412761
1272.0,636.0,0.0016926357560354483,7.745258534637652,99.9999979371663,0.0,0.004374496348526271
1272.5,636.25,0.0016919652099238105,7.745258534637652,99.99999793782021,0.0,0.004372813738193654
1273.0,636.5,0.0016912995158591265,7.745258534637652,99.99999818802738,0.0,0.004039783961059841
1273.5,636.75,0.0016906386630163855,7.745258534637652,99.99999777326416,0.0,0.0047563552487679605
1274.0,637.0,0.0016899783264108894,7.745258534637652,99.99999776847953,0.0,0.004761815594606376
1274.5,637.25,0.0016893185054379725,7.745258534637652,99.9999977639733,0.0,0.00476680026799777
1275.0,637.5,0.0016886591994939124,7.745258534637652,99.99999775979018,0.0,0.00477123297609995
1275.5,637.75,0.0016880004079759293,7.745258534637652,99.99999820675919,0.0,0.005340635720066257
1276.0,638.0,0.0016873421302821838,7.745258534637652,99.999998222241,0.0,0.005309705637240769
1276.5,638.25,0.0016866843658117742,7.745258534637652,99.99999823799709,0.0,0.005278079621224534
1277.0,638.5,0.0016860228198859006,7.745258534637652,99.99999863147386,0.0,0.0041520950707758285
1277.5,638.75,0.0016853617926954078,7.745258534637652,99.99999863460965,0.0,0.004149909589831453
1278.0,639.0,0.0016847055709803102,7.745258534637652,99.99999815997268,0.0,0.0036529119809601317
1278.5,639.25,0.001684049860086492,7.745258534637652,99.99999815947864,0.0,0.00365328241034888
1279.0,639.5,0.0016833946594177285,7.745258534637652,99.99999815899416,0.0,0.0036536659132105
1279.5,639.75,0.0016827399683787233,7.745258534637652,99.99999815853377,0.0,0.003654050251800381
1280.0,640.0,0.001682085786375105,7.745258534637652,99.99999815810784,0.0,0.003654421724559087
1280.5,640.25,0.0016814278421083378,7.745258534637652,99.99999930285323,0.0,0.0021507095913123196
1281.0,640.5,0.0016807661450028944,7.745258534637652,99.99999871004906,0.0,0.003112742460937628
1281.5,640.75,0.001680104968491687,7.745258534637652,99.9999987109106,0.0,0.003111359349933188
1282.0,641.0,0.001681981236903125,7.745258534637652,99.99999871158892,0.0,0.0031102428528499383
1282.5,641.25,0.0016838560303094085,7.745258534637652,99.99999871215282,0.0,0.003109290938863143
1283.0,641.5,0.0016857293504491898,7.745258534637652,99.999998712693,0.0,0.0031083707632779604
1283.5,641.75,0.0016876011990583895,7.745258534637652,99.9999987133114,0.0,0.003107334869693273
1284.0,642.0,0.001689471577870202,7.745258534637652,99.99999871410445,0.0,0.0031060442300052176
1284.5,642.25,0.001691340488615101,7.745258534637652,99.99999871515344,0.0,0.0031043836467498104
1285.0,642.5,0.0016932122184623406,7.745258534637652,99.99999820081621,0.0,0.003969660101835839
1285.5,642.75,0.001695073912812482,7.745258534637652,99.99999857823782,0.0,0.0033023744008108375
1286.0,643.0,0.001696938429712355,7.745258534637652,99.99999843581875,0.0,0.003385367092853521
1286.5,643.25,0.0016988014854401085,7.745258534637652,99.99999843458191,0.0,0.003386602564340281
1287.0,643.5,0.0017006630817126916,7.745258534637652,99.99999843347982,0.0,0.0033877309835114483
1287.5,643.75,0.0017025189196835436,7.745258534637652,99.9999985680292,0.0,0.0032511132335188804
1288.0,644.0,0.0017043732956267045,7.745258534637652,99.99999856800899,0.0,0.0032511393977332583
1288.5,644.25,0.0017062262112691698,7.745258534637652,99.99999856815113,0.0,0.003250995947215942
1289.0,644.5,0.0017080776683352171,7.745258534637652,99.99999856842963,0.0,0.003250700292391837
1289.5,644.75,0.0017099233560902778,7.745258534637652,99.99999822039982,0.0,0.0036080334071271407
1290.0,645.0,0.001711771898201253,7.745258534637652,99.99999810849887,0.0,0.0037232855527717205
1290.5,645.25,0.0017136189868983747,7.745258534637652,99.99999810824905,0.0,0.003723769428446069
1291.0,645.5,0.0017154603025860374,7.745258534637652,99.99999881425185,0.0,0.002668712053549764
1291.5,645.75,0.0017173001624132852,7.745258534637652,99.99999881610965,0.0,0.002666948566860196
1292.0,646.0,0.001719138568106078,7.745258534637652,99.9999988178588,0.0,0.0026652854458838445
1292.5,646.25,0.0017209755213876497,7.745258534637652,99.99999827934515,0.0,0.003449292856305069
1293.0,646.5,0.0017228066910290815,7.745258534637652,99.99999849284318,0.0,0.0031390014061941406
1293.5,646.75,0.0017246364059180673,7.745258534637652,99.99999849590839,0.0,0.003135392414491413
1294.0,647.0,0.0017264646677874866,7.745258534637652,99.9999984984497,0.0,0.0031323342315947105
1294.5,647.25,0.0017282958199356913,7.745258534637652,99.99999846188055,0.0,0.0030519495235064426
1295.0,647.5,0.001730129872738778,7.745258534637652,99.99999875928943,0.0,0.002753753531179528
1295.5,647.75,0.0017319624892066106,7.745258534637652,99.99999876040869,0.0,0.002751795965202671
1296.0,648.0,0.0017337893207610608,7.745258534637652,99.99999866776172,0.0,0.0029139204380043524
1296.5,648.25,0.0017356147135984912,7.745258534637652,99.99999866512465,0.0,0.002915868768274897
1297.0,648.5,0.0017374473814185895,7.745258534637652,99.99999839565716,0.0,0.0032845218228551667
1297.5,648.75,0.0017392829843489593,7.745258534637652,99.99999862532596,0.0,0.0030279990217531734
1298.0,649.0,0.0017386119663601132,7.745258534637652,99.99999862511673,0.0,0.003028443801269787
1298.5,649.25,0.0017379414659310884,7.745258534637652,99.99999862441143,0.0,0.0030294937867932975
1299.0,649.5,0.001737271482463321,7.745258534637652,99.99999862328302,0.0,0.0030310541450351345
1299.5,649.75,0.0017366063608838175,7.745258534637652,99.99999843864731,0.0,0.0032329615497123303
1300.0,650.0,0.001735941748398506,7.745258534637652,99.99999843631741,0.0,0.003235605359783919
1300.5,650.25,0.0017352776444231077,7.745258534637652,99.99999843388827,0.0,0.003238355294027996
1301.0,650.5,0.0017346140483742367,7.745258534637652,99.99999843142218,0.0,0.003241148827073139
1301.5,650.75,0.0017339552919366083,7.745258534637652,99.99999793440124,0.0,0.0038804948415455793
1302.0,651.0,0.0017332970356624617,7.745258534637652,99.9999979312492,0.0,0.0038838452786252456
1302.5,651.25,0.0017326392789823865,7.745258534637652,99.99999792821615,0.0,0.0038871059289910634
1303.0,651.5,0.0017319820213278362,7.745258534637652,99.99999792532294,0.0,0.003890254769923039
1303.5,651.75,0.0017313295812876701,7.745258534637652,99.99999866219503,0.0,0.003115712554999308
1304.0,652.0,0.0017306776326125501,7.745258534637652,99.99999864372919,0.0,0.0031281553327285475
1304.5,652.25,0.0017300261747476007,7.745258534637652,99.99999864176435,0.0,0.0031305266042935902
1305.0,652.5,0.0017293752071387812,7.745258534637652,99.99999863989501,0.0,0.0031327803629635385
1305.5,652.75,0.0017287247292328846,7.745258534637652,99.99999863807241,0.0,0.003134963884168937
1306.0,653.0,0.0017280704375454428,7.745258534637652,99.9999987097028,0.0,0.003014485139551521
1306.5,653.25,0.001727416640946246,7.745258534637652,99.99999870694857,0.0,0.0030174170611593338
1307.0,653.5,0.0017267590424698128,7.745258534637652,99.99999899946168,0.0,0.0025471412191456263
1307.5,653.75,0.0017261019444762252,7.745258534637652,99.99999899689836,0.0,0.0025504899655727814
1308.0,654.0,0.0017254453463943413,7.745258534637652,99.99999899419164,0.0,0.0025540023801053384
1308.5,654.25,0.001724789247653889,7.745258534637652,99.99999899138581,0.0,0.002557621780750213
1309.0,654.5,0.0017241293643577246,7.745258534637652,99.99999854068872,0.0,0.0033830882401772434
1309.5,654.75,0.0017234657057641732,7.745258534637652,99.99999886913564,0.0,0.0030307716255386138
1310.0,655.0,0.0017228025578901378,7.745258534637652,99.99999897319354,0.0,0.0029117745541429665
1310.5,655.25,0.0017221399201463074,7.745258534637652,99.99999881432001,0.0,0.0030965784933024306
1311.0,655.5,0.0017214777919442776,7.745258534637652,99.99999875442862,0.0,0.003169977345034258
1311.5,655.75,0.0017208161726965487,7.745258534637652,99.99999873671425,0.0,0.003192213592049516
1312.0,656.0,0.0017201550618165234,7.745258534637652,99.99999873084849,0.0,0.0031997762367704657
1312.5,656.25,0.001719502979398174,7.745258534637652,99.99999799134662,0.0,0.004101284555824322
1313.0,656.5,0.0017188513911798652,7.745258534637652,99.99999799172858,0.0,0.004100900989256646
1313.5,656.75,0.0017182002965999935,7.745258534637652,99.99999799238483,0.0,0.0041002499892517285
1314.0,657.0,0.0017175496950978062,7.745258534637652,99.99999799330918,0.0,0.0040993527097018855
1314.5,657.25,0.0017168995861133994,7.745258534637652,99.99999799447,0.0,0.0040982518189357315
1315.0,657.5,0.0017162499690877167,7.745258534637652,99.99999799581391,0.0,0.004097007287393033
1315.5,657.75,0.0017156008434625473,7.745258534637652,99.99999799727672,0.0,0.004095684107728045
1316.0,658.0,0.0017149479708508267,7.745258534637652,99.99999868439538,0.0,0.0032809903035982326
1316.5,658.25,0.0017142955949519677,7.745258534637652,99.9999986845448,0.0,0.003280891980841402
1317.0,658.5,0.0017136437151993283,7.745258534637652,99.99999868467894,0.0,0.0032808162183945496
1317.5,658.75,0.0017129923310271289,7.745258534637652,99.99999868478582,0.0,0.00328076928640246
1318.0,659.0,0.0017123414418704493,7.745258534637652,99.99999868486019,0.0,0.0032807501071251493
1318.5,659.25,0.0017116910471652274,7.745258534637652,99.99999868490224,0.0,0.0032807525099570693
1319.0,659.5,0.0017110411463482585,7.745258534637652,99.99999868491707,0.0,0.0032807661554261954
1319.5,659.75,0.0017103959541988495,7.745258534637652,99.99999827856755,0.0,0.003938930288953581
1320.0,660.0,0.0017097512484386818,7.745258534637652,99.99999827653927,0.0,0.003941457398202339
1320.5,660.25,0.001709107028517953,7.745258534637652,99.99999827475284,0.0,0.003943651995526122
1321.0,660.5,0.0017084674997292055,7.745258534637652,99.99999768647454,0.0,0.004459873490335981
1321.5,660.75,0.0017078284493705152,7.745258534637652,99.99999768682201,0.0,0.004459278964054448
1322.0,661.0,0.001707189876905214,7.745258534637652,99.99999768763811,0.0,0.004458230027618709
1322.5,661.25,0.0017065559782328047,7.745258534637652,99.99999887727087,0.0,0.002789008356107837
1323.0,661.5,0.0017059225501329833,7.745258534637652,99.99999883817381,0.0,0.002850165925453946
1323.5,661.75,0.0017052895920819523,7.745258534637652,99.99999882741719,0.0,0.0028670636815236747
1324.0,662.0,0.0017046571035566908,7.745258534637652,99.99999882266238,0.0,0.0028745818803240122
1324.5,662.25,0.0017040250840349546,7.745258534637652,99.99999881984144,0.0,0.00287912709554075
1325.0,662.5,0.0017033935329952728,7.745258534637652,99.99999881774949,0.0,0.002882586652160593
1325.5,662.75,0.001702758272117456,7.745258534637652,99.99999889340853,0.0,0.002775414513047533
1326.0,663.0,0.001702123484889362,7.745258534637652,99.99999889443002,0.0,0.0027743447543066555
1326.5,663.25,0.0017014891707814591,7.745258534637652,99.99999891138268,0.0,0.002719486125625188
1327.0,663.5,0.001700855329265005,7.745258534637652,99.99999881807882,0.0,0.00345711112833896
1327.5,663.75,0.0017002177944696374,7.745258534637652,99.99999879784603,0.0,0.0037625754597360576
1328.0,664.0,0.0016995807374319187,7.745258534637652,99.99999879819882,0.0,0.0037607997589048764
1328.5,664.25,0.0016989441576150154,7.745258534637652,99.99999879880899,0.0,0.003758676714424578
1329.0,664.5,0.001698299742563209,7.745258534637652,99.99999835866076,0.0,0.003928513989398244
1329.5,664.75,0.0016976599689822358,7.745258534637652,99.99999858583605,0.0,0.0038232820370594565
1330.0,665.0,0.0016970206772432951,7.745258534637652,99.9999985886488,0.0,0.003819414163293387
1330.5,665.25,0.0016963818668022468,7.745258534637652,99.99999859239826,0.0,0.0038142950758435746
1331.0,665.5,0.0016957435371157698,7.745258534637652,99.99999859742796,0.0,0.003807445923612891
1331.5,665.75,0.0016951056876413607,7.745258534637652,99.99999860421809,0.0,0.0037982024442473326
1332.0,666.0,0.0016944600434602144,7.745258534637652,99.99999831803085,0.0,0.00386890313772477
1332.5,666.25,0.0016938148909271073,7.745258534637652,99.99999832907024,0.0,0.0038525149611724047
1333.0,666.5,0.0016931702294806798,7.745258534637652,99.99999908471325,0.0,0.0026591323118532705
1333.5,666.75,0.0016925219308407248,7.745258534637652,99.99999909162692,0.0,0.0026822972563052537
1334.0,667.0,0.0016918741284654166,7.745258534637652,99.99999818269416,0.0,0.004833543858388025
1334.5,667.25,0.0016912227004001422,7.745258534637652,99.99999828855401,0.0,0.004603896681498756
1335.0,667.5,0.001690571773784932,7.745258534637652,99.99999828684064,0.0,0.004606396316176141
1335.5,667.75,0.0016899213480410062,7.745258534637652,99.99999828502933,0.0,0.0046089948199344215
1336.0,668.0,0.0016892714225904759,7.745258534637652,99.99999828318576,0.0,0.004611633681948206
1336.5,668.25,0.0016886261055756293,7.745258534637652,99.99999824771788,0.0,0.004625381336299463
1337.0,668.5,0.0016879771758244698,7.745258534637652,99.99999883771488,0.0,0.0037327968388553485
1337.5,668.75,0.0016873246422336873,7.745258534637652,99.99999893803417,0.0,0.0036684855185210776
1338.0,669.0,0.0016866726129572426,7.745258534637652,99.99999893942618,0.0,0.003666133410619379
1338.5,669.25,0.001686025183482784,7.745258534637652,99.9999988405537,0.0,0.0037291770062752223
1339.0,669.5,0.0016853741579200443,7.745258534637652,99.99999924253164,0.0,0.00233382368011894
1339.5,669.75,0.0016847277246950982,7.745258534637652,99.99999891976876,0.0,0.002621345570514303
1340.0,670.0,0.0016840817871650643,7.745258534637652,99.99999891478936,0.0,0.0026279514778010304
1340.5,670.25,0.0016834322612570437,7.745258534637652,99.99999884867725,0.0,0.0029761357068221403
1341.0,670.5,0.0016827832361812943,7.745258534637652,99.99999884958454,0.0,0.0029747363429072507
1341.5,670.75,0.0016821347113587723,7.745258534637652,99.99999885044876,0.0,0.0029733404346096357
1342.0,671.0,0.001681482612161432,7.745258534637652,99.99999914179723,0.0,0.0024747811088109226
1342.5,671.25,0.0016808310183559342,7.745258534637652,99.9999991429589,0.0,0.0024729149161955687
1343.0,671.5,0.0016801799293549708,7.745258534637652,99.99999914405525,0.0,0.00247114270508302
1343.5,671.75,0.0016795334091624114,7.745258534637652,99.99999845885615,0.0,0.003809394226014924
1344.0,672.0,0.001678887386330373,7.745258534637652,99.99999845981328,0.0,0.0038083780019824965
1344.5,672.25,0.0016782378019437572,7.745258534637652,99.9999983429752,0.0,0.0042473377568903814
1345.0,672.5,0.001677588720028814,7.745258534637652,99.99999834363842,0.0,0.004246359935549943
1345.5,672.75,0.0016769401400027546,7.745258534637652,99.99999834453615,0.0,0.004245070203419479
1346.0,673.0,0.0016762839634695697,7.745258534637652,99.99999856264708,0.0,0.004018280237860823
1346.5,673.25,0.0016756283002513442,7.745258534637652,99.99999856355572,0.0,0.004016609947164215
1347.0,673.5,0.001674969107198023,7.745258534637652,99.999998699382,0.0,0.003821754275380835
1347.5,673.75,0.0016743104325945297,7.745258534637652,99.99999870029293,0.0,0.003820356624976704
1348.0,674.0,0.0016736522758294707,7.745258534637652,99.99999870124357,0.0,0.003818892519154645
1348.5,674.25,0.0016729946362924126,7.745258534637652,99.99999870223385,0.0,0.0038173646937098835
1349.0,674.5,0.001672345573103671,7.745258534637652,99.99999874632276,0.0,0.0037201131415472285
1349.5,674.75,0.0016716970133470795,7.745258534637652,99.99999874433932,0.0,0.0037228577349316273
1350.0,675.0,0.0016710489564371502,7.745258534637652,99.99999874237514,0.0,0.0037255540361976485
1350.5,675.25,0.0016704014017893032,7.745258534637652,99.99999874048177,0.0,0.0037281428380680705
1351.0,675.5,0.001669754348819864,7.745258534637652,99.9999987387115,0.0,0.003730564850049412
1351.5,675.75,0.0016691118112508719,7.745258534637652,99.99999853037038,0.0,0.003992813711522416
1352.0,676.0,0.0016684697680009616,7.745258534637652,99.99999853086283,0.0,0.003992306441835623
1352.5,676.25,0.001667828218499916,7.745258534637652,99.99999853130615,0.0,0.003991849949101837
1353.0,676.5,0.0016671871621783939,7.745258534637652,99.99999853169001,0.0,0.0039914611702513095
1353.5,676.75,0.0016665465984679298,7.745258534637652,99.99999853200474,0.0,0.003991154255272646
1354.0,677.0,0.0016659025278990664,7.745258534637652,99.99999873257825,0.0,0.003739493644600268
1354.5,677.25,0.001665258954966023,7.745258534637652,99.99999873234555,0.0,0.0037400264327801854
1355.0,677.5,0.0016646238645658185,7.745258534637652,99.99999849189652,0.0,0.0041342086357614456
1355.5,677.75,0.0016639892583978709,7.745258534637652,99.99999849162734,0.0,0.004134574910270983
1356.0,678.0,0.001663351149246219,7.745258534637652,99.99999861277034,0.0,0.003614507139413156
1356.5,678.25,0.0016627135293131123,7.745258534637652,99.99999861288977,0.0,0.003614203166657577
1357.0,678.5,0.0016620803785902972,7.745258534637652,99.99999907403374,0.0,0.0028226425302052788
1357.5,678.75,0.0016614516874268327,7.745258534637652,99.99999913774023,0.0,0.0026642972414682967
1358.0,679.0,0.0016608194971593764,7.745258534637652,99.99999894880197,0.0,0.0029853454860460094
1358.5,679.25,0.0016601877878117339,7.745258534637652,99.99999895007446,0.0,0.0029832545378912396
1359.0,679.5,0.0016595486219050852,7.745258534637652,99.9999993113987,0.0,0.002388869265566922
1359.5,679.75,0.0016589139133635794,7.745258534637652,99.99999927858087,0.0,0.0025347002519785647
1360.0,680.0,0.0016582796901358642,7.745258534637652,99.99999927689,0.0,0.0025369091627553348
1360.5,680.25,0.0016576419923232544,7.745258534637652,99.99999907081792,0.0,0.0024480169945305047
1361.0,680.5,0.0016570047847803873,7.745258534637652,99.99999907192111,0.0,0.002446740893429556
1361.5,680.75,0.0016563680669420915,7.745258534637652,99.99999907249617,0.0,0.002446219945674466
1362.0,681.0,0.0016557318382440654,7.745258534637652,99.99999907267754,0.0,0.002446267463858357
1362.5,681.25,0.001655096098122873,7.745258534637652,99.99999907261098,0.0,0.0024466830822147457
1363.0,681.5,0.0016544608460159439,7.745258534637652,99.99999907241894,0.0,0.0024472967915732686
1363.5,681.75,0.0016538181991492607,7.745258534637652,99.99999919737012,0.0,0.0023165420361418443
1364.0,682.0,0.0016531760513389772,7.745258534637652,99.99999919777343,0.0,0.002316102615716762
1364.5,682.25,0.0016525383369844747,7.745258534637652,99.99999909082352,0.0,0.00243592296810391
1365.0,682.5,0.001651901114438187,7.745258534637652,99.9999990897255,0.0,0.0024374422132789576
1365.5,682.75,0.0016512643831314063,7.745258534637652,99.99999908829736,0.0,0.002439398684201082
1366.0,683.0,0.0016506281424963016,7.745258534637652,99.99999908681183,0.0,0.0024414222151919462
1366.5,683.25,0.0016500002377521957,7.745258534637652,99.99999869851646,0.0,0.003323455330883794
1367.0,683.5,0.0016493688906211751,7.745258534637652,99.99999889334558,0.0,0.003092802181299525
1367.5,683.75,0.0016487380264558309,7.745258534637652,99.99999889262659,0.0,0.0030936046522181625
1368.0,684.0,0.0016481076447021888,7.745258534637652,99.99999889226048,0.0,0.0030940454639569277
1368.5,684.25,0.0016474777448071216,7.745258534637652,99.99999889218796,0.0,0.0030941814468143135
1369.0,684.5,0.0016468444182889904,7.745258534637652,99.99999870631092,0.0,0.003301278642192591
1369.5,684.75,0.0016462115785129065,7.745258534637652,99.99999870298973,0.0,0.003304892596556014
1370.0,685.0,0.001645571421119273,7.745258534637652,99.99999869952121,0.0,0.0034522068705989672
1370.5,685.25,0.001644931761404307,7.745258534637652,99.99999870145949,0.0,0.003450173990188568
1371.0,685.5,0.0016442925987878673,7.745258534637652,99.99999862160689,0.0,0.0038543324503690682
1371.5,685.75,0.001643650039907065,7.745258534637652,99.9999987306303,0.0,0.0036820128479316773
1372.0,686.0,0.0016430157625345056,7.745258534637652,99.99999852109005,0.0,0.004000289469377065
1372.5,686.25,0.0016423858612822915,7.745258534637652,99.99999878290376,0.0,0.003502318112570062
1373.0,686.5,0.0016417564428294986,7.745258534637652,99.99999878279714,0.0,0.0035018866306559533
1373.5,686.75,0.0016411236257954365,7.745258534637652,99.99999885566207,0.0,0.0034435027161041827
1374.0,687.0,0.0016404912964136118,7.745258534637652,99.99999885578453,0.0,0.0034431404978396327
1374.5,687.25,0.0016398594541205604,7.745258534637652,99.99999885580895,0.0,0.003442901163871969
1375.0,687.5,0.0016392280983536858,7.745258534637652,99.9999984192364,0.0,0.0036194637552146316
1375.5,687.75,0.001638597228551258,7.745258534637652,99.99999841699577,0.0,0.0036231021719699123
1376.0,688.0,0.0016379668441524112,7.745258534637652,99.99999841466114,0.0,0.0036268253097249377
1376.5,688.25,0.0016373330816779124,7.745258534637652,99.99999884541035,0.0,0.0034185987104951338
1377.0,688.5,0.0016366998094447483,7.745258534637652,99.99999885035221,0.0,0.003411761156794345
1377.5,688.75,0.0016360631699549022,7.745258534637652,99.99999895028758,0.0,0.0035238017834894123
1378.0,689.0,0.0016354308794800556,7.745258534637652,99.99999860099841,0.0,0.004030931352242733
1378.5,689.25,0.0016347990775398866,7.745258534637652,99.9999986041661,0.0,0.0040260804845962265
1379.0,689.5,0.0016341677635684196,7.745258534637652,99.9999986075582,0.0,0.004020856739501154
1379.5,689.75,0.0016335369370005532,7.745258534637652,99.99999861117304,0.0,0.004015271897387003
1380.0,690.0,0.0016329065972720577,7.745258534637652,99.99999861503174,0.0,0.0040093018053043075
1380.5,690.25,0.001632272904740177,7.745258534637652,99.9999988031825,0.0,0.003695082584184948
1381.0,690.5,0.0016316397038597448,7.745258534637652,99.9999990677231,0.0,0.003276125109094842
1381.5,690.75,0.0016310108271857073,7.745258534637652,99.99999885174432,0.0,0.0036279448795081496
1382.0,691.0,0.0016303862652878077,7.745258534637652,99.99999932357723,0.0,0.002131968959800073
1382.5,691.25,0.0016297660088110692,7.745258534637652,99.999999129676,0.0,0.0028154295768806513
1383.0,691.5,0.0016291423997220598,7.745258534637652,99.99999908645455,0.0,0.0029117332030422906
1383.5,691.75,0.0016308658372325498,7.745258534637652,99.99999908579535,0.0,0.0029150140556772246
1384.0,692.0,0.0016325879568490115,7.745258534637652,99.99999908535052,0.0,0.0029180072629500283
1384.5,692.25,0.0016343049280038266,7.745258534637652,99.99999915344674,0.0,0.0025710289747104325
1385.0,692.5,0.001636020579170036,7.745258534637652,99.99999915363398,0.0,0.0025719150646124275
1385.5,692.75,0.0016377349118692436,7.745258534637652,99.99999915378271,0.0,0.002572892343899293
1386.0,693.0,0.0016394440879304126,7.745258534637652,99.99999877686943,0.0,0.003753326425160705
1386.5,693.25,0.0016411519435125335,7.745258534637652,99.99999875027854,0.0,0.003797024037512093
1387.0,693.5,0.001642854635447748,7.745258534637652,99.99999925939682,0.0,0.0027102488757364852
1387.5,693.75,0.0016445521578021484,7.745258534637652,99.99999932747832,0.0,0.002553004773648354
1388.0,694.0,0.001646248354336251,7.745258534637652,99.99999932718671,0.0,0.002552853990322607
1388.5,694.25,0.001647947078692395,7.745258534637652,99.99999918827308,0.0,0.002650136676026645
1389.0,694.5,0.0016496444852571786,7.745258534637652,99.99999918897596,0.0,0.002648536578387073
1389.5,694.75,0.0016513444326101987,7.745258534637652,99.9999990765502,0.0,0.0033286121427450206
1390.0,695.0,0.001653039210650429,7.745258534637652,99.99999871480628,0.0,0.0037308801488286788
1390.5,695.25,0.0016547365374696302,7.745258534637652,99.99999862133998,0.0,0.0038125142693049624
1391.0,695.5,0.0016564286930777611,7.745258534637652,99.999999140641,0.0,0.0027813273845426418
1391.5,695.75,0.0016581234054263312,7.745258534637652,99.99999916164462,0.0,0.0031150948689922984
1392.0,696.0,0.0016598168140375743,7.745258534637652,99.9999991605591,0.0,0.0031179930314974994
1392.5,696.25,0.0016615127922503129,7.745258534637652,99.99999920133888,0.0,0.0030406765716523986
1393.0,696.5,0.0016632074746500626,7.745258534637652,99.99999920028085,0.0,0.0030433736287254084
1393.5,696.75,0.0016649008627213561,7.745258534637652,99.99999919924156,0.0,0.0030460616677042496
1394.0,697.0,0.0016665929579464595,7.745258534637652,99.99999919819832,0.0,0.0030487954443771505
1394.5,697.25,0.0016682837618053762,7.745258534637652,99.99999852027207,0.0,0.0038288284241043994
1395.0,697.5,0.0016699655075369405,7.745258534637652,99.9999990308253,0.0,0.003252888461820842
1395.5,697.75,0.001671649841669883,7.745258534637652,99.99999873736543,0.0,0.0033733297514099035
1396.0,698.0,0.0016733328840124663,7.745258534637652,99.99999873971042,0.0,0.003369458495917881
1396.5,698.25,0.0016750107446944441,7.745258534637652,99.99999902163736,0.0,0.0033030523112485355
1397.0,698.5,0.0016766834180190055,7.745258534637652,99.99999899201369,0.0,0.0034461101487770697
1397.5,698.75,0.0016783547944537686,7.745258534637652,99.99999899310592,0.0,0.003443950826346061
1398.0,699.0,0.001680024875506444,7.745258534637652,99.99999899410764,0.0,0.0034419555439916434
1398.5,699.25,0.0016816975635101784,7.745258534637652,99.99999859763427,0.0,0.004096684170110985
1399.0,699.5,0.0016833689638701718,7.745258534637652,99.99999859892361,0.0,0.004094607106363157
1399.5,699.75,0.0016850351725017094,7.745258534637652,99.99999883826075,0.0,0.003852709278754923
1400.0,700.0,0.0016843831960186464,7.745258534637652,99.99999883966507,0.0,0.003850291757320835
1400.5,700.25,0.0016837317238679974,7.745258534637652,99.99999884094683,0.0,0.003848056378381197
1401.0,700.5,0.0016830807554648036,7.745258534637652,99.99999884210597,0.0,0.0038460062365601377
1401.5,700.75,0.0016824263967378978,7.745258534637652,99.99999947319277,0.0,0.002247696274278174
1402.0,701.0,0.00168408974717834,7.745258534637652,99.99999937770944,0.0,0.002554293502324685
1402.5,701.25,0.0016857518129347344,7.745258534637652,99.99999937847565,0.0,0.002552735943381419
1403.0,701.5,0.0016874125954948395,7.745258534637652,99.99999937918115,0.0,0.0025512515884630366
1403.5,701.75,0.0016890720963441178,7.745258534637652,99.99999937984602,0.0,0.0025497769629101493
1404.0,702.0,0.0016907303169657396,7.745258534637652,99.99999938050394,0.0,0.002548228542479975
1404.5,702.25,0.0016923911663184142,7.745258534637652,99.99999923422844,0.0,0.002262435823226076
1405.0,702.5,0.0016940546528803546,7.745258534637652,99.99999881957916,0.0,0.0029128014899666914
1405.5,702.75,0.0016957168729596604,7.745258534637652,99.99999881925575,0.0,0.0029139234314289886
1406.0,703.0,0.0016973778280021216,7.745258534637652,99.99999881903425,0.0,0.0029148892959584764
1406.5,703.25,0.001699033602596732,7.745258534637652,99.99999924627791,0.0,0.002427932999345076
1407.0,703.5,0.001700688110392633,7.745258534637652,99.99999924656245,0.0,0.002427474017518369
1407.5,703.75,0.0017023452743217685,7.745258534637652,99.99999832218124,0.0,0.0036136397651121877
1408.0,704.0,0.0017040011789845996,7.745258534637652,99.99999832185405,0.0,0.0036141965408887956
1408.5,704.25,0.0017056558258159412,7.745258534637652,99.99999832144624,0.0,0.0036148345440954162
1409.0,704.5,0.0017073092162484295,7.745258534637652,99.99999832093411,0.0,0.003615583145722736
1409.5,704.75,0.0017089613517125265,7.745258534637652,99.99999832031288,0.0,0.003616448804910534
1410.0,705.0,0.0017106122336365225,7.745258534637652,99.99999831959255,0.0,0.0036174202628850294
1410.5,705.25,0.0017122618634465418,7.745258534637652,99.99999831879619,0.0,0.0036184712674017377
1411.0,705.5,0.0017139102425665462,7.745258534637652,99.99999930406447,0.0,0.0024137099187041106
1411.5,705.75,0.0017155573724183387,7.745258534637652,99.99999930335835,0.0,0.002414524613195821
1412.0,706.0,0.0017172071966592515,7.745258534637652,99.9999985891385,0.0,0.0032886578696708977
1412.5,706.25,0.0017188557790501543,7.745258534637652,99.9999985894992,0.0,0.0032884654716438195
1413.0,706.5,0.0017204991741603965,7.745258534637652,99.99999834321994,0.0,0.004160746950989092
1413.5,706.75,0.0017221413256589884,7.745258534637652,99.99999834333546,0.0,0.004160214311396975
1414.0,707.0,0.0017237782836027882,7.745258534637652,99.99999876354559,0.0,0.0036010526242112213
1414.5,707.25,0.001725398182030654,7.745258534637652,99.99999927284483,0.0,0.002159349787861274
1415.0,707.5,0.0017270168189449622,7.745258534637652,99.99999927256292,0.0,0.0021599326359937115
1415.5,707.75,0.0017286341958187659,7.745258534637652,99.99999894633461,0.0,0.0027886703085318754
1416.0,708.0,0.001730242394142809,7.745258534637652,99.9999990801011,0.0,0.0026989143289406965
1416.5,708.25,0.0017318453647399029,7.745258534637652,99.99999916939439,0.0,0.0026753976377178025
1417.0,708.5,0.0017334549953461993,7.745258534637652,99.99999919032653,0.0,0.002840101993619032
1417.5,708.75,0.0017350633675316837,7.745258534637652,99.9999991905686,0.0,0.0028397108109974
1418.0,709.0,0.0017366704827715433,7.745258534637652,99.99999919092149,0.0,0.0028391110401850715
1418.5,709.25,0.001738280313118877,7.745258534637652,99.99999922500896,0.0,0.002698803870082121
1419.0,709.5,0.0017376095424675424,7.745258534637652,99.99999922002584,0.0,0.0027128681113990512
1419.5,709.75,0.0017369392892928306,7.745258534637652,99.99999922056978,0.0,0.0027119278546707615
1420.0,710.0,0.001736273514413808,7.745258534637652,99.9999991913988,0.0,0.0028946416982179595
1420.5,710.25,0.0017356082497268868,7.745258534637652,99.99999919206437,0.0,0.002893307270503239
1421.0,710.5,0.0017349395392948987,7.745258534637652,99.99999845541676,0.0,0.003927492384800592
1421.5,710.75,0.0017342713439577394,7.745258534637652,99.99999845685332,0.0,0.003925252688090417
1422.0,711.0,0.0017336036631204867,7.745258534637652,99.99999845810272,0.0,0.003923241823198285
1422.5,711.25,0.0017329364961891336,7.745258534637652,99.99999845906213,0.0,0.003921629191963747
1423.0,711.5,0.0017322698425705882,7.745258534637652,99.99999845969889,0.0,0.00392048563721875
1423.5,711.75,0.00173160370167267,7.745258534637652,99.99999846003462,0.0,0.00391979885558286
1424.0,712.0,0.0017309341357953085,7.745258534637652,99.99999925887847,0.0,0.002641920331983067
1424.5,712.25,0.0017302572194470907,7.745258534637652,99.99999921712025,0.0,0.002747946935130307
1425.0,712.5,0.001729580832335207,7.745258534637652,99.99999921823323,0.0,0.0027456827095608282
1425.5,712.75,0.0017289089017225477,7.745258534637652,99.99999871270916,0.0,0.0034399662281733917
1426.0,713.0,0.0017282374929882612,7.745258534637652,99.99999871432166,0.0,0.0034361398142598748
1426.5,713.25,0.001727566605524581,7.745258534637652,99.99999871598354,0.0,0.0034321362998889597
1427.0,713.5,0.0017269001574860329,7.745258534637652,99.99999919370251,0.0,0.002985571862814341
1427.5,713.75,0.0017262381392014845,7.745258534637652,99.99999861358381,0.0,0.003640831406243225
1428.0,714.0,0.0017255766283003637,7.745258534637652,99.99999861294694,0.0,0.003641875580814727
1428.5,714.25,0.0017249117144398456,7.745258534637652,99.9999988815881,0.0,0.0030800686808240105
1429.0,714.5,0.0017242551263169819,7.745258534637652,99.99999919123103,0.0,0.0026481176296740787
1429.5,714.75,0.001723599037864821,7.745258534637652,99.99999896967854,0.0,0.0031274979515693714
1430.0,715.0,0.0017229473493553097,7.745258534637652,99.99999852516093,0.0,0.003829720580687472
1430.5,715.25,0.0017222961534631505,7.745258534637652,99.99999852679618,0.0,0.0038276824701520985
1431.0,715.5,0.0017216376597491974,7.745258534637652,99.99999937746374,0.0,0.002393564892838657
1431.5,715.75,0.001720979669372894,7.745258534637652,99.9999993782383,0.0,0.002391451354243222
1432.0,716.0,0.001720322181757351,7.745258534637652,99.99999937898804,0.0,0.0023894106072777366
1432.5,716.25,0.00171966519632656,7.745258534637652,99.99999862922215,0.0,0.0034282930974166357
1433.0,716.5,0.0017190087125053932,7.745258534637652,99.99999862914612,0.0,0.0034279074687545963
1433.5,716.75,0.0017183527297195992,7.745258534637652,99.99999862812776,0.0,0.003428616653913615
1434.0,717.0,0.001717697247395804,7.745258534637652,99.99999862611553,0.0,0.003430488590308525
1434.5,717.25,0.0017170422649615076,7.745258534637652,99.99999862309838,0.0,0.003433539860610971
1435.0,717.5,0.001716387781845083,7.745258534637652,99.99999878796217,0.0,0.0036809044080515765
1435.5,717.75,0.0017157337974757745,7.745258534637652,99.99999878344835,0.0,0.0036868814407063927
1436.0,718.0,0.001715080311283696,7.745258534637652,99.99999877887252,0.0,0.003692960655519538
1436.5,718.25,0.0017144273226998288,7.745258534637652,99.99999877429566,0.0,0.003699058968288075
1437.0,718.5,0.001713778690592008,7.745258534637652,99.9999988160083,0.0,0.0034273610513015583
1437.5,718.75,0.0017131305491022385,7.745258534637652,99.99999881534356,0.0,0.0034284499919633757
1438.0,719.0,0.0017124828976740837,7.745258534637652,99.99999881479657,0.0,0.0034293609373882428
1438.5,719.25,0.0017118318850620736,7.745258534637652,99.99999893010609,0.0,0.0033360047049625424
1439.0,719.5,0.001711181367236161,7.745258534637652,99.99999892965158,0.0,0.003336201099818325
1439.5,719.75,0.0017105313436324853,7.745258534637652,99.99999892931133,0.0,0.003336214861310206
1440.0,720.0,0.001709881813688042,7.745258534637652,99.99999892906041,0.0,0.003336085284184829
1440.5,720.25,0.001709232776840682,7.745258534637652,99.99999892886602,0.0,0.003335866371558414
1441.0,720.5,0.0017085842325291088,7.745258534637652,99.99999892869013,0.0,0.003335620275223886
1441.5,720.75,0.001707940013376245,7.745258534637652,99.99999919250541,0.0,0.002415053009266961
1442.0,721.0,0.0017072962798440326,7.745258534637652,99.9999991917371,0.0,0.0024161477246587007
1442.5,721.25,0.0017066530313835776,7.745258534637652,99.99999919093636,0.0,0.002417334559539619
1443.0,721.5,0.0017060179165508398,7.745258534637652,99.99999920109241,0.0,0.0023582394000944955
1443.5,721.75,0.0017053832742462474,7.745258534637652,99.99999920041522,0.0,0.002359345297472737
1444.0,722.0,0.0017047567417416746,7.745258534637652,99.99999937067516,0.0,0.002169262895616352
1444.5,722.25,0.0017041344855462076,7.745258534637652,99.99999879333222,0.0,0.003581185563096566
1445.0,722.5,0.0017035088701102467,7.745258534637652,99.99999846591558,0.0,0.003714189299479884
1445.5,722.75,0.001702887524390899,7.745258534637652,99.99999874926564,0.0,0.0031771049673294982
1446.0,723.0,0.001702266631771319,7.745258534637652,99.99999875237341,0.0,0.003172229228008834
1446.5,723.25,0.001701646191756072,7.745258534637652,99.99999875526868,0.0,0.0031676803758153484
1447.0,723.5,0.001701026203850444,7.745258534637652,99.99999875792142,0.0,0.003163504137565113
1447.5,723.75,0.0017004066675604416,7.745258534637652,99.99999876033637,0.0,0.0031596945780376475
1448.0,724.0,0.0016997875823927917,7.745258534637652,99.9999987625325,0.0,0.0031562238228207357
1448.5,724.25,0.0016991689478549387,7.745258534637652,99.99999876452924,0.0,0.0031530646851011283
1449.0,724.5,0.0016985507634550443,7.745258534637652,99.99999876636649,0.0,0.003150158011382688
1449.5,724.75,0.001697929240304958,7.745258534637652,99.99999898245781,0.0,0.0026645468256482397
1450.0,725.0,0.0016973081718362822,7.745258534637652,99.99999898215326,0.0,0.0026649428247952204
1450.5,725.25,0.0016966875575502595,7.745258534637652,99.99999932405032,0.0,0.0023383210576004834
1451.0,725.5,0.0016960673969488617,7.745258534637652,99.99999932311118,0.0,0.002340011250315485
1451.5,725.75,0.0016954476895347879,7.745258534637652,99.99999932212296,0.0,0.0023417710706120976
1452.0,726.0,0.0016948284348114642,7.745258534637652,99.99999932107421,0.0,0.002343616427370909
1452.5,726.25,0.001694209632283042,7.745258534637652,99.99999931996285,0.0,0.002345549428225072
1453.0,726.5,0.0016935912814543966,7.745258534637652,99.99999931879844,0.0,0.002347552574776589
1453.5,726.75,0.0016929809144766554,7.745258534637652,99.99999931694977,0.0,0.00233586805083882
1454.0,727.0,0.0016923709872905385,7.745258534637652,99.99999931596957,0.0,0.00233707098243717
1454.5,727.25,0.0016917614994208885,7.745258534637652,99.99999931492715,0.0,0.002338377084360464
1455.0,727.5,0.0016911524503932318,7.745258534637652,99.999999313845,0.0,0.0023397478684774545
1455.5,727.75,0.0016905438397337783,7.745258534637652,99.99999931274517,0.0,0.0023411454181619653
1456.0,728.0,0.001689935666969419,7.745258534637652,99.99999931164986,0.0,0.0023425318801927127
1456.5,728.25,0.0016893316817396787,7.745258534637652,99.99999937289039,0.0,0.002227624405766028
1457.0,728.5,0.0016887281280859232,7.745258534637652,99.99999937584963,0.0,0.002222511102305802
1457.5,728.75,0.0016881212607892245,7.745258534637652,99.99999920376041,0.0,0.002423330728480913
1458.0,729.0,0.001687518571574293,7.745258534637652,99.99999916938452,0.0,0.0024452289754611388
1458.5,729.25,0.0016869163125472436,7.745258534637652,99.99999916908651,0.0,0.002445210580571322
1459.0,729.5,0.00168853040241092,7.745258534637652,99.99999916880418,0.0,0.002445170461593708
1459.5,729.75,0.0016901395971132503,7.745258534637652,99.99999915690618,0.0,0.0024887215072943087
1460.0,730.0,0.001691747637310564,7.745258534637652,99.9999991564248,0.0,0.002489362295260231
1460.5,730.25,0.0016933507759530908,7.745258534637652,99.99999920191254,0.0,0.002394936500707245
1461.0,730.5,0.0016927437716986518,7.745258534637652,99.99999920489189,0.0,0.0024070343165648062
1461.5,730.75,0.0016921372024658753,7.745258534637652,99.99999920512126,0.0,0.002406200471687385
1462.0,731.0,0.0016915310677872784,7.745258534637652,99.99999920528023,0.0,0.002405475799403094
1462.5,731.25,0.001690925367196048,7.745258534637652,99.99999920537597,0.0,0.0024048555966385667
1463.0,731.5,0.001690316365355806,7.745258534637652,99.99999926534385,0.0,0.002317684776297724
1463.5,731.75,0.0016897078020325087,7.745258534637652,99.99999926522591,0.0,0.002317216432778223
1464.0,732.0,0.0016890996767526894,7.745258534637652,99.99999926510635,0.0,0.002316749748048748
1464.5,732.25,0.001688491989043563,7.745258534637652,99.99999926502008,0.0,0.0023162364978417827
1465.0,732.5,0.0016878847384330252,7.745258534637652,99.99999862264826,0.0,0.0036245951370809737
1465.5,732.75,0.0016872779244496497,7.745258534637652,99.99999878036256,0.0,0.0032750841516932102
1466.0,733.0,0.0016866715466226883,7.745258534637652,99.99999878217115,0.0,0.0032718288581808637
1466.5,733.25,0.0016860656044820693,7.745258534637652,99.99999878401586,0.0,0.0032686260640998476
1467.0,733.5,0.001687663313372198,7.745258534637652,99.99999903556495,0.0,0.002466056103322357
1467.5,733.75,0.0016892635955986644,7.745258534637652,99.99999895828019,0.0,0.0026154538003579494
1468.0,734.0,0.0016908590136215425,7.745258534637652,99.99999890314378,0.0,0.002943857929121195
1468.5,734.25,0.00169245328696877,7.745258534637652,99.99999890249742,0.0,0.0029438836423372116
1469.0,734.5,0.001694042689875785,7.745258534637652,99.99999926266581,0.0,0.0024859061258951432
1469.5,734.75,0.0016956272171260549,7.745258534637652,99.9999992447214,0.0,0.0024666606096795368
1470.0,735.0,0.0016972105948151535,7.745258534637652,99.99999924651398,0.0,0.0024638263135623264
1470.5,735.25,0.0016987928241936228,7.745258534637652,99.99999924848842,0.0,0.0024608130875137424
1471.0,735.5,0.0016981770409979042,7.745258534637652,99.99999865600424,0.0,0.0038226555352199386
1471.5,735.75,0.0016975579761068166,7.745258534637652,99.99999904081501,0.0,0.003266478622914579
1472.0,736.0,0.0016969393624074148,7.745258534637652,99.9999990414212,0.0,0.003265568402139134
1472.5,736.25,0.0016963211994066169,7.745258534637652,99.99999904196298,0.0,0.0032647756839351352
1473.0,736.5,0.001695703486612059,7.745258534637652,99.99999904244635,0.0,0.00326408778194804
1473.5,736.75,0.001695086223532095,7.745258534637652,99.99999904288552,0.0,0.003263476864452307
1474.0,737.0,0.0016944656952899114,7.745258534637652,99.9999990913863,0.0,0.003177254652444518
1474.5,737.25,0.0016938530445529368,7.745258534637652,99.99999909178302,0.0,0.002947973417792367
1475.0,737.5,0.0016932408366756404,7.745258534637652,99.99999909313215,0.0,0.0029458376378341993
1475.5,737.75,0.0016926290711780085,7.745258534637652,99.99999909459396,0.0,0.0029435343259966106
1476.0,738.0,0.0016920177475807212,7.745258534637652,99.99999909616618,0.0,0.0029410628921993543
1476.5,738.25,0.0016914179684166533,7.745258534637652,99.99999890892022,0.0,0.003138463534982475
1477.0,738.5,0.0016908223127299453,7.745258534637652,99.9999984235415,0.0,0.0037398296216303675
1477.5,738.75,0.0016902270764319373,7.745258534637652,99.999998423846,0.0,0.0037403579068346327
1478.0,739.0,0.0016896322590798608,7.745258534637652,99.99999842432318,0.0,0.003740661349200187
1478.5,739.25,0.0016890415508591607,7.745258534637652,99.99999843450423,0.0,0.0036849675836520108
1479.0,739.5,0.0016884512555262376,7.745258534637652,99.999998435147,0.0,0.0036849264004906834
1479.5,739.75,0.0016900448931821755,7.745258534637652,99.99999843590876,0.0,0.003684738834793557
1480.0,740.0,0.0016916411101531208,7.745258534637652,99.99999857025085,0.0,0.0033357428860419196
1480.5,740.25,0.0016932325249020828,7.745258534637652,99.99999879878968,0.0,0.002991989172355012
1481.0,740.5,0.0016948228288490691,7.745258534637652,99.99999879978306,0.0,0.002991009669223514
1481.5,740.75,0.001696408324175345,7.745258534637652,99.99999886947326,0.0,0.002932893090898258
1482.0,741.0,0.0016979927066962817,7.745258534637652,99.99999887060348,0.0,0.0029316714600576524
1482.5,741.25,0.0016995796808712306,7.745258534637652,99.99999855379052,0.0,0.0033443498909366057
1483.0,741.5,0.001701161843440834,7.745258534637652,99.99999827769818,0.0,0.003388701950186547
1483.5,741.75,0.0017027428967096997,7.745258534637652,99.99999827931092,0.0,0.003387157044675637
1484.0,742.0,0.0017064957849118783,7.745258534637652,99.9999989348717,0.0,0.002648921685458024
1484.5,742.25,0.0017102460273769919,7.745258534637652,99.99999893630653,0.0,0.0026470017707283396
1485.0,742.5,0.0017139936269018694,7.745258534637652,99.99999893785989,0.0,0.002644890683100991
1485.5,742.75,0.0017177423212569524,7.745258534637652,99.99999831202572,0.0,0.0036261392086539748
1486.0,743.0,0.0017214846500952033,7.745258534637652,99.99999828697025,0.0,0.005053165729650044
1486.5,743.25,0.0017230590055363863,7.745258534637652,99.99999863446918,0.0,0.004167405560283771
1487.0,743.5,0.0017246285206640472,7.745258534637652,99.9999986199077,0.0,0.00406287272380714
1487.5,743.75,0.0017261969384431658,7.745258534637652,99.99999861447625,0.0,0.004071448008319503
1488.0,744.0,0.00172776426002418,7.745258534637652,99.99999860912168,0.0,0.004079891826554611
1488.5,744.25,0.0017293304865559202,7.745258534637652,99.99999860392667,0.0,0.004088078387709249
1489.0,744.5,0.0017308993735792742,7.745258534637652,99.99999873390564,0.0,0.0037412786052129906
1489.5,744.75,0.0017324634155331932,7.745258534637652,99.99999869808273,0.0,0.0038232429922743167
1490.0,745.0,0.001734026365870893,7.745258534637652,99.99999869265407,0.0,0.003829947000700436
1490.5,745.25,0.0017355882257348082,7.745258534637652,99.99999862823306,0.0,0.002918751744340446
1491.0,745.5,0.0017371527589754698,7.745258534637652,99.99999941043734,0.0,0.0019298212813034566
1491.5,745.75,0.0017387237378013265,7.745258534637652,99.99999805163236,0.0,0.003745241200354793
1492.0,746.0,0.0017402936420839368,7.745258534637652,99.99999805513008,0.0,0.003741735257510755
1492.5,746.25,0.0017418624729253985,7.745258534637652,99.99999805853726,0.0,0.0037383205301430335
1493.0,746.5,0.0017434302314263033,7.745258534637652,99.99999806187945,0.0,0.003734972745148881
1493.5,746.75,0.0017449969186857383,7.745258534637652,99.9999980651982,0.0,0.003731651157305941
1494.0,747.0,0.0017465663111568407,7.745258534637652,99.99999815797244,0.0,0.003564615909062969
1494.5,747.25,0.0017481346387800657,7.745258534637652,99.99999816012384,0.0,0.0035624189947441173
1495.0,747.5,0.0017496981230707418,7.745258534637652,99.99999930653732,0.0,0.0022983953060089187
1495.5,747.75,0.0017512605404938512,7.745258534637652,99.99999819623936,0.0,0.0034118184525780615
1496.0,748.0,0.0017528218921410116,7.745258534637652,99.9999981963115,0.0,0.003410835899606787
1496.5,748.25,0.001754382179102352,7.745258534637652,99.99999819644123,0.0,0.003409711155879146
1497.0,748.5,0.001753784226296409,7.745258534637652,99.99999819663121,0.0,0.0034084480252209158
1497.5,748.75,0.0017531866809566835,7.745258534637652,99.99999819687625,0.0,0.00340706530736909
1498.0,749.0,0.0017525895426668248,7.745258534637652,99.99999819716375,0.0,0.003405590145488074
1498.5,749.25,0.0017519928110110486,7.745258534637652,99.99999819747275,0.0,0.00340405829711262
1499.0,749.5,0.001751396485574137,7.745258534637652,99.99999819777172,0.0,0.003402519500995192
1499.5,749.75,0.0017508043363094854,7.745258534637652,99.99999843377898,0.0,0.0032536913152050395
1500.0,750.0,0.0017502125873222608,7.745258534637652,99.99999843455247,0.0,0.003251772259379577
