Time_ps,Z_GDS_A
2.0,24.0735272075
2.0005,24.0735272075
2.001,24.0735272075
2.0015,24.0735272075
2.002,24.0735272075
2.0025,24.0735272075
2.003,24.0735272075
2.0035,24.0735272075
2.004,30.7694751725
2.0045,30.7694751725
2.005,23.754672542499996
2.0055,23.754672542499996
2.006,23.754672542499996
2.0065,23.754672542499996
2.007,23.754672542499996
2.0075,23.754672542499996
2.008,23.754672542499996
2.0085,23.754672542499996
2.009,23.754672542499996
2.0095,23.754672542499996
2.01,23.754672542499996
2.0105,24.0735272075
2.011,24.0735272075
2.0115,24.0735272075
2.012,24.0735272075
2.0125,24.0735272075
2.013,24.0735272075
2.0135,24.0735272075
2.014,24.0735272075
2.0145,24.0735272075
2.015,24.0735272075
2.0155,24.0735272075
2.016,24.0735272075
2.0165,24.0735272075
2.017,30.7694751725
2.0175,24.0735272075
2.018,24.0735272075
2.0185,24.0735272075
2.019,30.7694751725
2.0195,24.0735272075
2.02,24.0735272075
2.0205,24.0735272075
2.021,23.754672542499996
2.0215,23.754672542499996
2.022,23.754672542499996
2.0225,24.0735272075
2.023,24.0735272075
2.0235,24.0735272075
2.024,23.754672542499996
2.0245,24.0735272075
2.025,23.754672542499996
2.0255,23.754672542499996
2.026,23.754672542499996
2.0265,23.754672542499996
2.027,23.754672542499996
2.0275,23.754672542499996
2.028,23.754672542499996
2.0285,24.0735272075
2.029,24.0735272075
2.0295,23.754672542499996
2.03,23.754672542499996
2.0305,23.754672542499996
2.031,23.754672542499996
2.0315,23.754672542499996
2.032,23.754672542499996
2.0325,23.754672542499996
2.033,23.754672542499996
2.0335,23.754672542499996
2.034,23.754672542499996
2.0345,23.754672542499996
2.035,23.754672542499996
2.0355,24.0735272075
2.036,23.754672542499996
2.0365,23.754672542499996
2.037,23.754672542499996
2.0375,23.754672542499996
2.038,23.754672542499996
2.0385,23.754672542499996
2.039,24.0735272075
2.0395,24.0735272075
2.04,24.0735272075
2.0405,23.754672542499996
2.041,23.754672542499996
2.0415,24.0735272075
2.042,24.0735272075
2.0425,23.754672542499996
2.043,23.754672542499996
2.0435,23.754672542499996
2.044,23.754672542499996
2.0445,23.754672542499996
2.045,24.0735272075
2.0455,24.0735272075
2.046,24.0735272075
2.0465,24.0735272075
2.047,23.754672542499996
2.0475,23.754672542499996
2.048,23.754672542499996
2.0485,23.754672542499996
2.049,23.754672542499996
2.0495,23.754672542499996
2.05,23.754672542499996
2.0505,23.754672542499996
2.051,23.754672542499996
2.0515,23.754672542499996
2.052,23.754672542499996
2.0525,23.754672542499996
2.053,23.754672542499996
2.0535,23.754672542499996
2.054,23.754672542499996
2.0545,23.754672542499996
2.055,23.754672542499996
2.0555,23.754672542499996
2.056,23.754672542499996
2.0565,23.754672542499996
2.057,23.754672542499996
2.0575,23.754672542499996
2.058,23.754672542499996
2.0585,23.754672542499996
2.059,23.754672542499996
2.0595,23.754672542499996
2.06,23.754672542499996
2.0605,23.754672542499996
2.061,23.754672542499996
2.0615,23.754672542499996
2.062,23.754672542499996
2.0625,23.754672542499996
2.063,23.754672542499996
2.0635,23.754672542499996
2.064,23.754672542499996
2.0645,23.754672542499996
2.065,24.0735272075
2.0655,24.0735272075
2.066,24.0735272075
2.0665,24.0735272075
2.067,23.754672542499996
2.0675,23.754672542499996
2.068,23.754672542499996
2.0685,23.754672542499996
2.069,23.754672542499996
2.0695,23.754672542499996
2.07,23.754672542499996
2.0705,23.754672542499996
2.071,23.754672542499996
2.0715,23.754672542499996
2.072,23.754672542499996
2.0725,23.754672542499996
2.073,23.754672542499996
2.0735,23.754672542499996
2.074,23.754672542499996
2.0745,23.754672542499996
2.075,23.754672542499996
2.0755,23.754672542499996
2.076,23.754672542499996
2.0765,23.754672542499996
2.077,23.754672542499996
2.0775,23.754672542499996
2.078,23.754672542499996
2.0785,23.754672542499996
2.079,23.754672542499996
2.0795,23.754672542499996
2.08,23.754672542499996
2.0805,23.754672542499996
2.081,23.754672542499996
2.0815,23.754672542499996
2.082,23.754672542499996
2.0825,23.754672542499996
2.083,23.754672542499996
2.0835,23.754672542499996
2.084,23.754672542499996
2.0845,23.754672542499996
2.085,24.0735272075
2.0855,24.0735272075
2.086,30.4506205075
2.0865,30.4506205075
2.087,24.0735272075
2.0875,30.4506205075
2.088,24.0735272075
2.0885,24.0735272075
2.089,24.0735272075
2.0895,24.0735272075
2.09,24.0735272075
2.0905,24.0735272075
2.091,24.0735272075
2.0915,24.0735272075
2.092,24.0735272075
2.0925,24.0735272075
2.093,24.0735272075
2.0935,23.754672542499996
2.094,23.754672542499996
2.0945,23.754672542499996
2.095,23.754672542499996
2.0955,23.754672542499996
2.096,23.754672542499996
2.0965,23.754672542499996
2.097,23.754672542499996
2.0975,23.754672542499996
2.098,23.754672542499996
2.0985,23.754672542499996
2.099,23.754672542499996
2.0995,23.754672542499996
2.1,23.754672542499996
2.1005,23.754672542499996
2.101,23.754672542499996
2.1015,23.754672542499996
2.102,23.754672542499996
2.1025,23.754672542499996
2.103,23.754672542499996
2.1035,23.754672542499996
2.104,23.754672542499996
2.1045,23.754672542499996
2.105,23.754672542499996
2.1055,23.754672542499996
2.106,23.754672542499996
2.1065,23.754672542499996
2.107,24.0735272075
2.1075,24.0735272075
2.108,24.0735272075
2.1085,23.754672542499996
2.109,24.0735272075
2.1095,24.0735272075
2.11,24.0735272075
2.1105,24.0735272075
2.111,24.0735272075
2.1115,24.0735272075
2.112,24.0735272075
2.1125,24.0735272075
2.113,24.0735272075
2.1135,24.0735272075
2.114,24.0735272075
2.1145,24.0735272075
2.115,23.754672542499996
2.1155,23.754672542499996
2.116,23.754672542499996
2.1165,23.754672542499996
2.117,23.754672542499996
2.1175,23.754672542499996
2.118,23.754672542499996
2.1185,23.754672542499996
2.119,23.754672542499996
2.1195,23.754672542499996
2.12,23.754672542499996
2.1205,23.754672542499996
2.121,23.754672542499996
2.1215,23.754672542499996
2.122,24.0735272075
2.1225,24.0735272075
2.123,24.0735272075
2.1235,24.0735272075
2.124,24.0735272075
2.1245,24.0735272075
2.125,24.0735272075
2.1255,24.0735272075
2.126,24.0735272075
2.1265,24.0735272075
2.127,24.0735272075
2.1275,24.0735272075
2.128,24.0735272075
2.1285,24.0735272075
2.129,24.0735272075
2.1295,24.0735272075
2.13,24.0735272075
2.1305,24.0735272075
2.131,24.0735272075
2.1315,24.0735272075
2.132,23.754672542499996
2.1325,23.754672542499996
2.133,24.0735272075
2.1335,24.0735272075
2.134,24.0735272075
2.1345,24.0735272075
2.135,24.0735272075
2.1355,24.0735272075
2.136,24.0735272075
2.1365,24.0735272075
2.137,24.0735272075
2.1375,24.0735272075
2.138,24.0735272075
2.1385,24.0735272075
2.139,24.0735272075
2.1395,24.0735272075
2.14,24.0735272075
2.1405,24.0735272075
2.141,24.0735272075
2.1415,24.0735272075
2.142,24.0735272075
2.1425,23.754672542499996
2.143,24.0735272075
2.1435,24.0735272075
2.144,23.754672542499996
2.1445,23.754672542499996
2.145,23.754672542499996
2.1455,24.0735272075
2.146,24.0735272075
2.1465,24.0735272075
2.147,24.0735272075
2.1475,24.0735272075
2.148,24.0735272075
2.1485,24.0735272075
2.149,24.0735272075
2.1495,24.0735272075
2.15,24.0735272075
2.1505,24.0735272075
2.151,24.0735272075
2.1515,24.0735272075
2.152,24.0735272075
2.1525,24.0735272075
2.153,24.0735272075
2.1535,24.0735272075
2.154,24.0735272075
2.1545,24.0735272075
2.155,24.0735272075
2.1555,24.0735272075
2.156,24.0735272075
2.1565,24.0735272075
2.157,24.0735272075
2.1575,24.0735272075
2.158,24.0735272075
2.1585,24.0735272075
2.159,24.0735272075
2.1595,24.0735272075
2.16,24.0735272075
2.1605,24.0735272075
2.161,24.0735272075
2.1615,24.0735272075
2.162,24.0735272075
2.1625,24.0735272075
2.163,24.0735272075
2.1635,24.0735272075
2.164,24.0735272075
2.1645,24.0735272075
2.165,24.0735272075
2.1655,24.0735272075
2.166,24.0735272075
2.1665,24.0735272075
2.167,24.0735272075
2.1675,24.0735272075
2.168,24.0735272075
2.1685,24.0735272075
2.169,24.0735272075
2.1695,24.0735272075
2.17,24.0735272075
2.1705,24.0735272075
2.171,24.0735272075
2.1715,24.0735272075
2.172,24.0735272075
2.1725,24.0735272075
2.173,24.0735272075
2.1735,24.0735272075
2.174,24.0735272075
2.1745,24.0735272075
2.175,24.0735272075
2.1755,24.0735272075
2.176,24.0735272075
2.1765,24.0735272075
2.177,24.0735272075
2.1775,24.0735272075
2.178,24.0735272075
2.1785,24.0735272075
2.179,24.0735272075
2.1795,24.0735272075
2.18,24.0735272075
2.1805,24.0735272075
2.181,24.0735272075
2.1815,24.0735272075
2.182,24.0735272075
2.1825,24.0735272075
2.183,24.0735272075
2.1835,24.0735272075
2.184,24.0735272075
2.1845,24.0735272075
2.185,24.0735272075
2.1855,24.0735272075
2.186,24.0735272075
2.1865,23.754672542499996
2.187,24.0735272075
2.1875,24.0735272075
2.188,24.0735272075
2.1885,24.0735272075
2.189,24.0735272075
2.1895,24.0735272075
2.19,24.0735272075
2.1905,24.0735272075
2.191,24.0735272075
2.1915,24.0735272075
2.192,24.0735272075
2.1925,24.0735272075
2.193,24.0735272075
2.1935,24.0735272075
2.194,24.0735272075
2.1945,24.0735272075
2.195,24.0735272075
2.1955,24.0735272075
2.196,24.0735272075
2.1965,24.0735272075
2.197,24.0735272075
2.1975,24.0735272075
2.198,24.0735272075
2.1985,23.754672542499996
2.199,23.754672542499996
2.1995,23.754672542499996
2.2,23.754672542499996
2.2005,23.754672542499996
2.201,23.754672542499996
2.2015,23.754672542499996
2.202,23.754672542499996
2.2025,23.754672542499996
2.203,23.754672542499996
2.2035,23.754672542499996
2.204,23.754672542499996
2.2045,23.754672542499996
2.205,23.754672542499996
2.2055,23.754672542499996
2.206,23.754672542499996
2.2065,23.754672542499996
2.207,23.754672542499996
2.2075,23.754672542499996
2.208,23.754672542499996
2.2085,23.754672542499996
2.209,23.754672542499996
2.2095,23.754672542499996
2.21,23.754672542499996
2.2105,23.754672542499996
2.211,23.754672542499996
2.2115,23.754672542499996
2.212,23.754672542499996
2.2125,23.754672542499996
2.213,23.754672542499996
2.2135,23.754672542499996
2.214,23.754672542499996
2.2145,23.754672542499996
2.215,23.754672542499996
2.2155,23.754672542499996
2.216,23.754672542499996
2.2165,23.754672542499996
2.217,23.754672542499996
2.2175,23.754672542499996
2.218,23.754672542499996
2.2185,23.754672542499996
2.219,23.754672542499996
2.2195,23.754672542499996
2.22,23.754672542499996
2.2205,23.754672542499996
2.221,23.754672542499996
2.2215,23.754672542499996
2.222,23.754672542499996
2.2225,23.754672542499996
2.223,23.754672542499996
2.2235,23.754672542499996
2.224,23.754672542499996
2.2245,23.754672542499996
2.225,23.754672542499996
2.2255,23.754672542499996
2.226,23.754672542499996
2.2265,23.754672542499996
2.227,23.754672542499996
2.2275,23.754672542499996
2.228,23.754672542499996
2.2285,23.754672542499996
2.229,23.754672542499996
2.2295,23.754672542499996
2.23,23.754672542499996
2.2305,23.754672542499996
2.231,23.754672542499996
2.2315,23.754672542499996
2.232,23.754672542499996
2.2325,23.754672542499996
2.233,23.754672542499996
2.2335,24.0735272075
2.234,24.0735272075
2.2345,24.0735272075
2.235,24.0735272075
2.2355,24.0735272075
2.236,24.0735272075
2.2365,24.0735272075
2.237,24.0735272075
2.2375,24.0735272075
2.238,24.0735272075
2.2385,24.0735272075
2.239,24.0735272075
2.2395,24.0735272075
2.24,24.0735272075
2.2405,24.0735272075
2.241,24.0735272075
2.2415,24.0735272075
2.242,24.0735272075
2.2425,24.0735272075
2.243,24.0735272075
2.2435,23.754672542499996
2.244,23.754672542499996
2.2445,23.754672542499996
2.245,23.754672542499996
2.2455,24.0735272075
2.246,24.0735272075
2.2465,24.0735272075
2.247,24.0735272075
2.2475,24.0735272075
2.248,24.0735272075
2.2485,24.0735272075
2.249,24.0735272075
2.2495,24.0735272075
2.25,24.0735272075
2.2505,24.0735272075
2.251,24.0735272075
2.2515,24.0735272075
2.252,24.0735272075
2.2525,24.0735272075
2.253,24.0735272075
2.2535,24.0735272075
2.254,24.0735272075
2.2545,24.0735272075
2.255,24.0735272075
2.2555,24.0735272075
2.256,24.0735272075
2.2565,24.0735272075
2.257,24.0735272075
2.2575,24.0735272075
2.258,24.0735272075
2.2585,24.0735272075
2.259,24.0735272075
2.2595,24.0735272075
2.26,24.0735272075
2.2605,24.0735272075
2.261,24.0735272075
2.2615,24.0735272075
2.262,24.0735272075
2.2625,24.0735272075
2.263,24.0735272075
2.2635,24.0735272075
2.264,24.0735272075
2.2645,24.0735272075
2.265,24.0735272075
2.2655,24.0735272075
2.266,24.0735272075
2.2665,24.0735272075
2.267,24.0735272075
2.2675,24.0735272075
2.268,24.0735272075
2.2685,24.0735272075
2.269,24.0735272075
2.2695,24.0735272075
2.27,24.0735272075
2.2705,24.0735272075
2.271,24.0735272075
2.2715,24.0735272075
2.272,24.0735272075
2.2725,24.0735272075
2.273,24.0735272075
2.2735,24.0735272075
2.274,24.0735272075
2.2745,24.0735272075
2.275,24.0735272075
2.2755,24.0735272075
2.276,24.0735272075
2.2765,24.0735272075
2.277,24.0735272075
2.2775,24.0735272075
2.278,24.0735272075
2.2785,24.0735272075
2.279,24.0735272075
2.2795,24.0735272075
2.28,24.0735272075
2.2805,24.0735272075
2.281,24.0735272075
2.2815,24.0735272075
2.282,24.0735272075
2.2825,24.0735272075
2.283,24.0735272075
2.2835,24.0735272075
2.284,24.0735272075
2.2845,24.0735272075
2.285,24.0735272075
2.2855,24.0735272075
2.286,24.0735272075
2.2865,24.0735272075
2.287,24.0735272075
2.2875,24.0735272075
2.288,24.0735272075
2.2885,24.0735272075
2.289,24.0735272075
2.2895,24.0735272075
2.29,24.392381872499996
2.2905,24.0735272075
2.291,24.0735272075
2.2915,24.0735272075
2.292,24.0735272075
2.2925,24.0735272075
2.293,24.0735272075
2.2935,24.0735272075
2.294,24.0735272075
2.2945,24.0735272075
2.295,24.0735272075
2.2955,24.0735272075
2.296,24.0735272075
2.2965,24.0735272075
2.297,24.0735272075
2.2975,24.0735272075
2.298,24.0735272075
2.2985,24.0735272075
2.299,24.0735272075
2.2995,24.0735272075
2.3,24.0735272075
2.3005,24.0735272075
2.301,24.0735272075
2.3015,24.0735272075
2.302,24.0735272075
2.3025,24.0735272075
2.303,24.0735272075
2.3035,24.0735272075
2.304,24.0735272075
2.3045,24.0735272075
2.305,24.0735272075
2.3055,24.0735272075
2.306,24.0735272075
2.3065,24.0735272075
2.307,24.0735272075
2.3075,24.0735272075
2.308,24.0735272075
2.3085,24.0735272075
2.309,24.0735272075
2.3095,24.0735272075
2.31,24.0735272075
2.3105,24.0735272075
2.311,24.0735272075
2.3115,24.0735272075
2.312,24.0735272075
2.3125,24.0735272075
2.313,24.0735272075
2.3135,24.0735272075
2.314,24.0735272075
2.3145,24.0735272075
2.315,24.0735272075
2.3155,24.0735272075
2.316,24.0735272075
2.3165,24.0735272075
2.317,24.0735272075
2.3175,24.0735272075
2.318,24.0735272075
2.3185,24.0735272075
2.319,24.0735272075
2.3195,24.0735272075
2.32,24.0735272075
2.3205,24.0735272075
2.321,24.0735272075
2.3215,24.0735272075
2.322,24.0735272075
2.3225,24.0735272075
2.323,24.0735272075
2.3235,24.0735272075
2.324,24.0735272075
2.3245,24.0735272075
2.325,24.0735272075
2.3255,24.0735272075
2.326,24.0735272075
2.3265,24.0735272075
2.327,24.0735272075
2.3275,24.0735272075
2.328,24.0735272075
2.3285,24.0735272075
2.329,24.0735272075
2.3295,24.0735272075
2.33,24.0735272075
2.3305,24.0735272075
2.331,24.0735272075
2.3315,24.0735272075
2.332,24.0735272075
2.3325,24.0735272075
2.333,24.0735272075
2.3335,24.0735272075
2.334,24.0735272075
2.3345,24.0735272075
2.335,24.392381872499996
2.3355,24.392381872499996
2.336,24.392381872499996
2.3365,24.392381872499996
2.337,24.392381872499996
2.3375,24.0735272075
2.338,24.0735272075
2.3385,24.0735272075
2.339,24.0735272075
2.3395,24.0735272075
2.34,24.0735272075
2.3405,24.0735272075
2.341,24.0735272075
2.3415,24.0735272075
2.342,24.0735272075
2.3425,24.0735272075
2.343,24.0735272075
2.3435,24.0735272075
2.344,24.0735272075
2.3445,24.0735272075
2.345,24.392381872499996
2.3455,24.392381872499996
2.346,24.392381872499996
2.3465,24.0735272075
2.347,24.0735272075
2.3475,24.0735272075
2.348,23.754672542499996
2.3485,24.0735272075
2.349,24.0735272075
2.3495,24.0735272075
2.35,24.0735272075
2.3505,24.0735272075
2.351,24.0735272075
2.3515,24.0735272075
2.352,24.0735272075
2.3525,24.0735272075
2.353,24.0735272075
2.3535,24.0735272075
2.354,24.0735272075
2.3545,24.0735272075
2.355,24.0735272075
2.3555,24.0735272075
2.356,24.0735272075
2.3565,24.0735272075
2.357,24.0735272075
2.3575,23.754672542499996
2.358,23.754672542499996
2.3585,23.754672542499996
2.359,24.0735272075
2.3595,24.0735272075
2.36,24.0735272075
2.3605,23.754672542499996
2.361,23.754672542499996
2.3615,23.754672542499996
2.362,23.754672542499996
2.3625,23.754672542499996
2.363,23.754672542499996
2.3635,23.754672542499996
2.364,23.754672542499996
2.3645,23.754672542499996
2.365,23.754672542499996
2.3655,23.754672542499996
2.366,23.754672542499996
2.3665,24.0735272075
2.367,23.754672542499996
2.3675,23.754672542499996
2.368,23.754672542499996
2.3685,23.754672542499996
2.369,23.754672542499996
2.3695,24.0735272075
2.37,24.0735272075
2.3705,30.7694751725
2.371,3.0291193174999997
2.3715,23.754672542499996
2.372,23.754672542499996
2.3725,23.754672542499996
2.373,23.754672542499996
2.3735,23.754672542499996
2.374,23.754672542499996
2.3745,23.754672542499996
2.375,23.754672542499996
2.3755,23.754672542499996
2.376,23.754672542499996
2.3765,24.0735272075
2.377,24.0735272075
2.3775,30.7694751725
2.378,30.7694751725
2.3785,30.7694751725
2.379,30.7694751725
2.3795,23.754672542499996
2.38,30.7694751725
2.3805,30.7694751725
2.381,30.7694751725
2.3815,30.7694751725
2.382,30.7694751725
2.3825,30.7694751725
2.383,30.7694751725
2.3835,30.7694751725
2.384,30.7694751725
2.3845,30.7694751725
2.385,30.7694751725
2.3855,30.7694751725
2.386,30.7694751725
2.3865,30.7694751725
2.387,23.754672542499996
2.3875,23.754672542499996
2.388,23.754672542499996
2.3885,23.754672542499996
2.389,23.754672542499996
2.3895,23.754672542499996
2.39,23.754672542499996
2.3905,23.754672542499996
2.391,23.754672542499996
2.3915,23.754672542499996
2.392,23.754672542499996
2.3925,23.754672542499996
2.393,23.754672542499996
2.3935,23.754672542499996
2.394,23.754672542499996
2.3945,23.754672542499996
2.395,23.754672542499996
2.3955,23.754672542499996
2.396,23.754672542499996
2.3965,23.754672542499996
2.397,24.0735272075
2.3975,24.0735272075
2.398,24.0735272075
2.3985,24.0735272075
2.399,23.754672542499996
2.3995,23.754672542499996
2.4,23.754672542499996
2.4005,23.754672542499996
2.401,23.754672542499996
2.4015,23.754672542499996
2.402,23.754672542499996
2.4025,24.0735272075
2.403,24.0735272075
2.4035,24.0735272075
2.404,24.0735272075
2.4045,23.754672542499996
2.405,24.0735272075
2.4055,24.0735272075
2.406,24.0735272075
2.4065,24.0735272075
2.407,24.0735272075
2.4075,24.0735272075
2.408,24.0735272075
2.4085,24.0735272075
2.409,24.0735272075
2.4095,24.0735272075
2.41,24.0735272075
2.4105,24.0735272075
2.411,23.754672542499996
2.4115,23.754672542499996
2.412,23.754672542499996
2.4125,23.754672542499996
2.413,23.754672542499996
2.4135,23.754672542499996
2.414,23.754672542499996
2.4145,23.754672542499996
2.415,23.754672542499996
2.4155,23.754672542499996
2.416,23.754672542499996
2.4165,23.754672542499996
2.417,23.754672542499996
2.4175,23.754672542499996
2.418,23.754672542499996
2.4185,23.754672542499996
2.419,23.754672542499996
2.4195,23.754672542499996
2.42,23.754672542499996
2.4205,23.754672542499996
2.421,23.754672542499996
2.4215,23.754672542499996
2.422,23.754672542499996
2.4225,23.754672542499996
2.423,23.754672542499996
2.4235,23.754672542499996
2.424,23.754672542499996
2.4245,23.754672542499996
2.425,23.754672542499996
2.4255,23.754672542499996
2.426,23.754672542499996
2.4265,23.754672542499996
2.427,23.754672542499996
2.4275,23.754672542499996
2.428,23.754672542499996
2.4285,23.754672542499996
2.429,23.754672542499996
2.4295,23.754672542499996
2.43,23.754672542499996
2.4305,23.754672542499996
2.431,23.754672542499996
2.4315,23.754672542499996
2.432,23.754672542499996
2.4325,23.754672542499996
2.433,23.754672542499996
2.4335,23.754672542499996
2.434,23.754672542499996
2.4345,23.754672542499996
2.435,23.754672542499996
2.4355,23.754672542499996
2.436,23.754672542499996
2.4365,23.754672542499996
2.437,23.754672542499996
2.4375,23.754672542499996
2.438,23.754672542499996
2.4385,23.754672542499996
2.439,23.754672542499996
2.4395,23.754672542499996
2.44,23.754672542499996
2.4405,23.754672542499996
2.441,23.754672542499996
2.4415,23.754672542499996
2.442,23.754672542499996
2.4425,23.754672542499996
2.443,23.754672542499996
2.4435,23.754672542499996
2.444,23.754672542499996
2.4445,23.754672542499996
2.445,23.754672542499996
2.4455,23.754672542499996
2.446,23.754672542499996
2.4465,23.754672542499996
2.447,23.754672542499996
2.4475,23.754672542499996
2.448,23.754672542499996
2.4485,23.754672542499996
2.449,23.754672542499996
2.4495,23.754672542499996
2.45,23.754672542499996
2.4505,23.754672542499996
2.451,23.754672542499996
2.4515,23.754672542499996
2.452,23.754672542499996
2.4525,23.754672542499996
2.453,23.754672542499996
2.4535,23.754672542499996
2.454,23.754672542499996
2.4545,23.754672542499996
2.455,23.754672542499996
2.4555,23.754672542499996
2.456,23.754672542499996
2.4565,23.754672542499996
2.457,23.754672542499996
2.4575,23.754672542499996
2.458,23.754672542499996
2.4585,23.754672542499996
2.459,23.754672542499996
2.4595,23.754672542499996
2.46,23.754672542499996
2.4605,23.754672542499996
2.461,23.754672542499996
2.4615,23.754672542499996
2.462,23.754672542499996
2.4625,23.754672542499996
2.463,23.754672542499996
2.4635,23.754672542499996
2.464,23.754672542499996
2.4645,23.754672542499996
2.465,23.754672542499996
2.4655,23.754672542499996
2.466,23.754672542499996
2.4665,23.754672542499996
2.467,23.754672542499996
2.4675,23.754672542499996
2.468,23.754672542499996
2.4685,23.754672542499996
2.469,23.754672542499996
2.4695,23.754672542499996
2.47,23.754672542499996
2.4705,23.754672542499996
2.471,23.754672542499996
2.4715,23.754672542499996
2.472,23.754672542499996
2.4725,23.754672542499996
2.473,23.754672542499996
2.4735,23.754672542499996
2.474,23.754672542499996
2.4745,23.754672542499996
2.475,23.754672542499996
2.4755,23.754672542499996
2.476,23.754672542499996
2.4765,23.754672542499996
2.477,23.754672542499996
2.4775,23.754672542499996
2.478,23.754672542499996
2.4785,23.754672542499996
2.479,23.754672542499996
2.4795,23.754672542499996
2.48,23.754672542499996
2.4805,23.754672542499996
2.481,23.754672542499996
2.4815,23.754672542499996
2.482,23.754672542499996
2.4825,23.754672542499996
2.483,23.754672542499996
2.4835,23.754672542499996
2.484,23.754672542499996
2.4845,23.754672542499996
2.485,23.754672542499996
2.4855,23.754672542499996
2.486,23.754672542499996
2.4865,23.754672542499996
2.487,23.754672542499996
2.4875,23.754672542499996
2.488,23.754672542499996
2.4885,23.754672542499996
2.489,23.754672542499996
2.4895,23.754672542499996
2.49,23.754672542499996
2.4905,23.754672542499996
2.491,23.754672542499996
2.4915,23.754672542499996
2.492,23.754672542499996
2.4925,23.754672542499996
2.493,23.754672542499996
2.4935,23.754672542499996
2.494,23.754672542499996
2.4945,23.754672542499996
2.495,23.754672542499996
2.4955,23.754672542499996
2.496,23.754672542499996
2.4965,23.754672542499996
2.497,23.754672542499996
2.4975,23.754672542499996
2.498,23.754672542499996
2.4985,23.754672542499996
2.499,23.754672542499996
2.4995,23.754672542499996
2.5,23.754672542499996
2.5005,23.754672542499996
2.501,23.4358178775
2.5015,23.754672542499996
2.502,23.754672542499996
2.5025,23.754672542499996
2.503,23.754672542499996
2.5035,23.754672542499996
2.504,23.754672542499996
2.5045,23.754672542499996
2.505,23.754672542499996
2.5055,23.754672542499996
2.506,23.754672542499996
2.5065,23.754672542499996
2.507,23.754672542499996
2.5075,23.754672542499996
2.508,23.754672542499996
2.5085,23.4358178775
2.509,23.754672542499996
2.5095,23.754672542499996
2.51,23.754672542499996
2.5105,23.754672542499996
2.511,23.754672542499996
2.5115,23.754672542499996
2.512,23.754672542499996
2.5125,23.4358178775
2.513,23.4358178775
2.5135,23.754672542499996
2.514,23.754672542499996
2.5145,23.754672542499996
2.515,23.754672542499996
2.5155,23.754672542499996
2.516,23.754672542499996
2.5165,23.754672542499996
2.517,23.754672542499996
2.5175,23.754672542499996
2.518,23.754672542499996
2.5185,23.754672542499996
2.519,23.754672542499996
2.5195,23.754672542499996
2.52,23.754672542499996
2.5205,23.754672542499996
2.521,23.754672542499996
2.5215,23.754672542499996
2.522,23.754672542499996
2.5225,23.754672542499996
2.523,23.754672542499996
2.5235,23.754672542499996
2.524,23.754672542499996
2.5245,23.754672542499996
2.525,23.754672542499996
2.5255,23.754672542499996
2.526,23.754672542499996
2.5265,23.754672542499996
2.527,23.754672542499996
2.5275,23.754672542499996
2.528,23.754672542499996
2.5285,23.754672542499996
2.529,23.754672542499996
2.5295,23.754672542499996
2.53,23.754672542499996
2.5305,23.754672542499996
2.531,23.754672542499996
2.5315,23.754672542499996
2.532,23.754672542499996
2.5325,23.754672542499996
2.533,23.4358178775
2.5335,23.754672542499996
2.534,23.754672542499996
2.5345,23.4358178775
2.535,23.4358178775
2.5355,23.4358178775
2.536,23.4358178775
2.5365,23.4358178775
2.537,23.4358178775
2.5375,23.4358178775
2.538,23.754672542499996
2.5385,23.754672542499996
2.539,23.754672542499996
2.5395,23.754672542499996
2.54,23.4358178775
2.5405,23.754672542499996
2.541,23.4358178775
2.5415,23.754672542499996
2.542,23.754672542499996
2.5425,23.754672542499996
2.543,23.754672542499996
2.5435,23.754672542499996
2.544,23.754672542499996
2.5445,23.754672542499996
2.545,23.754672542499996
2.5455,23.754672542499996
2.546,23.754672542499996
2.5465,23.754672542499996
2.547,23.4358178775
2.5475,23.754672542499996
2.548,23.754672542499996
2.5485,23.754672542499996
2.549,23.754672542499996
2.5495,23.4358178775
2.55,23.4358178775
2.5505,23.4358178775
2.551,23.4358178775
2.5515,23.4358178775
2.552,23.4358178775
2.5525,23.4358178775
2.553,23.4358178775
2.5535,23.4358178775
2.554,23.4358178775
2.5545,23.4358178775
2.555,23.4358178775
2.5555,23.4358178775
2.556,23.4358178775
2.5565,23.4358178775
2.557,23.4358178775
2.5575,23.4358178775
2.558,23.4358178775
2.5585,23.4358178775
2.559,23.754672542499996
2.5595,23.754672542499996
2.56,23.754672542499996
2.5605,23.754672542499996
2.561,23.754672542499996
2.5615,23.754672542499996
2.562,23.754672542499996
2.5625,23.754672542499996
2.563,23.754672542499996
2.5635,23.754672542499996
2.564,23.754672542499996
2.5645,23.754672542499996
2.565,23.754672542499996
2.5655,23.754672542499996
2.566,23.754672542499996
2.5665,23.754672542499996
2.567,23.754672542499996
2.5675,23.754672542499996
2.568,23.754672542499996
2.5685,23.754672542499996
2.569,23.754672542499996
2.5695,23.754672542499996
2.57,23.754672542499996
2.5705,23.754672542499996
2.571,23.754672542499996
2.5715,23.754672542499996
2.572,23.754672542499996
2.5725,23.754672542499996
2.573,23.754672542499996
2.5735,23.754672542499996
2.574,23.754672542499996
2.5745,23.754672542499996
2.575,24.0735272075
2.5755,23.754672542499996
2.576,23.754672542499996
2.5765,23.754672542499996
2.577,23.754672542499996
2.5775,23.754672542499996
2.578,23.754672542499996
2.5785,23.754672542499996
2.579,23.754672542499996
2.5795,23.754672542499996
2.58,23.754672542499996
2.5805,23.754672542499996
2.581,23.754672542499996
2.5815,23.754672542499996
2.582,23.754672542499996
2.5825,23.754672542499996
2.583,23.754672542499996
2.5835,23.754672542499996
2.584,23.754672542499996
2.5845,23.754672542499996
2.585,23.4358178775
2.5855,23.4358178775
2.586,23.4358178775
2.5865,23.754672542499996
2.587,23.754672542499996
2.5875,23.754672542499996
2.588,23.754672542499996
2.5885,23.754672542499996
2.589,23.754672542499996
2.5895,23.754672542499996
2.59,23.754672542499996
2.5905,23.4358178775
2.591,23.4358178775
2.5915,23.4358178775
2.592,23.4358178775
2.5925,23.4358178775
2.593,23.4358178775
2.5935,23.4358178775
2.594,23.4358178775
2.5945,23.4358178775
2.595,23.4358178775
2.5955,23.4358178775
2.596,23.4358178775
2.5965,23.4358178775
2.597,23.4358178775
2.5975,23.4358178775
2.598,23.4358178775
2.5985,23.4358178775
2.599,23.4358178775
2.5995,23.4358178775
2.6,23.116963212499996
2.6005,23.116963212499996
2.601,22.7981085475
2.6015,22.7981085475
2.602,22.7981085475
2.6025,23.116963212499996
2.603,23.116963212499996
2.6035,23.4358178775
2.604,23.4358178775
2.6045,23.4358178775
2.605,23.4358178775
2.6055,23.4358178775
2.606,23.4358178775
2.6065,23.4358178775
2.607,23.4358178775
2.6075,23.4358178775
2.608,23.4358178775
2.6085,23.4358178775
2.609,23.4358178775
2.6095,23.4358178775
2.61,23.4358178775
2.6105,22.7981085475
2.611,23.116963212499996
2.6115,23.116963212499996
2.612,23.116963212499996
2.6125,23.116963212499996
2.613,23.116963212499996
2.6135,23.116963212499996
2.614,23.116963212499996
2.6145,23.116963212499996
2.615,23.116963212499996
2.6155,23.116963212499996
2.616,23.116963212499996
2.6165,23.116963212499996
2.617,23.116963212499996
2.6175,23.116963212499996
2.618,23.116963212499996
2.6185,22.7981085475
2.619,22.7981085475
2.6195,22.7981085475
2.62,22.7981085475
2.6205,22.7981085475
2.621,22.7981085475
2.6215,22.7981085475
2.622,22.7981085475
2.6225,22.7981085475
2.623,22.7981085475
2.6235,22.7981085475
2.624,22.7981085475
2.6245,22.7981085475
2.625,22.7981085475
2.6255,22.7981085475
2.626,22.7981085475
2.6265,22.7981085475
2.627,22.7981085475
2.6275,22.7981085475
2.628,22.7981085475
2.6285,22.7981085475
2.629,22.7981085475
2.6295,22.7981085475
2.63,22.7981085475
2.6305,22.7981085475
2.631,22.7981085475
2.6315,22.7981085475
2.632,22.7981085475
2.6325,22.7981085475
2.633,22.7981085475
2.6335,22.7981085475
2.634,22.7981085475
2.6345,22.7981085475
2.635,22.7981085475
2.6355,22.7981085475
2.636,22.7981085475
2.6365,22.7981085475
2.637,22.7981085475
2.6375,22.7981085475
2.638,22.7981085475
2.6385,22.7981085475
2.639,22.7981085475
2.6395,22.7981085475
2.64,22.7981085475
2.6405,22.7981085475
2.641,22.7981085475
2.6415,22.7981085475
2.642,22.7981085475
2.6425,22.7981085475
2.643,22.7981085475
2.6435,22.7981085475
2.644,22.7981085475
2.6445,22.7981085475
2.645,22.7981085475
2.6455,22.7981085475
2.646,22.7981085475
2.6465,22.7981085475
2.647,22.7981085475
2.6475,22.7981085475
2.648,22.7981085475
2.6485,22.7981085475
2.649,22.7981085475
2.6495,22.7981085475
2.65,22.7981085475
2.6505,22.7981085475
2.651,22.7981085475
2.6515,22.7981085475
2.652,22.7981085475
2.6525,22.7981085475
2.653,22.7981085475
2.6535,22.7981085475
2.654,22.7981085475
2.6545,22.7981085475
2.655,22.7981085475
2.6555,22.7981085475
2.656,22.7981085475
2.6565,22.7981085475
2.657,22.7981085475
2.6575,22.7981085475
2.658,22.7981085475
2.6585,22.7981085475
2.659,22.7981085475
2.6595,22.7981085475
2.66,22.7981085475
2.6605,22.7981085475
2.661,22.7981085475
2.6615,22.7981085475
2.662,22.7981085475
2.6625,22.7981085475
2.663,22.7981085475
2.6635,22.7981085475
2.664,22.7981085475
2.6645,22.7981085475
2.665,22.7981085475
2.6655,22.7981085475
2.666,22.7981085475
2.6665,22.7981085475
2.667,22.7981085475
2.6675,22.7981085475
2.668,22.7981085475
2.6685,22.7981085475
2.669,22.7981085475
2.6695,22.7981085475
2.67,22.7981085475
2.6705,22.7981085475
2.671,22.7981085475
2.6715,22.7981085475
2.672,22.7981085475
2.6725,22.7981085475
2.673,22.7981085475
2.6735,22.7981085475
2.674,22.7981085475
2.6745,22.7981085475
2.675,22.7981085475
2.6755,22.7981085475
2.676,22.7981085475
2.6765,22.7981085475
2.677,22.7981085475
2.6775,22.7981085475
2.678,22.7981085475
2.6785,22.7981085475
2.679,22.7981085475
2.6795,23.4358178775
2.68,22.7981085475
2.6805,22.7981085475
2.681,22.7981085475
2.6815,22.7981085475
2.682,22.7981085475
2.6825,22.7981085475
2.683,22.7981085475
2.6835,22.7981085475
2.684,22.7981085475
2.6845,22.7981085475
2.685,22.7981085475
2.6855,22.7981085475
2.686,22.7981085475
2.6865,22.7981085475
2.687,22.7981085475
2.6875,22.7981085475
2.688,22.7981085475
2.6885,22.7981085475
2.689,22.7981085475
2.6895,22.7981085475
2.69,22.7981085475
2.6905,22.7981085475
2.691,22.7981085475
2.6915,22.7981085475
2.692,22.7981085475
2.6925,22.7981085475
2.693,22.7981085475
2.6935,22.7981085475
2.694,22.7981085475
2.6945,22.7981085475
2.695,22.7981085475
2.6955,22.7981085475
2.696,22.7981085475
2.6965,22.7981085475
2.697,22.7981085475
2.6975,22.7981085475
2.698,22.7981085475
2.6985,22.7981085475
2.699,22.7981085475
2.6995,22.7981085475
2.7,22.7981085475
2.7005,22.7981085475
2.701,22.7981085475
2.7015,22.7981085475
2.702,22.7981085475
2.7025,22.7981085475
2.703,22.7981085475
2.7035,22.7981085475
2.704,22.7981085475
2.7045,22.7981085475
2.705,22.7981085475
2.7055,22.7981085475
2.706,22.7981085475
2.7065,22.7981085475
2.707,22.7981085475
2.7075,22.7981085475
2.708,22.7981085475
2.7085,22.7981085475
2.709,22.7981085475
2.7095,22.7981085475
2.71,22.7981085475
2.7105,22.7981085475
2.711,22.7981085475
2.7115,22.7981085475
2.712,22.7981085475
2.7125,22.7981085475
2.713,22.7981085475
2.7135,22.7981085475
2.714,22.7981085475
2.7145,22.7981085475
2.715,22.7981085475
2.7155,22.7981085475
2.716,22.7981085475
2.7165,22.7981085475
2.717,23.116963212499996
2.7175,23.116963212499996
2.718,23.116963212499996
2.7185,23.116963212499996
2.719,23.116963212499996
2.7195,23.116963212499996
2.72,23.116963212499996
2.7205,23.116963212499996
2.721,23.116963212499996
2.7215,23.116963212499996
2.722,23.116963212499996
2.7225,23.116963212499996
2.723,22.7981085475
2.7235,23.116963212499996
2.724,23.116963212499996
2.7245,23.116963212499996
2.725,23.116963212499996
2.7255,23.116963212499996
2.726,23.116963212499996
2.7265,23.116963212499996
2.727,23.116963212499996
2.7275,23.116963212499996
2.728,23.116963212499996
2.7285,23.116963212499996
2.729,23.116963212499996
2.7295,23.116963212499996
2.73,23.116963212499996
2.7305,23.116963212499996
2.731,23.116963212499996
2.7315,23.116963212499996
2.732,23.116963212499996
2.7325,23.116963212499996
2.733,23.116963212499996
2.7335,23.116963212499996
2.734,23.116963212499996
2.7345,23.116963212499996
2.735,23.116963212499996
2.7355,23.116963212499996
2.736,23.116963212499996
2.7365,23.116963212499996
2.737,23.116963212499996
2.7375,23.116963212499996
2.738,23.116963212499996
2.7385,23.116963212499996
2.739,23.116963212499996
2.7395,23.116963212499996
2.74,23.116963212499996
2.7405,23.116963212499996
2.741,23.116963212499996
2.7415,23.116963212499996
2.742,23.116963212499996
2.7425,23.116963212499996
2.743,23.116963212499996
2.7435,23.116963212499996
2.744,23.116963212499996
2.7445,23.116963212499996
2.745,23.116963212499996
2.7455,23.116963212499996
2.746,23.116963212499996
2.7465,23.116963212499996
2.747,23.116963212499996
2.7475,23.116963212499996
2.748,23.116963212499996
2.7485,23.116963212499996
2.749,23.116963212499996
2.7495,23.116963212499996
2.75,23.116963212499996
2.7505,23.116963212499996
2.751,23.116963212499996
2.7515,23.116963212499996
2.752,23.116963212499996
2.7525,23.116963212499996
2.753,23.116963212499996
2.7535,23.116963212499996
2.754,23.116963212499996
2.7545,23.116963212499996
2.755,23.116963212499996
2.7555,23.116963212499996
2.756,23.116963212499996
2.7565,23.116963212499996
2.757,23.116963212499996
2.7575,23.116963212499996
2.758,23.116963212499996
2.7585,23.116963212499996
2.759,23.116963212499996
2.7595,23.116963212499996
2.76,23.116963212499996
2.7605,23.116963212499996
2.761,23.116963212499996
2.7615,23.116963212499996
2.762,23.116963212499996
2.7625,23.116963212499996
2.763,23.116963212499996
2.7635,23.116963212499996
2.764,23.116963212499996
2.7645,23.116963212499996
2.765,23.116963212499996
2.7655,23.116963212499996
2.766,23.116963212499996
2.7665,23.116963212499996
2.767,23.116963212499996
2.7675,23.116963212499996
2.768,23.116963212499996
2.7685,23.116963212499996
2.769,23.116963212499996
2.7695,23.116963212499996
2.77,23.116963212499996
2.7705,23.116963212499996
2.771,23.116963212499996
2.7715,23.116963212499996
2.772,23.116963212499996
2.7725,23.116963212499996
2.773,23.116963212499996
2.7735,23.116963212499996
2.774,23.116963212499996
2.7745,23.116963212499996
2.775,23.116963212499996
2.7755,23.116963212499996
2.776,23.116963212499996
2.7765,23.116963212499996
2.777,23.116963212499996
2.7775,23.116963212499996
2.778,23.116963212499996
2.7785,23.116963212499996
2.779,23.116963212499996
2.7795,23.116963212499996
2.78,23.116963212499996
2.7805,23.116963212499996
2.781,23.116963212499996
2.7815,23.116963212499996
2.782,23.116963212499996
2.7825,23.116963212499996
2.783,23.116963212499996
2.7835,23.116963212499996
2.784,23.116963212499996
2.7845,23.116963212499996
2.785,23.116963212499996
2.7855,23.116963212499996
2.786,23.116963212499996
2.7865,23.116963212499996
2.787,23.116963212499996
2.7875,23.116963212499996
2.788,22.7981085475
2.7885,23.116963212499996
2.789,23.116963212499996
2.7895,23.116963212499996
2.79,23.116963212499996
2.7905,23.116963212499996
2.791,23.116963212499996
2.7915,23.116963212499996
2.792,23.116963212499996
2.7925,23.116963212499996
2.793,23.116963212499996
2.7935,23.116963212499996
2.794,23.116963212499996
2.7945,23.116963212499996
2.795,23.116963212499996
2.7955,23.116963212499996
2.796,23.116963212499996
2.7965,23.116963212499996
2.797,23.116963212499996
2.7975,23.116963212499996
2.798,23.116963212499996
2.7985,23.116963212499996
2.799,23.116963212499996
2.7995,23.116963212499996
2.8,23.116963212499996
2.8005,23.116963212499996
2.801,23.116963212499996
2.8015,23.116963212499996
2.802,23.116963212499996
2.8025,23.116963212499996
2.803,23.116963212499996
2.8035,23.116963212499996
2.804,23.116963212499996
2.8045,23.116963212499996
2.805,23.116963212499996
2.8055,23.116963212499996
2.806,23.116963212499996
2.8065,23.116963212499996
2.807,23.116963212499996
2.8075,23.116963212499996
2.808,23.116963212499996
2.8085,23.116963212499996
2.809,23.116963212499996
2.8095,23.116963212499996
2.81,23.116963212499996
2.8105,23.116963212499996
2.811,23.116963212499996
2.8115,23.116963212499996
2.812,23.116963212499996
2.8125,23.116963212499996
2.813,23.116963212499996
2.8135,23.116963212499996
2.814,23.116963212499996
2.8145,23.116963212499996
2.815,22.7981085475
2.8155,22.7981085475
2.816,22.7981085475
2.8165,22.7981085475
2.817,22.7981085475
2.8175,22.7981085475
2.818,22.7981085475
2.8185,23.116963212499996
2.819,22.7981085475
2.8195,22.7981085475
2.82,22.7981085475
2.8205,22.7981085475
2.821,22.7981085475
2.8215,22.7981085475
2.822,22.7981085475
2.8225,22.7981085475
2.823,22.7981085475
2.8235,22.7981085475
2.824,22.7981085475
2.8245,22.7981085475
2.825,22.7981085475
2.8255,22.7981085475
2.826,22.7981085475
2.8265,22.7981085475
2.827,22.7981085475
2.8275,22.7981085475
2.828,22.7981085475
2.8285,22.7981085475
2.829,22.7981085475
2.8295,22.7981085475
2.83,22.7981085475
2.8305,22.7981085475
2.831,22.7981085475
2.8315,22.7981085475
2.832,22.7981085475
2.8325,22.7981085475
2.833,22.7981085475
2.8335,22.7981085475
2.834,22.7981085475
2.8345,22.7981085475
2.835,22.7981085475
2.8355,22.7981085475
2.836,22.7981085475
2.8365,22.7981085475
2.837,23.116963212499996
2.8375,23.116963212499996
2.838,22.7981085475
2.8385,22.7981085475
2.839,22.7981085475
2.8395,22.7981085475
2.84,22.7981085475
2.8405,22.7981085475
2.841,22.7981085475
2.8415,22.7981085475
2.842,22.7981085475
2.8425,23.116963212499996
2.843,22.7981085475
2.8435,22.7981085475
2.844,22.7981085475
2.8445,22.7981085475
2.845,22.7981085475
2.8455,22.7981085475
2.846,22.7981085475
2.8465,22.7981085475
2.847,22.7981085475
2.8475,22.7981085475
2.848,22.7981085475
2.8485,22.7981085475
2.849,22.7981085475
2.8495,22.7981085475
2.85,22.7981085475
2.8505,22.7981085475
2.851,22.7981085475
2.8515,22.7981085475
2.852,22.7981085475
2.8525,22.7981085475
2.853,22.7981085475
2.8535,22.7981085475
2.854,22.7981085475
2.8545,22.7981085475
2.855,22.7981085475
2.8555,22.7981085475
2.856,22.7981085475
2.8565,22.7981085475
2.857,22.7981085475
2.8575,22.7981085475
2.858,22.7981085475
2.8585,22.7981085475
2.859,22.7981085475
2.8595,22.7981085475
2.86,22.7981085475
2.8605,22.7981085475
2.861,22.7981085475
2.8615,22.7981085475
2.862,22.7981085475
2.8625,22.7981085475
2.863,22.7981085475
2.8635,22.7981085475
2.864,22.7981085475
2.8645,22.7981085475
2.865,22.7981085475
2.8655,22.7981085475
2.866,22.7981085475
2.8665,22.7981085475
2.867,22.7981085475
2.8675,22.7981085475
2.868,22.7981085475
2.8685,22.7981085475
2.869,22.7981085475
2.8695,22.7981085475
2.87,22.7981085475
2.8705,22.7981085475
2.871,22.7981085475
2.8715,22.479253882499997
2.872,22.479253882499997
2.8725,22.479253882499997
2.873,22.479253882499997
2.8735,22.7981085475
2.874,22.7981085475
2.8745,22.7981085475
2.875,22.7981085475
2.8755,22.7981085475
2.876,22.7981085475
2.8765,22.7981085475
2.877,22.7981085475
2.8775,22.7981085475
2.878,22.7981085475
2.8785,22.7981085475
2.879,22.7981085475
2.8795,22.7981085475
2.88,22.7981085475
2.8805,22.7981085475
2.881,22.7981085475
2.8815,22.7981085475
2.882,22.7981085475
2.8825,22.7981085475
2.883,22.7981085475
2.8835,22.7981085475
2.884,22.7981085475
2.8845,22.7981085475
2.885,22.7981085475
2.8855,22.7981085475
2.886,22.7981085475
2.8865,22.7981085475
2.887,22.7981085475
2.8875,22.7981085475
2.888,22.7981085475
2.8885,22.7981085475
2.889,22.7981085475
2.8895,22.7981085475
2.89,22.7981085475
2.8905,22.7981085475
2.891,22.7981085475
2.8915,22.7981085475
2.892,22.7981085475
2.8925,22.7981085475
2.893,22.7981085475
2.8935,22.7981085475
2.894,22.7981085475
2.8945,22.7981085475
2.895,22.7981085475
2.8955,22.7981085475
2.896,22.7981085475
2.8965,22.7981085475
2.897,22.7981085475
2.8975,22.7981085475
2.898,22.7981085475
2.8985,22.7981085475
2.899,22.7981085475
2.8995,22.7981085475
2.9,22.7981085475
2.9005,22.7981085475
2.901,22.7981085475
2.9015,22.7981085475
2.902,22.7981085475
2.9025,22.7981085475
2.903,22.7981085475
2.9035,22.7981085475
2.904,22.7981085475
2.9045,22.7981085475
2.905,22.479253882499997
2.9055,22.479253882499997
2.906,22.479253882499997
2.9065,22.479253882499997
2.907,22.479253882499997
2.9075,22.479253882499997
2.908,22.479253882499997
2.9085,22.479253882499997
2.909,22.479253882499997
2.9095,22.479253882499997
2.91,22.479253882499997
2.9105,22.479253882499997
2.911,22.479253882499997
2.9115,22.479253882499997
2.912,22.479253882499997
2.9125,22.479253882499997
2.913,22.479253882499997
2.9135,22.479253882499997
2.914,22.479253882499997
2.9145,22.479253882499997
2.915,22.479253882499997
2.9155,22.479253882499997
2.916,22.7981085475
2.9165,22.479253882499997
2.917,22.479253882499997
2.9175,22.479253882499997
2.918,22.7981085475
2.9185,22.479253882499997
2.919,22.479253882499997
2.9195,22.479253882499997
2.92,22.7981085475
2.9205,22.7981085475
2.921,22.7981085475
2.9215,22.7981085475
2.922,22.7981085475
2.9225,22.7981085475
2.923,22.7981085475
2.9235,22.7981085475
2.924,22.7981085475
2.9245,22.7981085475
2.925,22.7981085475
2.9255,22.7981085475
2.926,22.7981085475
2.9265,22.7981085475
2.927,22.7981085475
2.9275,22.7981085475
2.928,22.7981085475
2.9285,22.7981085475
2.929,22.7981085475
2.9295,22.7981085475
2.93,22.7981085475
2.9305,22.7981085475
2.931,22.7981085475
2.9315,23.116963212499996
2.932,23.116963212499996
2.9325,22.7981085475
2.933,22.7981085475
2.9335,22.7981085475
2.934,23.116963212499996
2.9345,23.116963212499996
2.935,23.116963212499996
2.9355,23.116963212499996
2.936,23.116963212499996
2.9365,23.116963212499996
2.937,22.7981085475
2.9375,22.7981085475
2.938,22.7981085475
2.9385,22.7981085475
2.939,22.7981085475
2.9395,23.116963212499996
2.94,23.116963212499996
2.9405,23.116963212499996
2.941,23.116963212499996
2.9415,23.116963212499996
2.942,23.116963212499996
2.9425,23.116963212499996
2.943,23.116963212499996
2.9435,23.116963212499996
2.944,22.7981085475
2.9445,22.7981085475
2.945,23.116963212499996
2.9455,23.116963212499996
2.946,23.116963212499996
2.9465,23.116963212499996
2.947,23.116963212499996
2.9475,23.116963212499996
2.948,23.116963212499996
2.9485,23.116963212499996
2.949,23.116963212499996
2.9495,23.116963212499996
2.95,23.116963212499996
2.9505,23.116963212499996
2.951,23.116963212499996
2.9515,23.116963212499996
2.952,23.116963212499996
2.9525,23.116963212499996
2.953,23.116963212499996
2.9535,22.7981085475
2.954,22.7981085475
2.9545,22.7981085475
2.955,22.7981085475
2.9555,22.7981085475
2.956,23.116963212499996
2.9565,22.7981085475
2.957,22.7981085475
2.9575,22.7981085475
2.958,22.7981085475
2.9585,22.7981085475
2.959,22.7981085475
2.9595,22.7981085475
2.96,22.7981085475
2.9605,22.7981085475
2.961,22.7981085475
2.9615,22.7981085475
2.962,22.7981085475
2.9625,22.7981085475
2.963,22.7981085475
2.9635,22.7981085475
2.964,22.7981085475
2.9645,23.116963212499996
2.965,23.116963212499996
2.9655,23.116963212499996
2.966,23.116963212499996
2.9665,23.116963212499996
2.967,23.116963212499996
2.9675,23.116963212499996
2.968,23.116963212499996
2.9685,23.116963212499996
2.969,23.116963212499996
2.9695,23.116963212499996
2.97,23.116963212499996
2.9705,23.116963212499996
2.971,23.116963212499996
2.9715,23.116963212499996
2.972,23.116963212499996
2.9725,23.116963212499996
2.973,23.116963212499996
2.9735,23.116963212499996
2.974,23.116963212499996
2.9745,23.116963212499996
2.975,23.116963212499996
2.9755,23.116963212499996
2.976,23.116963212499996
2.9765,23.116963212499996
2.977,23.116963212499996
2.9775,22.7981085475
2.978,22.7981085475
2.9785,22.7981085475
2.979,22.7981085475
2.9795,23.116963212499996
2.98,22.7981085475
2.9805,22.7981085475
2.981,22.7981085475
2.9815,22.7981085475
2.982,22.7981085475
2.9825,22.7981085475
2.983,22.7981085475
2.9835,23.116963212499996
2.984,23.116963212499996
2.9845,22.7981085475
2.985,22.7981085475
2.9855,22.7981085475
2.986,22.7981085475
2.9865,22.7981085475
2.987,22.7981085475
2.9875,22.7981085475
2.988,22.7981085475
2.9885,22.7981085475
2.989,22.7981085475
2.9895,22.7981085475
2.99,22.7981085475
2.9905,22.7981085475
2.991,22.7981085475
2.9915,22.7981085475
2.992,22.7981085475
2.9925,22.7981085475
2.993,22.7981085475
2.9935,22.7981085475
2.994,22.7981085475
2.9945,22.7981085475
2.995,22.7981085475
2.9955,22.7981085475
2.996,22.7981085475
2.9965,22.7981085475
2.997,22.7981085475
2.9975,22.7981085475
2.998,22.7981085475
2.9985,22.7981085475
2.999,22.7981085475
2.9995,22.7981085475
3.0,22.7981085475
3.0005,22.7981085475
3.001,22.479253882499997
3.0015,22.479253882499997
3.002,22.479253882499997
3.0025,22.479253882499997
3.003,22.7981085475
3.0035,22.7981085475
3.004,22.7981085475
3.0045,22.479253882499997
3.005,22.479253882499997
3.0055,22.479253882499997
3.006,22.479253882499997
3.0065,22.479253882499997
3.007,22.479253882499997
3.0075,22.479253882499997
3.008,22.479253882499997
3.0085,22.479253882499997
3.009,22.479253882499997
3.0095,22.479253882499997
3.01,22.479253882499997
3.0105,22.479253882499997
3.011,22.479253882499997
3.0115,22.479253882499997
3.012,22.7981085475
3.0125,22.7981085475
3.013,22.7981085475
3.0135,22.7981085475
3.014,22.7981085475
3.0145,22.7981085475
3.015,22.7981085475
3.0155,22.7981085475
3.016,22.7981085475
3.0165,22.7981085475
3.017,22.7981085475
3.0175,22.7981085475
3.018,22.7981085475
3.0185,22.7981085475
3.019,22.7981085475
3.0195,22.7981085475
3.02,22.7981085475
3.0205,22.7981085475
3.021,22.7981085475
3.0215,22.7981085475
3.022,22.7981085475
3.0225,22.7981085475
3.023,22.7981085475
3.0235,22.7981085475
3.024,22.7981085475
3.0245,22.7981085475
3.025,22.7981085475
3.0255,22.7981085475
3.026,22.7981085475
3.0265,22.7981085475
3.027,22.7981085475
3.0275,22.7981085475
3.028,22.7981085475
3.0285,22.7981085475
3.029,22.7981085475
3.0295,22.7981085475
3.03,22.7981085475
3.0305,22.7981085475
3.031,22.7981085475
3.0315,22.7981085475
3.032,22.7981085475
3.0325,22.7981085475
3.033,22.479253882499997
3.0335,22.479253882499997
3.034,22.7981085475
3.0345,22.7981085475
3.035,22.7981085475
3.0355,22.479253882499997
3.036,22.7981085475
3.0365,22.7981085475
3.037,22.7981085475
3.0375,22.7981085475
3.038,22.7981085475
3.0385,22.7981085475
3.039,22.7981085475
3.0395,22.7981085475
3.04,22.7981085475
3.0405,22.7981085475
3.041,22.7981085475
3.0415,22.7981085475
3.042,22.7981085475
3.0425,22.479253882499997
3.043,22.7981085475
3.0435,22.7981085475
3.044,22.7981085475
3.0445,22.7981085475
3.045,22.7981085475
3.0455,22.7981085475
3.046,22.7981085475
3.0465,22.7981085475
3.047,22.479253882499997
3.0475,22.479253882499997
3.048,22.479253882499997
3.0485,22.479253882499997
3.049,22.479253882499997
3.0495,22.479253882499997
3.05,22.479253882499997
3.0505,22.479253882499997
3.051,22.479253882499997
3.0515,22.479253882499997
3.052,22.479253882499997
3.0525,22.479253882499997
3.053,22.479253882499997
3.0535,22.479253882499997
3.054,22.479253882499997
3.0545,22.479253882499997
3.055,22.479253882499997
3.0555,22.479253882499997
3.056,22.479253882499997
3.0565,22.479253882499997
3.057,22.479253882499997
3.0575,22.479253882499997
3.058,22.479253882499997
3.0585,22.479253882499997
3.059,22.479253882499997
3.0595,22.479253882499997
3.06,22.479253882499997
3.0605,22.479253882499997
3.061,22.479253882499997
3.0615,22.479253882499997
3.062,22.479253882499997
3.0625,22.479253882499997
3.063,22.479253882499997
3.0635,22.479253882499997
3.064,22.479253882499997
3.0645,22.479253882499997
3.065,22.479253882499997
3.0655,22.479253882499997
3.066,22.479253882499997
3.0665,22.479253882499997
3.067,22.479253882499997
3.0675,22.479253882499997
3.068,22.479253882499997
3.0685,22.479253882499997
3.069,22.479253882499997
3.0695,22.479253882499997
3.07,22.479253882499997
3.0705,22.479253882499997
3.071,22.479253882499997
3.0715,22.479253882499997
3.072,22.479253882499997
3.0725,22.479253882499997
3.073,22.479253882499997
3.0735,22.479253882499997
3.074,29.8129111775
3.0745,29.8129111775
3.075,29.8129111775
3.0755,29.8129111775
3.076,22.479253882499997
3.0765,22.479253882499997
3.077,22.479253882499997
3.0775,22.479253882499997
3.078,22.479253882499997
3.0785,22.479253882499997
3.079,22.479253882499997
3.0795,22.479253882499997
3.08,22.479253882499997
3.0805,22.479253882499997
3.081,22.479253882499997
3.0815,22.479253882499997
3.082,22.479253882499997
3.0825,22.479253882499997
3.083,22.479253882499997
3.0835,22.479253882499997
3.084,22.479253882499997
3.0845,22.479253882499997
3.085,22.479253882499997
3.0855,22.479253882499997
3.086,22.479253882499997
3.0865,22.479253882499997
3.087,22.479253882499997
3.0875,22.479253882499997
3.088,22.479253882499997
3.0885,22.479253882499997
3.089,22.479253882499997
3.0895,22.479253882499997
3.09,22.479253882499997
3.0905,22.479253882499997
3.091,22.479253882499997
3.0915,22.479253882499997
3.092,22.479253882499997
3.0925,22.479253882499997
3.093,22.479253882499997
3.0935,22.479253882499997
3.094,22.479253882499997
3.0945,22.479253882499997
3.095,22.479253882499997
3.0955,22.479253882499997
3.096,22.479253882499997
3.0965,22.479253882499997
3.097,22.479253882499997
3.0975,22.479253882499997
3.098,22.479253882499997
3.0985,22.479253882499997
3.099,22.479253882499997
3.0995,22.479253882499997
3.1,22.479253882499997
3.1005,22.479253882499997
3.101,22.479253882499997
3.1015,22.479253882499997
3.102,22.479253882499997
3.1025,22.479253882499997
3.103,22.479253882499997
3.1035,22.479253882499997
3.104,22.479253882499997
3.1045,22.479253882499997
3.105,22.479253882499997
3.1055,22.479253882499997
3.106,22.479253882499997
3.1065,22.479253882499997
3.107,22.479253882499997
3.1075,22.479253882499997
3.108,22.479253882499997
3.1085,22.479253882499997
3.109,22.479253882499997
3.1095,22.479253882499997
3.11,22.479253882499997
3.1105,22.479253882499997
3.111,22.479253882499997
3.1115,22.479253882499997
3.112,22.479253882499997
3.1125,22.479253882499997
3.113,22.479253882499997
3.1135,22.479253882499997
3.114,22.479253882499997
3.1145,22.479253882499997
3.115,22.479253882499997
3.1155,22.479253882499997
3.116,22.479253882499997
3.1165,22.479253882499997
3.117,22.479253882499997
3.1175,22.479253882499997
3.118,22.479253882499997
3.1185,22.479253882499997
3.119,22.479253882499997
3.1195,22.479253882499997
3.12,22.479253882499997
3.1205,22.479253882499997
3.121,22.479253882499997
3.1215,22.479253882499997
3.122,22.479253882499997
3.1225,22.479253882499997
3.123,22.479253882499997
3.1235,22.479253882499997
3.124,22.479253882499997
3.1245,22.479253882499997
3.125,22.479253882499997
3.1255,22.479253882499997
3.126,22.479253882499997
3.1265,22.479253882499997
3.127,22.479253882499997
3.1275,22.479253882499997
3.128,22.479253882499997
3.1285,22.1603992175
3.129,22.1603992175
3.1295,22.1603992175
3.13,22.1603992175
3.1305,22.1603992175
3.131,22.1603992175
3.1315,22.1603992175
3.132,22.1603992175
3.1325,22.1603992175
3.133,22.1603992175
3.1335,22.1603992175
3.134,22.1603992175
3.1345,22.1603992175
3.135,22.1603992175
3.1355,22.1603992175
3.136,22.1603992175
3.1365,22.1603992175
3.137,22.1603992175
3.1375,22.1603992175
3.138,22.1603992175
3.1385,22.1603992175
3.139,22.1603992175
3.1395,22.1603992175
3.14,22.1603992175
3.1405,22.1603992175
3.141,22.1603992175
3.1415,22.1603992175
3.142,22.1603992175
3.1425,22.1603992175
3.143,22.1603992175
3.1435,22.1603992175
3.144,22.1603992175
3.1445,22.1603992175
3.145,22.1603992175
3.1455,22.1603992175
3.146,22.1603992175
3.1465,22.1603992175
3.147,22.1603992175
3.1475,22.1603992175
3.148,22.1603992175
3.1485,22.1603992175
3.149,22.1603992175
3.1495,22.1603992175
3.15,22.1603992175
3.1505,22.1603992175
3.151,22.1603992175
3.1515,22.1603992175
3.152,22.1603992175
3.1525,22.1603992175
3.153,22.1603992175
3.1535,22.1603992175
3.154,22.1603992175
3.1545,22.1603992175
3.155,22.1603992175
3.1555,22.1603992175
3.156,22.1603992175
3.1565,22.1603992175
3.157,22.1603992175
3.1575,22.1603992175
3.158,22.1603992175
3.1585,22.1603992175
3.159,22.1603992175
3.1595,22.1603992175
3.16,22.1603992175
3.1605,22.1603992175
3.161,22.1603992175
3.1615,22.1603992175
3.162,22.1603992175
3.1625,22.1603992175
3.163,22.1603992175
3.1635,22.1603992175
3.164,22.1603992175
3.1645,22.1603992175
3.165,22.1603992175
3.1655,22.1603992175
3.166,22.1603992175
3.1665,22.1603992175
3.167,22.1603992175
3.1675,22.1603992175
3.168,22.1603992175
3.1685,22.1603992175
3.169,22.1603992175
3.1695,22.1603992175
3.17,22.1603992175
3.1705,22.1603992175
3.171,22.1603992175
3.1715,22.1603992175
3.172,22.1603992175
3.1725,22.1603992175
3.173,22.1603992175
3.1735,22.1603992175
3.174,22.1603992175
3.1745,22.1603992175
3.175,22.1603992175
3.1755,22.1603992175
3.176,22.1603992175
3.1765,22.1603992175
3.177,22.1603992175
3.1775,22.1603992175
3.178,22.1603992175
3.1785,22.1603992175
3.179,22.1603992175
3.1795,22.1603992175
3.18,22.1603992175
3.1805,22.1603992175
3.181,22.1603992175
3.1815,22.1603992175
3.182,22.1603992175
3.1825,22.1603992175
3.183,22.1603992175
3.1835,22.1603992175
3.184,22.1603992175
3.1845,22.1603992175
3.185,22.1603992175
3.1855,22.1603992175
3.186,22.1603992175
3.1865,22.1603992175
3.187,22.1603992175
3.1875,22.1603992175
3.188,22.1603992175
3.1885,22.1603992175
3.189,22.1603992175
3.1895,22.1603992175
3.19,22.1603992175
3.1905,22.1603992175
3.191,22.1603992175
3.1915,22.1603992175
3.192,22.1603992175
3.1925,22.1603992175
3.193,22.1603992175
3.1935,22.1603992175
3.194,22.1603992175
3.1945,22.1603992175
3.195,22.1603992175
3.1955,22.1603992175
3.196,22.1603992175
3.1965,22.1603992175
3.197,22.1603992175
3.1975,22.1603992175
3.198,22.1603992175
3.1985,22.1603992175
3.199,22.1603992175
3.1995,22.1603992175
3.2,22.1603992175
3.2005,22.1603992175
3.201,22.1603992175
3.2015,22.1603992175
3.202,22.1603992175
3.2025,22.1603992175
3.203,22.1603992175
3.2035,22.1603992175
3.204,22.1603992175
3.2045,22.1603992175
3.205,22.1603992175
3.2055,22.1603992175
3.206,22.1603992175
3.2065,22.1603992175
3.207,22.1603992175
3.2075,22.1603992175
3.208,22.1603992175
3.2085,22.1603992175
3.209,22.1603992175
3.2095,29.8129111775
3.21,29.8129111775
3.2105,29.8129111775
3.211,29.8129111775
3.2115,29.8129111775
3.212,29.8129111775
3.2125,29.8129111775
3.213,29.8129111775
3.2135,22.1603992175
3.214,22.1603992175
3.2145,22.1603992175
3.215,29.8129111775
3.2155,29.8129111775
3.216,29.8129111775
3.2165,29.8129111775
3.217,29.8129111775
3.2175,29.8129111775
3.218,29.8129111775
3.2185,29.8129111775
3.219,29.8129111775
3.2195,29.8129111775
3.22,29.8129111775
3.2205,29.8129111775
3.221,29.8129111775
3.2215,29.8129111775
3.222,22.479253882499997
3.2225,22.479253882499997
3.223,22.479253882499997
3.2235,29.8129111775
3.224,29.8129111775
3.2245,29.8129111775
3.225,29.8129111775
3.2255,29.8129111775
3.226,29.8129111775
3.2265,22.479253882499997
3.227,29.8129111775
3.2275,29.8129111775
3.228,29.8129111775
3.2285,29.8129111775
3.229,29.8129111775
3.2295,29.8129111775
3.23,29.8129111775
3.2305,29.8129111775
3.231,29.8129111775
3.2315,29.8129111775
3.232,29.8129111775
3.2325,29.8129111775
3.233,29.8129111775
3.2335,22.479253882499997
3.234,22.479253882499997
3.2345,29.8129111775
3.235,29.8129111775
3.2355,22.479253882499997
3.236,22.479253882499997
3.2365,22.479253882499997
3.237,22.479253882499997
3.2375,29.8129111775
3.238,29.8129111775
3.2385,29.8129111775
3.239,29.8129111775
3.2395,29.8129111775
3.24,29.8129111775
3.2405,29.8129111775
3.241,29.8129111775
3.2415,29.8129111775
3.242,29.8129111775
3.2425,29.8129111775
3.243,22.479253882499997
3.2435,22.479253882499997
3.244,22.479253882499997
3.2445,22.479253882499997
3.245,22.479253882499997
3.2455,22.479253882499997
3.246,29.8129111775
3.2465,29.8129111775
3.247,29.8129111775
3.2475,29.8129111775
3.248,29.8129111775
3.2485,29.8129111775
3.249,29.8129111775
3.2495,29.8129111775
3.25,29.8129111775
3.2505,29.8129111775
3.251,29.8129111775
3.2515,29.8129111775
3.252,29.8129111775
3.2525,29.8129111775
3.253,29.8129111775
3.2535,29.8129111775
3.254,29.8129111775
3.2545,29.8129111775
3.255,29.8129111775
3.2555,29.8129111775
3.256,29.8129111775
3.2565,29.8129111775
3.257,29.8129111775
3.2575,29.8129111775
3.258,29.8129111775
3.2585,29.8129111775
3.259,29.8129111775
3.2595,29.8129111775
3.26,29.8129111775
3.2605,29.8129111775
3.261,29.8129111775
3.2615,22.1603992175
3.262,29.8129111775
3.2625,29.8129111775
3.263,29.8129111775
3.2635,29.8129111775
3.264,29.8129111775
3.2645,29.8129111775
3.265,29.8129111775
3.2655,29.8129111775
3.266,29.8129111775
3.2665,29.8129111775
3.267,22.1603992175
3.2675,29.8129111775
3.268,29.8129111775
3.2685,22.1603992175
3.269,22.1603992175
3.2695,22.1603992175
3.27,29.8129111775
3.2705,29.8129111775
3.271,29.8129111775
3.2715,29.8129111775
3.272,29.8129111775
3.2725,29.8129111775
3.273,29.8129111775
3.2735,22.1603992175
3.274,22.1603992175
3.2745,22.1603992175
3.275,29.8129111775
3.2755,29.8129111775
3.276,22.479253882499997
3.2765,22.479253882499997
3.277,29.8129111775
3.2775,22.479253882499997
3.278,22.479253882499997
3.2785,22.479253882499997
3.279,22.479253882499997
3.2795,22.1603992175
3.28,22.1603992175
3.2805,22.479253882499997
3.281,22.1603992175
3.2815,22.1603992175
3.282,22.1603992175
3.2825,22.1603992175
3.283,22.1603992175
3.2835,22.1603992175
3.284,22.1603992175
3.2845,22.479253882499997
3.285,22.479253882499997
3.2855,22.479253882499997
3.286,22.479253882499997
3.2865,22.479253882499997
3.287,22.479253882499997
3.2875,22.1603992175
3.288,22.1603992175
3.2885,22.1603992175
3.289,22.1603992175
3.2895,22.1603992175
3.29,22.1603992175
3.2905,22.1603992175
3.291,22.1603992175
3.2915,22.1603992175
3.292,22.1603992175
3.2925,22.479253882499997
3.293,22.479253882499997
3.2935,22.479253882499997
3.294,22.479253882499997
3.2945,22.479253882499997
3.295,22.479253882499997
3.2955,22.1603992175
3.296,22.479253882499997
3.2965,22.479253882499997
3.297,22.479253882499997
3.2975,22.479253882499997
3.298,22.479253882499997
3.2985,22.479253882499997
3.299,22.479253882499997
3.2995,22.479253882499997
3.3,22.479253882499997
3.3005,22.479253882499997
3.301,22.479253882499997
3.3015,22.479253882499997
3.302,22.479253882499997
3.3025,22.479253882499997
3.303,22.479253882499997
3.3035,22.479253882499997
3.304,22.479253882499997
3.3045,22.479253882499997
3.305,22.479253882499997
3.3055,22.479253882499997
3.306,22.1603992175
3.3065,22.1603992175
3.307,22.479253882499997
3.3075,22.479253882499997
3.308,22.479253882499997
3.3085,22.479253882499997
3.309,22.479253882499997
3.3095,22.479253882499997
3.31,22.479253882499997
3.3105,22.479253882499997
3.311,22.479253882499997
3.3115,22.479253882499997
3.312,22.479253882499997
3.3125,22.479253882499997
3.313,22.479253882499997
3.3135,22.1603992175
3.314,22.1603992175
3.3145,22.1603992175
3.315,22.1603992175
3.3155,22.1603992175
3.316,22.1603992175
3.3165,22.1603992175
3.317,22.1603992175
3.3175,22.1603992175
3.318,29.494056512499995
3.3185,29.494056512499995
3.319,22.479253882499997
3.3195,22.479253882499997
3.32,22.479253882499997
3.3205,29.494056512499995
3.321,29.494056512499995
3.3215,22.479253882499997
3.322,22.479253882499997
3.3225,22.479253882499997
3.323,22.479253882499997
3.3235,22.479253882499997
3.324,22.479253882499997
3.3245,22.479253882499997
3.325,22.479253882499997
3.3255,29.494056512499995
3.326,29.494056512499995
3.3265,22.1603992175
3.327,22.1603992175
3.3275,22.1603992175
3.328,29.494056512499995
3.3285,29.494056512499995
3.329,29.494056512499995
3.3295,29.494056512499995
3.33,29.494056512499995
3.3305,29.494056512499995
3.331,29.494056512499995
3.3315,29.494056512499995
3.332,29.494056512499995
3.3325,29.494056512499995
3.333,29.494056512499995
3.3335,29.494056512499995
3.334,29.494056512499995
3.3345,29.494056512499995
3.335,29.494056512499995
3.3355,29.494056512499995
3.336,29.494056512499995
3.3365,29.494056512499995
3.337,29.494056512499995
3.3375,29.494056512499995
3.338,29.494056512499995
3.3385,29.494056512499995
3.339,29.494056512499995
3.3395,29.494056512499995
3.34,29.494056512499995
3.3405,29.494056512499995
3.341,29.494056512499995
3.3415,29.494056512499995
3.342,22.479253882499997
3.3425,22.479253882499997
3.343,22.479253882499997
3.3435,29.494056512499995
3.344,29.494056512499995
3.3445,29.494056512499995
3.345,29.494056512499995
3.3455,22.479253882499997
3.346,22.479253882499997
3.3465,29.494056512499995
3.347,29.494056512499995
3.3475,29.494056512499995
3.348,29.494056512499995
3.3485,29.494056512499995
3.349,29.494056512499995
3.3495,29.494056512499995
3.35,29.494056512499995
3.3505,22.1603992175
3.351,22.1603992175
3.3515,22.1603992175
3.352,22.1603992175
3.3525,22.1603992175
3.353,22.1603992175
3.3535,22.1603992175
3.354,22.1603992175
3.3545,22.1603992175
3.355,22.1603992175
3.3555,22.1603992175
3.356,22.1603992175
3.3565,22.1603992175
3.357,29.494056512499995
3.3575,22.1603992175
3.358,22.1603992175
3.3585,22.1603992175
3.359,22.1603992175
3.3595,22.1603992175
3.36,22.1603992175
3.3605,22.1603992175
3.361,22.1603992175
3.3615,22.1603992175
3.362,22.1603992175
3.3625,22.1603992175
3.363,29.494056512499995
3.3635,29.494056512499995
3.364,29.494056512499995
3.3645,29.494056512499995
3.365,22.479253882499997
3.3655,22.479253882499997
3.366,22.479253882499997
3.3665,22.479253882499997
3.367,22.479253882499997
3.3675,22.479253882499997
3.368,22.479253882499997
3.3685,22.1603992175
3.369,22.1603992175
3.3695,22.1603992175
3.37,22.1603992175
3.3705,22.1603992175
3.371,22.1603992175
3.3715,22.1603992175
3.372,22.1603992175
3.3725,22.1603992175
3.373,22.1603992175
3.3735,22.1603992175
3.374,22.1603992175
3.3745,22.479253882499997
3.375,22.479253882499997
3.3755,22.479253882499997
3.376,22.479253882499997
3.3765,22.479253882499997
3.377,22.1603992175
3.3775,22.1603992175
3.378,22.1603992175
3.3785,22.1603992175
3.379,22.1603992175
3.3795,22.1603992175
3.38,22.1603992175
3.3805,22.1603992175
3.381,22.1603992175
3.3815,22.1603992175
3.382,22.1603992175
3.3825,22.1603992175
3.383,22.1603992175
3.3835,22.1603992175
3.384,22.1603992175
3.3845,22.1603992175
3.385,22.1603992175
3.3855,22.1603992175
3.386,22.1603992175
3.3865,22.1603992175
3.387,22.1603992175
3.3875,22.1603992175
3.388,22.1603992175
3.3885,22.1603992175
3.389,22.1603992175
3.3895,22.1603992175
3.39,22.1603992175
3.3905,22.1603992175
3.391,22.1603992175
3.3915,22.1603992175
3.392,22.1603992175
3.3925,22.1603992175
3.393,22.1603992175
3.3935,22.1603992175
3.394,22.1603992175
3.3945,22.1603992175
3.395,22.1603992175
3.3955,29.1752018475
3.396,22.479253882499997
3.3965,22.479253882499997
3.397,22.479253882499997
3.3975,22.479253882499997
3.398,22.479253882499997
3.3985,22.479253882499997
3.399,22.479253882499997
3.3995,22.479253882499997
3.4,22.479253882499997
3.4005,22.479253882499997
3.401,22.479253882499997
3.4015,22.479253882499997
3.402,22.479253882499997
3.4025,22.479253882499997
3.403,22.479253882499997
3.4035,22.479253882499997
3.404,22.479253882499997
3.4045,22.479253882499997
3.405,22.1603992175
3.4055,22.1603992175
3.406,22.1603992175
3.4065,22.1603992175
3.407,22.1603992175
3.4075,22.1603992175
3.408,22.1603992175
3.4085,22.1603992175
3.409,22.1603992175
3.4095,22.1603992175
3.41,22.1603992175
3.4105,22.1603992175
3.411,22.1603992175
3.4115,22.1603992175
3.412,22.1603992175
3.4125,22.1603992175
3.413,22.1603992175
3.4135,22.1603992175
3.414,22.1603992175
3.4145,22.1603992175
3.415,22.1603992175
3.4155,22.1603992175
3.416,22.1603992175
3.4165,22.1603992175
3.417,22.1603992175
3.4175,22.1603992175
3.418,22.1603992175
3.4185,22.1603992175
3.419,22.1603992175
3.4195,22.1603992175
3.42,22.1603992175
3.4205,22.1603992175
3.421,22.1603992175
3.4215,22.479253882499997
3.422,22.1603992175
3.4225,22.1603992175
3.423,22.479253882499997
3.4235,22.479253882499997
3.424,22.479253882499997
3.4245,22.479253882499997
3.425,22.479253882499997
3.4255,22.479253882499997
3.426,22.479253882499997
3.4265,22.479253882499997
3.427,22.479253882499997
3.4275,22.479253882499997
3.428,29.1752018475
3.4285,29.1752018475
3.429,22.479253882499997
3.4295,22.1603992175
3.43,22.1603992175
3.4305,22.1603992175
3.431,22.1603992175
3.4315,22.1603992175
3.432,22.1603992175
3.4325,22.1603992175
3.433,22.479253882499997
3.4335,22.479253882499997
3.434,22.479253882499997
3.4345,22.479253882499997
3.435,22.479253882499997
3.4355,22.479253882499997
3.436,22.479253882499997
3.4365,22.479253882499997
3.437,22.479253882499997
3.4375,22.479253882499997
3.438,22.479253882499997
3.4385,22.479253882499997
3.439,22.479253882499997
3.4395,22.479253882499997
3.44,22.479253882499997
3.4405,22.479253882499997
3.441,22.479253882499997
3.4415,22.479253882499997
3.442,22.479253882499997
3.4425,22.479253882499997
3.443,22.479253882499997
3.4435,22.479253882499997
3.444,22.479253882499997
3.4445,22.479253882499997
3.445,22.479253882499997
3.4455,22.479253882499997
3.446,22.479253882499997
3.4465,22.479253882499997
3.447,22.7981085475
3.4475,22.479253882499997
3.448,22.479253882499997
3.4485,22.479253882499997
3.449,22.479253882499997
3.4495,22.479253882499997
3.45,22.479253882499997
3.4505,22.479253882499997
3.451,22.479253882499997
3.4515,22.7981085475
3.452,22.7981085475
3.4525,22.479253882499997
3.453,22.7981085475
3.4535,22.7981085475
3.454,22.7981085475
3.4545,22.7981085475
3.455,22.7981085475
3.4555,22.479253882499997
3.456,22.479253882499997
3.4565,22.479253882499997
3.457,22.479253882499997
3.4575,22.7981085475
3.458,22.479253882499997
3.4585,22.479253882499997
3.459,22.479253882499997
3.4595,22.479253882499997
3.46,22.479253882499997
3.4605,22.479253882499997
3.461,22.479253882499997
3.4615,22.479253882499997
3.462,22.479253882499997
3.4625,22.479253882499997
3.463,22.479253882499997
3.4635,22.479253882499997
3.464,22.479253882499997
3.4645,22.479253882499997
3.465,22.479253882499997
3.4655,22.7981085475
3.466,22.7981085475
3.4665,22.7981085475
3.467,22.7981085475
3.4675,22.7981085475
3.468,22.7981085475
3.4685,22.7981085475
3.469,22.7981085475
3.4695,22.7981085475
3.47,22.7981085475
3.4705,22.7981085475
3.471,22.7981085475
3.4715,22.7981085475
3.472,22.7981085475
3.4725,22.7981085475
3.473,22.7981085475
3.4735,22.7981085475
3.474,22.7981085475
3.4745,22.7981085475
3.475,22.7981085475
3.4755,22.7981085475
3.476,22.7981085475
3.4765,22.7981085475
3.477,22.7981085475
3.4775,22.7981085475
3.478,22.7981085475
3.4785,22.7981085475
3.479,22.7981085475
3.4795,22.7981085475
3.48,22.7981085475
3.4805,22.7981085475
3.481,22.7981085475
3.4815,22.7981085475
3.482,22.7981085475
3.4825,22.7981085475
3.483,22.7981085475
3.4835,22.7981085475
3.484,22.7981085475
3.4845,22.7981085475
3.485,22.7981085475
3.4855,22.7981085475
3.486,22.7981085475
3.4865,22.7981085475
3.487,22.7981085475
3.4875,22.7981085475
3.488,22.7981085475
3.4885,22.7981085475
3.489,22.7981085475
3.4895,22.7981085475
3.49,22.7981085475
3.4905,22.7981085475
3.491,22.7981085475
3.4915,22.7981085475
3.492,22.7981085475
3.4925,22.7981085475
3.493,22.7981085475
3.4935,22.7981085475
3.494,22.7981085475
3.4945,22.7981085475
3.495,22.7981085475
3.4955,29.1752018475
3.496,29.1752018475
3.4965,22.7981085475
3.497,22.7981085475
3.4975,22.7981085475
3.498,22.7981085475
3.4985,22.7981085475
3.499,22.7981085475
3.4995,22.7981085475
3.5,22.7981085475
3.5005,22.7981085475
3.501,22.7981085475
3.5015,22.7981085475
3.502,22.7981085475
3.5025,22.7981085475
3.503,22.7981085475
3.5035,22.7981085475
3.504,22.7981085475
3.5045,22.7981085475
3.505,22.7981085475
3.5055,22.7981085475
3.506,22.7981085475
3.5065,22.7981085475
3.507,22.7981085475
3.5075,22.7981085475
3.508,22.7981085475
3.5085,22.7981085475
3.509,29.1752018475
3.5095,29.1752018475
3.51,29.1752018475
3.5105,29.1752018475
3.511,22.7981085475
3.5115,22.7981085475
3.512,22.7981085475
3.5125,22.7981085475
3.513,22.7981085475
3.5135,22.7981085475
3.514,22.7981085475
3.5145,22.7981085475
3.515,22.7981085475
3.5155,22.7981085475
3.516,22.7981085475
3.5165,22.7981085475
3.517,22.7981085475
3.5175,22.7981085475
3.518,22.7981085475
3.5185,22.7981085475
3.519,22.7981085475
3.5195,22.7981085475
3.52,22.479253882499997
3.5205,22.479253882499997
3.521,22.479253882499997
3.5215,22.479253882499997
3.522,22.479253882499997
3.5225,22.479253882499997
3.523,22.479253882499997
3.5235,22.479253882499997
3.524,22.479253882499997
3.5245,22.479253882499997
3.525,22.7981085475
3.5255,22.7981085475
3.526,22.7981085475
3.5265,22.7981085475
3.527,22.7981085475
3.5275,22.7981085475
3.528,22.7981085475
3.5285,22.7981085475
3.529,22.7981085475
3.5295,22.479253882499997
3.53,22.479253882499997
3.5305,22.479253882499997
3.531,22.479253882499997
3.5315,22.479253882499997
3.532,22.479253882499997
3.5325,22.479253882499997
3.533,22.479253882499997
3.5335,22.479253882499997
3.534,22.479253882499997
3.5345,22.479253882499997
3.535,22.479253882499997
3.5355,22.7981085475
3.536,22.479253882499997
3.5365,22.479253882499997
3.537,22.479253882499997
3.5375,22.479253882499997
3.538,22.479253882499997
3.5385,22.479253882499997
3.539,22.479253882499997
3.5395,22.479253882499997
3.54,22.479253882499997
3.5405,22.479253882499997
3.541,22.479253882499997
3.5415,22.1603992175
3.542,22.1603992175
3.5425,22.1603992175
3.543,22.1603992175
3.5435,22.1603992175
3.544,22.1603992175
3.5445,21.841544552499997
3.545,21.841544552499997
3.5455,21.841544552499997
3.546,22.1603992175
3.5465,22.1603992175
3.547,22.1603992175
3.5475,22.1603992175
3.548,22.1603992175
3.5485,22.1603992175
3.549,22.1603992175
3.5495,22.1603992175
3.55,22.1603992175
3.5505,22.1603992175
3.551,29.1752018475
3.5515,29.1752018475
3.552,29.1752018475
3.5525,29.1752018475
3.553,22.1603992175
3.5535,22.1603992175
3.554,22.1603992175
3.5545,22.1603992175
3.555,22.1603992175
3.5555,22.1603992175
3.556,22.1603992175
3.5565,22.1603992175
3.557,22.1603992175
3.5575,22.1603992175
3.558,22.1603992175
3.5585,22.1603992175
3.559,29.1752018475
3.5595,21.841544552499997
3.56,21.841544552499997
3.5605,21.841544552499997
3.561,21.841544552499997
3.5615,21.841544552499997
3.562,29.1752018475
3.5625,29.1752018475
3.563,29.1752018475
3.5635,29.1752018475
3.564,29.1752018475
3.5645,21.841544552499997
3.565,21.841544552499997
3.5655,21.841544552499997
3.566,21.841544552499997
3.5665,22.1603992175
3.567,22.1603992175
3.5675,22.1603992175
3.568,22.1603992175
3.5685,21.841544552499997
3.569,21.841544552499997
3.5695,21.841544552499997
3.57,21.841544552499997
3.5705,21.841544552499997
3.571,21.841544552499997
3.5715,21.841544552499997
3.572,21.841544552499997
3.5725,21.841544552499997
3.573,29.1752018475
3.5735,21.841544552499997
3.574,29.1752018475
3.5745,29.1752018475
3.575,29.1752018475
3.5755,29.1752018475
3.576,21.5226898875
3.5765,21.5226898875
3.577,21.5226898875
3.5775,21.5226898875
3.578,21.841544552499997
3.5785,21.841544552499997
3.579,21.841544552499997
3.5795,29.1752018475
3.58,29.1752018475
3.5805,21.841544552499997
3.581,29.1752018475
3.5815,29.1752018475
3.582,29.1752018475
3.5825,21.841544552499997
3.583,21.841544552499997
3.5835,21.841544552499997
3.584,21.841544552499997
3.5845,21.841544552499997
3.585,21.841544552499997
3.5855,29.1752018475
3.586,29.1752018475
3.5865,29.1752018475
3.587,29.1752018475
3.5875,21.841544552499997
3.588,21.841544552499997
3.5885,21.841544552499997
3.589,21.841544552499997
3.5895,21.841544552499997
3.59,21.841544552499997
3.5905,21.841544552499997
3.591,21.841544552499997
3.5915,29.1752018475
3.592,29.1752018475
3.5925,29.1752018475
3.593,29.1752018475
3.5935,29.1752018475
3.594,29.1752018475
3.5945,29.1752018475
3.595,29.1752018475
3.5955,29.1752018475
3.596,29.1752018475
3.5965,29.1752018475
3.597,21.841544552499997
3.5975,21.841544552499997
3.598,21.841544552499997
3.5985,29.1752018475
3.599,21.841544552499997
3.5995,21.841544552499997
3.6,29.1752018475
3.6005,29.1752018475
3.601,29.1752018475
3.6015,29.1752018475
3.602,29.1752018475
3.6025,29.1752018475
3.603,29.1752018475
3.6035,29.1752018475
3.604,29.1752018475
3.6045,29.1752018475
3.605,29.1752018475
3.6055,21.5226898875
3.606,21.5226898875
3.6065,21.5226898875
3.607,21.5226898875
3.6075,21.841544552499997
3.608,21.841544552499997
3.6085,21.841544552499997
3.609,21.841544552499997
3.6095,21.841544552499997
3.61,21.841544552499997
3.6105,21.841544552499997
3.611,21.841544552499997
3.6115,21.841544552499997
3.612,21.841544552499997
3.6125,21.841544552499997
3.613,21.841544552499997
3.6135,21.841544552499997
3.614,21.841544552499997
3.6145,21.841544552499997
3.615,21.841544552499997
3.6155,21.841544552499997
3.616,21.841544552499997
3.6165,21.841544552499997
3.617,21.841544552499997
3.6175,21.841544552499997
3.618,21.841544552499997
3.6185,21.841544552499997
3.619,21.841544552499997
3.6195,21.841544552499997
3.62,21.841544552499997
3.6205,21.841544552499997
3.621,21.841544552499997
3.6215,21.841544552499997
3.622,21.841544552499997
3.6225,21.841544552499997
3.623,21.5226898875
3.6235,21.5226898875
3.624,21.5226898875
3.6245,21.5226898875
3.625,21.5226898875
3.6255,21.5226898875
3.626,21.5226898875
3.6265,21.5226898875
3.627,21.5226898875
3.6275,21.5226898875
3.628,21.5226898875
3.6285,21.5226898875
3.629,22.7981085475
3.6295,21.5226898875
3.63,21.5226898875
3.6305,21.5226898875
3.631,21.5226898875
3.6315,21.5226898875
3.632,21.5226898875
3.6325,21.5226898875
3.633,21.5226898875
3.6335,21.5226898875
3.634,21.5226898875
3.6345,21.5226898875
3.635,21.5226898875
3.6355,21.5226898875
3.636,21.5226898875
3.6365,21.5226898875
3.637,21.5226898875
3.6375,21.5226898875
3.638,21.5226898875
3.6385,21.5226898875
3.639,21.5226898875
3.6395,21.5226898875
3.64,21.5226898875
3.6405,21.5226898875
3.641,21.5226898875
3.6415,21.5226898875
3.642,21.5226898875
3.6425,21.5226898875
3.643,21.5226898875
3.6435,21.5226898875
3.644,21.5226898875
3.6445,21.5226898875
3.645,21.5226898875
3.6455,21.5226898875
3.646,21.5226898875
3.6465,21.5226898875
3.647,21.5226898875
3.6475,21.5226898875
3.648,21.5226898875
3.6485,21.5226898875
3.649,21.5226898875
3.6495,21.5226898875
3.65,21.5226898875
3.6505,21.5226898875
3.651,21.5226898875
3.6515,21.5226898875
3.652,21.5226898875
3.6525,21.5226898875
3.653,21.5226898875
3.6535,21.5226898875
3.654,21.5226898875
3.6545,21.5226898875
3.655,21.5226898875
3.6555,21.5226898875
3.656,21.5226898875
3.6565,21.5226898875
3.657,21.5226898875
3.6575,21.5226898875
3.658,21.5226898875
3.6585,21.5226898875
3.659,21.5226898875
3.6595,21.5226898875
3.66,21.5226898875
3.6605,21.5226898875
3.661,21.5226898875
3.6615,21.5226898875
3.662,21.5226898875
3.6625,21.5226898875
3.663,21.5226898875
3.6635,21.5226898875
3.664,21.5226898875
3.6645,21.5226898875
3.665,21.5226898875
3.6655,21.5226898875
3.666,21.5226898875
3.6665,21.5226898875
3.667,21.5226898875
3.6675,21.5226898875
3.668,21.5226898875
3.6685,21.5226898875
3.669,21.5226898875
3.6695,21.5226898875
3.67,21.5226898875
3.6705,28.856347182499995
3.671,28.856347182499995
3.6715,28.856347182499995
3.672,28.856347182499995
3.6725,28.856347182499995
3.673,28.856347182499995
3.6735,28.856347182499995
3.674,28.856347182499995
3.6745,21.203835222499997
3.675,21.203835222499997
3.6755,21.203835222499997
3.676,28.856347182499995
3.6765,28.856347182499995
3.677,28.856347182499995
3.6775,28.856347182499995
3.678,28.856347182499995
3.6785,28.856347182499995
3.679,28.856347182499995
3.6795,28.856347182499995
3.68,28.856347182499995
3.6805,21.203835222499997
3.681,21.203835222499997
3.6815,28.856347182499995
3.682,28.856347182499995
3.6825,28.856347182499995
3.683,21.203835222499997
3.6835,21.203835222499997
3.684,21.203835222499997
3.6845,21.203835222499997
3.685,22.479253882499997
3.6855,22.479253882499997
3.686,22.479253882499997
3.6865,21.203835222499997
3.687,21.203835222499997
3.6875,22.479253882499997
3.688,22.479253882499997
3.6885,22.479253882499997
3.689,22.479253882499997
3.6895,22.479253882499997
3.69,22.479253882499997
3.6905,22.479253882499997
3.691,21.203835222499997
3.6915,21.203835222499997
3.692,22.479253882499997
3.6925,22.479253882499997
3.693,22.479253882499997
3.6935,22.479253882499997
3.694,22.479253882499997
3.6945,22.479253882499997
3.695,22.479253882499997
3.6955,22.479253882499997
3.696,22.479253882499997
3.6965,22.479253882499997
3.697,22.479253882499997
3.6975,22.479253882499997
3.698,22.479253882499997
3.6985,22.479253882499997
3.699,22.479253882499997
3.6995,22.479253882499997
3.7,22.479253882499997
3.7005,22.479253882499997
3.701,22.479253882499997
3.7015,22.479253882499997
3.702,22.479253882499997
3.7025,22.479253882499997
3.703,22.479253882499997
3.7035,22.479253882499997
3.704,22.479253882499997
3.7045,22.479253882499997
3.705,22.479253882499997
3.7055,22.479253882499997
3.706,22.479253882499997
3.7065,22.479253882499997
3.707,22.479253882499997
3.7075,22.479253882499997
3.708,22.479253882499997
3.7085,22.479253882499997
3.709,22.479253882499997
3.7095,22.479253882499997
3.71,22.479253882499997
3.7105,22.479253882499997
3.711,22.479253882499997
3.7115,22.479253882499997
3.712,22.479253882499997
3.7125,22.479253882499997
3.713,22.479253882499997
3.7135,22.479253882499997
3.714,22.479253882499997
3.7145,22.1603992175
3.715,22.1603992175
3.7155,22.1603992175
3.716,22.479253882499997
3.7165,22.479253882499997
3.717,22.479253882499997
3.7175,22.479253882499997
3.718,22.479253882499997
3.7185,22.479253882499997
3.719,22.479253882499997
3.7195,20.8849805575
3.72,20.8849805575
3.7205,20.8849805575
3.721,20.8849805575
3.7215,20.8849805575
3.722,20.8849805575
3.7225,20.8849805575
3.723,20.8849805575
3.7235,20.8849805575
3.724,22.479253882499997
3.7245,20.8849805575
3.725,20.8849805575
3.7255,22.1603992175
3.726,22.1603992175
3.7265,22.479253882499997
3.727,22.479253882499997
3.7275,22.479253882499997
3.728,22.479253882499997
3.7285,22.479253882499997
3.729,22.479253882499997
3.7295,22.479253882499997
3.73,22.479253882499997
3.7305,22.479253882499997
3.731,22.479253882499997
3.7315,22.479253882499997
3.732,22.479253882499997
3.7325,22.479253882499997
3.733,22.479253882499997
3.7335,22.479253882499997
3.734,22.479253882499997
3.7345,22.479253882499997
3.735,22.479253882499997
3.7355,22.479253882499997
3.736,22.479253882499997
3.7365,22.479253882499997
3.737,22.479253882499997
3.7375,22.479253882499997
3.738,20.8849805575
3.7385,22.1603992175
3.739,22.1603992175
3.7395,22.1603992175
3.74,22.1603992175
3.7405,20.8849805575
3.741,20.8849805575
3.7415,22.1603992175
3.742,20.8849805575
3.7425,22.1603992175
3.743,22.1603992175
3.7435,22.1603992175
3.744,22.1603992175
3.7445,22.1603992175
3.745,20.8849805575
3.7455,20.8849805575
3.746,20.8849805575
3.7465,20.8849805575
3.747,22.1603992175
3.7475,22.1603992175
3.748,20.8849805575
3.7485,20.8849805575
3.749,20.8849805575
3.7495,20.8849805575
3.75,20.8849805575
3.7505,20.8849805575
3.751,20.8849805575
3.7515,20.8849805575
3.752,20.8849805575
3.7525,20.8849805575
3.753,20.8849805575
3.7535,20.8849805575
3.754,20.8849805575
3.7545,20.8849805575
3.755,20.8849805575
3.7555,20.8849805575
3.756,20.8849805575
3.7565,20.8849805575
3.757,20.8849805575
3.7575,20.8849805575
3.758,20.8849805575
3.7585,20.8849805575
3.759,20.8849805575
3.7595,20.8849805575
3.76,20.8849805575
3.7605,20.8849805575
3.761,20.8849805575
3.7615,20.8849805575
3.762,20.8849805575
3.7625,20.8849805575
3.763,20.8849805575
3.7635,20.8849805575
3.764,20.8849805575
3.7645,20.8849805575
3.765,20.8849805575
3.7655,28.5374925175
3.766,28.5374925175
3.7665,28.5374925175
3.767,28.5374925175
3.7675,28.5374925175
3.768,20.8849805575
3.7685,28.5374925175
3.769,28.5374925175
3.7695,20.8849805575
3.77,20.8849805575
3.7705,20.8849805575
3.771,20.8849805575
3.7715,20.8849805575
3.772,20.8849805575
3.7725,20.8849805575
3.773,20.8849805575
3.7735,20.8849805575
3.774,20.8849805575
3.7745,20.8849805575
3.775,28.5374925175
3.7755,28.5374925175
3.776,28.5374925175
3.7765,28.5374925175
3.777,28.5374925175
3.7775,28.5374925175
3.778,28.5374925175
3.7785,28.5374925175
3.779,28.5374925175
3.7795,28.5374925175
3.78,21.203835222499997
3.7805,28.5374925175
3.781,28.5374925175
3.7815,28.5374925175
3.782,28.5374925175
3.7825,28.5374925175
3.783,28.5374925175
3.7835,28.5374925175
3.784,28.5374925175
3.7845,28.5374925175
3.785,28.5374925175
3.7855,20.8849805575
3.786,20.8849805575
3.7865,20.8849805575
3.787,20.8849805575
3.7875,20.8849805575
3.788,20.8849805575
3.7885,20.8849805575
3.789,20.8849805575
3.7895,20.8849805575
3.79,20.8849805575
3.7905,20.8849805575
3.791,20.8849805575
3.7915,20.8849805575
3.792,20.8849805575
3.7925,20.8849805575
3.793,20.8849805575
3.7935,20.8849805575
3.794,20.8849805575
3.7945,20.8849805575
3.795,20.8849805575
3.7955,20.8849805575
3.796,20.8849805575
3.7965,20.8849805575
3.797,20.8849805575
3.7975,20.8849805575
3.798,20.8849805575
3.7985,20.8849805575
3.799,20.8849805575
3.7995,20.8849805575
3.8,20.8849805575
3.8005,20.8849805575
3.801,20.8849805575
3.8015,20.8849805575
3.802,20.8849805575
3.8025,20.8849805575
3.803,20.8849805575
3.8035,20.8849805575
3.804,20.8849805575
3.8045,20.8849805575
3.805,20.8849805575
3.8055,20.8849805575
3.806,20.8849805575
3.8065,20.8849805575
3.807,20.8849805575
3.8075,20.8849805575
3.808,20.8849805575
3.8085,20.8849805575
3.809,20.8849805575
3.8095,20.8849805575
3.81,20.8849805575
3.8105,20.8849805575
3.811,20.8849805575
3.8115,20.8849805575
3.812,20.8849805575
3.8125,20.8849805575
3.813,20.8849805575
3.8135,20.8849805575
3.814,20.8849805575
3.8145,20.8849805575
3.815,20.8849805575
3.8155,20.8849805575
3.816,20.8849805575
3.8165,20.8849805575
3.817,20.8849805575
3.8175,20.8849805575
3.818,20.8849805575
3.8185,20.8849805575
3.819,20.8849805575
3.8195,20.8849805575
3.82,20.8849805575
3.8205,20.8849805575
3.821,20.8849805575
3.8215,20.8849805575
3.822,28.218637852499995
3.8225,28.218637852499995
3.823,28.218637852499995
3.8235,28.218637852499995
3.824,28.218637852499995
3.8245,28.218637852499995
3.825,28.218637852499995
3.8255,28.218637852499995
3.826,28.218637852499995
3.8265,28.218637852499995
3.827,28.218637852499995
3.8275,28.218637852499995
3.828,28.218637852499995
3.8285,28.218637852499995
3.829,28.218637852499995
3.8295,28.218637852499995
3.83,28.218637852499995
3.8305,20.8849805575
3.831,20.8849805575
3.8315,28.218637852499995
3.832,20.8849805575
3.8325,20.8849805575
3.833,28.218637852499995
3.8335,28.218637852499995
3.834,28.218637852499995
3.8345,28.218637852499995
3.835,20.8849805575
3.8355,20.8849805575
3.836,20.8849805575
3.8365,20.8849805575
3.837,20.8849805575
3.8375,20.8849805575
3.838,20.8849805575
3.8385,20.8849805575
3.839,20.8849805575
3.8395,20.8849805575
3.84,20.8849805575
3.8405,20.8849805575
3.841,20.8849805575
3.8415,20.8849805575
3.842,20.8849805575
3.8425,20.8849805575
3.843,20.8849805575
3.8435,20.8849805575
3.844,20.8849805575
3.8445,20.8849805575
3.845,20.8849805575
3.8455,20.8849805575
3.846,20.8849805575
3.8465,20.8849805575
3.847,20.8849805575
3.8475,20.8849805575
3.848,20.8849805575
3.8485,20.8849805575
3.849,20.8849805575
3.8495,20.8849805575
3.85,20.8849805575
3.8505,20.8849805575
3.851,20.8849805575
3.8515,20.8849805575
3.852,20.8849805575
3.8525,20.8849805575
3.853,20.8849805575
3.8535,20.8849805575
3.854,20.8849805575
3.8545,20.8849805575
3.855,20.8849805575
3.8555,20.8849805575
3.856,20.8849805575
3.8565,20.8849805575
3.857,20.8849805575
3.8575,20.8849805575
3.858,20.8849805575
3.8585,20.8849805575
3.859,20.8849805575
3.8595,20.8849805575
3.86,20.8849805575
3.8605,20.8849805575
3.861,20.8849805575
3.8615,20.8849805575
3.862,20.8849805575
3.8625,20.8849805575
3.863,20.8849805575
3.8635,20.8849805575
3.864,20.8849805575
3.8645,20.8849805575
3.865,20.8849805575
3.8655,20.8849805575
3.866,20.8849805575
3.8665,20.8849805575
3.867,20.8849805575
3.8675,20.8849805575
3.868,20.8849805575
3.8685,20.8849805575
3.869,20.8849805575
3.8695,20.8849805575
3.87,20.8849805575
3.8705,20.8849805575
3.871,20.8849805575
3.8715,20.8849805575
3.872,20.8849805575
3.8725,20.8849805575
3.873,20.8849805575
3.8735,20.8849805575
3.874,20.8849805575
3.8745,20.8849805575
3.875,20.8849805575
3.8755,20.8849805575
3.876,20.8849805575
3.8765,20.8849805575
3.877,20.8849805575
3.8775,20.8849805575
3.878,20.8849805575
3.8785,20.8849805575
3.879,20.8849805575
3.8795,21.203835222499997
3.88,21.203835222499997
3.8805,21.203835222499997
3.881,21.203835222499997
3.8815,20.8849805575
3.882,21.203835222499997
3.8825,21.203835222499997
3.883,21.203835222499997
3.8835,21.203835222499997
3.884,21.203835222499997
3.8845,21.203835222499997
3.885,21.203835222499997
3.8855,21.203835222499997
3.886,20.8849805575
3.8865,20.8849805575
3.887,20.8849805575
3.8875,20.8849805575
3.888,20.8849805575
3.8885,20.8849805575
3.889,20.8849805575
3.8895,20.8849805575
3.89,21.203835222499997
3.8905,21.203835222499997
3.891,21.203835222499997
3.8915,21.203835222499997
3.892,20.8849805575
3.8925,20.8849805575
3.893,20.8849805575
3.8935,20.8849805575
3.894,20.8849805575
3.8945,20.8849805575
3.895,20.8849805575
3.8955,20.8849805575
3.896,20.8849805575
3.8965,20.8849805575
3.897,20.8849805575
3.8975,20.8849805575
3.898,20.8849805575
3.8985,20.8849805575
3.899,20.8849805575
3.8995,20.8849805575
3.9,20.8849805575
3.9005,20.8849805575
3.901,20.8849805575
3.9015,20.8849805575
3.902,20.8849805575
3.9025,20.8849805575
3.903,20.8849805575
3.9035,20.8849805575
3.904,20.8849805575
3.9045,20.8849805575
3.905,20.8849805575
3.9055,20.8849805575
3.906,20.8849805575
3.9065,20.8849805575
3.907,20.8849805575
3.9075,20.8849805575
3.908,27.8997831875
3.9085,27.8997831875
3.909,27.8997831875
3.9095,27.8997831875
3.91,27.8997831875
3.9105,27.8997831875
3.911,27.8997831875
3.9115,27.8997831875
3.912,27.8997831875
3.9125,27.8997831875
3.913,27.8997831875
3.9135,27.8997831875
3.914,27.8997831875
3.9145,27.8997831875
3.915,27.8997831875
3.9155,27.8997831875
3.916,27.8997831875
3.9165,27.8997831875
3.917,27.8997831875
3.9175,21.203835222499997
3.918,21.203835222499997
3.9185,21.203835222499997
3.919,21.203835222499997
3.9195,21.203835222499997
3.92,21.203835222499997
3.9205,21.203835222499997
3.921,21.203835222499997
3.9215,21.203835222499997
3.922,21.203835222499997
3.9225,21.203835222499997
3.923,21.203835222499997
3.9235,21.203835222499997
3.924,21.203835222499997
3.9245,21.203835222499997
3.925,21.203835222499997
3.9255,21.203835222499997
3.926,21.203835222499997
3.9265,21.203835222499997
3.927,21.203835222499997
3.9275,21.203835222499997
3.928,21.203835222499997
3.9285,21.203835222499997
3.929,21.203835222499997
3.9295,21.203835222499997
3.93,21.203835222499997
3.9305,21.203835222499997
3.931,21.203835222499997
3.9315,21.203835222499997
3.932,21.203835222499997
3.9325,21.203835222499997
3.933,21.203835222499997
3.9335,21.203835222499997
3.934,21.203835222499997
3.9345,21.203835222499997
3.935,21.203835222499997
3.9355,21.203835222499997
3.936,21.203835222499997
3.9365,21.203835222499997
3.937,21.203835222499997
3.9375,21.203835222499997
3.938,21.203835222499997
3.9385,21.203835222499997
3.939,21.203835222499997
3.9395,21.203835222499997
3.94,21.203835222499997
3.9405,21.203835222499997
3.941,21.203835222499997
3.9415,21.203835222499997
3.942,21.5226898875
3.9425,21.5226898875
3.943,21.5226898875
3.9435,21.5226898875
3.944,21.5226898875
3.9445,21.5226898875
3.945,27.8997831875
3.9455,27.8997831875
3.946,27.8997831875
3.9465,27.8997831875
3.947,21.203835222499997
3.9475,21.203835222499997
3.948,27.8997831875
3.9485,27.8997831875
3.949,21.203835222499997
3.9495,21.203835222499997
3.95,21.203835222499997
3.9505,21.203835222499997
3.951,21.203835222499997
3.9515,21.203835222499997
3.952,21.203835222499997
3.9525,21.203835222499997
3.953,21.203835222499997
3.9535,21.203835222499997
3.954,21.203835222499997
3.9545,21.203835222499997
3.955,21.203835222499997
3.9555,21.203835222499997
3.956,21.203835222499997
3.9565,21.203835222499997
3.957,21.203835222499997
3.9575,21.203835222499997
3.958,21.203835222499997
3.9585,21.203835222499997
3.959,21.203835222499997
3.9595,21.203835222499997
3.96,21.203835222499997
3.9605,21.203835222499997
3.961,21.203835222499997
3.9615,21.203835222499997
3.962,21.203835222499997
3.9625,21.203835222499997
3.963,21.203835222499997
3.9635,21.203835222499997
3.964,21.203835222499997
3.9645,21.203835222499997
3.965,21.203835222499997
3.9655,21.203835222499997
3.966,21.203835222499997
3.9665,21.203835222499997
3.967,21.203835222499997
3.9675,21.203835222499997
3.968,21.203835222499997
3.9685,21.203835222499997
3.969,21.203835222499997
3.9695,21.203835222499997
3.97,21.203835222499997
3.9705,21.203835222499997
3.971,21.203835222499997
3.9715,21.203835222499997
3.972,21.203835222499997
3.9725,21.203835222499997
3.973,21.203835222499997
3.9735,21.203835222499997
3.974,21.203835222499997
3.9745,21.203835222499997
3.975,21.203835222499997
3.9755,21.203835222499997
3.976,21.203835222499997
3.9765,21.203835222499997
3.977,21.203835222499997
3.9775,21.203835222499997
3.978,21.203835222499997
3.9785,21.203835222499997
3.979,21.203835222499997
3.9795,21.203835222499997
3.98,21.203835222499997
3.9805,21.203835222499997
3.981,21.203835222499997
3.9815,21.203835222499997
3.982,21.203835222499997
3.9825,21.203835222499997
3.983,21.203835222499997
3.9835,21.203835222499997
3.984,21.203835222499997
3.9845,21.203835222499997
3.985,21.203835222499997
3.9855,21.203835222499997
3.986,21.203835222499997
3.9865,21.203835222499997
3.987,21.203835222499997
3.9875,21.203835222499997
3.988,21.203835222499997
3.9885,21.203835222499997
3.989,21.203835222499997
3.9895,21.203835222499997
3.99,21.203835222499997
3.9905,21.203835222499997
3.991,21.203835222499997
3.9915,21.203835222499997
3.992,21.203835222499997
3.9925,21.203835222499997
3.993,21.203835222499997
3.9935,21.203835222499997
3.994,21.203835222499997
3.9945,21.203835222499997
3.995,21.203835222499997
3.9955,21.203835222499997
3.996,21.203835222499997
3.9965,21.203835222499997
3.997,21.203835222499997
3.9975,21.203835222499997
3.998,21.203835222499997
3.9985,21.203835222499997
3.999,21.203835222499997
3.9995,21.203835222499997
4.0,21.203835222499997
4.0005,21.203835222499997
4.001,21.203835222499997
4.0015,20.8849805575
4.002,20.8849805575
4.0025,20.8849805575
4.003,20.8849805575
4.0035,20.8849805575
4.004,20.8849805575
4.0045,20.8849805575
4.005,20.8849805575
4.0055,21.203835222499997
4.006,21.203835222499997
4.0065,21.203835222499997
4.007,21.203835222499997
4.0075,21.203835222499997
4.008,21.203835222499997
4.0085,21.203835222499997
4.009,21.203835222499997
4.0095,21.203835222499997
4.01,21.203835222499997
4.0105,21.203835222499997
4.011,21.203835222499997
4.0115,21.203835222499997
4.012,21.203835222499997
4.0125,21.203835222499997
4.013,21.203835222499997
4.0135,21.203835222499997
4.014,21.203835222499997
4.0145,21.203835222499997
4.015,21.203835222499997
4.0155,21.203835222499997
4.016,21.203835222499997
4.0165,21.203835222499997
4.017,21.203835222499997
4.0175,21.203835222499997
4.018,21.203835222499997
4.0185,21.203835222499997
4.019,21.203835222499997
4.0195,21.5226898875
4.02,21.5226898875
4.0205,21.5226898875
4.021,21.5226898875
4.0215,21.5226898875
4.022,21.5226898875
4.0225,21.5226898875
4.023,21.5226898875
4.0235,21.5226898875
4.024,21.5226898875
4.0245,21.5226898875
4.025,21.5226898875
4.0255,21.5226898875
4.026,21.5226898875
4.0265,21.5226898875
4.027,21.5226898875
4.0275,21.5226898875
4.028,21.5226898875
4.0285,21.5226898875
4.029,21.5226898875
4.0295,21.5226898875
4.03,21.5226898875
4.0305,21.5226898875
4.031,21.5226898875
4.0315,21.203835222499997
4.032,21.203835222499997
4.0325,21.203835222499997
4.033,21.203835222499997
4.0335,21.203835222499997
4.034,21.203835222499997
4.0345,21.203835222499997
4.035,21.203835222499997
4.0355,21.203835222499997
4.036,21.203835222499997
4.0365,21.203835222499997
4.037,21.203835222499997
4.0375,21.5226898875
4.038,21.5226898875
4.0385,21.5226898875
4.039,21.5226898875
4.0395,21.5226898875
4.04,21.5226898875
4.0405,21.5226898875
4.041,21.5226898875
4.0415,21.5226898875
4.042,21.5226898875
4.0425,21.5226898875
4.043,21.5226898875
4.0435,21.5226898875
4.044,21.5226898875
4.0445,21.5226898875
4.045,21.5226898875
4.0455,21.5226898875
4.046,21.5226898875
4.0465,21.5226898875
4.047,21.5226898875
4.0475,21.5226898875
4.048,21.5226898875
4.0485,21.5226898875
4.049,21.5226898875
4.0495,21.5226898875
4.05,21.5226898875
4.0505,21.5226898875
4.051,21.5226898875
4.0515,21.5226898875
4.052,21.5226898875
4.0525,21.5226898875
4.053,21.5226898875
4.0535,21.5226898875
4.054,21.5226898875
4.0545,21.5226898875
4.055,21.203835222499997
4.0555,21.203835222499997
4.056,21.5226898875
4.0565,21.5226898875
4.057,21.5226898875
4.0575,21.5226898875
4.058,21.5226898875
4.0585,21.5226898875
4.059,21.5226898875
4.0595,21.5226898875
4.06,21.5226898875
4.0605,21.5226898875
4.061,21.5226898875
4.0615,21.5226898875
4.062,21.5226898875
4.0625,21.5226898875
4.063,21.5226898875
4.0635,21.5226898875
4.064,21.5226898875
4.0645,21.5226898875
4.065,21.5226898875
4.0655,21.5226898875
4.066,21.5226898875
4.0665,21.5226898875
4.067,21.5226898875
4.0675,21.5226898875
4.068,21.203835222499997
4.0685,21.203835222499997
4.069,21.5226898875
4.0695,21.203835222499997
4.07,21.203835222499997
4.0705,21.203835222499997
4.071,21.203835222499997
4.0715,21.203835222499997
4.072,21.203835222499997
4.0725,21.203835222499997
4.073,21.203835222499997
4.0735,21.203835222499997
4.074,21.203835222499997
4.0745,21.203835222499997
4.075,21.203835222499997
4.0755,21.203835222499997
4.076,21.203835222499997
4.0765,21.203835222499997
4.077,21.203835222499997
4.0775,21.203835222499997
4.078,21.203835222499997
4.0785,21.203835222499997
4.079,21.203835222499997
4.0795,21.203835222499997
4.08,21.203835222499997
4.0805,21.203835222499997
4.081,21.203835222499997
4.0815,21.203835222499997
4.082,21.203835222499997
4.0825,21.203835222499997
4.083,21.203835222499997
4.0835,21.203835222499997
4.084,21.203835222499997
4.0845,21.203835222499997
4.085,21.203835222499997
4.0855,21.203835222499997
4.086,21.203835222499997
4.0865,21.203835222499997
4.087,21.5226898875
4.0875,21.5226898875
4.088,21.5226898875
4.0885,21.5226898875
4.089,21.5226898875
4.0895,21.5226898875
4.09,21.5226898875
4.0905,21.5226898875
4.091,21.5226898875
4.0915,21.5226898875
4.092,21.203835222499997
4.0925,21.203835222499997
4.093,21.203835222499997
4.0935,21.203835222499997
4.094,21.203835222499997
4.0945,21.203835222499997
4.095,21.203835222499997
4.0955,21.203835222499997
4.096,21.203835222499997
4.0965,21.203835222499997
4.097,21.203835222499997
4.0975,21.203835222499997
4.098,21.203835222499997
4.0985,20.8849805575
4.099,20.8849805575
4.0995,20.8849805575
4.1,20.8849805575
4.1005,20.8849805575
4.101,20.8849805575
4.1015,21.203835222499997
4.102,21.203835222499997
4.1025,21.203835222499997
4.103,21.203835222499997
4.1035,21.203835222499997
4.104,20.8849805575
4.1045,20.8849805575
4.105,20.8849805575
4.1055,20.8849805575
4.106,20.8849805575
4.1065,21.203835222499997
4.107,21.203835222499997
4.1075,20.8849805575
4.108,20.8849805575
4.1085,21.203835222499997
4.109,21.203835222499997
4.1095,21.203835222499997
4.11,21.203835222499997
4.1105,21.5226898875
4.111,21.5226898875
4.1115,21.5226898875
4.112,21.5226898875
4.1125,21.5226898875
4.113,21.5226898875
4.1135,21.5226898875
4.114,21.5226898875
4.1145,21.5226898875
4.115,21.203835222499997
4.1155,21.203835222499997
4.116,20.8849805575
4.1165,21.5226898875
4.117,21.5226898875
4.1175,21.203835222499997
4.118,21.203835222499997
4.1185,21.203835222499997
4.119,21.203835222499997
4.1195,21.5226898875
4.12,21.5226898875
4.1205,21.203835222499997
4.121,21.5226898875
4.1215,21.203835222499997
4.122,20.8849805575
4.1225,21.203835222499997
4.123,20.8849805575
4.1235,20.8849805575
4.124,21.5226898875
4.1245,21.5226898875
4.125,21.5226898875
4.1255,21.5226898875
4.126,21.5226898875
4.1265,21.5226898875
4.127,21.5226898875
4.1275,21.5226898875
4.128,21.5226898875
4.1285,21.5226898875
4.129,21.5226898875
4.1295,21.5226898875
4.13,21.5226898875
4.1305,21.5226898875
4.131,21.5226898875
4.1315,21.203835222499997
4.132,21.203835222499997
4.1325,21.5226898875
4.133,21.5226898875
4.1335,21.5226898875
4.134,21.5226898875
4.1345,21.5226898875
4.135,21.5226898875
4.1355,21.5226898875
4.136,21.5226898875
4.1365,21.5226898875
4.137,21.5226898875
4.1375,21.5226898875
4.138,21.5226898875
4.1385,21.5226898875
4.139,21.5226898875
4.1395,21.5226898875
4.14,21.5226898875
4.1405,21.5226898875
4.141,21.5226898875
4.1415,21.5226898875
4.142,21.5226898875
4.1425,21.5226898875
4.143,21.5226898875
4.1435,21.5226898875
4.144,21.5226898875
4.1445,21.5226898875
4.145,21.5226898875
4.1455,21.5226898875
4.146,21.5226898875
4.1465,21.5226898875
4.147,21.5226898875
4.1475,21.5226898875
4.148,21.5226898875
4.1485,21.5226898875
4.149,21.5226898875
4.1495,21.203835222499997
4.15,21.203835222499997
4.1505,21.203835222499997
4.151,21.203835222499997
4.1515,21.203835222499997
4.152,21.203835222499997
4.1525,21.203835222499997
4.153,21.203835222499997
4.1535,21.203835222499997
4.154,21.203835222499997
4.1545,21.203835222499997
4.155,21.203835222499997
4.1555,21.203835222499997
4.156,21.203835222499997
4.1565,21.203835222499997
4.157,21.203835222499997
4.1575,21.203835222499997
4.158,21.203835222499997
4.1585,21.203835222499997
4.159,21.203835222499997
4.1595,21.203835222499997
4.16,21.203835222499997
4.1605,21.203835222499997
4.161,21.203835222499997
4.1615,21.203835222499997
4.162,21.203835222499997
4.1625,21.203835222499997
4.163,21.203835222499997
4.1635,21.203835222499997
4.164,21.203835222499997
4.1645,21.203835222499997
4.165,21.203835222499997
4.1655,21.203835222499997
4.166,21.203835222499997
4.1665,21.203835222499997
4.167,21.203835222499997
4.1675,21.203835222499997
4.168,21.203835222499997
4.1685,21.203835222499997
4.169,21.203835222499997
4.1695,20.8849805575
4.17,20.8849805575
4.1705,20.8849805575
4.171,20.8849805575
4.1715,20.8849805575
4.172,20.8849805575
4.1725,20.8849805575
4.173,20.8849805575
4.1735,20.8849805575
4.174,20.8849805575
4.1745,21.203835222499997
4.175,21.203835222499997
4.1755,21.203835222499997
4.176,20.8849805575
4.1765,20.8849805575
4.177,20.8849805575
4.1775,20.8849805575
4.178,20.8849805575
4.1785,20.8849805575
4.179,20.8849805575
4.1795,20.8849805575
4.18,20.8849805575
4.1805,20.8849805575
4.181,20.8849805575
4.1815,20.8849805575
4.182,20.8849805575
4.1825,20.8849805575
4.183,20.8849805575
4.1835,20.8849805575
4.184,20.8849805575
4.1845,20.8849805575
4.185,20.8849805575
4.1855,20.8849805575
4.186,20.8849805575
4.1865,20.8849805575
4.187,20.8849805575
4.1875,20.8849805575
4.188,20.8849805575
4.1885,20.8849805575
4.189,20.8849805575
4.1895,20.8849805575
4.19,20.8849805575
4.1905,20.8849805575
4.191,20.8849805575
4.1915,20.8849805575
4.192,20.8849805575
4.1925,20.8849805575
4.193,20.8849805575
4.1935,20.8849805575
4.194,20.8849805575
4.1945,20.8849805575
4.195,21.203835222499997
4.1955,21.203835222499997
4.196,21.203835222499997
4.1965,21.203835222499997
4.197,20.8849805575
4.1975,20.8849805575
4.198,21.203835222499997
4.1985,21.203835222499997
4.199,20.8849805575
4.1995,20.8849805575
4.2,20.8849805575
4.2005,20.8849805575
4.201,20.8849805575
4.2015,20.8849805575
4.202,20.8849805575
4.2025,20.8849805575
4.203,20.8849805575
4.2035,20.8849805575
4.204,20.8849805575
4.2045,20.8849805575
4.205,20.8849805575
4.2055,20.8849805575
4.206,20.8849805575
4.2065,20.8849805575
4.207,20.566125892499997
4.2075,20.8849805575
4.208,20.8849805575
4.2085,20.8849805575
4.209,20.8849805575
4.2095,20.8849805575
4.21,20.8849805575
4.2105,20.8849805575
4.211,20.8849805575
4.2115,20.8849805575
4.212,20.8849805575
4.2125,20.8849805575
4.213,20.8849805575
4.2135,20.8849805575
4.214,20.8849805575
4.2145,20.8849805575
4.215,20.8849805575
4.2155,20.8849805575
4.216,20.8849805575
4.2165,20.8849805575
4.217,20.8849805575
4.2175,20.8849805575
4.218,20.8849805575
4.2185,20.8849805575
4.219,20.8849805575
4.2195,20.8849805575
4.22,20.8849805575
4.2205,20.8849805575
4.221,20.8849805575
4.2215,20.8849805575
4.222,20.8849805575
4.2225,20.8849805575
4.223,20.8849805575
4.2235,20.8849805575
4.224,20.8849805575
4.2245,20.8849805575
4.225,20.8849805575
4.2255,20.8849805575
4.226,20.8849805575
4.2265,20.8849805575
4.227,20.8849805575
4.2275,20.8849805575
4.228,20.8849805575
4.2285,20.8849805575
4.229,20.8849805575
4.2295,20.8849805575
4.23,20.8849805575
4.2305,21.203835222499997
4.231,20.8849805575
4.2315,20.8849805575
4.232,20.8849805575
4.2325,20.8849805575
4.233,20.8849805575
4.2335,21.5226898875
4.234,21.5226898875
4.2345,21.5226898875
4.235,20.8849805575
4.2355,20.8849805575
4.236,20.8849805575
4.2365,20.8849805575
4.237,20.8849805575
4.2375,20.8849805575
4.238,20.8849805575
4.2385,20.8849805575
4.239,20.8849805575
4.2395,21.203835222499997
4.24,21.203835222499997
4.2405,21.5226898875
4.241,21.5226898875
4.2415,21.203835222499997
4.242,21.203835222499997
4.2425,21.5226898875
4.243,21.5226898875
4.2435,21.5226898875
4.244,21.5226898875
4.2445,21.5226898875
4.245,21.5226898875
4.2455,21.5226898875
4.246,21.5226898875
4.2465,21.5226898875
4.247,21.5226898875
4.2475,21.5226898875
4.248,21.5226898875
4.2485,21.5226898875
4.249,21.203835222499997
4.2495,21.203835222499997
4.25,21.5226898875
4.2505,21.5226898875
4.251,21.5226898875
4.2515,21.5226898875
4.252,21.5226898875
4.2525,21.5226898875
4.253,21.5226898875
4.2535,21.5226898875
4.254,21.5226898875
4.2545,21.5226898875
4.255,21.5226898875
4.2555,21.5226898875
4.256,21.5226898875
4.2565,21.5226898875
4.257,21.5226898875
4.2575,21.5226898875
4.258,21.5226898875
4.2585,21.5226898875
4.259,21.5226898875
4.2595,21.5226898875
4.26,21.5226898875
4.2605,21.5226898875
4.261,21.5226898875
4.2615,21.5226898875
4.262,21.5226898875
4.2625,21.5226898875
4.263,21.5226898875
4.2635,21.5226898875
4.264,21.5226898875
4.2645,21.5226898875
4.265,21.5226898875
4.2655,21.5226898875
4.266,21.5226898875
4.2665,21.5226898875
4.267,21.5226898875
4.2675,21.5226898875
4.268,21.5226898875
4.2685,21.5226898875
4.269,21.5226898875
4.2695,21.5226898875
4.27,21.5226898875
4.2705,21.5226898875
4.271,21.5226898875
4.2715,21.5226898875
4.272,21.5226898875
4.2725,21.5226898875
4.273,21.5226898875
4.2735,21.5226898875
4.274,21.5226898875
4.2745,21.5226898875
4.275,21.5226898875
4.2755,21.5226898875
4.276,21.5226898875
4.2765,20.566125892499997
4.277,20.566125892499997
4.2775,20.566125892499997
4.278,20.566125892499997
4.2785,20.566125892499997
4.279,20.566125892499997
4.2795,20.566125892499997
4.28,20.566125892499997
4.2805,20.566125892499997
4.281,20.566125892499997
4.2815,20.2472712275
4.282,20.2472712275
4.2825,20.2472712275
4.283,20.566125892499997
4.2835,20.566125892499997
4.284,20.566125892499997
4.2845,20.566125892499997
4.285,20.566125892499997
4.2855,20.566125892499997
4.286,20.566125892499997
4.2865,20.566125892499997
4.287,20.566125892499997
4.2875,20.566125892499997
4.288,20.566125892499997
4.2885,20.566125892499997
4.289,20.566125892499997
4.2895,20.566125892499997
4.29,20.566125892499997
4.2905,20.566125892499997
4.291,20.566125892499997
4.2915,20.566125892499997
4.292,20.566125892499997
4.2925,20.566125892499997
4.293,20.566125892499997
4.2935,20.566125892499997
4.294,20.566125892499997
4.2945,20.566125892499997
4.295,20.566125892499997
4.2955,20.566125892499997
4.296,20.566125892499997
4.2965,20.566125892499997
4.297,20.566125892499997
4.2975,20.566125892499997
4.298,20.566125892499997
4.2985,20.566125892499997
4.299,20.566125892499997
4.2995,20.566125892499997
4.3,20.566125892499997
4.3005,20.566125892499997
4.301,20.566125892499997
4.3015,20.566125892499997
4.302,20.566125892499997
4.3025,20.566125892499997
4.303,20.566125892499997
4.3035,20.566125892499997
4.304,20.566125892499997
4.3045,20.566125892499997
4.305,20.566125892499997
4.3055,20.2472712275
4.306,20.566125892499997
4.3065,20.566125892499997
4.307,20.566125892499997
4.3075,20.566125892499997
4.308,20.566125892499997
4.3085,20.566125892499997
4.309,21.5226898875
4.3095,21.5226898875
4.31,21.5226898875
4.3105,21.5226898875
4.311,21.5226898875
4.3115,21.5226898875
4.312,21.5226898875
4.3125,21.5226898875
4.313,21.5226898875
4.3135,21.5226898875
4.314,21.5226898875
4.3145,21.5226898875
4.315,21.5226898875
4.3155,21.5226898875
4.316,21.5226898875
4.3165,21.5226898875
4.317,21.5226898875
4.3175,21.5226898875
4.318,21.5226898875
4.3185,21.5226898875
4.319,21.5226898875
4.3195,21.5226898875
4.32,21.5226898875
4.3205,20.566125892499997
4.321,21.5226898875
4.3215,21.5226898875
4.322,21.5226898875
4.3225,21.5226898875
4.323,21.5226898875
4.3235,21.5226898875
4.324,21.5226898875
4.3245,21.5226898875
4.325,21.5226898875
4.3255,21.5226898875
4.326,21.5226898875
4.3265,21.5226898875
4.327,21.5226898875
4.3275,21.5226898875
4.328,21.5226898875
4.3285,21.5226898875
4.329,21.5226898875
4.3295,21.5226898875
4.33,21.5226898875
4.3305,21.5226898875
4.331,21.5226898875
4.3315,21.5226898875
4.332,21.5226898875
4.3325,21.5226898875
4.333,21.5226898875
4.3335,21.5226898875
4.334,21.5226898875
4.3345,21.5226898875
4.335,21.5226898875
4.3355,21.5226898875
4.336,21.5226898875
4.3365,21.5226898875
4.337,21.5226898875
4.3375,21.5226898875
4.338,21.5226898875
4.3385,21.5226898875
4.339,21.5226898875
4.3395,21.5226898875
4.34,21.5226898875
4.3405,21.5226898875
4.341,21.5226898875
4.3415,21.5226898875
4.342,21.5226898875
4.3425,21.5226898875
4.343,21.5226898875
4.3435,21.5226898875
4.344,21.5226898875
4.3445,21.5226898875
4.345,21.5226898875
4.3455,21.5226898875
4.346,21.5226898875
4.3465,21.5226898875
4.347,21.5226898875
4.3475,21.5226898875
4.348,21.5226898875
4.3485,21.5226898875
4.349,21.5226898875
4.3495,21.5226898875
4.35,21.5226898875
4.3505,21.5226898875
4.351,21.5226898875
4.3515,21.5226898875
4.352,21.5226898875
4.3525,21.5226898875
4.353,21.5226898875
4.3535,21.5226898875
4.354,21.5226898875
4.3545,21.5226898875
4.355,21.5226898875
4.3555,21.5226898875
4.356,21.5226898875
4.3565,21.5226898875
4.357,21.5226898875
4.3575,21.5226898875
4.358,20.2472712275
4.3585,20.2472712275
4.359,20.2472712275
4.3595,21.5226898875
4.36,21.5226898875
4.3605,21.5226898875
4.361,21.5226898875
4.3615,21.5226898875
4.362,21.5226898875
4.3625,21.5226898875
4.363,21.5226898875
4.3635,27.580928522499995
4.364,27.580928522499995
4.3645,27.580928522499995
4.365,27.580928522499995
4.3655,27.580928522499995
4.366,27.580928522499995
4.3665,27.580928522499995
4.367,27.580928522499995
4.3675,20.2472712275
4.368,20.2472712275
4.3685,20.2472712275
4.369,20.2472712275
4.3695,20.2472712275
4.37,20.2472712275
4.3705,27.580928522499995
4.371,27.580928522499995
4.3715,27.580928522499995
4.372,27.580928522499995
4.3725,27.580928522499995
4.373,21.5226898875
4.3735,21.5226898875
4.374,21.5226898875
4.3745,19.928416562499997
4.375,19.928416562499997
4.3755,20.2472712275
4.376,20.2472712275
4.3765,20.2472712275
4.377,20.2472712275
4.3775,20.2472712275
4.378,20.2472712275
4.3785,20.2472712275
4.379,20.2472712275
4.3795,20.2472712275
4.38,20.2472712275
4.3805,20.2472712275
4.381,20.2472712275
4.3815,21.5226898875
4.382,21.5226898875
4.3825,21.5226898875
4.383,21.5226898875
4.3835,21.5226898875
4.384,21.203835222499997
4.3845,21.203835222499997
4.385,21.203835222499997
4.3855,21.203835222499997
4.386,21.203835222499997
4.3865,21.203835222499997
4.387,21.203835222499997
4.3875,21.203835222499997
4.388,27.580928522499995
4.3885,21.203835222499997
4.389,27.580928522499995
4.3895,21.203835222499997
4.39,21.203835222499997
4.3905,20.2472712275
4.391,20.2472712275
4.3915,20.566125892499997
4.392,21.203835222499997
4.3925,20.566125892499997
4.393,20.566125892499997
4.3935,20.566125892499997
4.394,20.566125892499997
4.3945,20.566125892499997
4.395,20.566125892499997
4.3955,20.566125892499997
4.396,20.566125892499997
4.3965,20.566125892499997
4.397,21.203835222499997
4.3975,21.203835222499997
4.398,21.203835222499997
4.3985,21.203835222499997
4.399,21.203835222499997
4.3995,21.203835222499997
4.4,21.203835222499997
4.4005,21.203835222499997
4.401,21.203835222499997
4.4015,21.5226898875
4.402,21.5226898875
4.4025,21.5226898875
4.403,21.5226898875
4.4035,21.5226898875
4.404,21.5226898875
4.4045,21.5226898875
4.405,21.5226898875
4.4055,21.5226898875
4.406,21.5226898875
4.4065,21.5226898875
4.407,21.203835222499997
4.4075,21.203835222499997
4.408,21.203835222499997
4.4085,21.203835222499997
4.409,21.203835222499997
4.4095,21.203835222499997
4.41,21.203835222499997
4.4105,21.203835222499997
4.411,21.203835222499997
4.4115,21.203835222499997
4.412,21.203835222499997
4.4125,21.203835222499997
4.413,21.203835222499997
4.4135,21.203835222499997
4.414,21.203835222499997
4.4145,21.203835222499997
4.415,21.203835222499997
4.4155,21.203835222499997
4.416,21.203835222499997
4.4165,21.203835222499997
4.417,21.203835222499997
4.4175,21.203835222499997
4.418,21.203835222499997
4.4185,21.203835222499997
4.419,21.203835222499997
4.4195,21.203835222499997
4.42,20.2472712275
4.4205,21.203835222499997
4.421,21.203835222499997
4.4215,20.2472712275
4.422,20.2472712275
4.4225,20.566125892499997
4.423,20.566125892499997
4.4235,20.566125892499997
4.424,20.566125892499997
4.4245,20.566125892499997
4.425,20.2472712275
4.4255,20.2472712275
4.426,20.566125892499997
4.4265,20.2472712275
4.427,20.2472712275
4.4275,20.566125892499997
4.428,20.566125892499997
4.4285,21.203835222499997
4.429,20.566125892499997
4.4295,20.566125892499997
4.43,21.203835222499997
4.4305,21.203835222499997
4.431,20.2472712275
4.4315,20.2472712275
4.432,20.2472712275
4.4325,20.566125892499997
4.433,20.566125892499997
4.4335,20.566125892499997
4.434,20.566125892499997
4.4345,20.566125892499997
4.435,20.566125892499997
4.4355,20.8849805575
4.436,20.8849805575
4.4365,20.8849805575
4.437,20.8849805575
4.4375,20.8849805575
4.438,20.8849805575
4.4385,20.8849805575
4.439,20.8849805575
4.4395,20.8849805575
4.44,20.2472712275
4.4405,20.8849805575
4.441,20.8849805575
4.4415,20.8849805575
4.442,20.8849805575
4.4425,20.8849805575
4.443,20.8849805575
4.4435,20.8849805575
4.444,20.8849805575
4.4445,20.8849805575
4.445,20.566125892499997
4.4455,20.566125892499997
4.446,20.566125892499997
4.4465,20.566125892499997
4.447,20.566125892499997
4.4475,20.566125892499997
4.448,20.566125892499997
4.4485,20.8849805575
4.449,20.8849805575
4.4495,20.8849805575
4.45,20.8849805575
4.4505,20.8849805575
4.451,20.8849805575
4.4515,20.8849805575
4.452,21.203835222499997
4.4525,21.203835222499997
4.453,21.203835222499997
4.4535,21.203835222499997
4.454,21.203835222499997
4.4545,21.203835222499997
4.455,20.566125892499997
4.4555,20.566125892499997
4.456,21.203835222499997
4.4565,20.8849805575
4.457,20.8849805575
4.4575,20.8849805575
4.458,20.8849805575
4.4585,21.203835222499997
4.459,19.928416562499997
4.4595,19.928416562499997
4.46,19.928416562499997
4.4605,19.928416562499997
4.461,21.203835222499997
4.4615,19.928416562499997
4.462,19.928416562499997
4.4625,19.928416562499997
4.463,21.203835222499997
4.4635,21.203835222499997
4.464,19.928416562499997
4.4645,20.566125892499997
4.465,20.566125892499997
4.4655,20.566125892499997
4.466,19.928416562499997
4.4665,19.928416562499997
4.467,21.203835222499997
4.4675,21.203835222499997
4.468,21.203835222499997
4.4685,19.928416562499997
4.469,19.928416562499997
4.4695,19.928416562499997
4.47,19.928416562499997
4.4705,19.928416562499997
4.471,19.928416562499997
4.4715,20.566125892499997
4.472,20.566125892499997
4.4725,20.566125892499997
4.473,20.566125892499997
4.4735,20.566125892499997
4.474,20.566125892499997
4.4745,20.566125892499997
4.475,20.566125892499997
4.4755,20.566125892499997
4.476,20.566125892499997
4.4765,19.928416562499997
4.477,19.928416562499997
4.4775,19.928416562499997
4.478,19.928416562499997
4.4785,20.8849805575
4.479,19.928416562499997
4.4795,19.928416562499997
4.48,19.928416562499997
4.4805,20.8849805575
4.481,20.8849805575
4.4815,20.8849805575
4.482,20.8849805575
4.4825,20.8849805575
4.483,20.8849805575
4.4835,20.8849805575
4.484,20.566125892499997
4.4845,20.8849805575
4.485,20.8849805575
4.4855,20.8849805575
4.486,20.8849805575
4.4865,20.8849805575
4.487,20.566125892499997
4.4875,20.566125892499997
4.488,20.8849805575
4.4885,20.8849805575
4.489,20.8849805575
4.4895,20.8849805575
4.49,20.566125892499997
4.4905,20.566125892499997
4.491,20.566125892499997
4.4915,20.566125892499997
4.492,20.2472712275
4.4925,20.2472712275
4.493,20.2472712275
4.4935,20.2472712275
4.494,20.2472712275
4.4945,20.2472712275
4.495,20.2472712275
4.4955,20.2472712275
4.496,20.8849805575
4.4965,20.8849805575
4.497,20.8849805575
4.4975,20.8849805575
4.498,20.8849805575
4.4985,20.8849805575
4.499,20.8849805575
4.4995,20.8849805575
4.5,20.566125892499997
4.5005,20.566125892499997
4.501,20.2472712275
4.5015,20.2472712275
4.502,20.566125892499997
4.5025,20.2472712275
4.503,20.2472712275
4.5035,20.2472712275
4.504,20.2472712275
4.5045,20.2472712275
4.505,20.2472712275
4.5055,20.2472712275
4.506,20.2472712275
4.5065,19.928416562499997
4.507,19.928416562499997
4.5075,19.928416562499997
4.508,19.928416562499997
4.5085,19.928416562499997
4.509,19.928416562499997
4.5095,19.928416562499997
4.51,19.928416562499997
4.5105,19.928416562499997
4.511,19.928416562499997
4.5115,19.928416562499997
4.512,19.928416562499997
4.5125,19.928416562499997
4.513,19.928416562499997
4.5135,19.928416562499997
4.514,19.928416562499997
4.5145,20.566125892499997
4.515,20.566125892499997
4.5155,20.566125892499997
4.516,20.566125892499997
4.5165,20.566125892499997
4.517,20.2472712275
4.5175,19.928416562499997
4.518,20.566125892499997
4.5185,20.566125892499997
4.519,20.566125892499997
4.5195,19.928416562499997
4.52,19.928416562499997
4.5205,20.566125892499997
4.521,19.928416562499997
4.5215,19.928416562499997
4.522,19.928416562499997
4.5225,19.928416562499997
4.523,20.2472712275
4.5235,20.566125892499997
4.524,20.566125892499997
4.5245,20.566125892499997
4.525,20.566125892499997
4.5255,19.928416562499997
4.526,19.928416562499997
4.5265,20.566125892499997
4.527,20.566125892499997
4.5275,20.566125892499997
4.528,20.566125892499997
4.5285,19.928416562499997
4.529,19.928416562499997
4.5295,20.566125892499997
4.53,20.566125892499997
4.5305,20.566125892499997
4.531,20.566125892499997
4.5315,20.8849805575
4.532,20.8849805575
4.5325,20.8849805575
4.533,20.8849805575
4.5335,20.8849805575
4.534,20.8849805575
4.5345,20.8849805575
4.535,20.8849805575
4.5355,19.6095618975
4.536,19.6095618975
4.5365,20.8849805575
4.537,20.8849805575
4.5375,19.6095618975
4.538,19.6095618975
4.5385,19.6095618975
4.539,19.6095618975
4.5395,19.6095618975
4.54,19.6095618975
4.5405,19.6095618975
4.541,19.6095618975
4.5415,19.6095618975
4.542,19.6095618975
4.5425,20.2472712275
4.543,19.6095618975
4.5435,19.6095618975
4.544,19.6095618975
4.5445,19.6095618975
4.545,19.6095618975
4.5455,19.6095618975
4.546,19.6095618975
4.5465,19.6095618975
4.547,19.6095618975
4.5475,19.6095618975
4.548,19.6095618975
4.5485,19.6095618975
4.549,19.6095618975
4.5495,19.6095618975
4.55,19.6095618975
4.5505,19.6095618975
4.551,19.6095618975
4.5515,19.6095618975
4.552,19.6095618975
4.5525,19.6095618975
4.553,20.2472712275
4.5535,19.6095618975
4.554,19.6095618975
4.5545,20.2472712275
4.555,20.2472712275
4.5555,20.2472712275
4.556,20.2472712275
4.5565,20.2472712275
4.557,19.6095618975
4.5575,19.6095618975
4.558,20.2472712275
4.5585,19.6095618975
4.559,19.6095618975
4.5595,19.6095618975
4.56,19.6095618975
4.5605,19.6095618975
4.561,20.8849805575
4.5615,20.8849805575
4.562,20.8849805575
4.5625,19.6095618975
4.563,19.6095618975
4.5635,20.8849805575
4.564,20.566125892499997
4.5645,20.566125892499997
4.565,20.566125892499997
4.5655,20.8849805575
4.566,20.8849805575
4.5665,20.8849805575
4.567,20.8849805575
4.5675,20.8849805575
4.568,20.8849805575
4.5685,20.8849805575
4.569,20.566125892499997
4.5695,20.566125892499997
4.57,20.566125892499997
4.5705,20.566125892499997
4.571,20.566125892499997
4.5715,20.566125892499997
4.572,20.2472712275
4.5725,19.6095618975
4.573,19.6095618975
4.5735,19.6095618975
4.574,19.6095618975
4.5745,19.6095618975
4.575,19.6095618975
4.5755,19.6095618975
4.576,20.2472712275
4.5765,20.2472712275
4.577,20.2472712275
4.5775,20.8849805575
4.578,20.8849805575
4.5785,20.566125892499997
4.579,20.566125892499997
4.5795,20.566125892499997
4.58,20.566125892499997
4.5805,20.8849805575
4.581,20.566125892499997
4.5815,20.566125892499997
4.582,20.8849805575
4.5825,20.8849805575
4.583,20.8849805575
4.5835,20.8849805575
4.584,20.8849805575
4.5845,20.8849805575
4.585,20.8849805575
4.5855,20.8849805575
4.586,20.8849805575
4.5865,19.6095618975
4.587,20.8849805575
4.5875,20.8849805575
4.588,20.8849805575
4.5885,20.8849805575
4.589,20.8849805575
4.5895,20.8849805575
4.59,20.8849805575
4.5905,20.8849805575
4.591,20.8849805575
4.5915,20.8849805575
4.592,20.8849805575
4.5925,20.8849805575
4.593,20.8849805575
4.5935,20.8849805575
4.594,20.8849805575
4.5945,20.8849805575
4.595,20.8849805575
4.5955,19.6095618975
4.596,20.8849805575
4.5965,19.6095618975
4.597,19.6095618975
4.5975,19.6095618975
4.598,19.6095618975
4.5985,19.6095618975
4.599,19.6095618975
4.5995,19.6095618975
4.6,19.6095618975
4.6005,19.6095618975
4.601,19.6095618975
4.6015,19.6095618975
4.602,19.6095618975
4.6025,19.6095618975
4.603,19.6095618975
4.6035,19.6095618975
4.604,19.6095618975
4.6045,19.6095618975
4.605,19.6095618975
4.6055,19.6095618975
4.606,19.6095618975
4.6065,19.6095618975
4.607,19.6095618975
4.6075,19.6095618975
4.608,19.6095618975
4.6085,19.6095618975
4.609,19.6095618975
4.6095,19.6095618975
4.61,19.6095618975
4.6105,19.6095618975
4.611,19.6095618975
4.6115,19.6095618975
4.612,19.6095618975
4.6125,19.6095618975
4.613,19.6095618975
4.6135,19.6095618975
4.614,19.6095618975
4.6145,19.6095618975
4.615,19.6095618975
4.6155,19.6095618975
4.616,19.6095618975
4.6165,19.6095618975
4.617,19.6095618975
4.6175,19.6095618975
4.618,19.6095618975
4.6185,19.6095618975
4.619,19.6095618975
4.6195,19.6095618975
4.62,19.6095618975
4.6205,19.6095618975
4.621,19.6095618975
4.6215,19.6095618975
4.622,19.6095618975
4.6225,19.6095618975
4.623,19.6095618975
4.6235,19.6095618975
4.624,19.6095618975
4.6245,19.6095618975
4.625,19.6095618975
4.6255,19.6095618975
4.626,19.6095618975
4.6265,19.6095618975
4.627,19.6095618975
4.6275,19.6095618975
4.628,19.6095618975
4.6285,19.6095618975
4.629,19.6095618975
4.6295,27.580928522499995
4.63,27.580928522499995
4.6305,19.6095618975
4.631,19.6095618975
4.6315,19.6095618975
4.632,19.6095618975
4.6325,19.6095618975
4.633,19.6095618975
4.6335,19.6095618975
4.634,19.6095618975
4.6345,19.6095618975
4.635,19.6095618975
4.6355,19.6095618975
4.636,19.6095618975
4.6365,19.6095618975
4.637,19.6095618975
4.6375,19.6095618975
4.638,19.6095618975
4.6385,19.6095618975
4.639,19.6095618975
4.6395,27.580928522499995
4.64,27.580928522499995
4.6405,19.6095618975
4.641,19.6095618975
4.6415,19.6095618975
4.642,19.6095618975
4.6425,19.6095618975
4.643,19.6095618975
4.6435,19.6095618975
4.644,19.6095618975
4.6445,19.6095618975
4.645,19.6095618975
4.6455,27.580928522499995
4.646,27.580928522499995
4.6465,19.6095618975
4.647,19.6095618975
4.6475,19.6095618975
4.648,19.6095618975
4.6485,19.6095618975
4.649,19.6095618975
4.6495,19.6095618975
4.65,19.6095618975
4.6505,19.6095618975
4.651,19.6095618975
4.6515,19.6095618975
4.652,19.6095618975
4.6525,19.6095618975
4.653,19.6095618975
4.6535,19.6095618975
4.654,19.6095618975
4.6545,19.6095618975
4.655,19.6095618975
4.6555,19.6095618975
4.656,19.6095618975
4.6565,19.6095618975
4.657,19.6095618975
4.6575,19.6095618975
4.658,19.6095618975
4.6585,19.6095618975
4.659,19.6095618975
4.6595,19.6095618975
4.66,19.6095618975
4.6605,19.6095618975
4.661,19.6095618975
4.6615,19.6095618975
4.662,19.6095618975
4.6625,19.6095618975
4.663,19.6095618975
4.6635,19.6095618975
4.664,19.6095618975
4.6645,19.6095618975
4.665,19.6095618975
4.6655,19.6095618975
4.666,19.6095618975
4.6665,19.6095618975
4.667,19.6095618975
4.6675,19.6095618975
4.668,19.6095618975
4.6685,19.6095618975
4.669,19.6095618975
4.6695,19.6095618975
4.67,19.6095618975
4.6705,19.6095618975
4.671,19.6095618975
4.6715,19.6095618975
4.672,19.6095618975
4.6725,19.6095618975
4.673,19.6095618975
4.6735,19.6095618975
4.674,19.6095618975
4.6745,19.6095618975
4.675,19.6095618975
4.6755,19.6095618975
4.676,19.6095618975
4.6765,19.6095618975
4.677,19.6095618975
4.6775,19.6095618975
4.678,19.6095618975
4.6785,19.6095618975
4.679,19.6095618975
4.6795,19.6095618975
4.68,19.6095618975
4.6805,19.6095618975
4.681,19.6095618975
4.6815,19.6095618975
4.682,19.6095618975
4.6825,19.6095618975
4.683,19.6095618975
4.6835,19.6095618975
4.684,19.6095618975
4.6845,19.6095618975
4.685,19.6095618975
4.6855,19.6095618975
4.686,19.6095618975
4.6865,19.6095618975
4.687,19.6095618975
4.6875,19.6095618975
4.688,19.6095618975
4.6885,19.6095618975
4.689,19.6095618975
4.6895,19.6095618975
4.69,19.6095618975
4.6905,19.6095618975
4.691,19.6095618975
4.6915,19.6095618975
4.692,19.6095618975
4.6925,19.6095618975
4.693,19.6095618975
4.6935,19.6095618975
4.694,19.6095618975
4.6945,19.6095618975
4.695,19.6095618975
4.6955,19.6095618975
4.696,19.6095618975
4.6965,19.6095618975
4.697,19.6095618975
4.6975,19.6095618975
4.698,19.6095618975
4.6985,19.928416562499997
4.699,19.928416562499997
4.6995,19.928416562499997
4.7,19.928416562499997
4.7005,19.928416562499997
4.701,19.928416562499997
4.7015,19.928416562499997
4.702,19.928416562499997
4.7025,19.928416562499997
4.703,19.928416562499997
4.7035,19.928416562499997
4.704,19.928416562499997
4.7045,19.6095618975
4.705,19.6095618975
4.7055,19.6095618975
4.706,19.6095618975
4.7065,19.6095618975
4.707,19.6095618975
4.7075,19.6095618975
4.708,19.6095618975
4.7085,19.6095618975
4.709,19.928416562499997
4.7095,19.928416562499997
4.71,19.928416562499997
4.7105,19.928416562499997
4.711,19.928416562499997
4.7115,19.928416562499997
4.712,19.928416562499997
4.7125,19.928416562499997
4.713,19.928416562499997
4.7135,19.928416562499997
4.714,19.928416562499997
4.7145,19.928416562499997
4.715,19.928416562499997
4.7155,19.928416562499997
4.716,19.928416562499997
4.7165,19.928416562499997
4.717,19.928416562499997
4.7175,19.928416562499997
4.718,19.928416562499997
4.7185,19.928416562499997
4.719,19.928416562499997
4.7195,19.928416562499997
4.72,19.928416562499997
4.7205,19.928416562499997
4.721,19.928416562499997
4.7215,19.928416562499997
4.722,19.928416562499997
4.7225,19.928416562499997
4.723,19.928416562499997
4.7235,19.928416562499997
4.724,19.928416562499997
4.7245,19.928416562499997
4.725,19.928416562499997
4.7255,19.928416562499997
4.726,19.928416562499997
4.7265,19.928416562499997
4.727,19.928416562499997
4.7275,19.928416562499997
4.728,19.928416562499997
4.7285,19.928416562499997
4.729,19.928416562499997
4.7295,19.928416562499997
4.73,19.928416562499997
4.7305,19.928416562499997
4.731,19.928416562499997
4.7315,19.928416562499997
4.732,19.928416562499997
4.7325,19.928416562499997
4.733,19.928416562499997
4.7335,19.928416562499997
4.734,19.928416562499997
4.7345,19.928416562499997
4.735,19.928416562499997
4.7355,19.928416562499997
4.736,19.928416562499997
4.7365,19.928416562499997
4.737,19.928416562499997
4.7375,19.928416562499997
4.738,19.928416562499997
4.7385,19.928416562499997
4.739,19.928416562499997
4.7395,19.928416562499997
4.74,19.928416562499997
4.7405,19.928416562499997
4.741,19.6095618975
4.7415,19.6095618975
4.742,19.6095618975
4.7425,19.6095618975
4.743,19.6095618975
4.7435,19.6095618975
4.744,19.6095618975
4.7445,19.6095618975
4.745,19.6095618975
4.7455,19.6095618975
4.746,19.6095618975
4.7465,19.6095618975
4.747,19.6095618975
4.7475,19.6095618975
4.748,19.6095618975
4.7485,19.6095618975
4.749,19.6095618975
4.7495,19.6095618975
4.75,19.6095618975
4.7505,19.6095618975
4.751,19.6095618975
4.7515,19.6095618975
4.752,19.6095618975
4.7525,19.6095618975
4.753,19.6095618975
4.7535,19.6095618975
4.754,19.6095618975
4.7545,19.6095618975
4.755,19.6095618975
4.7555,19.6095618975
4.756,19.6095618975
4.7565,19.6095618975
4.757,19.6095618975
4.7575,19.6095618975
4.758,19.6095618975
4.7585,19.6095618975
4.759,19.6095618975
4.7595,19.6095618975
4.76,19.6095618975
4.7605,19.6095618975
4.761,19.6095618975
4.7615,19.6095618975
4.762,19.6095618975
4.7625,19.6095618975
4.763,19.6095618975
4.7635,19.6095618975
4.764,19.6095618975
4.7645,19.6095618975
4.765,19.6095618975
4.7655,19.6095618975
4.766,19.6095618975
4.7665,19.6095618975
4.767,19.6095618975
4.7675,19.6095618975
4.768,19.6095618975
4.7685,19.6095618975
4.769,19.6095618975
4.7695,19.6095618975
4.77,19.6095618975
4.7705,19.6095618975
4.771,19.6095618975
4.7715,19.6095618975
4.772,19.6095618975
4.7725,19.6095618975
4.773,19.6095618975
4.7735,19.6095618975
4.774,19.6095618975
4.7745,19.6095618975
4.775,19.6095618975
4.7755,19.6095618975
4.776,19.6095618975
4.7765,19.6095618975
4.777,19.6095618975
4.7775,19.6095618975
4.778,19.928416562499997
4.7785,19.6095618975
4.779,19.6095618975
4.7795,19.6095618975
4.78,19.6095618975
4.7805,19.290707232499997
4.781,19.290707232499997
4.7815,19.290707232499997
4.782,19.290707232499997
4.7825,19.290707232499997
4.783,19.290707232499997
4.7835,19.290707232499997
4.784,19.290707232499997
4.7845,19.290707232499997
4.785,19.290707232499997
4.7855,19.290707232499997
4.786,19.290707232499997
4.7865,19.290707232499997
4.787,19.290707232499997
4.7875,19.290707232499997
4.788,19.290707232499997
4.7885,19.290707232499997
4.789,19.290707232499997
4.7895,19.290707232499997
4.79,19.290707232499997
4.7905,19.290707232499997
4.791,19.290707232499997
4.7915,19.290707232499997
4.792,19.290707232499997
4.7925,19.290707232499997
4.793,19.290707232499997
4.7935,19.290707232499997
4.794,19.290707232499997
4.7945,19.290707232499997
4.795,19.290707232499997
4.7955,19.290707232499997
4.796,19.290707232499997
4.7965,19.290707232499997
4.797,19.290707232499997
4.7975,19.290707232499997
4.798,19.290707232499997
4.7985,19.290707232499997
4.799,19.290707232499997
4.7995,19.290707232499997
4.8,19.290707232499997
4.8005,19.290707232499997
4.801,19.290707232499997
4.8015,19.290707232499997
4.802,19.290707232499997
4.8025,19.290707232499997
4.803,19.290707232499997
4.8035,19.290707232499997
4.804,19.290707232499997
4.8045,19.290707232499997
4.805,19.6095618975
4.8055,19.6095618975
4.806,19.6095618975
4.8065,19.6095618975
4.807,19.290707232499997
4.8075,19.290707232499997
4.808,19.290707232499997
4.8085,19.290707232499997
4.809,19.290707232499997
4.8095,19.290707232499997
4.81,19.290707232499997
4.8105,19.6095618975
4.811,19.6095618975
4.8115,19.6095618975
4.812,19.6095618975
4.8125,19.6095618975
4.813,19.6095618975
4.8135,19.6095618975
4.814,19.6095618975
4.8145,19.6095618975
4.815,19.6095618975
4.8155,19.6095618975
4.816,19.6095618975
4.8165,19.6095618975
4.817,19.6095618975
4.8175,19.6095618975
4.818,19.6095618975
4.8185,19.6095618975
4.819,19.6095618975
4.8195,19.6095618975
4.82,19.6095618975
4.8205,19.6095618975
4.821,19.6095618975
4.8215,19.6095618975
4.822,19.6095618975
4.8225,19.6095618975
4.823,19.6095618975
4.8235,19.6095618975
4.824,19.6095618975
4.8245,19.6095618975
4.825,19.6095618975
4.8255,19.6095618975
4.826,19.6095618975
4.8265,19.6095618975
4.827,19.6095618975
4.8275,19.290707232499997
4.828,19.290707232499997
4.8285,19.6095618975
4.829,19.6095618975
4.8295,19.290707232499997
4.83,19.290707232499997
4.8305,19.6095618975
4.831,19.6095618975
4.8315,19.6095618975
4.832,19.6095618975
4.8325,19.6095618975
4.833,19.6095618975
4.8335,19.6095618975
4.834,19.6095618975
4.8345,19.6095618975
4.835,19.6095618975
4.8355,19.6095618975
4.836,19.6095618975
4.8365,19.6095618975
4.837,19.6095618975
4.8375,19.6095618975
4.838,19.6095618975
4.8385,19.6095618975
4.839,19.6095618975
4.8395,19.6095618975
4.84,19.6095618975
4.8405,19.6095618975
4.841,19.6095618975
4.8415,19.6095618975
4.842,19.6095618975
4.8425,19.6095618975
4.843,19.6095618975
4.8435,19.6095618975
4.844,19.6095618975
4.8445,19.6095618975
4.845,19.6095618975
4.8455,19.6095618975
4.846,19.6095618975
4.8465,19.6095618975
4.847,19.6095618975
4.8475,19.6095618975
4.848,19.6095618975
4.8485,19.6095618975
4.849,19.6095618975
4.8495,19.6095618975
4.85,19.290707232499997
4.8505,19.290707232499997
4.851,19.290707232499997
4.8515,19.290707232499997
4.852,19.290707232499997
4.8525,19.290707232499997
4.853,19.290707232499997
4.8535,19.290707232499997
4.854,19.290707232499997
4.8545,19.290707232499997
4.855,19.290707232499997
4.8555,19.290707232499997
4.856,19.290707232499997
4.8565,19.290707232499997
4.857,19.290707232499997
4.8575,19.290707232499997
4.858,19.290707232499997
4.8585,19.290707232499997
4.859,19.290707232499997
4.8595,19.290707232499997
4.86,19.290707232499997
4.8605,19.290707232499997
4.861,19.290707232499997
4.8615,19.290707232499997
4.862,19.290707232499997
4.8625,19.290707232499997
4.863,19.290707232499997
4.8635,19.290707232499997
4.864,19.290707232499997
4.8645,19.290707232499997
4.865,19.290707232499997
4.8655,19.290707232499997
4.866,19.290707232499997
4.8665,19.290707232499997
4.867,19.290707232499997
4.8675,19.290707232499997
4.868,19.290707232499997
4.8685,19.290707232499997
4.869,19.290707232499997
4.8695,19.290707232499997
4.87,19.290707232499997
4.8705,19.290707232499997
4.871,26.6243645275
4.8715,26.6243645275
4.872,19.290707232499997
4.8725,19.290707232499997
4.873,19.290707232499997
4.8735,19.290707232499997
4.874,19.290707232499997
4.8745,19.290707232499997
4.875,19.290707232499997
4.8755,19.290707232499997
4.876,19.290707232499997
4.8765,19.290707232499997
4.877,19.290707232499997
4.8775,26.6243645275
4.878,26.6243645275
4.8785,26.6243645275
4.879,19.290707232499997
4.8795,19.290707232499997
4.88,19.290707232499997
4.8805,19.290707232499997
4.881,19.290707232499997
4.8815,19.290707232499997
4.882,19.290707232499997
4.8825,19.290707232499997
4.883,19.290707232499997
4.8835,19.290707232499997
4.884,19.290707232499997
4.8845,19.290707232499997
4.885,19.290707232499997
4.8855,19.290707232499997
4.886,19.290707232499997
4.8865,19.290707232499997
4.887,19.290707232499997
4.8875,19.290707232499997
4.888,19.290707232499997
4.8885,19.290707232499997
4.889,19.290707232499997
4.8895,19.290707232499997
4.89,19.290707232499997
4.8905,19.290707232499997
4.891,19.290707232499997
4.8915,19.290707232499997
4.892,19.290707232499997
4.8925,19.290707232499997
4.893,19.290707232499997
4.8935,19.290707232499997
4.894,19.290707232499997
4.8945,19.290707232499997
4.895,19.290707232499997
4.8955,19.290707232499997
4.896,19.290707232499997
4.8965,19.290707232499997
4.897,19.290707232499997
4.8975,19.290707232499997
4.898,19.290707232499997
4.8985,19.290707232499997
4.899,19.290707232499997
4.8995,19.290707232499997
4.9,19.290707232499997
4.9005,19.290707232499997
4.901,19.290707232499997
4.9015,19.290707232499997
4.902,19.290707232499997
4.9025,19.290707232499997
4.903,19.290707232499997
4.9035,19.290707232499997
4.904,19.290707232499997
4.9045,19.290707232499997
4.905,19.290707232499997
4.9055,19.290707232499997
4.906,19.290707232499997
4.9065,19.290707232499997
4.907,19.290707232499997
4.9075,19.290707232499997
4.908,19.290707232499997
4.9085,19.290707232499997
4.909,19.290707232499997
4.9095,19.290707232499997
4.91,19.290707232499997
4.9105,19.290707232499997
4.911,19.290707232499997
4.9115,19.290707232499997
4.912,19.290707232499997
4.9125,19.290707232499997
4.913,19.290707232499997
4.9135,19.290707232499997
4.914,19.290707232499997
4.9145,19.290707232499997
4.915,18.9718525675
4.9155,18.9718525675
4.916,18.9718525675
4.9165,18.9718525675
4.917,18.9718525675
4.9175,19.290707232499997
4.918,18.9718525675
4.9185,18.9718525675
4.919,18.9718525675
4.9195,18.9718525675
4.92,18.9718525675
4.9205,18.9718525675
4.921,18.9718525675
4.9215,18.9718525675
4.922,18.9718525675
4.9225,18.9718525675
4.923,18.9718525675
4.9235,18.9718525675
4.924,18.9718525675
4.9245,18.9718525675
4.925,18.9718525675
4.9255,18.9718525675
4.926,18.9718525675
4.9265,18.9718525675
4.927,18.9718525675
4.9275,18.9718525675
4.928,18.9718525675
4.9285,18.9718525675
4.929,18.9718525675
4.9295,18.9718525675
4.93,18.9718525675
4.9305,18.9718525675
4.931,18.9718525675
4.9315,18.9718525675
4.932,18.9718525675
4.9325,18.9718525675
4.933,19.290707232499997
4.9335,19.290707232499997
4.934,19.290707232499997
4.9345,19.290707232499997
4.935,19.290707232499997
4.9355,19.290707232499997
4.936,19.290707232499997
4.9365,18.9718525675
4.937,18.9718525675
4.9375,18.9718525675
4.938,18.9718525675
4.9385,18.9718525675
4.939,18.9718525675
4.9395,18.9718525675
4.94,18.9718525675
4.9405,18.9718525675
4.941,18.9718525675
4.9415,18.9718525675
4.942,18.9718525675
4.9425,18.9718525675
4.943,18.9718525675
4.9435,18.9718525675
4.944,18.9718525675
4.9445,18.9718525675
4.945,18.9718525675
4.9455,18.9718525675
4.946,18.9718525675
4.9465,18.9718525675
4.947,18.9718525675
4.9475,18.9718525675
4.948,18.9718525675
4.9485,18.9718525675
4.949,18.9718525675
4.9495,18.9718525675
4.95,18.9718525675
4.9505,18.9718525675
4.951,18.9718525675
4.9515,18.9718525675
4.952,18.9718525675
4.9525,18.9718525675
4.953,18.9718525675
4.9535,18.9718525675
4.954,18.9718525675
4.9545,18.9718525675
4.955,18.9718525675
4.9555,18.652997902499997
4.956,18.652997902499997
4.9565,18.652997902499997
4.957,18.652997902499997
4.9575,18.9718525675
4.958,18.9718525675
4.9585,18.9718525675
4.959,18.9718525675
4.9595,18.9718525675
4.96,18.9718525675
4.9605,18.9718525675
4.961,18.9718525675
4.9615,18.9718525675
4.962,18.9718525675
4.9625,18.9718525675
4.963,18.9718525675
4.9635,18.9718525675
4.964,18.9718525675
4.9645,18.9718525675
4.965,18.9718525675
4.9655,18.9718525675
4.966,18.9718525675
4.9665,18.9718525675
4.967,18.9718525675
4.9675,18.9718525675
4.968,19.6095618975
4.9685,19.6095618975
4.969,19.6095618975
4.9695,18.9718525675
4.97,18.9718525675
4.9705,18.9718525675
4.971,18.9718525675
4.9715,18.9718525675
4.972,18.9718525675
4.9725,18.9718525675
4.973,18.9718525675
4.9735,18.9718525675
4.974,18.9718525675
4.9745,18.9718525675
4.975,18.9718525675
4.9755,18.9718525675
4.976,18.9718525675
4.9765,19.6095618975
4.977,19.6095618975
4.9775,19.6095618975
4.978,19.6095618975
4.9785,19.6095618975
4.979,19.6095618975
4.9795,19.6095618975
4.98,19.6095618975
4.9805,19.6095618975
4.981,19.6095618975
4.9815,19.6095618975
4.982,19.6095618975
4.9825,19.6095618975
4.983,19.6095618975
4.9835,19.6095618975
4.984,19.6095618975
4.9845,19.6095618975
4.985,19.6095618975
4.9855,19.6095618975
4.986,19.6095618975
4.9865,19.6095618975
4.987,19.6095618975
4.9875,19.6095618975
4.988,19.6095618975
4.9885,19.6095618975
4.989,19.6095618975
4.9895,19.6095618975
4.99,19.6095618975
4.9905,19.6095618975
4.991,19.6095618975
4.9915,19.6095618975
4.992,19.6095618975
4.9925,18.652997902499997
4.993,19.6095618975
4.9935,19.6095618975
4.994,19.6095618975
4.9945,18.9718525675
4.995,18.9718525675
4.9955,18.652997902499997
4.996,18.652997902499997
4.9965,18.652997902499997
4.997,18.652997902499997
4.9975,18.652997902499997
4.998,18.9718525675
4.9985,18.652997902499997
4.999,19.6095618975
4.9995,18.652997902499997
5.0,18.652997902499997
5.0005,18.652997902499997
5.001,18.652997902499997
5.0015,18.652997902499997
5.002,18.652997902499997
5.0025,18.652997902499997
5.003,18.652997902499997
5.0035,18.652997902499997
5.004,19.6095618975
5.0045,19.6095618975
5.005,19.6095618975
5.0055,19.6095618975
5.006,19.6095618975
5.0065,18.9718525675
5.007,19.6095618975
5.0075,18.652997902499997
5.008,18.652997902499997
5.0085,18.652997902499997
5.009,18.652997902499997
5.0095,18.652997902499997
5.01,18.652997902499997
5.0105,18.652997902499997
5.011,18.652997902499997
5.0115,18.652997902499997
5.012,18.652997902499997
5.0125,18.652997902499997
5.013,18.652997902499997
5.0135,18.652997902499997
5.014,18.652997902499997
5.0145,18.652997902499997
5.015,18.652997902499997
5.0155,18.652997902499997
5.016,18.652997902499997
5.0165,18.652997902499997
5.017,18.652997902499997
5.0175,18.652997902499997
5.018,18.652997902499997
5.0185,18.652997902499997
5.019,18.652997902499997
5.0195,18.652997902499997
5.02,18.652997902499997
5.0205,18.652997902499997
5.021,18.652997902499997
5.0215,18.652997902499997
5.022,18.652997902499997
5.0225,18.652997902499997
5.023,18.652997902499997
5.0235,18.652997902499997
5.024,18.652997902499997
5.0245,18.652997902499997
5.025,18.652997902499997
5.0255,18.652997902499997
5.026,18.652997902499997
5.0265,18.652997902499997
5.027,18.652997902499997
5.0275,18.652997902499997
5.028,18.652997902499997
5.0285,18.652997902499997
5.029,18.652997902499997
5.0295,18.652997902499997
5.03,18.652997902499997
5.0305,18.652997902499997
5.031,18.652997902499997
5.0315,18.652997902499997
5.032,18.652997902499997
5.0325,18.652997902499997
5.033,18.652997902499997
5.0335,18.652997902499997
5.034,18.652997902499997
5.0345,18.652997902499997
5.035,18.652997902499997
5.0355,18.652997902499997
5.036,18.652997902499997
5.0365,18.652997902499997
5.037,18.652997902499997
5.0375,18.652997902499997
5.038,18.652997902499997
5.0385,18.652997902499997
5.039,18.652997902499997
5.0395,19.928416562499997
5.04,18.652997902499997
5.0405,18.652997902499997
5.041,18.652997902499997
5.0415,18.652997902499997
5.042,18.652997902499997
5.0425,18.652997902499997
5.043,18.652997902499997
5.0435,18.652997902499997
5.044,18.652997902499997
5.0445,18.652997902499997
5.045,18.652997902499997
5.0455,18.652997902499997
5.046,18.652997902499997
5.0465,18.652997902499997
5.047,18.652997902499997
5.0475,18.652997902499997
5.048,18.652997902499997
5.0485,19.928416562499997
5.049,19.928416562499997
5.0495,18.652997902499997
5.05,18.652997902499997
5.0505,18.652997902499997
5.051,18.652997902499997
5.0515,18.652997902499997
5.052,18.652997902499997
5.0525,18.652997902499997
5.053,18.652997902499997
5.0535,18.652997902499997
5.054,18.652997902499997
5.0545,18.652997902499997
5.055,18.652997902499997
5.0555,18.652997902499997
5.056,18.652997902499997
5.0565,18.652997902499997
5.057,18.652997902499997
5.0575,18.652997902499997
5.058,18.652997902499997
5.0585,18.652997902499997
5.059,18.652997902499997
5.0595,18.652997902499997
5.06,18.652997902499997
5.0605,19.928416562499997
5.061,19.928416562499997
5.0615,19.928416562499997
5.062,19.928416562499997
5.0625,19.928416562499997
5.063,19.928416562499997
5.0635,19.928416562499997
5.064,19.928416562499997
5.0645,19.928416562499997
5.065,19.928416562499997
5.0655,18.652997902499997
5.066,25.9866551975
5.0665,25.9866551975
5.067,25.9866551975
5.0675,25.9866551975
5.068,25.9866551975
5.0685,25.9866551975
5.069,25.9866551975
5.0695,25.9866551975
5.07,18.652997902499997
5.0705,18.652997902499997
5.071,18.652997902499997
5.0715,18.652997902499997
5.072,18.652997902499997
5.0725,18.652997902499997
5.073,18.652997902499997
5.0735,25.9866551975
5.074,25.9866551975
5.0745,25.9866551975
5.075,25.9866551975
5.0755,25.9866551975
5.076,25.9866551975
5.0765,25.9866551975
5.077,25.9866551975
5.0775,25.9866551975
5.078,25.9866551975
5.0785,25.9866551975
5.079,25.9866551975
5.0795,25.9866551975
5.08,25.9866551975
5.0805,25.9866551975
5.081,25.9866551975
5.0815,25.9866551975
5.082,25.9866551975
5.0825,25.9866551975
5.083,25.9866551975
5.0835,19.928416562499997
5.084,19.928416562499997
5.0845,19.928416562499997
5.085,18.3341432375
5.0855,18.3341432375
5.086,18.3341432375
5.0865,18.3341432375
5.087,19.928416562499997
5.0875,19.928416562499997
5.088,19.928416562499997
5.0885,19.928416562499997
5.089,19.928416562499997
5.0895,18.3341432375
5.09,19.928416562499997
5.0905,18.3341432375
5.091,18.3341432375
5.0915,18.3341432375
5.092,18.3341432375
5.0925,18.3341432375
5.093,18.3341432375
5.0935,18.3341432375
5.094,18.3341432375
5.0945,18.3341432375
5.095,18.3341432375
5.0955,18.652997902499997
5.096,18.3341432375
5.0965,18.3341432375
5.097,19.928416562499997
5.0975,19.928416562499997
5.098,19.928416562499997
5.0985,19.928416562499997
5.099,19.928416562499997
5.0995,19.928416562499997
5.1,20.2472712275
5.1005,18.3341432375
5.101,19.928416562499997
5.1015,19.928416562499997
5.102,18.3341432375
5.1025,18.3341432375
5.103,18.3341432375
5.1035,18.3341432375
5.104,18.3341432375
5.1045,18.3341432375
5.105,18.3341432375
5.1055,18.3341432375
5.106,18.3341432375
5.1065,18.3341432375
5.107,18.3341432375
5.1075,18.3341432375
5.108,18.3341432375
5.1085,18.3341432375
5.109,19.928416562499997
5.1095,18.3341432375
5.11,18.3341432375
5.1105,18.3341432375
5.111,18.3341432375
5.1115,18.3341432375
5.112,18.3341432375
5.1125,18.3341432375
5.113,18.3341432375
5.1135,18.3341432375
5.114,18.3341432375
5.1145,19.6095618975
5.115,19.6095618975
5.1155,18.3341432375
5.116,19.6095618975
5.1165,18.3341432375
5.117,18.3341432375
5.1175,18.3341432375
5.118,19.6095618975
5.1185,19.6095618975
5.119,18.3341432375
5.1195,19.928416562499997
5.12,18.3341432375
5.1205,18.3341432375
5.121,18.3341432375
5.1215,18.3341432375
5.122,18.3341432375
5.1225,18.3341432375
5.123,18.3341432375
5.1235,18.3341432375
5.124,18.3341432375
5.1245,18.3341432375
5.125,18.3341432375
5.1255,18.3341432375
5.126,18.3341432375
5.1265,18.3341432375
5.127,18.3341432375
5.1275,18.3341432375
5.128,18.3341432375
5.1285,18.3341432375
5.129,18.3341432375
5.1295,18.3341432375
5.13,20.2472712275
5.1305,20.2472712275
5.131,19.928416562499997
5.1315,19.928416562499997
5.132,19.928416562499997
5.1325,19.928416562499997
5.133,19.928416562499997
5.1335,19.928416562499997
5.134,19.928416562499997
5.1345,19.928416562499997
5.135,18.3341432375
5.1355,18.3341432375
5.136,18.3341432375
5.1365,18.3341432375
5.137,18.3341432375
5.1375,19.928416562499997
5.138,19.928416562499997
5.1385,19.928416562499997
5.139,19.928416562499997
5.1395,19.928416562499997
5.14,19.928416562499997
5.1405,19.928416562499997
5.141,19.928416562499997
5.1415,18.3341432375
5.142,19.928416562499997
5.1425,19.928416562499997
5.143,19.928416562499997
5.1435,19.6095618975
5.144,19.6095618975
5.1445,19.6095618975
5.145,19.6095618975
5.1455,19.6095618975
5.146,19.6095618975
5.1465,19.6095618975
5.147,19.928416562499997
5.1475,19.928416562499997
5.148,19.928416562499997
5.1485,19.928416562499997
5.149,19.928416562499997
5.1495,19.928416562499997
5.15,19.928416562499997
5.1505,19.928416562499997
5.151,19.928416562499997
5.1515,19.6095618975
5.152,19.6095618975
5.1525,19.6095618975
5.153,19.6095618975
5.1535,19.6095618975
5.154,19.6095618975
5.1545,19.6095618975
5.155,19.928416562499997
5.1555,19.928416562499997
5.156,19.928416562499997
5.1565,19.928416562499997
5.157,18.3341432375
5.1575,18.3341432375
5.158,18.3341432375
5.1585,18.3341432375
5.159,18.3341432375
5.1595,18.3341432375
5.16,18.3341432375
5.1605,18.3341432375
5.161,18.3341432375
5.1615,18.3341432375
5.162,18.3341432375
5.1625,18.3341432375
5.163,18.3341432375
5.1635,18.3341432375
5.164,18.3341432375
5.1645,18.3341432375
5.165,18.3341432375
5.1655,18.3341432375
5.166,18.3341432375
5.1665,18.3341432375
5.167,18.3341432375
5.1675,18.3341432375
5.168,18.3341432375
5.1685,18.3341432375
5.169,18.3341432375
5.1695,18.3341432375
5.17,18.3341432375
5.1705,18.3341432375
5.171,18.3341432375
5.1715,18.3341432375
5.172,18.3341432375
5.1725,18.3341432375
5.173,18.3341432375
5.1735,18.3341432375
5.174,18.3341432375
5.1745,18.3341432375
5.175,18.3341432375
5.1755,18.3341432375
5.176,18.3341432375
5.1765,18.3341432375
5.177,18.3341432375
5.1775,18.3341432375
5.178,18.3341432375
5.1785,18.3341432375
5.179,18.3341432375
5.1795,18.3341432375
5.18,18.3341432375
5.1805,18.3341432375
5.181,18.3341432375
5.1815,18.3341432375
5.182,18.3341432375
5.1825,18.3341432375
5.183,18.3341432375
5.1835,18.3341432375
5.184,18.3341432375
5.1845,18.3341432375
5.185,18.3341432375
5.1855,18.3341432375
5.186,18.3341432375
5.1865,18.3341432375
5.187,20.2472712275
5.1875,18.3341432375
5.188,20.2472712275
5.1885,20.2472712275
5.189,20.2472712275
5.1895,20.2472712275
5.19,20.2472712275
5.1905,20.2472712275
5.191,20.2472712275
5.1915,20.2472712275
5.192,20.2472712275
5.1925,20.2472712275
5.193,20.2472712275
5.1935,20.2472712275
5.194,20.2472712275
5.1945,19.928416562499997
5.195,19.928416562499997
5.1955,19.928416562499997
5.196,19.928416562499997
5.1965,19.928416562499997
5.197,19.928416562499997
5.1975,19.928416562499997
5.198,19.928416562499997
5.1985,19.928416562499997
5.199,19.928416562499997
5.1995,19.928416562499997
5.2,19.928416562499997
5.2005,20.2472712275
5.201,20.2472712275
5.2015,19.928416562499997
5.202,19.928416562499997
5.2025,19.928416562499997
5.203,19.928416562499997
5.2035,19.928416562499997
5.204,18.015288572499998
5.2045,18.015288572499998
5.205,18.015288572499998
5.2055,18.015288572499998
5.206,18.015288572499998
5.2065,18.015288572499998
5.207,18.015288572499998
5.2075,18.015288572499998
5.208,18.015288572499998
5.2085,18.015288572499998
5.209,18.015288572499998
5.2095,18.015288572499998
5.21,18.015288572499998
5.2105,18.015288572499998
5.211,18.015288572499998
5.2115,18.015288572499998
5.212,18.015288572499998
5.2125,18.015288572499998
5.213,18.015288572499998
5.2135,18.015288572499998
5.214,18.015288572499998
5.2145,18.015288572499998
5.215,18.015288572499998
5.2155,18.015288572499998
5.216,18.015288572499998
5.2165,18.015288572499998
5.217,18.015288572499998
5.2175,18.015288572499998
5.218,18.015288572499998
5.2185,18.015288572499998
5.219,18.015288572499998
5.2195,18.015288572499998
5.22,18.015288572499998
5.2205,18.015288572499998
5.221,18.015288572499998
5.2215,18.015288572499998
5.222,18.015288572499998
5.2225,18.015288572499998
5.223,18.015288572499998
5.2235,18.015288572499998
5.224,18.015288572499998
5.2245,18.015288572499998
5.225,18.015288572499998
5.2255,18.015288572499998
5.226,18.015288572499998
5.2265,18.015288572499998
5.227,18.015288572499998
5.2275,18.015288572499998
5.228,18.015288572499998
5.2285,18.015288572499998
5.229,18.015288572499998
5.2295,18.015288572499998
5.23,18.015288572499998
5.2305,18.015288572499998
5.231,18.015288572499998
5.2315,18.015288572499998
5.232,18.015288572499998
5.2325,18.015288572499998
5.233,18.015288572499998
5.2335,18.015288572499998
5.234,18.015288572499998
5.2345,18.015288572499998
5.235,18.015288572499998
5.2355,18.015288572499998
5.236,18.015288572499998
5.2365,18.015288572499998
5.237,18.015288572499998
5.2375,18.015288572499998
5.238,18.015288572499998
5.2385,18.015288572499998
5.239,18.015288572499998
5.2395,18.015288572499998
5.24,18.015288572499998
5.2405,18.015288572499998
5.241,18.015288572499998
5.2415,18.015288572499998
5.242,18.015288572499998
5.2425,18.015288572499998
5.243,18.015288572499998
5.2435,18.015288572499998
5.244,18.015288572499998
5.2445,18.015288572499998
5.245,18.015288572499998
5.2455,18.015288572499998
5.246,18.015288572499998
5.2465,18.015288572499998
5.247,18.015288572499998
5.2475,18.015288572499998
5.248,18.015288572499998
5.2485,18.015288572499998
5.249,18.015288572499998
5.2495,18.015288572499998
5.25,18.015288572499998
5.2505,18.015288572499998
5.251,18.015288572499998
5.2515,18.015288572499998
5.252,18.015288572499998
5.2525,18.015288572499998
5.253,18.015288572499998
5.2535,18.015288572499998
5.254,18.015288572499998
5.2545,18.015288572499998
5.255,18.015288572499998
5.2555,18.015288572499998
5.256,18.015288572499998
5.2565,18.015288572499998
5.257,18.015288572499998
5.2575,18.015288572499998
5.258,18.015288572499998
5.2585,18.3341432375
5.259,18.3341432375
5.2595,18.015288572499998
5.26,18.015288572499998
5.2605,18.015288572499998
5.261,18.015288572499998
5.2615,18.015288572499998
5.262,18.015288572499998
5.2625,18.015288572499998
5.263,18.015288572499998
5.2635,18.015288572499998
5.264,18.015288572499998
5.2645,18.015288572499998
5.265,18.015288572499998
5.2655,18.015288572499998
5.266,18.015288572499998
5.2665,18.015288572499998
5.267,18.015288572499998
5.2675,18.015288572499998
5.268,18.015288572499998
5.2685,18.015288572499998
5.269,18.015288572499998
5.2695,18.015288572499998
5.27,18.015288572499998
5.2705,18.015288572499998
5.271,18.015288572499998
5.2715,18.015288572499998
5.272,18.015288572499998
5.2725,18.015288572499998
5.273,18.015288572499998
5.2735,18.015288572499998
5.274,18.015288572499998
5.2745,18.015288572499998
5.275,18.015288572499998
5.2755,18.015288572499998
5.276,18.015288572499998
5.2765,18.015288572499998
5.277,18.015288572499998
5.2775,18.015288572499998
5.278,18.015288572499998
5.2785,18.015288572499998
5.279,18.015288572499998
5.2795,18.015288572499998
5.28,18.015288572499998
5.2805,18.015288572499998
5.281,18.015288572499998
5.2815,18.015288572499998
5.282,18.015288572499998
5.2825,18.015288572499998
5.283,18.015288572499998
5.2835,18.015288572499998
5.284,18.015288572499998
5.2845,18.015288572499998
5.285,18.015288572499998
5.2855,18.015288572499998
5.286,18.015288572499998
5.2865,18.015288572499998
5.287,18.015288572499998
5.2875,18.015288572499998
5.288,18.015288572499998
5.2885,18.015288572499998
5.289,18.015288572499998
5.2895,18.015288572499998
5.29,18.015288572499998
5.2905,18.015288572499998
5.291,18.015288572499998
5.2915,18.015288572499998
5.292,18.015288572499998
5.2925,18.015288572499998
5.293,18.015288572499998
5.2935,18.015288572499998
5.294,18.015288572499998
5.2945,18.015288572499998
5.295,18.015288572499998
5.2955,18.015288572499998
5.296,18.015288572499998
5.2965,18.015288572499998
5.297,18.015288572499998
5.2975,18.015288572499998
5.298,18.015288572499998
5.2985,18.015288572499998
5.299,18.015288572499998
5.2995,18.015288572499998
5.3,18.015288572499998
5.3005,18.015288572499998
5.301,18.015288572499998
5.3015,18.015288572499998
5.302,18.015288572499998
5.3025,18.015288572499998
5.303,18.015288572499998
5.3035,18.015288572499998
5.304,18.015288572499998
5.3045,18.015288572499998
5.305,18.015288572499998
5.3055,18.015288572499998
5.306,18.015288572499998
5.3065,18.015288572499998
5.307,18.015288572499998
5.3075,18.015288572499998
5.308,18.015288572499998
5.3085,18.015288572499998
5.309,18.015288572499998
5.3095,18.015288572499998
5.31,18.015288572499998
5.3105,18.015288572499998
5.311,19.928416562499997
5.3115,19.928416562499997
5.312,18.015288572499998
5.3125,18.015288572499998
5.313,18.015288572499998
5.3135,18.015288572499998
5.314,18.015288572499998
5.3145,18.015288572499998
5.315,18.015288572499998
5.3155,18.015288572499998
5.316,18.015288572499998
5.3165,18.015288572499998
5.317,19.928416562499997
5.3175,18.015288572499998
5.318,18.015288572499998
5.3185,18.015288572499998
5.319,18.015288572499998
5.3195,18.015288572499998
5.32,18.015288572499998
5.3205,18.015288572499998
5.321,18.015288572499998
5.3215,18.015288572499998
5.322,18.015288572499998
5.3225,18.015288572499998
5.323,18.015288572499998
5.3235,18.015288572499998
5.324,18.015288572499998
5.3245,18.015288572499998
5.325,18.015288572499998
5.3255,18.015288572499998
5.326,18.015288572499998
5.3265,18.015288572499998
5.327,18.015288572499998
5.3275,18.015288572499998
5.328,18.015288572499998
5.3285,18.015288572499998
5.329,18.015288572499998
5.3295,18.015288572499998
5.33,18.015288572499998
5.3305,19.928416562499997
5.331,18.015288572499998
5.3315,19.928416562499997
5.332,19.928416562499997
5.3325,18.015288572499998
5.333,18.015288572499998
5.3335,18.015288572499998
5.334,18.015288572499998
5.3345,18.015288572499998
5.335,19.928416562499997
5.3355,19.928416562499997
5.336,19.6095618975
5.3365,19.6095618975
5.337,19.6095618975
5.3375,19.928416562499997
5.338,19.928416562499997
5.3385,19.6095618975
5.339,19.6095618975
5.3395,19.6095618975
5.34,19.6095618975
5.3405,19.928416562499997
5.341,19.6095618975
5.3415,19.6095618975
5.342,19.6095618975
5.3425,19.928416562499997
5.343,19.928416562499997
5.3435,19.928416562499997
5.344,19.928416562499997
5.3445,19.928416562499997
5.345,19.928416562499997
5.3455,19.928416562499997
5.346,19.928416562499997
5.3465,19.6095618975
5.347,19.6095618975
5.3475,19.6095618975
5.348,19.928416562499997
5.3485,19.928416562499997
5.349,19.928416562499997
5.3495,19.928416562499997
5.35,19.928416562499997
5.3505,19.928416562499997
5.351,19.928416562499997
5.3515,19.928416562499997
5.352,19.928416562499997
5.3525,19.928416562499997
5.353,19.928416562499997
5.3535,19.928416562499997
5.354,19.928416562499997
5.3545,19.928416562499997
5.355,19.6095618975
5.3555,19.6095618975
5.356,19.6095618975
5.3565,19.6095618975
5.357,19.6095618975
5.3575,19.6095618975
5.358,19.6095618975
5.3585,19.6095618975
5.359,19.6095618975
5.3595,19.6095618975
5.36,19.6095618975
5.3605,19.6095618975
5.361,19.6095618975
5.3615,19.6095618975
5.362,19.6095618975
5.3625,19.6095618975
5.363,19.6095618975
5.3635,19.6095618975
5.364,19.6095618975
5.3645,19.6095618975
5.365,17.6964339075
5.3655,17.6964339075
5.366,17.6964339075
5.3665,19.6095618975
5.367,17.6964339075
5.3675,19.6095618975
5.368,19.6095618975
5.3685,19.6095618975
5.369,19.6095618975
5.3695,19.6095618975
5.37,19.6095618975
5.3705,19.6095618975
5.371,19.6095618975
5.3715,19.290707232499997
5.372,17.6964339075
5.3725,17.6964339075
5.373,17.6964339075
5.3735,19.6095618975
5.374,19.6095618975
5.3745,19.6095618975
5.375,19.6095618975
5.3755,19.6095618975
5.376,19.6095618975
5.3765,19.6095618975
5.377,19.6095618975
5.3775,19.6095618975
5.378,19.6095618975
5.3785,19.6095618975
5.379,19.6095618975
5.3795,18.015288572499998
5.38,18.015288572499998
5.3805,18.015288572499998
5.381,24.7112365375
5.3815,24.7112365375
5.382,24.7112365375
5.3825,24.7112365375
5.383,18.015288572499998
5.3835,18.015288572499998
5.384,18.015288572499998
5.3845,18.015288572499998
5.385,18.015288572499998
5.3855,18.015288572499998
5.386,18.015288572499998
5.3865,18.015288572499998
5.387,18.015288572499998
5.3875,18.015288572499998
5.388,18.015288572499998
5.3885,18.015288572499998
5.389,18.015288572499998
5.3895,18.015288572499998
5.39,18.015288572499998
5.3905,18.015288572499998
5.391,17.6964339075
5.3915,18.015288572499998
5.392,18.015288572499998
5.3925,18.015288572499998
5.393,18.015288572499998
5.3935,18.015288572499998
5.394,18.015288572499998
5.3945,18.015288572499998
5.395,18.015288572499998
5.3955,17.6964339075
5.396,18.015288572499998
5.3965,18.015288572499998
5.397,18.015288572499998
5.3975,18.015288572499998
5.398,18.015288572499998
5.3985,18.015288572499998
5.399,18.015288572499998
5.3995,18.015288572499998
5.4,18.015288572499998
5.4005,18.015288572499998
5.401,18.015288572499998
5.4015,18.015288572499998
5.402,18.015288572499998
5.4025,18.015288572499998
5.403,18.015288572499998
5.4035,18.015288572499998
5.404,18.015288572499998
5.4045,18.015288572499998
5.405,18.015288572499998
5.4055,18.015288572499998
5.406,18.015288572499998
5.4065,18.015288572499998
5.407,18.015288572499998
5.4075,18.015288572499998
5.408,17.6964339075
5.4085,17.6964339075
5.409,17.6964339075
5.4095,17.6964339075
5.41,18.015288572499998
5.4105,18.015288572499998
5.411,18.015288572499998
5.4115,18.015288572499998
5.412,18.015288572499998
5.4125,18.015288572499998
5.413,18.015288572499998
5.4135,18.015288572499998
5.414,18.015288572499998
5.4145,18.015288572499998
5.415,18.015288572499998
5.4155,18.015288572499998
5.416,18.015288572499998
5.4165,18.015288572499998
5.417,18.015288572499998
5.4175,18.015288572499998
5.418,18.015288572499998
5.4185,18.015288572499998
5.419,18.015288572499998
5.4195,18.015288572499998
5.42,18.015288572499998
5.4205,18.015288572499998
5.421,18.015288572499998
5.4215,18.015288572499998
5.422,18.015288572499998
5.4225,18.015288572499998
5.423,18.015288572499998
5.4235,18.015288572499998
5.424,18.015288572499998
5.4245,18.015288572499998
5.425,18.015288572499998
5.4255,18.015288572499998
5.426,18.015288572499998
5.4265,18.015288572499998
5.427,18.015288572499998
5.4275,18.015288572499998
5.428,18.015288572499998
5.4285,18.015288572499998
5.429,18.015288572499998
5.4295,18.015288572499998
5.43,18.015288572499998
5.4305,18.015288572499998
5.431,18.015288572499998
5.4315,18.015288572499998
5.432,18.015288572499998
5.4325,18.015288572499998
5.433,18.015288572499998
5.4335,17.6964339075
5.434,17.6964339075
5.4345,17.6964339075
5.435,17.6964339075
5.4355,17.6964339075
5.436,17.6964339075
5.4365,17.6964339075
5.437,17.6964339075
5.4375,17.6964339075
5.438,17.6964339075
5.4385,17.6964339075
5.439,17.6964339075
5.4395,17.6964339075
5.44,24.392381872499996
5.4405,24.392381872499996
5.441,24.392381872499996
5.4415,24.392381872499996
5.442,24.392381872499996
5.4425,24.392381872499996
5.443,24.392381872499996
5.4435,24.392381872499996
5.444,24.392381872499996
5.4445,24.392381872499996
5.445,24.392381872499996
5.4455,24.392381872499996
5.446,24.392381872499996
5.4465,17.6964339075
5.447,17.6964339075
5.4475,17.6964339075
5.448,17.6964339075
5.4485,17.6964339075
5.449,24.392381872499996
5.4495,24.392381872499996
5.45,24.392381872499996
5.4505,24.392381872499996
5.451,17.6964339075
5.4515,24.392381872499996
5.452,24.392381872499996
5.4525,24.392381872499996
5.453,24.392381872499996
5.4535,24.392381872499996
5.454,24.392381872499996
5.4545,24.392381872499996
5.455,24.392381872499996
5.4555,24.392381872499996
5.456,24.392381872499996
5.4565,24.392381872499996
5.457,17.6964339075
5.4575,17.6964339075
5.458,17.6964339075
5.4585,17.6964339075
5.459,24.392381872499996
5.4595,24.392381872499996
5.46,24.392381872499996
5.4605,24.392381872499996
5.461,24.392381872499996
5.4615,17.6964339075
5.462,17.6964339075
5.4625,17.6964339075
5.463,17.6964339075
5.4635,17.6964339075
5.464,17.6964339075
5.4645,17.6964339075
5.465,17.6964339075
5.4655,17.6964339075
5.466,17.6964339075
5.4665,17.6964339075
5.467,24.392381872499996
5.4675,24.392381872499996
5.468,24.392381872499996
5.4685,24.392381872499996
5.469,24.392381872499996
5.4695,24.392381872499996
5.47,24.392381872499996
5.4705,24.392381872499996
5.471,24.392381872499996
5.4715,17.6964339075
5.472,17.6964339075
5.4725,17.6964339075
5.473,17.6964339075
5.4735,17.6964339075
5.474,17.6964339075
5.4745,17.6964339075
5.475,24.392381872499996
5.4755,24.392381872499996
5.476,18.015288572499998
5.4765,18.015288572499998
5.477,24.392381872499996
5.4775,24.392381872499996
5.478,24.392381872499996
5.4785,24.392381872499996
5.479,17.6964339075
5.4795,17.6964339075
5.48,17.6964339075
5.4805,24.392381872499996
5.481,24.392381872499996
5.4815,17.6964339075
5.482,24.392381872499996
5.4825,24.392381872499996
5.483,24.392381872499996
5.4835,24.392381872499996
5.484,24.392381872499996
5.4845,24.392381872499996
5.485,17.6964339075
5.4855,17.6964339075
5.486,17.6964339075
5.4865,17.6964339075
5.487,17.6964339075
5.4875,24.392381872499996
5.488,17.6964339075
5.4885,17.6964339075
5.489,17.6964339075
5.4895,17.6964339075
5.49,17.6964339075
5.4905,17.6964339075
5.491,17.6964339075
5.4915,17.6964339075
5.492,17.6964339075
5.4925,17.6964339075
5.493,17.6964339075
5.4935,17.6964339075
5.494,17.6964339075
5.4945,17.6964339075
5.495,17.6964339075
5.4955,17.6964339075
5.496,17.6964339075
5.4965,17.6964339075
5.497,17.6964339075
5.4975,17.6964339075
5.498,17.6964339075
5.4985,17.6964339075
5.499,17.6964339075
5.4995,17.6964339075
5.5,17.6964339075
5.5005,17.6964339075
5.501,17.6964339075
5.5015,17.6964339075
5.502,17.6964339075
5.5025,17.6964339075
5.503,17.6964339075
5.5035,17.6964339075
5.504,17.6964339075
5.5045,17.6964339075
5.505,17.6964339075
5.5055,17.6964339075
5.506,17.6964339075
5.5065,17.6964339075
5.507,17.6964339075
5.5075,17.6964339075
5.508,17.6964339075
5.5085,17.6964339075
5.509,17.6964339075
5.5095,17.6964339075
5.51,17.6964339075
5.5105,17.6964339075
5.511,17.6964339075
5.5115,24.392381872499996
5.512,24.392381872499996
5.5125,24.392381872499996
5.513,24.392381872499996
5.5135,24.392381872499996
5.514,17.6964339075
5.5145,17.6964339075
5.515,24.392381872499996
5.5155,24.392381872499996
5.516,24.392381872499996
5.5165,24.392381872499996
5.517,24.392381872499996
5.5175,24.392381872499996
5.518,24.392381872499996
5.5185,24.392381872499996
5.519,17.6964339075
5.5195,17.6964339075
5.52,17.6964339075
5.5205,17.6964339075
5.521,17.6964339075
5.5215,17.6964339075
5.522,17.6964339075
5.5225,17.6964339075
5.523,17.6964339075
5.5235,17.6964339075
5.524,17.6964339075
5.5245,17.6964339075
5.525,17.6964339075
5.5255,17.6964339075
5.526,17.6964339075
5.5265,17.6964339075
5.527,17.6964339075
5.5275,17.6964339075
5.528,17.6964339075
5.5285,17.377579242499998
5.529,17.377579242499998
5.5295,17.377579242499998
5.53,17.377579242499998
5.5305,17.6964339075
5.531,17.6964339075
5.5315,17.6964339075
5.532,17.6964339075
5.5325,17.6964339075
5.533,17.377579242499998
5.5335,17.377579242499998
5.534,17.377579242499998
5.5345,17.377579242499998
5.535,17.377579242499998
5.5355,17.377579242499998
5.536,17.377579242499998
5.5365,17.377579242499998
5.537,17.377579242499998
5.5375,17.377579242499998
5.538,17.377579242499998
5.5385,17.377579242499998
5.539,17.377579242499998
5.5395,17.377579242499998
5.54,17.377579242499998
5.5405,17.377579242499998
5.541,17.377579242499998
5.5415,17.377579242499998
5.542,17.377579242499998
5.5425,17.377579242499998
5.543,17.377579242499998
5.5435,17.377579242499998
5.544,17.377579242499998
5.5445,17.377579242499998
5.545,17.377579242499998
5.5455,17.377579242499998
5.546,17.377579242499998
5.5465,17.377579242499998
5.547,24.392381872499996
5.5475,24.392381872499996
5.548,24.392381872499996
5.5485,24.392381872499996
5.549,24.392381872499996
5.5495,24.392381872499996
5.55,24.392381872499996
5.5505,24.392381872499996
5.551,24.392381872499996
5.5515,24.392381872499996
5.552,24.392381872499996
5.5525,17.377579242499998
5.553,24.392381872499996
5.5535,17.377579242499998
5.554,17.377579242499998
5.5545,17.377579242499998
5.555,17.377579242499998
5.5555,24.392381872499996
5.556,24.392381872499996
5.5565,24.392381872499996
5.557,24.392381872499996
5.5575,24.392381872499996
5.558,24.392381872499996
5.5585,24.392381872499996
5.559,24.392381872499996
5.5595,24.392381872499996
5.56,24.392381872499996
5.5605,24.392381872499996
5.561,24.392381872499996
5.5615,24.392381872499996
5.562,24.392381872499996
5.5625,17.377579242499998
5.563,17.377579242499998
5.5635,17.377579242499998
5.564,17.377579242499998
5.5645,17.377579242499998
5.565,17.377579242499998
5.5655,17.377579242499998
5.566,17.377579242499998
5.5665,17.377579242499998
5.567,17.377579242499998
5.5675,17.377579242499998
5.568,17.377579242499998
5.5685,17.377579242499998
5.569,17.377579242499998
5.5695,17.377579242499998
5.57,17.377579242499998
5.5705,17.377579242499998
5.571,17.377579242499998
5.5715,17.377579242499998
5.572,17.377579242499998
5.5725,17.377579242499998
5.573,17.377579242499998
5.5735,17.377579242499998
5.574,17.377579242499998
5.5745,17.377579242499998
5.575,17.377579242499998
5.5755,17.377579242499998
5.576,17.377579242499998
5.5765,17.377579242499998
5.577,17.377579242499998
5.5775,17.377579242499998
5.578,17.377579242499998
5.5785,17.377579242499998
5.579,17.377579242499998
5.5795,17.377579242499998
5.58,17.377579242499998
5.5805,17.377579242499998
5.581,17.377579242499998
5.5815,17.377579242499998
5.582,17.377579242499998
5.5825,17.377579242499998
5.583,17.377579242499998
5.5835,17.377579242499998
5.584,17.377579242499998
5.5845,17.377579242499998
5.585,17.377579242499998
5.5855,17.377579242499998
5.586,17.377579242499998
5.5865,17.377579242499998
5.587,17.377579242499998
5.5875,17.377579242499998
5.588,17.377579242499998
5.5885,17.377579242499998
5.589,17.377579242499998
5.5895,17.377579242499998
5.59,17.377579242499998
5.5905,17.377579242499998
5.591,17.377579242499998
5.5915,17.377579242499998
5.592,17.377579242499998
5.5925,17.377579242499998
5.593,17.377579242499998
5.5935,24.392381872499996
5.594,24.392381872499996
5.5945,17.377579242499998
5.595,17.377579242499998
5.5955,17.377579242499998
5.596,17.377579242499998
5.5965,17.377579242499998
5.597,17.377579242499998
5.5975,17.377579242499998
5.598,17.377579242499998
5.5985,17.377579242499998
5.599,17.377579242499998
5.5995,17.377579242499998
5.6,17.377579242499998
5.6005,17.377579242499998
5.601,17.377579242499998
5.6015,17.377579242499998
5.602,17.377579242499998
5.6025,17.377579242499998
5.603,17.377579242499998
5.6035,17.377579242499998
5.604,17.377579242499998
5.6045,17.377579242499998
5.605,17.377579242499998
5.6055,17.377579242499998
5.606,17.377579242499998
5.6065,17.377579242499998
5.607,17.377579242499998
5.6075,17.377579242499998
5.608,17.377579242499998
5.6085,17.377579242499998
5.609,17.377579242499998
5.6095,17.377579242499998
5.61,17.377579242499998
5.6105,17.377579242499998
5.611,17.377579242499998
5.6115,17.377579242499998
5.612,17.377579242499998
5.6125,17.377579242499998
5.613,17.377579242499998
5.6135,17.377579242499998
5.614,17.377579242499998
5.6145,17.377579242499998
5.615,17.377579242499998
5.6155,17.377579242499998
5.616,17.377579242499998
5.6165,17.377579242499998
5.617,17.377579242499998
5.6175,17.377579242499998
5.618,17.377579242499998
5.6185,17.377579242499998
5.619,17.377579242499998
5.6195,17.377579242499998
5.62,17.377579242499998
5.6205,17.377579242499998
5.621,17.377579242499998
5.6215,17.377579242499998
5.622,17.377579242499998
5.6225,17.377579242499998
5.623,17.377579242499998
5.6235,17.377579242499998
5.624,17.377579242499998
5.6245,17.377579242499998
5.625,17.377579242499998
5.6255,17.377579242499998
5.626,17.377579242499998
5.6265,17.377579242499998
5.627,17.377579242499998
5.6275,17.377579242499998
5.628,17.377579242499998
5.6285,17.377579242499998
5.629,17.377579242499998
5.6295,17.377579242499998
5.63,17.377579242499998
5.6305,17.377579242499998
5.631,24.392381872499996
5.6315,17.377579242499998
5.632,17.377579242499998
5.6325,17.377579242499998
5.633,17.377579242499998
5.6335,17.377579242499998
5.634,17.377579242499998
5.6345,17.377579242499998
5.635,24.392381872499996
5.6355,24.392381872499996
5.636,24.392381872499996
5.6365,24.392381872499996
5.637,24.392381872499996
5.6375,24.392381872499996
5.638,24.392381872499996
5.6385,24.392381872499996
5.639,17.6964339075
5.6395,24.392381872499996
5.64,24.392381872499996
5.6405,24.392381872499996
5.641,24.392381872499996
5.6415,24.392381872499996
5.642,24.392381872499996
5.6425,24.392381872499996
5.643,24.392381872499996
5.6435,24.392381872499996
5.644,24.392381872499996
5.6445,24.392381872499996
5.645,17.6964339075
5.6455,17.6964339075
5.646,17.6964339075
5.6465,17.6964339075
5.647,17.6964339075
5.6475,17.6964339075
5.648,17.6964339075
5.6485,17.6964339075
5.649,17.6964339075
5.6495,17.6964339075
5.65,17.6964339075
5.6505,17.6964339075
5.651,17.6964339075
5.6515,17.6964339075
5.652,17.6964339075
5.6525,17.6964339075
5.653,17.6964339075
5.6535,17.6964339075
5.654,17.6964339075
5.6545,17.6964339075
5.655,17.6964339075
5.6555,17.6964339075
5.656,17.6964339075
5.6565,17.6964339075
5.657,17.6964339075
5.6575,17.6964339075
5.658,17.6964339075
5.6585,17.6964339075
5.659,17.6964339075
5.6595,17.6964339075
5.66,17.6964339075
5.6605,17.6964339075
5.661,17.6964339075
5.6615,17.6964339075
5.662,24.392381872499996
5.6625,17.377579242499998
5.663,17.377579242499998
5.6635,17.377579242499998
5.664,17.377579242499998
5.6645,17.377579242499998
5.665,17.377579242499998
5.6655,17.377579242499998
5.666,24.392381872499996
5.6665,24.392381872499996
5.667,17.6964339075
5.6675,17.6964339075
5.668,17.6964339075
5.6685,17.6964339075
5.669,17.6964339075
5.6695,17.6964339075
5.67,17.6964339075
5.6705,17.6964339075
5.671,17.6964339075
5.6715,17.6964339075
5.672,17.6964339075
5.6725,17.6964339075
5.673,17.6964339075
5.6735,17.6964339075
5.674,17.6964339075
5.6745,17.6964339075
5.675,17.6964339075
5.6755,17.6964339075
5.676,17.6964339075
5.6765,17.6964339075
5.677,17.6964339075
5.6775,17.6964339075
5.678,17.6964339075
5.6785,17.6964339075
5.679,17.6964339075
5.6795,17.6964339075
5.68,17.6964339075
5.6805,17.6964339075
5.681,17.6964339075
5.6815,17.6964339075
5.682,17.6964339075
5.6825,24.392381872499996
5.683,24.392381872499996
5.6835,24.392381872499996
5.684,24.392381872499996
5.6845,24.392381872499996
5.685,24.392381872499996
5.6855,24.392381872499996
5.686,24.392381872499996
5.6865,24.392381872499996
5.687,24.392381872499996
5.6875,24.392381872499996
5.688,24.392381872499996
5.6885,24.392381872499996
5.689,24.392381872499996
5.6895,24.392381872499996
5.69,24.392381872499996
5.6905,24.392381872499996
5.691,24.392381872499996
5.6915,24.392381872499996
5.692,24.392381872499996
5.6925,24.392381872499996
5.693,24.392381872499996
5.6935,24.392381872499996
5.694,24.392381872499996
5.6945,24.392381872499996
5.695,24.392381872499996
5.6955,24.392381872499996
5.696,24.392381872499996
5.6965,24.392381872499996
5.697,17.377579242499998
5.6975,17.377579242499998
5.698,17.377579242499998
5.6985,17.377579242499998
5.699,17.377579242499998
5.6995,17.377579242499998
5.7,17.377579242499998
5.7005,17.377579242499998
5.701,17.377579242499998
5.7015,17.377579242499998
5.702,17.377579242499998
5.7025,17.377579242499998
5.703,17.377579242499998
5.7035,17.377579242499998
5.704,17.377579242499998
5.7045,17.377579242499998
5.705,17.377579242499998
5.7055,17.377579242499998
5.706,17.377579242499998
5.7065,17.377579242499998
5.707,17.377579242499998
5.7075,17.377579242499998
5.708,17.377579242499998
5.7085,17.377579242499998
5.709,17.377579242499998
5.7095,17.377579242499998
5.71,17.377579242499998
5.7105,17.377579242499998
5.711,17.377579242499998
5.7115,17.377579242499998
5.712,24.392381872499996
5.7125,24.392381872499996
5.713,24.392381872499996
5.7135,24.392381872499996
5.714,24.392381872499996
5.7145,24.392381872499996
5.715,17.377579242499998
5.7155,17.377579242499998
5.716,17.377579242499998
5.7165,17.377579242499998
5.717,17.377579242499998
5.7175,17.377579242499998
5.718,17.377579242499998
5.7185,17.377579242499998
5.719,17.377579242499998
5.7195,17.377579242499998
5.72,17.377579242499998
5.7205,17.377579242499998
5.721,17.377579242499998
5.7215,17.377579242499998
5.722,17.377579242499998
5.7225,17.377579242499998
5.723,17.377579242499998
5.7235,17.377579242499998
5.724,17.377579242499998
5.7245,17.377579242499998
5.725,17.0587245775
5.7255,17.0587245775
5.726,17.0587245775
5.7265,17.377579242499998
5.727,17.377579242499998
5.7275,17.377579242499998
5.728,17.377579242499998
5.7285,17.377579242499998
5.729,17.377579242499998
5.7295,17.377579242499998
5.73,17.0587245775
5.7305,17.0587245775
5.731,17.0587245775
5.7315,17.0587245775
5.732,17.0587245775
5.7325,17.0587245775
5.733,17.377579242499998
5.7335,17.377579242499998
5.734,17.377579242499998
5.7345,17.377579242499998
5.735,17.377579242499998
5.7355,17.377579242499998
5.736,17.377579242499998
5.7365,17.377579242499998
5.737,17.377579242499998
5.7375,17.0587245775
5.738,17.0587245775
5.7385,17.0587245775
5.739,17.0587245775
5.7395,17.0587245775
5.74,17.0587245775
5.7405,17.0587245775
5.741,17.0587245775
5.7415,17.0587245775
5.742,17.0587245775
5.7425,17.0587245775
5.743,17.0587245775
5.7435,17.0587245775
5.744,17.0587245775
5.7445,17.0587245775
5.745,17.0587245775
5.7455,17.0587245775
5.746,17.0587245775
5.7465,17.0587245775
5.747,17.0587245775
5.7475,17.0587245775
5.748,17.0587245775
5.7485,17.0587245775
5.749,17.0587245775
5.7495,17.0587245775
5.75,17.0587245775
5.7505,17.0587245775
5.751,17.0587245775
5.7515,17.0587245775
5.752,17.0587245775
5.7525,17.0587245775
5.753,17.0587245775
5.7535,17.0587245775
5.754,17.0587245775
5.7545,17.0587245775
5.755,17.0587245775
5.7555,17.0587245775
5.756,17.0587245775
5.7565,17.0587245775
5.757,17.0587245775
5.7575,17.0587245775
5.758,17.0587245775
5.7585,17.0587245775
5.759,17.0587245775
5.7595,17.0587245775
5.76,17.0587245775
5.7605,17.0587245775
5.761,17.0587245775
5.7615,17.0587245775
5.762,17.0587245775
5.7625,17.0587245775
5.763,17.0587245775
5.7635,17.0587245775
5.764,17.0587245775
5.7645,17.0587245775
5.765,17.0587245775
5.7655,17.0587245775
5.766,17.0587245775
5.7665,17.0587245775
5.767,17.0587245775
5.7675,17.0587245775
5.768,17.0587245775
5.7685,17.0587245775
5.769,17.0587245775
5.7695,17.0587245775
5.77,17.0587245775
5.7705,17.0587245775
5.771,17.0587245775
5.7715,17.0587245775
5.772,17.0587245775
5.7725,17.0587245775
5.773,17.0587245775
5.7735,17.0587245775
5.774,17.0587245775
5.7745,17.0587245775
5.775,17.0587245775
5.7755,17.0587245775
5.776,17.0587245775
5.7765,17.0587245775
5.777,17.0587245775
5.7775,17.0587245775
5.778,17.0587245775
5.7785,17.0587245775
5.779,17.0587245775
5.7795,17.0587245775
5.78,17.0587245775
5.7805,17.0587245775
5.781,17.0587245775
5.7815,17.0587245775
5.782,17.0587245775
5.7825,17.0587245775
5.783,17.0587245775
5.7835,17.0587245775
5.784,17.0587245775
5.7845,17.0587245775
5.785,17.0587245775
5.7855,17.0587245775
5.786,17.0587245775
5.7865,17.0587245775
5.787,17.0587245775
5.7875,24.0735272075
5.788,24.0735272075
5.7885,17.0587245775
5.789,24.0735272075
5.7895,24.0735272075
5.79,24.0735272075
5.7905,24.0735272075
5.791,24.0735272075
5.7915,24.0735272075
5.792,24.0735272075
5.7925,24.0735272075
5.793,17.0587245775
5.7935,17.0587245775
5.794,17.0587245775
5.7945,17.0587245775
5.795,17.0587245775
5.7955,24.0735272075
5.796,24.0735272075
5.7965,24.0735272075
5.797,24.0735272075
5.7975,24.0735272075
5.798,24.0735272075
5.7985,24.0735272075
5.799,24.0735272075
5.7995,17.0587245775
5.8,24.0735272075
5.8005,17.0587245775
5.801,17.0587245775
5.8015,17.0587245775
5.802,17.0587245775
5.8025,17.0587245775
5.803,17.0587245775
5.8035,17.0587245775
5.804,17.0587245775
5.8045,17.0587245775
5.805,17.0587245775
5.8055,17.0587245775
5.806,17.0587245775
5.8065,17.0587245775
5.807,17.0587245775
5.8075,17.0587245775
5.808,17.0587245775
5.8085,17.0587245775
5.809,17.0587245775
5.8095,17.0587245775
5.81,17.0587245775
5.8105,17.0587245775
5.811,17.0587245775
5.8115,17.0587245775
5.812,17.0587245775
5.8125,17.0587245775
5.813,17.0587245775
5.8135,17.0587245775
5.814,17.0587245775
5.8145,17.0587245775
5.815,17.0587245775
5.8155,17.0587245775
5.816,17.0587245775
5.8165,17.0587245775
5.817,17.0587245775
5.8175,17.0587245775
5.818,17.0587245775
5.8185,17.0587245775
5.819,17.0587245775
5.8195,17.0587245775
5.82,17.0587245775
5.8205,17.0587245775
5.821,17.0587245775
5.8215,17.0587245775
5.822,17.0587245775
5.8225,17.0587245775
5.823,17.0587245775
5.8235,17.0587245775
5.824,17.0587245775
5.8245,17.0587245775
5.825,17.0587245775
5.8255,17.0587245775
5.826,17.0587245775
5.8265,17.0587245775
5.827,17.0587245775
5.8275,17.0587245775
5.828,17.0587245775
5.8285,17.0587245775
5.829,17.0587245775
5.8295,17.0587245775
5.83,17.0587245775
5.8305,17.0587245775
5.831,17.0587245775
5.8315,17.0587245775
5.832,17.0587245775
5.8325,17.0587245775
5.833,17.0587245775
5.8335,17.0587245775
5.834,17.0587245775
5.8345,17.0587245775
5.835,17.0587245775
5.8355,17.0587245775
5.836,17.0587245775
5.8365,17.0587245775
5.837,17.0587245775
5.8375,17.0587245775
5.838,17.0587245775
5.8385,17.0587245775
5.839,17.0587245775
5.8395,17.0587245775
5.84,17.0587245775
5.8405,17.0587245775
5.841,17.0587245775
5.8415,17.0587245775
5.842,17.0587245775
5.8425,17.0587245775
5.843,17.0587245775
5.8435,17.0587245775
5.844,17.0587245775
5.8445,17.0587245775
5.845,17.0587245775
5.8455,16.739869912499998
5.846,16.739869912499998
5.8465,16.739869912499998
5.847,23.754672542499996
5.8475,16.739869912499998
5.848,16.739869912499998
5.8485,16.739869912499998
5.849,16.739869912499998
5.8495,16.739869912499998
5.85,16.739869912499998
5.8505,16.739869912499998
5.851,16.739869912499998
5.8515,16.739869912499998
5.852,16.739869912499998
5.8525,16.739869912499998
5.853,16.739869912499998
5.8535,16.739869912499998
5.854,16.739869912499998
5.8545,16.739869912499998
5.855,16.739869912499998
5.8555,16.739869912499998
5.856,16.739869912499998
5.8565,16.739869912499998
5.857,16.739869912499998
5.8575,16.739869912499998
5.858,16.739869912499998
5.8585,16.739869912499998
5.859,16.739869912499998
5.8595,16.739869912499998
5.86,16.739869912499998
5.8605,16.739869912499998
5.861,16.739869912499998
5.8615,16.739869912499998
5.862,16.739869912499998
5.8625,16.739869912499998
5.863,16.739869912499998
5.8635,16.739869912499998
5.864,23.754672542499996
5.8645,23.754672542499996
5.865,16.4210152475
5.8655,16.4210152475
5.866,16.4210152475
5.8665,16.4210152475
5.867,16.4210152475
5.8675,16.4210152475
5.868,16.4210152475
5.8685,23.754672542499996
5.869,23.754672542499996
5.8695,23.754672542499996
5.87,23.754672542499996
5.8705,16.739869912499998
5.871,16.739869912499998
5.8715,16.739869912499998
5.872,23.754672542499996
5.8725,23.754672542499996
5.873,23.754672542499996
5.8735,23.754672542499996
5.874,23.754672542499996
5.8745,23.754672542499996
5.875,23.754672542499996
5.8755,23.754672542499996
5.876,23.754672542499996
5.8765,23.754672542499996
5.877,23.754672542499996
5.8775,23.754672542499996
5.878,23.754672542499996
5.8785,23.754672542499996
5.879,23.754672542499996
5.8795,23.754672542499996
5.88,23.754672542499996
5.8805,23.754672542499996
5.881,23.754672542499996
5.8815,16.4210152475
5.882,16.4210152475
5.8825,16.4210152475
5.883,16.4210152475
5.8835,16.4210152475
5.884,16.4210152475
5.8845,16.4210152475
5.885,16.4210152475
5.8855,16.4210152475
5.886,16.4210152475
5.8865,16.4210152475
5.887,16.4210152475
5.8875,16.4210152475
5.888,16.4210152475
5.8885,16.4210152475
5.889,16.4210152475
5.8895,16.4210152475
5.89,16.4210152475
5.8905,16.4210152475
5.891,16.4210152475
5.8915,16.4210152475
5.892,16.4210152475
5.8925,16.4210152475
5.893,16.4210152475
5.8935,16.4210152475
5.894,16.4210152475
5.8945,16.4210152475
5.895,16.4210152475
5.8955,16.4210152475
5.896,16.4210152475
5.8965,16.4210152475
5.897,16.4210152475
5.8975,16.4210152475
5.898,16.4210152475
5.8985,16.4210152475
5.899,16.4210152475
5.8995,16.4210152475
5.9,16.4210152475
5.9005,16.4210152475
5.901,16.4210152475
5.9015,16.4210152475
5.902,16.4210152475
5.9025,16.4210152475
5.903,16.4210152475
5.9035,16.4210152475
5.904,16.4210152475
5.9045,16.4210152475
5.905,16.4210152475
5.9055,16.4210152475
5.906,16.4210152475
5.9065,16.4210152475
5.907,16.4210152475
5.9075,16.4210152475
5.908,16.4210152475
5.9085,16.4210152475
5.909,16.4210152475
5.9095,16.4210152475
5.91,16.4210152475
5.9105,16.4210152475
5.911,16.4210152475
5.9115,16.4210152475
5.912,16.4210152475
5.9125,16.4210152475
5.913,16.4210152475
5.9135,16.4210152475
5.914,16.4210152475
5.9145,16.4210152475
5.915,16.4210152475
5.9155,16.4210152475
5.916,16.4210152475
5.9165,16.4210152475
5.917,16.4210152475
5.9175,16.4210152475
5.918,16.4210152475
5.9185,16.4210152475
5.919,16.4210152475
5.9195,16.4210152475
5.92,16.4210152475
5.9205,16.4210152475
5.921,16.4210152475
5.9215,16.4210152475
5.922,16.4210152475
5.9225,16.4210152475
5.923,16.4210152475
5.9235,16.4210152475
5.924,16.4210152475
5.9245,16.4210152475
5.925,16.4210152475
5.9255,16.4210152475
5.926,16.4210152475
5.9265,16.4210152475
5.927,16.4210152475
5.9275,16.4210152475
5.928,16.4210152475
5.9285,16.4210152475
5.929,16.4210152475
5.9295,16.4210152475
5.93,16.4210152475
5.9305,16.4210152475
5.931,16.4210152475
5.9315,16.4210152475
5.932,16.4210152475
5.9325,16.4210152475
5.933,16.4210152475
5.9335,16.4210152475
5.934,16.4210152475
5.9345,16.4210152475
5.935,16.4210152475
5.9355,16.4210152475
5.936,16.4210152475
5.9365,16.4210152475
5.937,16.4210152475
5.9375,16.4210152475
5.938,16.4210152475
5.9385,16.4210152475
5.939,16.4210152475
5.9395,16.4210152475
5.94,16.4210152475
5.9405,16.4210152475
5.941,16.4210152475
5.9415,16.4210152475
5.942,16.4210152475
5.9425,16.4210152475
5.943,16.4210152475
5.9435,16.4210152475
5.944,16.4210152475
5.9445,16.4210152475
5.945,16.4210152475
5.9455,16.4210152475
5.946,16.4210152475
5.9465,16.4210152475
5.947,16.4210152475
5.9475,16.4210152475
5.948,16.4210152475
5.9485,16.4210152475
5.949,16.4210152475
5.9495,16.4210152475
5.95,16.4210152475
5.9505,16.4210152475
5.951,16.4210152475
5.9515,16.4210152475
5.952,16.4210152475
5.9525,16.4210152475
5.953,16.4210152475
5.9535,16.4210152475
5.954,16.4210152475
5.9545,16.4210152475
5.955,16.4210152475
5.9555,16.4210152475
5.956,16.4210152475
5.9565,16.4210152475
5.957,16.4210152475
5.9575,16.4210152475
5.958,16.4210152475
5.9585,16.4210152475
5.959,16.4210152475
5.9595,16.4210152475
5.96,16.4210152475
5.9605,16.4210152475
5.961,16.4210152475
5.9615,16.4210152475
5.962,16.4210152475
5.9625,16.4210152475
5.963,16.4210152475
5.9635,16.4210152475
5.964,16.4210152475
5.9645,16.4210152475
5.965,16.4210152475
5.9655,16.4210152475
5.966,16.4210152475
5.9665,16.4210152475
5.967,16.4210152475
5.9675,16.4210152475
5.968,16.4210152475
5.9685,16.4210152475
5.969,16.4210152475
5.9695,16.4210152475
5.97,16.4210152475
5.9705,23.4358178775
5.971,23.4358178775
5.9715,23.4358178775
5.972,23.4358178775
5.9725,23.4358178775
5.973,23.4358178775
5.9735,23.4358178775
5.974,23.4358178775
5.9745,23.4358178775
5.975,23.4358178775
5.9755,23.4358178775
5.976,23.4358178775
5.9765,23.4358178775
5.977,23.4358178775
5.9775,23.4358178775
5.978,23.4358178775
5.9785,23.4358178775
5.979,23.4358178775
5.9795,23.4358178775
5.98,23.4358178775
5.9805,23.4358178775
5.981,23.4358178775
5.9815,23.4358178775
5.982,23.4358178775
5.9825,23.4358178775
5.983,23.4358178775
5.9835,23.4358178775
5.984,23.4358178775
5.9845,23.4358178775
5.985,23.4358178775
5.9855,23.4358178775
5.986,23.4358178775
5.9865,23.4358178775
5.987,23.4358178775
5.9875,23.4358178775
5.988,23.4358178775
5.9885,23.4358178775
5.989,23.4358178775
5.9895,23.4358178775
5.99,23.4358178775
5.9905,23.4358178775
5.991,23.4358178775
5.9915,23.4358178775
5.992,23.4358178775
5.9925,23.4358178775
5.993,23.4358178775
5.9935,23.4358178775
5.994,23.4358178775
5.9945,23.4358178775
5.995,23.4358178775
5.9955,23.4358178775
5.996,23.4358178775
5.9965,23.4358178775
5.997,23.4358178775
5.9975,23.4358178775
5.998,23.4358178775
5.9985,23.4358178775
5.999,23.4358178775
5.9995,16.4210152475
6.0,16.4210152475
